"candidate_id","H","G_config","lambda_l1_penalty","fold","total_loglik","n_test_entries","mean_loglik","accuracy","brier","training_fit_converged","heldout_factor_failures","fit_seconds","evaluation_seconds","error"
"H2_G1-2_lambda0",2,"1,2",0,1,-13004.5447246208,32025,-0.406074776725082,0.852365339578454,0.10742792029223,TRUE,0,28.829,0.298000000000002,""
"H2_G1-2_lambda0",2,"1,2",0,2,-9929.70830362473,32025,-0.310061149215448,0.876377829820453,0.0906669305020598,TRUE,0,24.687,0.814,""
"H2_G1-2_lambda0",2,"1,2",0,3,-11496.9447494518,30744,-0.373957349383679,0.843449128285194,0.110920964560648,TRUE,0,24.498,0.620000000000001,""
"H2_G1-2_lambda0",2,"1,2",0,4,-9846.83626493114,30744,-0.32028481215623,0.87047879260994,0.0943455254198289,TRUE,0,23.191,0.899999999999999,""
"H2_G1-2_lambda0",2,"1,2",0,5,-10432.5167587482,30744,-0.339335049399823,0.866803278688525,0.0972903670700742,TRUE,0,25.072,0.737000000000002,""
"H2_G1-2_lambda1",2,"1,2",1,1,-11227.8477996795,32025,-0.350596340349086,0.853957845433255,0.104775102571253,TRUE,0,26.196,0.433,""
"H2_G1-2_lambda1",2,"1,2",1,2,-9557.60335551834,32025,-0.298441947088785,0.878345042935207,0.089729842710889,TRUE,0,24.908,0.784000000000002,""
"H2_G1-2_lambda1",2,"1,2",1,3,-10881.7684437833,30744,-0.353947711546424,0.843188914910226,0.109897929261193,TRUE,0,26.051,0.458000000000002,""
"H2_G1-2_lambda1",2,"1,2",1,4,-9416.99614300304,30744,-0.306303543553313,0.872527972937809,0.0928471773509266,TRUE,0,25.164,0.516000000000002,""
"H2_G1-2_lambda1",2,"1,2",1,5,-9718.39975633297,30744,-0.316107199984809,0.868234452250846,0.0955500768977787,TRUE,0,25.311,0.594999999999999,""
"H2_G1-2_lambda12",2,"1,2",12,1,-11151.9665325508,32025,-0.348226901875121,0.846276346604215,0.108802975820633,TRUE,0,27.273,0.331,""
"H2_G1-2_lambda12",2,"1,2",12,2,-9564.43832024269,32025,-0.29865537299743,0.879032006245121,0.0903917237087853,TRUE,0,26.864,0.393999999999998,""
"H2_G1-2_lambda12",2,"1,2",12,3,-10788.3139244542,30744,-0.350907947061352,0.841172261254229,0.110628707222149,TRUE,0,27.181,0.324999999999999,""
"H2_G1-2_lambda12",2,"1,2",12,4,-9489.8152830165,30744,-0.308672107826454,0.87187743950039,0.0942010943078716,TRUE,0,26.765,0.299,""
"H2_G1-2_lambda12",2,"1,2",12,5,-9726.96202285578,30744,-0.316385702018468,0.865794951860526,0.0971402925945937,TRUE,0,27.987,0.206,""
"H2_G1-2_lambda2",2,"1,2",2,1,-11045.576666681,32025,-0.344904813947885,0.853364558938329,0.104716162175941,TRUE,0,26.82,0.394000000000002,""
"H2_G1-2_lambda2",2,"1,2",2,2,-9488.50402161811,32025,-0.296284278582923,0.87928181108509,0.0894724118890775,TRUE,0,25.966,0.390999999999998,""
"H2_G1-2_lambda2",2,"1,2",2,3,-10692.9435493089,30744,-0.347805866162794,0.844294821753838,0.109167394580715,TRUE,0,25.176,0.498000000000001,""
"H2_G1-2_lambda2",2,"1,2",2,4,-9356.65126061938,30744,-0.304340725364929,0.872593026281551,0.0926638699335081,TRUE,0,25.425,0.581000000000003,""
"H2_G1-2_lambda2",2,"1,2",2,5,-9582.12105648947,30744,-0.311674507432002,0.869600572469425,0.0950711991202518,TRUE,0,26.022,0.439999999999998,""
"H2_G1-2_lambda4",2,"1,2",4,1,-10928.9842426123,32025,-0.341264144968379,0.851209992193599,0.10549856534971,TRUE,0,28.175,0.303999999999995,""
"H2_G1-2_lambda4",2,"1,2",4,2,-9447.87844423463,32025,-0.295015720350808,0.880780640124902,0.0893765913702891,TRUE,0,24.956,0.560000000000002,""
"H2_G1-2_lambda4",2,"1,2",4,3,-10593.5692961806,30744,-0.344573552438868,0.844977881863128,0.108767026332284,TRUE,0,24.316,0.744,""
"H2_G1-2_lambda4",2,"1,2",4,4,-9298.34465503781,30744,-0.302444205537269,0.872723132969035,0.0925000855493186,TRUE,0,23.624,0.774000000000001,""
"H2_G1-2_lambda4",2,"1,2",4,5,-9515.14300720718,30744,-0.309495934400442,0.868494665625813,0.0949878053322371,TRUE,0,25.842,0.576999999999998,""
"H2_G1-2_lambda8",2,"1,2",8,1,-11002.2132241062,32025,-0.343550764218772,0.849461358313817,0.107160228506405,TRUE,0,28.122,0.241999999999997,""
"H2_G1-2_lambda8",2,"1,2",8,2,-9472.48076656594,32025,-0.295783942749912,0.879718969555035,0.0897957220452956,TRUE,0,26.996,0.381,""
"H2_G1-2_lambda8",2,"1,2",8,3,-10655.7274260534,30744,-0.346595349533354,0.841952901379131,0.109548389275913,TRUE,0,27.626,0.311,""
"H2_G1-2_lambda8",2,"1,2",8,4,-9376.72472205775,30744,-0.304993648258449,0.872267759562842,0.0933420575615798,TRUE,0,27.301,0.32,""
"H2_G1-2_lambda8",2,"1,2",8,5,-9567.82695642061,30744,-0.311209567929372,0.867876658860265,0.0952839016490441,TRUE,0,30.346,0.248999999999995,""
"H2_G1-3_lambda0",2,"1,3",0,1,-13065.180318668,32025,-0.407968159833505,0.852177985948478,0.107954173044083,TRUE,0,29.812,0.304000000000002,""
"H2_G1-3_lambda0",2,"1,3",0,2,-9946.47077947045,32025,-0.310584567664963,0.876128024980484,0.0906856439980219,TRUE,0,26.118,0.530000000000001,""
"H2_G1-3_lambda0",2,"1,3",0,3,-11504.2812359063,30744,-0.37419598087127,0.843449128285194,0.110920007793913,TRUE,0,25.895,0.566000000000003,""
"H2_G1-3_lambda0",2,"1,3",0,4,-9846.83685070219,30744,-0.320284831209413,0.87047879260994,0.0943455401582522,TRUE,0,24.548,0.712000000000003,""
"H2_G1-3_lambda0",2,"1,3",0,5,-10481.2909822704,30744,-0.34092151256409,0.86699843871975,0.09740621160429,TRUE,0,26.398,0.445999999999998,""
"H2_G1-3_lambda1",2,"1,3",1,1,-11227.8517931789,32025,-0.350596465048521,0.854426229508197,0.104671896396955,TRUE,0,27.299,0.392000000000003,""
"H2_G1-3_lambda1",2,"1,3",1,2,-9557.83493827608,32025,-0.298449178400502,0.878407494145199,0.0897252560167894,TRUE,0,26.559,0.686999999999998,""
"H2_G1-3_lambda1",2,"1,3",1,3,-10884.7957437034,30744,-0.354046179537581,0.843221441582097,0.109904877187687,TRUE,0,26.743,0.61699999999999,""
"H2_G1-3_lambda1",2,"1,3",1,4,-9415.44646076167,30744,-0.306253137547543,0.87256049960968,0.0928428740400989,TRUE,0,27.078,0.525999999999996,""
"H2_G1-3_lambda1",2,"1,3",1,5,-9718.44442352011,30744,-0.316108652859749,0.868234452250846,0.0955495611098766,TRUE,0,27.37,0.382000000000005,""
"H2_G1-3_lambda12",2,"1,3",12,1,-11154.4163446133,32025,-0.3483033987389,0.846370023419204,0.108813102697439,TRUE,0,28.03,0.337999999999994,""
"H2_G1-3_lambda12",2,"1,3",12,2,-9563.59831547925,32025,-0.298629143340492,0.878938329430133,0.0903811939744057,TRUE,0,28.136,0.253,""
"H2_G1-3_lambda12",2,"1,3",12,3,-10782.5161992142,30744,-0.350719366354874,0.841074681238616,0.110556402178065,TRUE,0,28.288,0.269000000000005,""
"H2_G1-3_lambda12",2,"1,3",12,4,-9489.60548102082,30744,-0.308665283665783,0.871584699453552,0.0941836132352937,TRUE,0,27.907,0.337000000000003,""
"H2_G1-3_lambda12",2,"1,3",12,5,-9726.34406796456,30744,-0.31636560200249,0.865860005204268,0.0971374714909965,TRUE,0,29.111,0.244,""
"H2_G1-3_lambda2",2,"1,3",2,1,-11044.5426115557,32025,-0.344872524950997,0.853302107728337,0.104731344953315,TRUE,0,28.169,0.322000000000003,""
"H2_G1-3_lambda2",2,"1,3",2,2,-9489.63468082782,32025,-0.296319584100791,0.879344262295082,0.089468887627403,TRUE,0,27.401,0.453000000000003,""
"H2_G1-3_lambda2",2,"1,3",2,3,-10695.1033749455,30744,-0.347876118102571,0.844132188394483,0.109179525190694,TRUE,0,26.387,0.659999999999997,""
"H2_G1-3_lambda2",2,"1,3",2,4,-9336.81518285337,30744,-0.303695523772228,0.872853239656518,0.0925180509699589,TRUE,0,27.068,0.516000000000005,""
"H2_G1-3_lambda2",2,"1,3",2,5,-9582.14321486433,30744,-0.31167522817019,0.869665625813167,0.0950705347558983,TRUE,0,27.451,0.425000000000011,""
"H2_G1-3_lambda4",2,"1,3",4,1,-10922.4283464557,32025,-0.341059433144595,0.851709601873536,0.10521328556803,TRUE,0,25.987,0.739000000000004,""
"H2_G1-3_lambda4",2,"1,3",4,2,-9454.7630567231,32025,-0.295230696540924,0.880905542544887,0.0893783211104752,TRUE,0,25.524,0.742000000000004,""
"H2_G1-3_lambda4",2,"1,3",4,3,-10595.3632222729,30744,-0.344631902884235,0.844750195160031,0.108781202902391,TRUE,0,25.83,0.734999999999999,""
"H2_G1-3_lambda4",2,"1,3",4,4,-9298.11357983055,30744,-0.302436689429825,0.872885766328389,0.092499514907074,TRUE,0,25.061,0.804000000000002,""
"H2_G1-3_lambda4",2,"1,3",4,5,-9515.18388296519,30744,-0.30949726395281,0.868527192297684,0.09498832031432,TRUE,0,27.005,0.64200000000001,""
"H2_G1-3_lambda8",2,"1,3",8,1,-11005.6371645114,32025,-0.343657678829396,0.849242779078845,0.107184605698656,TRUE,0,29.503,0.272000000000006,""
"H2_G1-3_lambda8",2,"1,3",8,2,-9481.88267183244,32025,-0.296077522929975,0.879781420765027,0.0897109949656699,TRUE,0,28.37,0.469999999999999,""
"H2_G1-3_lambda8",2,"1,3",8,3,-10657.851907292,30744,-0.346664451837497,0.842083008066615,0.10953596952177,TRUE,0,28.638,0.391000000000005,""
"H2_G1-3_lambda8",2,"1,3",8,4,-9380.12743866068,30744,-0.305104327304862,0.872332812906583,0.0933346941747062,TRUE,0,28.383,0.459000000000003,""
"H2_G1-3_lambda8",2,"1,3",8,5,-9584.0937531528,30744,-0.311738672689071,0.866835805360396,0.0959171721683454,TRUE,0,29.503,0.218000000000004,""
"H2_G2-2_lambda0",2,"2,2",0,1,-13198.3690227423,32025,-0.412127057696871,0.851615925058548,0.108413574334237,TRUE,0,30.599,0.268000000000001,""
"H2_G2-2_lambda0",2,"2,2",0,2,-9943.94280378042,32025,-0.310505630094627,0.876065573770492,0.0906631666726024,TRUE,0,30.376,0.319999999999993,""
"H2_G2-2_lambda0",2,"2,2",0,3,-11528.5147880807,30744,-0.374984217671113,0.843091334894614,0.111054133189499,TRUE,0,26.392,0.779999999999987,""
"H2_G2-2_lambda0",2,"2,2",0,4,-9845.46279555037,30744,-0.320240137768357,0.870446265938069,0.0942614548501176,TRUE,0,25.125,0.856000000000009,""
"H2_G2-2_lambda0",2,"2,2",0,5,-10460.4694210466,30744,-0.340244256474324,0.86732370543846,0.0972780275869008,TRUE,0,27.163,0.661000000000001,""
"H2_G2-2_lambda1",2,"2,2",1,1,-11234.1293821679,32025,-0.350792486562621,0.854613583138173,0.104709187045361,TRUE,0,27.972,0.465000000000003,""
"H2_G2-2_lambda1",2,"2,2",1,2,-9567.23546620469,32025,-0.298742715572356,0.878188914910226,0.0897527501850249,TRUE,0,27.009,0.710000000000008,""
"H2_G2-2_lambda1",2,"2,2",1,3,-10881.9221643691,30744,-0.35395271156548,0.843188914910226,0.109903696384655,TRUE,0,27.384,0.593000000000004,""
"H2_G2-2_lambda1",2,"2,2",1,4,-9457.1415237851,30744,-0.307609339181144,0.872105126203487,0.0931918022287938,TRUE,0,26.546,0.733999999999995,""
"H2_G2-2_lambda1",2,"2,2",1,5,-9715.60468200693,30744,-0.316016285519351,0.869275305750716,0.0954697562433426,TRUE,0,27.372,0.572000000000003,""
"H2_G2-2_lambda12",2,"2,2",12,1,-11217.1979410133,32025,-0.350263792069112,0.845245901639344,0.109414948986125,TRUE,0,29.007,0.297000000000011,""
"H2_G2-2_lambda12",2,"2,2",12,2,-9572.32233773991,32025,-0.29890155621358,0.878844652615144,0.0904686017003754,TRUE,0,28.864,0.306000000000012,""
"H2_G2-2_lambda12",2,"2,2",12,3,-10805.1154256509,30744,-0.351454443977716,0.84192037470726,0.110688050967203,TRUE,0,29.761,0.424999999999983,""
"H2_G2-2_lambda12",2,"2,2",12,4,-9505.71443186751,30744,-0.309189254224158,0.871422066094197,0.0942335197533383,TRUE,0,29.458,0.563000000000017,""
"H2_G2-2_lambda12",2,"2,2",12,5,-9713.76197877803,30744,-0.315956348516069,0.866315378610461,0.0968096428314713,TRUE,0,30.949,0.394999999999982,""
"H2_G2-2_lambda2",2,"2,2",2,1,-11031.5454468312,32025,-0.34446668061924,0.853145979703357,0.104727435054065,TRUE,0,29.169,0.731999999999999,""
"H2_G2-2_lambda2",2,"2,2",2,2,-9488.78476093358,32025,-0.296293044837895,0.879000780640125,0.0894692916117978,TRUE,0,27.296,0.72999999999999,""
"H2_G2-2_lambda2",2,"2,2",2,3,-10690.4201417136,30744,-0.347723788111944,0.844197241738225,0.109189773004155,TRUE,0,27.177,0.864000000000004,""
"H2_G2-2_lambda2",2,"2,2",2,4,-9342.49104705396,30744,-0.303880140744664,0.872755659640906,0.0925589271266592,TRUE,0,26.954,0.766999999999996,""
"H2_G2-2_lambda2",2,"2,2",2,5,-9575.34275154896,30744,-0.311454031731361,0.869730679156909,0.0949500724702798,TRUE,0,27.53,0.676999999999992,""
"H2_G2-2_lambda4",2,"2,2",4,1,-10928.4079132869,32025,-0.341246148736516,0.851209992193599,0.105541011742748,TRUE,0,30.953,0.433999999999997,""
"H2_G2-2_lambda4",2,"2,2",4,2,-9422.9389349769,32025,-0.29423696908593,0.881155347384856,0.0892813675748763,TRUE,0,30.676,0.480999999999995,""
"H2_G2-2_lambda4",2,"2,2",4,3,-10584.1408787041,30744,-0.344266877397348,0.844099661722613,0.108760060025841,TRUE,0,30.958,0.407999999999987,""
"H2_G2-2_lambda4",2,"2,2",4,4,-9291.80159036025,30744,-0.302231381419472,0.87291829300026,0.09246439753795,TRUE,0,30.427,0.480999999999995,""
"H2_G2-2_lambda4",2,"2,2",4,5,-9501.18258505695,30744,-0.309041848329981,0.869015092375748,0.0947919890977217,TRUE,0,31.422,0.254999999999995,""
"H2_G2-2_lambda8",2,"2,2",8,1,-11079.5807614844,32025,-0.345966612380465,0.847400468384075,0.108002642688821,TRUE,0,33.208,0.259999999999991,""
"H2_G2-2_lambda8",2,"2,2",8,2,-9470.40033162524,32025,-0.295718979910234,0.87943793911007,0.0898895339918673,TRUE,0,32.155,0.342000000000013,""
"H2_G2-2_lambda8",2,"2,2",8,3,-10668.0266317857,30744,-0.346995401762481,0.842570908144679,0.109623814502945,TRUE,0,33.045,0.260999999999996,""
"H2_G2-2_lambda8",2,"2,2",8,4,-9378.31234153859,30744,-0.305045288236358,0.871812386156648,0.0933111562871849,TRUE,0,32.498,0.285000000000025,""
"H2_G2-2_lambda8",2,"2,2",8,5,-9572.18013966543,30744,-0.31135116249237,0.867616445485298,0.0956200077843244,TRUE,0,33.671,0.254999999999995,""
"H2_G2-3_lambda0",2,"2,3",0,1,-13195.3573111924,32025,-0.412033015181653,0.851865729898517,0.108434839151442,TRUE,0,31.877,0.375,""
"H2_G2-3_lambda0",2,"2,3",0,2,-9944.31295539435,32025,-0.310517188302712,0.8760031225605,0.0906636371502915,TRUE,0,31.062,0.431999999999988,""
"H2_G2-3_lambda0",2,"2,3",0,3,-11541.0407970317,30744,-0.375391647054114,0.843286494925839,0.111053293429147,TRUE,0,25.696,0.979000000000013,""
"H2_G2-3_lambda0",2,"2,3",0,4,-9943.24892980166,30744,-0.323420795270676,0.869828259172521,0.0946846445478909,TRUE,0,29.964,0.378999999999991,""
"H2_G2-3_lambda0",2,"2,3",0,5,-10460.6433566812,30744,-0.340249914021638,0.86735623211033,0.0972745022565909,TRUE,0,26.51,0.638999999999982,""
"H2_G2-3_lambda1",2,"2,3",1,1,-11237.241457724,32025,-0.350889663004654,0.854301327088212,0.104656216381305,TRUE,0,31.738,0.336999999999989,""
"H2_G2-3_lambda1",2,"2,3",1,2,-9566.82416333045,32025,-0.298729872391271,0.878064012490242,0.0897520999652617,TRUE,0,27.428,0.713999999999999,""
"H2_G2-3_lambda1",2,"2,3",1,3,-10874.3005361179,30744,-0.35370480536423,0.843221441582097,0.109830419425885,TRUE,0,31.467,0.309000000000026,""
"H2_G2-3_lambda1",2,"2,3",1,4,-9450.52807574464,30744,-0.307394225726797,0.872235232890971,0.0931351589292427,TRUE,0,27.319,0.695999999999998,""
"H2_G2-3_lambda1",2,"2,3",1,5,-9715.8129730764,30744,-0.316023060534622,0.869242779078845,0.0954688150317169,TRUE,0,28.12,0.435000000000002,""
"H2_G2-3_lambda12",2,"2,3",12,1,-11217.1654439662,32025,-0.350262777329156,0.845245901639344,0.109414744693075,TRUE,0,28.625,0.489000000000004,""
"H2_G2-3_lambda12",2,"2,3",12,2,-9572.14078630705,32025,-0.298895887160251,0.878844652615144,0.090467007565829,TRUE,0,29.251,0.373999999999995,""
"H2_G2-3_lambda12",2,"2,3",12,3,-10805.1068890909,30744,-0.351454166311828,0.84192037470726,0.11068802346415,TRUE,0,28.77,0.447000000000003,""
"H2_G2-3_lambda12",2,"2,3",12,4,-9505.68645514221,30744,-0.309188344234394,0.871454592766068,0.0942336341547828,TRUE,0,29.262,0.36099999999999,""
"H2_G2-3_lambda12",2,"2,3",12,5,-9716.38353616477,30744,-0.316041619052979,0.866445485297944,0.0968193736310068,TRUE,0,47.134,0.262,""
"H2_G2-3_lambda2",2,"2,3",2,1,-11031.8369877561,32025,-0.344475784161001,0.853114754098361,0.104721116851743,TRUE,0,28.595,0.506999999999977,""
"H2_G2-3_lambda2",2,"2,3",2,2,-9485.25899528667,32025,-0.296182950672496,0.87928181108509,0.0894345247050988,TRUE,0,30.952,0.408000000000015,""
"H2_G2-3_lambda2",2,"2,3",2,3,-10689.4359194072,30744,-0.347691774635935,0.844197241738225,0.109178553035336,TRUE,0,26.498,0.746000000000009,""
"H2_G2-3_lambda2",2,"2,3",2,4,-9336.38156748948,30744,-0.303681419707568,0.873113453031486,0.0925052670956248,TRUE,0,35.638,0.259000000000015,""
"H2_G2-3_lambda2",2,"2,3",2,5,-9575.34817686531,30744,-0.311454208198846,0.869600572469425,0.0949481135118806,TRUE,0,27.956,0.746000000000009,""
"H2_G2-3_lambda4",2,"2,3",4,1,-10928.110320487,32025,-0.341236856221295,0.851241217798595,0.105539148835936,TRUE,0,31.454,0.504000000000019,""
"H2_G2-3_lambda4",2,"2,3",4,2,-9423.1183586642,32025,-0.294242571699116,0.881030444964871,0.0892806208536559,TRUE,0,31.506,0.49199999999999,""
"H2_G2-3_lambda4",2,"2,3",4,3,-10583.4304560277,30744,-0.344243769712064,0.844067135050742,0.108749325699693,TRUE,0,31.239,0.534999999999997,""
"H2_G2-3_lambda4",2,"2,3",4,4,-9291.67686384602,30744,-0.30222732448107,0.872950819672131,0.0924630761229942,TRUE,0,31.076,0.556000000000012,""
"H2_G2-3_lambda4",2,"2,3",4,5,-9500.41525559243,30744,-0.309016889656272,0.868917512360135,0.0947757080125447,TRUE,0,32.586,0.369,""
"H2_G2-3_lambda8",2,"2,3",8,1,-11058.086557939,32025,-0.345295442870852,0.847900078064012,0.107751267919185,TRUE,0,30.933,0.572000000000003,""
"H2_G2-3_lambda8",2,"2,3",8,2,-9469.92181995857,32025,-0.295704038093944,0.87943793911007,0.0898846175424072,TRUE,0,33.412,0.34899999999999,""
"H2_G2-3_lambda8",2,"2,3",8,3,-10667.9706199435,30744,-0.346993579883668,0.842570908144679,0.109623366957751,TRUE,0,33.981,0.280000000000001,""
"H2_G2-3_lambda8",2,"2,3",8,4,-9378.31117335368,30744,-0.305045250239191,0.871812386156648,0.0933108061200461,TRUE,0,33.852,0.275000000000006,""
"H2_G2-3_lambda8",2,"2,3",8,5,-9575.11496633475,30744,-0.311446622636441,0.867616445485298,0.0956293301954476,TRUE,0,39.117,0.238,""
"H2_G3-3_lambda0",2,"3,3",0,1,-13196.7820051621,32025,-0.41207750211279,0.851834504293521,0.108441031715586,TRUE,0,34.031,0.344999999999999,""
"H2_G3-3_lambda0",2,"3,3",0,2,-9963.59384275011,32025,-0.311119245675257,0.875940671350507,0.0906998965838644,TRUE,0,33.21,0.406999999999982,""
"H2_G3-3_lambda0",2,"3,3",0,3,-11534.4526925665,30744,-0.375177357941922,0.843253968253968,0.111005736435599,TRUE,0,27.793,0.836000000000013,""
"H2_G3-3_lambda0",2,"3,3",0,4,-9943.89293341245,30744,-0.323441742564808,0.869795732500651,0.0946853099504527,TRUE,0,32.064,0.471000000000004,""
"H2_G3-3_lambda0",2,"3,3",0,5,-10460.3604420629,30744,-0.340240711750681,0.86735623211033,0.0972726287567443,TRUE,0,28.353,0.929999999999978,""
"H2_G3-3_lambda1",2,"3,3",1,1,-11232.953967087,32025,-0.350755783515596,0.854457455113193,0.10471135805695,TRUE,0,30.071,0.668999999999983,""
"H2_G3-3_lambda1",2,"3,3",1,2,-9566.06239573567,32025,-0.298706085737258,0.878126463700234,0.0897431253388231,TRUE,0,28.788,0.689000000000021,""
"H2_G3-3_lambda1",2,"3,3",1,3,-10876.9703052918,30744,-0.353791644070121,0.843123861566485,0.109835922835217,TRUE,0,32.08,0.265999999999963,""
"H2_G3-3_lambda1",2,"3,3",1,4,-9448.61979472755,30744,-0.307332155696316,0.872072599531616,0.0931285831680048,TRUE,0,28.806,0.617999999999995,""
"H2_G3-3_lambda1",2,"3,3",1,5,-9715.81305810676,30744,-0.316023063300376,0.869242779078845,0.0954679761107604,TRUE,0,29.025,0.576999999999998,""
"H2_G3-3_lambda12",2,"3,3",12,1,-11219.4572434812,32025,-0.350334340155542,0.845495706479313,0.109422886090351,TRUE,0,28.963,0.561000000000035,""
"H2_G3-3_lambda12",2,"3,3",12,2,-9571.55733831643,32025,-0.29887766864376,0.87871975019516,0.0904589947772643,TRUE,0,29.911,0.387,""
"H2_G3-3_lambda12",2,"3,3",12,3,-10799.9807109569,30744,-0.351287428797715,0.841627634660422,0.11061756816998,TRUE,0,29.561,0.408999999999992,""
"H2_G3-3_lambda12",2,"3,3",12,4,-9504.81261827875,30744,-0.309159921229467,0.871064272703617,0.0942181517809544,TRUE,0,29.569,0.423000000000002,""
"H2_G3-3_lambda12",2,"3,3",12,5,-9716.26807136409,30744,-0.316037863367294,0.866412958626073,0.0968192630052569,FALSE,0,41.35,0.257000000000005,""
"H2_G3-3_lambda2",2,"3,3",2,1,-11031.0251622872,32025,-0.344450434419585,0.852927400468384,0.104734210977707,TRUE,0,30.101,0.329999999999984,""
"H2_G3-3_lambda2",2,"3,3",2,2,-9490.06661896222,32025,-0.296333071630358,0.879000780640125,0.0894635750744441,TRUE,0,28.666,0.684000000000026,""
"H2_G3-3_lambda2",2,"3,3",2,3,-10691.1755107091,30744,-0.347748357751401,0.844197241738225,0.109190271837523,TRUE,0,26.428,0.714999999999975,""
"H2_G3-3_lambda2",2,"3,3",2,4,-9336.95137475374,30744,-0.303699953641483,0.872690606297164,0.0925180840905285,TRUE,0,32.621,0.258000000000038,""
"H2_G3-3_lambda2",2,"3,3",2,5,-9575.38967438304,30744,-0.311455557974988,0.869730679156909,0.0949485913659204,TRUE,0,27.757,0.74799999999999,""
"H2_G3-3_lambda4",2,"3,3",4,1,-10927.1390209581,32025,-0.341206526805875,0.851209992193599,0.105564380438072,TRUE,0,31.222,0.300000000000011,""
"H2_G3-3_lambda4",2,"3,3",4,2,-9433.09801942721,32025,-0.294554192644097,0.881217798594848,0.0892892254449323,TRUE,0,30.796,0.391999999999996,""
"H2_G3-3_lambda4",2,"3,3",4,3,-10585.3574047901,30744,-0.34430644694217,0.844229768410096,0.108770691003978,TRUE,0,30.847,0.375999999999976,""
"H2_G3-3_lambda4",2,"3,3",4,4,-9287.30177882127,30744,-0.302085017526062,0.873113453031486,0.0924066159582347,TRUE,0,25.936,0.790999999999997,""
"H2_G3-3_lambda4",2,"3,3",4,5,-9500.56237204275,30744,-0.309021674864778,0.868917512360135,0.0947776689342759,TRUE,0,36.071,0.449999999999989,""
"H2_G3-3_lambda8",2,"3,3",8,1,-11058.0095496538,32025,-0.345293038240557,0.847900078064012,0.107750755492429,TRUE,0,34.486,0.560000000000002,""
"H2_G3-3_lambda8",2,"3,3",8,2,-9478.50930571563,32025,-0.295972187532104,0.879750195160031,0.0897829704518425,TRUE,0,32.887,0.739000000000033,""
"H2_G3-3_lambda8",2,"3,3",8,3,-10676.5422208313,30744,-0.347272385533155,0.842505854800937,0.109713292457643,TRUE,0,34.222,0.650000000000034,""
"H2_G3-3_lambda8",2,"3,3",8,4,-9380.37753122166,30744,-0.305112461983531,0.871975019516003,0.0933087959897054,TRUE,0,33.414,0.766999999999996,""
"H2_G3-3_lambda8",2,"3,3",8,5,-9576.06903688203,30744,-0.311477655376074,0.867583918813427,0.095634708911287,FALSE,0,59.943,0.213999999999999,""
"H3_G1-2-2_lambda0",3,"1,2,2",0,1,-14436.0075473675,32025,-0.450773069394769,0.858829039812646,0.105300715767769,TRUE,0,50.494,0.449999999999989,""
"H3_G1-2-2_lambda0",3,"1,2,2",0,2,-10567.7464589652,32025,-0.329984276626548,0.876908665105386,0.0909734371767714,TRUE,0,45.001,0.51400000000001,""
"H3_G1-2-2_lambda0",3,"1,2,2",0,3,-12395.9284385558,30744,-0.403198296856486,0.855093676814988,0.104738237181571,TRUE,0,46.505,0.49799999999999,""
"H3_G1-2-2_lambda0",3,"1,2,2",0,4,-10873.6721438493,30744,-0.353684365855104,0.869242779078845,0.0954989173729311,TRUE,0,48.34,0.348000000000013,""
"H3_G1-2-2_lambda0",3,"1,2,2",0,5,-10801.6411021454,30744,-0.351341435797079,0.870934166016133,0.0939288997892119,TRUE,0,50.672,0.430999999999983,""
"H3_G1-2-2_lambda1",3,"1,2,2",1,1,-10886.219764233,32025,-0.339928798258643,0.859297423887588,0.101537360009552,TRUE,0,35.987,0.660000000000025,""
"H3_G1-2-2_lambda1",3,"1,2,2",1,2,-9524.42971572051,32025,-0.297406080116175,0.878750975800156,0.0886718327238193,TRUE,0,33.239,1.19200000000001,""
"H3_G1-2-2_lambda1",3,"1,2,2",1,3,-10374.1724681616,30744,-0.337437303804371,0.855874316939891,0.102425989130689,TRUE,0,35.491,0.497000000000014,""
"H3_G1-2-2_lambda1",3,"1,2,2",1,4,-9408.20873679367,30744,-0.306017718474944,0.87151964610981,0.0926281852364112,TRUE,0,34.211,0.851999999999975,""
"H3_G1-2-2_lambda1",3,"1,2,2",1,5,-9396.49617991786,30744,-0.305636747980675,0.874772313296903,0.0910370435967238,TRUE,0,34.349,0.800000000000011,""
"H3_G1-2-2_lambda12",3,"1,2,2",12,1,-11058.947419589,32025,-0.34532232379669,0.849867291178767,0.107622739158844,TRUE,0,35.251,0.651999999999987,""
"H3_G1-2-2_lambda12",3,"1,2,2",12,2,-9504.24127360028,32025,-0.296775683797042,0.88015612802498,0.0896699848524781,TRUE,0,33.594,0.866000000000042,""
"H3_G1-2-2_lambda12",3,"1,2,2",12,3,-10618.9547961368,30744,-0.345399258266225,0.84715716887848,0.108067399763736,TRUE,0,42.146,0.351999999999975,""
"H3_G1-2-2_lambda12",3,"1,2,2",12,4,-9396.81228791747,30744,-0.305647029921854,0.872007546187874,0.093424003576373,TRUE,0,44.063,0.322000000000003,""
"H3_G1-2-2_lambda12",3,"1,2,2",12,5,-9605.52901841729,30744,-0.312435890528796,0.867811605516524,0.0955519127881762,TRUE,0,33.629,0.45599999999996,""
"H3_G1-2-2_lambda2",3,"1,2,2",2,1,-10679.0622147984,32025,-0.333460178448037,0.859859484777518,0.10147643601307,TRUE,0,35.73,0.510999999999967,""
"H3_G1-2-2_lambda2",3,"1,2,2",2,2,-9386.97625558926,32025,-0.29311401266477,0.880093676814988,0.0882096769296276,TRUE,0,29.782,1.12099999999998,""
"H3_G1-2-2_lambda2",3,"1,2,2",2,3,-10222.8604104813,30744,-0.332515626154089,0.854345563361957,0.102661532452199,TRUE,0,31.212,0.661000000000001,""
"H3_G1-2-2_lambda2",3,"1,2,2",2,4,-9253.44399249222,30744,-0.300983736419861,0.872495446265938,0.0919461559405243,TRUE,0,30.248,0.839999999999975,""
"H3_G1-2-2_lambda2",3,"1,2,2",2,5,-9197.93347985904,30744,-0.299178164190055,0.876496226906063,0.0903665326464318,TRUE,0,29.928,1.06799999999998,""
"H3_G1-2-2_lambda4",3,"1,2,2",4,1,-10613.6362704633,32025,-0.331417213753734,0.85751756440281,0.10225854671938,TRUE,0,37.688,0.305999999999983,""
"H3_G1-2-2_lambda4",3,"1,2,2",4,2,-9328.61373220802,32025,-0.291291607563092,0.881030444964871,0.0881172031250764,TRUE,0,33.502,0.596000000000004,""
"H3_G1-2-2_lambda4",3,"1,2,2",4,3,-10224.7849493461,30744,-0.332578224998247,0.850897736143638,0.103912787041013,TRUE,0,34.502,0.425000000000011,""
"H3_G1-2-2_lambda4",3,"1,2,2",4,4,-9184.75999009135,30744,-0.298749674410986,0.872885766328389,0.091716507519456,TRUE,0,36.522,0.463000000000022,""
"H3_G1-2-2_lambda4",3,"1,2,2",4,5,-9190.35685165844,30744,-0.298931721690686,0.873471246422066,0.0911224383393936,TRUE,0,33.139,0.595000000000027,""
"H3_G1-2-2_lambda8",3,"1,2,2",8,1,-10795.6241715181,32025,-0.337099896066137,0.854020296643247,0.104899272378263,TRUE,0,36.843,0.444000000000017,""
"H3_G1-2-2_lambda8",3,"1,2,2",8,2,-9367.63301590924,32025,-0.292510008303177,0.881124121779859,0.0887211858082218,TRUE,0,30.976,0.82099999999997,""
"H3_G1-2-2_lambda8",3,"1,2,2",8,3,-10459.0350432113,30744,-0.340197600937134,0.847905282331512,0.106811258109065,TRUE,0,39.954,0.34499999999997,""
"H3_G1-2-2_lambda8",3,"1,2,2",8,4,-9274.45096049016,30744,-0.301667023174934,0.872820712984647,0.0923976570583159,TRUE,0,32.585,0.672000000000025,""
"H3_G1-2-2_lambda8",3,"1,2,2",8,5,-9381.40920085593,30744,-0.305146018763203,0.870543845953682,0.0934239727036252,TRUE,0,32.214,0.680000000000007,""
"H3_G1-2-3_lambda0",3,"1,2,3",0,1,-14440.6335024648,32025,-0.450917517641368,0.858922716627635,0.105241647963236,TRUE,0,52.291,0.449999999999989,""
"H3_G1-2-3_lambda0",3,"1,2,3",0,2,-10648.0606262928,32025,-0.332492135091111,0.876409055425449,0.0910527621362878,TRUE,0,50.919,0.460000000000036,""
"H3_G1-2-3_lambda0",3,"1,2,3",0,3,-12376.9386665673,30744,-0.402580622774112,0.855321363518085,0.104664565847621,TRUE,0,47.995,0.538999999999987,""
"H3_G1-2-3_lambda0",3,"1,2,3",0,4,-11020.7158803753,30744,-0.358467209223762,0.868364558938329,0.0962791012260078,TRUE,0,53.893,0.45599999999996,""
"H3_G1-2-3_lambda0",3,"1,2,3",0,5,-10795.6255460125,30744,-0.351145769776623,0.871259432734843,0.093857476070754,TRUE,0,52.42,0.423000000000002,""
"H3_G1-2-3_lambda1",3,"1,2,3",1,1,-10925.9772086401,32025,-0.341170248513353,0.859547228727557,0.101754470103362,TRUE,0,35.057,0.834000000000003,""
"H3_G1-2-3_lambda1",3,"1,2,3",1,2,-9524.42444680863,32025,-0.297405915591214,0.878750975800156,0.0886723567611962,TRUE,0,33.311,1.185,""
"H3_G1-2-3_lambda1",3,"1,2,3",1,3,-10423.3871597311,30744,-0.339038093928281,0.856297163674213,0.102655050256772,TRUE,0,35.054,0.810999999999979,""
"H3_G1-2-3_lambda1",3,"1,2,3",1,4,-9399.83099710825,30744,-0.305745218485176,0.872300286234712,0.0924546343171093,TRUE,0,33.468,1.041,""
"H3_G1-2-3_lambda1",3,"1,2,3",1,5,-9399.9401473565,30744,-0.305748768779485,0.87535779339058,0.0909324584695414,TRUE,0,34.251,0.923000000000002,""
"H3_G1-2-3_lambda12",3,"1,2,3",12,1,-11058.9748239667,32025,-0.345323179514962,0.849867291178767,0.107623251205169,TRUE,0,34.969,0.831000000000017,""
"H3_G1-2-3_lambda12",3,"1,2,3",12,2,-9504.3189922529,32025,-0.29677811060899,0.880124902419984,0.089671734057179,TRUE,0,33.726,1.11599999999999,""
"H3_G1-2-3_lambda12",3,"1,2,3",12,3,-10615.0414727846,30744,-0.345271970881623,0.847254748894093,0.10800975299179,TRUE,0,46.302,0.391999999999996,""
"H3_G1-2-3_lambda12",3,"1,2,3",12,4,-9458.13573879608,30744,-0.307641677686576,0.871942492844132,0.093784566641218,TRUE,0,35.293,0.728999999999985,""
"H3_G1-2-3_lambda12",3,"1,2,3",12,5,-9385.34008347108,30744,-0.30527387729219,0.873861566484517,0.0925046495536175,TRUE,0,118.145,0.312999999999988,""
"H3_G1-2-3_lambda2",3,"1,2,3",2,1,-10678.4333304839,32025,-0.333440541154844,0.859703356752537,0.101488423267152,TRUE,0,38.635,0.587999999999965,""
"H3_G1-2-3_lambda2",3,"1,2,3",2,2,-9405.85937164121,32025,-0.293703649387704,0.88,0.0882967234694932,TRUE,0,32.74,1.27800000000002,""
"H3_G1-2-3_lambda2",3,"1,2,3",2,3,-10199.8915376782,30744,-0.331768525165177,0.854280510018215,0.102483706791257,TRUE,0,33.888,0.946000000000026,""
"H3_G1-2-3_lambda2",3,"1,2,3",2,4,-9253.52638436975,30744,-0.300986416353427,0.872495446265938,0.0919456607988267,TRUE,0,30.63,0.769999999999982,""
"H3_G1-2-3_lambda2",3,"1,2,3",2,5,-9216.30273441449,30744,-0.299775654905493,0.875910746812386,0.0906247761506437,TRUE,0,29.43,1.077,""
"H3_G1-2-3_lambda4",3,"1,2,3",4,1,-10570.4612247779,32025,-0.330069046831471,0.859890710382514,0.101735768079685,TRUE,0,39.873,0.677999999999997,""
"H3_G1-2-3_lambda4",3,"1,2,3",4,2,-9306.63658950453,32025,-0.29060535798609,0.880874316939891,0.0880863373237273,TRUE,0,33.465,0.645000000000095,""
"H3_G1-2-3_lambda4",3,"1,2,3",4,3,-10219.2724590179,30744,-0.332398922034151,0.852621649752797,0.103903006537442,TRUE,0,42.314,0.522000000000048,""
"H3_G1-2-3_lambda4",3,"1,2,3",4,4,-9180.18073429992,30744,-0.298600726460445,0.872853239656518,0.0916799097050433,TRUE,0,34.2499999999999,0.678000000000111,""
"H3_G1-2-3_lambda4",3,"1,2,3",4,5,-9199.1636445944,30744,-0.299218177354749,0.873731459797034,0.0911886107182675,TRUE,0,37.4510000000001,0.618999999999915,""
"H3_G1-2-3_lambda8",3,"1,2,3",8,1,-10792.5783901948,32025,-0.337004789701632,0.85423887587822,0.104854187532028,TRUE,0,33.976,0.788999999999987,""
"H3_G1-2-3_lambda8",3,"1,2,3",8,2,-9367.56325115255,32025,-0.292507829856442,0.881061670569867,0.0887204935955869,TRUE,0,31.956,0.920000000000073,""
"H3_G1-2-3_lambda8",3,"1,2,3",8,3,-10445.0723350341,30744,-0.339743440509827,0.848132969034608,0.106633841236501,TRUE,0,42.665,0.499000000000024,""
"H3_G1-2-3_lambda8",3,"1,2,3",8,4,-9274.44739611728,30744,-0.301666907237746,0.872820712984647,0.0923978486992004,TRUE,0,32.928,0.807999999999993,""
"H3_G1-2-3_lambda8",3,"1,2,3",8,5,-9357.77068828851,30744,-0.304377136621406,0.871064272703617,0.0931418234319571,TRUE,0,47.726,0.520999999999958,""
"H3_G1-3-3_lambda0",3,"1,3,3",0,1,-14410.254489667,32025,-0.449968914587574,0.858953942232631,0.10531583856214,TRUE,0,52.686,0.436000000000035,""
"H3_G1-3-3_lambda0",3,"1,3,3",0,2,-10559.779745866,32025,-0.329735511190195,0.876814988290398,0.0909683352846942,TRUE,0,44.972,0.456999999999994,""
"H3_G1-3-3_lambda0",3,"1,3,3",0,3,-12567.4954550472,30744,-0.408778800905776,0.855321363518085,0.105036308403231,TRUE,0,51.6349999999999,0.453000000000088,""
"H3_G1-3-3_lambda0",3,"1,3,3",0,4,-10861.5602155628,30744,-0.353290405138005,0.869275305750716,0.0956190001884804,TRUE,0,49.857,0.454000000000065,""
"H3_G1-3-3_lambda0",3,"1,3,3",0,5,-10784.2775241695,30744,-0.350776656393751,0.87116185271923,0.0938989001157566,TRUE,0,51.004,0.554000000000087,""
"H3_G1-3-3_lambda1",3,"1,3,3",1,1,-10925.1639255876,32025,-0.341144853258003,0.859547228727557,0.101754011455385,TRUE,0,34.096,0.764999999999986,""
"H3_G1-3-3_lambda1",3,"1,3,3",1,2,-9526.55045972086,32025,-0.297472301630628,0.878750975800156,0.0886855072545738,TRUE,0,30.585,1.03200000000004,""
"H3_G1-3-3_lambda1",3,"1,3,3",1,3,-10374.278246749,30744,-0.337440744429774,0.855939370283633,0.102428781485154,TRUE,0,32.365,0.593999999999937,""
"H3_G1-3-3_lambda1",3,"1,3,3",1,4,-9400.03619701024,30744,-0.305751892955056,0.872170179547229,0.0924561022856918,TRUE,0,31.0650000000001,1.03699999999992,""
"H3_G1-3-3_lambda1",3,"1,3,3",1,5,-9394.00215756096,30744,-0.305555625733833,0.875,0.0910269350094754,TRUE,0,32.221,0.618000000000052,""
"H3_G1-3-3_lambda12",3,"1,3,3",12,1,-11023.4880701168,32025,-0.344215084156652,0.849211553473849,0.107489925927978,TRUE,0,31.4879999999999,0.844000000000051,""
"H3_G1-3-3_lambda12",3,"1,3,3",12,2,-9504.3790179848,32025,-0.296779984948784,0.88015612802498,0.0896730266952424,TRUE,0,31.064,0.970000000000027,""
"H3_G1-3-3_lambda12",3,"1,3,3",12,3,-10618.9730035296,30744,-0.345399850492117,0.84715716887848,0.108067711980749,TRUE,0,41.123,0.279999999999973,""
"H3_G1-3-3_lambda12",3,"1,3,3",12,4,-9458.09589205646,30744,-0.307640381604751,0.871942492844132,0.0937842968394746,TRUE,0,32.528,0.566000000000031,""
"H3_G1-3-3_lambda12",3,"1,3,3",12,5,-9457.63095237006,30744,-0.307625258664132,0.870413739266198,0.0935512336197504,TRUE,0,57.0709999999999,0.321000000000026,""
"H3_G1-3-3_lambda2",3,"1,3,3",2,1,-10629.036391915,32025,-0.331898091863075,0.859703356752537,0.101101971405869,TRUE,0,35.724,0.404999999999973,""
"H3_G1-3-3_lambda2",3,"1,3,3",2,2,-9388.02451633078,32025,-0.293146745240618,0.880249804839969,0.0882096475346683,TRUE,0,29.394,1.05999999999995,""
"H3_G1-3-3_lambda2",3,"1,3,3",2,3,-10199.939705757,30744,-0.331770091912472,0.854215456674473,0.102484958270887,TRUE,0,30.7040000000001,0.747999999999934,""
"H3_G1-3-3_lambda2",3,"1,3,3",2,4,-9238.94001504892,30744,-0.30051197030474,0.873080926359615,0.0917582021336086,TRUE,0,30.1350000000001,0.983999999999924,""
"H3_G1-3-3_lambda2",3,"1,3,3",2,5,-9217.48684492183,30744,-0.299814170079425,0.87604085349987,0.0906281865517569,TRUE,0,39.684,0.369000000000028,""
"H3_G1-3-3_lambda4",3,"1,3,3",4,1,-10562.1089468157,32025,-0.329808241899008,0.859672131147541,0.101682434685068,TRUE,0,33.662,0.478999999999928,""
"H3_G1-3-3_lambda4",3,"1,3,3",4,2,-9306.62525923322,32025,-0.290605004191514,0.880874316939891,0.0880861526655738,TRUE,0,32.49,0.585000000000036,""
"H3_G1-3-3_lambda4",3,"1,3,3",4,3,-10252.7250524179,30744,-0.333487023562905,0.850930262815509,0.103997292702179,TRUE,0,33.88,0.481999999999971,""
"H3_G1-3-3_lambda4",3,"1,3,3",4,4,-9184.47986256562,30744,-0.298740562794874,0.872885766328389,0.0917132549092348,TRUE,0,36.2969999999999,0.386000000000081,""
"H3_G1-3-3_lambda4",3,"1,3,3",4,5,-9194.37116540867,30744,-0.299062293956826,0.874056726515743,0.0911582991526522,TRUE,0,32.79,0.701000000000022,""
"H3_G1-3-3_lambda8",3,"1,3,3",8,1,-10742.3371625355,32025,-0.335435976972224,0.854988290398127,0.104456229862923,TRUE,0,38.091,0.529999999999973,""
"H3_G1-3-3_lambda8",3,"1,3,3",8,2,-9367.64208232656,32025,-0.292510291407543,0.881124121779859,0.0887216937101968,TRUE,0,31.031,1.11000000000001,""
"H3_G1-3-3_lambda8",3,"1,3,3",8,3,-10445.0076146958,30744,-0.339741335372619,0.848132969034608,0.106633284512597,TRUE,0,41.515,0.455000000000041,""
"H3_G1-3-3_lambda8",3,"1,3,3",8,4,-9276.71983045935,30744,-0.30174082196394,0.872593026281551,0.0924066686785071,TRUE,0,37.038,0.528999999999996,""
"H3_G1-3-3_lambda8",3,"1,3,3",8,5,-9399.12887131868,30744,-0.305722380670006,0.87080405932865,0.0937696052578393,TRUE,0,32.323,0.779999999999973,""
"H3_G2-2-2_lambda0",3,"2,2,2",0,1,-14433.2331549469,32025,-0.450686437312941,0.858829039812646,0.105146314352875,TRUE,0,49.109,0.438999999999965,""
"H3_G2-2-2_lambda0",3,"2,2,2",0,2,-10599.913098772,32025,-0.330988699415206,0.876971116315379,0.0911990246204294,TRUE,0,43.889,0.51299999999992,""
"H3_G2-2-2_lambda0",3,"2,2,2",0,3,-12546.069645274,30744,-0.408081890621715,0.855646630236794,0.104937999201999,TRUE,0,45.769,0.341000000000008,""
"H3_G2-2-2_lambda0",3,"2,2,2",0,4,-10890.7696188787,30744,-0.354240489815207,0.869307832422586,0.0955730343460474,TRUE,0,47.288,0.403999999999996,""
"H3_G2-2-2_lambda0",3,"2,2,2",0,5,-10767.6236271177,30744,-0.350234960548975,0.871422066094197,0.0938061820371719,TRUE,0,48.751,0.413999999999987,""
"H3_G2-2-2_lambda1",3,"2,2,2",1,1,-10904.5264105151,32025,-0.340500434364251,0.859609679937549,0.10142902903742,TRUE,0,34.3,0.609000000000037,""
"H3_G2-2-2_lambda1",3,"2,2,2",1,2,-9513.59372084337,32025,-0.297067719620402,0.878969555035129,0.0886042668273708,TRUE,0,31.0029999999999,1.06900000000007,""
"H3_G2-2-2_lambda1",3,"2,2,2",1,3,-10382.5527463568,30744,-0.337709886363414,0.856947697111632,0.102384008747242,TRUE,0,33.875,0.615999999999985,""
"H3_G2-2-2_lambda1",3,"2,2,2",1,4,-9400.54733526016,30744,-0.305768518581192,0.872007546187874,0.0925151213074385,TRUE,0,31.598,0.888000000000034,""
"H3_G2-2-2_lambda1",3,"2,2,2",1,5,-9411.83908047832,30744,-0.306135801472753,0.875260213374968,0.0909733738990719,TRUE,0,32.027,0.855999999999995,""
"H3_G2-2-2_lambda12",3,"2,2,2",12,1,-11005.2313939035,32025,-0.343645008396674,0.850897736143638,0.107201105328312,TRUE,0,41.164,0.427000000000021,""
"H3_G2-2-2_lambda12",3,"2,2,2",12,2,-9512.84141427608,32025,-0.297044228392696,0.879750195160031,0.0897538113787943,TRUE,0,31.505,0.913999999999987,""
"H3_G2-2-2_lambda12",3,"2,2,2",12,3,-10742.7511437163,30744,-0.349425941442763,0.844099661722613,0.109793279846024,TRUE,0,37.444,0.40300000000002,""
"H3_G2-2-2_lambda12",3,"2,2,2",12,4,-9414.51552230942,30744,-0.306222857217975,0.871617226125423,0.0934588169827427,TRUE,0,44.4010000000001,0.283999999999992,""
"H3_G2-2-2_lambda12",3,"2,2,2",12,5,-9599.05096376169,30744,-0.312225180970651,0.868624772313297,0.0954974100126136,TRUE,0,36.7529999999999,0.460000000000036,""
"H3_G2-2-2_lambda2",3,"2,2,2",2,1,-10635.01582039,32025,-0.33208480313474,0.860608899297424,0.100920694378489,TRUE,0,39.819,0.389999999999986,""
"H3_G2-2-2_lambda2",3,"2,2,2",2,2,-9373.98484263339,32025,-0.292708347935469,0.88056206088993,0.0880659587703106,TRUE,0,29.2470000000001,1.10299999999995,""
"H3_G2-2-2_lambda2",3,"2,2,2",2,3,-10206.5716873704,30744,-0.331985808202264,0.854670830080666,0.102461940370916,TRUE,0,30.8340000000001,0.867999999999938,""
"H3_G2-2-2_lambda2",3,"2,2,2",2,4,-9246.14694617125,30744,-0.300746387788552,0.872820712984647,0.0918496112798005,TRUE,0,34.7049999999999,0.62600000000009,""
"H3_G2-2-2_lambda2",3,"2,2,2",2,5,-9209.40208775697,30744,-0.299551199835967,0.876886546968514,0.0904145300781208,TRUE,0,29.446,0.855000000000018,""
"H3_G2-2-2_lambda4",3,"2,2,2",4,1,-10574.4698117023,32025,-0.330194217383367,0.858298204527713,0.102011217628228,TRUE,0,41.2149999999999,0.33400000000006,""
"H3_G2-2-2_lambda4",3,"2,2,2",4,2,-9295.44206325249,32025,-0.290255802131225,0.881061670569867,0.0879470054374614,TRUE,0,32.698,0.689999999999941,""
"H3_G2-2-2_lambda4",3,"2,2,2",4,3,-10215.5527155188,30744,-0.33227793115791,0.851841009627895,0.103909054076739,TRUE,0,39.872,0.374000000000024,""
"H3_G2-2-2_lambda4",3,"2,2,2",4,4,-9212.60984517862,30744,-0.299655537509063,0.872755659640906,0.0919595132295204,TRUE,0,40.657,0.33299999999997,""
"H3_G2-2-2_lambda4",3,"2,2,2",4,5,-9200.4879983617,30744,-0.299261254175179,0.87395914650013,0.091193894535498,TRUE,0,32.548,0.66700000000003,""
"H3_G2-2-2_lambda8",3,"2,2,2",8,1,-10771.7700767651,32025,-0.336355037525841,0.853458235753318,0.104919460101763,TRUE,0,39.455,0.395999999999958,""
"H3_G2-2-2_lambda8",3,"2,2,2",8,2,-9369.14787000775,32025,-0.292557310538884,0.881155347384856,0.0887250678841972,TRUE,0,30.668,0.922000000000025,""
"H3_G2-2-2_lambda8",3,"2,2,2",8,3,-10450.1989928417,30744,-0.33991019362613,0.847742648972157,0.106815655968126,TRUE,0,37.186,0.469999999999914,""
"H3_G2-2-2_lambda8",3,"2,2,2",8,4,-9237.81823204861,30744,-0.300475482437178,0.873438719750195,0.0921195258452477,TRUE,0,36.531,0.513000000000034,""
"H3_G2-2-2_lambda8",3,"2,2,2",8,5,-9383.11460321509,30744,-0.305201489826148,0.87151964610981,0.0934511356896228,TRUE,0,31.267,0.769999999999982,""
"H3_G2-2-3_lambda0",3,"2,2,3",0,1,-14419.5899802435,32025,-0.450260420928758,0.859453551912568,0.104961635801927,TRUE,0,49.12,0.446000000000026,""
"H3_G2-2-3_lambda0",3,"2,2,3",0,2,-10592.1385351898,32025,-0.330745933963773,0.876596409055425,0.0911903372300037,TRUE,0,43.489,0.481999999999971,""
"H3_G2-2-3_lambda0",3,"2,2,3",0,3,-12454.8082824141,30744,-0.405113462217477,0.855288836846214,0.104868895254843,TRUE,0,47.047,0.432999999999993,""
"H3_G2-2-3_lambda0",3,"2,2,3",0,4,-10892.2282597647,30744,-0.354287934548684,0.869470465781941,0.0955835486856819,TRUE,0,47.131,0.414000000000101,""
"H3_G2-2-3_lambda0",3,"2,2,3",0,5,-10753.7700451991,30744,-0.349784349635671,0.871259432734843,0.0937853514678789,TRUE,0,48.2779999999999,0.411000000000058,""
"H3_G2-2-3_lambda1",3,"2,2,3",1,1,-10900.4226439213,32025,-0.340372291769594,0.85992193598751,0.101405599763675,TRUE,0,33.204,0.641000000000076,""
"H3_G2-2-3_lambda1",3,"2,2,3",1,2,-9522.47080084739,32025,-0.297344911814126,0.879125683060109,0.0886664122693103,TRUE,0,30.394,1.05400000000009,""
"H3_G2-2-3_lambda1",3,"2,2,3",1,3,-10417.7562877511,30744,-0.338854940403041,0.856752537080406,0.10251468777051,TRUE,0,32.609,0.687000000000012,""
"H3_G2-2-3_lambda1",3,"2,2,3",1,4,-9401.17691466227,30744,-0.305788996703821,0.871975019516003,0.092518740868246,TRUE,0,31.087,0.860000000000014,""
"H3_G2-2-3_lambda1",3,"2,2,3",1,5,-9411.40527094699,30744,-0.306121691092473,0.875325266718709,0.0909696359817828,TRUE,0,31.471,0.788999999999987,""
"H3_G2-2-3_lambda12",3,"2,2,3",12,1,-11005.1896083172,32025,-0.343643703616463,0.850897736143638,0.107200440486312,TRUE,0,40.727,0.425000000000068,""
"H3_G2-2-3_lambda12",3,"2,2,3",12,2,-9514.22651419666,32025,-0.297087478975696,0.880062451209992,0.0897719686641323,TRUE,0,30.848,0.995999999999981,""
"H3_G2-2-3_lambda12",3,"2,2,3",12,3,-10721.3748540209,30744,-0.348730641882023,0.844912828519386,0.109537097539394,TRUE,0,37.925,0.503000000000043,""
"H3_G2-2-3_lambda12",3,"2,2,3",12,4,-9424.52711545353,30744,-0.306548501023079,0.871747332812907,0.0936304439108401,TRUE,0,39.068,0.492999999999938,""
"H3_G2-2-3_lambda12",3,"2,2,3",12,5,-9594.25835914007,30744,-0.312069293492716,0.868657298985168,0.0954463752887873,TRUE,0,32.827,0.564000000000078,""
"H3_G2-2-3_lambda2",3,"2,2,3",2,1,-10664.3193188091,32025,-0.332999822601378,0.859859484777518,0.101295362592777,TRUE,0,40.703,0.47199999999998,""
"H3_G2-2-3_lambda2",3,"2,2,3",2,2,-9383.77789652295,32025,-0.29301414196793,0.880374707259953,0.0881642972512468,TRUE,0,30.17,1.01600000000008,""
"H3_G2-2-3_lambda2",3,"2,2,3",2,3,-10243.6151282444,30744,-0.333190708048542,0.854280510018215,0.102648121392066,TRUE,0,30.468,0.982999999999947,""
"H3_G2-2-3_lambda2",3,"2,2,3",2,4,-9242.73680813766,30744,-0.300635467347699,0.872723132969035,0.0918185877441555,TRUE,0,32.318,1.02100000000007,""
"H3_G2-2-3_lambda2",3,"2,2,3",2,5,-9209.50223143559,30744,-0.299554457176541,0.876886546968514,0.090415911945979,TRUE,0,32.079,0.976999999999975,""
"H3_G2-2-3_lambda4",3,"2,2,3",4,1,-10601.0449907251,32025,-0.331024043426232,0.857673692427791,0.102287977288905,TRUE,0,46.3339999999999,0.496000000000095,""
"H3_G2-2-3_lambda4",3,"2,2,3",4,2,-9299.76316246376,32025,-0.290390731068345,0.880999219359875,0.0879797951442737,TRUE,0,36.1809999999999,0.749000000000024,""
"H3_G2-2-3_lambda4",3,"2,2,3",4,3,-10240.8007867417,30744,-0.333099166885952,0.852328909705959,0.103960038401741,TRUE,0,44.699,0.552999999999997,""
"H3_G2-2-3_lambda4",3,"2,2,3",4,4,-9183.65688026333,30744,-0.298713793919572,0.87291829300026,0.0917118322611041,TRUE,0,44.937,0.499000000000024,""
"H3_G2-2-3_lambda4",3,"2,2,3",4,5,-9197.99310988338,30744,-0.29918010375629,0.873894093156388,0.0911688174220222,TRUE,0,35.0359999999999,0.759999999999991,""
"H3_G2-2-3_lambda8",3,"2,2,3",8,1,-10772.2089271675,32025,-0.336368740895159,0.853458235753318,0.104911901150982,TRUE,0,44.5160000000001,0.48599999999999,""
"H3_G2-2-3_lambda8",3,"2,2,3",8,2,-9365.6708419834,32025,-0.292448738235235,0.881186572989852,0.088687658155796,TRUE,0,33.676,0.932999999999993,""
"H3_G2-2-3_lambda8",3,"2,2,3",8,3,-10428.6622567103,30744,-0.33920967527681,0.848393182409576,0.106554527777146,TRUE,0,40.952,0.618999999999915,""
"H3_G2-2-3_lambda8",3,"2,2,3",8,4,-9237.39125775599,30744,-0.300461594384465,0.873471246422066,0.0921157232344093,TRUE,0,40.544,0.487999999999943,""
"H3_G2-2-3_lambda8",3,"2,2,3",8,5,-9387.04667413518,30744,-0.305329387006739,0.871389539422326,0.0934913654447348,TRUE,0,33.749,0.836999999999989,""
"H3_G2-3-3_lambda0",3,"2,3,3",0,1,-14419.1682190688,32025,-0.450247251180914,0.859422326307572,0.10495838162096,TRUE,0,54.224,0.458999999999946,""
"H3_G2-3-3_lambda0",3,"2,3,3",0,2,-10592.0318126811,32025,-0.330742601488872,0.876596409055425,0.0911888081244987,TRUE,0,47.792,0.620000000000005,""
"H3_G2-3-3_lambda0",3,"2,3,3",0,3,-12432.7914927411,30744,-0.404397329324131,0.855549050221181,0.104816231039573,TRUE,0,52.879,0.444999999999936,""
"H3_G2-3-3_lambda0",3,"2,3,3",0,4,-10880.4888341194,30744,-0.353906090102765,0.869275305750716,0.0955949457486303,TRUE,0,51.846,0.477999999999952,""
"H3_G2-3-3_lambda0",3,"2,3,3",0,5,-10754.0783412009,30744,-0.34979437747856,0.871422066094197,0.0937962553270855,TRUE,0,54.4920000000001,0.423999999999978,""
"H3_G2-3-3_lambda1",3,"2,3,3",1,1,-10909.8385293145,32025,-0.340666308487573,0.859547228727557,0.101494341718758,TRUE,0,36.126,0.774000000000001,""
"H3_G2-3-3_lambda1",3,"2,3,3",1,2,-9523.38746465471,32025,-0.297373535196088,0.879188134270101,0.0886761037333621,TRUE,0,32.962,0.842999999999961,""
"H3_G2-3-3_lambda1",3,"2,3,3",1,3,-10417.5470513007,30744,-0.338848134637677,0.85688264376789,0.102506071209421,TRUE,0,34.817,0.595000000000027,""
"H3_G2-3-3_lambda1",3,"2,3,3",1,4,-9402.3141757578,30744,-0.305825988022307,0.871942492844132,0.0925270161317657,TRUE,0,33.672,0.765999999999963,""
"H3_G2-3-3_lambda1",3,"2,3,3",1,5,-9410.95455037803,30744,-0.306107030652421,0.875390320062451,0.0909685493425044,TRUE,0,33.77,0.698000000000093,""
"H3_G2-3-3_lambda12",3,"2,3,3",12,1,-11056.7995977468,32025,-0.345255256760245,0.848368462138954,0.107830951028333,TRUE,0,33.7189999999999,0.706999999999994,""
"H3_G2-3-3_lambda12",3,"2,3,3",12,2,-9513.9455920014,32025,-0.297078707010192,0.880093676814988,0.0897700110619143,TRUE,0,33.025,1.02700000000004,""
"H3_G2-3-3_lambda12",3,"2,3,3",12,3,-10721.0296878125,30744,-0.348719414774021,0.844880301847515,0.109533316685254,TRUE,0,39.8430000000001,0.408000000000015,""
"H3_G2-3-3_lambda12",3,"2,3,3",12,4,-9426.28638728689,30744,-0.306605724280734,0.871422066094197,0.0935692470248771,TRUE,0,44.842,0.315000000000055,""
"H3_G2-3-3_lambda12",3,"2,3,3",12,5,-9601.46951809969,30744,-0.312303848494005,0.868429612282071,0.0955178142260251,FALSE,0,44.101,0.317999999999984,""
"H3_G2-3-3_lambda2",3,"2,3,3",2,1,-10663.866141491,32025,-0.332985671865448,0.859859484777518,0.101292666396287,TRUE,0,41.828,0.379999999999995,""
"H3_G2-3-3_lambda2",3,"2,3,3",2,2,-9383.7303818142,32025,-0.293012658292403,0.880343481654957,0.0881625620526496,TRUE,0,31.343,0.989000000000033,""
"H3_G2-3-3_lambda2",3,"2,3,3",2,3,-10244.8103001204,30744,-0.333229583011983,0.854280510018215,0.102658967940245,TRUE,0,33.636,0.621999999999957,""
"H3_G2-3-3_lambda2",3,"2,3,3",2,4,-9242.64084238425,30744,-0.300632345901127,0.872723132969035,0.0918239587830863,TRUE,0,32.085,0.962999999999965,""
"H3_G2-3-3_lambda2",3,"2,3,3",2,5,-9210.96288650083,30744,-0.299601967424565,0.876366120218579,0.0904370836405388,TRUE,0,31.681,0.836000000000013,""
"H3_G2-3-3_lambda4",3,"2,3,3",4,1,-10604.1868194013,32025,-0.331122148927442,0.858142076502732,0.102280925161558,TRUE,0,40.306,0.437999999999988,""
"H3_G2-3-3_lambda4",3,"2,3,3",4,2,-9299.71644835215,32025,-0.290389272391948,0.880967993754879,0.0879746530621035,TRUE,0,35.22,0.591999999999985,""
"H3_G2-3-3_lambda4",3,"2,3,3",4,3,-10240.0384985324,30744,-0.333074372187496,0.852166276346604,0.103951781760671,TRUE,0,41.994,0.394000000000005,""
"H3_G2-3-3_lambda4",3,"2,3,3",4,4,-9196.84259175069,30744,-0.299142681230507,0.872365339578454,0.0918554610654592,TRUE,0,39.21,0.495999999999981,""
"H3_G2-3-3_lambda4",3,"2,3,3",4,5,-9199.29079973774,30744,-0.299222313288373,0.873991673172001,0.0911826126659809,TRUE,0,34.592,0.975000000000023,""
"H3_G2-3-3_lambda8",3,"2,3,3",8,1,-10791.6071498373,32025,-0.336974462133874,0.853489461358314,0.105098556986051,TRUE,0,39.9789999999999,0.527000000000044,""
"H3_G2-3-3_lambda8",3,"2,3,3",8,2,-9366.24076175718,32025,-0.29246653432497,0.881249024199844,0.0886848660379835,TRUE,0,37.26,0.739000000000033,""
"H3_G2-3-3_lambda8",3,"2,3,3",8,3,-10422.7675982719,30744,-0.339017941655993,0.848100442362737,0.106461696464816,TRUE,0,47.239,0.491999999999962,""
"H3_G2-3-3_lambda8",3,"2,3,3",8,4,-9225.5600450015,30744,-0.300076764409364,0.873503773093937,0.0920526597623799,TRUE,0,43.5809999999999,0.521000000000072,""
"H3_G2-3-3_lambda8",3,"2,3,3",8,5,-9399.99561607704,30744,-0.305750572992358,0.870869112672391,0.0936328549425708,TRUE,0,38.28,0.629000000000019,""
"H3_G3-3-3_lambda0",3,"3,3,3",0,1,-14422.388814125,32025,-0.450347816209991,0.859578454332553,0.104961530299738,TRUE,0,53.157,0.471000000000004,""
"H3_G3-3-3_lambda0",3,"3,3,3",0,2,-10593.4598407819,32025,-0.330787192530271,0.876596409055425,0.091192644099923,TRUE,0,48.053,0.513000000000034,""
"H3_G3-3-3_lambda0",3,"3,3,3",0,3,-12439.6157876543,30744,-0.404619300925524,0.85548399687744,0.104842091106817,TRUE,0,50.76,0.475000000000023,""
"H3_G3-3-3_lambda0",3,"3,3,3",0,4,-10903.5768202907,30744,-0.354657065453121,0.869568045797554,0.0957127380330092,TRUE,0,54.27,0.418000000000006,""
"H3_G3-3-3_lambda0",3,"3,3,3",0,5,-10751.9451340826,30744,-0.349724991350593,0.871357012750455,0.0937875010624343,TRUE,0,53.192,0.440000000000055,""
"H3_G3-3-3_lambda1",3,"3,3,3",1,1,-10910.6014474697,32025,-0.34069013106853,0.859703356752537,0.101507368488543,TRUE,0,35.845,0.785999999999945,""
"H3_G3-3-3_lambda1",3,"3,3,3",1,2,-9523.40432342414,32025,-0.297374061621363,0.879219359875098,0.0886756272890563,TRUE,0,32.27,1.08500000000004,""
"H3_G3-3-3_lambda1",3,"3,3,3",1,3,-10417.6370919406,30744,-0.338851063360026,0.856817590424148,0.102507595626618,TRUE,0,34.665,0.97199999999998,""
"H3_G3-3-3_lambda1",3,"3,3,3",1,4,-9401.78050335825,30744,-0.30580862943528,0.871909966172261,0.0925255683376225,TRUE,0,34.211,0.990000000000009,""
"H3_G3-3-3_lambda1",3,"3,3,3",1,5,-9411.08437995616,30744,-0.306111253576508,0.875390320062451,0.090966656550812,TRUE,0,34.491,0.914999999999964,""
"H3_G3-3-3_lambda12",3,"3,3,3",12,1,-10997.2444465629,32025,-0.343395611133893,0.850366900858704,0.107063474961385,TRUE,0,46.626,0.490000000000009,""
"H3_G3-3-3_lambda12",3,"3,3,3",12,2,-9513.67076323153,32025,-0.297070125315582,0.880093676814988,0.0897652978401528,TRUE,0,32.2719999999999,1.12700000000007,""
"H3_G3-3-3_lambda12",3,"3,3,3",12,3,-10718.1194772155,30744,-0.348624755308858,0.844620088472547,0.109498800317977,TRUE,0,41.029,0.532000000000039,""
"H3_G3-3-3_lambda12",3,"3,3,3",12,4,-9426.19361084854,30744,-0.306602706571967,0.871389539422326,0.0935685111071926,TRUE,0,46.903,0.416999999999916,""
"H3_G3-3-3_lambda12",3,"3,3,3",12,5,-9603.26220083096,30744,-0.312362158496974,0.868592245641426,0.0955374196262205,FALSE,0,51.702,0.331999999999994,""
"H3_G3-3-3_lambda2",3,"3,3,3",2,1,-10662.0747334954,32025,-0.332929734066992,0.859765807962529,0.101308128158898,TRUE,0,43.4580000000001,0.587999999999965,""
"H3_G3-3-3_lambda2",3,"3,3,3",2,2,-9384.55422292003,32025,-0.293038383229353,0.880374707259953,0.0881651556107673,TRUE,0,31.698,1.04100000000005,""
"H3_G3-3-3_lambda2",3,"3,3,3",2,3,-10244.2831949782,30744,-0.333212438035982,0.854410616705699,0.102623626759787,TRUE,0,33.139,0.858000000000061,""
"H3_G3-3-3_lambda2",3,"3,3,3",2,4,-9243.03901327629,30744,-0.300645297075081,0.872658079625293,0.0918213132537923,TRUE,0,32.076,1.03199999999993,""
"H3_G3-3-3_lambda2",3,"3,3,3",2,5,-9208.23957358998,30744,-0.299513387119112,0.876788966952901,0.0904004926121514,TRUE,0,30.5509999999999,1.03899999999999,""
"H3_G3-3-3_lambda4",3,"3,3,3",4,1,-10604.0612166254,32025,-0.331118226904776,0.85807962529274,0.102279316391507,TRUE,0,41.524,0.58299999999997,""
"H3_G3-3-3_lambda4",3,"3,3,3",4,2,-9299.69060018412,32025,-0.290388465267264,0.880999219359875,0.0879785595460076,TRUE,0,35.3679999999999,0.763000000000034,""
"H3_G3-3-3_lambda4",3,"3,3,3",4,3,-10239.6688364112,30744,-0.333062348308976,0.852198803018475,0.103942952378481,TRUE,0,44.287,0.461000000000013,""
"H3_G3-3-3_lambda4",3,"3,3,3",4,4,-9197.30959901051,30744,-0.299157871422408,0.872332812906583,0.091850775035438,TRUE,0,40.658,0.615999999999985,""
"H3_G3-3-3_lambda4",3,"3,3,3",4,5,-9199.20966003943,30744,-0.29921967408403,0.87395914650013,0.0911789402176069,TRUE,0,34.902,0.738999999999919,""
"H3_G3-3-3_lambda8",3,"3,3,3",8,1,-10791.4038763132,32025,-0.336968114795103,0.853489461358314,0.105096263006294,TRUE,0,39.967,0.647000000000048,""
"H3_G3-3-3_lambda8",3,"3,3,3",8,2,-9367.15641645215,32025,-0.292495126196788,0.881124121779859,0.0887025286124934,TRUE,0,32.496,1.08500000000004,""
"H3_G3-3-3_lambda8",3,"3,3,3",8,3,-10423.0078202572,30744,-0.339025755277688,0.848035389018996,0.106466164771283,TRUE,0,47.081,0.435999999999922,""
"H3_G3-3-3_lambda8",3,"3,3,3",8,4,-9228.91433867565,30744,-0.300185868419062,0.873406193078324,0.0920919885202044,TRUE,0,44.125,0.433999999999969,""
"H3_G3-3-3_lambda8",3,"3,3,3",8,5,-9388.45502203543,30744,-0.305375195876771,0.870739005984908,0.0935051001917499,TRUE,0,53.764,0.333000000000084,""
"H4_G1-2-2-2_lambda0",4,"1,2,2,2",0,1,-16421.3918207439,32025,-0.512767894480684,0.853614363778298,0.109083146383573,TRUE,0,70.7779999999999,0.675000000000182,""
"H4_G1-2-2-2_lambda0",4,"1,2,2,2",0,2,-11671.8324702417,32025,-0.364460030296384,0.876284153005464,0.0919412173294717,TRUE,0,67.1460000000001,0.721000000000004,""
"H4_G1-2-2-2_lambda0",4,"1,2,2,2",0,3,-13427.0129499759,30744,-0.436736044430651,0.853695029924538,0.106252422919259,TRUE,0,67.8750000000001,0.645999999999958,""
"H4_G1-2-2-2_lambda0",4,"1,2,2,2",0,4,-12031.8375297575,30744,-0.391355631334814,0.870381212594327,0.0960138033475492,TRUE,0,70.5909999999999,0.569000000000187,""
"H4_G1-2-2-2_lambda0",4,"1,2,2,2",0,5,-12262.1266271329,30744,-0.398846169240598,0.872593026281551,0.0952317207494155,TRUE,0,72.6700000000001,0.638999999999896,""
"H4_G1-2-2-2_lambda1",4,"1,2,2,2",1,1,-11058.3521834515,32025,-0.345303737188182,0.856893052302888,0.10328158411257,TRUE,0,43.5459999999999,0.887000000000057,""
"H4_G1-2-2-2_lambda1",4,"1,2,2,2",1,2,-9592.91001987091,32025,-0.299544419043588,0.879781420765027,0.0879081913851005,TRUE,0,39.917,1.14599999999996,""
"H4_G1-2-2-2_lambda1",4,"1,2,2,2",1,3,-10315.19773401,30744,-0.335519051977947,0.857760863908405,0.101284515481003,TRUE,0,36.417,1.24299999999994,""
"H4_G1-2-2-2_lambda1",4,"1,2,2,2",1,4,-9468.12163382561,30744,-0.307966485617539,0.872690606297164,0.0923057090078972,TRUE,0,36.056,1.26999999999998,""
"H4_G1-2-2-2_lambda1",4,"1,2,2,2",1,5,-9356.0899130743,30744,-0.304322466597525,0.88056206088993,0.0888325349533516,TRUE,0,36.15,1.23599999999999,""
"H4_G1-2-2-2_lambda12",4,"1,2,2,2",12,1,-10931.9530521948,32025,-0.34135684784371,0.851709601873536,0.106077891841937,TRUE,0,60.644,0.624000000000024,""
"H4_G1-2-2-2_lambda12",4,"1,2,2,2",12,2,-9481.41450670022,32025,-0.296062904190483,0.880218579234973,0.0893044047101089,TRUE,0,65.318,0.578999999999951,""
"H4_G1-2-2-2_lambda12",4,"1,2,2,2",12,3,-10725.0357462862,30744,-0.34884971852349,0.84611631537861,0.109475037682889,TRUE,0,55.225,0.674999999999955,""
"H4_G1-2-2-2_lambda12",4,"1,2,2,2",12,4,-9428.15814726668,30744,-0.306666606403418,0.870576372625553,0.0937101175759081,TRUE,0,53.3299999999999,0.718000000000075,""
"H4_G1-2-2-2_lambda12",4,"1,2,2,2",12,5,-9483.30176327678,30744,-0.308460244707155,0.870348685922456,0.093911650046596,TRUE,0,58.543,0.605000000000018,""
"H4_G1-2-2-2_lambda2",4,"1,2,2,2",2,1,-10579.8103558245,32025,-0.33036097910459,0.861077283372365,0.100388768311676,TRUE,0,41.893,1.16300000000001,""
"H4_G1-2-2-2_lambda2",4,"1,2,2,2",2,2,-9291.86491234321,32025,-0.290144103429921,0.880967993754879,0.0867498679059912,TRUE,0,43.533,0.877999999999929,""
"H4_G1-2-2-2_lambda2",4,"1,2,2,2",2,3,-10090.3840951518,30744,-0.328206612514695,0.857890970595889,0.100625534895906,TRUE,0,41.706,1.18799999999999,""
"H4_G1-2-2-2_lambda2",4,"1,2,2,2",2,4,-9202.83393633043,30744,-0.299337559729717,0.874837366640645,0.0911302273120382,TRUE,0,34.202,1.28499999999985,""
"H4_G1-2-2-2_lambda2",4,"1,2,2,2",2,5,-9085.32142410808,30744,-0.295515268803932,0.881180067655478,0.0882486346335454,TRUE,0,41.2469999999998,0.853000000000065,""
"H4_G1-2-2-2_lambda4",4,"1,2,2,2",4,1,-10404.5646865088,32025,-0.324888827057261,0.860046838407494,0.100664663501379,TRUE,0,50.4200000000001,0.767999999999802,""
"H4_G1-2-2-2_lambda4",4,"1,2,2,2",4,2,-9194.76814561872,32025,-0.287112198145784,0.883153786104606,0.086736399969698,TRUE,0,40.165,1.14599999999996,""
"H4_G1-2-2-2_lambda4",4,"1,2,2,2",4,3,-10167.9135282797,30744,-0.330728386946387,0.854150403330731,0.102576798305088,TRUE,0,39.194,1.42500000000018,""
"H4_G1-2-2-2_lambda4",4,"1,2,2,2",4,4,-9141.91571897692,30744,-0.297356092862898,0.874837366640645,0.0911595591966848,TRUE,0,49.5310000000002,0.736999999999853,""
"H4_G1-2-2-2_lambda4",4,"1,2,2,2",4,5,-9083.6944454122,30744,-0.29546234860175,0.877992453812126,0.089459449841368,TRUE,0,43.251,0.97199999999998,""
"H4_G1-2-2-2_lambda8",4,"1,2,2,2",8,1,-10677.9455230966,32025,-0.333425309074054,0.85551912568306,0.103810637982261,TRUE,0,54.4380000000001,0.754999999999882,""
"H4_G1-2-2-2_lambda8",4,"1,2,2,2",8,2,-9362.82252351422,32025,-0.292359797767813,0.88184231069477,0.0885335418392842,TRUE,0,48.1300000000001,0.838999999999942,""
"H4_G1-2-2-2_lambda8",4,"1,2,2,2",8,3,-10382.0079383873,30744,-0.337692165573357,0.849466562581317,0.10594670836073,TRUE,0,57.6389999999999,0.635999999999967,""
"H4_G1-2-2-2_lambda8",4,"1,2,2,2",8,4,-9200.83051899833,30744,-0.299272395231536,0.872137652875358,0.091852301936165,TRUE,0,51.8309999999999,0.641000000000076,""
"H4_G1-2-2-2_lambda8",4,"1,2,2,2",8,5,-9359.07807034158,30744,-0.304419661408456,0.873211033047099,0.0929151995639185,TRUE,0,43.114,0.933999999999969,""
"H4_G1-2-2-3_lambda0",4,"1,2,2,3",0,1,-17442.8599269822,32025,-0.544663854082191,0.849992193598751,0.11203430537678,TRUE,0,75.3109999999999,0.744999999999891,""
"H4_G1-2-2-3_lambda0",4,"1,2,2,3",0,2,-11670.6003525356,32025,-0.364421556675585,0.876221701795472,0.0919380843234775,TRUE,0,66.8890000000001,0.66599999999994,""
"H4_G1-2-2-3_lambda0",4,"1,2,2,3",0,3,-13567.9253131952,30744,-0.441319454631641,0.852849336455894,0.106704101783402,TRUE,0,68.1550000000002,0.708999999999833,""
"H4_G1-2-2-3_lambda0",4,"1,2,2,3",0,4,-12216.5481091503,30744,-0.397363651741814,0.869698152485038,0.096144842711398,TRUE,0,73.298,0.619999999999891,""
"H4_G1-2-2-3_lambda0",4,"1,2,2,3",0,5,-12271.7584636381,30744,-0.399159460826117,0.871682279469165,0.0955536865303471,TRUE,0,73.3310000000001,0.694999999999936,""
"H4_G1-2-2-3_lambda1",4,"1,2,2,3",1,1,-11019.1005116732,32025,-0.344078079989796,0.858485558157689,0.102674774732844,TRUE,0,38.78,1.38300000000004,""
"H4_G1-2-2-3_lambda1",4,"1,2,2,3",1,2,-9597.63975200077,32025,-0.299692107790812,0.879718969555035,0.088029689069334,TRUE,0,45.3689999999999,1.26999999999998,""
"H4_G1-2-2-3_lambda1",4,"1,2,2,3",1,3,-10288.4000694972,30744,-0.33464741313743,0.857500650533437,0.10112521063525,TRUE,0,41.6130000000001,1.31399999999985,""
"H4_G1-2-2-3_lambda1",4,"1,2,2,3",1,4,-9449.0781847206,30744,-0.307347065597209,0.873666406453292,0.0919328247087448,TRUE,0,42.116,1.18900000000008,""
"H4_G1-2-2-3_lambda1",4,"1,2,2,3",1,5,-9356.55682976199,30744,-0.304337653843416,0.880757220921155,0.0888387669770914,TRUE,0,41.5800000000002,1.31499999999983,""
"H4_G1-2-2-3_lambda12",4,"1,2,2,3",12,1,-10831.8574117924,32025,-0.338231300914674,0.854832162373146,0.10510329215937,TRUE,0,60.8729999999998,0.438000000000102,""
"H4_G1-2-2-3_lambda12",4,"1,2,2,3",12,2,-9471.06795439011,32025,-0.295739826834976,0.880218579234973,0.0893308628174319,TRUE,0,59.383,0.427999999999884,""
"H4_G1-2-2-3_lambda12",4,"1,2,2,3",12,3,-10694.5444435655,30744,-0.347857937924976,0.847677595628415,0.108947599785437,TRUE,0,56.713,0.588999999999942,""
"H4_G1-2-2-3_lambda12",4,"1,2,2,3",12,4,-9397.01767471922,30744,-0.305653710470961,0.870673952641166,0.0931496382077232,TRUE,0,57.617,0.439000000000078,""
"H4_G1-2-2-3_lambda12",4,"1,2,2,3",12,5,-9520.91529043076,30744,-0.309683687562801,0.87151964610981,0.094131913336971,TRUE,0,78.4309999999998,0.458000000000084,""
"H4_G1-2-2-3_lambda2",4,"1,2,2,3",2,1,-10595.3085633303,32025,-0.330844920010313,0.859547228727557,0.10103364542302,TRUE,0,48.4459999999999,0.976000000000113,""
"H4_G1-2-2-3_lambda2",4,"1,2,2,3",2,2,-9296.33426525622,32025,-0.29028366167857,0.881061670569867,0.0868017883077028,TRUE,0,48.0530000000001,1.04899999999998,""
"H4_G1-2-2-3_lambda2",4,"1,2,2,3",2,3,-10105.5987354624,30744,-0.328701494127714,0.856394743689826,0.10115861561472,TRUE,0,38.7159999999999,1.49600000000009,""
"H4_G1-2-2-3_lambda2",4,"1,2,2,3",2,4,-9253.62267156946,30744,-0.300989548255577,0.874024199843872,0.0914479664067268,TRUE,0,45.733,0.967000000000098,""
"H4_G1-2-2-3_lambda2",4,"1,2,2,3",2,5,-9087.96538813469,30744,-0.295601268154264,0.881147540983607,0.0882451724447571,TRUE,0,48.1949999999999,1.00800000000004,""
"H4_G1-2-2-3_lambda4",4,"1,2,2,3",4,1,-10458.6947142258,32025,-0.326579069921179,0.860733801717408,0.101028735523443,TRUE,0,50.5429999999999,0.716000000000122,""
"H4_G1-2-2-3_lambda4",4,"1,2,2,3",4,2,-9150.14009951539,32025,-0.285718660406413,0.882997658079625,0.0864559026962324,TRUE,0,56.2629999999999,0.491999999999962,""
"H4_G1-2-2-3_lambda4",4,"1,2,2,3",4,3,-10099.3890773273,30744,-0.328499514615121,0.853987769971376,0.102233254669701,TRUE,0,52.517,0.694999999999936,""
"H4_G1-2-2-3_lambda4",4,"1,2,2,3",4,4,-9116.11601907802,30744,-0.296516914489917,0.874056726515743,0.0909850498231127,TRUE,0,57.146,0.488000000000056,""
"H4_G1-2-2-3_lambda4",4,"1,2,2,3",4,5,-9025.29494929682,30744,-0.293562807354177,0.880594587561801,0.0887726180864747,TRUE,0,51.781,1.14300000000003,""
"H4_G1-2-2-3_lambda8",4,"1,2,2,3",8,1,-10677.9787658917,32025,-0.333426347100442,0.85551912568306,0.103810897071922,TRUE,0,64.73,0.690000000000055,""
"H4_G1-2-2-3_lambda8",4,"1,2,2,3",8,2,-9216.54526722693,32025,-0.287792201943073,0.882341920374707,0.0873086018516025,TRUE,0,72.8030000000001,0.621999999999844,""
"H4_G1-2-2-3_lambda8",4,"1,2,2,3",8,3,-10337.761349839,30744,-0.336252971306239,0.85063752276867,0.105360801759384,TRUE,0,57.646,0.887000000000171,""
"H4_G1-2-2-3_lambda8",4,"1,2,2,3",8,4,-9228.03437781229,30744,-0.3001572462208,0.872137652875358,0.0922046007418978,TRUE,0,60.2820000000002,0.710000000000036,""
"H4_G1-2-2-3_lambda8",4,"1,2,2,3",8,5,-9288.94835969024,30744,-0.302138575321697,0.872723132969035,0.0922910991718845,TRUE,0,56.8589999999999,0.829999999999927,""
"H4_G1-2-3-3_lambda0",4,"1,2,3,3",0,1,-16887.5374612962,32025,-0.527323574123221,0.852552693208431,0.11055256399831,TRUE,0,85.7369999999999,0.708000000000084,""
"H4_G1-2-3-3_lambda0",4,"1,2,3,3",0,2,-11872.9314368216,32025,-0.370739467191933,0.876658860265418,0.092084520574152,TRUE,0,83.7549999999999,0.625,""
"H4_G1-2-3-3_lambda0",4,"1,2,3,3",0,3,-13568.1710577779,30744,-0.441327447885047,0.852686703096539,0.10675459132401,TRUE,0,78.999,0.803000000000111,""
"H4_G1-2-3-3_lambda0",4,"1,2,3,3",0,4,-12392.6207919288,30744,-0.403090710119983,0.867030965391621,0.0980745525719218,TRUE,0,81.289,0.660999999999831,""
"H4_G1-2-3-3_lambda0",4,"1,2,3,3",0,5,-12221.3379798267,30744,-0.397519450293609,0.872072599531616,0.0953081797276711,TRUE,0,85.617,0.674999999999955,""
"H4_G1-2-3-3_lambda1",4,"1,2,3,3",1,1,-11018.283874445,32025,-0.344052579998283,0.858298204527713,0.102788738813435,TRUE,0,45.9680000000001,1.60699999999997,""
"H4_G1-2-3-3_lambda1",4,"1,2,3,3",1,2,-9582.99239084349,32025,-0.29923473507708,0.879875097580016,0.0877184368344429,TRUE,0,47.54,1.36500000000001,""
"H4_G1-2-3-3_lambda1",4,"1,2,3,3",1,3,-10319.7020293933,30744,-0.335665561715888,0.856622430392922,0.101386951466304,TRUE,0,45.4570000000001,1.70499999999993,""
"H4_G1-2-3-3_lambda1",4,"1,2,3,3",1,4,-9468.22305579812,30744,-0.307969784536759,0.872625552953422,0.092303522765092,TRUE,0,47.9640000000002,1.10899999999992,""
"H4_G1-2-3-3_lambda1",4,"1,2,3,3",1,5,-9358.2845654847,30744,-0.304393851336349,0.880334374186833,0.0888603261571682,TRUE,0,47.5889999999999,1.31100000000015,""
"H4_G1-2-3-3_lambda12",4,"1,2,3,3",12,1,-10907.7038545823,32025,-0.340599651977589,0.85295862607338,0.106156224872039,TRUE,0,60.983,0.664999999999964,""
"H4_G1-2-3-3_lambda12",4,"1,2,3,3",12,2,-9458.7066040481,32025,-0.295353836191978,0.880374707259953,0.0891438141530645,TRUE,0,62.7550000000001,0.740000000000009,""
"H4_G1-2-3-3_lambda12",4,"1,2,3,3",12,3,-10614.1466653137,30744,-0.345242865772628,0.847514962269061,0.10814816479405,TRUE,0,67.27,0.458000000000084,""
"H4_G1-2-3-3_lambda12",4,"1,2,3,3",12,4,-9397.43571464907,30744,-0.305667307918588,0.87080405932865,0.0931138810444055,TRUE,0,65.049,0.504000000000133,""
"H4_G1-2-3-3_lambda12",4,"1,2,3,3",12,5,-9391.60336886371,30744,-0.30547760112099,0.873438719750195,0.0925338781740724,FALSE,0,139.226,0.367999999999938,""
"H4_G1-2-3-3_lambda2",4,"1,2,3,3",2,1,-10660.6620027812,32025,-0.332885620695743,0.85992193598751,0.101231699236986,TRUE,0,56.902,1.01700000000005,""
"H4_G1-2-3-3_lambda2",4,"1,2,3,3",2,2,-9304.04315217182,32025,-0.290524376336357,0.881373926619828,0.086806602397126,TRUE,0,52.5359999999998,1.09699999999998,""
"H4_G1-2-3-3_lambda2",4,"1,2,3,3",2,3,-10185.5335811293,30744,-0.331301508623774,0.856167056986729,0.101595409516184,TRUE,0,49.414,1.20900000000006,""
"H4_G1-2-3-3_lambda2",4,"1,2,3,3",2,4,-9241.5055196588,30744,-0.300595417631369,0.874284413218839,0.0914641919326672,TRUE,0,47.9300000000001,1.29299999999989,""
"H4_G1-2-3-3_lambda2",4,"1,2,3,3",2,5,-9078.73323877936,30744,-0.29530097706152,0.881407754358574,0.0881956086008875,TRUE,0,55.983,1.029,""
"H4_G1-2-3-3_lambda4",4,"1,2,3,3",4,1,-10403.403906907,32025,-0.324852581011928,0.85992193598751,0.100650036707804,TRUE,0,61.0379999999998,0.746000000000095,""
"H4_G1-2-3-3_lambda4",4,"1,2,3,3",4,2,-9165.71731091561,32025,-0.286205068256537,0.883684621389539,0.0863032567342582,TRUE,0,48.155,1.46399999999994,""
"H4_G1-2-3-3_lambda4",4,"1,2,3,3",4,3,-10118.5400186115,30744,-0.329122430998291,0.854638303408795,0.102426236469756,TRUE,0,46.6569999999999,1.43700000000013,""
"H4_G1-2-3-3_lambda4",4,"1,2,3,3",4,4,-9166.45444888016,30744,-0.29815425607859,0.874674733281291,0.0914526954014107,TRUE,0,58.24,0.638000000000147,""
"H4_G1-2-3-3_lambda4",4,"1,2,3,3",4,5,-9035.80016240714,30744,-0.293904506973951,0.880627114233672,0.0888492065241097,TRUE,0,58.7829999999999,0.805000000000064,""
"H4_G1-2-3-3_lambda8",4,"1,2,3,3",8,1,-10638.8502114274,32025,-0.332204534314674,0.855394223263076,0.103448913321337,TRUE,0,58.299,0.811000000000149,""
"H4_G1-2-3-3_lambda8",4,"1,2,3,3",8,2,-9231.87697289707,32025,-0.288270943728246,0.882435597189696,0.0874093648604515,TRUE,0,77.8509999999999,0.445000000000164,""
"H4_G1-2-3-3_lambda8",4,"1,2,3,3",8,3,-10336.9590911251,30744,-0.336226876500296,0.850539942753058,0.105338593784727,TRUE,0,62.479,0.633000000000038,""
"H4_G1-2-3-3_lambda8",4,"1,2,3,3",8,4,-9200.68964557525,30744,-0.299267813087928,0.872137652875358,0.0918497718397755,TRUE,0,61.1610000000001,0.667999999999893,""
"H4_G1-2-3-3_lambda8",4,"1,2,3,3",8,5,-9137.80041816949,30744,-0.297222235823884,0.876170960187354,0.0904319221726647,FALSE,0,94.3009999999999,0.453999999999951,""
"H4_G1-3-3-3_lambda0",4,"1,3,3,3",0,1,-16847.5233103849,32025,-0.526074108052613,0.851865729898517,0.110647147715706,TRUE,0,67.8059999999998,0.701999999999998,""
"H4_G1-3-3-3_lambda0",4,"1,3,3,3",0,2,-11998.657269847,32025,-0.374665332391789,0.87672131147541,0.0920912118654282,TRUE,0,69.9219999999998,0.596000000000004,""
"H4_G1-3-3-3_lambda0",4,"1,3,3,3",0,3,-13693.2945854949,30744,-0.445397299814432,0.852491543065314,0.107042457429713,TRUE,0,65.3609999999999,0.758000000000038,""
"H4_G1-3-3-3_lambda0",4,"1,3,3,3",0,4,-12270.680328548,30744,-0.399124392679807,0.869600572469425,0.0967056833099525,TRUE,0,69.8810000000001,0.574999999999818,""
"H4_G1-3-3-3_lambda0",4,"1,3,3,3",0,5,-12354.0303796204,30744,-0.401835492441464,0.870934166016133,0.0958420172562265,TRUE,0,70.595,0.644999999999982,""
"H4_G1-3-3-3_lambda1",4,"1,3,3,3",1,1,-11034.8008884009,32025,-0.344568333751786,0.857267759562842,0.10288545824429,TRUE,0,41.108,0.935000000000173,""
"H4_G1-3-3-3_lambda1",4,"1,3,3,3",1,2,-9585.32594041156,32025,-0.299307601574131,0.879750195160031,0.0877058810725135,TRUE,0,36.5030000000002,0.981999999999971,""
"H4_G1-3-3-3_lambda1",4,"1,3,3,3",1,3,-10288.4137866103,30744,-0.334647859309467,0.857468123861566,0.101126393770723,TRUE,0,33.9190000000001,1.06999999999994,""
"H4_G1-3-3-3_lambda1",4,"1,3,3,3",1,4,-9449.58521285926,30744,-0.307363557535105,0.873536299765808,0.0919236015571027,TRUE,0,33.8409999999999,1.26800000000003,""
"H4_G1-3-3-3_lambda1",4,"1,3,3,3",1,5,-9385.13237669788,30744,-0.305267121282132,0.879813947436898,0.0892716367158564,TRUE,0,53.453,0.634000000000015,""
"H4_G1-3-3-3_lambda12",4,"1,3,3,3",12,1,-10944.9665728721,32025,-0.341763202899989,0.852740046838408,0.106345526103319,TRUE,0,51.5519999999999,0.759000000000015,""
"H4_G1-3-3-3_lambda12",4,"1,3,3,3",12,2,-9485.35140725437,32025,-0.296185836292096,0.880780640124902,0.0892573551355355,TRUE,0,64.0800000000002,0.625999999999976,""
"H4_G1-3-3-3_lambda12",4,"1,3,3,3",12,3,-10621.449527284,30744,-0.345480403567654,0.846604215456675,0.108268347731541,TRUE,0,45.48,0.73700000000008,""
"H4_G1-3-3-3_lambda12",4,"1,3,3,3",12,4,-9386.88708022168,30744,-0.305324195947882,0.870576372625553,0.0930556510580957,TRUE,0,49.921,0.669000000000096,""
"H4_G1-3-3-3_lambda12",4,"1,3,3,3",12,5,-9464.63646541896,30744,-0.307853124688361,0.872658079625293,0.0933773202850938,TRUE,0,106.251,0.417999999999893,""
"H4_G1-3-3-3_lambda2",4,"1,3,3,3",2,1,-10590.7132193644,32025,-0.330701427614812,0.860889929742389,0.100461995529078,TRUE,0,45.844,0.727000000000089,""
"H4_G1-3-3-3_lambda2",4,"1,3,3,3",2,2,-9338.62990437937,32025,-0.291604368598887,0.881155347384856,0.0871591125188722,TRUE,0,40.0140000000001,1.11200000000008,""
"H4_G1-3-3-3_lambda2",4,"1,3,3,3",2,3,-10138.1261659634,30744,-0.329759503186422,0.856687483736664,0.101347643542976,TRUE,0,31.9200000000001,1.10299999999984,""
"H4_G1-3-3-3_lambda2",4,"1,3,3,3",2,4,-9251.1386273134,30744,-0.300908750563147,0.874251886546969,0.0913556597432642,TRUE,0,45.242,1.13000000000011,""
"H4_G1-3-3-3_lambda2",4,"1,3,3,3",2,5,-9106.92231105994,30744,-0.296217873765936,0.881375227686703,0.0883636885039372,TRUE,0,51.4870000000001,0.794999999999845,""
"H4_G1-3-3-3_lambda4",4,"1,3,3,3",4,1,-10398.7575751043,32025,-0.324707496490378,0.859953161592506,0.100563459785955,TRUE,0,49.857,0.853000000000065,""
"H4_G1-3-3-3_lambda4",4,"1,3,3,3",4,2,-9109.77855204455,32025,-0.284458346668058,0.883028883684621,0.0860229351575466,TRUE,0,56.7760000000001,0.585000000000036,""
"H4_G1-3-3-3_lambda4",4,"1,3,3,3",4,3,-10133.594030773,30744,-0.329612087912209,0.854865990111892,0.102128876493534,TRUE,0,47.4799999999998,1.01700000000005,""
"H4_G1-3-3-3_lambda4",4,"1,3,3,3",4,4,-9116.9037832769,30744,-0.296542537837526,0.874479573250065,0.0909943737750823,TRUE,0,52.3779999999999,0.669000000000096,""
"H4_G1-3-3-3_lambda4",4,"1,3,3,3",4,5,-9038.8180257516,30744,-0.294002668024707,0.879456154046318,0.0890576075968668,TRUE,0,37.3520000000001,1.04399999999987,""
"H4_G1-3-3-3_lambda8",4,"1,3,3,3",8,1,-10680.4454484629,32025,-0.333503370756063,0.855456674473068,0.103849894107281,TRUE,0,54.827,0.647000000000162,""
"H4_G1-3-3-3_lambda8",4,"1,3,3,3",8,2,-9397.22276672875,32025,-0.2934339661742,0.880999219359875,0.0889371130211953,TRUE,0,46.855,1,""
"H4_G1-3-3-3_lambda8",4,"1,3,3,3",8,3,-10336.7708562645,30744,-0.33622075384675,0.850474889409316,0.105336762583895,TRUE,0,52.8129999999999,0.75,""
"H4_G1-3-3-3_lambda8",4,"1,3,3,3",8,4,-9235.1372490604,30744,-0.300388278983229,0.872593026281551,0.0922613598358992,TRUE,0,50.594,0.826999999999998,""
"H4_G1-3-3-3_lambda8",4,"1,3,3,3",8,5,-9255.61747073555,30744,-0.301054432433501,0.873731459797034,0.091607863397222,TRUE,0,143.001,0.388999999999896,""
"H4_G2-2-2-2_lambda0",4,"2,2,2,2",0,1,-17070.9697199076,32025,-0.533051357374165,0.850835284933646,0.111116268609792,TRUE,0,72.5160000000001,0.683999999999969,""
"H4_G2-2-2-2_lambda0",4,"2,2,2,2",0,2,-11649.0313283467,32025,-0.363748050846112,0.875846994535519,0.0921427950876068,TRUE,0,62.0990000000002,0.669999999999845,""
"H4_G2-2-2-2_lambda0",4,"2,2,2,2",0,3,-13572.2552556165,30744,-0.441460293248,0.853369763205829,0.106078381895502,TRUE,0,67.8239999999998,0.615000000000009,""
"H4_G2-2-2-2_lambda0",4,"2,2,2,2",0,4,-12394.1220175807,30744,-0.403139539994168,0.869015092375748,0.0967991167663939,TRUE,0,66.981,0.626999999999953,""
"H4_G2-2-2-2_lambda0",4,"2,2,2,2",0,5,-12306.0552686912,30744,-0.400275021750298,0.872072599531616,0.0953645925444791,TRUE,0,72.154,0.619999999999891,""
"H4_G2-2-2-2_lambda1",4,"2,2,2,2",1,1,-11049.6218494612,32025,-0.345031127227517,0.858891491022639,0.10269294457077,TRUE,0,43.249,0.817999999999984,""
"H4_G2-2-2-2_lambda1",4,"2,2,2,2",1,2,-9576.62396101036,32025,-0.299035877002665,0.88015612802498,0.0877338712056408,TRUE,0,36.0140000000001,0.999000000000024,""
"H4_G2-2-2-2_lambda1",4,"2,2,2,2",1,3,-10371.3590043705,30744,-0.337345791190817,0.857500650533437,0.101538432849244,TRUE,0,34.0140000000001,1.27800000000002,""
"H4_G2-2-2-2_lambda1",4,"2,2,2,2",1,4,-9443.18057765875,30744,-0.307155236067485,0.873406193078324,0.0920779508926393,TRUE,0,34.796,1.17499999999995,""
"H4_G2-2-2-2_lambda1",4,"2,2,2,2",1,5,-9356.97245764098,30744,-0.304351172835057,0.88023679417122,0.088864183763001,TRUE,0,36.0279999999998,1.01400000000012,""
"H4_G2-2-2-2_lambda12",4,"2,2,2,2",12,1,-10963.9832850337,32025,-0.34235701124227,0.853208430913349,0.106409731618062,TRUE,0,53.8809999999999,0.37700000000018,""
"H4_G2-2-2-2_lambda12",4,"2,2,2,2",12,2,-9483.5671073886,32025,-0.296130120449293,0.879906323185012,0.0894397321327404,TRUE,0,44.616,0.587999999999965,""
"H4_G2-2-2-2_lambda12",4,"2,2,2,2",12,3,-10652.9165853159,30744,-0.346503922239002,0.847222222222222,0.108454660403655,TRUE,0,52.7760000000001,0.399999999999864,""
"H4_G2-2-2-2_lambda12",4,"2,2,2,2",12,4,-9493.61452042856,30744,-0.308795684375116,0.869600572469425,0.0942928078026707,TRUE,0,48.7650000000001,0.398999999999887,""
"H4_G2-2-2-2_lambda12",4,"2,2,2,2",12,5,-9519.04142359637,30744,-0.309622736911149,0.869405412438199,0.0943687881696936,TRUE,0,52.037,0.402000000000044,""
"H4_G2-2-2-2_lambda2",4,"2,2,2,2",2,1,-10599.8352619382,32025,-0.330986268912979,0.859984387197502,0.100723457257322,TRUE,0,43.614,0.668999999999869,""
"H4_G2-2-2-2_lambda2",4,"2,2,2,2",2,2,-9296.76724033592,32025,-0.290297181587382,0.881092896174863,0.0867914363582772,TRUE,0,39.835,0.778999999999996,""
"H4_G2-2-2-2_lambda2",4,"2,2,2,2",2,3,-10161.4119766953,30744,-0.33051691311135,0.857045277127244,0.101208627639338,TRUE,0,37.8019999999999,0.814000000000078,""
"H4_G2-2-2-2_lambda2",4,"2,2,2,2",2,4,-9219.83170490326,30744,-0.299890440570624,0.87431693989071,0.0912417573303429,TRUE,0,37.444,0.845000000000027,""
"H4_G2-2-2-2_lambda2",4,"2,2,2,2",2,5,-9090.09856128766,30744,-0.295670653177454,0.881245120999219,0.088085605596425,TRUE,0,37.3510000000001,0.906999999999925,""
"H4_G2-2-2-2_lambda4",4,"2,2,2,2",4,1,-10462.0662466878,32025,-0.326684348062072,0.858922716627635,0.101284747564172,TRUE,0,46.2659999999998,0.561000000000149,""
"H4_G2-2-2-2_lambda4",4,"2,2,2,2",4,2,-9128.6507349224,32025,-0.285047641996015,0.882997658079625,0.0861982770067081,TRUE,0,48.116,0.554000000000087,""
"H4_G2-2-2-2_lambda4",4,"2,2,2,2",4,3,-10147.681794625,30744,-0.330070315984421,0.854963570127505,0.102430435851956,TRUE,0,39.952,0.758000000000038,""
"H4_G2-2-2-2_lambda4",4,"2,2,2,2",4,4,-9081.56078746671,30744,-0.295392947809872,0.874479573250065,0.0907338537685127,TRUE,0,49.049,0.409000000000106,""
"H4_G2-2-2-2_lambda4",4,"2,2,2,2",4,5,-9042.74444799569,30744,-0.294130381472668,0.880009107468124,0.0889119892024735,TRUE,0,39.827,0.81899999999996,""
"H4_G2-2-2-2_lambda8",4,"2,2,2,2",8,1,-10662.1992607972,32025,-0.332933622507329,0.856455893832943,0.103590536169753,TRUE,0,54.3320000000001,0.567000000000007,""
"H4_G2-2-2-2_lambda8",4,"2,2,2,2",8,2,-9311.73294771215,32025,-0.2907644948544,0.882185792349727,0.0881602950859825,TRUE,0,47.8320000000001,0.723999999999933,""
"H4_G2-2-2-2_lambda8",4,"2,2,2,2",8,3,-10418.3840303794,30744,-0.338875358781532,0.848783502472027,0.106351382270633,TRUE,0,53.771,0.563999999999851,""
"H4_G2-2-2-2_lambda8",4,"2,2,2,2",8,4,-9205.8445257359,30744,-0.299435484183447,0.871649752797294,0.091895385074279,TRUE,0,46.442,0.692000000000007,""
"H4_G2-2-2-2_lambda8",4,"2,2,2,2",8,5,-9344.37941954768,30744,-0.303941563217138,0.872170179547229,0.092826128464409,TRUE,0,38.7439999999999,0.97400000000016,""
"H4_G2-2-2-3_lambda0",4,"2,2,2,3",0,1,-17041.6167786168,32025,-0.532134794023943,0.852365339578454,0.110596301295351,TRUE,0,68.856,0.675999999999931,""
"H4_G2-2-2-3_lambda0",4,"2,2,2,3",0,2,-11653.5419358368,32025,-0.363888897293891,0.875753317720531,0.0921325124137106,TRUE,0,57.5830000000001,0.653999999999996,""
"H4_G2-2-2-3_lambda0",4,"2,2,2,3",0,3,-13793.8839604428,30744,-0.448669137407064,0.854378090033828,0.106081050052719,TRUE,0,67.722,0.645999999999958,""
"H4_G2-2-2-3_lambda0",4,"2,2,2,3",0,4,-12337.5860776975,30744,-0.401300614028672,0.869828259172521,0.0965584676040465,TRUE,0,67.3910000000001,0.471000000000004,""
"H4_G2-2-2-3_lambda0",4,"2,2,2,3",0,5,-12249.2206274809,30744,-0.398426380024748,0.871909966172261,0.0952181392445306,TRUE,0,68.528,0.615999999999985,""
"H4_G2-2-2-3_lambda1",4,"2,2,2,3",1,1,-11020.7441956765,32025,-0.344129405017222,0.858704137392662,0.102535118536974,TRUE,0,41.4749999999999,0.81899999999996,""
"H4_G2-2-2-3_lambda1",4,"2,2,2,3",1,2,-9582.95555573146,32025,-0.299233584878422,0.879937548790008,0.0878625158089164,TRUE,0,35.9540000000002,1.10299999999984,""
"H4_G2-2-2-3_lambda1",4,"2,2,2,3",1,3,-10385.6969715165,30744,-0.337812157543471,0.857468123861566,0.101645624856726,TRUE,0,34.5599999999999,1.28899999999999,""
"H4_G2-2-2-3_lambda1",4,"2,2,2,3",1,4,-9434.31394188242,30744,-0.306866833914989,0.873406193078324,0.0919974431528529,TRUE,0,35.2080000000001,1.10199999999986,""
"H4_G2-2-2-3_lambda1",4,"2,2,2,3",1,5,-9361.88939466801,30744,-0.304511104432345,0.880724694249284,0.0888383480909557,TRUE,0,39.3999999999999,0.937000000000126,""
"H4_G2-2-2-3_lambda12",4,"2,2,2,3",12,1,-10887.784401053,32025,-0.339977654989945,0.854113973458236,0.105560460573545,TRUE,0,55.5720000000001,0.466999999999871,""
"H4_G2-2-2-3_lambda12",4,"2,2,2,3",12,2,-9482.77074541492,32025,-0.296105253564869,0.880281030444965,0.089428884573512,TRUE,0,45.2850000000001,0.730000000000018,""
"H4_G2-2-2-3_lambda12",4,"2,2,2,3",12,3,-10719.3619722527,30744,-0.348665169537233,0.845530835284934,0.109310081505682,TRUE,0,51.8209999999999,0.61200000000008,""
"H4_G2-2-2-3_lambda12",4,"2,2,2,3",12,4,-9467.68569225983,30744,-0.307952305889274,0.870446265938069,0.093907557569544,TRUE,0,52.328,0.490000000000009,""
"H4_G2-2-2-3_lambda12",4,"2,2,2,3",12,5,-9519.03806632759,30744,-0.309622627710369,0.869633099141296,0.0943724938216252,TRUE,0,56.0620000000001,0.408999999999878,""
"H4_G2-2-2-3_lambda2",4,"2,2,2,3",2,1,-10628.1790998562,32025,-0.331871322399881,0.860702576112412,0.100884533825068,TRUE,0,46.471,0.805000000000064,""
"H4_G2-2-2-3_lambda2",4,"2,2,2,3",2,2,-9311.81533997434,32025,-0.290767067602634,0.88128024980484,0.0869818887379875,TRUE,0,40.4670000000001,1.05799999999999,""
"H4_G2-2-2-3_lambda2",4,"2,2,2,3",2,3,-10172.412936742,30744,-0.330874737729053,0.856687483736664,0.10130950832107,TRUE,0,40.298,0.982999999999947,""
"H4_G2-2-2-3_lambda2",4,"2,2,2,3",2,4,-9216.84821220512,30744,-0.299793397482602,0.874447046578194,0.0912563174470537,TRUE,0,40.481,1.09699999999998,""
"H4_G2-2-2-3_lambda2",4,"2,2,2,3",2,5,-9083.12694334486,30744,-0.295443889648219,0.881147540983607,0.0880648488316581,TRUE,0,38.3410000000001,1.12299999999982,""
"H4_G2-2-2-3_lambda4",4,"2,2,2,3",4,1,-10494.2703367719,32025,-0.327689940258295,0.858672911787666,0.101527513340236,TRUE,0,50.278,0.667000000000144,""
"H4_G2-2-2-3_lambda4",4,"2,2,2,3",4,2,-9129.35958197682,32025,-0.28506977617414,0.883466042154567,0.0861758321362249,TRUE,0,48.152,0.808999999999969,""
"H4_G2-2-2-3_lambda4",4,"2,2,2,3",4,3,-10150.6528961499,30744,-0.330166956028814,0.854345563361957,0.102485748470782,TRUE,0,41.608,0.983000000000175,""
"H4_G2-2-2-3_lambda4",4,"2,2,2,3",4,4,-9111.74808517489,30744,-0.296374840137096,0.873829039812646,0.0911405524198047,TRUE,0,52.1019999999999,0.592000000000098,""
"H4_G2-2-2-3_lambda4",4,"2,2,2,3",4,5,-9047.61036321632,30744,-0.294288653500401,0.880009107468124,0.089005044083338,TRUE,0,41.954,0.93100000000004,""
"H4_G2-2-2-3_lambda8",4,"2,2,2,3",8,1,-10687.9121955365,32025,-0.333736524450789,0.854707259953162,0.103919977247924,TRUE,0,53.1819999999998,0.52800000000002,""
"H4_G2-2-2-3_lambda8",4,"2,2,2,3",8,2,-9209.29496274453,32025,-0.287565806799205,0.882498048399688,0.0873188554304375,TRUE,0,56.3050000000001,0.42899999999986,""
"H4_G2-2-2-3_lambda8",4,"2,2,2,3",8,3,-10440.0960224961,30744,-0.339581577624776,0.848620869112672,0.106540211425512,TRUE,0,58.1419999999998,0.421000000000049,""
"H4_G2-2-2-3_lambda8",4,"2,2,2,3",8,4,-9198.14298213365,30744,-0.299184978601797,0.871584699453552,0.0918070941845212,TRUE,0,50.7249999999999,0.66800000000012,""
"H4_G2-2-2-3_lambda8",4,"2,2,2,3",8,5,-9311.97152521288,30744,-0.302887442272082,0.872983346344002,0.092401319472006,TRUE,0,72.066,0.413000000000011,""
"H4_G2-2-3-3_lambda0",4,"2,2,3,3",0,1,-16673.9115965565,32025,-0.52065297725391,0.853239656518345,0.109884926526923,TRUE,0,77.8220000000001,0.698000000000093,""
"H4_G2-2-3-3_lambda0",4,"2,2,3,3",0,2,-11787.0463017268,32025,-0.368057651888423,0.875940671350507,0.0922987490696224,TRUE,0,76.0569999999998,0.665000000000191,""
"H4_G2-2-3-3_lambda0",4,"2,2,3,3",0,3,-13790.6748813672,30744,-0.448564756744964,0.854540723393182,0.106054913338373,TRUE,0,80.855,0.673999999999978,""
"H4_G2-2-3-3_lambda0",4,"2,2,3,3",0,4,-12276.4133366533,30744,-0.399310868353282,0.869307832422586,0.0966125239856511,TRUE,0,80.8609999999999,0.598000000000184,""
"H4_G2-2-3-3_lambda0",4,"2,2,3,3",0,5,-12357.602756306,30744,-0.401951689965718,0.871129326047359,0.095686825765632,TRUE,0,81.1960000000001,0.649999999999864,""
"H4_G2-2-3-3_lambda1",4,"2,2,3,3",1,1,-11033.1965115888,32025,-0.344518236115184,0.857736143637783,0.102713076251038,TRUE,0,54.1960000000001,0.854000000000042,""
"H4_G2-2-3-3_lambda1",4,"2,2,3,3",1,2,-9594.13752816388,32025,-0.299582748732674,0.880031225604996,0.0878315973665204,TRUE,0,49.021,1.25299999999993,""
"H4_G2-2-3-3_lambda1",4,"2,2,3,3",1,3,-10392.1141935614,30744,-0.338020888419248,0.857338017174083,0.101687559777278,TRUE,0,47.1379999999999,1.24000000000001,""
"H4_G2-2-3-3_lambda1",4,"2,2,3,3",1,4,-9441.02036581923,30744,-0.307084971565809,0.873080926359615,0.0921395866860486,TRUE,0,46.6300000000001,1.37899999999991,""
"H4_G2-2-3-3_lambda1",4,"2,2,3,3",1,5,-9362.64474991779,30744,-0.3045356736247,0.880399427530575,0.0888674607301163,TRUE,0,48.008,1.25199999999995,""
"H4_G2-2-3-3_lambda12",4,"2,2,3,3",12,1,-10976.4400261864,32025,-0.342745980521043,0.852334113973458,0.106718923384247,TRUE,0,64.039,0.497000000000071,""
"H4_G2-2-3-3_lambda12",4,"2,2,3,3",12,2,-9514.12641697079,32025,-0.29708435337926,0.87928181108509,0.0897765556940706,TRUE,0,65.4859999999999,0.531999999999925,""
"H4_G2-2-3-3_lambda12",4,"2,2,3,3",12,3,-10668.80619193,30744,-0.347020758259499,0.846278948737965,0.108676465663515,TRUE,0,60.877,0.657000000000153,""
"H4_G2-2-3-3_lambda12",4,"2,2,3,3",12,4,-9490.51670104283,30744,-0.308694922620441,0.870381212594327,0.0942583701124328,TRUE,0,52.039,1.00199999999995,""
"H4_G2-2-3-3_lambda12",4,"2,2,3,3",12,5,-9621.09941298132,30744,-0.312942343643681,0.8683970856102,0.095562512607573,TRUE,0,59.8430000000001,0.627999999999929,""
"H4_G2-2-3-3_lambda2",4,"2,2,3,3",2,1,-10650.289711168,32025,-0.332561739614927,0.860577673692428,0.100915336668155,TRUE,0,57.537,0.741999999999962,""
"H4_G2-2-3-3_lambda2",4,"2,2,3,3",2,2,-9319.40356241828,32025,-0.291004014439291,0.881373926619828,0.0869888366088947,TRUE,0,53.587,0.883000000000038,""
"H4_G2-2-3-3_lambda2",4,"2,2,3,3",2,3,-10179.506512761,30744,-0.331105468148615,0.856622430392922,0.101411699127343,TRUE,0,51.741,1.24199999999996,""
"H4_G2-2-3-3_lambda2",4,"2,2,3,3",2,4,-9247.71390295425,30744,-0.300797355677669,0.873991673172001,0.0915072905890914,TRUE,0,45.3610000000001,0.731999999999971,""
"H4_G2-2-3-3_lambda2",4,"2,2,3,3",2,5,-9085.67863400633,30744,-0.295526887653081,0.88196070778038,0.0880371792770307,TRUE,0,38.6580000000001,1.16999999999985,""
"H4_G2-2-3-3_lambda4",4,"2,2,3,3",4,1,-10486.0208515093,32025,-0.327432345090063,0.858579234972678,0.101400379374714,TRUE,0,48.3520000000001,0.557999999999993,""
"H4_G2-2-3-3_lambda4",4,"2,2,3,3",4,2,-9121.98604569966,32025,-0.284839533042925,0.883715846994536,0.0860856337305497,TRUE,0,42.837,1.06299999999987,""
"H4_G2-2-3-3_lambda4",4,"2,2,3,3",4,3,-10153.6192838736,30744,-0.330263442748945,0.854280510018215,0.102551027664808,TRUE,0,42.2359999999999,1.09699999999998,""
"H4_G2-2-3-3_lambda4",4,"2,2,3,3",4,4,-9111.38139093258,30744,-0.2963629127938,0.874024199843872,0.0911552998518158,TRUE,0,60.3240000000001,0.482999999999947,""
"H4_G2-2-3-3_lambda4",4,"2,2,3,3",4,5,-9043.79357992525,30744,-0.29416450624269,0.880431954202446,0.0888362440872595,TRUE,0,43.0070000000001,0.884999999999991,""
"H4_G2-2-3-3_lambda8",4,"2,2,3,3",8,1,-10708.7079870138,32025,-0.334385885621041,0.853801717408275,0.104208028331193,TRUE,0,47.1719999999998,0.713000000000193,""
"H4_G2-2-3-3_lambda8",4,"2,2,3,3",8,2,-9348.41145236268,32025,-0.291909803352465,0.881061670569867,0.0885796090362142,TRUE,0,51.146,0.655999999999949,""
"H4_G2-2-3-3_lambda8",4,"2,2,3,3",8,3,-10400.1665624969,30744,-0.338282805181398,0.848458235753318,0.106077524667021,TRUE,0,50.9770000000001,0.618999999999915,""
"H4_G2-2-3-3_lambda8",4,"2,2,3,3",8,4,-9288.88772938861,30744,-0.30213660321977,0.87187743950039,0.0926385194267884,TRUE,0,50.174,0.582999999999856,""
"H4_G2-2-3-3_lambda8",4,"2,2,3,3",8,5,-9311.19355425157,30744,-0.302862137465898,0.872365339578454,0.0924525283631045,TRUE,0,58.0509999999999,0.625,""
"H4_G2-3-3-3_lambda0",4,"2,3,3,3",0,1,-16967.1102854932,32025,-0.529808283700023,0.851584699453552,0.110828559107237,TRUE,0,69.0530000000001,0.70900000000006,""
"H4_G2-3-3-3_lambda0",4,"2,3,3,3",0,2,-11829.5348237671,32025,-0.369384381694524,0.875160031225605,0.0922984025622809,TRUE,0,70.4849999999999,0.631000000000085,""
"H4_G2-3-3-3_lambda0",4,"2,3,3,3",0,3,-13647.2754693607,30744,-0.443900451124144,0.854768410096279,0.105797281004869,TRUE,0,71.6590000000001,0.646999999999935,""
"H4_G2-3-3-3_lambda0",4,"2,3,3,3",0,4,-12362.1639735594,30744,-0.40210005118265,0.868494665625813,0.0974140712426571,TRUE,0,72.685,0.585000000000036,""
"H4_G2-3-3-3_lambda0",4,"2,3,3,3",0,5,-12362.5159069871,30744,-0.402111498405774,0.871031746031746,0.0956826117744043,TRUE,0,71.6990000000001,0.636999999999944,""
"H4_G2-3-3-3_lambda1",4,"2,3,3,3",1,1,-11048.160607944,32025,-0.344985499077097,0.857642466822795,0.102829675184417,TRUE,0,48.153,0.779999999999973,""
"H4_G2-3-3-3_lambda1",4,"2,3,3,3",1,2,-9594.36526998308,32025,-0.299589860108761,0.88,0.0878409105349048,TRUE,0,37.281,1.36200000000008,""
"H4_G2-3-3-3_lambda1",4,"2,3,3,3",1,3,-10391.7984072581,30744,-0.338010616941779,0.857370543845954,0.10168639354688,TRUE,0,35.7119999999998,1.02200000000039,""
"H4_G2-3-3-3_lambda1",4,"2,3,3,3",1,4,-9435.30982680558,30744,-0.306899226737106,0.873438719750195,0.0919930666015906,TRUE,0,38.377,1.07900000000018,""
"H4_G2-3-3-3_lambda1",4,"2,3,3,3",1,5,-9358.51339193253,30744,-0.304401294299133,0.880497007546188,0.0888391678804279,TRUE,0,37.7800000000002,1.20299999999997,""
"H4_G2-3-3-3_lambda12",4,"2,3,3,3",12,1,-10987.4318275472,32025,-0.343089206168532,0.852115534738486,0.106823323069805,TRUE,0,52.3869999999999,0.420000000000073,""
"H4_G2-3-3-3_lambda12",4,"2,3,3,3",12,2,-9455.56555280933,32025,-0.295255754966724,0.880281030444965,0.0890573013451591,TRUE,0,55.789,0.469000000000051,""
"H4_G2-3-3-3_lambda12",4,"2,3,3,3",12,3,-10668.833756692,30744,-0.347021654849465,0.846278948737965,0.108676962289401,TRUE,0,50.4860000000001,0.58199999999988,""
"H4_G2-3-3-3_lambda12",4,"2,3,3,3",12,4,-9471.91437561059,30744,-0.30808985088507,0.870543845953682,0.0939515857091217,TRUE,0,51.5840000000001,0.413000000000011,""
"H4_G2-3-3-3_lambda12",4,"2,3,3,3",12,5,-9433.91651332585,30744,-0.306853906886737,0.873341139734582,0.0930355916611716,TRUE,0,96.5080000000003,0.376999999999953,""
"H4_G2-3-3-3_lambda2",4,"2,3,3,3",2,1,-10663.1347225111,32025,-0.332962832865297,0.860140515222482,0.101034209003173,TRUE,0,45.1709999999998,0.851000000000113,""
"H4_G2-3-3-3_lambda2",4,"2,3,3,3",2,2,-9316.9648873914,32025,-0.290927865336187,0.881373926619828,0.0869380857557624,TRUE,0,42.3330000000001,0.876999999999953,""
"H4_G2-3-3-3_lambda2",4,"2,3,3,3",2,3,-10180.4426922526,30744,-0.33113591895175,0.856785063752277,0.101429167705958,TRUE,0,40.1050000000002,0.960999999999785,""
"H4_G2-3-3-3_lambda2",4,"2,3,3,3",2,4,-9217.58634407046,30744,-0.299817406455583,0.874512099921936,0.0912551126039659,TRUE,0,40.1549999999997,0.735000000000127,""
"H4_G2-3-3-3_lambda2",4,"2,3,3,3",2,5,-9109.64123267404,30744,-0.296306311237121,0.880822274264897,0.0883332610463673,TRUE,0,78.4290000000001,0.436999999999898,""
"H4_G2-3-3-3_lambda4",4,"2,3,3,3",4,1,-10492.7879307105,32025,-0.327643651232177,0.85864168618267,0.101475532238386,TRUE,0,48.517,0.628999999999905,""
"H4_G2-3-3-3_lambda4",4,"2,3,3,3",4,2,-9104.62089426724,32025,-0.284297295683599,0.883341139734582,0.0860196992895926,TRUE,0,59.646,0.478000000000065,""
"H4_G2-3-3-3_lambda4",4,"2,3,3,3",4,3,-10150.7585543947,30744,-0.330170392739876,0.85444314337757,0.102504647857097,TRUE,0,46.454,0.615000000000236,""
"H4_G2-3-3-3_lambda4",4,"2,3,3,3",4,4,-9148.82536287376,30744,-0.297580840582675,0.874154306531356,0.0911131508038882,TRUE,0,50.8099999999997,0.562000000000353,""
"H4_G2-3-3-3_lambda4",4,"2,3,3,3",4,5,-9021.02769657652,30744,-0.293424007825153,0.880887327608639,0.0886976844493339,TRUE,0,44.0130000000004,0.976999999999862,""
"H4_G2-3-3-3_lambda8",4,"2,3,3,3",8,1,-10728.4472811738,32025,-0.335002257023382,0.853427010148322,0.104432143739193,TRUE,0,47.7729999999997,0.721000000000004,""
"H4_G2-3-3-3_lambda8",4,"2,3,3,3",8,2,-9208.21907127765,32025,-0.287532211437241,0.882060889929742,0.0873122807030899,TRUE,0,59.5100000000002,0.615999999999985,""
"H4_G2-3-3-3_lambda8",4,"2,3,3,3",8,3,-10400.0671952781,30744,-0.338279573096477,0.848458235753318,0.106077083811757,TRUE,0,52.9450000000002,0.657999999999902,""
"H4_G2-3-3-3_lambda8",4,"2,3,3,3",8,4,-9245.91690425092,30744,-0.300738905290493,0.872300286234712,0.0922496697856703,TRUE,0,60.7689999999998,0.378000000000156,""
"H4_G2-3-3-3_lambda8",4,"2,3,3,3",8,5,-9260.01908074942,30744,-0.301197602158126,0.873698933125163,0.0917048909321567,TRUE,0,81.25,0.403999999999996,""
"H4_G3-3-3-3_lambda0",4,"3,3,3,3",0,1,-16962.4386530369,32025,-0.529662409150253,0.850835284933646,0.111086365251662,TRUE,0,71.8040000000001,0.713000000000193,""
"H4_G3-3-3-3_lambda0",4,"3,3,3,3",0,2,-11814.5056914741,32025,-0.368915087946106,0.875565964090554,0.0924806909784981,TRUE,0,70.1500000000001,0.742000000000189,""
"H4_G3-3-3-3_lambda0",4,"3,3,3,3",0,3,-13640.7828763001,30744,-0.443689268680069,0.854605776736924,0.105722855908233,TRUE,0,75.0920000000001,0.675999999999931,""
"H4_G3-3-3-3_lambda0",4,"3,3,3,3",0,4,-12125.569577151,30744,-0.394404422884173,0.870348685922456,0.0957893090929435,TRUE,0,70.1800000000003,0.695999999999913,""
"H4_G3-3-3-3_lambda0",4,"3,3,3,3",0,5,-12287.7893687997,30744,-0.3996808928181,0.872007546187874,0.0954686990144811,TRUE,0,74.0349999999999,0.654999999999745,""
"H4_G3-3-3-3_lambda1",4,"3,3,3,3",1,1,-11038.4658250022,32025,-0.344682773614433,0.857704918032787,0.102793342694242,TRUE,0,45.7489999999998,0.990000000000236,""
"H4_G3-3-3-3_lambda1",4,"3,3,3,3",1,2,-9594.70901080756,32025,-0.299600593623968,0.880062451209992,0.0878308177251038,TRUE,0,39.645,1.27600000000029,""
"H4_G3-3-3-3_lambda1",4,"3,3,3,3",1,3,-10392.2550073961,30744,-0.338025468624647,0.857305490502212,0.101689832048444,TRUE,0,37.781,1.41599999999971,""
"H4_G3-3-3-3_lambda1",4,"3,3,3,3",1,4,-9460.74844192434,30744,-0.307726660223925,0.873633879781421,0.0921622134357728,TRUE,0,44.3820000000001,0.953999999999724,""
"H4_G3-3-3-3_lambda1",4,"3,3,3,3",1,5,-9355.18455094616,30744,-0.304293018180658,0.880497007546188,0.0887989671588182,TRUE,0,49.9520000000002,0.823999999999614,""
"H4_G3-3-3-3_lambda12",4,"3,3,3,3",12,1,-10959.8300683232,32025,-0.342227324537804,0.851990632318501,0.106532742508296,TRUE,0,51.7580000000003,0.634999999999764,""
"H4_G3-3-3-3_lambda12",4,"3,3,3,3",12,2,-9493.60052816834,32025,-0.29644342008332,0.879469164715066,0.089580094090837,TRUE,0,50.2650000000003,0.743999999999687,""
"H4_G3-3-3-3_lambda12",4,"3,3,3,3",12,3,-10668.8469624053,30744,-0.347022084387369,0.846246422066094,0.108677038421889,TRUE,0,54.7139999999999,0.648000000000138,""
"H4_G3-3-3-3_lambda12",4,"3,3,3,3",12,4,-9461.80002259205,30744,-0.307760864643249,0.870251105906844,0.093851323383682,TRUE,0,57.221,0.400000000000091,""
"H4_G3-3-3-3_lambda12",4,"3,3,3,3",12,5,-9478.8129301417,30744,-0.308314237904687,0.87187743950039,0.0936533514524994,TRUE,0,81.0609999999997,0.390000000000327,""
"H4_G3-3-3-3_lambda2",4,"3,3,3,3",2,1,-10653.1034270972,32025,-0.332649599597102,0.86048399687744,0.100929832667809,TRUE,0,49.6890000000003,1.03899999999976,""
"H4_G3-3-3-3_lambda2",4,"3,3,3,3",2,2,-9319.75426485302,32025,-0.291014965334989,0.881405152224824,0.0869936648629261,TRUE,0,45.1890000000003,1.30399999999963,""
"H4_G3-3-3-3_lambda2",4,"3,3,3,3",2,3,-10179.9163420265,30744,-0.331118798530657,0.856752537080406,0.101421658691878,TRUE,0,41.6930000000002,1.46000000000004,""
"H4_G3-3-3-3_lambda2",4,"3,3,3,3",2,4,-9235.71921842242,30744,-0.300407208509706,0.87464220660942,0.0913780064478686,TRUE,0,51.9829999999997,0.782000000000153,""
"H4_G3-3-3-3_lambda2",4,"3,3,3,3",2,5,-9080.86135658552,30744,-0.295370197651103,0.882155867811605,0.0880121279956448,TRUE,0,45.1949999999997,1.24800000000005,""
"H4_G3-3-3-3_lambda4",4,"3,3,3,3",4,1,-10495.6724499341,32025,-0.327733722090058,0.858204527712724,0.101528995414813,TRUE,0,52.8620000000001,0.858000000000175,""
"H4_G3-3-3-3_lambda4",4,"3,3,3,3",4,2,-9068.12878538753,32025,-0.283157807506246,0.883528493364559,0.0856999519828409,TRUE,0,80.3699999999999,0.434999999999945,""
"H4_G3-3-3-3_lambda4",4,"3,3,3,3",4,3,-10150.550320839,30744,-0.330163619595337,0.854345563361957,0.102504787929642,TRUE,0,49.0880000000002,1.17500000000018,""
"H4_G3-3-3-3_lambda4",4,"3,3,3,3",4,4,-9114.34997341644,30744,-0.296459470902174,0.874154306531356,0.09109439354817,TRUE,0,56.1210000000001,0.489999999999782,""
"H4_G3-3-3-3_lambda4",4,"3,3,3,3",4,5,-9074.90615572938,30744,-0.29517649478693,0.880301847514962,0.0891262126063795,TRUE,0,58.4929999999999,0.463000000000193,""
"H4_G3-3-3-3_lambda8",4,"3,3,3,3",8,1,-10711.4184870393,32025,-0.33447052262418,0.853489461358314,0.10423720069224,TRUE,0,51.2000000000003,0.715000000000146,""
"H4_G3-3-3-3_lambda8",4,"3,3,3,3",8,2,-9319.00721486152,32025,-0.290991638247042,0.880999219359875,0.0884471015004812,TRUE,0,57.7539999999999,0.467000000000098,""
"H4_G3-3-3-3_lambda8",4,"3,3,3,3",8,3,-10400.1093533899,30744,-0.338280944359547,0.848555815768931,0.10607755902243,TRUE,0,54.8939999999998,0.624000000000251,""
"H4_G3-3-3-3_lambda8",4,"3,3,3,3",8,4,-9291.29958635071,30744,-0.302215052899776,0.87187743950039,0.0926656956798934,TRUE,0,53.8429999999998,0.617000000000189,""
"H4_G3-3-3-3_lambda8",4,"3,3,3,3",8,5,-9231.22777973094,30744,-0.30026111695716,0.87431693989071,0.0915715889332239,TRUE,0,49.9640000000004,0.942000000000007,""
"H5_G1-2-2-2-2_lambda0",5,"1,2,2,2,2",0,1,-20471.2216391914,32025,-0.63922628069294,0.853770491803279,0.111618546971663,TRUE,0,116.706,1.01200000000017,""
"H5_G1-2-2-2-2_lambda0",5,"1,2,2,2,2",0,2,-13566.5982737238,32025,-0.423625238836029,0.876034348165496,0.0936699687316842,TRUE,0,100.247,1.07699999999977,""
"H5_G1-2-2-2-2_lambda0",5,"1,2,2,2,2",0,3,-17398.0132020145,30744,-0.565899466628106,0.850865209471767,0.111060194663241,FALSE,0,111.877,0.944999999999709,""
"H5_G1-2-2-2-2_lambda0",5,"1,2,2,2,2",0,4,-14626.0231736067,30744,-0.475735856544585,0.870055945875618,0.0981179242184463,TRUE,0,118.566,0.855999999999767,""
"H5_G1-2-2-2-2_lambda0",5,"1,2,2,2,2",0,5,-15371.3538225152,30744,-0.49997898199698,0.869307832422586,0.100330499628888,TRUE,0,106.253,1.03800000000001,""
"H5_G1-2-2-2-2_lambda1",5,"1,2,2,2,2",1,1,-11054.0414353954,32025,-0.345169131472143,0.85879781420765,0.102548448078777,TRUE,0,57.0880000000002,1.45599999999968,""
"H5_G1-2-2-2-2_lambda1",5,"1,2,2,2,2",1,2,-9679.36614573405,32025,-0.302244063879283,0.879687743950039,0.0889530835198268,TRUE,0,46.6969999999997,1.93200000000024,""
"H5_G1-2-2-2-2_lambda1",5,"1,2,2,2,2",1,3,-10394.1723114873,30744,-0.338087832145697,0.857045277127244,0.101490156338872,FALSE,0,61.6950000000002,1.10899999999992,""
"H5_G1-2-2-2-2_lambda1",5,"1,2,2,2,2",1,4,-9456.97632944623,30744,-0.307603965959089,0.875130106687484,0.0913774911768694,TRUE,0,58.2620000000002,1.41600000000017,""
"H5_G1-2-2-2-2_lambda1",5,"1,2,2,2,2",1,5,-9495.85242529782,30744,-0.308868475972476,0.879683840749415,0.0888086861206656,TRUE,0,49.7060000000001,1.93199999999979,""
"H5_G1-2-2-2-2_lambda12",5,"1,2,2,2,2",12,1,-11066.2398855185,32025,-0.345550035457254,0.848992974238876,0.107671328172344,TRUE,0,60.328,1.26099999999997,""
"H5_G1-2-2-2-2_lambda12",5,"1,2,2,2,2",12,2,-9435.28886967944,32025,-0.294622603268679,0.881498829039813,0.0888777855901468,TRUE,0,67.7909999999997,0.923000000000229,""
"H5_G1-2-2-2-2_lambda12",5,"1,2,2,2,2",12,3,-10649.754058831,30744,-0.346401055777746,0.846376528753578,0.108583779138878,FALSE,0,67.7760000000003,0.795999999999822,""
"H5_G1-2-2-2-2_lambda12",5,"1,2,2,2,2",12,4,-9406.66623633935,30744,-0.305967546068805,0.870771532656779,0.0931336795187203,TRUE,0,76.21,0.630000000000109,""
"H5_G1-2-2-2-2_lambda12",5,"1,2,2,2,2",12,5,-9527.27416226071,30744,-0.309890520500283,0.870023419203747,0.0944180595794206,TRUE,0,72.7449999999999,0.768999999999778,""
"H5_G1-2-2-2-2_lambda2",5,"1,2,2,2,2",2,1,-10698.6494085607,32025,-0.334071800423442,0.859609679937549,0.101626601901565,TRUE,0,61.6120000000001,1.17700000000013,""
"H5_G1-2-2-2-2_lambda2",5,"1,2,2,2,2",2,2,-9349.17115777346,32025,-0.291933525613535,0.881654957064793,0.0876019292947356,TRUE,0,49.5709999999999,1.91300000000001,""
"H5_G1-2-2-2-2_lambda2",5,"1,2,2,2,2",2,3,-10074.5255698857,30744,-0.327690787467009,0.857630757220921,0.100645424465721,FALSE,0,58.0680000000002,1.57600000000002,""
"H5_G1-2-2-2-2_lambda2",5,"1,2,2,2,2",2,4,-9167.44017868384,30744,-0.298186318588467,0.875032526671871,0.0905159062277549,TRUE,0,62.5460000000003,1.49099999999999,""
"H5_G1-2-2-2-2_lambda2",5,"1,2,2,2,2",2,5,-9111.32202360531,30744,-0.296360981772226,0.880854800936768,0.0876470971429048,TRUE,0,58.3310000000001,1.58899999999994,""
"H5_G1-2-2-2-2_lambda4",5,"1,2,2,2,2",4,1,-10488.5211833563,32025,-0.327510419464677,0.85992193598751,0.101516926490679,TRUE,0,73.7289999999998,0.919000000000324,""
"H5_G1-2-2-2-2_lambda4",5,"1,2,2,2,2",4,2,-9226.1392859241,32025,-0.288091780981236,0.882435597189696,0.0872451712345566,TRUE,0,57.0790000000002,1.79199999999992,""
"H5_G1-2-2-2-2_lambda4",5,"1,2,2,2,2",4,3,-10116.016839511,30744,-0.329040360379617,0.854931043455634,0.102567777730291,FALSE,0,75.3830000000003,0.835999999999785,""
"H5_G1-2-2-2-2_lambda4",5,"1,2,2,2,2",4,4,-9086.06854105904,30744,-0.295539570031845,0.875097580015613,0.0907349358332244,TRUE,0,76.145,0.714000000000397,""
"H5_G1-2-2-2-2_lambda4",5,"1,2,2,2,2",4,5,-9109.60774897796,30744,-0.296305222123925,0.878252667187093,0.0892748154674522,TRUE,0,70.9760000000001,1.14499999999998,""
"H5_G1-2-2-2-2_lambda8",5,"1,2,2,2,2",8,1,-10672.8747508864,32025,-0.333266971143995,0.85567525370804,0.103809523919017,TRUE,0,63.0990000000002,1.82999999999993,""
"H5_G1-2-2-2-2_lambda8",5,"1,2,2,2,2",8,2,-9265.81092823433,32025,-0.289330552013562,0.882654176424668,0.0875312667181123,TRUE,0,55.4160000000002,1.85599999999977,""
"H5_G1-2-2-2-2_lambda8",5,"1,2,2,2,2",8,3,-10370.8097498715,30744,-0.337327925769955,0.849434035909446,0.105674019892213,FALSE,0,71.3710000000001,1.0319999999997,""
"H5_G1-2-2-2-2_lambda8",5,"1,2,2,2,2",8,4,-9190.23048418816,30744,-0.298927611377445,0.873113453031486,0.0916624562377521,TRUE,0,72.5459999999998,0.923000000000229,""
"H5_G1-2-2-2-2_lambda8",5,"1,2,2,2,2",8,5,-9269.66990212768,30744,-0.301511511258382,0.875227686703097,0.0917328606496077,TRUE,0,68.7640000000001,1.53200000000015,""
"H5_G1-2-2-2-3_lambda0",5,"1,2,2,2,3",0,1,-20487.5930193055,32025,-0.639737486941624,0.853364558938329,0.11169089294203,TRUE,0,121.762,1.01999999999998,""
"H5_G1-2-2-2-3_lambda0",5,"1,2,2,2,3",0,2,-13430.44330316,32025,-0.419373717506949,0.875565964090554,0.0938016264363811,TRUE,0,106.451,0.884000000000015,""
"H5_G1-2-2-2-3_lambda0",5,"1,2,2,2,3",0,3,-16952.4049972614,30744,-0.551405314769107,0.85200364298725,0.110815649136025,FALSE,0,116.53,1.23599999999988,""
"H5_G1-2-2-2-3_lambda0",5,"1,2,2,2,3",0,4,-15254.9157768895,30744,-0.496191639893621,0.868559718969555,0.0986697541874359,TRUE,0,128.497,0.884000000000015,""
"H5_G1-2-2-2-3_lambda0",5,"1,2,2,2,3",0,5,-15376.7530131302,30744,-0.500154599698486,0.869958365860005,0.0996168695274968,TRUE,0,103.205,1.00199999999995,""
"H5_G1-2-2-2-3_lambda1",5,"1,2,2,2,3",1,1,-11042.2582814255,32025,-0.34480119536067,0.85879781420765,0.102151504493097,TRUE,0,63.4279999999999,1.75599999999986,""
"H5_G1-2-2-2-3_lambda1",5,"1,2,2,2,3",1,2,-9676.42535904774,32025,-0.302152236035839,0.88,0.0888205052052847,TRUE,0,48.5170000000003,1.81899999999996,""
"H5_G1-2-2-2-3_lambda1",5,"1,2,2,2,3",1,3,-10360.0906665254,30744,-0.336979269663199,0.856589903721051,0.101620591579063,FALSE,0,61.9639999999999,1.35500000000002,""
"H5_G1-2-2-2-3_lambda1",5,"1,2,2,2,3",1,4,-9446.12924290235,30744,-0.30725114633432,0.874837366640645,0.0914285471930691,TRUE,0,51.6320000000001,2.06600000000026,""
"H5_G1-2-2-2-3_lambda1",5,"1,2,2,2,3",1,5,-9506.37010912543,30744,-0.309210581223179,0.88023679417122,0.0889428352840178,TRUE,0,62.386,1.25999999999976,""
"H5_G1-2-2-2-3_lambda12",5,"1,2,2,2,3",12,1,-10928.1743979334,32025,-0.341238857078327,0.853052302888368,0.106126955409181,TRUE,0,68.2429999999999,0.903999999999996,""
"H5_G1-2-2-2-3_lambda12",5,"1,2,2,2,3",12,2,-9513.69319305996,32025,-0.297070825700545,0.879469164715066,0.0897706469357203,TRUE,0,74.4300000000003,0.556999999999789,""
"H5_G1-2-2-2-3_lambda12",5,"1,2,2,2,3",12,3,-10620.2028293309,30744,-0.345439852632413,0.846506635441062,0.108237657050063,FALSE,0,72.1990000000001,0.657000000000153,""
"H5_G1-2-2-2-3_lambda12",5,"1,2,2,2,3",12,4,-9381.3035221896,30744,-0.3051425813879,0.870739005984908,0.0928764496409117,TRUE,0,78.1289999999999,0.507999999999811,""
"H5_G1-2-2-2-3_lambda12",5,"1,2,2,2,3",12,5,-9540.65878832132,30744,-0.310325877840272,0.870023419203747,0.0947679485486145,TRUE,0,75.598,0.52599999999984,""
"H5_G1-2-2-2-3_lambda2",5,"1,2,2,2,3",2,1,-10698.3066836791,32025,-0.334061098631665,0.858516783762685,0.101910777755777,TRUE,0,64.4300000000003,1.32199999999966,""
"H5_G1-2-2-2-3_lambda2",5,"1,2,2,2,3",2,2,-9348.85992866317,32025,-0.291923807296274,0.882060889929742,0.0875465035394788,TRUE,0,52.2629999999999,1.98599999999988,""
"H5_G1-2-2-2-3_lambda2",5,"1,2,2,2,3",2,3,-10060.0179652128,30744,-0.32721890337018,0.858151183970856,0.100461720127088,FALSE,0,60.7829999999999,1.67299999999977,""
"H5_G1-2-2-2-3_lambda2",5,"1,2,2,2,3",2,4,-9176.70169661645,30744,-0.298487564943288,0.874869893312516,0.090408158034565,TRUE,0,55.2849999999999,1.54200000000037,""
"H5_G1-2-2-2-3_lambda2",5,"1,2,2,2,3",2,5,-9121.08349138032,30744,-0.296678489831522,0.880887327608639,0.0882423294217473,TRUE,0,65.6500000000001,0.842999999999847,""
"H5_G1-2-2-2-3_lambda4",5,"1,2,2,2,3",4,1,-10483.4743774318,32025,-0.327352829896387,0.859734582357533,0.101466205258883,TRUE,0,70.404,0.807999999999993,""
"H5_G1-2-2-2-3_lambda4",5,"1,2,2,2,3",4,2,-9203.03385201657,32025,-0.287370299828777,0.883372365339578,0.0870244673915529,TRUE,0,62.6419999999998,1.23199999999997,""
"H5_G1-2-2-2-3_lambda4",5,"1,2,2,2,3",4,3,-10051.8400505321,30744,-0.326952903022772,0.855874316939891,0.10183227588427,FALSE,0,75.9200000000001,0.527999999999793,""
"H5_G1-2-2-2-3_lambda4",5,"1,2,2,2,3",4,4,-9175.67833250223,30744,-0.29845427831454,0.873666406453292,0.0914129686907091,TRUE,0,69.3119999999999,0.880000000000109,""
"H5_G1-2-2-2-3_lambda4",5,"1,2,2,2,3",4,5,-9138.36903535923,30744,-0.297240731048635,0.877764767109029,0.0895981141074,TRUE,0,66.4760000000001,1.20400000000018,""
"H5_G1-2-2-2-3_lambda8",5,"1,2,2,2,3",8,1,-10714.4417828774,32025,-0.334564926865804,0.855269320843091,0.104159777885963,TRUE,0,65.6980000000003,1.18499999999995,""
"H5_G1-2-2-2-3_lambda8",5,"1,2,2,2,3",8,2,-9252.52291025462,32025,-0.288915625612947,0.883341139734582,0.087331598915397,TRUE,0,59.933,1.60199999999986,""
"H5_G1-2-2-2-3_lambda8",5,"1,2,2,2,3",8,3,-10424.3986574427,30744,-0.339070994582444,0.850117096018735,0.106176130215248,FALSE,0,84.6599999999999,0.958000000000084,""
"H5_G1-2-2-2-3_lambda8",5,"1,2,2,2,3",8,4,-9186.11020919895,30744,-0.298793592544853,0.873113453031486,0.0916318097708299,TRUE,0,72.9250000000002,0.903999999999996,""
"H5_G1-2-2-2-3_lambda8",5,"1,2,2,2,3",8,5,-9220.6477350127,30744,-0.29991698331423,0.875162633359355,0.0914709006005417,TRUE,0,89.152,0.809999999999945,""
"H5_G1-2-2-3-3_lambda0",5,"1,2,2,3,3",0,1,-20457.0345648629,32025,-0.638783280713907,0.853801717408275,0.111511986565024,TRUE,0,122.316,1.04899999999998,""
"H5_G1-2-2-3-3_lambda0",5,"1,2,2,3,3",0,2,-13663.562202203,32025,-0.426652996165588,0.875378610460578,0.094227979875755,TRUE,0,112.834,0.882999999999811,""
"H5_G1-2-2-3-3_lambda0",5,"1,2,2,3,3",0,3,-17587.8953620782,30744,-0.572075701342641,0.850930262815509,0.111734704352034,FALSE,0,123.577,1.00399999999991,""
"H5_G1-2-2-3-3_lambda0",5,"1,2,2,3,3",0,4,-15060.87737092,30744,-0.489880216332291,0.868950039032006,0.0983975131256719,TRUE,0,124.985,0.892999999999574,""
"H5_G1-2-2-3-3_lambda0",5,"1,2,2,3,3",0,5,-15021.5226546133,30744,-0.48860013838841,0.870413739266198,0.0995654181007325,TRUE,0,107.076,1.08000000000038,""
"H5_G1-2-2-3-3_lambda1",5,"1,2,2,3,3",1,1,-11034.0214077358,32025,-0.344543993996433,0.858423106947697,0.102059555378877,TRUE,0,94.7039999999997,0.791000000000167,""
"H5_G1-2-2-3-3_lambda1",5,"1,2,2,3,3",1,2,-9686.64067516478,32025,-0.30247121546182,0.880187353629977,0.0888448402560542,TRUE,0,49.1700000000001,1.96500000000015,""
"H5_G1-2-2-3-3_lambda1",5,"1,2,2,3,3",1,3,-10365.2416927468,30744,-0.337146815402901,0.856524850377309,0.10163340382978,FALSE,0,62.6929999999998,1.55799999999999,""
"H5_G1-2-2-3-3_lambda1",5,"1,2,2,3,3",1,4,-9448.31315169508,30744,-0.307322181619018,0.875292740046838,0.0913521946791603,TRUE,0,61.931,1.57699999999977,""
"H5_G1-2-2-3-3_lambda1",5,"1,2,2,3,3",1,5,-9494.61834113973,30744,-0.308828335322005,0.879456154046318,0.0888113679362096,TRUE,0,55.2780000000002,1.67999999999984,""
"H5_G1-2-2-3-3_lambda12",5,"1,2,2,3,3",12,1,-10953.7158742807,32025,-0.342036405129765,0.851491022638564,0.106511547616102,TRUE,0,67.828,1.05300000000034,""
"H5_G1-2-2-3-3_lambda12",5,"1,2,2,3,3",12,2,-9399.24959146377,32025,-0.293497255002772,0.881498829039813,0.0885813436135543,TRUE,0,64.3250000000003,1.08799999999974,""
"H5_G1-2-2-3-3_lambda12",5,"1,2,2,3,3",12,3,-10678.1737470756,30744,-0.347325453651953,0.846864428831642,0.108794995558876,FALSE,0,74.5,0.94399999999996,""
"H5_G1-2-2-3-3_lambda12",5,"1,2,2,3,3",12,4,-9434.37931100609,30744,-0.306868960155025,0.871096799375488,0.0935101485813062,TRUE,0,74.4030000000002,0.721999999999753,""
"H5_G1-2-2-3-3_lambda12",5,"1,2,2,3,3",12,5,-9644.04081570515,30744,-0.313688551122338,0.868689825657039,0.0958410019865035,TRUE,0,69.94,1.16499999999996,""
"H5_G1-2-2-3-3_lambda2",5,"1,2,2,3,3",2,1,-10687.6143270043,32025,-0.333727223325661,0.857954722872756,0.101823158835899,TRUE,0,69.5619999999999,1.2170000000001,""
"H5_G1-2-2-3-3_lambda2",5,"1,2,2,3,3",2,2,-9342.88249935149,32025,-0.291737158449695,0.881779859484778,0.0874230230058165,TRUE,0,62.326,1.81600000000026,""
"H5_G1-2-2-3-3_lambda2",5,"1,2,2,3,3",2,3,-10032.0070271666,30744,-0.326307800779554,0.857045277127244,0.100631144875334,FALSE,0,63.9290000000001,1.96900000000005,""
"H5_G1-2-2-3-3_lambda2",5,"1,2,2,3,3",2,4,-9211.14759656489,30744,-0.29960797542821,0.875227686703097,0.0909319929250993,TRUE,0,74.6330000000003,0.855000000000018,""
"H5_G1-2-2-3-3_lambda2",5,"1,2,2,3,3",2,5,-9129.0307924721,30744,-0.296936989086394,0.880659640905542,0.0880854412715099,TRUE,0,61.3410000000003,1.8739999999998,""
"H5_G1-2-2-3-3_lambda4",5,"1,2,2,3,3",4,1,-10551.6385438138,32025,-0.329481297230719,0.85807962529274,0.101866370599795,TRUE,0,69.288,1.17699999999968,""
"H5_G1-2-2-3-3_lambda4",5,"1,2,2,3,3",4,2,-9180.92774771896,32025,-0.286680023347977,0.883028883684621,0.0868624087414446,TRUE,0,67.0660000000003,1.99399999999969,""
"H5_G1-2-2-3-3_lambda4",5,"1,2,2,3,3",4,3,-10075.1803816185,30744,-0.327712086313378,0.854052823315118,0.102138931059646,FALSE,0,79.172,0.61200000000008,""
"H5_G1-2-2-3-3_lambda4",5,"1,2,2,3,3",4,4,-9161.19269054149,30744,-0.297983108591643,0.873373666406453,0.0914937238129887,TRUE,0,78.0569999999998,0.534999999999854,""
"H5_G1-2-2-3-3_lambda4",5,"1,2,2,3,3",4,5,-9120.4829881098,30744,-0.296658957458685,0.878024980483997,0.0891829914051595,TRUE,0,76.9749999999999,0.701000000000022,""
"H5_G1-2-2-3-3_lambda8",5,"1,2,2,3,3",8,1,-10611.824607396,32025,-0.331360643478407,0.857673692427791,0.102843367260395,TRUE,0,66.7850000000003,1.58699999999999,""
"H5_G1-2-2-3-3_lambda8",5,"1,2,2,3,3",8,2,-9258.4473482586,32025,-0.289100619773883,0.882872755659641,0.0873547333892724,TRUE,0,67.5080000000003,1.85999999999967,""
"H5_G1-2-2-3-3_lambda8",5,"1,2,2,3,3",8,3,-10400.5105202931,30744,-0.338293992983771,0.848750975800156,0.106226014103076,FALSE,0,72.7339999999999,0.923000000000229,""
"H5_G1-2-2-3-3_lambda8",5,"1,2,2,3,3",8,4,-9304.78610815661,30744,-0.302653724569236,0.869925839188134,0.0928333919342403,TRUE,0,77.2750000000001,0.530999999999949,""
"H5_G1-2-2-3-3_lambda8",5,"1,2,2,3,3",8,5,-9248.05016347125,30744,-0.300808293113168,0.873568826437679,0.0916652974437254,TRUE,0,97.1099999999997,0.574000000000069,""
"H5_G1-2-3-3-3_lambda0",5,"1,2,3,3,3",0,1,-20481.0258659117,32025,-0.6395324236038,0.852053083528493,0.11219530134079,TRUE,0,119.289,1.01800000000003,""
"H5_G1-2-3-3-3_lambda0",5,"1,2,3,3,3",0,2,-13661.3388487905,32025,-0.426583570610165,0.875347384855582,0.0942317188527768,TRUE,0,112.799,1.06100000000015,""
"H5_G1-2-3-3-3_lambda0",5,"1,2,3,3,3",0,3,-17224.8084772177,30744,-0.560265693378145,0.851125422846734,0.110632321232413,FALSE,0,117.75,1.05400000000009,""
"H5_G1-2-3-3-3_lambda0",5,"1,2,3,3,3",0,4,-14736.337210703,30744,-0.479324005031974,0.869860785844392,0.0984653872702533,TRUE,0,125.137,0.820000000000164,""
"H5_G1-2-3-3-3_lambda0",5,"1,2,3,3,3",0,5,-14844.6304676489,30744,-0.482846424266489,0.869860785844392,0.0985876069840603,TRUE,0,120.863,0.963000000000193,""
"H5_G1-2-3-3-3_lambda1",5,"1,2,3,3,3",1,1,-11006.1434460712,32025,-0.3436734877774,0.858891491022639,0.102030919471278,TRUE,0,70.817,1.12999999999965,""
"H5_G1-2-3-3-3_lambda1",5,"1,2,3,3,3",1,2,-9670.49140184842,32025,-0.301966944632269,0.87984387197502,0.0889010264687865,TRUE,0,52.1309999999999,1.95400000000018,""
"H5_G1-2-3-3-3_lambda1",5,"1,2,3,3,3",1,3,-10357.6984305403,30744,-0.336901458188274,0.857012750455373,0.101228394923257,FALSE,0,67.8330000000001,1.2829999999999,""
"H5_G1-2-3-3-3_lambda1",5,"1,2,3,3,3",1,4,-9447.40395796343,30744,-0.307292608572841,0.875292740046838,0.0913297574583811,TRUE,0,70.7690000000002,1.10199999999986,""
"H5_G1-2-3-3-3_lambda1",5,"1,2,3,3,3",1,5,-9553.33595203294,30744,-0.310738223784574,0.879423627374447,0.0893506821097717,TRUE,0,60.3830000000003,1.70499999999993,""
"H5_G1-2-3-3-3_lambda12",5,"1,2,3,3,3",12,1,-10954.5212028327,32025,-0.34206155200102,0.85152224824356,0.106540389661866,TRUE,0,72.183,0.98700000000008,""
"H5_G1-2-3-3-3_lambda12",5,"1,2,3,3,3",12,2,-9410.96531546309,32025,-0.293863085572618,0.88056206088993,0.0886782381422143,TRUE,0,68.8510000000001,1.07399999999961,""
"H5_G1-2-3-3-3_lambda12",5,"1,2,3,3,3",12,3,-10671.3423013532,30744,-0.347103249458533,0.847092115534739,0.10861803481907,FALSE,0,78.7329999999997,0.864000000000033,""
"H5_G1-2-3-3-3_lambda12",5,"1,2,3,3,3",12,4,-9435.53910658114,30744,-0.306906684445132,0.87012099921936,0.0937448876998603,TRUE,0,77.3429999999998,0.776000000000295,""
"H5_G1-2-3-3-3_lambda12",5,"1,2,3,3,3",12,5,-9644.29545233909,30744,-0.313696833604576,0.8683970856102,0.0958326191195391,TRUE,0,76.4169999999999,0.889000000000124,""
"H5_G1-2-3-3-3_lambda2",5,"1,2,3,3,3",2,1,-10695.2556895792,32025,-0.333965829495057,0.85935987509758,0.10166344563615,TRUE,0,68.0329999999999,1.57400000000007,""
"H5_G1-2-3-3-3_lambda2",5,"1,2,3,3,3",2,2,-9391.56896830148,32025,-0.293257422897782,0.881717408274785,0.0877736183192373,TRUE,0,56.4560000000001,1.96300000000019,""
"H5_G1-2-3-3-3_lambda2",5,"1,2,3,3,3",2,3,-10174.1197376627,30744,-0.330930254282549,0.856459797033568,0.101586402257585,FALSE,0,69.913,1.24499999999989,""
"H5_G1-2-3-3-3_lambda2",5,"1,2,3,3,3",2,4,-9200.41309122493,30744,-0.29925881769532,0.875065053343742,0.0907696039709654,TRUE,0,66.2339999999999,1.70800000000008,""
"H5_G1-2-3-3-3_lambda2",5,"1,2,3,3,3",2,5,-9156.22365754382,30744,-0.297821482485812,0.88091985428051,0.0882169574417809,TRUE,0,84.183,1.01499999999987,""
"H5_G1-2-3-3-3_lambda4",5,"1,2,3,3,3",4,1,-10467.2934636781,32025,-0.326847571075037,0.859234972677596,0.101298567285729,TRUE,0,79.049,1.37899999999991,""
"H5_G1-2-3-3-3_lambda4",5,"1,2,3,3,3",4,2,-9227.55707968275,32025,-0.28813605244911,0.883028883684621,0.0869370282217149,TRUE,0,72.9750000000004,1.23900000000003,""
"H5_G1-2-3-3-3_lambda4",5,"1,2,3,3,3",4,3,-10117.9910805182,30744,-0.329104575869053,0.855321363518085,0.102135733387202,FALSE,0,88.877,0.972999999999956,""
"H5_G1-2-3-3-3_lambda4",5,"1,2,3,3,3",4,4,-9094.672729332,30744,-0.295819435640515,0.874284413218839,0.0907244936117676,TRUE,0,84.2649999999999,1.06800000000021,""
"H5_G1-2-3-3-3_lambda4",5,"1,2,3,3,3",4,5,-9103.19358601534,30744,-0.296096590749914,0.877927400468384,0.0890440867899817,FALSE,0,84.2839999999997,1.10200000000032,""
"H5_G1-2-3-3-3_lambda8",5,"1,2,3,3,3",8,1,-10662.2273573066,32025,-0.332934499837834,0.855925058548009,0.103593855785684,TRUE,0,77.5500000000002,1.91699999999992,""
"H5_G1-2-3-3-3_lambda8",5,"1,2,3,3,3",8,2,-9254.08745216228,32025,-0.288964479380555,0.881779859484778,0.0875921628749312,TRUE,0,70.6280000000002,1.5619999999999,""
"H5_G1-2-3-3-3_lambda8",5,"1,2,3,3,3",8,3,-10440.1022525026,30744,-0.339581780266153,0.84852328909706,0.106584494052739,FALSE,0,78.7490000000003,1.63999999999987,""
"H5_G1-2-3-3-3_lambda8",5,"1,2,3,3,3",8,4,-9333.4499577436,30744,-0.30358606419931,0.871129326047359,0.0929875997102402,TRUE,0,68.3800000000001,1.56500000000005,""
"H5_G1-2-3-3-3_lambda8",5,"1,2,3,3,3",8,5,-9419.27095944165,30744,-0.306377535761178,0.869990892531876,0.0937441552205123,FALSE,0,102.022,0.684999999999945,""
"H5_G1-3-3-3-3_lambda0",5,"1,3,3,3,3",0,1,-20486.6291531034,32025,-0.639707389636328,0.852677595628415,0.111951857587042,TRUE,0,127.729,1.05500000000029,""
"H5_G1-3-3-3-3_lambda0",5,"1,3,3,3,3",0,2,-13574.8122724932,32025,-0.42388172591704,0.875909445745511,0.0939479296198281,TRUE,0,122.305,1.08199999999988,""
"H5_G1-3-3-3-3_lambda0",5,"1,3,3,3,3",0,3,-17051.1715135369,30744,-0.554617860835835,0.852198803018475,0.109647120119081,FALSE,0,126.652,1.1260000000002,""
"H5_G1-3-3-3-3_lambda0",5,"1,3,3,3,3",0,4,-14727.584729325,30744,-0.479039315942134,0.869698152485038,0.0986233387160981,TRUE,0,134.431,0.860000000000127,""
"H5_G1-3-3-3-3_lambda0",5,"1,3,3,3,3",0,5,-15179.9566427836,30744,-0.49375346873483,0.868819932344522,0.0992312335889527,TRUE,0,128.401,0.921000000000276,""
"H5_G1-3-3-3-3_lambda1",5,"1,3,3,3,3",1,1,-11035.0590088103,32025,-0.344576393717731,0.858516783762685,0.102058644355804,TRUE,0,91.9049999999997,0.958000000000084,""
"H5_G1-3-3-3-3_lambda1",5,"1,3,3,3,3",1,2,-9705.01364013805,32025,-0.303044922408682,0.879562841530055,0.0890767906265511,TRUE,0,51.7719999999999,2.03499999999985,""
"H5_G1-3-3-3-3_lambda1",5,"1,3,3,3,3",1,3,-10379.3106744565,30744,-0.337604432554531,0.856036950299245,0.101784966763932,FALSE,0,66.9839999999999,1.44699999999966,""
"H5_G1-3-3-3-3_lambda1",5,"1,3,3,3,3",1,4,-9476.63325918103,30744,-0.308243340462563,0.875162633359355,0.0915617387431576,TRUE,0,73.886,0.738000000000284,""
"H5_G1-3-3-3-3_lambda1",5,"1,3,3,3,3",1,5,-9484.03102147568,30744,-0.3084839650493,0.879651314077544,0.0892653009213345,TRUE,0,82.4630000000002,0.585999999999785,""
"H5_G1-3-3-3-3_lambda12",5,"1,3,3,3,3",12,1,-10991.7360623197,32025,-0.343223608503346,0.852115534738486,0.106653552921452,TRUE,0,70.9140000000002,0.867999999999938,""
"H5_G1-3-3-3-3_lambda12",5,"1,3,3,3,3",12,2,-9409.83926582168,32025,-0.293827923991309,0.880749414519906,0.0886610552767286,TRUE,0,67.7320000000004,1.00099999999975,""
"H5_G1-3-3-3-3_lambda12",5,"1,3,3,3,3",12,3,-10696.4127011017,30744,-0.347918706124826,0.846278948737965,0.109032224939451,FALSE,0,68.2269999999999,1.11499999999978,""
"H5_G1-3-3-3-3_lambda12",5,"1,3,3,3,3",12,4,-9412.97439454065,30744,-0.306172729460729,0.871031746031746,0.0932098687403944,TRUE,0,77.1659999999997,0.527000000000044,""
"H5_G1-3-3-3-3_lambda12",5,"1,3,3,3,3",12,5,-9485.24836675909,30744,-0.308523561239887,0.872072599531616,0.0936127214966951,TRUE,0,106.814,0.519000000000233,""
"H5_G1-3-3-3-3_lambda2",5,"1,3,3,3,3",2,1,-10602.0183933751,32025,-0.331054438512883,0.860702576112412,0.100862690599559,TRUE,0,67.8229999999999,1.24800000000005,""
"H5_G1-3-3-3-3_lambda2",5,"1,3,3,3,3",2,2,-9366.65218223,32025,-0.292479381178142,0.881904761904762,0.0876206171324162,TRUE,0,54.6469999999999,1.62400000000025,""
"H5_G1-3-3-3-3_lambda2",5,"1,3,3,3,3",2,3,-10050.1851417377,30744,-0.326899074347442,0.856817590424148,0.100638833537885,FALSE,0,68.4120000000003,1.14800000000014,""
"H5_G1-3-3-3-3_lambda2",5,"1,3,3,3,3",2,4,-9179.83169675546,30744,-0.298589373430766,0.874544626593807,0.0904400348896789,TRUE,0,61.6689999999999,1.68000000000029,""
"H5_G1-3-3-3-3_lambda2",5,"1,3,3,3,3",2,5,-9109.85191469263,30744,-0.296313164022008,0.880757220921155,0.0876193675010796,TRUE,0,69.6619999999998,1.03500000000031,""
"H5_G1-3-3-3-3_lambda4",5,"1,3,3,3,3",4,1,-10579.3757096454,32025,-0.330347407014689,0.857611241217799,0.102372493611831,TRUE,0,65.665,1.5010000000002,""
"H5_G1-3-3-3-3_lambda4",5,"1,3,3,3,3",4,2,-9233.23324777583,32025,-0.288313294231876,0.882747853239657,0.0871316863232577,TRUE,0,66.4760000000001,1.43499999999995,""
"H5_G1-3-3-3-3_lambda4",5,"1,3,3,3,3",4,3,-10120.7081987156,30744,-0.329192954681095,0.85444314337757,0.102560125727872,FALSE,0,72.69,0.769000000000233,""
"H5_G1-3-3-3-3_lambda4",5,"1,3,3,3,3",4,4,-9205.91775183775,30744,-0.299437865984834,0.873113453031486,0.0918033458000077,TRUE,0,74.7950000000001,0.667000000000371,""
"H5_G1-3-3-3-3_lambda4",5,"1,3,3,3,3",4,5,-9077.7264429645,30744,-0.295268229344409,0.879976580796253,0.0889948320553998,TRUE,0,84.1289999999999,0.873999999999796,""
"H5_G1-3-3-3-3_lambda8",5,"1,3,3,3,3",8,1,-10619.3023259743,32025,-0.331594139765007,0.856861826697892,0.103133384477558,TRUE,0,71.9369999999999,1.02599999999984,""
"H5_G1-3-3-3-3_lambda8",5,"1,3,3,3,3",8,2,-9272.54973918225,32025,-0.289540975462365,0.881592505854801,0.0878176867369475,TRUE,0,68.0709999999999,0.83600000000024,""
"H5_G1-3-3-3-3_lambda8",5,"1,3,3,3,3",8,3,-10359.6778657566,30744,-0.336965842628046,0.850409836065574,0.105551610265336,FALSE,0,63.3780000000002,1.50199999999995,""
"H5_G1-3-3-3-3_lambda8",5,"1,3,3,3,3",8,4,-9246.21085118967,30744,-0.300748466406117,0.870608899297424,0.092376617841086,TRUE,0,78.6799999999998,0.878000000000156,""
"H5_G1-3-3-3-3_lambda8",5,"1,3,3,3,3",8,5,-9369.00655827116,30744,-0.304742602077516,0.873373666406453,0.0927335549580592,FALSE,0,104.57,0.764999999999873,""
"H5_G2-2-2-2-2_lambda0",5,"2,2,2,2,2",0,1,-20362.730069747,32025,-0.635838565800064,0.8528024980484,0.112056603427945,TRUE,0,119.227,0.994999999999891,""
"H5_G2-2-2-2-2_lambda0",5,"2,2,2,2,2",0,2,-13678.8298075142,32025,-0.427129736378273,0.876034348165496,0.0938008306174082,TRUE,0,113.48,0.931999999999789,""
"H5_G2-2-2-2-2_lambda0",5,"2,2,2,2,2",0,3,-16777.8538878266,30744,-0.545727748107811,0.852589123080926,0.109899161045357,FALSE,0,118.771,0.952999999999975,""
"H5_G2-2-2-2-2_lambda0",5,"2,2,2,2,2",0,4,-14971.6872229853,30744,-0.486979157656302,0.869795732500651,0.0983577208830119,TRUE,0,123.977,0.840999999999894,""
"H5_G2-2-2-2-2_lambda0",5,"2,2,2,2,2",0,5,-15178.7753570751,30744,-0.493715045442205,0.870088472547489,0.0990106986164069,TRUE,0,104.882,1.12400000000025,""
"H5_G2-2-2-2-2_lambda1",5,"2,2,2,2,2",1,1,-11057.5760256442,32025,-0.345279501191077,0.858454332552693,0.102474641286236,TRUE,0,60.5920000000001,1.61099999999988,""
"H5_G2-2-2-2-2_lambda1",5,"2,2,2,2,2",1,2,-9666.05847494934,32025,-0.301828523807942,0.880655737704918,0.0887782889807359,TRUE,0,47.3609999999999,1.94499999999971,""
"H5_G2-2-2-2-2_lambda1",5,"2,2,2,2,2",1,3,-10383.9579785347,30744,-0.337755593889367,0.857012750455373,0.101506388044095,FALSE,0,63.837,1.2800000000002,""
"H5_G2-2-2-2-2_lambda1",5,"2,2,2,2,2",1,4,-9418.46809825606,30744,-0.306351421358836,0.875813166796773,0.0912704268796932,TRUE,0,61.6529999999998,1.51299999999992,""
"H5_G2-2-2-2-2_lambda1",5,"2,2,2,2,2",1,5,-9497.28501992006,30744,-0.308915073507678,0.880041634139995,0.0889471475613764,TRUE,0,62.7309999999998,1.47299999999996,""
"H5_G2-2-2-2-2_lambda12",5,"2,2,2,2,2",12,1,-11004.8782142311,32025,-0.343633980147733,0.849898516783763,0.107207024675266,TRUE,0,65.248,1.20399999999972,""
"H5_G2-2-2-2-2_lambda12",5,"2,2,2,2,2",12,2,-9446.30072629438,32025,-0.29496645515361,0.88143637782982,0.0890359642976955,TRUE,0,58.3310000000001,1.61299999999983,""
"H5_G2-2-2-2-2_lambda12",5,"2,2,2,2,2",12,3,-10679.3488463097,30744,-0.347363675719155,0.846246422066094,0.108845864652473,FALSE,0,81.3530000000001,0.852000000000317,""
"H5_G2-2-2-2-2_lambda12",5,"2,2,2,2,2",12,4,-9572.90222264133,30744,-0.311374649448391,0.867941712204007,0.0952171226109452,TRUE,0,78.9009999999998,0.686000000000149,""
"H5_G2-2-2-2-2_lambda12",5,"2,2,2,2,2",12,5,-9588.59770278824,30744,-0.311885171180986,0.869177725735103,0.0951689659968394,TRUE,0,88.0240000000003,0.538000000000011,""
"H5_G2-2-2-2-2_lambda2",5,"2,2,2,2,2",2,1,-10671.2053643752,32025,-0.333214843540208,0.859609679937549,0.101436387479905,TRUE,0,75.933,1.13999999999987,""
"H5_G2-2-2-2-2_lambda2",5,"2,2,2,2,2",2,2,-9331.70958214986,32025,-0.291388277350503,0.881249024199844,0.0875624365776595,TRUE,0,55.886,2.34000000000015,""
"H5_G2-2-2-2-2_lambda2",5,"2,2,2,2,2",2,3,-10144.2340100976,30744,-0.329958171028416,0.856394743689826,0.101091598370903,FALSE,0,67.1909999999998,1.77500000000009,""
"H5_G2-2-2-2-2_lambda2",5,"2,2,2,2,2",2,4,-9157.00127027288,30744,-0.297846775639893,0.875195160031226,0.0905887331522681,TRUE,0,71.1309999999999,1.5300000000002,""
"H5_G2-2-2-2-2_lambda2",5,"2,2,2,2,2",2,5,-9132.7184901456,30744,-0.297056937618579,0.880724694249284,0.087875525681181,TRUE,0,72.241,1.40199999999959,""
"H5_G2-2-2-2-2_lambda4",5,"2,2,2,2,2",4,1,-10571.3133252865,32025,-0.330095654185372,0.8567993754879,0.10225721549027,TRUE,0,74.6949999999997,1.22900000000027,""
"H5_G2-2-2-2-2_lambda4",5,"2,2,2,2,2",4,2,-9195.17878214897,32025,-0.287125020519874,0.88256049960968,0.0869370571208752,TRUE,0,71.906,1.529,""
"H5_G2-2-2-2-2_lambda4",5,"2,2,2,2,2",4,3,-10176.4322293305,30744,-0.331005471940232,0.853695029924538,0.102886995648094,FALSE,0,83.3589999999999,0.585000000000036,""
"H5_G2-2-2-2-2_lambda4",5,"2,2,2,2,2",4,4,-9113.3218176776,30744,-0.296426028417825,0.87464220660942,0.090933108012077,TRUE,0,79.7400000000002,0.851999999999862,""
"H5_G2-2-2-2-2_lambda4",5,"2,2,2,2,2",4,5,-9085.04707221805,30744,-0.295506345050028,0.879456154046318,0.0888996344735814,TRUE,0,81.636,0.887000000000171,""
"H5_G2-2-2-2-2_lambda8",5,"2,2,2,2,2",8,1,-10774.3683291715,32025,-0.336436169529166,0.853052302888368,0.105004462643223,TRUE,0,76.5879999999997,0.966000000000349,""
"H5_G2-2-2-2-2_lambda8",5,"2,2,2,2,2",8,2,-9280.96176879242,32025,-0.289803646176188,0.882310694769711,0.0876603805829692,TRUE,0,71.4499999999998,1.64400000000023,""
"H5_G2-2-2-2-2_lambda8",5,"2,2,2,2,2",8,3,-10353.9039839989,30744,-0.33677803747069,0.849694249284413,0.105596579743876,FALSE,0,82.0499999999997,0.695000000000164,""
"H5_G2-2-2-2-2_lambda8",5,"2,2,2,2,2",8,4,-9298.22542346879,30744,-0.302440327331147,0.870088472547489,0.0928361263069707,TRUE,0,90.1959999999999,0.468000000000302,""
"H5_G2-2-2-2-2_lambda8",5,"2,2,2,2,2",8,5,-9205.81315481676,30744,-0.299434463791854,0.875650533437419,0.0911319196940543,TRUE,0,91.6320000000001,0.528000000000247,""
"H5_G2-2-2-2-3_lambda0",5,"2,2,2,2,3",0,1,-20266.8045538423,32025,-0.632843233531375,0.853302107728337,0.111727163075722,TRUE,0,115.79,1.01200000000017,""
"H5_G2-2-2-2-3_lambda0",5,"2,2,2,2,3",0,2,-13635.5290404015,32025,-0.425777643728384,0.876377829820453,0.0936264015021843,TRUE,0,109.855,0.913000000000011,""
"H5_G2-2-2-2-3_lambda0",5,"2,2,2,2,3",0,3,-16758.9415631679,30744,-0.545112593129323,0.851906062971637,0.110018442606941,FALSE,0,114.637,1.00199999999995,""
"H5_G2-2-2-2-3_lambda0",5,"2,2,2,2,3",0,4,-14696.1491057207,30744,-0.4780168197281,0.870218579234973,0.0980015130217022,TRUE,0,115.787,0.865000000000236,""
"H5_G2-2-2-2-3_lambda0",5,"2,2,2,2,3",0,5,-15824.6772979054,30744,-0.514724085932391,0.868136872235233,0.100580403820476,TRUE,0,106.667,1.08800000000019,""
"H5_G2-2-2-2-3_lambda1",5,"2,2,2,2,3",1,1,-11044.9183731168,32025,-0.344884258333077,0.858485558157689,0.102454288822945,TRUE,0,60.2730000000001,1.39499999999998,""
"H5_G2-2-2-2-3_lambda1",5,"2,2,2,2,3",1,2,-9678.30960072441,32025,-0.302211072622152,0.879531615925059,0.0888721298893517,TRUE,0,49.7000000000003,2.00499999999965,""
"H5_G2-2-2-2-3_lambda1",5,"2,2,2,2,3",1,3,-10388.8010605287,30744,-0.337913123228229,0.856752537080406,0.101550787455627,FALSE,0,56.2860000000001,1.77799999999979,""
"H5_G2-2-2-2-3_lambda1",5,"2,2,2,2,3",1,4,-9399.06372253061,30744,-0.305720261596754,0.875097580015613,0.091351903185763,TRUE,0,60.0999999999999,1.35999999999967,""
"H5_G2-2-2-2-3_lambda1",5,"2,2,2,2,3",1,5,-9506.51971541982,30744,-0.309215447418027,0.879846474108769,0.08894981808972,TRUE,0,63.8910000000001,1.09199999999964,""
"H5_G2-2-2-2-3_lambda12",5,"2,2,2,2,3",12,1,-11021.5422244107,32025,-0.34415432394725,0.849898516783763,0.107378321077957,TRUE,0,67.1759999999999,0.800000000000182,""
"H5_G2-2-2-2-3_lambda12",5,"2,2,2,2,3",12,2,-9476.96437880079,32025,-0.295923946254513,0.880218579234973,0.0893629938615891,TRUE,0,57.3359999999998,1.36799999999994,""
"H5_G2-2-2-2-3_lambda12",5,"2,2,2,2,3",12,3,-10672.5555504329,30744,-0.347142712413248,0.846051262034869,0.10877430103689,FALSE,0,68.1889999999999,0.811999999999898,""
"H5_G2-2-2-2-3_lambda12",5,"2,2,2,2,3",12,4,-9482.40690286412,30744,-0.308431137876142,0.869925839188134,0.094155154210168,TRUE,0,73.625,0.669000000000324,""
"H5_G2-2-2-2-3_lambda12",5,"2,2,2,2,3",12,5,-9582.45296413891,30744,-0.311685303283207,0.870511319281811,0.0949762504551654,TRUE,0,76.77,0.728000000000065,""
"H5_G2-2-2-2-3_lambda2",5,"2,2,2,2,3",2,1,-10687.5940996781,32025,-0.333726591715165,0.859016393442623,0.101635053195856,TRUE,0,64.8269999999998,1.14100000000008,""
"H5_G2-2-2-2-3_lambda2",5,"2,2,2,2,3",2,2,-9348.89312713219,32025,-0.291924843938554,0.880967993754879,0.0877812800785208,TRUE,0,51.0219999999999,2.125,""
"H5_G2-2-2-2-3_lambda2",5,"2,2,2,2,3",2,3,-10166.2174935844,30744,-0.33067322058237,0.85584179026802,0.101382387813469,FALSE,0,60.732,1.40100000000029,""
"H5_G2-2-2-2-3_lambda2",5,"2,2,2,2,3",2,4,-9153.21221872326,30744,-0.297723530403437,0.874967473328129,0.0903777161944967,TRUE,0,58.9000000000001,1.74600000000009,""
"H5_G2-2-2-2-3_lambda2",5,"2,2,2,2,3",2,5,-9121.63449647347,30744,-0.296696412193386,0.881180067655478,0.0878273865041034,TRUE,0,70.5300000000002,1.279,""
"H5_G2-2-2-2-3_lambda4",5,"2,2,2,2,3",4,1,-10566.1645820055,32025,-0.329934881561451,0.856861826697892,0.10220015082317,TRUE,0,70.1239999999998,1.4340000000002,""
"H5_G2-2-2-2-3_lambda4",5,"2,2,2,2,3",4,2,-9191.81310063279,32025,-0.287019925078307,0.882466822794692,0.086872667045444,TRUE,0,68.623,1.52800000000025,""
"H5_G2-2-2-2-3_lambda4",5,"2,2,2,2,3",4,3,-10176.8127293927,30744,-0.331017848340903,0.85376008326828,0.103104427200467,FALSE,0,81.4189999999999,0.912000000000262,""
"H5_G2-2-2-2-3_lambda4",5,"2,2,2,2,3",4,4,-9098.61722726477,30744,-0.29594773703047,0.874837366640645,0.0907787594418172,TRUE,0,77.2400000000002,0.951999999999771,""
"H5_G2-2-2-2-3_lambda4",5,"2,2,2,2,3",4,5,-9153.83497211151,30744,-0.297743786498553,0.879228467343221,0.0895937858039846,TRUE,0,78.4969999999998,0.894999999999982,""
"H5_G2-2-2-2-3_lambda8",5,"2,2,2,2,3",8,1,-10738.8170035015,32025,-0.335326057876706,0.854176424668228,0.104595528547676,TRUE,0,69.145,1.41699999999992,""
"H5_G2-2-2-2-3_lambda8",5,"2,2,2,2,3",8,2,-9305.45695913315,32025,-0.290568523314072,0.882060889929742,0.0880326934719781,TRUE,0,57.7020000000002,1.66199999999981,""
"H5_G2-2-2-2-3_lambda8",5,"2,2,2,2,3",8,3,-10366.257630785,30744,-0.337179860486111,0.849141295862607,0.105794729818849,FALSE,0,74.7370000000001,0.983999999999924,""
"H5_G2-2-2-2-3_lambda8",5,"2,2,2,2,3",8,4,-9308.43847030319,30744,-0.302772523754332,0.869535519125683,0.0930452381549578,TRUE,0,89.4839999999999,0.639999999999873,""
"H5_G2-2-2-2-3_lambda8",5,"2,2,2,2,3",8,5,-9343.00979967244,30744,-0.303897014040868,0.87151964610981,0.0928788618718393,TRUE,0,81.8560000000002,0.829999999999927,""
"H5_G2-2-2-3-3_lambda0",5,"2,2,2,3,3",0,1,-20371.4952223857,32025,-0.63611226299409,0.852115534738486,0.112391243416829,TRUE,0,138.978,1.05300000000034,""
"H5_G2-2-2-3-3_lambda0",5,"2,2,2,3,3",0,2,-13930.1654348783,32025,-0.434977843399792,0.876284153005464,0.0940156597516673,TRUE,0,123.935,0.94800000000032,""
"H5_G2-2-2-3-3_lambda0",5,"2,2,2,3,3",0,3,-17551.4603189143,30744,-0.570890590649048,0.85027972937809,0.111727925387194,FALSE,0,123.314,1.11499999999978,""
"H5_G2-2-2-3-3_lambda0",5,"2,2,2,3,3",0,4,-15170.1161495224,30744,-0.493433390239475,0.868364558938329,0.0988671640770438,TRUE,0,131.21,0.924999999999727,""
"H5_G2-2-2-3-3_lambda0",5,"2,2,2,3,3",0,5,-15305.8337954054,30744,-0.497847833574207,0.870251105906844,0.0997995542935898,TRUE,0,123.597,1.04999999999973,""
"H5_G2-2-2-3-3_lambda1",5,"2,2,2,3,3",1,1,-11043.6474976038,32025,-0.344844574476311,0.858454332552693,0.102578061063486,TRUE,0,65.8870000000002,1.76499999999987,""
"H5_G2-2-2-3-3_lambda1",5,"2,2,2,3,3",1,2,-9662.29225880015,32025,-0.301710921430137,0.880187353629977,0.0887587211973081,TRUE,0,46.835,1.68899999999985,""
"H5_G2-2-2-3-3_lambda1",5,"2,2,2,3,3",1,3,-10370.4850434307,30744,-0.3373173641501,0.856947697111632,0.10157329570594,FALSE,0,60.531,1.34799999999996,""
"H5_G2-2-2-3-3_lambda1",5,"2,2,2,3,3",1,4,-9394.11466053761,30744,-0.305559285081239,0.875910746812386,0.0910947947390742,TRUE,0,60.44,1.25300000000016,""
"H5_G2-2-2-3-3_lambda1",5,"2,2,2,3,3",1,5,-9493.39794805302,30744,-0.30878863999652,0.880074160811866,0.0889406829796143,TRUE,0,62.547,1.06099999999969,""
"H5_G2-2-2-3-3_lambda12",5,"2,2,2,3,3",12,1,-10984.8588078393,32025,-0.343008862071485,0.851022638563622,0.106867648304298,TRUE,0,65.788,0.55600000000004,""
"H5_G2-2-2-3-3_lambda12",5,"2,2,2,3,3",12,2,-9469.13864715769,32025,-0.29567958304942,0.880343481654957,0.0892442420098497,TRUE,0,54.1480000000001,1.35899999999992,""
"H5_G2-2-2-3-3_lambda12",5,"2,2,2,3,3",12,3,-10681.9328837086,30744,-0.34744772585573,0.846051262034869,0.108865272764474,FALSE,0,65.2219999999998,0.697999999999865,""
"H5_G2-2-2-3-3_lambda12",5,"2,2,2,3,3",12,4,-9471.85934965936,30744,-0.30808806107401,0.870088472547489,0.0940006932053159,TRUE,0,66.5160000000001,0.471000000000004,""
"H5_G2-2-2-3-3_lambda12",5,"2,2,2,3,3",12,5,-9566.32225070992,30744,-0.311160624860458,0.869990892531876,0.0947984905280998,TRUE,0,72.6169999999997,0.507000000000062,""
"H5_G2-2-2-3-3_lambda2",5,"2,2,2,3,3",2,1,-10659.4711330106,32025,-0.332848435066687,0.858298204527713,0.101834465927867,TRUE,0,62.594,1.08899999999994,""
"H5_G2-2-2-3-3_lambda2",5,"2,2,2,3,3",2,2,-9329.87769364338,32025,-0.291331075523603,0.881811085089774,0.0874605143629901,TRUE,0,57.5749999999998,1.43899999999985,""
"H5_G2-2-2-3-3_lambda2",5,"2,2,2,3,3",2,3,-10152.0340917746,30744,-0.330211881725689,0.856102003642987,0.101312618757425,FALSE,0,58.8429999999998,1.47499999999991,""
"H5_G2-2-2-3-3_lambda2",5,"2,2,2,3,3",2,4,-9141.2876553591,30744,-0.297335664043687,0.87604085349987,0.0902772011194382,TRUE,0,62.078,1.08699999999999,""
"H5_G2-2-2-3-3_lambda2",5,"2,2,2,3,3",2,5,-9129.8214844978,30744,-0.296962707666465,0.880854800936768,0.087887727062934,TRUE,0,63.3530000000001,0.880999999999858,""
"H5_G2-2-2-3-3_lambda4",5,"2,2,2,3,3",4,1,-10537.1653139767,32025,-0.329029361872808,0.857548790007806,0.102091739994312,TRUE,0,64.9489999999996,0.814000000000306,""
"H5_G2-2-2-3-3_lambda4",5,"2,2,2,3,3",4,2,-9216.71572177375,32025,-0.287797524489422,0.882217017954723,0.0871663943271851,TRUE,0,61.344,1.11599999999999,""
"H5_G2-2-2-3-3_lambda4",5,"2,2,2,3,3",4,3,-10161.3678240874,30744,-0.33051547697396,0.854638303408795,0.102904164218298,FALSE,0,68.377,0.565999999999804,""
"H5_G2-2-2-3-3_lambda4",5,"2,2,2,3,3",4,4,-9145.31263758778,30744,-0.297466583319925,0.873796513140775,0.0912985532148426,TRUE,0,69.6329999999998,0.554000000000087,""
"H5_G2-2-2-3-3_lambda4",5,"2,2,2,3,3",4,5,-9124.03376759696,30744,-0.296774452497949,0.878512880562061,0.0890358941733829,TRUE,0,68.0120000000002,0.873000000000047,""
"H5_G2-2-2-3-3_lambda8",5,"2,2,2,3,3",8,1,-10719.515738042,32025,-0.334723364185543,0.85495706479313,0.104295794364917,TRUE,0,56.5920000000001,1.68299999999999,""
"H5_G2-2-2-3-3_lambda8",5,"2,2,2,3,3",8,2,-9275.3023655974,32025,-0.289626927887507,0.882466822794692,0.0875916192055213,TRUE,0,57.7309999999998,1.48900000000003,""
"H5_G2-2-2-3-3_lambda8",5,"2,2,2,3,3",8,3,-10382.1707554761,30744,-0.337697461471381,0.848816029143898,0.10590534243499,FALSE,0,65.8899999999999,0.910000000000309,""
"H5_G2-2-2-3-3_lambda8",5,"2,2,2,3,3",8,4,-9285.49341996117,30744,-0.302026197630795,0.870251105906844,0.0927494714681103,TRUE,0,69.6300000000001,0.643000000000029,""
"H5_G2-2-2-3-3_lambda8",5,"2,2,2,3,3",8,5,-9352.99467677064,30744,-0.304221788861913,0.873796513140775,0.0926216480221205,TRUE,0,63.4590000000003,0.981999999999971,""
"H5_G2-2-3-3-3_lambda0",5,"2,2,3,3,3",0,1,-20443.9012875658,32025,-0.638373186184724,0.852864949258392,0.111734468824276,TRUE,0,126.896,1.08200000000033,""
"H5_G2-2-3-3-3_lambda0",5,"2,2,3,3,3",0,2,-13886.8518868792,32025,-0.433625351658993,0.873380171740827,0.0952495867074139,TRUE,0,97.3719999999998,1.03099999999995,""
"H5_G2-2-3-3-3_lambda0",5,"2,2,3,3,3",0,3,-17075.9044508225,30744,-0.555422340971329,0.852263856362217,0.110487298421898,FALSE,0,103.988,1.04800000000023,""
"H5_G2-2-3-3-3_lambda0",5,"2,2,3,3,3",0,4,-14614.5699522103,30744,-0.475363321370359,0.871194379391101,0.0971704639159382,TRUE,0,113.202,0.901000000000295,""
"H5_G2-2-3-3-3_lambda0",5,"2,2,3,3,3",0,5,-15714.2174086423,30744,-0.511131193359428,0.867941712204007,0.1003806481236,TRUE,0,103.876,0.952000000000226,""
"H5_G2-2-3-3-3_lambda1",5,"2,2,3,3,3",1,1,-11059.6172318096,32025,-0.345343239088513,0.859078844652615,0.102526477617367,TRUE,0,57.29,1.76800000000003,""
"H5_G2-2-3-3-3_lambda1",5,"2,2,3,3,3",1,2,-9661.64334403621,32025,-0.301690658674042,0.880343481654957,0.0887286704476425,TRUE,0,46.0799999999999,1.5630000000001,""
"H5_G2-2-3-3-3_lambda1",5,"2,2,3,3,3",1,3,-10433.7796041922,30744,-0.339376125559204,0.856167056986729,0.102291761301343,FALSE,0,60.6479999999997,1.27100000000019,""
"H5_G2-2-3-3-3_lambda1",5,"2,2,3,3,3",1,4,-9430.15993139165,30744,-0.306731717778807,0.875845693468644,0.0911582812801822,TRUE,0,56.7489999999998,1.74400000000014,""
"H5_G2-2-3-3-3_lambda1",5,"2,2,3,3,3",1,5,-9480.45296606206,30744,-0.308367582814925,0.880789747593026,0.088947144987985,TRUE,0,86.3919999999998,0.811000000000149,""
"H5_G2-2-3-3-3_lambda12",5,"2,2,3,3,3",12,1,-11000.8611003634,32025,-0.343508543336873,0.849773614363778,0.10716713958836,TRUE,0,64.0729999999999,1.08399999999983,""
"H5_G2-2-3-3-3_lambda12",5,"2,2,3,3,3",12,2,-9442.02658502498,32025,-0.294832992506635,0.879531615925059,0.0889551029872863,TRUE,0,67.8090000000002,0.751999999999953,""
"H5_G2-2-3-3-3_lambda12",5,"2,2,3,3,3",12,3,-10697.1962832407,30744,-0.347944193443946,0.845791048659901,0.109064149664574,FALSE,0,67.096,0.809000000000196,""
"H5_G2-2-3-3-3_lambda12",5,"2,2,3,3,3",12,4,-9480.06724418738,30744,-0.308355036566074,0.869633099141296,0.0940796810878684,TRUE,0,62.0059999999999,1.00599999999986,""
"H5_G2-2-3-3-3_lambda12",5,"2,2,3,3,3",12,5,-9655.56094298699,30744,-0.314063262522346,0.868136872235233,0.0959920043890062,FALSE,0,74.357,0.449000000000069,""
"H5_G2-2-3-3-3_lambda2",5,"2,2,3,3,3",2,1,-10665.1050870987,32025,-0.333024358691607,0.858610460577674,0.101627115609086,TRUE,0,59.5050000000001,1.44000000000005,""
"H5_G2-2-3-3-3_lambda2",5,"2,2,3,3,3",2,2,-9322.30905659228,32025,-0.291094740252686,0.881405152224824,0.0873314387590056,TRUE,0,55.3789999999999,1.60600000000022,""
"H5_G2-2-3-3-3_lambda2",5,"2,2,3,3,3",2,3,-10157.2204042603,30744,-0.330380575210131,0.856102003642987,0.101427220489438,FALSE,0,57.2429999999999,1.72200000000021,""
"H5_G2-2-3-3-3_lambda2",5,"2,2,3,3,3",2,4,-9191.53384332428,30744,-0.298970005312395,0.875520426749935,0.0908222219450278,TRUE,0,79.1669999999999,0.532000000000153,""
"H5_G2-2-3-3-3_lambda2",5,"2,2,3,3,3",2,5,-9154.38818508433,30744,-0.297761780675394,0.880074160811866,0.0882501614801596,TRUE,0,62.5030000000002,1.15599999999995,""
"H5_G2-2-3-3-3_lambda4",5,"2,2,3,3,3",4,1,-10465.7908581827,32025,-0.326800651309374,0.858704137392662,0.101301865745327,TRUE,0,63.6099999999997,1.029,""
"H5_G2-2-3-3-3_lambda4",5,"2,2,3,3,3",4,2,-9168.96227463777,32025,-0.286306394211952,0.882654176424668,0.08674654096404,TRUE,0,59.9470000000001,1.31100000000015,""
"H5_G2-2-3-3-3_lambda4",5,"2,2,3,3,3",4,3,-10212.0637386736,30744,-0.332164446352903,0.85304449648712,0.103471873680014,FALSE,0,67.4279999999999,0.795999999999822,""
"H5_G2-2-3-3-3_lambda4",5,"2,2,3,3,3",4,4,-9085.96550684238,30744,-0.295536218671688,0.875130106687484,0.0906370157990796,TRUE,0,70.2620000000002,0.643000000000029,""
"H5_G2-2-3-3-3_lambda4",5,"2,2,3,3,3",4,5,-9133.29317735409,30744,-0.297075630280838,0.878512880562061,0.0893061386836105,TRUE,0,68.1379999999999,0.731999999999971,""
"H5_G2-2-3-3-3_lambda8",5,"2,2,3,3,3",8,1,-10680.3850828485,32025,-0.333501485803231,0.855113192818111,0.103826224938425,TRUE,0,63.799,0.887000000000171,""
"H5_G2-2-3-3-3_lambda8",5,"2,2,3,3,3",8,2,-9239.63133040199,32025,-0.288513078232693,0.882029664324746,0.0875315151469193,TRUE,0,53.6260000000002,1.57400000000007,""
"H5_G2-2-3-3-3_lambda8",5,"2,2,3,3,3",8,3,-10401.1431375642,30744,-0.33831456991817,0.848588342440802,0.106121135830318,FALSE,0,65.4940000000001,0.916999999999916,""
"H5_G2-2-3-3-3_lambda8",5,"2,2,3,3,3",8,4,-9272.90490153515,30744,-0.301616735022611,0.870511319281811,0.0925732443133275,TRUE,0,74.489,0.518000000000029,""
"H5_G2-2-3-3-3_lambda8",5,"2,2,3,3,3",8,5,-9354.04611850215,30744,-0.304255988762105,0.872820712984647,0.0927948629884403,TRUE,0,74.3480000000004,0.49599999999964,""
"H5_G2-3-3-3-3_lambda0",5,"2,3,3,3,3",0,1,-19751.492275827,32025,-0.616752295888432,0.855956284153006,0.109946990956929,TRUE,0,118.249,1.0649999999996,""
"H5_G2-3-3-3-3_lambda0",5,"2,3,3,3,3",0,2,-13883.0541479264,32025,-0.433506764962574,0.876471506635441,0.0938023285742394,TRUE,0,112.076,0.936999999999898,""
"H5_G2-3-3-3-3_lambda0",5,"2,3,3,3,3",0,3,-17309.6266739801,30744,-0.563024547032922,0.851483216237315,0.110871814376345,FALSE,0,116.5,1.01999999999998,""
"H5_G2-3-3-3-3_lambda0",5,"2,3,3,3,3",0,4,-14837.1625513344,30744,-0.482603517802968,0.870511319281811,0.0976710835159965,TRUE,0,118.895,0.922000000000025,""
"H5_G2-3-3-3-3_lambda0",5,"2,3,3,3,3",0,5,-15228.6566962237,30744,-0.495337519393173,0.869307832422586,0.0999401190160409,TRUE,0,109.557,1.13200000000006,""
"H5_G2-3-3-3-3_lambda1",5,"2,3,3,3,3",1,1,-11047.6364320304,32025,-0.344969131367071,0.858485558157689,0.102642005660188,TRUE,0,58.232,1.5630000000001,""
"H5_G2-3-3-3-3_lambda1",5,"2,3,3,3,3",1,2,-9666.33570991572,32025,-0.301837180637493,0.880062451209992,0.0887733071602627,TRUE,0,45.9180000000001,1.73599999999988,""
"H5_G2-3-3-3-3_lambda1",5,"2,3,3,3,3",1,3,-10379.0091181006,30744,-0.337594623929892,0.856654957064793,0.101595893070671,FALSE,0,61.8679999999999,1.17599999999993,""
"H5_G2-3-3-3-3_lambda1",5,"2,3,3,3,3",1,4,-9389.51569227949,30744,-0.305409695949762,0.875585480093677,0.0910716091055839,TRUE,0,58.252,1.56500000000005,""
"H5_G2-3-3-3-3_lambda1",5,"2,3,3,3,3",1,5,-9506.37626858709,30744,-0.309210781569968,0.880692167577414,0.0890398076587348,TRUE,0,83.886,0.83600000000024,""
"H5_G2-3-3-3-3_lambda12",5,"2,3,3,3,3",12,1,-10949.4182132735,32025,-0.341902208064746,0.850710382513661,0.106504343397625,TRUE,0,59.8650000000002,1.125,""
"H5_G2-3-3-3-3_lambda12",5,"2,3,3,3,3",12,2,-9468.84333655009,32025,-0.295670361797036,0.881124121779859,0.0891640044063238,TRUE,0,51.8290000000002,1.78600000000006,""
"H5_G2-3-3-3-3_lambda12",5,"2,3,3,3,3",12,3,-10691.1316651132,30744,-0.34774693160009,0.84575852198803,0.108978735960531,FALSE,0,64.6460000000002,0.931999999999789,""
"H5_G2-3-3-3-3_lambda12",5,"2,3,3,3,3",12,4,-9468.10841545277,30744,-0.307966055667863,0.869568045797554,0.0939618693004534,TRUE,0,69.0150000000003,0.702999999999975,""
"H5_G2-3-3-3-3_lambda12",5,"2,3,3,3,3",12,5,-9607.02051483371,30744,-0.312484403943329,0.869535519125683,0.0951614741679215,TRUE,0,108.728,0.632999999999811,""
"H5_G2-3-3-3-3_lambda2",5,"2,3,3,3,3",2,1,-10677.6877309361,32025,-0.33341725935788,0.858048399687744,0.1017221163615,TRUE,0,60.5189999999998,1.26200000000017,""
"H5_G2-3-3-3-3_lambda2",5,"2,3,3,3,3",2,2,-9319.98839380732,32025,-0.291022276153234,0.882060889929742,0.0873614956358887,TRUE,0,65.154,1.03499999999985,""
"H5_G2-3-3-3-3_lambda2",5,"2,3,3,3,3",2,3,-10151.6733374095,30744,-0.330200147586831,0.8561995836586,0.101271022444307,FALSE,0,58.0080000000003,1.58699999999999,""
"H5_G2-3-3-3-3_lambda2",5,"2,3,3,3,3",2,4,-9117.86485563846,30744,-0.296573798322875,0.875748113453031,0.0900839810057663,TRUE,0,49.4960000000005,1.5659999999998,""
"H5_G2-3-3-3-3_lambda2",5,"2,3,3,3,3",2,5,-9129.19864384082,30744,-0.296942448732788,0.881049960967994,0.0878910972127263,TRUE,0,61.2720000000004,1.30999999999949,""
"H5_G2-3-3-3-3_lambda4",5,"2,3,3,3,3",4,1,-10615.1199598282,32025,-0.331463542851778,0.855081967213115,0.103090309814671,TRUE,0,65.335,1.18199999999979,""
"H5_G2-3-3-3-3_lambda4",5,"2,3,3,3,3",4,2,-9174.90868519744,32025,-0.286492074479233,0.882310694769711,0.0868172587902729,TRUE,0,60.5459999999994,1.31500000000051,""
"H5_G2-3-3-3-3_lambda4",5,"2,3,3,3,3",4,3,-10199.2138779095,30744,-0.331746483148239,0.85304449648712,0.103321066797969,FALSE,0,69.9110000000005,1.00399999999991,""
"H5_G2-3-3-3-3_lambda4",5,"2,3,3,3,3",4,4,-9076.14190668112,30744,-0.295216689652652,0.87568306010929,0.0907100282157975,TRUE,0,72.1310000000003,0.819999999999709,""
"H5_G2-3-3-3-3_lambda4",5,"2,3,3,3,3",4,5,-9126.61008886141,30744,-0.296858251654353,0.879944054124382,0.0894229231720924,TRUE,0,98.6749999999997,0.744000000000597,""
"H5_G2-3-3-3-3_lambda8",5,"2,3,3,3,3",8,1,-10690.9356146811,32025,-0.333830932542737,0.855768930523029,0.103947437212982,TRUE,0,57.9390000000003,1.44899999999961,""
"H5_G2-3-3-3-3_lambda8",5,"2,3,3,3,3",8,2,-9283.13368785623,32025,-0.289871465662958,0.882373145979703,0.0877134956749386,TRUE,0,58.511,1.51999999999953,""
"H5_G2-3-3-3-3_lambda8",5,"2,3,3,3,3",8,3,-10414.4881398878,30744,-0.338748638429865,0.848393182409576,0.106289756551298,FALSE,0,67.1579999999999,1.03200000000015,""
"H5_G2-3-3-3-3_lambda8",5,"2,3,3,3,3",8,4,-9292.51893669249,30744,-0.302254714308239,0.870641425969295,0.0926697825313478,TRUE,0,70.0469999999996,0.830000000000837,""
"H5_G2-3-3-3-3_lambda8",5,"2,3,3,3,3",8,5,-9419.18705469451,30744,-0.306374806618999,0.870348685922456,0.093635836011264,FALSE,0,85.0119999999997,0.719000000000051,""
"H5_G3-3-3-3-3_lambda0",5,"3,3,3,3,3",0,1,-20727.3537528174,32025,-0.64722416089984,0.851366120218579,0.11321790394007,TRUE,0,123.961,1.11999999999989,""
"H5_G3-3-3-3-3_lambda0",5,"3,3,3,3,3",0,2,-13829.5647876078,32025,-0.431836527325771,0.873692427790788,0.095103834177983,TRUE,0,106.297,1.0649999999996,""
"H5_G3-3-3-3-3_lambda0",5,"3,3,3,3,3",0,3,-17525.8544640112,30744,-0.570057717408639,0.850019516003123,0.111987630065845,FALSE,0,113.281,1.08399999999983,""
"H5_G3-3-3-3-3_lambda0",5,"3,3,3,3,3",0,4,-14786.9979753108,30744,-0.480971831099101,0.870608899297424,0.097392290208955,TRUE,0,120.136,0.953999999999724,""
"H5_G3-3-3-3-3_lambda0",5,"3,3,3,3,3",0,5,-14951.0375999136,30744,-0.486307494142387,0.870446265938069,0.0987053967405837,TRUE,0,114.529,1.00800000000072,""
"H5_G3-3-3-3-3_lambda1",5,"3,3,3,3,3",1,1,-11046.7187374067,32025,-0.344940475797242,0.858516783762685,0.102597440734409,TRUE,0,58.8819999999996,1.6190000000006,""
"H5_G3-3-3-3-3_lambda1",5,"3,3,3,3,3",1,2,-9666.83935005604,32025,-0.301852907105575,0.88,0.088774170763582,TRUE,0,45.1210000000001,1.95499999999993,""
"H5_G3-3-3-3-3_lambda1",5,"3,3,3,3,3",1,3,-10419.8080095325,30744,-0.338921676084195,0.856036950299245,0.102276951644993,FALSE,0,59.5439999999999,1.57099999999991,""
"H5_G3-3-3-3-3_lambda1",5,"3,3,3,3,3",1,4,-9427.65531668946,30744,-0.306650250998226,0.875195160031226,0.0915450520195556,TRUE,0,70.3130000000001,0.630000000000109,""
"H5_G3-3-3-3-3_lambda1",5,"3,3,3,3,3",1,5,-9481.52399701306,30744,-0.308402419887232,0.880106687483737,0.0888760724853609,TRUE,0,60.8200000000006,1.50399999999991,""
"H5_G3-3-3-3-3_lambda12",5,"3,3,3,3,3",12,1,-10943.8119187971,32025,-0.341727148127933,0.852677595628415,0.106305107770123,TRUE,0,65.2389999999996,0.850000000000364,""
"H5_G3-3-3-3-3_lambda12",5,"3,3,3,3,3",12,2,-9528.38028503434,32025,-0.297529439033079,0.878844652615144,0.0899568844605109,TRUE,0,74.0190000000002,0.573999999999614,""
"H5_G3-3-3-3-3_lambda12",5,"3,3,3,3,3",12,3,-10690.8900587539,30744,-0.34773907294932,0.845888628675514,0.108997041560245,FALSE,0,64.3860000000004,0.988999999999578,""
"H5_G3-3-3-3-3_lambda12",5,"3,3,3,3,3",12,4,-9467.63618337495,30744,-0.30795069553002,0.869633099141296,0.093956734053448,TRUE,0,68.5630000000001,0.682999999999993,""
"H5_G3-3-3-3-3_lambda12",5,"3,3,3,3,3",12,5,-9685.75970530983,30744,-0.315045527755329,0.86768149882904,0.0963821731908742,FALSE,0,73.5870000000004,0.5,""
"H5_G3-3-3-3-3_lambda2",5,"3,3,3,3,3",2,1,-10678.2734924618,32025,-0.333435550115902,0.858173302107728,0.101987823587733,TRUE,0,61.1139999999996,1.38000000000011,""
"H5_G3-3-3-3-3_lambda2",5,"3,3,3,3,3",2,2,-9334.99470313917,32025,-0.29149085724088,0.881467603434817,0.087560676175158,TRUE,0,47.942,1.75500000000011,""
"H5_G3-3-3-3-3_lambda2",5,"3,3,3,3,3",2,3,-10157.4847798966,30744,-0.330389174469705,0.8561995836586,0.10129863268684,FALSE,0,55.8590000000004,1.75399999999991,""
"H5_G3-3-3-3-3_lambda2",5,"3,3,3,3,3",2,4,-9143.69910742528,30744,-0.297414100553776,0.875260213374968,0.0904829061950928,TRUE,0,59.076,1.51699999999983,""
"H5_G3-3-3-3-3_lambda2",5,"3,3,3,3,3",2,5,-9130.79755019753,30744,-0.296994455835204,0.881082487639865,0.0879104290469728,TRUE,0,60.7179999999998,1.39900000000034,""
"H5_G3-3-3-3-3_lambda4",5,"3,3,3,3,3",4,1,-10508.0449288591,32025,-0.328120060229793,0.85879781420765,0.101823301886936,TRUE,0,67.8320000000003,0.897999999999229,""
"H5_G3-3-3-3-3_lambda4",5,"3,3,3,3,3",4,2,-9174.23748076417,32025,-0.286471115714728,0.882029664324746,0.0867862619942961,TRUE,0,64.3670000000002,1.07300000000032,""
"H5_G3-3-3-3-3_lambda4",5,"3,3,3,3,3",4,3,-10173.3845871236,30744,-0.330906342282188,0.854085349986989,0.102989395065381,FALSE,0,69.0360000000001,0.738000000000284,""
"H5_G3-3-3-3-3_lambda4",5,"3,3,3,3,3",4,4,-9214.28716854475,30744,-0.299710095255814,0.872495446265938,0.0917306601780902,TRUE,0,69.8639999999996,0.606999999999971,""
"H5_G3-3-3-3-3_lambda4",5,"3,3,3,3,3",4,5,-9213.10753612734,30744,-0.299671725739245,0.878675513921416,0.0898063986808697,TRUE,0,70.8690000000006,0.932999999999993,""
"H5_G3-3-3-3-3_lambda8",5,"3,3,3,3,3",8,1,-10730.9854813895,32025,-0.335081513860719,0.854426229508197,0.104361632313568,TRUE,0,58.8919999999998,1.24000000000069,""
"H5_G3-3-3-3-3_lambda8",5,"3,3,3,3,3",8,2,-9215.89175947149,32025,-0.28777179576804,0.881561280249805,0.0872921747285344,TRUE,0,62.6589999999997,1.13000000000011,""
"H5_G3-3-3-3-3_lambda8",5,"3,3,3,3,3",8,3,-10414.2080576119,30744,-0.33873952828558,0.848393182409576,0.106285290147251,FALSE,0,63.6459999999997,1.13400000000001,""
"H5_G3-3-3-3-3_lambda8",5,"3,3,3,3,3",8,4,-9293.20823433729,30744,-0.302277134866552,0.870218579234973,0.092837628457262,TRUE,0,67.8609999999999,0.880000000000109,""
"H5_G3-3-3-3-3_lambda8",5,"3,3,3,3,3",8,5,-9439.06133037446,30744,-0.307021250662713,0.871226906062972,0.0934993148295362,TRUE,0,80.2439999999997,0.686999999999898,""
"H6_G1-2-2-2-2-2_lambda0",6,"1,2,2,2,2,2",0,1,-26879.6579182494,32025,-0.83933358058546,0.851491022638564,0.117127050609272,TRUE,0,149.769,1.53099999999995,""
"H6_G1-2-2-2-2-2_lambda0",6,"1,2,2,2,2,2",0,2,-17999.8413734212,32025,-0.562055936718851,0.870257611241218,0.0998005766921388,TRUE,0,142.496999999999,1.40999999999985,""
"H6_G1-2-2-2-2-2_lambda0",6,"1,2,2,2,2,2",0,3,-21511.68420686,30744,-0.699703493587691,0.848393182409576,0.115532780713896,TRUE,0,137.782999999999,1.50399999999991,""
"H6_G1-2-2-2-2-2_lambda0",6,"1,2,2,2,2,2",0,4,-19734.6982753247,30744,-0.641904055273376,0.866575591985428,0.103916325945627,TRUE,0,145.359,1.27799999999934,""
"H6_G1-2-2-2-2-2_lambda0",6,"1,2,2,2,2,2",0,5,-18164.5114289673,30744,-0.590831102945851,0.870055945875618,0.100491988739612,TRUE,0,124.833000000001,1.38299999999981,""
"H6_G1-2-2-2-2-2_lambda1",6,"1,2,2,2,2,2",1,1,-11240.3126543538,32025,-0.35098556297748,0.856830601092896,0.10387806144128,TRUE,0,52.1590000000006,1.64899999999943,""
"H6_G1-2-2-2-2-2_lambda1",6,"1,2,2,2,2,2",1,2,-9658.95267222745,32025,-0.301606640818968,0.88056206088993,0.0884530596808338,TRUE,0,53.0500000000002,1.76100000000042,""
"H6_G1-2-2-2-2-2_lambda1",6,"1,2,2,2,2,2",1,3,-10531.2253622034,30744,-0.34254571175525,0.858704137392662,0.101924769297264,TRUE,0,45.4000000000005,2.05299999999988,""
"H6_G1-2-2-2-2-2_lambda1",6,"1,2,2,2,2,2",1,4,-9724.63680603306,30744,-0.316310070453847,0.874056726515743,0.0922215996547123,TRUE,0,52.9280000000008,1.82799999999952,""
"H6_G1-2-2-2-2-2_lambda1",6,"1,2,2,2,2,2",1,5,-9587.80305494914,30744,-0.311859323931471,0.878935727296383,0.0890393067673578,TRUE,0,55.0509999999995,1.59500000000025,""
"H6_G1-2-2-2-2-2_lambda12",6,"1,2,2,2,2,2",12,1,-10931.5597793763,32025,-0.341344567662023,0.85239656518345,0.106273444043033,TRUE,0,67.1120000000001,1.08199999999943,""
"H6_G1-2-2-2-2-2_lambda12",6,"1,2,2,2,2,2",12,2,-9486.13910234615,32025,-0.296210432547889,0.879812646370023,0.0896184523256161,TRUE,0,72.2559999999994,0.798999999999978,""
"H6_G1-2-2-2-2-2_lambda12",6,"1,2,2,2,2,2",12,3,-10738.6204533109,30744,-0.349291583831346,0.844522508456935,0.109714366974244,TRUE,0,77.3940000000002,0.598999999999251,""
"H6_G1-2-2-2-2-2_lambda12",6,"1,2,2,2,2,2",12,4,-9405.94815516963,30744,-0.305944189278221,0.870739005984908,0.0932218807463725,TRUE,0,77.2800000000007,0.693999999999505,""
"H6_G1-2-2-2-2-2_lambda12",6,"1,2,2,2,2,2",12,5,-9575.05601494113,30744,-0.311444705143805,0.868787405672652,0.0950211024305711,TRUE,0,75.8919999999998,1.00600000000031,""
"H6_G1-2-2-2-2-2_lambda2",6,"1,2,2,2,2,2",2,1,-10649.0934029422,32025,-0.332524384166815,0.859703356752537,0.101174889381437,TRUE,0,65.451,2.1309999999994,""
"H6_G1-2-2-2-2-2_lambda2",6,"1,2,2,2,2,2",2,2,-9289.4956829821,32025,-0.290070122809746,0.882279469164715,0.0869425289709286,TRUE,0,59.3800000000001,2.26800000000003,""
"H6_G1-2-2-2-2-2_lambda2",6,"1,2,2,2,2,2",2,3,-10131.937041529,30744,-0.329558191566778,0.856850117096019,0.101433825344542,TRUE,0,65.1939999999995,2.05100000000039,""
"H6_G1-2-2-2-2-2_lambda2",6,"1,2,2,2,2,2",2,4,-9263.95536674354,30744,-0.301325636441047,0.875552953421806,0.0908553560918573,TRUE,0,70.0050000000001,1.16700000000037,""
"H6_G1-2-2-2-2-2_lambda2",6,"1,2,2,2,2,2",2,5,-9111.54075787717,30744,-0.296368096470113,0.880757220921155,0.0880696774779178,TRUE,0,68.2380000000003,1.3700000000008,""
"H6_G1-2-2-2-2-2_lambda4",6,"1,2,2,2,2,2",4,1,-10516.745947351,32025,-0.328391754796284,0.858672911787666,0.10154340926928,TRUE,0,72.4880000000003,1.11300000000028,""
"H6_G1-2-2-2-2-2_lambda4",6,"1,2,2,2,2,2",4,2,-9116.47223858102,32025,-0.284667361079813,0.883434816549571,0.0864147363181019,TRUE,0,69.1999999999998,1.33699999999953,""
"H6_G1-2-2-2-2-2_lambda4",6,"1,2,2,2,2,2",4,3,-10181.2884799352,30744,-0.331163429610175,0.85236143637783,0.103232454685065,TRUE,0,66.223,2.23799999999937,""
"H6_G1-2-2-2-2-2_lambda4",6,"1,2,2,2,2,2",4,4,-9242.73418327681,30744,-0.300635381969712,0.872267759562842,0.0920648344243518,TRUE,0,65.223,1.90399999999954,""
"H6_G1-2-2-2-2-2_lambda4",6,"1,2,2,2,2,2",4,5,-9009.58658569637,30744,-0.293051866565716,0.87883814728077,0.0884662156403766,TRUE,0,70.5199999999995,1.09900000000016,""
"H6_G1-2-2-2-2-2_lambda8",6,"1,2,2,2,2,2",8,1,-10758.5673630091,32025,-0.33594277480122,0.854176424668228,0.104779005814352,TRUE,0,76.518,0.826999999999316,""
"H6_G1-2-2-2-2-2_lambda8",6,"1,2,2,2,2,2",8,2,-9293.99050897999,32025,-0.290210476470882,0.882185792349727,0.0879493410697269,TRUE,0,80.1849999999995,0.648000000000138,""
"H6_G1-2-2-2-2-2_lambda8",6,"1,2,2,2,2,2",8,3,-10544.9172774369,30744,-0.342991064189334,0.845791048659901,0.107886576780478,TRUE,0,73.0289999999995,0.949000000000524,""
"H6_G1-2-2-2-2-2_lambda8",6,"1,2,2,2,2,2",8,4,-9214.71625600667,30744,-0.299724052042892,0.871942492844132,0.0919331427095373,TRUE,0,78.2520000000004,0.582999999999629,""
"H6_G1-2-2-2-2-2_lambda8",6,"1,2,2,2,2,2",8,5,-9324.45254615112,30744,-0.303293408344754,0.872397866250325,0.0925617772271625,TRUE,0,68.433,1.41000000000076,""
"H6_G1-2-2-2-2-3_lambda0",6,"1,2,2,2,2,3",0,1,-28026.3501129595,32025,-0.875139738109585,0.847775175644028,0.119848007097343,TRUE,0,159.539,1.53600000000006,""
"H6_G1-2-2-2-2-3_lambda0",6,"1,2,2,2,2,3",0,2,-18378.1147677649,32025,-0.573867752311159,0.87103825136612,0.0997122589032289,TRUE,0,153.082,1.27599999999984,""
"H6_G1-2-2-2-2-3_lambda0",6,"1,2,2,2,2,3",0,3,-21324.0569548534,30744,-0.693600603527627,0.848393182409576,0.116253386784632,TRUE,0,145.801,1.54899999999998,""
"H6_G1-2-2-2-2-3_lambda0",6,"1,2,2,2,2,3",0,4,-19433.2656223785,30744,-0.632099454279812,0.867291178766589,0.102853842722422,TRUE,0,157.915999999999,1.26300000000083,""
"H6_G1-2-2-2-2-3_lambda0",6,"1,2,2,2,2,3",0,5,-18360.0298362363,30744,-0.597190666023818,0.869502992453812,0.101421955187642,TRUE,0,134.792,1.55400000000009,""
"H6_G1-2-2-2-2-3_lambda1",6,"1,2,2,2,2,3",1,1,-11217.5660741776,32025,-0.350275287249887,0.857049180327869,0.103389467376686,TRUE,0,64.1599999999999,2.20899999999983,""
"H6_G1-2-2-2-2-3_lambda1",6,"1,2,2,2,2,3",1,2,-9701.91509682582,32025,-0.302948168519151,0.880374707259953,0.0886117641435555,TRUE,0,63.0859999999993,1.84900000000016,""
"H6_G1-2-2-2-2-3_lambda1",6,"1,2,2,2,2,3",1,3,-10662.6325960646,30744,-0.346819951732521,0.857500650533437,0.102662101328694,TRUE,0,54.4070000000002,2.54399999999987,""
"H6_G1-2-2-2-2-3_lambda1",6,"1,2,2,2,2,3",1,4,-9727.1725833252,30744,-0.316392550849766,0.874219359875098,0.0922306078547131,TRUE,0,63.344,1.78999999999996,""
"H6_G1-2-2-2-2-3_lambda1",6,"1,2,2,2,2,3",1,5,-9601.96771685764,30744,-0.312320053241531,0.879293520686963,0.089520567539668,TRUE,0,66.1729999999998,1.59599999999955,""
"H6_G1-2-2-2-2-3_lambda12",6,"1,2,2,2,2,3",12,1,-10944.9482758338,32025,-0.341762631563897,0.852864949258392,0.10625616890685,TRUE,0,80.8419999999996,1.11999999999989,""
"H6_G1-2-2-2-2-3_lambda12",6,"1,2,2,2,2,3",12,2,-9449.52636819744,32025,-0.295067177773534,0.88128024980484,0.089214680717682,TRUE,0,83.7960000000003,0.992999999999483,""
"H6_G1-2-2-2-2-3_lambda12",6,"1,2,2,2,2,3",12,3,-10763.8020108591,30744,-0.350110656090917,0.842993754879001,0.109979722179522,TRUE,0,69.9840000000004,1.14699999999993,""
"H6_G1-2-2-2-2-3_lambda12",6,"1,2,2,2,2,3",12,4,-9428.76992648165,30744,-0.306686505545201,0.870413739266198,0.0934633462849283,TRUE,0,79.7850000000008,1.01999999999953,""
"H6_G1-2-2-2-2-3_lambda12",6,"1,2,2,2,2,3",12,5,-9492.24834577668,30744,-0.308751247260496,0.870966692688004,0.0940283206547059,TRUE,0,85.3270000000002,0.789999999999964,""
"H6_G1-2-2-2-2-3_lambda2",6,"1,2,2,2,2,3",2,1,-10681.7619133828,32025,-0.333544478169642,0.859234972677596,0.101608851757861,TRUE,0,66.6679999999997,1.49099999999999,""
"H6_G1-2-2-2-2-3_lambda2",6,"1,2,2,2,2,3",2,2,-9291.48628179605,32025,-0.290132280462016,0.882622950819672,0.0870096154272887,TRUE,0,58.1260000000002,2.01000000000022,""
"H6_G1-2-2-2-2-3_lambda2",6,"1,2,2,2,2,3",2,3,-10150.8137520041,30744,-0.330172188134403,0.857533177205308,0.101650414380448,TRUE,0,63.3919999999998,1.96800000000076,""
"H6_G1-2-2-2-2-3_lambda2",6,"1,2,2,2,2,3",2,4,-9247.75668520806,30744,-0.300798747242,0.875325266718709,0.090706284047378,TRUE,0,61.6789999999992,1.97700000000077,""
"H6_G1-2-2-2-2-3_lambda2",6,"1,2,2,2,2,3",2,5,-9129.16330256418,30744,-0.296941299198679,0.880887327608639,0.0880739033552976,TRUE,0,67.6890000000003,2.3149999999996,""
"H6_G1-2-2-2-2-3_lambda4",6,"1,2,2,2,2,3",4,1,-10499.1555654734,32025,-0.327842484480043,0.858391881342701,0.101666731971645,TRUE,0,67.4780000000001,2.33399999999983,""
"H6_G1-2-2-2-2-3_lambda4",6,"1,2,2,2,2,3",4,2,-9202.67160230527,32025,-0.287358988362382,0.883684621389539,0.0869153696028945,TRUE,0,71.2780000000002,1.63500000000022,""
"H6_G1-2-2-2-2-3_lambda4",6,"1,2,2,2,2,3",4,3,-10152.9868905057,30744,-0.330242873097374,0.853597449908925,0.102973659384374,TRUE,0,70.5950000000003,1.86599999999999,""
"H6_G1-2-2-2-2-3_lambda4",6,"1,2,2,2,2,3",4,4,-9108.06843907073,30744,-0.296255153495665,0.875227686703097,0.0909249098971096,TRUE,0,74.558,1.11700000000019,""
"H6_G1-2-2-2-2-3_lambda4",6,"1,2,2,2,2,3",4,5,-9220.98275788689,30744,-0.299927880493329,0.87604085349987,0.0905652340234726,TRUE,0,68.326,2.29600000000028,""
"H6_G1-2-2-2-2-3_lambda8",6,"1,2,2,2,2,3",8,1,-10735.40115531,32025,-0.335219395950352,0.854176424668228,0.104519515982686,TRUE,0,83.384,0.875,""
"H6_G1-2-2-2-2-3_lambda8",6,"1,2,2,2,2,3",8,2,-9317.99299095614,32025,-0.290959968491995,0.881967213114754,0.0882040107672544,TRUE,0,80.076,1.15899999999965,""
"H6_G1-2-2-2-2-3_lambda8",6,"1,2,2,2,2,3",8,3,-10399.9104845128,30744,-0.338274475816837,0.848816029143898,0.106078604823781,TRUE,0,75.21,1.32899999999972,""
"H6_G1-2-2-2-2-3_lambda8",6,"1,2,2,2,2,3",8,4,-9164.12789487599,30744,-0.298078581019906,0.874186833203227,0.09128680945251,TRUE,0,80.5280000000002,0.988999999999578,""
"H6_G1-2-2-2-2-3_lambda8",6,"1,2,2,2,2,3",8,5,-9308.44551655046,30744,-0.302772752945305,0.872593026281551,0.0923587178953772,TRUE,0,80.9360000000006,0.992999999999483,""
"H6_G1-2-2-2-3-3_lambda0",6,"1,2,2,2,3,3",0,1,-29085.0284909491,32025,-0.908197610958597,0.848149882903981,0.120661549773685,TRUE,0,180.881,1.58799999999974,""
"H6_G1-2-2-2-3-3_lambda0",6,"1,2,2,2,3,3",0,2,-18680.0971198874,32025,-0.583297333954329,0.870694769711163,0.0998189112255206,TRUE,0,175.201,1.42000000000007,""
"H6_G1-2-2-2-3-3_lambda0",6,"1,2,2,2,3,3",0,3,-21586.9365198559,30744,-0.702151200880037,0.848946135831382,0.115907851383748,TRUE,0,157.764,1.45299999999952,""
"H6_G1-2-2-2-3-3_lambda0",6,"1,2,2,2,3,3",0,4,-19235.3141935231,30744,-0.62566075310705,0.866835805360396,0.103041115368604,TRUE,0,154.698,1.44200000000001,""
"H6_G1-2-2-2-3-3_lambda0",6,"1,2,2,2,3,3",0,5,-18230.0736004065,30744,-0.592963622183402,0.87047879260994,0.100688646464451,TRUE,0,143.055,1.66899999999987,""
"H6_G1-2-2-2-3-3_lambda1",6,"1,2,2,2,3,3",1,1,-11157.3405800997,32025,-0.348394709761115,0.856986729117877,0.103465203334191,TRUE,0,64.6139999999996,2.69300000000021,""
"H6_G1-2-2-2-3-3_lambda1",6,"1,2,2,2,3,3",1,2,-9649.22202712863,32025,-0.301302795538755,0.880811865729899,0.0884023285428529,TRUE,0,61.0379999999996,1.37800000000061,""
"H6_G1-2-2-2-3-3_lambda1",6,"1,2,2,2,3,3",1,3,-10499.6038676749,30744,-0.341517169778652,0.858801717408275,0.102059600105603,TRUE,0,51.2220000000007,2.40499999999975,""
"H6_G1-2-2-2-3-3_lambda1",6,"1,2,2,2,3,3",1,4,-9633.94752503127,30744,-0.31336024996849,0.875130106687484,0.0918370079637111,TRUE,0,59.1499999999996,1.44600000000082,""
"H6_G1-2-2-2-3-3_lambda1",6,"1,2,2,2,3,3",1,5,-9605.54581854224,30744,-0.312436436980947,0.879000780640125,0.0891223258530098,TRUE,0,70.9709999999995,0.820999999999913,""
"H6_G1-2-2-2-3-3_lambda12",6,"1,2,2,2,3,3",12,1,-10978.6853992253,32025,-0.342816093652624,0.852271662763466,0.106754519340802,TRUE,0,71.5199999999995,0.73200000000088,""
"H6_G1-2-2-2-3-3_lambda12",6,"1,2,2,2,3,3",12,2,-9462.10336028895,32025,-0.295459901960623,0.880780640124902,0.089119199032415,TRUE,0,71.9930000000004,0.675999999999476,""
"H6_G1-2-2-2-3-3_lambda12",6,"1,2,2,2,3,3",12,3,-10660.595028349,30744,-0.346753676436019,0.847124642206609,0.108474560043981,TRUE,0,70.2709999999997,0.939000000000306,""
"H6_G1-2-2-2-3-3_lambda12",6,"1,2,2,2,3,3",12,4,-9416.98422430521,30744,-0.306303155877739,0.870316159250585,0.093358641506339,TRUE,0,70.1120000000001,0.842999999999847,""
"H6_G1-2-2-2-3-3_lambda12",6,"1,2,2,2,3,3",12,5,-9553.038071896,30744,-0.310728534735103,0.869633099141296,0.0947594697290603,TRUE,0,76.2629999999999,0.604000000000269,""
"H6_G1-2-2-2-3-3_lambda2",6,"1,2,2,2,3,3",2,1,-10612.2910629764,32025,-0.331375208836111,0.859640905542545,0.101038552530141,TRUE,0,52.9000000000005,2.0679999999993,""
"H6_G1-2-2-2-3-3_lambda2",6,"1,2,2,2,3,3",2,2,-9259.6935407082,32025,-0.289139532887063,0.882622950819672,0.0867972168296808,TRUE,0,57.2939999999999,1.83299999999963,""
"H6_G1-2-2-2-3-3_lambda2",6,"1,2,2,2,3,3",2,3,-10094.34954454,30744,-0.328335595385765,0.85688264376789,0.101082915807224,TRUE,0,52.1329999999998,2.28999999999996,""
"H6_G1-2-2-2-3-3_lambda2",6,"1,2,2,2,3,3",2,4,-9247.97370772392,30744,-0.300805806262162,0.875455373406193,0.0907039761335371,TRUE,0,60.2219999999998,1.38100000000031,""
"H6_G1-2-2-2-3-3_lambda2",6,"1,2,2,2,3,3",2,5,-9188.41609386424,30744,-0.298868595298733,0.880627114233672,0.0882516534133116,TRUE,0,62.8379999999997,1.23300000000017,""
"H6_G1-2-2-2-3-3_lambda4",6,"1,2,2,2,3,3",4,1,-10554.8985242235,32025,-0.329583092091287,0.859859484777518,0.101620550503571,TRUE,0,62.1149999999998,1.3130000000001,""
"H6_G1-2-2-2-3-3_lambda4",6,"1,2,2,2,3,3",4,2,-9141.70266391098,32025,-0.28545519637505,0.883903200624512,0.08642165213741,TRUE,0,64.3699999999999,1.18099999999959,""
"H6_G1-2-2-2-3-3_lambda4",6,"1,2,2,2,3,3",4,3,-10112.1507701886,30744,-0.328914610011339,0.854573250065053,0.102355954536053,TRUE,0,55.6049999999996,1.99099999999999,""
"H6_G1-2-2-2-3-3_lambda4",6,"1,2,2,2,3,3",4,4,-9204.31687402655,30744,-0.299385794757564,0.872332812906583,0.0916276697153826,TRUE,0,65.6709999999994,1.11400000000049,""
"H6_G1-2-2-2-3-3_lambda4",6,"1,2,2,2,3,3",4,5,-9130.5070281136,30744,-0.296985006118709,0.876301066874837,0.0896939258199728,TRUE,0,63.2719999999999,1.98099999999977,""
"H6_G1-2-2-2-3-3_lambda8",6,"1,2,2,2,3,3",8,1,-10599.0343307409,32025,-0.330961259351785,0.856424668227947,0.102934505281552,TRUE,0,75.1979999999994,1.33800000000065,""
"H6_G1-2-2-2-3-3_lambda8",6,"1,2,2,2,3,3",8,2,-9269.77648384748,32025,-0.289454378886729,0.882903981264637,0.087686064131761,TRUE,0,63.1760000000004,2.23099999999977,""
"H6_G1-2-2-2-3-3_lambda8",6,"1,2,2,2,3,3",8,3,-10457.0123869855,30744,-0.34013181066177,0.84784022898777,0.106750105448915,TRUE,0,80.7290000000003,1.23399999999947,""
"H6_G1-2-2-2-3-3_lambda8",6,"1,2,2,2,3,3",8,4,-9229.8900992085,30744,-0.300217606661739,0.871226906062972,0.0921554552174563,TRUE,0,80.6439999999993,1.09200000000055,""
"H6_G1-2-2-2-3-3_lambda8",6,"1,2,2,2,3,3",8,5,-9423.22315168691,30744,-0.30650608742151,0.871487119437939,0.0938225498118908,TRUE,0,83.5050000000001,0.872000000000298,""
"H6_G1-2-2-3-3-3_lambda0",6,"1,2,2,3,3,3",0,1,-27011.0569485765,32025,-0.843436594803326,0.849804839968774,0.118057015445866,TRUE,0,176.785,1.60900000000038,""
"H6_G1-2-2-3-3-3_lambda0",6,"1,2,2,3,3,3",0,2,-18680.5190667343,32025,-0.5833105094999,0.871225604996097,0.100325428856915,TRUE,0,170.347,1.3739999999998,""
"H6_G1-2-2-3-3-3_lambda0",6,"1,2,2,3,3,3",0,3,-20879.4042304051,30744,-0.679137530262981,0.852068696330991,0.113547438733244,TRUE,0,160.779,1.65999999999985,""
"H6_G1-2-2-3-3-3_lambda0",6,"1,2,2,3,3,3",0,4,-20242.1600264709,30744,-0.658410097139958,0.866608118657299,0.104050590503817,TRUE,0,182.367,1.37899999999991,""
"H6_G1-2-2-3-3-3_lambda0",6,"1,2,2,3,3,3",0,5,-18109.3668998376,30744,-0.589037434941374,0.87012099921936,0.100863669478414,TRUE,0,129.426,1.49099999999999,""
"H6_G1-2-2-3-3-3_lambda1",6,"1,2,2,3,3,3",1,1,-11232.0536571078,32025,-0.350727670791813,0.85608118657299,0.103773273561789,TRUE,0,64.5820000000003,2.17399999999998,""
"H6_G1-2-2-3-3-3_lambda1",6,"1,2,2,3,3,3",1,2,-9695.9521698221,32025,-0.302761972515913,0.880530835284934,0.0885962466771848,TRUE,0,66.1710000000003,2.19499999999971,""
"H6_G1-2-2-3-3-3_lambda1",6,"1,2,2,3,3,3",1,3,-10582.0181604209,30744,-0.344197832436277,0.856850117096019,0.102685996780758,TRUE,0,68.5619999999999,1.6279999999997,""
"H6_G1-2-2-3-3-3_lambda1",6,"1,2,2,3,3,3",1,4,-9669.51823566417,30744,-0.314517246801463,0.87431693989071,0.0920278354524845,TRUE,0,63.3449999999993,2.20900000000074,""
"H6_G1-2-2-3-3-3_lambda1",6,"1,2,2,3,3,3",1,5,-9602.50198860702,30744,-0.312337431323413,0.87919594067135,0.0895163069567384,TRUE,0,68.1269999999995,1.58600000000024,""
"H6_G1-2-2-3-3-3_lambda12",6,"1,2,2,3,3,3",12,1,-10961.303325367,32025,-0.342273327880314,0.851053864168618,0.106554124129924,TRUE,0,75.2060000000001,1.29699999999957,""
"H6_G1-2-2-3-3-3_lambda12",6,"1,2,2,3,3,3",12,2,-9438.98024419667,32025,-0.294737868671247,0.881873536299766,0.0889080136144412,TRUE,0,93.7619999999997,1.02999999999975,""
"H6_G1-2-2-3-3-3_lambda12",6,"1,2,2,3,3,3",12,3,-10745.4404609286,30744,-0.349513415981284,0.84364428831642,0.109809717201676,TRUE,0,69.531,1.18299999999999,""
"H6_G1-2-2-3-3-3_lambda12",6,"1,2,2,3,3,3",12,4,-9442.99247763432,30744,-0.307149117799711,0.870413739266198,0.0936470233504823,TRUE,0,72.719,0.8100000000004,""
"H6_G1-2-2-3-3-3_lambda12",6,"1,2,2,3,3,3",12,5,-9663.87073178472,30744,-0.314333552295886,0.867909185532136,0.0960248507248194,TRUE,0,74.893,0.708999999999833,""
"H6_G1-2-2-3-3-3_lambda2",6,"1,2,2,3,3,3",2,1,-10672.1143795206,32025,-0.333243228088075,0.859078844652615,0.101428799899967,TRUE,0,66.6009999999997,1.97400000000016,""
"H6_G1-2-2-3-3-3_lambda2",6,"1,2,2,3,3,3",2,2,-9317.22014747032,32025,-0.290935835986583,0.882841530054645,0.0869745437280219,TRUE,0,68.2340000000004,1.59799999999996,""
"H6_G1-2-2-3-3-3_lambda2",6,"1,2,2,3,3,3",2,3,-10276.1948855267,30744,-0.334250419123299,0.857272963830341,0.101924669641992,TRUE,0,58.2709999999997,3.01100000000042,""
"H6_G1-2-2-3-3-3_lambda2",6,"1,2,2,3,3,3",2,4,-9238.10710572764,30744,-0.300484878536548,0.875618006765548,0.0906783746717802,TRUE,0,64.6120000000001,2.03300000000036,""
"H6_G1-2-2-3-3-3_lambda2",6,"1,2,2,3,3,3",2,5,-9094.58604049078,30744,-0.295816615941022,0.881537861046058,0.0878276757098407,TRUE,0,78.8330000000005,0.827000000000226,""
"H6_G1-2-2-3-3-3_lambda4",6,"1,2,2,3,3,3",4,1,-10504.2992018461,32025,-0.328003097637662,0.859234972677596,0.101532589890991,TRUE,0,68.3690000000006,1.49699999999939,""
"H6_G1-2-2-3-3-3_lambda4",6,"1,2,2,3,3,3",4,2,-9172.30425564495,32025,-0.286410749590787,0.883434816549571,0.086763404070737,TRUE,0,78.3720000000003,0.884000000000015,""
"H6_G1-2-2-3-3-3_lambda4",6,"1,2,2,3,3,3",4,3,-10124.2272631841,30744,-0.329307418136355,0.85480093676815,0.10228635987886,TRUE,0,67.4130000000005,1.75900000000001,""
"H6_G1-2-2-3-3-3_lambda4",6,"1,2,2,3,3,3",4,4,-9133.02495254603,30744,-0.297066905820519,0.872788186312776,0.0910718818029278,TRUE,0,67.6199999999999,1.7450000000008,""
"H6_G1-2-2-3-3-3_lambda4",6,"1,2,2,3,3,3",4,5,-9081.57492627039,30744,-0.2953934076981,0.876821493624772,0.0892576545703588,TRUE,0,86.8029999999999,0.71100000000024,""
"H6_G1-2-2-3-3-3_lambda8",6,"1,2,2,3,3,3",8,1,-10676.6892424524,32025,-0.333386080950896,0.855425448868072,0.103780492870964,TRUE,0,69.241,1.04800000000068,""
"H6_G1-2-2-3-3-3_lambda8",6,"1,2,2,3,3,3",8,2,-9295.88094230263,32025,-0.290269506395086,0.882435597189696,0.0879834245476827,TRUE,0,65.9320000000007,2.09799999999996,""
"H6_G1-2-2-3-3-3_lambda8",6,"1,2,2,3,3,3",8,3,-10428.4019236981,30744,-0.339201207510346,0.847710122300286,0.106359095226463,TRUE,0,70.5459999999994,1.22600000000057,""
"H6_G1-2-2-3-3-3_lambda8",6,"1,2,2,3,3,3",8,4,-9217.42632913728,30744,-0.299812201702358,0.872007546187874,0.0919541611058724,TRUE,0,79.6229999999996,0.639000000000124,""
"H6_G1-2-2-3-3-3_lambda8",6,"1,2,2,3,3,3",8,5,-9225.47867259332,30744,-0.300074117635744,0.873763986468905,0.0913043307291865,TRUE,0,82.2390000000005,0.563999999999396,""
"H6_G1-2-3-3-3-3_lambda0",6,"1,2,3,3,3,3",0,1,-27047.0949803296,32025,-0.844561904147686,0.850023419203747,0.117846690322658,TRUE,0,168.98,1.57600000000002,""
"H6_G1-2-3-3-3-3_lambda0",6,"1,2,3,3,3,3",0,2,-18463.169692267,32025,-0.576523643786637,0.872474629195941,0.0992264850083409,TRUE,0,171.459000000001,1.38999999999942,""
"H6_G1-2-3-3-3-3_lambda0",6,"1,2,3,3,3,3",0,3,-20987.5029307306,30744,-0.682653621218145,0.848490762425189,0.115119342017733,TRUE,0,165.986,1.47199999999975,""
"H6_G1-2-3-3-3-3_lambda0",6,"1,2,3,3,3,3",0,4,-18793.0272744892,30744,-0.611274631618827,0.868559718969555,0.102096378249242,TRUE,0,157.152,1.42300000000068,""
"H6_G1-2-3-3-3-3_lambda0",6,"1,2,3,3,3,3",0,5,-18678.5647349445,30744,-0.607551546153544,0.871129326047359,0.100577034420027,TRUE,0,148.625,1.5649999999996,""
"H6_G1-2-3-3-3-3_lambda1",6,"1,2,3,3,3,3",1,1,-11216.0438161723,32025,-0.350227753822711,0.856830601092896,0.103624314515384,TRUE,0,74.6019999999999,2.03099999999995,""
"H6_G1-2-3-3-3-3_lambda1",6,"1,2,3,3,3,3",1,2,-9702.02241191746,32025,-0.302951519497813,0.88056206088993,0.088645827189576,TRUE,0,67.0100000000002,1.98099999999977,""
"H6_G1-2-3-3-3-3_lambda1",6,"1,2,3,3,3,3",1,3,-10563.6679771773,30744,-0.34360096204714,0.858736664064533,0.102115413694655,TRUE,0,53.893,2.45600000000013,""
"H6_G1-2-3-3-3-3_lambda1",6,"1,2,3,3,3,3",1,4,-9691.50156034076,30744,-0.31523229118985,0.874544626593807,0.0920687870685622,TRUE,0,71.9809999999998,2.57700000000023,""
"H6_G1-2-3-3-3-3_lambda1",6,"1,2,3,3,3,3",1,5,-9579.11394146408,30744,-0.311576695988293,0.878577933905803,0.0896953575809984,TRUE,0,135.406,1.07899999999972,""
"H6_G1-2-3-3-3-3_lambda12",6,"1,2,3,3,3,3",12,1,-10952.3017779121,32025,-0.341992249115132,0.852115534738486,0.106482679321509,TRUE,0,78.2039999999997,1.23900000000049,""
"H6_G1-2-3-3-3-3_lambda12",6,"1,2,3,3,3,3",12,2,-9462.85302174755,32025,-0.29548331059321,0.881748633879781,0.0891096256817975,FALSE,0,80.2309999999998,1.21000000000004,""
"H6_G1-2-3-3-3-3_lambda12",6,"1,2,3,3,3,3",12,3,-10728.9854193289,30744,-0.348978188242547,0.844847775175644,0.109618093466213,TRUE,0,71.8609999999999,2.48800000000028,""
"H6_G1-2-3-3-3-3_lambda12",6,"1,2,3,3,3,3",12,4,-9425.37541911725,30744,-0.306576093517995,0.870706479313037,0.0934860977404091,TRUE,0,79.5900000000001,1.07300000000032,""
"H6_G1-2-3-3-3-3_lambda12",6,"1,2,3,3,3,3",12,5,-9621.87643844196,30744,-0.312967617695874,0.868657298985168,0.0956232876263562,TRUE,0,71.7129999999997,2.02200000000084,""
"H6_G1-2-3-3-3-3_lambda2",6,"1,2,3,3,3,3",2,1,-10616.1414143384,32025,-0.331495438386837,0.860827478532397,0.100911724653622,TRUE,0,66.1409999999996,2.17700000000059,""
"H6_G1-2-3-3-3-3_lambda2",6,"1,2,3,3,3,3",2,2,-9274.32891729851,32025,-0.289596531375441,0.883091334894614,0.0870173908278396,TRUE,0,82.0250000000005,1.18199999999979,""
"H6_G1-2-3-3-3-3_lambda2",6,"1,2,3,3,3,3",2,3,-10112.7500569304,30744,-0.328934102814545,0.857012750455373,0.101342848347035,TRUE,0,56.1270000000004,2.52199999999993,""
"H6_G1-2-3-3-3-3_lambda2",6,"1,2,3,3,3,3",2,4,-9204.17424432098,30744,-0.299381155487932,0.87535779339058,0.0905520837226819,TRUE,0,66.232,2.27800000000025,""
"H6_G1-2-3-3-3-3_lambda2",6,"1,2,3,3,3,3",2,5,-9209.13254073908,30744,-0.299542432368562,0.879358574030705,0.0888119224591656,TRUE,0,138.442,0.908000000000357,""
"H6_G1-2-3-3-3-3_lambda4",6,"1,2,3,3,3,3",4,1,-10481.7459216308,32025,-0.327298857818293,0.858266978922717,0.101451685234378,TRUE,0,74.634,1.74299999999948,""
"H6_G1-2-3-3-3-3_lambda4",6,"1,2,3,3,3,3",4,2,-9181.47368608709,32025,-0.286697070603812,0.883715846994536,0.0869230733919494,TRUE,0,75.7749999999996,1.75,""
"H6_G1-2-3-3-3-3_lambda4",6,"1,2,3,3,3,3",4,3,-10225.3749247001,30744,-0.332597414932999,0.852589123080926,0.103530609057146,TRUE,0,73.3979999999992,1.85200000000077,""
"H6_G1-2-3-3-3-3_lambda4",6,"1,2,3,3,3,3",4,4,-9109.30032732468,30744,-0.296295222720683,0.874609679937549,0.0910500079888222,TRUE,0,80.0410000000002,1.43299999999999,""
"H6_G1-2-3-3-3-3_lambda4",6,"1,2,3,3,3,3",4,5,-9149.1546354633,30744,-0.297591550724151,0.878317720530835,0.0895215626517917,TRUE,0,85.9870000000001,1.03600000000006,""
"H6_G1-2-3-3-3-3_lambda8",6,"1,2,3,3,3,3",8,1,-10710.7155045711,32025,-0.334448571571308,0.854207650273224,0.104093813330479,TRUE,0,82.134,1.53099999999995,""
"H6_G1-2-3-3-3-3_lambda8",6,"1,2,3,3,3,3",8,2,-9250.39843755269,32025,-0.288849287667531,0.88327868852459,0.0875086045885395,TRUE,0,65.5999999999995,2.35199999999986,""
"H6_G1-2-3-3-3-3_lambda8",6,"1,2,3,3,3,3",8,3,-10391.3580682698,30744,-0.337996294179998,0.848393182409576,0.10606325207375,TRUE,0,74.4430000000002,1.66600000000017,""
"H6_G1-2-3-3-3-3_lambda8",6,"1,2,3,3,3,3",8,4,-9305.57182187685,30744,-0.302679281221599,0.872235232890971,0.0929162880427874,TRUE,0,82.5370000000003,1.28999999999996,""
"H6_G1-2-3-3-3-3_lambda8",6,"1,2,3,3,3,3",8,5,-9509.83714277082,30744,-0.309323352288928,0.869665625813167,0.0946564221906245,TRUE,0,83.1510000000007,1.10499999999956,""
"H6_G1-3-3-3-3-3_lambda0",6,"1,3,3,3,3,3",0,1,-27728.780116588,32025,-0.865847934944201,0.848306010928962,0.119217219495761,TRUE,0,194.884999999999,1.58500000000004,""
"H6_G1-3-3-3-3-3_lambda0",6,"1,3,3,3,3,3",0,2,-18486.2726188802,32025,-0.577245046647312,0.871912568306011,0.0993299905581291,TRUE,0,168.928,1.41100000000006,""
"H6_G1-3-3-3-3-3_lambda0",6,"1,3,3,3,3,3",0,3,-21071.8637409639,30744,-0.685397597611368,0.851190476190476,0.113975217423086,TRUE,0,171.581999999999,1.5619999999999,""
"H6_G1-3-3-3-3-3_lambda0",6,"1,3,3,3,3,3",0,4,-19115.8746625586,30744,-0.621775782674948,0.867193598750976,0.102954826569552,TRUE,0,162.495000000001,1.59299999999985,""
"H6_G1-3-3-3-3-3_lambda0",6,"1,3,3,3,3,3",0,5,-18217.6034008301,30744,-0.592558008093615,0.869210252406974,0.101003804465456,TRUE,0,149.768,1.63500000000022,""
"H6_G1-3-3-3-3-3_lambda1",6,"1,3,3,3,3,3",1,1,-11194.9375545091,32025,-0.349568698033071,0.857080405932865,0.103284668903472,TRUE,0,67.5119999999997,2.24200000000019,""
"H6_G1-3-3-3-3-3_lambda1",6,"1,3,3,3,3,3",1,2,-9690.60187680592,32025,-0.302594906379576,0.880437158469945,0.0884862511076323,TRUE,0,65.951,1.86999999999989,""
"H6_G1-3-3-3-3-3_lambda1",6,"1,3,3,3,3,3",1,3,-10607.8135393293,30744,-0.345036870261817,0.856134530314858,0.10292866975331,TRUE,0,66.8640000000005,1.77899999999954,""
"H6_G1-3-3-3-3-3_lambda1",6,"1,3,3,3,3,3",1,4,-9675.1234747521,30744,-0.314699566574034,0.874479573250065,0.0920444919833546,TRUE,0,63.9219999999996,1.8700000000008,""
"H6_G1-3-3-3-3-3_lambda1",6,"1,3,3,3,3,3",1,5,-9581.40517934606,30744,-0.311651222331058,0.878870673952641,0.0895206241402402,TRUE,0,70.0019999999995,1.26299999999992,""
"H6_G1-3-3-3-3-3_lambda12",6,"1,3,3,3,3,3",12,1,-10932.9017490587,32025,-0.341386471477244,0.852864949258392,0.106186160765812,TRUE,0,69.4049999999997,1.00300000000061,""
"H6_G1-3-3-3-3-3_lambda12",6,"1,3,3,3,3,3",12,2,-9469.83881672093,32025,-0.295701446267632,0.881030444964871,0.089220630292448,TRUE,0,70.6599999999999,1.25500000000011,""
"H6_G1-3-3-3-3-3_lambda12",6,"1,3,3,3,3,3",12,3,-10694.8829496633,30744,-0.347868948401747,0.844782721831902,0.109324467048124,TRUE,0,72.125,0.890000000000327,""
"H6_G1-3-3-3-3-3_lambda12",6,"1,3,3,3,3,3",12,4,-9471.65899781656,30744,-0.30808154429536,0.870706479313037,0.0939279262120092,TRUE,0,74.7149999999992,0.801000000000386,""
"H6_G1-3-3-3-3-3_lambda12",6,"1,3,3,3,3,3",12,5,-9685.89129001676,30744,-0.315049807767914,0.86699843871975,0.0964204584764436,TRUE,0,77.9169999999995,0.660000000000764,""
"H6_G1-3-3-3-3-3_lambda2",6,"1,3,3,3,3,3",2,1,-10625.5618162762,32025,-0.331789596136651,0.86007806401249,0.101189538983271,TRUE,0,71.3240000000005,1.23399999999947,""
"H6_G1-3-3-3-3-3_lambda2",6,"1,3,3,3,3,3",2,2,-9315.4096210488,32025,-0.29087930120371,0.882591725214676,0.0870941215534258,TRUE,0,85.8949999999995,0.729000000000269,""
"H6_G1-3-3-3-3-3_lambda2",6,"1,3,3,3,3,3",2,3,-10255.5760594129,30744,-0.333579757331931,0.856492323705438,0.101982886475778,TRUE,0,67.5839999999998,1.625,""
"H6_G1-3-3-3-3-3_lambda2",6,"1,3,3,3,3,3",2,4,-9262.63955506113,30744,-0.301282837466209,0.875130106687484,0.0909441186657855,TRUE,0,65.5749999999998,1.80299999999988,""
"H6_G1-3-3-3-3-3_lambda2",6,"1,3,3,3,3,3",2,5,-9159.48119091711,30744,-0.297927439204954,0.880854800936768,0.0885493279467451,FALSE,0,91.1759999999995,0.695000000000618,""
"H6_G1-3-3-3-3-3_lambda4",6,"1,3,3,3,3,3",4,1,-10470.7514733143,32025,-0.326955549518011,0.858922716627635,0.10128172934674,TRUE,0,67.5429999999997,1.73400000000038,""
"H6_G1-3-3-3-3-3_lambda4",6,"1,3,3,3,3,3",4,2,-9180.71124534149,32025,-0.286673262930257,0.882810304449649,0.0868222044356801,TRUE,0,88.4070000000002,0.806999999999789,""
"H6_G1-3-3-3-3-3_lambda4",6,"1,3,3,3,3,3",4,3,-10156.1741571627,30744,-0.330346544274094,0.854182930002602,0.102672506796097,TRUE,0,71.1300000000001,1.21699999999964,""
"H6_G1-3-3-3-3-3_lambda4",6,"1,3,3,3,3,3",4,4,-9160.53991075618,30744,-0.297961875837763,0.874674733281291,0.091375722160997,TRUE,0,71.241,1.11800000000039,""
"H6_G1-3-3-3-3-3_lambda4",6,"1,3,3,3,3,3",4,5,-9037.40640035499,30744,-0.293956752548627,0.877992453812126,0.0885544455927295,TRUE,0,56.3609999999999,1.15700000000015,""
"H6_G1-3-3-3-3-3_lambda8",6,"1,3,3,3,3,3",8,1,-10674.2322076854,32025,-0.333309358553798,0.855175644028103,0.103756865955171,TRUE,0,53.9530000000004,1.00900000000001,""
"H6_G1-3-3-3-3-3_lambda8",6,"1,3,3,3,3,3",8,2,-9280.72553897317,32025,-0.289796269757164,0.883185011709602,0.0878526333161709,TRUE,0,53.0969999999998,1.23800000000028,""
"H6_G1-3-3-3-3-3_lambda8",6,"1,3,3,3,3,3",8,3,-10363.1839761206,30744,-0.337079884729397,0.85063752276867,0.105578448331005,TRUE,0,49.0050000000001,2.03399999999965,""
"H6_G1-3-3-3-3-3_lambda8",6,"1,3,3,3,3,3",8,4,-9217.39938782442,30744,-0.299811325391114,0.872527972937809,0.09200487441284,TRUE,0,66.8020000000006,0.927999999999884,""
"H6_G1-3-3-3-3-3_lambda8",6,"1,3,3,3,3,3",8,5,-9284.69333446753,30744,-0.302000173512475,0.874024199843872,0.0918552378983075,FALSE,0,78.9099999999999,0.720999999999549,""
"H6_G2-2-2-2-2-2_lambda0",6,"2,2,2,2,2,2",0,1,-27030.8613337178,32025,-0.844054998710937,0.84952380952381,0.118282687483417,TRUE,0,150.891000000001,1.42199999999957,""
"H6_G2-2-2-2-2-2_lambda0",6,"2,2,2,2,2,2",0,2,-18204.9722150535,32025,-0.568461271352178,0.871506635441062,0.0991009436456207,TRUE,0,138.873,1.22400000000016,""
"H6_G2-2-2-2-2-2_lambda0",6,"2,2,2,2,2,2",0,3,-21209.4498946347,30744,-0.689872817285801,0.849759302628155,0.115189534057878,TRUE,0,124.627,1.43099999999959,""
"H6_G2-2-2-2-2-2_lambda0",6,"2,2,2,2,2,2",0,4,-18891.0479100434,30744,-0.614462916668077,0.868657298985168,0.102016367142219,TRUE,0,133.978999999999,1.28300000000036,""
"H6_G2-2-2-2-2-2_lambda0",6,"2,2,2,2,2,2",0,5,-18260.4581485805,30744,-0.593951930411805,0.870739005984908,0.100219208061507,TRUE,0,113.303,1.24499999999989,""
"H6_G2-2-2-2-2-2_lambda1",6,"2,2,2,2,2,2",1,1,-11218.0232631072,32025,-0.350289563250809,0.857548790007806,0.103583741366265,TRUE,0,49.317,1.71100000000024,""
"H6_G2-2-2-2-2-2_lambda1",6,"2,2,2,2,2,2",1,2,-9708.6558645605,32025,-0.303158653069805,0.879625292740047,0.0888318349537937,TRUE,0,48.1849999999995,1.76199999999972,""
"H6_G2-2-2-2-2-2_lambda1",6,"2,2,2,2,2,2",1,3,-10552.5477141814,30744,-0.343239256901555,0.857207910486599,0.102207892743135,TRUE,0,53.384,1.25900000000001,""
"H6_G2-2-2-2-2-2_lambda1",6,"2,2,2,2,2,2",1,4,-9659.90704912578,30744,-0.314204626890638,0.874934946656258,0.0918529203694438,TRUE,0,50.7669999999998,1.26400000000012,""
"H6_G2-2-2-2-2-2_lambda1",6,"2,2,2,2,2,2",1,5,-9581.89629181445,30744,-0.311667196585169,0.880171740827479,0.0891360433590808,TRUE,0,50.8879999999999,1.46399999999994,""
"H6_G2-2-2-2-2-2_lambda12",6,"2,2,2,2,2,2",12,1,-10994.7337299525,32025,-0.34331721248876,0.851178766588603,0.106962652960342,TRUE,0,60.2599999999993,0.801000000000386,""
"H6_G2-2-2-2-2-2_lambda12",6,"2,2,2,2,2,2",12,2,-9503.75668631483,32025,-0.296760552265881,0.879562841530055,0.0898242234055114,TRUE,0,71.5879999999997,0.71100000000024,""
"H6_G2-2-2-2-2-2_lambda12",6,"2,2,2,2,2,2",12,3,-10709.9397565354,30744,-0.348358696218299,0.845498308613063,0.109213591026741,TRUE,0,60.9570000000003,0.527000000000044,""
"H6_G2-2-2-2-2-2_lambda12",6,"2,2,2,2,2,2",12,4,-9519.51970373299,30744,-0.309638293772215,0.869047619047619,0.0946021605702968,TRUE,0,56.8710000000001,0.715000000000146,""
"H6_G2-2-2-2-2-2_lambda12",6,"2,2,2,2,2,2",12,5,-9545.51043948011,30744,-0.310483685905546,0.870348685922456,0.0945571070857097,TRUE,0,63.0449999999992,0.538000000000466,""
"H6_G2-2-2-2-2-2_lambda2",6,"2,2,2,2,2,2",2,1,-10647.7373337604,32025,-0.332482040086194,0.859484777517564,0.101437399877352,TRUE,0,53.71,1.09199999999964,""
"H6_G2-2-2-2-2-2_lambda2",6,"2,2,2,2,2,2",2,2,-9288.7277073878,32025,-0.290046142307191,0.88199843871975,0.0869044131577458,TRUE,0,46.2209999999995,1.05199999999968,""
"H6_G2-2-2-2-2-2_lambda2",6,"2,2,2,2,2,2",2,3,-10188.4112993896,30744,-0.331395111221363,0.85688264376789,0.101882265740457,TRUE,0,45.8890000000001,1.89500000000044,""
"H6_G2-2-2-2-2-2_lambda2",6,"2,2,2,2,2,2",2,4,-9193.69966900969,30744,-0.299040452413794,0.875585480093677,0.0904520501115502,TRUE,0,48.9040000000005,1.31700000000001,""
"H6_G2-2-2-2-2-2_lambda2",6,"2,2,2,2,2,2",2,5,-9100.19647383684,30744,-0.295999104665523,0.881082487639865,0.0878530864562225,TRUE,0,54.3190000000004,0.934000000000196,""
"H6_G2-2-2-2-2-2_lambda4",6,"2,2,2,2,2,2",4,1,-10582.8095405019,32025,-0.330454630460638,0.8567993754879,0.102648093735223,TRUE,0,59.4939999999997,0.818999999999505,""
"H6_G2-2-2-2-2-2_lambda4",6,"2,2,2,2,2,2",4,2,-9168.37464823265,32025,-0.286288045221941,0.883372365339578,0.086735097605549,TRUE,0,52.866,1.14099999999962,""
"H6_G2-2-2-2-2-2_lambda4",6,"2,2,2,2,2,2",4,3,-10157.9615271042,30744,-0.330404681469692,0.854605776736924,0.102686353193312,TRUE,0,52.7370000000001,1.35800000000017,""
"H6_G2-2-2-2-2-2_lambda4",6,"2,2,2,2,2,2",4,4,-9193.80664468529,30744,-0.299043931976493,0.872788186312776,0.0917742738862439,TRUE,0,50.9789999999994,1.25500000000011,""
"H6_G2-2-2-2-2-2_lambda4",6,"2,2,2,2,2,2",4,5,-9093.47665628356,30744,-0.295780531364935,0.877374447046578,0.0891450345016164,TRUE,0,52.915,1.16499999999996,""
"H6_G2-2-2-2-2-2_lambda8",6,"2,2,2,2,2,2",8,1,-10762.539059253,32025,-0.336066793419298,0.853270882123341,0.10480782034825,TRUE,0,59.71,0.733000000000175,""
"H6_G2-2-2-2-2-2_lambda8",6,"2,2,2,2,2,2",8,2,-9317.75736347028,32025,-0.290952610881195,0.881967213114754,0.0881181250180331,TRUE,0,59.0299999999997,0.789000000000669,""
"H6_G2-2-2-2-2-2_lambda8",6,"2,2,2,2,2,2",8,3,-10383.2409791663,30744,-0.337732272286179,0.848718449128285,0.105894307930569,TRUE,0,52.0540000000001,1.34100000000035,""
"H6_G2-2-2-2-2-2_lambda8",6,"2,2,2,2,2,2",8,4,-9258.85757417208,30744,-0.301159822214809,0.872040072859745,0.0923504279068116,TRUE,0,62.406,0.595000000000255,""
"H6_G2-2-2-2-2-2_lambda8",6,"2,2,2,2,2,2",8,5,-9233.710665374,30744,-0.300341876963765,0.873536299765808,0.0915539039448879,TRUE,0,61.049,0.608000000000175,""
"H6_G2-2-2-2-2-3_lambda0",6,"2,2,2,2,2,3",0,1,-27112.0758226338,32025,-0.84659097026179,0.848087431693989,0.119312143293902,TRUE,0,149.226,1.53999999999996,""
"H6_G2-2-2-2-2-3_lambda0",6,"2,2,2,2,2,3",0,2,-18433.4019317515,32025,-0.57559412745516,0.872661982825917,0.0985725280668869,TRUE,0,156.991,1.2450000000008,""
"H6_G2-2-2-2-2-3_lambda0",6,"2,2,2,2,2,3",0,3,-21744.4216560425,30744,-0.70727366822933,0.847124642206609,0.116285012519245,TRUE,0,125.376,1.53200000000015,""
"H6_G2-2-2-2-2-3_lambda0",6,"2,2,2,2,2,3",0,4,-19250.1615743042,30744,-0.626143688989857,0.867844132188395,0.102785171070134,TRUE,0,134.694,1.28700000000026,""
"H6_G2-2-2-2-2-3_lambda0",6,"2,2,2,2,2,3",0,5,-17946.3971892612,30744,-0.583736572640556,0.870641425969295,0.0999013280918961,TRUE,0,112.501,1.27899999999954,""
"H6_G2-2-2-2-2-3_lambda1",6,"2,2,2,2,2,3",1,1,-11193.7663062284,32025,-0.349532125096906,0.857798594847775,0.103447218169591,TRUE,0,48.9309999999996,1.30699999999979,""
"H6_G2-2-2-2-2-3_lambda1",6,"2,2,2,2,2,3",1,2,-9739.84497870933,32025,-0.304132552028394,0.879781420765027,0.0889009963438574,TRUE,0,50.0460000000003,1.33399999999983,""
"H6_G2-2-2-2-2-3_lambda1",6,"2,2,2,2,2,3",1,3,-10672.3738795192,30744,-0.34713680326305,0.857175383814728,0.102695666270233,TRUE,0,40.9769999999999,2.0590000000002,""
"H6_G2-2-2-2-2-3_lambda1",6,"2,2,2,2,2,3",1,4,-9624.06251783319,30744,-0.313038723582917,0.874544626593807,0.0916942317262895,TRUE,0,47.3589999999995,1.23900000000049,""
"H6_G2-2-2-2-2-3_lambda1",6,"2,2,2,2,2,3",1,5,-9573.18699306257,30744,-0.311383912082441,0.879260994015092,0.0890452499582794,TRUE,0,50.7240000000002,1.23300000000017,""
"H6_G2-2-2-2-2-3_lambda12",6,"2,2,2,2,2,3",12,1,-10977.5492014854,32025,-0.342780615190801,0.851865729898517,0.106661574224429,TRUE,0,52.2670000000007,0.90099999999984,""
"H6_G2-2-2-2-2-3_lambda12",6,"2,2,2,2,2,3",12,2,-9491.32067630827,32025,-0.296372230329688,0.880843091334895,0.0896272086663385,TRUE,0,70.357,0.7450000000008,""
"H6_G2-2-2-2-2-3_lambda12",6,"2,2,2,2,2,3",12,3,-10691.1157909554,30744,-0.34774641526657,0.846278948737965,0.108999850911713,TRUE,0,56.4049999999997,0.84900000000016,""
"H6_G2-2-2-2-2-3_lambda12",6,"2,2,2,2,2,3",12,4,-9544.68261257299,30744,-0.310456759451372,0.868624772313297,0.0948546900903113,TRUE,0,65.2669999999998,0.720000000000255,""
"H6_G2-2-2-2-2-3_lambda12",6,"2,2,2,2,2,3",12,5,-9434.21903292002,30744,-0.306863746842311,0.872040072859745,0.0931941810370437,TRUE,0,70.5280000000002,0.782999999999447,""
"H6_G2-2-2-2-2-3_lambda2",6,"2,2,2,2,2,3",2,1,-10616.3058754558,32025,-0.331500573784725,0.859765807962529,0.101424708951839,TRUE,0,51.9610000000002,1.06899999999951,""
"H6_G2-2-2-2-2-3_lambda2",6,"2,2,2,2,2,3",2,2,-9266.33751702688,32025,-0.289346995067194,0.88271662763466,0.0867452485582466,TRUE,0,44.6050000000005,1.53799999999956,""
"H6_G2-2-2-2-2-3_lambda2",6,"2,2,2,2,2,3",2,3,-10107.9955128938,30744,-0.32877945332077,0.85795602393963,0.101142267254882,TRUE,0,42.1810000000005,2.04199999999946,""
"H6_G2-2-2-2-2-3_lambda2",6,"2,2,2,2,2,3",2,4,-9191.68761748685,30744,-0.298975007074123,0.875910746812386,0.0904090765845609,TRUE,0,48.7039999999997,1.70100000000002,""
"H6_G2-2-2-2-2-3_lambda2",6,"2,2,2,2,2,3",2,5,-9156.40624199195,30744,-0.297827421350246,0.880724694249284,0.0880480141638465,TRUE,0,54.1130000000003,1.40099999999984,""
"H6_G2-2-2-2-2-3_lambda4",6,"2,2,2,2,2,3",4,1,-10593.1416280607,32025,-0.330777256145532,0.857861046057767,0.1023252939382,TRUE,0,56.7020000000002,1.14099999999962,""
"H6_G2-2-2-2-2-3_lambda4",6,"2,2,2,2,2,3",4,2,-9149.90008491212,32025,-0.285711165805218,0.88384074941452,0.0865145873173445,TRUE,0,54.0379999999996,1.26000000000022,""
"H6_G2-2-2-2-2-3_lambda4",6,"2,2,2,2,2,3",4,3,-10182.3681853923,30744,-0.331198548835294,0.852881863127765,0.103150158230392,TRUE,0,51.1900000000005,1.67999999999938,""
"H6_G2-2-2-2-2-3_lambda4",6,"2,2,2,2,2,3",4,4,-9098.74038262371,30744,-0.295951742864419,0.874251886546969,0.0908176465974988,TRUE,0,62.9659999999994,0.884000000000015,""
"H6_G2-2-2-2-2-3_lambda4",6,"2,2,2,2,2,3",4,5,-9086.96881376062,30744,-0.295568852906604,0.877764767109029,0.0890398031652475,TRUE,0,57.1710000000003,1.0679999999993,""
"H6_G2-2-2-2-2-3_lambda8",6,"2,2,2,2,2,3",8,1,-10785.347586538,32025,-0.33677900348284,0.853083528493365,0.105098262750786,TRUE,0,61.0539999999992,0.963000000000648,""
"H6_G2-2-2-2-2-3_lambda8",6,"2,2,2,2,2,3",8,2,-9275.82165833661,32025,-0.289643143117459,0.882092115534738,0.0877490901014764,TRUE,0,66.335,0.761999999999716,""
"H6_G2-2-2-2-2-3_lambda8",6,"2,2,2,2,2,3",8,3,-10413.9675786238,30744,-0.338731706304443,0.849173822534478,0.106068103043337,TRUE,0,64.3450000000003,0.744999999999891,""
"H6_G2-2-2-2-2-3_lambda8",6,"2,2,2,2,2,3",8,4,-9255.35411816408,30744,-0.301045866450822,0.872690606297164,0.0924008712624357,TRUE,0,53.6300000000001,1.2480000000005,""
"H6_G2-2-2-2-2-3_lambda8",6,"2,2,2,2,2,3",8,5,-9231.9289290375,30744,-0.300283923010588,0.873568826437679,0.0915619912171766,TRUE,0,63.1360000000004,0.925000000000182,""
"H6_G2-2-2-2-3-3_lambda0",6,"2,2,2,2,3,3",0,1,-27394.2181793961,32025,-0.855401036046716,0.848212334113973,0.119745193115124,TRUE,0,151.778,1.4369999999999,""
"H6_G2-2-2-2-3-3_lambda0",6,"2,2,2,2,3,3",0,2,-18323.9276034412,32025,-0.57217572532213,0.87144418423107,0.099554464100232,TRUE,0,139.332,1.31800000000021,""
"H6_G2-2-2-2-3-3_lambda0",6,"2,2,2,2,3,3",0,3,-21976.910432808,30744,-0.714835754384856,0.847417382253448,0.11631075468484,TRUE,0,128.991,1.50799999999981,""
"H6_G2-2-2-2-3-3_lambda0",6,"2,2,2,2,3,3",0,4,-19387.984537587,30744,-0.630626611292837,0.866835805360396,0.103232746325963,TRUE,0,138.454000000001,1.29100000000017,""
"H6_G2-2-2-2-3-3_lambda0",6,"2,2,2,2,3,3",0,5,-18706.3554970154,30744,-0.608455487152464,0.869535519125683,0.101225170018716,TRUE,0,123.015,1.35300000000007,""
"H6_G2-2-2-2-3-3_lambda1",6,"2,2,2,2,3,3",1,1,-11187.0696124063,32025,-0.349323016780835,0.857985948477752,0.103373606628102,TRUE,0,50.9369999999999,1.66899999999987,""
"H6_G2-2-2-2-3-3_lambda1",6,"2,2,2,2,3,3",1,2,-9687.78758373625,32025,-0.302507028375839,0.879906323185012,0.0886874867659223,TRUE,0,51.8620000000001,1.35100000000057,""
"H6_G2-2-2-2-3-3_lambda1",6,"2,2,2,2,3,3",1,3,-10533.3858914941,30744,-0.342615986582556,0.857630757220921,0.102173662000932,TRUE,0,50.357,1.44599999999991,""
"H6_G2-2-2-2-3-3_lambda1",6,"2,2,2,2,3,3",1,4,-9663.72600373177,30744,-0.314328844773997,0.874934946656258,0.0919123776442563,TRUE,0,50.201,1.71099999999933,""
"H6_G2-2-2-2-3-3_lambda1",6,"2,2,2,2,3,3",1,5,-9577.62864236171,30744,-0.31152838415176,0.879553734061931,0.0892049477433245,TRUE,0,51.5029999999997,1.42500000000018,""
"H6_G2-2-2-2-3-3_lambda12",6,"2,2,2,2,3,3",12,1,-10941.8201720696,32025,-0.341664954631368,0.852989851678376,0.106274519795342,TRUE,0,60.2430000000004,0.634000000000015,""
"H6_G2-2-2-2-3-3_lambda12",6,"2,2,2,2,3,3",12,2,-9432.17123804403,32025,-0.294525253334708,0.880905542544887,0.0888795802159083,TRUE,0,55.3220000000001,0.97400000000016,""
"H6_G2-2-2-2-3-3_lambda12",6,"2,2,2,2,3,3",12,3,-10751.6772765287,30744,-0.349716278835827,0.844587561800677,0.109840117878808,TRUE,0,54.1839999999993,1.07600000000002,""
"H6_G2-2-2-2-3-3_lambda12",6,"2,2,2,2,3,3",12,4,-9463.92395881225,30744,-0.307829949219758,0.870218579234973,0.0939105399521777,TRUE,0,64.9830000000002,0.556999999999789,""
"H6_G2-2-2-2-3-3_lambda12",6,"2,2,2,2,3,3",12,5,-9633.64488504848,30744,-0.313350406097075,0.868754879000781,0.0956715127630057,TRUE,0,58.3109999999997,0.653000000000247,""
"H6_G2-2-2-2-3-3_lambda2",6,"2,2,2,2,3,3",2,1,-10626.74871315,32025,-0.331826657709602,0.860140515222482,0.101540232162579,TRUE,0,57.79,0.807999999999993,""
"H6_G2-2-2-2-3-3_lambda2",6,"2,2,2,2,3,3",2,2,-9314.03935771876,32025,-0.290836513902225,0.882654176424668,0.0869063917184432,TRUE,0,46.5540000000001,1.91799999999967,""
"H6_G2-2-2-2-3-3_lambda2",6,"2,2,2,2,3,3",2,3,-10191.6531141814,30744,-0.331500556667363,0.857565703877179,0.101862555774206,TRUE,0,47.9449999999997,1.56600000000071,""
"H6_G2-2-2-2-3-3_lambda2",6,"2,2,2,2,3,3",2,4,-9203.85056238065,30744,-0.299370627191668,0.875650533437419,0.0905015458129154,TRUE,0,52.991,1.12899999999991,""
"H6_G2-2-2-2-3-3_lambda2",6,"2,2,2,2,3,3",2,5,-9080.85167242772,30744,-0.29536988265768,0.881212594327348,0.0877226611640112,TRUE,0,56.2759999999998,0.909999999999854,""
"H6_G2-2-2-2-3-3_lambda4",6,"2,2,2,2,3,3",4,1,-10559.1748443048,32025,-0.329716622772983,0.856518345042935,0.102328188322374,TRUE,0,57.509,0.802000000000589,""
"H6_G2-2-2-2-3-3_lambda4",6,"2,2,2,2,3,3",4,2,-9196.41684263212,32025,-0.287163679707482,0.883559718969555,0.0868849479711834,TRUE,0,56.3740000000007,0.943999999999505,""
"H6_G2-2-2-2-3-3_lambda4",6,"2,2,2,2,3,3",4,3,-10314.0928097906,30744,-0.33548311247042,0.853011969815249,0.104322574307585,TRUE,0,54.116,1.10400000000027,""
"H6_G2-2-2-2-3-3_lambda4",6,"2,2,2,2,3,3",4,4,-9121.9453210825,30744,-0.296706522283454,0.874381993234452,0.0910083739557474,TRUE,0,57.3899999999994,0.751000000000204,""
"H6_G2-2-2-2-3-3_lambda4",6,"2,2,2,2,3,3",4,5,-9026.55790395977,30744,-0.293603887066087,0.879716367421285,0.0883810933735291,TRUE,0,76.277,0.72400000000016,""
"H6_G2-2-2-2-3-3_lambda8",6,"2,2,2,2,3,3",8,1,-10654.2993269381,32025,-0.332686942293148,0.855050741608119,0.103629164326088,TRUE,0,60.8699999999999,1.01400000000012,""
"H6_G2-2-2-2-3-3_lambda8",6,"2,2,2,2,3,3",8,2,-9366.21572953986,32025,-0.29246575267884,0.881186572989852,0.0887279736097625,TRUE,0,59.5749999999998,1.10699999999997,""
"H6_G2-2-2-2-3-3_lambda8",6,"2,2,2,2,3,3",8,3,-10532.3658111737,30744,-0.342582806764693,0.846311475409836,0.107920681693224,TRUE,0,59.0950000000003,1.08299999999963,""
"H6_G2-2-2-2-3-3_lambda8",6,"2,2,2,2,3,3",8,4,-9270.30064248614,30744,-0.301532027143057,0.871714806141036,0.0926381953776708,TRUE,0,61.1109999999999,0.842999999999847,""
"H6_G2-2-2-2-3-3_lambda8",6,"2,2,2,2,3,3",8,5,-9172.77754925505,30744,-0.298359925489691,0.874609679937549,0.0907963750417254,TRUE,0,70.9520000000002,0.780999999999949,""
"H6_G2-2-2-3-3-3_lambda0",6,"2,2,2,3,3,3",0,1,-27755.8604798363,32025,-0.866693535670143,0.847931303669009,0.120231572120498,TRUE,0,153.526,1.51299999999992,""
"H6_G2-2-2-3-3-3_lambda0",6,"2,2,2,3,3,3",0,2,-18404.7682233979,32025,-0.574700022588538,0.871537861046058,0.0995329305782781,TRUE,0,143.75,1.32999999999993,""
"H6_G2-2-2-3-3-3_lambda0",6,"2,2,2,3,3,3",0,3,-20300.2029455688,30744,-0.660298040123889,0.852328909705959,0.113214451495341,FALSE,0,123.428,1.49200000000019,""
"H6_G2-2-2-3-3-3_lambda0",6,"2,2,2,3,3,3",0,4,-18902.3442236303,30744,-0.614830348153472,0.867616445485298,0.102318856333189,TRUE,0,137.633,1.33899999999994,""
"H6_G2-2-2-3-3-3_lambda0",6,"2,2,2,3,3,3",0,5,-18771.6410672526,30744,-0.610579009473478,0.869275305750716,0.101382325162573,TRUE,0,122.115,1.40599999999995,""
"H6_G2-2-2-3-3-3_lambda1",6,"2,2,2,3,3,3",1,1,-11184.8572868803,32025,-0.34925393557784,0.858110850897736,0.103386945053993,TRUE,0,51.8950000000004,1.60899999999947,""
"H6_G2-2-2-3-3-3_lambda1",6,"2,2,2,3,3,3",1,2,-9724.65941863447,32025,-0.303658373727852,0.879594067135051,0.0888419121200639,TRUE,0,49.8310000000001,1.71600000000035,""
"H6_G2-2-2-3-3-3_lambda1",6,"2,2,2,3,3,3",1,3,-10564.2901116074,30744,-0.343621198009608,0.856329690346084,0.102870381780943,TRUE,0,49.8669999999993,1.78999999999996,""
"H6_G2-2-2-3-3-3_lambda1",6,"2,2,2,3,3,3",1,4,-9661.83542088412,30744,-0.314267350406067,0.874707259953162,0.091925852971711,TRUE,0,48.8110000000006,1.94899999999961,""
"H6_G2-2-2-3-3-3_lambda1",6,"2,2,2,3,3,3",1,5,-9580.23249209321,30744,-0.311613078717578,0.879488680718189,0.0892198446397534,TRUE,0,53.8069999999998,1.34400000000005,""
"H6_G2-2-2-3-3-3_lambda12",6,"2,2,2,3,3,3",12,1,-10977.9791379573,32025,-0.342794040217245,0.851865729898517,0.106706876591108,TRUE,0,61.4849999999997,0.831000000000131,""
"H6_G2-2-2-3-3-3_lambda12",6,"2,2,2,3,3,3",12,2,-9470.50778651784,32025,-0.295722335254265,0.880999219359875,0.0892368393322285,TRUE,0,51.781,1.48999999999978,""
"H6_G2-2-2-3-3-3_lambda12",6,"2,2,2,3,3,3",12,3,-10733.7524128169,30744,-0.349133242675542,0.845010408534999,0.109572514917287,TRUE,0,54.2049999999999,1.08999999999924,""
"H6_G2-2-2-3-3-3_lambda12",6,"2,2,2,3,3,3",12,4,-9527.08075901882,30744,-0.309884229736496,0.868592245641426,0.0946461561030171,TRUE,0,58.4260000000004,0.608000000000175,""
"H6_G2-2-2-3-3-3_lambda12",6,"2,2,2,3,3,3",12,5,-9665.37796654334,30744,-0.314382577626312,0.868071818891491,0.0960899399607322,TRUE,0,55.8519999999999,0.773000000000138,""
"H6_G2-2-2-3-3-3_lambda2",6,"2,2,2,3,3,3",2,1,-10640.2153867234,32025,-0.332247162739217,0.859391100702576,0.101448797242317,TRUE,0,51.4569999999994,1.49300000000039,""
"H6_G2-2-2-3-3-3_lambda2",6,"2,2,2,3,3,3",2,2,-9264.94863838834,32025,-0.289303626491439,0.882872755659641,0.0867797103291576,TRUE,0,45.0460000000003,1.82799999999952,""
"H6_G2-2-2-3-3-3_lambda2",6,"2,2,2,3,3,3",2,3,-10189.6434298494,30744,-0.33143518832453,0.85724043715847,0.101345636978093,TRUE,0,59.4789999999994,0.796000000000276,""
"H6_G2-2-2-3-3-3_lambda2",6,"2,2,2,3,3,3",2,4,-9188.68986145605,30744,-0.298877500047361,0.875780640124902,0.0903156808362576,TRUE,0,49.7910000000002,1.77700000000004,""
"H6_G2-2-2-3-3-3_lambda2",6,"2,2,2,3,3,3",2,5,-9085.09523163264,30744,-0.295507911515504,0.881667967733542,0.087766326184839,TRUE,0,55.6420000000007,0.993999999999687,""
"H6_G2-2-2-3-3-3_lambda4",6,"2,2,2,3,3,3",4,1,-10519.1277988152,32025,-0.328466129549265,0.857298985167838,0.10189550416637,TRUE,0,57.7860000000001,0.804999999999382,""
"H6_G2-2-2-3-3-3_lambda4",6,"2,2,2,3,3,3",4,2,-9175.8213041245,32025,-0.286520571557361,0.883715846994536,0.0868338967081001,TRUE,0,51.71,1.50600000000031,""
"H6_G2-2-2-3-3-3_lambda4",6,"2,2,2,3,3,3",4,3,-10303.3722416748,30744,-0.335134408069046,0.852556596409055,0.104269428720546,TRUE,0,53.8249999999998,1.22400000000016,""
"H6_G2-2-2-3-3-3_lambda4",6,"2,2,2,3,3,3",4,4,-9216.78868331902,30744,-0.299791461206057,0.872527972937809,0.0918280078245498,TRUE,0,53.0680000000002,1.3779999999997,""
"H6_G2-2-2-3-3-3_lambda4",6,"2,2,2,3,3,3",4,5,-9086.92481722122,30744,-0.295567421845603,0.878545407233932,0.0890739990027048,TRUE,0,68.8540000000003,0.640000000000327,""
"H6_G2-2-2-3-3-3_lambda8",6,"2,2,2,3,3,3",8,1,-10649.3654508215,32025,-0.332532879026432,0.855644028103045,0.103584803447089,TRUE,0,54.3980000000001,1.1239999999998,""
"H6_G2-2-2-3-3-3_lambda8",6,"2,2,2,3,3,3",8,2,-9284.11328396034,32025,-0.289902054143961,0.882747853239657,0.087745084596233,TRUE,0,54.1940000000004,1.21700000000055,""
"H6_G2-2-2-3-3-3_lambda8",6,"2,2,2,3,3,3",8,3,-10409.8657458862,30744,-0.338598287336919,0.849303929221962,0.106060374277345,TRUE,0,48.5920000000006,1.76499999999942,""
"H6_G2-2-2-3-3-3_lambda8",6,"2,2,2,3,3,3",8,4,-9268.41661977762,30744,-0.301470746154619,0.871779859484778,0.0925581086141363,TRUE,0,65.2669999999998,0.610999999999876,""
"H6_G2-2-2-3-3-3_lambda8",6,"2,2,2,3,3,3",8,5,-9169.93974334916,30744,-0.298267621108156,0.874512099921936,0.0906581388961996,TRUE,0,64.8499999999995,0.59900000000016,""
"H6_G2-2-3-3-3-3_lambda0",6,"2,2,3,3,3,3",0,1,-27025.0634033853,32025,-0.843873954828582,0.851990632318501,0.117616275030269,TRUE,0,155.574,1.53800000000047,""
"H6_G2-2-3-3-3-3_lambda0",6,"2,2,3,3,3,3",0,2,-17971.2617728451,32025,-0.561163521400315,0.872443403590945,0.0988349062235191,TRUE,0,139.717000000001,1.32499999999982,""
"H6_G2-2-3-3-3-3_lambda0",6,"2,2,3,3,3,3",0,3,-21631.2043361001,30744,-0.703591085613458,0.84888108248764,0.115463281124402,TRUE,0,133.043,1.5610000000006,""
"H6_G2-2-3-3-3-3_lambda0",6,"2,2,3,3,3,3",0,4,-18769.4815845656,30744,-0.610508768688706,0.86768149882904,0.101960394960374,TRUE,0,129.968,1.40499999999975,""
"H6_G2-2-3-3-3-3_lambda0",6,"2,2,3,3,3,3",0,5,-18475.4268542727,30744,-0.600944146964375,0.870316159250585,0.100694686598441,TRUE,0,117.472,1.40000000000055,""
"H6_G2-2-3-3-3-3_lambda1",6,"2,2,3,3,3,3",1,1,-11184.4140230232,32025,-0.349240094395728,0.858204527712724,0.103375406287499,TRUE,0,50.8899999999994,1.64800000000014,""
"H6_G2-2-3-3-3-3_lambda1",6,"2,2,3,3,3,3",1,2,-9705.35587709952,32025,-0.303055608964856,0.880093676814988,0.088682932484274,TRUE,0,52.7290000000003,1.61499999999978,""
"H6_G2-2-3-3-3-3_lambda1",6,"2,2,3,3,3,3",1,3,-10542.9119619611,30744,-0.342925837950855,0.85795602393963,0.102329543486372,TRUE,0,42.0889999999999,1.98400000000038,""
"H6_G2-2-3-3-3-3_lambda1",6,"2,2,3,3,3,3",1,4,-9624.18158061381,30744,-0.313042596298914,0.875,0.0917185041311366,TRUE,0,50.3229999999994,1.84799999999996,""
"H6_G2-2-3-3-3-3_lambda1",6,"2,2,3,3,3,3",1,5,-9580.08718309446,30744,-0.311608352299456,0.879326047358834,0.0892155041998531,TRUE,0,50.6589999999997,1.84699999999975,""
"H6_G2-2-3-3-3-3_lambda12",6,"2,2,3,3,3,3",12,1,-10973.19148669,32025,-0.342644542909915,0.852177985948478,0.106670829456356,TRUE,0,54.9939999999997,1.17399999999998,""
"H6_G2-2-3-3-3-3_lambda12",6,"2,2,3,3,3,3",12,2,-9501.20514903816,32025,-0.296680878970747,0.880655737704918,0.0896024459896076,TRUE,0,58.4809999999998,0.829999999999927,""
"H6_G2-2-3-3-3-3_lambda12",6,"2,2,3,3,3,3",12,3,-10754.318101807,30744,-0.349802176093124,0.845075461878741,0.109802741061287,TRUE,0,56.6350000000002,1.04199999999946,""
"H6_G2-2-3-3-3-3_lambda12",6,"2,2,3,3,3,3",12,4,-9485.58797710809,30744,-0.308534607634273,0.869860785844392,0.0941637470993867,TRUE,0,57.4979999999996,0.877000000000407,""
"H6_G2-2-3-3-3-3_lambda12",6,"2,2,3,3,3,3",12,5,-9628.01753093369,30744,-0.313167366996282,0.868982565703877,0.095612101481808,TRUE,0,58.5919999999996,0.795000000000073,""
"H6_G2-2-3-3-3-3_lambda2",6,"2,2,3,3,3,3",2,1,-10589.1188401726,32025,-0.330651642159956,0.860296643247463,0.101160853634321,TRUE,0,59.3719999999994,0.900000000000546,""
"H6_G2-2-3-3-3-3_lambda2",6,"2,2,3,3,3,3",2,2,-9287.74721258441,32025,-0.29001552576376,0.882591725214676,0.0869515444199126,TRUE,0,56.3630000000003,1.30100000000039,""
"H6_G2-2-3-3-3-3_lambda2",6,"2,2,3,3,3,3",2,3,-10229.9471720228,30744,-0.332746134921378,0.856394743689826,0.102123731723578,TRUE,0,51.2069999999994,1.88799999999992,""
"H6_G2-2-3-3-3-3_lambda2",6,"2,2,3,3,3,3",2,4,-9205.33181778479,30744,-0.299418807500156,0.875650533437419,0.090401803440048,TRUE,0,52.0650000000005,1.97599999999966,""
"H6_G2-2-3-3-3-3_lambda2",6,"2,2,3,3,3,3",2,5,-9085.57662929034,30744,-0.295523569779155,0.8816029143898,0.087771386202922,TRUE,0,59.8090000000002,1.39199999999983,""
"H6_G2-2-3-3-3-3_lambda4",6,"2,2,3,3,3,3",4,1,-10609.7379706591,32025,-0.331295486983891,0.8567993754879,0.102433691755712,TRUE,0,57.192,1.57499999999982,""
"H6_G2-2-3-3-3-3_lambda4",6,"2,2,3,3,3,3",4,2,-9305.81796549721,32025,-0.290579795956197,0.88199843871975,0.0878623507047156,TRUE,0,59.2700000000004,1.43199999999979,""
"H6_G2-2-3-3-3-3_lambda4",6,"2,2,3,3,3,3",4,3,-10311.775245298,30744,-0.335407729810631,0.85304449648712,0.104448345996361,TRUE,0,60.3159999999998,1.17699999999968,""
"H6_G2-2-3-3-3-3_lambda4",6,"2,2,3,3,3,3",4,4,-9174.63383424157,30744,-0.298420304262346,0.874154306531356,0.0913287807653946,TRUE,0,59.1239999999998,1.36800000000039,""
"H6_G2-2-3-3-3-3_lambda4",6,"2,2,3,3,3,3",4,5,-9112.8952026605,30744,-0.296412152051148,0.87848035389019,0.0892345272948847,TRUE,0,74.7109999999993,0.827000000000226,""
"H6_G2-2-3-3-3-3_lambda8",6,"2,2,3,3,3,3",8,1,-10694.4616278012,32025,-0.333941034435636,0.854457455113193,0.104094891628894,TRUE,0,57.6660000000002,1.52899999999954,""
"H6_G2-2-3-3-3-3_lambda8",6,"2,2,3,3,3,3",8,2,-9314.04235684178,32025,-0.290836607551656,0.882217017954723,0.0880120817835753,TRUE,0,59.3209999999999,1.3690000000006,""
"H6_G2-2-3-3-3-3_lambda8",6,"2,2,3,3,3,3",8,3,-10392.7011280426,30744,-0.338039979444528,0.849141295862607,0.106004701407632,TRUE,0,59.6680000000006,1.28899999999976,""
"H6_G2-2-3-3-3-3_lambda8",6,"2,2,3,3,3,3",8,4,-9280.80838031745,30744,-0.301873808883602,0.872658079625293,0.0926093670693863,TRUE,0,67.6880000000001,0.783999999999651,""
"H6_G2-2-3-3-3-3_lambda8",6,"2,2,3,3,3,3",8,5,-9296.5929683579,30744,-0.302387228999411,0.87291829300026,0.0921878285179937,TRUE,0,66.8000000000002,0.909999999999854,""
"H6_G2-3-3-3-3-3_lambda0",6,"2,3,3,3,3,3",0,1,-25952.6493520538,32025,-0.810387177269441,0.854113973458236,0.115469925003094,TRUE,0,160.928,1.60300000000007,""
"H6_G2-3-3-3-3-3_lambda0",6,"2,3,3,3,3,3",0,2,-18351.6913973469,32025,-0.573042666583821,0.870757220921155,0.0998515976468262,TRUE,0,141.624,1.45399999999972,""
"H6_G2-3-3-3-3-3_lambda0",6,"2,3,3,3,3,3",0,3,-21329.6024196574,30744,-0.69378097904168,0.848588342440802,0.115656791085049,TRUE,0,132.028,1.64099999999962,""
"H6_G2-3-3-3-3-3_lambda0",6,"2,3,3,3,3,3",0,4,-19391.9618903416,30744,-0.630755981340802,0.865274525110591,0.1041823872784,TRUE,0,140.788,1.45200000000023,""
"H6_G2-3-3-3-3-3_lambda0",6,"2,3,3,3,3,3",0,5,-18747.0661669098,30744,-0.609779669753766,0.869372885766328,0.101268248146565,TRUE,0,120.741,1.50900000000001,""
"H6_G2-3-3-3-3-3_lambda1",6,"2,3,3,3,3,3",1,1,-11196.0282912188,32025,-0.349602756946724,0.857455113192818,0.103421566116408,TRUE,0,50.4470000000001,2.17699999999968,""
"H6_G2-3-3-3-3-3_lambda1",6,"2,3,3,3,3,3",1,2,-9711.90169832521,32025,-0.303260006192825,0.879875097580016,0.0887162889403013,TRUE,0,56.4719999999998,1.98500000000058,""
"H6_G2-3-3-3-3-3_lambda1",6,"2,3,3,3,3,3",1,3,-10555.6185647592,30744,-0.343339141450663,0.856915170439761,0.102203744882539,TRUE,0,53.0879999999997,1.94600000000082,""
"H6_G2-3-3-3-3-3_lambda1",6,"2,3,3,3,3,3",1,4,-9622.26483631252,30744,-0.312980250985965,0.874707259953162,0.0918142990538448,TRUE,0,64.9560000000001,0.836999999999534,""
"H6_G2-3-3-3-3-3_lambda1",6,"2,3,3,3,3,3",1,5,-9578.76868058807,30744,-0.311565465801069,0.879456154046318,0.0892198604593898,TRUE,0,60.326,1.3159999999998,""
"H6_G2-3-3-3-3-3_lambda12",6,"2,3,3,3,3,3",12,1,-11027.3462044293,32025,-0.344335556734718,0.850491803278689,0.10741626212572,TRUE,0,61.4170000000004,0.927999999999884,""
"H6_G2-3-3-3-3-3_lambda12",6,"2,3,3,3,3,3",12,2,-9500.62526521042,32025,-0.296662771747398,0.880437158469945,0.0895433424740852,TRUE,0,63.0030000000006,0.748999999999796,""
"H6_G2-3-3-3-3-3_lambda12",6,"2,3,3,3,3,3",12,3,-10757.7004165191,30744,-0.349912191533929,0.844522508456935,0.109844610625115,TRUE,0,57.4079999999994,1.45300000000043,""
"H6_G2-3-3-3-3-3_lambda12",6,"2,3,3,3,3,3",12,4,-9485.76456144948,30744,-0.308540351335203,0.869470465781941,0.0941794076688514,TRUE,0,60.5720000000001,1.05099999999948,""
"H6_G2-3-3-3-3-3_lambda12",6,"2,3,3,3,3,3",12,5,-9587.15584399244,30744,-0.311838272313051,0.869405412438199,0.0950944260099188,FALSE,0,97.9300000000003,0.671999999999571,""
"H6_G2-3-3-3-3-3_lambda2",6,"2,3,3,3,3,3",2,1,-10570.6457320663,32025,-0.330074808183179,0.860827478532397,0.100838493557882,TRUE,0,62.3730000000005,0.972999999999956,""
"H6_G2-3-3-3-3-3_lambda2",6,"2,3,3,3,3,3",2,2,-9253.7416836571,32025,-0.288953682549792,0.883247462919594,0.0867426643011699,TRUE,0,55.7260000000006,1.9409999999998,""
"H6_G2-3-3-3-3-3_lambda2",6,"2,3,3,3,3,3",2,3,-10287.3786351157,30744,-0.334614189276468,0.857338017174083,0.102131383649269,TRUE,0,53.241,2.13500000000022,""
"H6_G2-3-3-3-3-3_lambda2",6,"2,3,3,3,3,3",2,4,-9200.98121005518,30744,-0.299277296710096,0.875780640124902,0.0903512163024781,TRUE,0,51.6610000000001,2.24900000000071,""
"H6_G2-3-3-3-3-3_lambda2",6,"2,3,3,3,3,3",2,5,-9079.53261590684,30744,-0.295326978139046,0.881570387717929,0.0877353028415681,TRUE,0,58.9749999999995,1.35699999999997,""
"H6_G2-3-3-3-3-3_lambda4",6,"2,3,3,3,3,3",4,1,-10717.5019555369,32025,-0.334660482608489,0.854738485558158,0.103409570870172,TRUE,0,57.5989999999993,1.60500000000047,""
"H6_G2-3-3-3-3-3_lambda4",6,"2,3,3,3,3,3",4,2,-9300.11377690736,32025,-0.290401679216467,0.881935987509758,0.0877808068250145,TRUE,0,60.0640000000003,1.26299999999992,""
"H6_G2-3-3-3-3-3_lambda4",6,"2,3,3,3,3,3",4,3,-10267.3611001072,30744,-0.33396308548358,0.852784283112152,0.103703301832057,TRUE,0,63.3559999999998,0.905999999999949,""
"H6_G2-3-3-3-3-3_lambda4",6,"2,3,3,3,3,3",4,4,-9112.88453069105,30744,-0.2964118049275,0.874219359875098,0.0909028915370597,TRUE,0,64.509,0.784999999999854,""
"H6_G2-3-3-3-3-3_lambda4",6,"2,3,3,3,3,3",4,5,-9087.82759744486,30744,-0.295596786281709,0.87812256049961,0.0891352732660747,TRUE,0,62.5960000000005,1.27199999999993,""
"H6_G2-3-3-3-3-3_lambda8",6,"2,3,3,3,3,3",8,1,-10686.4838282973,32025,-0.333691922819587,0.854769711163154,0.104005571208543,TRUE,0,56.8530000000001,1.54099999999926,""
"H6_G2-3-3-3-3-3_lambda8",6,"2,3,3,3,3,3",8,2,-9322.38619670282,32025,-0.291097148999307,0.881904761904762,0.0882879945953774,TRUE,0,55.2510000000002,1.48800000000028,""
"H6_G2-3-3-3-3-3_lambda8",6,"2,3,3,3,3,3",8,3,-10454.8633926905,30744,-0.340061911029485,0.847807702315899,0.106643200100484,TRUE,0,48.9160000000002,1.92399999999998,""
"H6_G2-3-3-3-3-3_lambda8",6,"2,3,3,3,3,3",8,4,-9210.37301532417,30744,-0.299582780878356,0.873015873015873,0.091736737208698,TRUE,0,72.3319999999994,1.04600000000028,""
"H6_G2-3-3-3-3-3_lambda8",6,"2,3,3,3,3,3",8,5,-9421.14892169702,30744,-0.306438619623244,0.872072599531616,0.0934359149568068,FALSE,0,78.1509999999998,0.851000000000568,""
"H6_G3-3-3-3-3-3_lambda0",6,"3,3,3,3,3,3",0,1,-27273.3316789125,32025,-0.851626281933254,0.849742388758782,0.118776760814632,TRUE,0,162.951,1.72600000000057,""
"H6_G3-3-3-3-3-3_lambda0",6,"3,3,3,3,3,3",0,2,-17914.2419678636,32025,-0.55938304349301,0.871693989071038,0.0988944954508486,TRUE,0,142.377,1.52400000000034,""
"H6_G3-3-3-3-3-3_lambda0",6,"3,3,3,3,3,3",0,3,-21515.5845538635,30744,-0.699830358894856,0.847612542284673,0.116298138719821,TRUE,0,133.81,1.72599999999966,""
"H6_G3-3-3-3-3-3_lambda0",6,"3,3,3,3,3,3",0,4,-19082.9887507656,30744,-0.620706113412881,0.868494665625813,0.102044870543757,FALSE,0,140.61,1.57099999999991,""
"H6_G3-3-3-3-3-3_lambda0",6,"3,3,3,3,3,3",0,5,-18712.7293214748,30744,-0.608662806449219,0.870934166016133,0.100686591944876,TRUE,0,125.794,1.64699999999993,""
"H6_G3-3-3-3-3-3_lambda1",6,"3,3,3,3,3,3",1,1,-11194.9881397909,32025,-0.3495702775891,0.857673692427791,0.103426858927984,TRUE,0,51.8220000000001,2.20499999999993,""
"H6_G3-3-3-3-3-3_lambda1",6,"3,3,3,3,3,3",1,2,-9689.71128479034,32025,-0.302567097105085,0.87984387197502,0.0886550696404076,TRUE,0,66.0070000000005,1.46299999999974,""
"H6_G3-3-3-3-3-3_lambda1",6,"3,3,3,3,3,3",1,3,-10585.4555900545,30744,-0.344309640582048,0.856752537080406,0.102612945010876,TRUE,0,44.0510000000004,2.81700000000001,""
"H6_G3-3-3-3-3-3_lambda1",6,"3,3,3,3,3,3",1,4,-9616.76274336887,30744,-0.312801286214184,0.874869893312516,0.0916863321203069,TRUE,0,59.1799999999994,1.64800000000014,""
"H6_G3-3-3-3-3-3_lambda1",6,"3,3,3,3,3,3",1,5,-9562.77387199396,30744,-0.31104520791029,0.87952120739006,0.0891523783219742,TRUE,0,61.9459999999999,1.55600000000049,""
"H6_G3-3-3-3-3-3_lambda12",6,"3,3,3,3,3,3",12,1,-11021.3920670575,32025,-0.344149635193053,0.851022638563622,0.107183669689962,TRUE,0,58.2959999999994,1.49900000000071,""
"H6_G3-3-3-3-3-3_lambda12",6,"3,3,3,3,3,3",12,2,-9495.19288970759,32025,-0.296493142535756,0.880343481654957,0.0895063704869743,TRUE,0,75.1050000000005,1.00699999999961,""
"H6_G3-3-3-3-3-3_lambda12",6,"3,3,3,3,3,3",12,3,-10743.8098735229,30744,-0.349460378399781,0.845498308613063,0.109598114786747,TRUE,0,68.0599999999995,0.838999999999942,""
"H6_G3-3-3-3-3-3_lambda12",6,"3,3,3,3,3,3",12,4,-9473.58489145466,30744,-0.308144187205785,0.870316159250585,0.0939943977627685,TRUE,0,66.5450000000001,1.04599999999937,""
"H6_G3-3-3-3-3-3_lambda12",6,"3,3,3,3,3,3",12,5,-9647.71546925892,30744,-0.31380807537272,0.868819932344522,0.0958297845767356,FALSE,0,70.3429999999998,0.757000000000517,""
"H6_G3-3-3-3-3-3_lambda2",6,"3,3,3,3,3,3",2,1,-10581.4187990056,32025,-0.330411203716022,0.860765027322404,0.100829105940582,TRUE,0,52.8130000000001,2.32699999999932,""
"H6_G3-3-3-3-3-3_lambda2",6,"3,3,3,3,3,3",2,2,-9305.17327136592,32025,-0.29055966499191,0.882997658079625,0.0870301775175102,TRUE,0,56.5540000000001,2.24200000000019,""
"H6_G3-3-3-3-3-3_lambda2",6,"3,3,3,3,3,3",2,3,-10290.5307807977,30744,-0.334716718084756,0.857403070517825,0.101989209131383,TRUE,0,53.366,2.34599999999955,""
"H6_G3-3-3-3-3-3_lambda2",6,"3,3,3,3,3,3",2,4,-9184.99835504933,30744,-0.29875742762976,0.875878220140515,0.0904777829349904,TRUE,0,68.9110000000001,0.984000000000378,""
"H6_G3-3-3-3-3-3_lambda2",6,"3,3,3,3,3,3",2,5,-9071.87631410884,30744,-0.295077944122718,0.881180067655478,0.0879170897421604,TRUE,0,77.8899999999994,0.86200000000008,""
"H6_G3-3-3-3-3-3_lambda4",6,"3,3,3,3,3,3",4,1,-10507.474045577,32025,-0.328102234053927,0.857954722872756,0.101809952943198,TRUE,0,59.0969999999998,1.85900000000038,""
"H6_G3-3-3-3-3-3_lambda4",6,"3,3,3,3,3,3",4,2,-9301.35113008121,32025,-0.290440316317915,0.882466822794692,0.0877855641845693,TRUE,0,57.6140000000005,2.08600000000024,""
"H6_G3-3-3-3-3-3_lambda4",6,"3,3,3,3,3,3",4,3,-10204.1416268461,30744,-0.331906766420964,0.853857663283893,0.103429265977992,TRUE,0,61.0799999999999,1.53099999999995,""
"H6_G3-3-3-3-3-3_lambda4",6,"3,3,3,3,3,3",4,4,-9119.81129422225,30744,-0.296637109492007,0.874479573250065,0.0910793570838463,TRUE,0,65.9879999999994,1.23000000000047,""
"H6_G3-3-3-3-3-3_lambda4",6,"3,3,3,3,3,3",4,5,-9085.31072277571,30744,-0.295514920725205,0.8777972937809,0.0890995138914823,TRUE,0,61.0410000000002,1.45499999999993,""
"H6_G3-3-3-3-3-3_lambda8",6,"3,3,3,3,3,3",8,1,-10672.8256036038,32025,-0.333265436490361,0.854488680718189,0.10385714099643,TRUE,0,59.9920000000002,1.52899999999954,""
"H6_G3-3-3-3-3-3_lambda8",6,"3,3,3,3,3,3",8,2,-9338.92340159865,32025,-0.291613533227124,0.881654957064793,0.0884249545762994,TRUE,0,58.8369999999995,1.88400000000001,""
"H6_G3-3-3-3-3-3_lambda8",6,"3,3,3,3,3,3",8,3,-10367.575201575,30744,-0.337222716678865,0.850442362737445,0.105603567606995,TRUE,0,61.1679999999997,1.42799999999988,""
"H6_G3-3-3-3-3-3_lambda8",6,"3,3,3,3,3,3",8,4,-9276.42200009806,30744,-0.301731134533504,0.872072599531616,0.0925434842462343,TRUE,0,71.2150000000001,0.801000000000386,""
"H6_G3-3-3-3-3-3_lambda8",6,"3,3,3,3,3,3",8,5,-9302.18993600703,30744,-0.302569279729607,0.873438719750195,0.0921796635992866,FALSE,0,75.2439999999997,0.842999999999847,""
"H7_G1-2-2-2-2-2-2_lambda0",7,"1,2,2,2,2,2,2",0,1,-32731.2638154309,32025,-1.02205351492368,0.847244340359094,0.123471073211498,TRUE,0,164.074,2.08300000000054,""
"H7_G1-2-2-2-2-2-2_lambda0",7,"1,2,2,2,2,2,2",0,2,-23014.3498399074,32025,-0.718636997342932,0.870195160031226,0.103298071838744,TRUE,0,178.587,1.8149999999996,""
"H7_G1-2-2-2-2-2-2_lambda0",7,"1,2,2,2,2,2,2",0,3,-26676.3312640294,30744,-0.867692273745426,0.844847775175644,0.119635353953047,TRUE,0,172.074000000001,1.92999999999938,""
"H7_G1-2-2-2-2-2-2_lambda0",7,"1,2,2,2,2,2,2",0,4,-24999.8219961288,30744,-0.813161006899843,0.862217017954723,0.109441629207192,TRUE,0,156.217,1.36899999999969,""
"H7_G1-2-2-2-2-2-2_lambda0",7,"1,2,2,2,2,2,2",0,5,-25398.2187809683,30744,-0.826119528394753,0.865079365079365,0.107550840969183,TRUE,0,152.146000000001,1.85399999999936,""
"H7_G1-2-2-2-2-2-2_lambda1",7,"1,2,2,2,2,2,2",1,1,-11332.5614993893,32025,-0.353866088973906,0.858048399687744,0.103409556975806,TRUE,0,60.3269999999993,1.16700000000037,""
"H7_G1-2-2-2-2-2-2_lambda1",7,"1,2,2,2,2,2,2",1,2,-9720.94270105394,32025,-0.303542316972801,0.880281030444965,0.0884309575612039,TRUE,0,51.0119999999997,2.05000000000018,""
"H7_G1-2-2-2-2-2-2_lambda1",7,"1,2,2,2,2,2,2",1,3,-10664.2297664312,30744,-0.346871902368955,0.857272963830341,0.102376443446282,TRUE,0,53.4780000000001,1.75399999999991,""
"H7_G1-2-2-2-2-2-2_lambda1",7,"1,2,2,2,2,2,2",1,4,-10009.3023307719,30744,-0.325569292569993,0.873080926359615,0.0935411712680109,TRUE,0,54.518,1.54899999999998,""
"H7_G1-2-2-2-2-2-2_lambda1",7,"1,2,2,2,2,2,2",1,5,-9680.33733877673,30744,-0.314869156218343,0.879911527452511,0.0893789948683571,TRUE,0,59.5039999999999,1.28099999999995,""
"H7_G1-2-2-2-2-2-2_lambda12",7,"1,2,2,2,2,2,2",12,1,-11018.3947825131,32025,-0.344056043169808,0.851209992193599,0.106957318905487,TRUE,0,60.2790000000005,0.850999999999658,""
"H7_G1-2-2-2-2-2-2_lambda12",7,"1,2,2,2,2,2,2",12,2,-9510.02056403572,32025,-0.296956145637337,0.880093676814988,0.0896446905722466,TRUE,0,56.7219999999998,1.60399999999936,""
"H7_G1-2-2-2-2-2-2_lambda12",7,"1,2,2,2,2,2,2",12,3,-10793.3717454579,30744,-0.351072461145521,0.844294821753838,0.110269467489116,TRUE,0,57.8200000000006,1.09400000000005,""
"H7_G1-2-2-2-2-2-2_lambda12",7,"1,2,2,2,2,2,2",12,4,-9553.53818362477,30744,-0.310744801705203,0.869730679156909,0.0946697521103031,TRUE,0,66.0960000000005,0.800999999999476,""
"H7_G1-2-2-2-2-2-2_lambda12",7,"1,2,2,2,2,2,2",12,5,-9694.14582820159,30744,-0.315318300422898,0.866705698672912,0.0965683818227558,TRUE,0,68.6289999999999,0.766999999999825,""
"H7_G1-2-2-2-2-2-2_lambda2",7,"1,2,2,2,2,2,2",2,1,-10735.1325919086,32025,-0.335211009895662,0.859734582357533,0.101014181601601,TRUE,0,58.8640000000005,1.33399999999983,""
"H7_G1-2-2-2-2-2-2_lambda2",7,"1,2,2,2,2,2,2",2,2,-9254.74950554112,32025,-0.288985152397849,0.882685402029664,0.0864653052861999,TRUE,0,53.2210000000005,1.76299999999992,""
"H7_G1-2-2-2-2-2-2_lambda2",7,"1,2,2,2,2,2,2",2,3,-10157.4586794337,30744,-0.330388325508513,0.857890970595889,0.100993215667116,TRUE,0,57.0279999999993,1.60900000000038,""
"H7_G1-2-2-2-2-2-2_lambda2",7,"1,2,2,2,2,2,2",2,4,-9504.77661555782,30744,-0.309158750180777,0.87324355971897,0.0923521865639895,TRUE,0,55.5080000000007,1.96999999999935,""
"H7_G1-2-2-2-2-2-2_lambda2",7,"1,2,2,2,2,2,2",2,5,-9108.07938631784,30744,-0.29625550957318,0.881375227686703,0.0876657819921768,TRUE,0,61.6009999999997,1.17700000000059,""
"H7_G1-2-2-2-2-2-2_lambda4",7,"1,2,2,2,2,2,2",4,1,-10556.4399985402,32025,-0.329631225559412,0.858891491022639,0.101637719859748,TRUE,0,57.4319999999998,1.60199999999986,""
"H7_G1-2-2-2-2-2-2_lambda4",7,"1,2,2,2,2,2,2",4,2,-9156.06510460152,32025,-0.285903672274833,0.882373145979703,0.0865338620911657,TRUE,0,54.2240000000002,1.86999999999989,""
"H7_G1-2-2-2-2-2-2_lambda4",7,"1,2,2,2,2,2,2",4,3,-10288.3713803643,30744,-0.33464647997542,0.853337236533958,0.10367673077287,TRUE,0,53.9380000000001,2.08999999999924,""
"H7_G1-2-2-2-2-2-2_lambda4",7,"1,2,2,2,2,2,2",4,4,-9215.11035881704,30744,-0.299736870895688,0.873113453031486,0.0916317707069505,TRUE,0,57.9340000000002,1.52000000000044,""
"H7_G1-2-2-2-2-2-2_lambda4",7,"1,2,2,2,2,2,2",4,5,-9239.41547845578,30744,-0.300527435546962,0.876236013531095,0.0903412176209924,TRUE,0,55.8999999999996,1.58100000000013,""
"H7_G1-2-2-2-2-2-2_lambda8",7,"1,2,2,2,2,2,2",8,1,-10701.7609984849,32025,-0.334168961701323,0.855050741608119,0.104150768964809,TRUE,0,63.3100000000004,1.23299999999927,""
"H7_G1-2-2-2-2-2-2_lambda8",7,"1,2,2,2,2,2,2",8,2,-9223.46572411022,32025,-0.288008297396104,0.883247462919594,0.087237663204424,TRUE,0,74.1680000000006,0.842999999999847,""
"H7_G1-2-2-2-2-2-2_lambda8",7,"1,2,2,2,2,2,2",8,3,-10395.4596881707,30744,-0.338129706224651,0.851288056206089,0.105746649795297,TRUE,0,72.9860000000008,0.781999999999243,""
"H7_G1-2-2-2-2-2-2_lambda8",7,"1,2,2,2,2,2,2",8,4,-9253.21845434727,30744,-0.300976400414626,0.871747332812907,0.0923190825390019,TRUE,0,71.7179999999998,0.989000000000487,""
"H7_G1-2-2-2-2-2-2_lambda8",7,"1,2,2,2,2,2,2",8,5,-9405.88253328855,30744,-0.305942054816828,0.870186052563102,0.0936871195714217,TRUE,0,60.5050000000001,1.09500000000025,""
"H7_G1-2-2-2-2-2-3_lambda0",7,"1,2,2,2,2,2,3",0,1,-32454.9182853343,32025,-1.01342445855845,0.848774395003903,0.121701868004504,TRUE,0,179.141000000001,2.02800000000025,""
"H7_G1-2-2-2-2-2-3_lambda0",7,"1,2,2,2,2,2,3",0,2,-22806.7059790149,32025,-0.712153192162838,0.870507416081187,0.102340485233133,TRUE,0,182.313999999999,1.71900000000005,""
"H7_G1-2-2-2-2-2-3_lambda0",7,"1,2,2,2,2,2,3",0,3,-27927.4812479883,30744,-0.908388018734983,0.843741868332032,0.121201226785577,TRUE,0,160.493,2.03200000000015,""
"H7_G1-2-2-2-2-2-3_lambda0",7,"1,2,2,2,2,2,3",0,4,-24701.6856274588,30744,-0.803463623063324,0.862282071298465,0.109157618664667,TRUE,0,170.694,1.79399999999987,""
"H7_G1-2-2-2-2-2-3_lambda0",7,"1,2,2,2,2,2,3",0,5,-26598.0598036728,30744,-0.86514636363755,0.865209471766849,0.108102265942267,TRUE,0,165.79,1.91499999999996,""
"H7_G1-2-2-2-2-2-3_lambda1",7,"1,2,2,2,2,2,3",1,1,-11372.5361236527,32025,-0.35511432080102,0.857642466822795,0.103546682970689,TRUE,0,67.1230000000005,1.15399999999954,""
"H7_G1-2-2-2-2-2-3_lambda1",7,"1,2,2,2,2,2,3",1,2,-9771.73254201167,32025,-0.305128260484361,0.880124902419984,0.0886917914146605,TRUE,0,60.8010000000004,1.20100000000002,""
"H7_G1-2-2-2-2-2-3_lambda1",7,"1,2,2,2,2,2,3",1,3,-10588.9339787703,30744,-0.344422780990448,0.857695810564663,0.102445997986485,TRUE,0,52.3810000000003,2.23399999999947,""
"H7_G1-2-2-2-2-2-3_lambda1",7,"1,2,2,2,2,2,3",1,4,-10072.5685995296,30744,-0.327627133734373,0.873666406453292,0.0938006616964315,TRUE,0,55.1139999999996,2.00500000000011,""
"H7_G1-2-2-2-2-2-3_lambda1",7,"1,2,2,2,2,2,3",1,5,-9591.32641855986,30744,-0.311973927223519,0.880464480874317,0.0890877609815935,TRUE,0,66.5880000000006,0.764999999999418,""
"H7_G1-2-2-2-2-2-3_lambda12",7,"1,2,2,2,2,2,3",12,1,-10989.6054107245,32025,-0.343157077618252,0.851085089773614,0.106663414262234,TRUE,0,63.8959999999997,0.847999999999956,""
"H7_G1-2-2-2-2-2-3_lambda12",7,"1,2,2,2,2,2,3",12,2,-9513.49837629127,32025,-0.297064742429079,0.879968774395004,0.0896855772796853,TRUE,0,58.2629999999999,1.43700000000081,""
"H7_G1-2-2-2-2-2-3_lambda12",7,"1,2,2,2,2,2,3",12,3,-10633.3524809217,30744,-0.345867567034923,0.846896955503513,0.108509497731242,TRUE,0,65.317,0.746000000000095,""
"H7_G1-2-2-2-2-2-3_lambda12",7,"1,2,2,2,2,2,3",12,4,-9474.34445694285,30744,-0.308168893343184,0.869405412438199,0.0939633410872688,TRUE,0,66.4000000000005,0.644999999999527,""
"H7_G1-2-2-2-2-2-3_lambda12",7,"1,2,2,2,2,2,3",12,5,-9512.87993415186,30744,-0.309422324165751,0.869600572469425,0.094309368474935,TRUE,0,65.4569999999994,0.710000000000036,""
"H7_G1-2-2-2-2-2-3_lambda2",7,"1,2,2,2,2,2,3",2,1,-10729.2299344942,32025,-0.335026695846815,0.859640905542545,0.101085815037895,TRUE,0,59.848,1.34000000000015,""
"H7_G1-2-2-2-2-2-3_lambda2",7,"1,2,2,2,2,2,3",2,2,-9254.58976756936,32025,-0.28898016448304,0.882841530054645,0.0864631714450799,TRUE,0,57.6980000000003,1.49600000000009,""
"H7_G1-2-2-2-2-2-3_lambda2",7,"1,2,2,2,2,2,3",2,3,-10291.4097140811,30744,-0.334745306859259,0.856915170439761,0.102241222907463,TRUE,0,60.3330000000005,1.25999999999931,""
"H7_G1-2-2-2-2-2-3_lambda2",7,"1,2,2,2,2,2,3",2,4,-9450.46057531843,30744,-0.307392030162582,0.87395914650013,0.0919497222614538,TRUE,0,54.9710000000005,1.81700000000001,""
"H7_G1-2-2-2-2-2-3_lambda2",7,"1,2,2,2,2,2,3",2,5,-9158.87590790717,30744,-0.297907751363101,0.880529534218059,0.0883160742446842,TRUE,0,57.1130000000003,1.47400000000016,""
"H7_G1-2-2-2-2-2-3_lambda4",7,"1,2,2,2,2,2,3",4,1,-10553.0879430243,32025,-0.329526555597947,0.857704918032787,0.101957791922781,TRUE,0,57.8140000000003,1.35400000000027,""
"H7_G1-2-2-2-2-2-3_lambda4",7,"1,2,2,2,2,2,3",4,2,-9226.42764581451,32025,-0.288100785193271,0.88128024980484,0.0875840771270578,TRUE,0,66.2240000000002,0.770000000000437,""
"H7_G1-2-2-2-2-2-3_lambda4",7,"1,2,2,2,2,2,3",4,3,-10280.0023260875,30744,-0.334374262493087,0.852556596409055,0.103624967806245,TRUE,0,55.7579999999998,1.98300000000017,""
"H7_G1-2-2-2-2-2-3_lambda4",7,"1,2,2,2,2,2,3",4,4,-9275.48018596416,30744,-0.301700500454208,0.872105126203487,0.0922255207381532,TRUE,0,62.4130000000005,0.940999999999804,""
"H7_G1-2-2-2-2-2-3_lambda4",7,"1,2,2,2,2,2,3",4,5,-9114.05543955025,30744,-0.296449890695754,0.876984126984127,0.0899024049766171,TRUE,0,55.8030000000008,1.56899999999951,""
"H7_G1-2-2-2-2-2-3_lambda8",7,"1,2,2,2,2,2,3",8,1,-10642.3763879713,32025,-0.332314641310581,0.857267759562842,0.103357449191582,TRUE,0,77.433,0.949999999999818,""
"H7_G1-2-2-2-2-2-3_lambda8",7,"1,2,2,2,2,2,3",8,2,-9225.3473390976,32025,-0.288067051962454,0.883341139734582,0.0872209049669914,TRUE,0,63.0450000000001,1.4389999999994,""
"H7_G1-2-2-2-2-2-3_lambda8",7,"1,2,2,2,2,2,3",8,3,-10440.5838671072,30744,-0.339597445586366,0.850149622690606,0.106233004591497,TRUE,0,61.7560000000003,1.48400000000038,""
"H7_G1-2-2-2-2-2-3_lambda8",7,"1,2,2,2,2,2,3",8,4,-9264.19069430612,30744,-0.301333290863457,0.871584699453552,0.092435317727327,TRUE,0,77.6459999999997,0.949999999999818,""
"H7_G1-2-2-2-2-2-3_lambda8",7,"1,2,2,2,2,2,3",8,5,-9351.78206957843,30744,-0.304182346785663,0.872300286234712,0.0931809630914474,TRUE,0,62.1570000000002,1.46600000000035,""
"H7_G1-2-2-2-2-3-3_lambda0",7,"1,2,2,2,2,3,3",0,1,-33142.3284372649,32025,-1.03488925643294,0.843185011709602,0.125718543648166,TRUE,0,195.648,2.05999999999949,""
"H7_G1-2-2-2-2-3-3_lambda0",7,"1,2,2,2,2,3,3",0,2,-22187.984960955,32025,-0.692833254050118,0.870725995316159,0.101381052468138,TRUE,0,174.828,1.84900000000016,""
"H7_G1-2-2-2-2-3-3_lambda0",7,"1,2,2,2,2,3,3",0,3,-27380.5042886047,30744,-0.890596678656151,0.844652615144418,0.121056885593223,TRUE,0,159.653,2.05000000000018,""
"H7_G1-2-2-2-2-3-3_lambda0",7,"1,2,2,2,2,3,3",0,4,-24897.2801389915,30744,-0.809825661559703,0.863030184751496,0.108385342543753,TRUE,0,191.102000000001,1.90999999999985,""
"H7_G1-2-2-2-2-3-3_lambda0",7,"1,2,2,2,2,3,3",0,5,-25930.9620617546,30744,-0.843447894280335,0.866152745251106,0.106986925548169,TRUE,0,172.255,2.06700000000001,""
"H7_G1-2-2-2-2-3-3_lambda1",7,"1,2,2,2,2,3,3",1,1,-11423.4057606324,32025,-0.356702755991643,0.857892271662763,0.103669962276372,TRUE,0,68.3830000000007,1.35099999999966,""
"H7_G1-2-2-2-2-3-3_lambda1",7,"1,2,2,2,2,3,3",1,2,-9772.5177014901,32025,-0.305152777564094,0.87984387197502,0.088699875554832,TRUE,0,57.9380000000001,1.76999999999953,""
"H7_G1-2-2-2-2-3-3_lambda1",7,"1,2,2,2,2,3,3",1,3,-10813.0496266357,30744,-0.351712517129706,0.85548399687744,0.10347279241513,TRUE,0,52.1350000000002,2.10699999999997,""
"H7_G1-2-2-2-2-3-3_lambda1",7,"1,2,2,2,2,3,3",1,4,-10084.1044105673,30744,-0.328002355274762,0.873308613062711,0.0938075154533383,TRUE,0,53.0160000000005,2.1299999999992,""
"H7_G1-2-2-2-2-3-3_lambda1",7,"1,2,2,2,2,3,3",1,5,-9680.08810050563,30744,-0.314861049326881,0.879911527452511,0.089564297480055,TRUE,0,69.0540000000001,1.22000000000025,""
"H7_G1-2-2-2-2-3-3_lambda12",7,"1,2,2,2,2,3,3",12,1,-11097.8925748702,32025,-0.346538409832012,0.849555035128806,0.107895332347854,TRUE,0,62.9759999999997,1.2519999999995,""
"H7_G1-2-2-2-2-3-3_lambda12",7,"1,2,2,2,2,3,3",12,2,-9455.71573030304,32025,-0.295260444349822,0.879781420765027,0.08912023991043,TRUE,0,73.9889999999996,0.746000000000095,""
"H7_G1-2-2-2-2-3-3_lambda12",7,"1,2,2,2,2,3,3",12,3,-10638.893068615,30744,-0.346047783912795,0.846051262034869,0.108408200283817,TRUE,0,65.7130000000006,0.72400000000016,""
"H7_G1-2-2-2-2-3-3_lambda12",7,"1,2,2,2,2,3,3",12,4,-9495.89278093201,30744,-0.308869788606948,0.871487119437939,0.0939601510144768,TRUE,0,76.1480000000001,0.548999999999978,""
"H7_G1-2-2-2-2-3-3_lambda12",7,"1,2,2,2,2,3,3",12,5,-9602.78514005044,30744,-0.312346641297503,0.86803929221962,0.0955969567526708,TRUE,0,58.7290000000003,0.967999999999847,""
"H7_G1-2-2-2-2-3-3_lambda2",7,"1,2,2,2,2,3,3",2,1,-10746.4679540415,32025,-0.335564963436111,0.859828259172521,0.101266387888444,TRUE,0,61.0509999999995,1.05600000000049,""
"H7_G1-2-2-2-2-3-3_lambda2",7,"1,2,2,2,2,3,3",2,2,-9357.42383371517,32025,-0.292191220412652,0.881904761904762,0.0872120274350873,TRUE,0,53.4809999999998,1.85199999999986,""
"H7_G1-2-2-2-2-3-3_lambda2",7,"1,2,2,2,2,3,3",2,3,-10211.4051889547,30744,-0.332143025922284,0.85828129065834,0.101170046200885,TRUE,0,52.3559999999998,1.98500000000058,""
"H7_G1-2-2-2-2-3-3_lambda2",7,"1,2,2,2,2,3,3",2,4,-9418.65075790535,30744,-0.306357362669313,0.875227686703097,0.091578710083546,TRUE,0,56,1.57700000000023,""
"H7_G1-2-2-2-2-3-3_lambda2",7,"1,2,2,2,2,3,3",2,5,-9136.48208141364,30744,-0.297179354716811,0.881245120999219,0.0880231375595295,TRUE,0,50.2929999999997,1.90300000000025,""
"H7_G1-2-2-2-2-3-3_lambda4",7,"1,2,2,2,2,3,3",4,1,-10502.8041435258,32025,-0.327956413537105,0.858891491022639,0.101228672625823,TRUE,0,57.0290000000005,1.55999999999949,""
"H7_G1-2-2-2-2-3-3_lambda4",7,"1,2,2,2,2,3,3",4,2,-9198.34637950394,32025,-0.287223930663667,0.881779859484778,0.0871790846212285,TRUE,0,53.0999999999995,1.84000000000015,""
"H7_G1-2-2-2-2-3-3_lambda4",7,"1,2,2,2,2,3,3",4,3,-10225.5110645346,30744,-0.332601843108724,0.854703356752537,0.102553202321203,TRUE,0,58.3279999999995,1.16499999999996,""
"H7_G1-2-2-2-2-3-3_lambda4",7,"1,2,2,2,2,3,3",4,4,-9309.83716621743,30744,-0.302818018677382,0.87324355971897,0.0921985239926756,TRUE,0,60.6940000000004,1.10599999999977,""
"H7_G1-2-2-2-2-3-3_lambda4",7,"1,2,2,2,2,3,3",4,5,-9114.3982368622,30744,-0.296461040751438,0.879293520686963,0.0889089941678806,TRUE,0,57.1350000000002,1.46699999999964,""
"H7_G1-2-2-2-2-3-3_lambda8",7,"1,2,2,2,2,3,3",8,1,-10628.19313998,32025,-0.33187176081124,0.857080405932865,0.103190381088799,TRUE,0,70.634,0.819999999999709,""
"H7_G1-2-2-2-2-3-3_lambda8",7,"1,2,2,2,2,3,3",8,2,-9233.22891576133,32025,-0.288313158962102,0.881967213114754,0.0873895535022633,TRUE,0,57.8580000000002,1.20799999999963,""
"H7_G1-2-2-2-2-3-3_lambda8",7,"1,2,2,2,2,3,3",8,3,-10500.3406237643,30744,-0.341541134002221,0.846669268800416,0.107159215770949,TRUE,0,56.1800000000003,1.44599999999991,""
"H7_G1-2-2-2-2-3-3_lambda8",7,"1,2,2,2,2,3,3",8,4,-9236.82322396136,30744,-0.300443118135615,0.873536299765808,0.0920916349307424,TRUE,0,70.0809999999992,0.79700000000048,""
"H7_G1-2-2-2-2-3-3_lambda8",7,"1,2,2,2,2,3,3",8,5,-9143.26466652965,30744,-0.297399969637316,0.87604085349987,0.090522921061888,TRUE,0,74.2980000000007,0.77599999999984,""
"H7_G1-2-2-2-3-3-3_lambda0",7,"1,2,2,2,3,3,3",0,1,-32618.2673057235,32025,-1.01852513054562,0.843965651834504,0.125006057340328,TRUE,0,201.209000000001,2.18499999999949,""
"H7_G1-2-2-2-3-3-3_lambda0",7,"1,2,2,2,3,3,3",0,2,-23452.7011950288,32025,-0.732324783607455,0.870007806401249,0.103149203403212,TRUE,0,194.427,2.02500000000055,""
"H7_G1-2-2-2-3-3-3_lambda0",7,"1,2,2,2,3,3,3",0,3,-26669.2312299534,30744,-0.867461333266765,0.845107988550612,0.119676890562626,TRUE,0,163.876,1.92699999999968,""
"H7_G1-2-2-2-3-3-3_lambda0",7,"1,2,2,2,3,3,3",0,4,-23581.468680914,30744,-0.7670266940188,0.8655997918293,0.10603021987866,TRUE,0,167.656,1.88000000000011,""
"H7_G1-2-2-2-3-3-3_lambda0",7,"1,2,2,2,3,3,3",0,5,-24722.273417957,30744,-0.804133275369405,0.867453812125943,0.10473769880764,TRUE,0,157.235,1.99300000000039,""
"H7_G1-2-2-2-3-3-3_lambda1",7,"1,2,2,2,3,3,3",1,1,-11324.3755826318,32025,-0.353610478770704,0.857548790007806,0.103145675248475,TRUE,0,68.4650000000001,1.30100000000039,""
"H7_G1-2-2-2-3-3-3_lambda1",7,"1,2,2,2,3,3,3",1,2,-9732.52657614612,32025,-0.303904030480753,0.880374707259953,0.0884256441856013,TRUE,0,61.4449999999997,1.48599999999988,""
"H7_G1-2-2-2-3-3-3_lambda1",7,"1,2,2,2,3,3,3",1,3,-10637.9062260292,30744,-0.34601568520782,0.855223783502472,0.102999058955453,TRUE,0,50.3450000000003,2.40800000000036,""
"H7_G1-2-2-2-3-3-3_lambda1",7,"1,2,2,2,3,3,3",1,4,-9913.034029565,30744,-0.322438005125065,0.873471246422066,0.092987172978876,TRUE,0,59.7609999999995,1.73199999999997,""
"H7_G1-2-2-2-3-3-3_lambda1",7,"1,2,2,2,3,3,3",1,5,-9643.46130931869,30744,-0.313669701708258,0.880009107468124,0.0892471258355306,TRUE,0,62.2739999999994,1.35500000000047,""
"H7_G1-2-2-2-3-3-3_lambda12",7,"1,2,2,2,3,3,3",12,1,-10949.1180724302,32025,-0.34189283598533,0.850647931303669,0.106579895742692,TRUE,0,59.9189999999999,1.3720000000003,""
"H7_G1-2-2-2-3-3-3_lambda12",7,"1,2,2,2,3,3,3",12,2,-9449.91652862826,32025,-0.295079360769032,0.880031225604996,0.0890570017831174,TRUE,0,74.3320000000003,0.83600000000024,""
"H7_G1-2-2-2-3-3-3_lambda12",7,"1,2,2,2,3,3,3",12,3,-10814.0044720608,30744,-0.351743575073536,0.843384074941452,0.110588869796299,TRUE,0,58.2849999999999,1.33700000000044,""
"H7_G1-2-2-2-3-3-3_lambda12",7,"1,2,2,2,3,3,3",12,4,-9470.31669778983,30744,-0.308037883742839,0.871129326047359,0.0937971630554668,TRUE,0,70.3710000000001,0.957999999999629,""
"H7_G1-2-2-2-3-3-3_lambda12",7,"1,2,2,2,3,3,3",12,5,-9594.88701437762,30744,-0.312089741555348,0.868787405672652,0.0955113895955954,TRUE,0,61.0500000000002,1.31899999999951,""
"H7_G1-2-2-2-3-3-3_lambda2",7,"1,2,2,2,3,3,3",2,1,-10773.2783009141,32025,-0.336402132737364,0.858266978922717,0.101866021174322,TRUE,0,72.3020000000006,1.1239999999998,""
"H7_G1-2-2-2-3-3-3_lambda2",7,"1,2,2,2,3,3,3",2,2,-9355.79609804921,32025,-0.292140393381708,0.881873536299766,0.0870447966048476,TRUE,0,55.4589999999998,1.9350000000004,""
"H7_G1-2-2-2-3-3-3_lambda2",7,"1,2,2,2,3,3,3",2,3,-10206.6435750143,30744,-0.331988146468067,0.856817590424148,0.101477343054094,TRUE,0,50.7210000000005,2.19200000000001,""
"H7_G1-2-2-2-3-3-3_lambda2",7,"1,2,2,2,3,3,3",2,4,-9469.49998844227,30744,-0.308011318905877,0.874447046578194,0.0918515619872468,TRUE,0,108.097,1.27800000000025,""
"H7_G1-2-2-2-3-3-3_lambda2",7,"1,2,2,2,3,3,3",2,5,-9264.85442037883,30744,-0.301354879663636,0.881245120999219,0.0882392321140514,TRUE,0,70.4740000000002,1.39599999999973,""
"H7_G1-2-2-2-3-3-3_lambda4",7,"1,2,2,2,3,3,3",4,1,-10482.5211663473,32025,-0.327323065303584,0.859078844652615,0.101321618430902,TRUE,0,65.8960000000006,1.61199999999917,""
"H7_G1-2-2-2-3-3-3_lambda4",7,"1,2,2,2,3,3,3",4,2,-9199.36872247345,32025,-0.287255853941404,0.882154566744731,0.0871743096526821,TRUE,0,68.4300000000003,1.29399999999987,""
"H7_G1-2-2-2-3-3-3_lambda4",7,"1,2,2,2,3,3,3",4,3,-10234.9590377614,30744,-0.332909154233716,0.853467343221442,0.103509710796838,TRUE,0,56.6469999999999,2.53699999999935,""
"H7_G1-2-2-2-3-3-3_lambda4",7,"1,2,2,2,3,3,3",4,4,-9222.23284019439,30744,-0.299968541510356,0.875195160031226,0.0913548260482352,TRUE,0,65.402,1.92699999999968,""
"H7_G1-2-2-2-3-3-3_lambda4",7,"1,2,2,2,3,3,3",4,5,-9264.30038731411,30744,-0.301336858811934,0.876366120218579,0.0905379947602184,FALSE,0,81.8519999999999,1.10599999999977,""
"H7_G1-2-2-2-3-3-3_lambda8",7,"1,2,2,2,3,3,3",8,1,-10642.8729019498,32025,-0.332330145259946,0.856018735362998,0.103370029997779,TRUE,0,79.1680000000006,1.25,""
"H7_G1-2-2-2-3-3-3_lambda8",7,"1,2,2,2,3,3,3",8,2,-9359.82260932023,32025,-0.29226612363217,0.880811865729899,0.0886725297582953,TRUE,0,64.9759999999997,1.86999999999989,""
"H7_G1-2-2-2-3-3-3_lambda8",7,"1,2,2,2,3,3,3",8,3,-10362.2292994184,30744,-0.337048832273563,0.851157949518605,0.10511379835099,TRUE,0,120.419999999999,1.15300000000025,""
"H7_G1-2-2-2-3-3-3_lambda8",7,"1,2,2,2,3,3,3",8,4,-9244.3052783956,30744,-0.300686484465118,0.872137652875358,0.0922428953915952,TRUE,0,67.5919999999996,1.5010000000002,""
"H7_G1-2-2-2-3-3-3_lambda8",7,"1,2,2,2,3,3,3",8,5,-9359.71828284732,30744,-0.304440485390558,0.870869112672391,0.093121403173214,TRUE,0,60.8240000000005,1.76599999999962,""
"H7_G1-2-2-3-3-3-3_lambda0",7,"1,2,2,3,3,3,3",0,1,-32995.4661474293,32025,-1.03030339258171,0.844246682279469,0.124980313405758,TRUE,0,226.172,2.35299999999916,""
"H7_G1-2-2-3-3-3-3_lambda0",7,"1,2,2,3,3,3,3",0,2,-23036.9570532252,32025,-0.719342921256056,0.869320843091335,0.103356025530448,TRUE,0,217.543000000001,2.14399999999841,""
"H7_G1-2-2-3-3-3-3_lambda0",7,"1,2,2,3,3,3,3",0,3,-27854.0534453762,30744,-0.905999656693214,0.845075461878741,0.120648738234775,TRUE,0,202.479,2.26000000000022,""
"H7_G1-2-2-3-3-3-3_lambda0",7,"1,2,2,3,3,3,3",0,4,-24171.9233851923,30744,-0.78623222043951,0.863908404892011,0.107119707796848,TRUE,0,203.525,1.97199999999975,""
"H7_G1-2-2-3-3-3-3_lambda0",7,"1,2,2,3,3,3,3",0,5,-25846.4528585694,30744,-0.840699091158257,0.866250325266719,0.1070248056226,TRUE,0,194.366,2.42300000000068,""
"H7_G1-2-2-3-3-3-3_lambda1",7,"1,2,2,3,3,3,3",1,1,-11376.2738341225,32025,-0.355231033071742,0.859141295862607,0.103255822706122,TRUE,0,64.5799999999999,2.22100000000046,""
"H7_G1-2-2-3-3-3-3_lambda1",7,"1,2,2,3,3,3,3",1,2,-9771.58869321395,32025,-0.305123768718624,0.880062451209992,0.088791726645067,TRUE,0,69.0380000000005,1.83299999999872,""
"H7_G1-2-2-3-3-3-3_lambda1",7,"1,2,2,3,3,3,3",1,3,-10638.7604706542,30744,-0.346043470942434,0.856980223783502,0.102796937773329,TRUE,0,60.0689999999995,2.97600000000057,""
"H7_G1-2-2-3-3-3-3_lambda1",7,"1,2,2,3,3,3,3",1,4,-9888.04594064922,30744,-0.32162522575622,0.874707259953162,0.0923947022723488,TRUE,0,77.4860000000008,0.927999999999884,""
"H7_G1-2-2-3-3-3-3_lambda1",7,"1,2,2,3,3,3,3",1,5,-9738.63284117616,30744,-0.31676531489644,0.880366900858704,0.0895806723726563,TRUE,0,71.0990000000002,1.34400000000096,""
"H7_G1-2-2-3-3-3-3_lambda12",7,"1,2,2,3,3,3,3",12,1,-10938.2372607712,32025,-0.341553076058431,0.850179547228728,0.106381426318714,TRUE,0,66.4269999999997,1.47600000000057,""
"H7_G1-2-2-3-3-3-3_lambda12",7,"1,2,2,3,3,3,3",12,2,-9461.75069897129,32025,-0.29544888989762,0.881592505854801,0.0891113650026862,TRUE,0,61.0929999999989,2.71900000000096,""
"H7_G1-2-2-3-3-3-3_lambda12",7,"1,2,2,3,3,3,3",12,3,-10657.3595848265,30744,-0.346648438226206,0.848328129065834,0.108380029809034,TRUE,0,76.3759999999984,0.779000000000451,""
"H7_G1-2-2-3-3-3-3_lambda12",7,"1,2,2,3,3,3,3",12,4,-9534.78054882864,30744,-0.310134678273115,0.870771532656779,0.0945991359017588,TRUE,0,70.737000000001,1.34900000000016,""
"H7_G1-2-2-3-3-3-3_lambda12",7,"1,2,2,3,3,3,3",12,5,-9564.57312591749,30744,-0.311103731652273,0.868332032266458,0.0950535041139603,TRUE,0,76.3639999999996,0.810999999999694,""
"H7_G1-2-2-3-3-3-3_lambda2",7,"1,2,2,3,3,3,3",2,1,-10673.4637595098,32025,-0.333285363294608,0.860046838407494,0.100914628138199,TRUE,0,71.8790000000008,1.13600000000042,""
"H7_G1-2-2-3-3-3-3_lambda2",7,"1,2,2,3,3,3,3",2,2,-9339.07899462341,32025,-0.291618391713455,0.881935987509758,0.0870731246318149,TRUE,0,63.0159999999996,2.16500000000087,""
"H7_G1-2-2-3-3-3-3_lambda2",7,"1,2,2,3,3,3,3",2,3,-10268.5647657418,30744,-0.33400223672072,0.857207910486599,0.101647880530453,TRUE,0,64.0549999999985,2.18400000000111,""
"H7_G1-2-2-3-3-3-3_lambda2",7,"1,2,2,3,3,3,3",2,4,-9400.53574924032,30744,-0.305768141726526,0.875585480093677,0.0911976946806014,TRUE,0,70.3250000000007,1.50099999999838,""
"H7_G1-2-2-3-3-3-3_lambda2",7,"1,2,2,3,3,3,3",2,5,-9199.57095612017,30744,-0.299231425843097,0.881375227686703,0.0880642586359136,TRUE,0,69.7929999999997,1.6190000000006,""
"H7_G1-2-2-3-3-3-3_lambda4",7,"1,2,2,3,3,3,3",4,1,-10481.3972559794,32025,-0.327287970522387,0.858922716627635,0.101116805801897,TRUE,0,70.4750000000004,1.46399999999994,""
"H7_G1-2-2-3-3-3-3_lambda4",7,"1,2,2,3,3,3,3",4,2,-9241.63643937531,32025,-0.288575688973468,0.88128024980484,0.0876706375477463,FALSE,0,86.7780000000002,0.881000000001222,""
"H7_G1-2-2-3-3-3-3_lambda4",7,"1,2,2,3,3,3,3",4,3,-10148.2063946467,30744,-0.330087379477188,0.85444314337757,0.102636241833442,TRUE,0,62.7469999999994,2.23099999999977,""
"H7_G1-2-2-3-3-3-3_lambda4",7,"1,2,2,3,3,3,3",4,4,-9220.4516416891,30744,-0.299910605051038,0.873308613062711,0.0913642025455964,TRUE,0,69.0160000000014,1.82799999999952,""
"H7_G1-2-2-3-3-3-3_lambda4",7,"1,2,2,3,3,3,3",4,5,-9117.85044869424,30744,-0.296573329712927,0.878187613843352,0.0891567141400053,TRUE,0,69.0169999999998,1.94100000000071,""
"H7_G1-2-2-3-3-3-3_lambda8",7,"1,2,2,3,3,3,3",8,1,-10678.1665634356,32025,-0.333432211192369,0.855737704918033,0.103925487570139,TRUE,0,82.1610000000001,1.20900000000074,""
"H7_G1-2-2-3-3-3-3_lambda8",7,"1,2,2,3,3,3,3",8,2,-9209.11400488327,32025,-0.287560156280508,0.882529274004684,0.087076733347666,TRUE,0,82.9400000000005,1.16100000000006,""
"H7_G1-2-2-3-3-3-3_lambda8",7,"1,2,2,3,3,3,3",8,3,-10470.8513442129,30744,-0.340581945882544,0.848458235753318,0.106768254017314,TRUE,0,61.3799999999992,2.26500000000124,""
"H7_G1-2-2-3-3-3-3_lambda8",7,"1,2,2,3,3,3,3",8,4,-9320.04664106196,30744,-0.303150098915624,0.871291959406714,0.0930313241320849,TRUE,0,71.378999999999,1.42300000000068,""
"H7_G1-2-2-3-3-3-3_lambda8",7,"1,2,2,3,3,3,3",8,5,-9415.22553320796,30744,-0.306245951509496,0.870511319281811,0.0935708063065771,TRUE,0,72.759,1.82500000000073,""
"H7_G1-2-3-3-3-3-3_lambda0",7,"1,2,3,3,3,3,3",0,1,-33532.475154272,32025,-1.04707182370873,0.845776736924278,0.123602789345626,TRUE,0,216.923000000001,2.40699999999924,""
"H7_G1-2-3-3-3-3-3_lambda0",7,"1,2,3,3,3,3,3",0,2,-24030.2741902296,32025,-0.75035984981201,0.866760343481655,0.105228948834043,TRUE,0,227.777,2.24799999999959,""
"H7_G1-2-3-3-3-3-3_lambda0",7,"1,2,3,3,3,3,3",0,3,-26351.1785779103,30744,-0.857116139016079,0.843969555035129,0.119986756485529,FALSE,0,168.237000000001,2.68599999999969,""
"H7_G1-2-3-3-3-3-3_lambda0",7,"1,2,3,3,3,3,3",0,4,-24245.5010848779,30744,-0.788625458134202,0.863940931563882,0.107419593474554,TRUE,0,209.763999999999,2.19100000000071,""
"H7_G1-2-3-3-3-3-3_lambda0",7,"1,2,3,3,3,3,3",0,5,-25240.7000653705,30744,-0.820995968818971,0.866478011969815,0.10606081288028,TRUE,0,193.205,2.17599999999948,""
"H7_G1-2-3-3-3-3-3_lambda1",7,"1,2,3,3,3,3,3",1,1,-11416.5891367414,32025,-0.356489902786615,0.858391881342701,0.103297491766243,TRUE,0,71.9260000000013,2.17599999999948,""
"H7_G1-2-3-3-3-3-3_lambda1",7,"1,2,3,3,3,3,3",1,2,-9753.98411781442,32025,-0.304574055201075,0.88015612802498,0.0885568001084085,TRUE,0,67.4130000000005,2.6239999999998,""
"H7_G1-2-3-3-3-3-3_lambda1",7,"1,2,3,3,3,3,3",1,3,-10674.3519460142,30744,-0.34720114318287,0.855353890189956,0.103345754266931,TRUE,0,67.0860000000011,2.6989999999987,""
"H7_G1-2-3-3-3-3-3_lambda1",7,"1,2,3,3,3,3,3",1,4,-9917.39302449645,30744,-0.322579788722887,0.874186833203227,0.0924653773245064,TRUE,0,77.9740000000002,1.73300000000017,""
"H7_G1-2-3-3-3-3-3_lambda1",7,"1,2,3,3,3,3,3",1,5,-9617.52517222418,30744,-0.312826085487385,0.879488680718189,0.0891380498307394,TRUE,0,74.5390000000007,1.78299999999945,""
"H7_G1-2-3-3-3-3-3_lambda12",7,"1,2,3,3,3,3,3",12,1,-11071.6943063959,32025,-0.345720353049053,0.849992193598751,0.107671464298383,TRUE,0,63.6880000000001,2.65300000000025,""
"H7_G1-2-3-3-3-3-3_lambda12",7,"1,2,3,3,3,3,3",12,2,-9524.90177306069,32025,-0.297420820392215,0.879812646370023,0.0898388731411677,TRUE,0,73.6330000000016,1.51599999999962,""
"H7_G1-2-3-3-3-3-3_lambda12",7,"1,2,3,3,3,3,3",12,3,-10717.4825150922,30744,-0.348604037050877,0.84504293520687,0.109373094902528,TRUE,0,72.6549999999988,1.30600000000049,""
"H7_G1-2-3-3-3-3-3_lambda12",7,"1,2,3,3,3,3,3",12,4,-9495.83859801107,30744,-0.308868026216857,0.87080405932865,0.0945025427459711,TRUE,0,71.6219999999994,1.66300000000047,""
"H7_G1-2-3-3-3-3-3_lambda12",7,"1,2,3,3,3,3,3",12,5,-9512.23171139724,30744,-0.309401239636913,0.870316159250585,0.0942472256612405,TRUE,0,91.003999999999,0.986000000000786,""
"H7_G1-2-3-3-3-3-3_lambda2",7,"1,2,3,3,3,3,3",2,1,-10800.387326839,32025,-0.337248628472723,0.85992193598751,0.101683261475512,TRUE,0,75.643,1.16600000000108,""
"H7_G1-2-3-3-3-3-3_lambda2",7,"1,2,3,3,3,3,3",2,2,-9247.08613124361,32025,-0.288745858899098,0.882622950819672,0.0865013277093619,TRUE,0,67.5489999999991,2.67000000000007,""
"H7_G1-2-3-3-3-3-3_lambda2",7,"1,2,3,3,3,3,3",2,3,-10175.3549169202,30744,-0.33097043055296,0.858151183970856,0.101555363424307,TRUE,0,66.5659999999989,2.70900000000074,""
"H7_G1-2-3-3-3-3-3_lambda2",7,"1,2,3,3,3,3,3",2,4,-9534.61625071561,30744,-0.310129334202303,0.87291829300026,0.0926891886018147,TRUE,0,73.4810000000016,1.39199999999983,""
"H7_G1-2-3-3-3-3-3_lambda2",7,"1,2,3,3,3,3,3",2,5,-9317.30527218103,30744,-0.303060931309557,0.880171740827479,0.0894464676331904,TRUE,0,92.7200000000012,0.941999999999098,""
"H7_G1-2-3-3-3-3-3_lambda4",7,"1,2,3,3,3,3,3",4,1,-10458.6372234137,32025,-0.326577274735791,0.85823575331772,0.100973092637528,TRUE,0,73.491,1.41699999999946,""
"H7_G1-2-3-3-3-3-3_lambda4",7,"1,2,3,3,3,3,3",4,2,-9189.68423356138,32025,-0.286953449916046,0.881717408274785,0.08718489348085,TRUE,0,65.255000000001,2.86399999999958,""
"H7_G1-2-3-3-3-3-3_lambda4",7,"1,2,3,3,3,3,3",4,3,-10206.477158582,30744,-0.331982733495381,0.85376008326828,0.10317750957807,TRUE,0,84.7389999999996,1.00400000000081,""
"H7_G1-2-3-3-3-3-3_lambda4",7,"1,2,3,3,3,3,3",4,4,-9276.73170807461,30744,-0.301741208303233,0.873438719750195,0.0919976447480062,TRUE,0,71.478000000001,1.85499999999956,""
"H7_G1-2-3-3-3-3-3_lambda4",7,"1,2,3,3,3,3,3",4,5,-9195.14277451451,30744,-0.299087391833025,0.878252667187093,0.0898497109563657,TRUE,0,63.5689999999995,2.77700000000004,""
"H7_G1-2-3-3-3-3-3_lambda8",7,"1,2,3,3,3,3,3",8,1,-10670.6346136078,32025,-0.333197021502194,0.854301327088212,0.103868169072726,TRUE,0,70.732,2.03399999999965,""
"H7_G1-2-3-3-3-3-3_lambda8",7,"1,2,3,3,3,3,3",8,2,-9161.37500384563,32025,-0.286069477091198,0.883309914129586,0.0865972874528053,TRUE,0,71.1470000000008,1.83599999999933,""
"H7_G1-2-3-3-3-3-3_lambda8",7,"1,2,3,3,3,3,3",8,3,-10449.7088964639,30744,-0.339894252422064,0.848978662503253,0.106519570208597,TRUE,0,56.6569999999992,3.03900000000067,""
"H7_G1-2-3-3-3-3-3_lambda8",7,"1,2,3,3,3,3,3",8,4,-9376.63776171536,30744,-0.304990819727926,0.870543845953682,0.0932930633304148,TRUE,0,76.1119999999992,1.01200000000063,""
"H7_G1-2-3-3-3-3-3_lambda8",7,"1,2,3,3,3,3,3",8,5,-9353.43601634779,30744,-0.304236144169522,0.871194379391101,0.0930941352312783,TRUE,0,70.1110000000008,1.96299999999974,""
"H7_G1-3-3-3-3-3-3_lambda0",7,"1,3,3,3,3,3,3",0,1,-32298.2976313316,32025,-1.00853388388233,0.846869633099141,0.123155131716786,TRUE,0,244.071,2.5049999999992,""
"H7_G1-3-3-3-3-3-3_lambda0",7,"1,3,3,3,3,3,3",0,2,-23525.8651805698,32025,-0.734609373319899,0.869352068696331,0.10330144662752,FALSE,0,233.859999999999,2.41200000000026,""
"H7_G1-3-3-3-3-3-3_lambda0",7,"1,3,3,3,3,3,3",0,3,-26093.8475575317,30744,-0.84874601735401,0.845173041894353,0.119253147708001,TRUE,0,186.954000000002,2.60299999999916,""
"H7_G1-3-3-3-3-3-3_lambda0",7,"1,3,3,3,3,3,3",0,4,-23718.1106831764,30744,-0.771471203590176,0.866315378610461,0.105588770526957,TRUE,0,216.894,2.16699999999946,""
"H7_G1-3-3-3-3-3-3_lambda0",7,"1,3,3,3,3,3,3",0,5,-25909.5139080316,30744,-0.842750257221949,0.865209471766849,0.107230220361843,TRUE,0,203.692000000001,2.39099999999962,""
"H7_G1-3-3-3-3-3-3_lambda1",7,"1,3,3,3,3,3,3",1,1,-11417.4157488834,32025,-0.356515714250848,0.858329430132709,0.103304659083993,TRUE,0,85.3119999999999,3.09799999999996,""
"H7_G1-3-3-3-3-3-3_lambda1",7,"1,3,3,3,3,3,3",1,2,-9724.84358745004,32025,-0.30366412451054,0.881467603434817,0.0881633832794959,TRUE,0,92.8510000000006,2.50300000000061,""
"H7_G1-3-3-3-3-3-3_lambda1",7,"1,3,3,3,3,3,3",1,3,-10653.4375840846,30744,-0.346520868594999,0.856752537080406,0.102937107119233,TRUE,0,71.098,4.20700000000033,""
"H7_G1-3-3-3-3-3-3_lambda1",7,"1,3,3,3,3,3,3",1,4,-9940.53751302768,30744,-0.323332601906963,0.87431693989071,0.0924060514470092,TRUE,0,94.518,2.49799999999959,""
"H7_G1-3-3-3-3-3-3_lambda1",7,"1,3,3,3,3,3,3",1,5,-9656.66074972464,30744,-0.314099035575223,0.878545407233932,0.090020347359916,FALSE,0,143.824999999999,1.39500000000044,""
"H7_G1-3-3-3-3-3-3_lambda12",7,"1,3,3,3,3,3,3",12,1,-10979.3542299897,32025,-0.342836978297883,0.850866510538642,0.106824669955858,TRUE,0,85.9860000000008,2.81500000000051,""
"H7_G1-3-3-3-3-3-3_lambda12",7,"1,3,3,3,3,3,3",12,2,-9500.73231307526,32025,-0.296666114381741,0.880499609679938,0.0896471084359755,TRUE,0,95.2489999999998,2.28600000000006,""
"H7_G1-3-3-3-3-3-3_lambda12",7,"1,3,3,3,3,3,3",12,3,-10801.9600049355,30744,-0.35135180864349,0.843481654957065,0.110413484126271,TRUE,0,78.5990000000002,2.82999999999993,""
"H7_G1-3-3-3-3-3-3_lambda12",7,"1,3,3,3,3,3,3",12,4,-9556.8851227753,30744,-0.310853666496725,0.868787405672652,0.0948869752278067,TRUE,0,79.1839999999993,2.73000000000138,""
"H7_G1-3-3-3-3-3-3_lambda12",7,"1,3,3,3,3,3,3",12,5,-9487.46654906771,30744,-0.30859571132799,0.870934166016133,0.0938344517499508,TRUE,0,98.473,1.65099999999984,""
"H7_G1-3-3-3-3-3-3_lambda2",7,"1,3,3,3,3,3,3",2,1,-10725.3366740188,32025,-0.33490512643306,0.858922716627635,0.101058472852097,TRUE,0,92.9639999999999,2.57500000000073,""
"H7_G1-3-3-3-3-3-3_lambda2",7,"1,3,3,3,3,3,3",2,2,-9332.75934204796,32025,-0.291421056738422,0.882466822794692,0.0870859045265717,TRUE,0,88.6080000000002,2.24499999999898,""
"H7_G1-3-3-3-3-3-3_lambda2",7,"1,3,3,3,3,3,3",2,3,-10334.7615280498,30744,-0.336155397087228,0.856720010408535,0.101913776090307,TRUE,0,77.7659999999996,3.60200000000077,""
"H7_G1-3-3-3-3-3-3_lambda2",7,"1,3,3,3,3,3,3",2,4,-9547.88622337013,30744,-0.310560962248573,0.873796513140775,0.0924504351447102,TRUE,0,76.5030000000006,2.95499999999993,""
"H7_G1-3-3-3-3-3-3_lambda2",7,"1,3,3,3,3,3,3",2,5,-9347.33708582486,30744,-0.304037766257639,0.879456154046318,0.0892673802994155,TRUE,0,81.6940000000013,2.01499999999942,""
"H7_G1-3-3-3-3-3-3_lambda4",7,"1,3,3,3,3,3,3",4,1,-10528.6248144799,32025,-0.328762679609052,0.858548009367681,0.101708007289735,TRUE,0,83.6740000000009,1.88400000000001,""
"H7_G1-3-3-3-3-3-3_lambda4",7,"1,3,3,3,3,3,3",4,2,-9185.60791225897,32025,-0.28682616431722,0.881249024199844,0.087169653042528,TRUE,0,80.6679999999997,2.41200000000026,""
"H7_G1-3-3-3-3-3-3_lambda4",7,"1,3,3,3,3,3,3",4,3,-10280.4001170677,30744,-0.334387201309775,0.850019516003123,0.104747960013554,TRUE,0,69.3809999999994,4.18499999999949,""
"H7_G1-3-3-3-3-3-3_lambda4",7,"1,3,3,3,3,3,3",4,4,-9383.95568012664,30744,-0.305228847258868,0.873373666406453,0.0927576689006367,TRUE,0,87.7780000000002,1.75699999999961,""
"H7_G1-3-3-3-3-3-3_lambda4",7,"1,3,3,3,3,3,3",4,5,-9190.3903700902,30744,-0.298932811933717,0.878610460577674,0.0897236945020185,FALSE,0,83.2700000000004,2.14199999999983,""
"H7_G1-3-3-3-3-3-3_lambda8",7,"1,3,3,3,3,3,3",8,1,-10741.2273188721,32025,-0.335401321432386,0.853270882123341,0.104540470603796,TRUE,0,89.1929999999993,1.59400000000096,""
"H7_G1-3-3-3-3-3-3_lambda8",7,"1,3,3,3,3,3,3",8,2,-9149.67390634076,32025,-0.28570410324249,0.884028103044497,0.0864315741223172,TRUE,0,79.3409999999985,2.61300000000119,""
"H7_G1-3-3-3-3-3-3_lambda8",7,"1,3,3,3,3,3,3",8,3,-10441.3510597579,30744,-0.339622399809975,0.848816029143898,0.106411813077325,TRUE,0,71.5500000000011,3.41399999999885,""
"H7_G1-3-3-3-3-3-3_lambda8",7,"1,3,3,3,3,3,3",8,4,-9383.7546792241,30744,-0.305222309368465,0.872072599531616,0.0931958733338448,TRUE,0,84.5599999999995,1.82600000000093,""
"H7_G1-3-3-3-3-3-3_lambda8",7,"1,3,3,3,3,3,3",8,5,-9289.30598838756,30744,-0.302150207792986,0.87464220660942,0.0916189753102938,TRUE,0,86.8040000000001,1.65200000000004,""
"H7_G2-2-2-2-2-2-2_lambda0",7,"2,2,2,2,2,2,2",0,1,-33166.855739083,32025,-1.03565513627113,0.845745511319282,0.123494004671103,TRUE,0,190.703,2.32799999999952,""
"H7_G2-2-2-2-2-2-2_lambda0",7,"2,2,2,2,2,2,2",0,2,-22727.3470654983,32025,-0.70967516207645,0.870444964871194,0.102651312584426,TRUE,0,202.633,1.82200000000012,""
"H7_G2-2-2-2-2-2-2_lambda0",7,"2,2,2,2,2,2,2",0,3,-28025.5263925143,30744,-0.911577100979516,0.84540072859745,0.120046271510797,TRUE,0,193.291000000001,2.1299999999992,""
"H7_G2-2-2-2-2-2-2_lambda0",7,"2,2,2,2,2,2,2",0,4,-25055.3174705894,30744,-0.814966089987947,0.86420114493885,0.108744153504595,TRUE,0,192.75,1.84600000000137,""
"H7_G2-2-2-2-2-2-2_lambda0",7,"2,2,2,2,2,2,2",0,5,-25510.5939568087,30744,-0.829774718865754,0.867453812125943,0.105622156463256,TRUE,0,193.512999999999,1.96800000000076,""
"H7_G2-2-2-2-2-2-2_lambda1",7,"2,2,2,2,2,2,2",1,1,-11350.9975264905,32025,-0.354441765073863,0.85864168618267,0.103234065216478,TRUE,0,79.5640000000003,1.99599999999919,""
"H7_G2-2-2-2-2-2-2_lambda1",7,"2,2,2,2,2,2,2",1,2,-9711.80658780966,32025,-0.303257036309435,0.880780640124902,0.0884690689881352,TRUE,0,66.889000000001,1.40999999999985,""
"H7_G2-2-2-2-2-2-2_lambda1",7,"2,2,2,2,2,2,2",1,3,-10757.0490943323,30744,-0.349891006190876,0.856720010408535,0.10283342018754,TRUE,0,59.2340000000004,2.49499999999898,""
"H7_G2-2-2-2-2-2-2_lambda1",7,"2,2,2,2,2,2,2",1,4,-9990.55355395959,30744,-0.324959457258639,0.873308613062711,0.0935402671688416,TRUE,0,62.9609999999993,1.77100000000064,""
"H7_G2-2-2-2-2-2-2_lambda1",7,"2,2,2,2,2,2,2",1,5,-9661.89268814778,30744,-0.314269213119561,0.880106687483737,0.0895095836974035,TRUE,0,66.4889999999996,1.33799999999974,""
"H7_G2-2-2-2-2-2-2_lambda12",7,"2,2,2,2,2,2,2",12,1,-11033.9867352728,32025,-0.3445429113278,0.849492583918813,0.107438555982415,TRUE,0,72.5990000000002,0.671000000000276,""
"H7_G2-2-2-2-2-2-2_lambda12",7,"2,2,2,2,2,2,2",12,2,-9520.04459457734,32025,-0.297269152055498,0.880281030444965,0.0898500130429618,TRUE,0,79.6139999999996,0.662000000000262,""
"H7_G2-2-2-2-2-2-2_lambda12",7,"2,2,2,2,2,2,2",12,3,-10810.6027839377,30744,-0.351632929480148,0.844620088472547,0.110473156619408,TRUE,0,71.3770000000004,0.706000000000131,""
"H7_G2-2-2-2-2-2-2_lambda12",7,"2,2,2,2,2,2,2",12,4,-9574.45326903795,30744,-0.31142509982559,0.86908014571949,0.0949882040431494,TRUE,0,82.4649999999983,0.580000000001746,""
"H7_G2-2-2-2-2-2-2_lambda12",7,"2,2,2,2,2,2,2",12,5,-9595.78786430387,30744,-0.312119043205304,0.868364558938329,0.0953015813257129,TRUE,0,70.5570000000007,0.846999999999753,""
"H7_G2-2-2-2-2-2-2_lambda2",7,"2,2,2,2,2,2,2",2,1,-10740.0817898973,32025,-0.335365551597105,0.860015612802498,0.101249228069814,TRUE,0,66.7520000000004,1.378999999999,""
"H7_G2-2-2-2-2-2-2_lambda2",7,"2,2,2,2,2,2,2",2,2,-9253.11647879424,32025,-0.288934160149703,0.881811085089774,0.086673415867184,TRUE,0,61.0720000000001,2.09000000000015,""
"H7_G2-2-2-2-2-2-2_lambda2",7,"2,2,2,2,2,2,2",2,3,-10226.5700942184,30744,-0.332636289819749,0.857663283892792,0.101345101716951,TRUE,0,61.4169999999995,2.20700000000033,""
"H7_G2-2-2-2-2-2-2_lambda2",7,"2,2,2,2,2,2,2",2,4,-9448.22819492888,30744,-0.30731941825816,0.873406193078324,0.0920693052273194,TRUE,0,62.1310000000012,2.01800000000003,""
"H7_G2-2-2-2-2-2-2_lambda2",7,"2,2,2,2,2,2,2",2,5,-9183.66079442579,30744,-0.29871392123425,0.881180067655478,0.0881111365513603,TRUE,0,68.8149999999987,1.14099999999962,""
"H7_G2-2-2-2-2-2-2_lambda4",7,"2,2,2,2,2,2,2",4,1,-10585.9255662116,32025,-0.330551930248605,0.857580015612803,0.102056099681272,TRUE,0,64.7860000000001,1.33699999999953,""
"H7_G2-2-2-2-2-2-2_lambda4",7,"2,2,2,2,2,2,2",4,2,-9170.23840158171,32025,-0.286346242047828,0.88271662763466,0.0868713131291829,TRUE,0,61.9989999999998,1.88299999999981,""
"H7_G2-2-2-2-2-2-2_lambda4",7,"2,2,2,2,2,2,2",4,3,-10047.8719002321,30744,-0.326823832300029,0.856687483736664,0.101427157607713,TRUE,0,61.7510000000002,2.05299999999988,""
"H7_G2-2-2-2-2-2-2_lambda4",7,"2,2,2,2,2,2,2",4,4,-9235.98363164892,30744,-0.300415808991963,0.872397866250325,0.0919542713103111,TRUE,0,72.1629999999986,0.786000000000058,""
"H7_G2-2-2-2-2-2-2_lambda4",7,"2,2,2,2,2,2,2",4,5,-9246.86708270636,30744,-0.300769811433332,0.876138433515483,0.0904148628802771,TRUE,0,64.1119999999992,1.9369999999999,""
"H7_G2-2-2-2-2-2-2_lambda8",7,"2,2,2,2,2,2,2",8,1,-10744.569420948,32025,-0.335505680591664,0.85239656518345,0.104516118586465,TRUE,0,69.8999999999996,1.67199999999866,""
"H7_G2-2-2-2-2-2-2_lambda8",7,"2,2,2,2,2,2,2",8,2,-9245.03749355456,32025,-0.28868188894784,0.883809523809524,0.0872565059924236,TRUE,0,76.0120000000006,1.28399999999965,""
"H7_G2-2-2-2-2-2-2_lambda8",7,"2,2,2,2,2,2,2",8,3,-10414.0626981891,30744,-0.338734800227332,0.848100442362737,0.10632358038511,TRUE,0,70.393,1.76900000000023,""
"H7_G2-2-2-2-2-2-2_lambda8",7,"2,2,2,2,2,2,2",8,4,-9273.66222301286,30744,-0.301641368169817,0.872462919594067,0.0923175512698475,TRUE,0,90.1479999999992,0.831000000000131,""
"H7_G2-2-2-2-2-2-2_lambda8",7,"2,2,2,2,2,2,2",8,5,-9250.02324876957,30744,-0.30087247101124,0.873308613062711,0.0916936191169535,TRUE,0,76.1540000000005,1.21599999999853,""
"H7_G2-2-2-2-2-2-3_lambda0",7,"2,2,2,2,2,2,3",0,1,-31898.8024700351,32025,-0.996059405777834,0.846057767369243,0.122612316217494,TRUE,0,215.671,2.20300000000134,""
"H7_G2-2-2-2-2-2-3_lambda0",7,"2,2,2,2,2,2,3",0,2,-22643.0194283671,32025,-0.707041980589138,0.87047619047619,0.102658814737473,TRUE,0,197.978999999999,1.98000000000138,""
"H7_G2-2-2-2-2-2-3_lambda0",7,"2,2,2,2,2,2,3",0,3,-26673.7353706912,30744,-0.867607837974604,0.847124642206609,0.118541341482706,TRUE,0,173.319,2.19599999999991,""
"H7_G2-2-2-2-2-2-3_lambda0",7,"2,2,2,2,2,2,3",0,4,-25211.6647372983,30744,-0.820051546230103,0.862737444704658,0.109073249842244,TRUE,0,188.744000000001,1.80799999999908,""
"H7_G2-2-2-2-2-2-3_lambda0",7,"2,2,2,2,2,2,3",0,5,-25973.5807729274,30744,-0.844834139114214,0.866445485297944,0.106443998226212,TRUE,0,191.030999999999,1.91100000000006,""
"H7_G2-2-2-2-2-2-3_lambda1",7,"2,2,2,2,2,2,3",1,1,-11346.8560011805,32025,-0.354312443440453,0.85879781420765,0.103156969911502,TRUE,0,78.8950000000004,1.34299999999894,""
"H7_G2-2-2-2-2-2-3_lambda1",7,"2,2,2,2,2,2,3",1,2,-9711.89553231461,32025,-0.303259813655413,0.880780640124902,0.0884663933279383,TRUE,0,67.4300000000003,2.15500000000065,""
"H7_G2-2-2-2-2-2-3_lambda1",7,"2,2,2,2,2,2,3",1,3,-10758.3704474532,30744,-0.349933985410265,0.857207910486599,0.102851808431565,TRUE,0,62.8189999999995,2.57200000000012,""
"H7_G2-2-2-2-2-2-3_lambda1",7,"2,2,2,2,2,2,3",1,4,-9957.69936375099,30744,-0.323890819794138,0.873763986468905,0.0928564295591066,TRUE,0,74.6329999999998,1.60400000000118,""
"H7_G2-2-2-2-2-2-3_lambda1",7,"2,2,2,2,2,2,3",1,5,-9668.40049575957,30744,-0.314480890442349,0.880204267499349,0.0895213816383181,TRUE,0,70.8130000000001,1.92699999999968,""
"H7_G2-2-2-2-2-2-3_lambda12",7,"2,2,2,2,2,2,3",12,1,-11011.4437652584,32025,-0.343838993450692,0.850491803278689,0.107230796830766,TRUE,0,75.119999999999,1.13100000000122,""
"H7_G2-2-2-2-2-2-3_lambda12",7,"2,2,2,2,2,2,3",12,2,-9528.48373378491,32025,-0.297532669282901,0.88056206088993,0.0899266068285412,TRUE,0,87.5749999999989,0.954999999999927,""
"H7_G2-2-2-2-2-2-3_lambda12",7,"2,2,2,2,2,2,3",12,3,-10773.9682557559,30744,-0.350441330202832,0.843937028363258,0.110060975573839,TRUE,0,69.6710000000003,1.21199999999953,""
"H7_G2-2-2-2-2-2-3_lambda12",7,"2,2,2,2,2,2,3",12,4,-9455.72377329392,30744,-0.307563224476123,0.872462919594067,0.0935408496119881,TRUE,0,79.2690000000002,0.477999999999156,""
"H7_G2-2-2-2-2-2-3_lambda12",7,"2,2,2,2,2,2,3",12,5,-9602.84211527444,30744,-0.312348494511919,0.869242779078845,0.0954954677769088,TRUE,0,73.0069999999996,1.11099999999897,""
"H7_G2-2-2-2-2-2-3_lambda2",7,"2,2,2,2,2,2,3",2,1,-10756.0024188125,32025,-0.335862682866901,0.860140515222482,0.101370809318011,TRUE,0,71.5259999999998,1.39900000000125,""
"H7_G2-2-2-2-2-2-3_lambda2",7,"2,2,2,2,2,2,3",2,2,-9262.68615726791,32025,-0.289232979149662,0.881935987509758,0.0867582833380891,TRUE,0,64.0290000000005,2.15599999999904,""
"H7_G2-2-2-2-2-2-3_lambda2",7,"2,2,2,2,2,2,3",2,3,-10125.2905505079,30744,-0.329342003334242,0.858248763986469,0.101070617611063,FALSE,0,66.0869999999995,2.0619999999999,""
"H7_G2-2-2-2-2-2-3_lambda2",7,"2,2,2,2,2,2,3",2,4,-9492.3063926472,30744,-0.308753135332006,0.874251886546969,0.0920678353444774,TRUE,0,64.8690000000006,2.16300000000047,""
"H7_G2-2-2-2-2-2-3_lambda2",7,"2,2,2,2,2,2,3",2,5,-9155.02602691647,30744,-0.297782527547374,0.881863127764767,0.0881136821968366,TRUE,0,65.4570000000003,1.98899999999958,""
"H7_G2-2-2-2-2-2-3_lambda4",7,"2,2,2,2,2,2,3",4,1,-10521.4785961254,32025,-0.3285395346175,0.858891491022639,0.101414868417631,TRUE,0,63.2399999999998,2.23999999999978,""
"H7_G2-2-2-2-2-2-3_lambda4",7,"2,2,2,2,2,2,3",4,2,-9138.0941455774,32025,-0.285342518206945,0.882092115534738,0.0866975768093998,TRUE,0,55.7649999999994,2.38200000000143,""
"H7_G2-2-2-2-2-2-3_lambda4",7,"2,2,2,2,2,2,3",4,3,-10196.9516462496,30744,-0.331672900281343,0.853857663283893,0.103143117396097,TRUE,0,73.8339999999989,1.1880000000001,""
"H7_G2-2-2-2-2-2-3_lambda4",7,"2,2,2,2,2,2,3",4,4,-9213.48400804007,30744,-0.299683971117619,0.872755659640906,0.0916949691100394,TRUE,0,73.4660000000003,1.21299999999974,""
"H7_G2-2-2-2-2-2-3_lambda4",7,"2,2,2,2,2,2,3",4,5,-9239.25287133029,30744,-0.300522146478347,0.876463700234192,0.0904938254362293,TRUE,0,73.4549999999999,1.22899999999936,""
"H7_G2-2-2-2-2-2-3_lambda8",7,"2,2,2,2,2,2,3",8,1,-10767.7154725627,32025,-0.336228430056602,0.852864949258392,0.104772075368155,TRUE,0,74.0550000000003,0.997999999999593,""
"H7_G2-2-2-2-2-2-3_lambda8",7,"2,2,2,2,2,2,3",8,2,-9385.24205989406,32025,-0.293059861355006,0.881124121779859,0.0889856743532824,TRUE,0,69.4840000000004,1.28000000000065,""
"H7_G2-2-2-2-2-2-3_lambda8",7,"2,2,2,2,2,2,3",8,3,-10416.7246929431,30744,-0.338821386057217,0.84819802237835,0.106315484053794,TRUE,0,74.1049999999996,1.08699999999953,""
"H7_G2-2-2-2-2-2-3_lambda8",7,"2,2,2,2,2,2,3",8,4,-9338.50616653947,30744,-0.303750525843725,0.870153525891231,0.0933950789745207,TRUE,0,83.9040000000005,0.424999999999272,""
"H7_G2-2-2-2-2-2-3_lambda8",7,"2,2,2,2,2,2,3",8,5,-9240.90248200491,30744,-0.300575802823475,0.873763986468905,0.0915410661531461,TRUE,0,77.362000000001,0.764999999999418,""
"H7_G2-2-2-2-2-3-3_lambda0",7,"2,2,2,2,2,3,3",0,1,-31633.3633541424,32025,-0.987770908794455,0.848805620608899,0.120636721298834,TRUE,0,111.081,1.54000000000087,""
"H7_G2-2-2-2-2-3-3_lambda0",7,"2,2,2,2,2,3,3",0,2,-23027.133248224,32025,-0.71903616700153,0.868040593286495,0.104647773673435,TRUE,0,119.996000000001,1.39599999999882,""
"H7_G2-2-2-2-2-3-3_lambda0",7,"2,2,2,2,2,3,3",0,3,-28138.8005260656,30744,-0.915261531553006,0.846864428831642,0.119736696414254,TRUE,0,115.609,1.46699999999873,""
"H7_G2-2-2-2-2-3-3_lambda0",7,"2,2,2,2,2,3,3",0,4,-24414.7611554018,30744,-0.794130924908984,0.863485558157689,0.107834041142366,TRUE,0,107.129999999999,1.55299999999988,""
"H7_G2-2-2-2-2-3-3_lambda0",7,"2,2,2,2,2,3,3",0,5,-25410.6520781332,30744,-0.826523942171911,0.867193598750976,0.106104204067871,TRUE,0,109.328,1.5679999999993,""
"H7_G2-2-2-2-2-3-3_lambda1",7,"2,2,2,2,2,3,3",1,1,-11354.5476958294,32025,-0.35455262125931,0.858360655737705,0.103129143066638,TRUE,0,34.7710000000006,0.856999999999971,""
"H7_G2-2-2-2-2-3-3_lambda1",7,"2,2,2,2,2,3,3",1,2,-9730.89582598986,32025,-0.303853109320527,0.880624512099922,0.0886260197459776,TRUE,0,30.3420000000006,0.95299999999952,""
"H7_G2-2-2-2-2-3-3_lambda1",7,"2,2,2,2,2,3,3",1,3,-10791.9307427282,30744,-0.351025590122568,0.856752537080406,0.102912837457987,TRUE,0,24.6649999999991,1.19900000000052,""
"H7_G2-2-2-2-2-3-3_lambda1",7,"2,2,2,2,2,3,3",1,4,-9984.3470761926,30744,-0.324757581192837,0.874121779859485,0.0929004205170167,TRUE,0,29.3460000000014,1.00199999999859,""
"H7_G2-2-2-2-2-3-3_lambda1",7,"2,2,2,2,2,3,3",1,5,-9672.43877534256,30744,-0.314612242237268,0.880139214155608,0.0894757328387778,TRUE,0,29.4210000000003,0.949000000000524,""
"H7_G2-2-2-2-2-3-3_lambda12",7,"2,2,2,2,2,3,3",12,1,-11070.6590502185,32025,-0.345688026548588,0.849086651053864,0.107775709910755,TRUE,0,32.9340000000011,0.675999999999476,""
"H7_G2-2-2-2-2-3-3_lambda12",7,"2,2,2,2,2,3,3",12,2,-9536.84328363545,32025,-0.297793701284479,0.880093676814988,0.0900157176970238,TRUE,0,39.094000000001,0.686999999999898,""
"H7_G2-2-2-2-2-3-3_lambda12",7,"2,2,2,2,2,3,3",12,3,-10782.1909934978,30744,-0.350708788495245,0.843611761644549,0.110203005086063,TRUE,0,29.5699999999997,0.791999999999462,""
"H7_G2-2-2-2-2-3-3_lambda12",7,"2,2,2,2,2,3,3",12,4,-9488.04745624869,30744,-0.308614606305253,0.872462919594067,0.0940258516075844,TRUE,0,32.8829999999998,0.713999999999942,""
"H7_G2-2-2-2-2-3-3_lambda12",7,"2,2,2,2,2,3,3",12,5,-9602.28347028837,30744,-0.312330323649765,0.868071818891491,0.095423857019425,TRUE,0,29.5920000000006,0.777000000000044,""
"H7_G2-2-2-2-2-3-3_lambda2",7,"2,2,2,2,2,3,3",2,1,-10740.0805072339,32025,-0.335365511545165,0.859890710382514,0.101250770873292,TRUE,0,29.3149999999987,0.993000000000393,""
"H7_G2-2-2-2-2-3-3_lambda2",7,"2,2,2,2,2,3,3",2,2,-9324.60034031269,32025,-0.291166286973074,0.882123341139735,0.0869935849456758,TRUE,0,26.7849999999999,1.04600000000028,""
"H7_G2-2-2-2-2-3-3_lambda2",7,"2,2,2,2,2,3,3",2,3,-10249.4885775817,30744,-0.333381751807889,0.858216237314598,0.101320979062884,TRUE,0,26.6819999999989,1.11499999999978,""
"H7_G2-2-2-2-2-3-3_lambda2",7,"2,2,2,2,2,3,3",2,4,-9486.35690310075,30744,-0.308559618237729,0.874447046578194,0.0919434428122218,TRUE,0,30.719000000001,1.14999999999964,""
"H7_G2-2-2-2-2-3-3_lambda2",7,"2,2,2,2,2,3,3",2,5,-9217.85685134285,30744,-0.299826205156871,0.880757220921155,0.0884199068629776,FALSE,0,47.4380000000001,0.721999999999753,""
"H7_G2-2-2-2-2-3-3_lambda4",7,"2,2,2,2,2,3,3",4,1,-10579.6708148815,32025,-0.330356621854224,0.857486338797814,0.102028963829698,TRUE,0,29.7870000000003,1.13400000000001,""
"H7_G2-2-2-2-2-3-3_lambda4",7,"2,2,2,2,2,3,3",4,2,-9216.9193929088,32025,-0.287803884243835,0.882622950819672,0.0873235360541463,TRUE,0,33.1869999999999,0.960999999999331,""
"H7_G2-2-2-2-2-3-3_lambda4",7,"2,2,2,2,2,3,3",4,3,-10293.6811684996,30744,-0.334819189711801,0.852068696330991,0.104324243435254,TRUE,0,37.4639999999999,0.815999999998894,""
"H7_G2-2-2-2-2-3-3_lambda4",7,"2,2,2,2,2,3,3",4,4,-9241.81511164146,30744,-0.300605487628203,0.872105126203487,0.0919021003211394,TRUE,0,32.4189999999999,1.01400000000103,""
"H7_G2-2-2-2-2-3-3_lambda4",7,"2,2,2,2,2,3,3",4,5,-9081.28006467014,30744,-0.295383816831581,0.877764767109029,0.0890408418503436,TRUE,0,35.8180000000011,0.828999999999724,""
"H7_G2-2-2-2-2-3-3_lambda8",7,"2,2,2,2,2,3,3",8,1,-10697.821899133,32025,-0.33404596094092,0.855581576893052,0.104078553967716,TRUE,0,37.9320000000007,0.70299999999952,""
"H7_G2-2-2-2-2-3-3_lambda8",7,"2,2,2,2,2,3,3",8,2,-9344.55121767845,32025,-0.291789265189023,0.881654957064793,0.0886044995129108,TRUE,0,30.1720000000005,0.998999999999796,""
"H7_G2-2-2-2-2-3-3_lambda8",7,"2,2,2,2,2,3,3",8,3,-10462.5260011213,30744,-0.340311150179591,0.848295602393963,0.106820282370554,TRUE,0,34.5650000000005,0.869000000000597,""
"H7_G2-2-2-2-2-3-3_lambda8",7,"2,2,2,2,2,3,3",8,4,-9315.96311319471,30744,-0.303017275344611,0.870153525891231,0.0929581973036293,TRUE,0,48.8379999999997,0.576999999999316,""
"H7_G2-2-2-2-2-3-3_lambda8",7,"2,2,2,2,2,3,3",8,5,-9228.39185454114,30744,-0.300168873749061,0.874251886546969,0.0913572903743754,TRUE,0,31.8170000000009,0.994999999998981,""
"H7_G2-2-2-2-3-3-3_lambda0",7,"2,2,2,2,3,3,3",0,1,-32690.8385324548,32025,-1.02079121100561,0.848274785323966,0.122074933543454,TRUE,0,119.58,1.64599999999882,""
"H7_G2-2-2-2-3-3-3_lambda0",7,"2,2,2,2,3,3,3",0,2,-23509.5616948024,32025,-0.734100287113267,0.865542544886807,0.105939933521313,TRUE,0,119.268,1.46399999999994,""
"H7_G2-2-2-2-3-3-3_lambda0",7,"2,2,2,2,3,3,3",0,3,-28246.6264647753,30744,-0.918768750480591,0.84227816809784,0.122097643119569,TRUE,0,118.029999999999,1.57099999999991,""
"H7_G2-2-2-2-3-3-3_lambda0",7,"2,2,2,2,3,3,3",0,4,-24998.0955748384,30744,-0.813104852161018,0.862737444704658,0.108626301116182,TRUE,0,113.782000000001,1.49200000000019,""
"H7_G2-2-2-2-3-3-3_lambda0",7,"2,2,2,2,3,3,3",0,5,-26107.9064213989,30744,-0.849203305405897,0.865437158469945,0.108063301345322,TRUE,0,111.960000000001,1.61499999999978,""
"H7_G2-2-2-2-3-3-3_lambda1",7,"2,2,2,2,3,3,3",1,1,-11400.24055679,32025,-0.355979408486807,0.857798594847775,0.103395179035596,TRUE,0,38.3520000000008,0.911000000000058,""
"H7_G2-2-2-2-3-3-3_lambda1",7,"2,2,2,2,3,3,3",1,2,-9711.11303767916,32025,-0.303235379787015,0.880749414519906,0.0884567824789156,TRUE,0,32.9159999999993,1.01399999999921,""
"H7_G2-2-2-2-3-3-3_lambda1",7,"2,2,2,2,3,3,3",1,3,-10773.2036473043,30744,-0.350416460034617,0.856687483736664,0.102841718138591,TRUE,0,27.4800000000014,1.29299999999967,""
"H7_G2-2-2-2-3-3-3_lambda1",7,"2,2,2,2,3,3,3",1,4,-10008.9281643756,30744,-0.325557122182396,0.87395914650013,0.0929884739220093,TRUE,0,38.648000000001,0.706999999998516,""
"H7_G2-2-2-2-3-3-3_lambda1",7,"2,2,2,2,3,3,3",1,5,-9645.64708582051,30744,-0.313740797743316,0.880074160811866,0.0894520762698775,TRUE,0,33.1170000000002,0.95299999999952,""
"H7_G2-2-2-2-3-3-3_lambda12",7,"2,2,2,2,3,3,3",12,1,-11098.2800142623,32025,-0.346550507861431,0.84824355971897,0.108090929977417,TRUE,0,34.5750000000007,0.664999999999054,""
"H7_G2-2-2-2-3-3-3_lambda12",7,"2,2,2,2,3,3,3",12,2,-9495.5363065607,32025,-0.29650386593476,0.879781420765027,0.0895604243927913,TRUE,0,38.6219999999994,0.613999999999578,""
"H7_G2-2-2-2-3-3-3_lambda12",7,"2,2,2,2,3,3,3",12,3,-10780.5224302755,30744,-0.350654515686818,0.844164715066354,0.110189376005147,TRUE,0,28.5130000000008,1.00200000000041,""
"H7_G2-2-2-2-3-3-3_lambda12",7,"2,2,2,2,3,3,3",12,4,-9521.26311620817,30744,-0.309695001177731,0.87083658600052,0.0944075659050537,TRUE,0,34.9290000000001,0.613999999999578,""
"H7_G2-2-2-2-3-3-3_lambda12",7,"2,2,2,2,3,3,3",12,5,-9583.22164527421,30744,-0.311710305922268,0.868982565703877,0.0951956074889301,TRUE,0,32.5949999999993,0.858000000000175,""
"H7_G2-2-2-2-3-3-3_lambda2",7,"2,2,2,2,3,3,3",2,1,-10796.3940808259,32025,-0.337123936950067,0.860702576112412,0.101452698708866,TRUE,0,36.5069999999996,0.717000000000553,""
"H7_G2-2-2-2-3-3-3_lambda2",7,"2,2,2,2,3,3,3",2,2,-9252.50974214714,32025,-0.288915214430824,0.881654957064793,0.0867898395036203,TRUE,0,32.8899999999994,0.990999999999985,""
"H7_G2-2-2-2-3-3-3_lambda2",7,"2,2,2,2,3,3,3",2,3,-10302.4500221381,30744,-0.335104411336783,0.853955243299506,0.103594747214255,TRUE,0,34.4339999999993,0.855000000001382,""
"H7_G2-2-2-2-3-3-3_lambda2",7,"2,2,2,2,3,3,3",2,4,-9503.11263852767,30744,-0.309104626545917,0.874447046578194,0.0920360456602974,TRUE,0,34.523000000001,0.842999999998938,""
"H7_G2-2-2-2-3-3-3_lambda2",7,"2,2,2,2,3,3,3",2,5,-9208.66107632683,30744,-0.299527097200326,0.880952380952381,0.0884950432859101,TRUE,0,29.512999999999,1.13300000000163,""
"H7_G2-2-2-2-3-3-3_lambda4",7,"2,2,2,2,3,3,3",4,1,-10497.4925313987,32025,-0.327790555234931,0.858516783762685,0.101363519963427,TRUE,0,30.146999999999,1.17900000000009,""
"H7_G2-2-2-2-3-3-3_lambda4",7,"2,2,2,2,3,3,3",4,2,-9178.07469389191,32025,-0.286590935016141,0.882529274004684,0.087014611745642,TRUE,0,29.2260000000006,1.09599999999955,""
"H7_G2-2-2-2-3-3-3_lambda4",7,"2,2,2,2,3,3,3",4,3,-10173.4349064387,30744,-0.330907979002041,0.855321363518085,0.102290287282837,TRUE,0,31.2520000000004,1.18000000000029,""
"H7_G2-2-2-2-3-3-3_lambda4",7,"2,2,2,2,3,3,3",4,4,-9189.44821306155,30744,-0.298902166701196,0.873438719750195,0.0913562960004353,TRUE,0,36.6810000000005,0.693999999999505,""
"H7_G2-2-2-2-3-3-3_lambda4",7,"2,2,2,2,3,3,3",4,5,-9157.41593409103,30744,-0.297860263273843,0.878577933905803,0.0895918688136045,TRUE,0,30.1370000000006,1.09000000000015,""
"H7_G2-2-2-2-3-3-3_lambda8",7,"2,2,2,2,3,3,3",8,1,-10791.481323295,32025,-0.336970533123966,0.852552693208431,0.105122800903977,TRUE,0,33.6479999999992,0.820000000001528,""
"H7_G2-2-2-2-3-3-3_lambda8",7,"2,2,2,2,3,3,3",8,2,-9174.15299377556,32025,-0.286468477557395,0.883185011709602,0.0866975071537018,TRUE,0,29.7199999999993,1.17400000000089,""
"H7_G2-2-2-2-3-3-3_lambda8",7,"2,2,2,2,3,3,3",8,3,-10322.0564045658,30744,-0.335742141704586,0.852751756440281,0.104548116114659,FALSE,0,62.8389999999999,0.748999999999796,""
"H7_G2-2-2-2-3-3-3_lambda8",7,"2,2,2,2,3,3,3",8,4,-9292.66086728996,30744,-0.302259330838211,0.87047879260994,0.0928226167326876,TRUE,0,48.8989999999994,0.72400000000016,""
"H7_G2-2-2-2-3-3-3_lambda8",7,"2,2,2,2,3,3,3",8,5,-9178.38936866058,30744,-0.298542459298093,0.876203486859225,0.0908087163981627,TRUE,0,30.0439999999999,1.08900000000176,""
"H7_G2-2-2-3-3-3-3_lambda0",7,"2,2,2,3,3,3,3",0,1,-33308.2464391512,32025,-1.04007014642158,0.846994535519126,0.122926277537262,TRUE,0,129.072,1.69100000000071,""
"H7_G2-2-2-3-3-3-3_lambda0",7,"2,2,2,3,3,3,3",0,2,-22880.9424712057,32025,-0.714471271544283,0.869945355191257,0.102855182546461,TRUE,0,124.576999999999,1.56099999999969,""
"H7_G2-2-2-3-3-3-3_lambda0",7,"2,2,2,3,3,3,3",0,3,-26991.4792392229,30744,-0.877942988525335,0.845530835284934,0.119013757895594,TRUE,0,114.603000000001,1.72099999999955,""
"H7_G2-2-2-3-3-3-3_lambda0",7,"2,2,2,3,3,3,3",0,4,-24428.6087191567,30744,-0.79458134007145,0.864461358313817,0.108178221998701,TRUE,0,114.183999999999,1.52599999999984,""
"H7_G2-2-2-3-3-3-3_lambda0",7,"2,2,2,3,3,3,3",0,5,-24796.2751369959,30744,-0.80654030500247,0.867746552172782,0.104891073877931,TRUE,0,110.007000000001,1.7510000000002,""
"H7_G2-2-2-3-3-3-3_lambda1",7,"2,2,2,3,3,3,3",1,1,-11364.087509715,32025,-0.354850507719439,0.859172521467603,0.103133152123389,TRUE,0,37.1659999999993,1.07300000000032,""
"H7_G2-2-2-3-3-3-3_lambda1",7,"2,2,2,3,3,3,3",1,2,-9719.8647703102,32025,-0.303508657933183,0.880655737704918,0.0884348403168771,TRUE,0,33.1749999999993,1.14700000000084,""
"H7_G2-2-2-3-3-3-3_lambda1",7,"2,2,2,3,3,3,3",1,3,-10773.1692395434,30744,-0.35041534086467,0.857272963830341,0.103018421838344,TRUE,0,31.628999999999,1.29400000000169,""
"H7_G2-2-2-3-3-3-3_lambda1",7,"2,2,2,3,3,3,3",1,4,-9973.84703938501,30744,-0.324416049940964,0.873861566484517,0.0930961138087613,TRUE,0,28.5020000000004,1.32099999999991,""
"H7_G2-2-2-3-3-3-3_lambda1",7,"2,2,2,3,3,3,3",1,5,-9595.26938412631,30744,-0.312102178770697,0.87919594067135,0.0894706914386972,TRUE,0,47.5589999999993,0.979000000001179,""
"H7_G2-2-2-3-3-3-3_lambda12",7,"2,2,2,3,3,3,3",12,1,-11024.3930749485,32025,-0.344243343480045,0.850085870413739,0.107288772896556,TRUE,0,39.1050000000014,0.798999999999069,""
"H7_G2-2-2-3-3-3-3_lambda12",7,"2,2,2,3,3,3,3",12,2,-9504.76692413151,32025,-0.296792097552896,0.880343481654957,0.0897548735366962,TRUE,0,26.4699999999993,1.2450000000008,""
"H7_G2-2-2-3-3-3-3_lambda12",7,"2,2,2,3,3,3,3",12,3,-10813.3470629114,30744,-0.351722191741847,0.843611761644549,0.11058371462469,TRUE,0,29.5619999999999,1.0669999999991,""
"H7_G2-2-2-3-3-3-3_lambda12",7,"2,2,2,3,3,3,3",12,4,-9606.4150087339,30744,-0.312464708845105,0.867974238875878,0.0956010401237832,TRUE,0,32.8729999999996,0.783999999999651,""
"H7_G2-2-2-3-3-3-3_lambda12",7,"2,2,2,3,3,3,3",12,5,-9585.95730075135,30744,-0.311799287690325,0.869372885766328,0.0952626313148074,TRUE,0,32.1880000000001,0.923000000000684,""
"H7_G2-2-2-3-3-3-3_lambda2",7,"2,2,2,3,3,3,3",2,1,-10751.1511057739,32025,-0.335711197682244,0.860889929742389,0.10124459022276,TRUE,0,33.3549999999996,0.906000000000859,""
"H7_G2-2-2-3-3-3-3_lambda2",7,"2,2,2,3,3,3,3",2,2,-9316.34175746326,32025,-0.29090840772719,0.882373145979703,0.0868382068555609,TRUE,0,31.6579999999994,1.15099999999984,""
"H7_G2-2-2-3-3-3-3_lambda2",7,"2,2,2,3,3,3,3",2,3,-10386.0316822347,30744,-0.337823044569174,0.854768410096279,0.103220195070196,TRUE,0,35.2219999999998,0.841000000000349,""
"H7_G2-2-2-3-3-3-3_lambda2",7,"2,2,2,3,3,3,3",2,4,-9423.43268880109,30744,-0.306512902966468,0.875455373406193,0.0913978592395974,TRUE,0,37.1950000000015,0.842999999998938,""
"H7_G2-2-2-3-3-3-3_lambda2",7,"2,2,2,3,3,3,3",2,5,-9244.74255670553,30744,-0.300700707673222,0.880854800936768,0.0886908891267274,FALSE,0,44.7700000000004,0.708000000000538,""
"H7_G2-2-2-3-3-3-3_lambda4",7,"2,2,2,3,3,3,3",4,1,-10541.7350487517,32025,-0.32917205460583,0.858766588602654,0.101573882138432,TRUE,0,28.8999999999996,1.1929999999993,""
"H7_G2-2-2-3-3-3-3_lambda4",7,"2,2,2,3,3,3,3",4,2,-9214.69957914017,32025,-0.28773456921593,0.882060889929742,0.0873016913007752,TRUE,0,30.607,1.09400000000096,""
"H7_G2-2-2-3-3-3-3_lambda4",7,"2,2,2,3,3,3,3",4,3,-10330.8225040494,30744,-0.336027273746077,0.850800156128025,0.10469985268269,TRUE,0,32.978000000001,0.913000000000466,""
"H7_G2-2-2-3-3-3-3_lambda4",7,"2,2,2,3,3,3,3",4,4,-9165.24670331111,30744,-0.298114972134762,0.873763986468905,0.0911794604940694,TRUE,0,28.1970000000001,1.23699999999917,""
"H7_G2-2-2-3-3-3-3_lambda4",7,"2,2,2,3,3,3,3",4,5,-9286.76048251659,30744,-0.302067410958775,0.876496226906063,0.0902776249063884,TRUE,0,30.9570000000003,1.0669999999991,""
"H7_G2-2-2-3-3-3-3_lambda8",7,"2,2,2,3,3,3,3",8,1,-10718.2238133396,32025,-0.334683023055102,0.853801717408275,0.104253739375546,TRUE,0,31.235999999999,0.946000000001732,""
"H7_G2-2-2-3-3-3-3_lambda8",7,"2,2,2,3,3,3,3",8,2,-9255.61505068952,32025,-0.289012179568759,0.883216237314598,0.0874646725565573,TRUE,0,34.1530000000002,0.716999999998734,""
"H7_G2-2-2-3-3-3-3_lambda8",7,"2,2,2,3,3,3,3",8,3,-10420.3450484121,30744,-0.338939144171615,0.849173822534478,0.106258597131497,TRUE,0,32.6000000000004,0.933999999999287,""
"H7_G2-2-2-3-3-3-3_lambda8",7,"2,2,2,3,3,3,3",8,4,-9276.0524507477,30744,-0.301719114323045,0.873178506375228,0.0926514852615311,TRUE,0,39.2780000000002,0.618000000000393,""
"H7_G2-2-2-3-3-3-3_lambda8",7,"2,2,2,3,3,3,3",8,5,-9411.54787805476,30744,-0.306126329627074,0.871422066094197,0.0934167673213424,TRUE,0,32.5670000000009,0.859000000000378,""
"H7_G2-2-3-3-3-3-3_lambda0",7,"2,2,3,3,3,3,3",0,1,-32836.9296871548,32025,-1.0253529956957,0.846494925839188,0.122801585755393,TRUE,0,119.127999999999,1.82400000000052,""
"H7_G2-2-3-3-3-3-3_lambda0",7,"2,2,3,3,3,3,3",0,2,-22487.5805443405,32025,-0.702188307395488,0.868290398126464,0.103499452843583,TRUE,0,120.376999999999,1.66600000000108,""
"H7_G2-2-3-3-3-3-3_lambda0",7,"2,2,3,3,3,3,3",0,3,-25935.6665961508,30744,-0.843600917126946,0.845238095238095,0.119739467872286,TRUE,0,94.0529999999999,1.77500000000146,""
"H7_G2-2-3-3-3-3-3_lambda0",7,"2,2,3,3,3,3,3",0,4,-24797.9103686028,30744,-0.806593493644381,0.863583138173302,0.1087790869776,TRUE,0,113.867,1.64699999999903,""
"H7_G2-2-3-3-3-3-3_lambda0",7,"2,2,3,3,3,3,3",0,5,-25615.6033078075,30744,-0.833190323569069,0.866965912047879,0.106481745492661,TRUE,0,111.722,1.73500000000058,""
"H7_G2-2-3-3-3-3-3_lambda1",7,"2,2,3,3,3,3,3",1,1,-11359.0122719158,32025,-0.354692030348658,0.857829820452771,0.103242892356784,TRUE,0,37.5399999999991,1.1309999999994,""
"H7_G2-2-3-3-3-3-3_lambda1",7,"2,2,3,3,3,3,3",1,2,-9708.75401193958,32025,-0.303161717781095,0.880124902419984,0.0883459614871751,TRUE,0,33.3670000000002,1.32500000000073,""
"H7_G2-2-3-3-3-3-3_lambda1",7,"2,2,3,3,3,3,3",1,3,-10676.3677989258,30744,-0.347266712169066,0.857045277127244,0.102816545295866,TRUE,0,28.1370000000006,1.5739999999987,""
"H7_G2-2-3-3-3-3-3_lambda1",7,"2,2,3,3,3,3,3",1,4,-10018.2052755686,30744,-0.325858875734082,0.872755659640906,0.0930890793926494,TRUE,0,54.2819999999992,1.10800000000017,""
"H7_G2-2-3-3-3-3-3_lambda1",7,"2,2,3,3,3,3,3",1,5,-9687.33383325028,30744,-0.315096728898331,0.878708040593286,0.090083693806458,FALSE,0,74.7620000000006,0.983000000000175,""
"H7_G2-2-3-3-3-3-3_lambda12",7,"2,2,3,3,3,3,3",12,1,-11068.3240773185,32025,-0.345615115607136,0.849024199843872,0.107859884512926,TRUE,0,30.259,1.31999999999971,""
"H7_G2-2-3-3-3-3-3_lambda12",7,"2,2,3,3,3,3,3",12,2,-9500.49217606641,32025,-0.296658615958358,0.880124902419984,0.0895775029128649,TRUE,0,34.8160000000007,1.01200000000063,""
"H7_G2-2-3-3-3-3-3_lambda12",7,"2,2,3,3,3,3,3",12,3,-10706.9666570824,30744,-0.348261991187953,0.845953682019256,0.109236463184844,TRUE,0,32.4069999999992,1.21199999999953,""
"H7_G2-2-3-3-3-3-3_lambda12",7,"2,2,3,3,3,3,3",12,4,-9479.29916890092,30744,-0.308330053633259,0.870316159250585,0.0940788928359436,TRUE,0,36.0779999999995,0.947000000000116,""
"H7_G2-2-3-3-3-3-3_lambda12",7,"2,2,3,3,3,3,3",12,5,-9564.52474652272,30744,-0.311102158031574,0.869307832422586,0.0950046008461779,TRUE,0,31.4170000000013,1.23299999999836,""
"H7_G2-2-3-3-3-3-3_lambda2",7,"2,2,3,3,3,3,3",2,1,-10786.7380108817,32025,-0.336822420324175,0.860046838407494,0.101536637955755,TRUE,0,32.1569999999992,1.37099999999919,""
"H7_G2-2-3-3-3-3-3_lambda2",7,"2,2,3,3,3,3,3",2,2,-9294.52450309052,32025,-0.290227150760047,0.882092115534738,0.0868075679220082,TRUE,0,36.7070000000003,1.13299999999981,""
"H7_G2-2-3-3-3-3-3_lambda2",7,"2,2,3,3,3,3,3",2,3,-10371.0214615096,30744,-0.337334812044939,0.855223783502472,0.103105468841292,TRUE,0,35.0920000000006,1.1869999999999,""
"H7_G2-2-3-3-3-3-3_lambda2",7,"2,2,3,3,3,3,3",2,4,-9427.14155702684,30744,-0.306633540106259,0.875,0.0914780430451681,TRUE,0,31.0669999999991,1.33200000000033,""
"H7_G2-2-3-3-3-3-3_lambda2",7,"2,2,3,3,3,3,3",2,5,-9172.04017459226,30744,-0.298335941145988,0.881049960967994,0.0882775303803093,TRUE,0,32.2860000000001,1.16199999999844,""
"H7_G2-2-3-3-3-3-3_lambda4",7,"2,2,3,3,3,3,3",4,1,-10555.0190515633,32025,-0.329586855630391,0.857392661982826,0.101925888858456,TRUE,0,28.1920000000009,1.43499999999949,""
"H7_G2-2-3-3-3-3-3_lambda4",7,"2,2,3,3,3,3,3",4,2,-9189.12960962408,32025,-0.286936131448059,0.882217017954723,0.0869928040958935,TRUE,0,36.1310000000012,0.995999999999185,""
"H7_G2-2-3-3-3-3-3_lambda4",7,"2,2,3,3,3,3,3",4,3,-10288.7538423403,30744,-0.334658920190617,0.851515742909186,0.104271540063429,TRUE,0,30.8510000000006,1.22500000000036,""
"H7_G2-2-3-3-3-3-3_lambda4",7,"2,2,3,3,3,3,3",4,4,-9116.38802523526,30744,-0.296525761944941,0.874869893312516,0.090534477192384,TRUE,0,32.652,1.16599999999926,""
"H7_G2-2-3-3-3-3-3_lambda4",7,"2,2,3,3,3,3,3",4,5,-9117.63992451184,30744,-0.296566482061925,0.878740567265157,0.089373564309004,TRUE,0,37.6190000000006,1.0059999999994,""
"H7_G2-2-3-3-3-3-3_lambda8",7,"2,2,3,3,3,3,3",8,1,-10780.8323674334,32025,-0.336638013034612,0.852833723653396,0.105060795053666,TRUE,0,31.4459999999999,1.14199999999983,""
"H7_G2-2-3-3-3-3-3_lambda8",7,"2,2,3,3,3,3,3",8,2,-9176.37410206921,32025,-0.286537833007626,0.882029664324746,0.0868125560515783,TRUE,0,28.2309999999998,1.42100000000028,""
"H7_G2-2-3-3-3-3-3_lambda8",7,"2,2,3,3,3,3,3",8,3,-10433.0539506277,30744,-0.339352522463822,0.849466562581317,0.106437041879741,TRUE,0,28.4269999999997,1.37800000000061,""
"H7_G2-2-3-3-3-3-3_lambda8",7,"2,2,3,3,3,3,3",8,4,-9298.50888127701,30744,-0.302449547270265,0.872332812906583,0.0927785229224508,TRUE,0,36.3860000000004,0.947000000000116,""
"H7_G2-2-3-3-3-3-3_lambda8",7,"2,2,3,3,3,3,3",8,5,-9193.88516285619,30744,-0.299046485911273,0.875910746812386,0.0909400972541336,TRUE,0,29.8940000000002,1.25300000000061,""
"H7_G2-3-3-3-3-3-3_lambda0",7,"2,3,3,3,3,3,3",0,1,-32807.9586415413,32025,-1.02444835726905,0.846526151444184,0.123070131702693,TRUE,0,144.518999999998,2.11599999999999,""
"H7_G2-3-3-3-3-3-3_lambda0",7,"2,3,3,3,3,3,3",0,2,-23343.7168950883,32025,-0.728921682906739,0.866448087431694,0.105313753237485,TRUE,0,118.387000000001,1.92000000000007,""
"H7_G2-3-3-3-3-3-3_lambda0",7,"2,3,3,3,3,3,3",0,3,-25690.1873871271,30744,-0.835616295443893,0.846051262034869,0.118683148725025,TRUE,0,89.2079999999987,2.03900000000067,""
"H7_G2-3-3-3-3-3-3_lambda0",7,"2,3,3,3,3,3,3",0,4,-24831.924610985,30744,-0.807699863745284,0.862412177985948,0.108350475211485,TRUE,0,123.335999999999,1.8130000000001,""
"H7_G2-3-3-3-3-3-3_lambda0",7,"2,3,3,3,3,3,3",0,5,-26368.3351939102,30744,-0.857674186635122,0.865534738485558,0.107329394365533,TRUE,0,116.77,2.00200000000041,""
"H7_G2-3-3-3-3-3-3_lambda1",7,"2,3,3,3,3,3,3",1,1,-11405.2436938169,32025,-0.356135634467349,0.85736143637783,0.103567342848732,TRUE,0,35.8670000000002,1.35100000000057,""
"H7_G2-3-3-3-3-3-3_lambda1",7,"2,3,3,3,3,3,3",1,2,-9741.56074704768,32025,-0.304186127932792,0.880624512099922,0.0883809907708066,TRUE,0,30.0579999999991,1.38999999999942,""
"H7_G2-3-3-3-3-3-3_lambda1",7,"2,3,3,3,3,3,3",1,3,-10757.1339651952,30744,-0.349893766757585,0.856785063752277,0.102952465104391,TRUE,0,24.0900000000001,1.70100000000093,""
"H7_G2-3-3-3-3-3-3_lambda1",7,"2,3,3,3,3,3,3",1,4,-9997.20813005211,30744,-0.32517590847164,0.873796513140775,0.0931780373322783,TRUE,0,25.9390000000003,1.54099999999926,""
"H7_G2-3-3-3-3-3-3_lambda1",7,"2,3,3,3,3,3,3",1,5,-9595.55264229305,30744,-0.312111392216141,0.878805620608899,0.0895520581599383,FALSE,0,49.7919999999995,1.00400000000081,""
"H7_G2-3-3-3-3-3-3_lambda12",7,"2,3,3,3,3,3,3",12,1,-10991.4795127468,32025,-0.343215597587724,0.851647150663544,0.106838246167007,TRUE,0,28.2569999999996,1.33300000000054,""
"H7_G2-3-3-3-3-3-3_lambda12",7,"2,3,3,3,3,3,3",12,2,-9551.87091974212,32025,-0.298262948313571,0.879531615925059,0.09017819787111,TRUE,0,44.491,0.955999999998312,""
"H7_G2-3-3-3-3-3-3_lambda12",7,"2,3,3,3,3,3,3",12,3,-10664.3072189871,30744,-0.346874421642827,0.846896955503513,0.108600637589428,TRUE,0,29.4449999999997,1.24300000000039,""
"H7_G2-3-3-3-3-3-3_lambda12",7,"2,3,3,3,3,3,3",12,4,-9522.88988813553,30744,-0.309747914654421,0.869893312516263,0.0944238519889795,TRUE,0,28.7340000000004,1.21899999999914,""
"H7_G2-3-3-3-3-3-3_lambda12",7,"2,3,3,3,3,3,3",12,5,-9553.76161322383,30744,-0.310752069126458,0.869925839188134,0.0948811055192535,TRUE,0,30.4470000000001,1.20600000000013,""
"H7_G2-3-3-3-3-3-3_lambda2",7,"2,3,3,3,3,3,3",2,1,-10752.901510286,32025,-0.335765855122123,0.86048399687744,0.101239672437992,TRUE,0,29.7000000000007,1.35200000000077,""
"H7_G2-3-3-3-3-3-3_lambda2",7,"2,3,3,3,3,3,3",2,2,-9255.26417657538,32025,-0.289001223312268,0.882310694769711,0.0866528063119814,TRUE,0,34.5200000000004,1.14599999999882,""
"H7_G2-3-3-3-3-3-3_lambda2",7,"2,3,3,3,3,3,3",2,3,-10318.6203732137,30744,-0.335630379040257,0.856069476971116,0.102469761561646,TRUE,0,30.4279999999999,1.34800000000178,""
"H7_G2-3-3-3-3-3-3_lambda2",7,"2,3,3,3,3,3,3",2,4,-9417.45447254024,30744,-0.306318451487778,0.875422846734322,0.091413784608273,TRUE,0,28.0930000000008,1.49699999999939,""
"H7_G2-3-3-3-3-3-3_lambda2",7,"2,3,3,3,3,3,3",2,5,-9134.29398511493,30744,-0.297108183226481,0.881245120999219,0.0881347179323871,TRUE,0,25.1550000000007,1.47899999999936,""
"H7_G2-3-3-3-3-3-3_lambda4",7,"2,3,3,3,3,3,3",4,1,-10524.8665738626,32025,-0.328645326272058,0.857985948477752,0.101666121850383,TRUE,0,27.8359999999993,1.40200000000004,""
"H7_G2-3-3-3-3-3-3_lambda4",7,"2,3,3,3,3,3,3",4,2,-9272.6611197518,32025,-0.289544453388034,0.881311475409836,0.0879137179968505,TRUE,0,27.3140000000003,1.40399999999863,""
"H7_G2-3-3-3-3-3-3_lambda4",7,"2,3,3,3,3,3,3",4,3,-10190.6863026141,30744,-0.331469109504751,0.853890189955764,0.102955916303224,TRUE,0,28.0750000000007,1.42000000000007,""
"H7_G2-3-3-3-3-3-3_lambda4",7,"2,3,3,3,3,3,3",4,4,-9195.60256303888,30744,-0.299102347223487,0.873211033047099,0.0917392936054525,TRUE,0,30.7560000000012,1.24399999999878,""
"H7_G2-3-3-3-3-3-3_lambda4",7,"2,3,3,3,3,3,3",4,5,-9192.77305360958,30744,-0.299010312698724,0.877927400468384,0.0897454687448462,FALSE,0,41.9610000000011,1.21599999999853,""
"H7_G2-3-3-3-3-3-3_lambda8",7,"2,3,3,3,3,3,3",8,1,-10737.9324544885,32025,-0.335298437298625,0.85367681498829,0.104424392334526,TRUE,0,27.4520000000011,1.41199999999844,""
"H7_G2-3-3-3-3-3-3_lambda8",7,"2,3,3,3,3,3,3",8,2,-9209.6236162288,32025,-0.287576069203085,0.882747853239657,0.0869529621700997,TRUE,0,29.1829999999991,1.30900000000111,""
"H7_G2-3-3-3-3-3-3_lambda8",7,"2,3,3,3,3,3,3",8,3,-10469.0278946659,30744,-0.340522635137454,0.849499089253188,0.106586668885664,TRUE,0,32.0479999999989,1.35699999999997,""
"H7_G2-3-3-3-3-3-3_lambda8",7,"2,3,3,3,3,3,3",8,4,-9320.0567178881,30744,-0.303150426681242,0.870999219359875,0.0929322206926359,TRUE,0,36.9689999999991,1.1309999999994,""
"H7_G2-3-3-3-3-3-3_lambda8",7,"2,3,3,3,3,3,3",8,5,-9198.51732248663,30744,-0.299197154647627,0.875650533437419,0.0910062455934129,FALSE,0,28.3280000000013,1.45399999999972,""
"H7_G3-3-3-3-3-3-3_lambda0",7,"3,3,3,3,3,3,3",0,1,-31772.4248506889,32025,-0.992113188155783,0.846432474629196,0.122287132894032,TRUE,0,125.687,2.36800000000039,""
"H7_G3-3-3-3-3-3-3_lambda0",7,"3,3,3,3,3,3,3",0,2,-22861.2135740336,32025,-0.713855224794178,0.867884465261514,0.103713750174801,TRUE,0,125.584999999999,2.25700000000143,""
"H7_G3-3-3-3-3-3-3_lambda0",7,"3,3,3,3,3,3,3",0,3,-26170.6002603047,30744,-0.851242527332315,0.845888628675514,0.118941994843007,TRUE,0,87.2039999999997,2.29199999999946,""
"H7_G3-3-3-3-3-3-3_lambda0",7,"3,3,3,3,3,3,3",0,4,-24245.5103891692,30744,-0.788625760771831,0.862965131407754,0.107673906632137,TRUE,0,106.879000000001,2.08100000000013,""
"H7_G3-3-3-3-3-3-3_lambda0",7,"3,3,3,3,3,3,3",0,5,-25679.1626195273,30744,-0.835257696445722,0.865437158469945,0.107192208189173,TRUE,0,103.630999999999,2.22500000000036,""
"H7_G3-3-3-3-3-3-3_lambda1",7,"3,3,3,3,3,3,3",1,1,-11387.6597208988,32025,-0.355586564274749,0.857673692427791,0.103490239068591,TRUE,0,32.2560000000012,1.94099999999889,""
"H7_G3-3-3-3-3-3-3_lambda1",7,"3,3,3,3,3,3,3",1,2,-9709.16846969373,32025,-0.303174659475214,0.880281030444965,0.0883349674610751,FALSE,0,33.1679999999997,1.79000000000087,""
"H7_G3-3-3-3-3-3-3_lambda1",7,"3,3,3,3,3,3,3",1,3,-10774.8318746631,30744,-0.35046942085165,0.856264637002342,0.103106152026521,TRUE,0,27.630000000001,2.09900000000016,""
"H7_G3-3-3-3-3-3-3_lambda1",7,"3,3,3,3,3,3,3",1,4,-9978.34898227581,30744,-0.324562483160155,0.874056726515743,0.0930267623408634,TRUE,0,26.4399999999987,2.13500000000022,""
"H7_G3-3-3-3-3-3-3_lambda1",7,"3,3,3,3,3,3,3",1,5,-9601.9949523946,30744,-0.312320939122905,0.879065833983867,0.0895129040504611,TRUE,0,50.5779999999995,1.52599999999984,""
"H7_G3-3-3-3-3-3-3_lambda12",7,"3,3,3,3,3,3,3",12,1,-11034.040627223,32025,-0.34454459413655,0.850054644808743,0.107332822519547,TRUE,0,28.0249999999996,1.83600000000115,""
"H7_G3-3-3-3-3-3-3_lambda12",7,"3,3,3,3,3,3,3",12,2,-9441.75897330172,32025,-0.294824636168672,0.880780640124902,0.0888462731090604,TRUE,0,30.3209999999999,1.64599999999882,""
"H7_G3-3-3-3-3-3-3_lambda12",7,"3,3,3,3,3,3,3",12,3,-10704.56105302,30744,-0.348183744893962,0.84611631537861,0.10920106721763,TRUE,0,29.3310000000001,1.77800000000025,""
"H7_G3-3-3-3-3-3-3_lambda12",7,"3,3,3,3,3,3,3",12,4,-9596.54162336081,30744,-0.312143560478819,0.869145199063232,0.0952498625942606,TRUE,0,27.7789999999986,1.71200000000135,""
"H7_G3-3-3-3-3-3-3_lambda12",7,"3,3,3,3,3,3,3",12,5,-9563.12901176497,30744,-0.31105675942509,0.869828259172521,0.0948391001720647,TRUE,0,40.1560000000009,1.25,""
"H7_G3-3-3-3-3-3-3_lambda2",7,"3,3,3,3,3,3,3",2,1,-10816.1813938327,32025,-0.337741807769952,0.860546448087432,0.101656595551081,TRUE,0,33.228000000001,1.58699999999953,""
"H7_G3-3-3-3-3-3-3_lambda2",7,"3,3,3,3,3,3,3",2,2,-9322.6591898826,32025,-0.291105673376506,0.88271662763466,0.0868448802164049,TRUE,0,28.9719999999998,1.92200000000048,""
"H7_G3-3-3-3-3-3-3_lambda2",7,"3,3,3,3,3,3,3",2,3,-10400.7593721477,30744,-0.338302087306393,0.854475670049441,0.103419423485028,TRUE,0,31.6499999999996,1.75900000000001,""
"H7_G3-3-3-3-3-3-3_lambda2",7,"3,3,3,3,3,3,3",2,4,-9418.57943818554,30744,-0.306355042876189,0.875065053343742,0.091512228330747,TRUE,0,29.6649999999991,1.85100000000057,""
"H7_G3-3-3-3-3-3-3_lambda2",7,"3,3,3,3,3,3,3",2,5,-9295.3592258654,30744,-0.302347099462184,0.880464480874317,0.0888322535096822,TRUE,0,31.3369999999995,1.64500000000044,""
"H7_G3-3-3-3-3-3-3_lambda4",7,"3,3,3,3,3,3,3",4,1,-10558.5765879606,32025,-0.329697941856692,0.857142857142857,0.101990442512408,TRUE,0,28.1489999999994,1.9380000000001,""
"H7_G3-3-3-3-3-3-3_lambda4",7,"3,3,3,3,3,3,3",4,2,-9247.27997199144,32025,-0.288751911693722,0.881561280249805,0.0876549733898883,TRUE,0,31.848,1.66600000000108,""
"H7_G3-3-3-3-3-3-3_lambda4",7,"3,3,3,3,3,3,3",4,3,-10342.9206808484,30744,-0.336420787173055,0.852166276346604,0.104573262962607,TRUE,0,32.4709999999995,1.60599999999977,""
"H7_G3-3-3-3-3-3-3_lambda4",7,"3,3,3,3,3,3,3",4,4,-9158.48471417409,30744,-0.297895027132907,0.873145979703357,0.0910234715056089,TRUE,0,31.9250000000011,1.65399999999863,""
"H7_G3-3-3-3-3-3-3_lambda4",7,"3,3,3,3,3,3,3",4,5,-9218.07614550782,30744,-0.299833338066218,0.878187613843352,0.0894719497992702,FALSE,0,40.2510000000002,1.28299999999945,""
"H7_G3-3-3-3-3-3-3_lambda8",7,"3,3,3,3,3,3,3",8,1,-10681.4408617272,32025,-0.33353445313746,0.855456674473068,0.103819399001829,TRUE,0,28.9740000000002,1.79600000000028,""
"H7_G3-3-3-3-3-3-3_lambda8",7,"3,3,3,3,3,3,3",8,2,-9235.05569394603,32025,-0.288370201216113,0.882404371584699,0.087264862851199,TRUE,0,29.9120000000003,1.58699999999953,""
"H7_G3-3-3-3-3-3-3_lambda8",7,"3,3,3,3,3,3,3",8,3,-10431.3485162784,30744,-0.339297050360345,0.849434035909446,0.106402833466745,TRUE,0,24.5439999999999,2.003999999999,""
"H7_G3-3-3-3-3-3-3_lambda8",7,"3,3,3,3,3,3,3",8,4,-9337.36747246586,30744,-0.303713487915231,0.871389539422326,0.0928950494375884,TRUE,0,32.9659999999985,1.45100000000093,""
"H7_G3-3-3-3-3-3-3_lambda8",7,"3,3,3,3,3,3,3",8,5,-9196.6070199609,30744,-0.299135018864198,0.875552953421806,0.0909527916766972,TRUE,0,27.1389999999992,1.88800000000083,""
"H8_G1-2-2-2-2-2-2-2_lambda0",8,"1,2,2,2,2,2,2,2",0,1,-36871.76891419,32025,-1.15134329162186,0.846494925839188,0.123882293219831,TRUE,0,140.945,2.10900000000038,""
"H8_G1-2-2-2-2-2-2-2_lambda0",8,"1,2,2,2,2,2,2,2",0,2,-26476.3901407101,32025,-0.826741300256366,0.868040593286495,0.105716276684143,TRUE,0,128.030000000001,1.81499999999869,""
"H8_G1-2-2-2-2-2-2-2_lambda0",8,"1,2,2,2,2,2,2,2",0,3,-32573.9920246515,30744,-1.05952355011227,0.842473328129066,0.125388063821154,TRUE,0,117.414999999999,1.97700000000077,""
"H8_G1-2-2-2-2-2-2-2_lambda0",8,"1,2,2,2,2,2,2,2",0,4,-29853.7270255961,30744,-0.971042383086004,0.860135310954983,0.113355463349793,TRUE,0,145.744000000001,1.79099999999926,""
"H8_G1-2-2-2-2-2-2-2_lambda0",8,"1,2,2,2,2,2,2,2",0,5,-30001.7692051044,30744,-0.975857702481928,0.865925058548009,0.10733005696738,TRUE,0,122.337000000001,1.9419999999991,""
"H8_G1-2-2-2-2-2-2-2_lambda1",8,"1,2,2,2,2,2,2,2",1,1,-11373.2599192285,32025,-0.355136921755769,0.860452771272443,0.102886139974715,TRUE,0,31.7160000000003,0.967000000000553,""
"H8_G1-2-2-2-2-2-2-2_lambda1",8,"1,2,2,2,2,2,2,2",1,2,-9806.69318758857,32025,-0.306219927793554,0.878938329430133,0.0889769198277306,TRUE,0,29.8430000000008,0.93199999999888,""
"H8_G1-2-2-2-2-2-2-2_lambda1",8,"1,2,2,2,2,2,2,2",1,3,-10827.2481044041,30744,-0.352174346357147,0.855646630236794,0.103193522342646,TRUE,0,33.9169999999995,0.963999999999942,""
"H8_G1-2-2-2-2-2-2-2_lambda1",8,"1,2,2,2,2,2,2,2",1,4,-10017.2994877968,30744,-0.325829413472443,0.874349466562581,0.0928958815695256,TRUE,0,32.2980000000007,0.930000000000291,""
"H8_G1-2-2-2-2-2-2-2_lambda1",8,"1,2,2,2,2,2,2,2",1,5,-9997.3387515475,30744,-0.32518015715416,0.878220140515222,0.0904515753595887,TRUE,0,28.9599999999991,0.980000000001382,""
"H8_G1-2-2-2-2-2-2-2_lambda12",8,"1,2,2,2,2,2,2,2",12,1,-11016.5303455549,32025,-0.343997824997813,0.850491803278689,0.107146115049511,TRUE,0,26.7399999999998,0.683000000000902,""
"H8_G1-2-2-2-2-2-2-2_lambda12",8,"1,2,2,2,2,2,2,2",12,2,-9572.25941310711,32025,-0.298899591353852,0.878032786885246,0.0902772428542421,TRUE,0,31.6910000000007,0.760999999998603,""
"H8_G1-2-2-2-2-2-2-2_lambda12",8,"1,2,2,2,2,2,2,2",12,3,-10867.2797759905,30744,-0.353476443403282,0.841725214676034,0.111371376271281,TRUE,0,33.7890000000007,0.72899999999936,""
"H8_G1-2-2-2-2-2-2-2_lambda12",8,"1,2,2,2,2,2,2,2",12,4,-9472.89100145181,30744,-0.308121617273348,0.870283632578715,0.0939937074929931,TRUE,0,39.643,0.697000000000116,""
"H8_G1-2-2-2-2-2-2-2_lambda12",8,"1,2,2,2,2,2,2,2",12,5,-9675.2946947627,30744,-0.314705135791137,0.865794951860526,0.0964190414866763,TRUE,0,34.0519999999997,0.61200000000099,""
"H8_G1-2-2-2-2-2-2-2_lambda2",8,"1,2,2,2,2,2,2,2",2,1,-10745.4301023091,32025,-0.335532555887873,0.860546448087432,0.101204144025695,TRUE,0,26.7830000000013,1.02800000000025,""
"H8_G1-2-2-2-2-2-2-2_lambda2",8,"1,2,2,2,2,2,2,2",2,2,-9270.20014099383,32025,-0.289467607837434,0.881967213114754,0.0866466555594016,TRUE,0,27.1149999999998,0.967999999998938,""
"H8_G1-2-2-2-2-2-2-2_lambda2",8,"1,2,2,2,2,2,2,2",2,3,-10052.4692769261,30744,-0.326973369663223,0.858834244080146,0.100265924396411,TRUE,0,30.2810000000009,1.01599999999962,""
"H8_G1-2-2-2-2-2-2-2_lambda2",8,"1,2,2,2,2,2,2,2",2,4,-9259.33830858806,30744,-0.301175458905414,0.876886546968514,0.0899697534282493,TRUE,0,33.1580000000013,0.823999999998705,""
"H8_G1-2-2-2-2-2-2-2_lambda2",8,"1,2,2,2,2,2,2,2",2,5,-9302.57120249573,30744,-0.30258168105958,0.87883814728077,0.0889338119707281,TRUE,0,27.1910000000007,0.940999999998894,""
"H8_G1-2-2-2-2-2-2-2_lambda4",8,"1,2,2,2,2,2,2,2",4,1,-10491.6194664925,32025,-0.327607165230054,0.859297423887588,0.101370335130363,TRUE,0,26.7299999999996,0.939000000000306,""
"H8_G1-2-2-2-2-2-2-2_lambda4",8,"1,2,2,2,2,2,2,2",4,2,-9121.6696697442,32025,-0.284829654012309,0.884184231069477,0.0861547158708249,TRUE,0,24.5949999999993,1.03700000000026,""
"H8_G1-2-2-2-2-2-2-2_lambda4",8,"1,2,2,2,2,2,2,2",4,3,-10125.7564606006,30744,-0.329357157838949,0.853629976580796,0.102630842990467,TRUE,0,29.3099999999995,0.889999999999418,""
"H8_G1-2-2-2-2-2-2-2_lambda4",8,"1,2,2,2,2,2,2,2",4,4,-9169.39970592559,30744,-0.298250055488082,0.874869893312516,0.0909003835462309,TRUE,0,30.5629999999983,0.865999999999985,""
"H8_G1-2-2-2-2-2-2-2_lambda4",8,"1,2,2,2,2,2,2,2",4,5,-9049.6729522253,30744,-0.2943557426563,0.878415300546448,0.0888530987225634,TRUE,0,28.6110000000008,0.924999999999272,""
"H8_G1-2-2-2-2-2-2-2_lambda8",8,"1,2,2,2,2,2,2,2",8,1,-10879.7362283525,32025,-0.339726345928259,0.85239656518345,0.105593586792752,TRUE,0,29.1759999999995,0.872999999999593,""
"H8_G1-2-2-2-2-2-2-2_lambda8",8,"1,2,2,2,2,2,2,2",8,2,-9254.76792255203,32025,-0.288985727480157,0.882123341139735,0.0875785522580575,TRUE,0,33.9650000000001,0.903000000000247,""
"H8_G1-2-2-2-2-2-2-2_lambda8",8,"1,2,2,2,2,2,2,2",8,3,-10432.799116516,30744,-0.339344233558288,0.848913609159511,0.106318339416184,TRUE,0,32.9060000000009,0.709999999999127,""
"H8_G1-2-2-2-2-2-2-2_lambda8",8,"1,2,2,2,2,2,2,2",8,4,-9395.91721806652,30744,-0.30561791627851,0.87116185271923,0.0935078700154788,TRUE,0,34.6209999999992,0.713999999999942,""
"H8_G1-2-2-2-2-2-2-2_lambda8",8,"1,2,2,2,2,2,2,2",8,5,-9408.08833408838,30744,-0.306013802175656,0.868559718969555,0.093788877167011,TRUE,0,35.2380000000012,0.667999999999665,""
"H8_G1-2-2-2-2-2-2-3_lambda0",8,"1,2,2,2,2,2,2,3",0,1,-38089.5998388191,32025,-1.18937079902636,0.845089773614364,0.126090766575274,TRUE,0,138.045999999998,1.996000000001,""
"H8_G1-2-2-2-2-2-2-3_lambda0",8,"1,2,2,2,2,2,2,3",0,2,-26531.8892848174,32025,-0.828474294607881,0.867166276346604,0.105806694810059,TRUE,0,123.558000000001,1.80400000000009,""
"H8_G1-2-2-2-2-2-2-3_lambda0",8,"1,2,2,2,2,2,2,3",0,3,-33605.8329819174,30744,-1.09308590235224,0.841367421285454,0.12625981225264,TRUE,0,117.422,1.84200000000055,""
"H8_G1-2-2-2-2-2-2-3_lambda0",8,"1,2,2,2,2,2,2,3",0,4,-29374.1622973193,30744,-0.955443738528469,0.860883424408015,0.111588639121268,TRUE,0,142.608,1.64199999999983,""
"H8_G1-2-2-2-2-2-2-3_lambda0",8,"1,2,2,2,2,2,2,3",0,5,-30258.3513063479,30744,-0.98420346429703,0.866608118657299,0.107413063812039,TRUE,0,121.138000000001,1.78899999999885,""
"H8_G1-2-2-2-2-2-2-3_lambda1",8,"1,2,2,2,2,2,2,3",1,1,-11351.4000887867,32025,-0.354454335325113,0.859172521467603,0.102548840835906,TRUE,0,31.7240000000002,0.97400000000016,""
"H8_G1-2-2-2-2-2-2-3_lambda1",8,"1,2,2,2,2,2,2,3",1,2,-9757.98498647979,32025,-0.304698984745661,0.880031225604996,0.0885435416640642,TRUE,0,30.7390000000014,0.800999999999476,""
"H8_G1-2-2-2-2-2-2-3_lambda1",8,"1,2,2,2,2,2,2,3",1,3,-10855.6549099859,30744,-0.353098325201207,0.855321363518085,0.103666080441888,TRUE,0,28.2739999999994,0.936999999999898,""
"H8_G1-2-2-2-2-2-2-3_lambda1",8,"1,2,2,2,2,2,2,3",1,4,-9977.87879756493,30744,-0.324547189616346,0.874804839968774,0.0925260624280565,TRUE,0,29.5409999999993,0.854000000001179,""
"H8_G1-2-2-2-2-2-2-3_lambda1",8,"1,2,2,2,2,2,2,3",1,5,-9863.90288184195,30744,-0.320839932404435,0.880041634139995,0.0893494630414237,TRUE,0,25.9369999999999,0.961999999999534,""
"H8_G1-2-2-2-2-2-2-3_lambda12",8,"1,2,2,2,2,2,2,3",12,1,-11072.2856906017,32025,-0.345738819378664,0.84896174863388,0.107957262725073,TRUE,0,31.4809999999998,0.623999999999796,""
"H8_G1-2-2-2-2-2-2-3_lambda12",8,"1,2,2,2,2,2,2,3",12,2,-9432.99448116429,32025,-0.294550959599197,0.880686963309914,0.0887178273943304,TRUE,0,30.0279999999984,0.67200000000048,""
"H8_G1-2-2-2-2-2-2-3_lambda12",8,"1,2,2,2,2,2,2,3",12,3,-10806.0420500196,30744,-0.351484583984505,0.842083008066615,0.110793770160578,TRUE,0,25.8610000000008,0.795000000000073,""
"H8_G1-2-2-2-2-2-2-3_lambda12",8,"1,2,2,2,2,2,2,3",12,4,-9430.60271775814,30744,-0.306746120145659,0.87083658600052,0.0934629469857836,TRUE,0,33.6949999999997,0.417999999999665,""
"H8_G1-2-2-2-2-2-2-3_lambda12",8,"1,2,2,2,2,2,2,3",12,5,-9549.97208999389,30744,-0.310628808547811,0.869112672391361,0.0947607696323959,TRUE,0,31.1349999999984,0.656000000000859,""
"H8_G1-2-2-2-2-2-2-3_lambda2",8,"1,2,2,2,2,2,2,3",2,1,-10631.3501396844,32025,-0.331970340036985,0.860702576112412,0.101254301373943,TRUE,0,30.3230000000003,0.76300000000083,""
"H8_G1-2-2-2-2-2-2-3_lambda2",8,"1,2,2,2,2,2,2,3",2,2,-9324.65355711927,32025,-0.291167948700055,0.881217798594848,0.0872564356765268,TRUE,0,23.2019999999993,0.959000000000742,""
"H8_G1-2-2-2-2-2-2-3_lambda2",8,"1,2,2,2,2,2,2,3",2,3,-10207.4563658887,30744,-0.332014583850141,0.856264637002342,0.101710760228637,TRUE,0,29.6489999999994,0.851000000000568,""
"H8_G1-2-2-2-2-2-2-3_lambda2",8,"1,2,2,2,2,2,2,3",2,4,-9341.33376732306,30744,-0.303842498286594,0.875650533437419,0.0906286257516693,TRUE,0,29.3209999999999,0.834000000000742,""
"H8_G1-2-2-2-2-2-2-3_lambda2",8,"1,2,2,2,2,2,2,3",2,5,-9326.22702536164,30744,-0.303351126247776,0.879488680718189,0.0890854754740795,TRUE,0,22.1620000000003,0.965000000000146,""
"H8_G1-2-2-2-2-2-2-3_lambda4",8,"1,2,2,2,2,2,2,3",4,1,-10485.0145908587,32025,-0.327400923992467,0.859703356752537,0.101032449082535,TRUE,0,22.1869999999999,0.956000000000131,""
"H8_G1-2-2-2-2-2-2-3_lambda4",8,"1,2,2,2,2,2,2,3",4,2,-9189.67044068513,32025,-0.286953019225141,0.882903981264637,0.0864581252093009,TRUE,0,24.0580000000009,0.888999999999214,""
"H8_G1-2-2-2-2-2-2-3_lambda4",8,"1,2,2,2,2,2,2,3",4,3,-10027.1746313777,30744,-0.326150619027379,0.855744210252407,0.101525197163119,TRUE,0,25.8540000000012,0.992000000000189,""
"H8_G1-2-2-2-2-2-2-3_lambda4",8,"1,2,2,2,2,2,2,3",4,4,-9347.83285905718,30744,-0.304053892110889,0.871747332812907,0.0928400709106644,TRUE,0,29.7170000000006,0.855999999999767,""
"H8_G1-2-2-2-2-2-2-3_lambda4",8,"1,2,2,2,2,2,2,3",4,5,-9266.26810598745,30744,-0.301400862151556,0.872820712984647,0.0912072350132018,TRUE,0,30.8000000000011,0.82799999999952,""
"H8_G1-2-2-2-2-2-2-3_lambda8",8,"1,2,2,2,2,2,2,3",8,1,-10840.8403686883,32025,-0.338511799178402,0.852646370023419,0.105263909422062,TRUE,0,22.7849999999999,0.918999999999869,""
"H8_G1-2-2-2-2-2-2-3_lambda8",8,"1,2,2,2,2,2,2,3",8,2,-9237.07358438858,32025,-0.288433211065998,0.882591725214676,0.0872134626315394,TRUE,0,32.7620000000006,0.698999999998705,""
"H8_G1-2-2-2-2-2-2-3_lambda8",8,"1,2,2,2,2,2,2,3",8,3,-10403.8613484689,30744,-0.338402984272344,0.84992193598751,0.106050267686572,TRUE,0,39.4329999999991,0.68500000000131,""
"H8_G1-2-2-2-2-2-2-3_lambda8",8,"1,2,2,2,2,2,2,3",8,4,-9274.01926682289,30744,-0.30165298161667,0.872593026281551,0.0925027466874755,TRUE,0,35.1619999999984,0.718000000000757,""
"H8_G1-2-2-2-2-2-2-3_lambda8",8,"1,2,2,2,2,2,2,3",8,5,-9401.43441695011,30744,-0.305797372396244,0.869242779078845,0.0936687581592681,TRUE,0,35.3940000000002,0.682000000000698,""
"H8_G1-2-2-2-2-2-3-3_lambda0",8,"1,2,2,2,2,2,3,3",0,1,-37805.6237716692,32025,-1.18050347452519,0.845183450429352,0.125353273375639,TRUE,0,132.076999999999,2.0630000000001,""
"H8_G1-2-2-2-2-2-3-3_lambda0",8,"1,2,2,2,2,2,3,3",0,2,-27073.7201258806,32025,-0.845393290425624,0.866416861826698,0.106866035948207,TRUE,0,132.089,1.85800000000017,""
"H8_G1-2-2-2-2-2-3-3_lambda0",8,"1,2,2,2,2,2,3,3",0,3,-33908.0715369393,30744,-1.10291671665819,0.840586781160552,0.125926283240538,FALSE,0,128.099,1.85599999999977,""
"H8_G1-2-2-2-2-2-3-3_lambda0",8,"1,2,2,2,2,2,3,3",0,4,-30560.6940317483,30744,-0.994037666918692,0.858086130627114,0.115065069410308,TRUE,0,143.034,1.70200000000114,""
"H8_G1-2-2-2-2-2-3-3_lambda0",8,"1,2,2,2,2,2,3,3",0,5,-31144.744719364,30744,-1.01303489199076,0.864461358313817,0.109947196257371,TRUE,0,135.712,1.93000000000029,""
"H8_G1-2-2-2-2-2-3-3_lambda1",8,"1,2,2,2,2,2,3,3",1,1,-11408.3562497786,32025,-0.35623282591034,0.858735362997658,0.102504899506933,TRUE,0,30.2839999999997,1.02300000000105,""
"H8_G1-2-2-2-2-2-3-3_lambda1",8,"1,2,2,2,2,2,3,3",1,2,-9878.57337264906,32025,-0.308464430059299,0.878376268540203,0.0891570244573299,TRUE,0,27.2710000000006,1.03199999999924,""
"H8_G1-2-2-2-2-2-3-3_lambda1",8,"1,2,2,2,2,2,3,3",1,3,-10844.3590831754,30744,-0.352730909549031,0.855809263596149,0.103322403805556,TRUE,0,27.5429999999997,1.07700000000114,""
"H8_G1-2-2-2-2-2-3-3_lambda1",8,"1,2,2,2,2,2,3,3",1,4,-9993.64806422808,30744,-0.325060111378743,0.875227686703097,0.0923772954805443,TRUE,0,30.1270000000004,0.895000000000437,""
"H8_G1-2-2-2-2-2-3-3_lambda1",8,"1,2,2,2,2,2,3,3",1,5,-9931.9459737272,30744,-0.32305314772727,0.877634660421546,0.0907171090905709,TRUE,0,27.3869999999988,1.03000000000065,""
"H8_G1-2-2-2-2-2-3-3_lambda12",8,"1,2,2,2,2,2,3,3",12,1,-11120.2346175358,32025,-0.347236053631094,0.849430132708821,0.108310725048313,TRUE,0,26.9390000000003,0.917000000001281,""
"H8_G1-2-2-2-2-2-3-3_lambda12",8,"1,2,2,2,2,2,3,3",12,2,-9460.11891785145,32025,-0.295397936544932,0.879313036690086,0.0892719659548834,TRUE,0,27.155999999999,0.819000000001324,""
"H8_G1-2-2-2-2-2-3-3_lambda12",8,"1,2,2,2,2,2,3,3",12,3,-10752.1483955849,30744,-0.34973160277078,0.844099661722613,0.109831414285966,TRUE,0,28.0640000000003,0.701999999999316,""
"H8_G1-2-2-2-2-2-3-3_lambda12",8,"1,2,2,2,2,2,3,3",12,4,-9534.6195793306,30744,-0.310129442471071,0.870869112672391,0.0943924543805224,TRUE,0,33.0299999999988,0.56800000000112,""
"H8_G1-2-2-2-2-2-3-3_lambda12",8,"1,2,2,2,2,2,3,3",12,5,-9622.21985003453,30744,-0.312978787732062,0.867030965391621,0.0958715606097012,TRUE,0,32.755000000001,0.556000000000495,""
"H8_G1-2-2-2-2-2-3-3_lambda2",8,"1,2,2,2,2,2,3,3",2,1,-10632.1057671065,32025,-0.331993934960391,0.860421545667447,0.100843816648651,TRUE,0,24.1220000000012,0.917999999999665,""
"H8_G1-2-2-2-2-2-3-3_lambda2",8,"1,2,2,2,2,2,3,3",2,2,-9271.97503951212,32025,-0.289523030117474,0.88184231069477,0.0867470446087092,TRUE,0,20.2450000000008,0.987999999999374,""
"H8_G1-2-2-2-2-2-3-3_lambda2",8,"1,2,2,2,2,2,3,3",2,3,-10316.4144226229,30744,-0.335558626809229,0.854703356752537,0.102869957483842,TRUE,0,25.628999999999,0.958000000000538,""
"H8_G1-2-2-2-2-2-3-3_lambda2",8,"1,2,2,2,2,2,3,3",2,4,-9402.00450073497,30744,-0.305815915324452,0.874349466562581,0.0910801560729163,TRUE,0,31.5460000000003,0.777000000000044,""
"H8_G1-2-2-2-2-2-3-3_lambda2",8,"1,2,2,2,2,2,3,3",2,5,-9382.72021062547,30744,-0.305188661547797,0.877732240437158,0.0897852868625088,TRUE,0,32.1079999999984,0.740999999999985,""
"H8_G1-2-2-2-2-2-3-3_lambda4",8,"1,2,2,2,2,2,3,3",4,1,-10535.8037136827,32025,-0.328986845079866,0.860015612802498,0.101549737722696,TRUE,0,25.2900000000009,0.947000000000116,""
"H8_G1-2-2-2-2-2-3-3_lambda4",8,"1,2,2,2,2,2,3,3",4,2,-9148.45846413646,32025,-0.285666150324323,0.883028883684621,0.0865197778836081,TRUE,0,27.2610000000004,0.897999999999229,""
"H8_G1-2-2-2-2-2-3-3_lambda4",8,"1,2,2,2,2,2,3,3",4,3,-10219.7651634061,30744,-0.332414948068113,0.85271922976841,0.103782287692205,TRUE,0,27.8009999999995,0.828999999999724,""
"H8_G1-2-2-2-2-2-3-3_lambda4",8,"1,2,2,2,2,2,3,3",4,4,-9413.53914408731,30744,-0.306191098883922,0.870934166016133,0.0930983588213035,TRUE,0,31.8130000000001,0.738000000001193,""
"H8_G1-2-2-2-2-2-3-3_lambda4",8,"1,2,2,2,2,2,3,3",4,5,-9103.81174882938,30744,-0.296116697528929,0.877114233671611,0.0891670304812818,TRUE,0,24.6959999999999,0.909999999999854,""
"H8_G1-2-2-2-2-2-3-3_lambda8",8,"1,2,2,2,2,2,3,3",8,1,-10668.3208182642,32025,-0.333124771842754,0.855612802498048,0.10372923752308,TRUE,0,22.8279999999995,0.935999999999694,""
"H8_G1-2-2-2-2-2-3-3_lambda8",8,"1,2,2,2,2,2,3,3",8,2,-9240.61503150357,32025,-0.288543794894725,0.882529274004684,0.0872464089098023,TRUE,0,31.7820000000011,0.691000000000713,""
"H8_G1-2-2-2-2-2-3-3_lambda8",8,"1,2,2,2,2,2,3,3",8,3,-10393.2955191973,30744,-0.338059313010582,0.849368982565704,0.106041649085587,TRUE,0,23.6230000000014,0.929999999998472,""
"H8_G1-2-2-2-2-2-3-3_lambda8",8,"1,2,2,2,2,2,3,3",8,4,-9260.21538866452,30744,-0.301203987401266,0.872040072859745,0.092302311905305,TRUE,0,31.6589999999997,0.645000000000437,""
"H8_G1-2-2-2-2-2-3-3_lambda8",8,"1,2,2,2,2,2,3,3",8,5,-9168.95016336408,30744,-0.298235433364692,0.87604085349987,0.0906911814708816,TRUE,0,24.0310000000009,0.860000000000582,""
"H8_G1-2-2-2-2-3-3-3_lambda0",8,"1,2,2,2,2,3,3,3",0,1,-39041.8947885828,32025,-1.21910678496746,0.844434035909446,0.126843063469815,TRUE,0,135.581,2.01499999999942,""
"H8_G1-2-2-2-2-3-3-3_lambda0",8,"1,2,2,2,2,3,3,3",0,2,-27423.7014618789,32025,-0.856321669379514,0.865854800936768,0.107420517386655,TRUE,0,140.543000000001,1.81999999999971,""
"H8_G1-2-2-2-2-3-3-3_lambda0",8,"1,2,2,2,2,3,3,3",0,3,-32694.0304236864,30744,-1.06342799972958,0.843579234972678,0.124909620049445,TRUE,0,114.869000000001,1.98999999999978,""
"H8_G1-2-2-2-2-3-3-3_lambda0",8,"1,2,2,2,2,3,3,3",0,4,-29674.0871661524,30744,-0.965199296322937,0.858248763986469,0.114215610388932,TRUE,0,136.325000000001,1.84599999999955,""
"H8_G1-2-2-2-2-3-3-3_lambda0",8,"1,2,2,2,2,3,3,3",0,5,-31002.5192615443,30744,-1.00840877119257,0.867421285454072,0.108192375119596,TRUE,0,126.909,1.94900000000052,""
"H8_G1-2-2-2-2-3-3-3_lambda1",8,"1,2,2,2,2,3,3,3",1,1,-11365.4117237539,32025,-0.354891857103946,0.859484777517564,0.102648813179279,TRUE,0,32.9200000000001,1.04799999999886,""
"H8_G1-2-2-2-2-3-3-3_lambda1",8,"1,2,2,2,2,3,3,3",1,2,-9874.47874298713,32025,-0.308336572770871,0.878626073380172,0.0891221762137671,TRUE,0,30.2239999999983,1.23000000000138,""
"H8_G1-2-2-2-2-3-3-3_lambda1",8,"1,2,2,2,2,3,3,3",1,3,-10996.8829483365,30744,-0.357692003263612,0.854410616705699,0.104516541163897,TRUE,0,32.5770000000011,1.12199999999939,""
"H8_G1-2-2-2-2-3-3-3_lambda1",8,"1,2,2,2,2,3,3,3",1,4,-10036.1636984233,30744,-0.326443003461597,0.874056726515743,0.0928021493386558,TRUE,0,33.6059999999998,0.989999999999782,""
"H8_G1-2-2-2-2-3-3-3_lambda1",8,"1,2,2,2,2,3,3,3",1,5,-9998.87215888429,30744,-0.325230033791448,0.877992453812126,0.0901978543097205,TRUE,0,29.5439999999999,1.16399999999885,""
"H8_G1-2-2-2-2-3-3-3_lambda12",8,"1,2,2,2,2,3,3,3",12,1,-11060.5234962293,32025,-0.345371537743304,0.849898516783763,0.107659995443359,TRUE,0,34.9089999999997,0.962000000001353,""
"H8_G1-2-2-2-2-3-3-3_lambda12",8,"1,2,2,2,2,3,3,3",12,2,-9546.25818379635,32025,-0.298087687237981,0.878626073380172,0.0901024869519828,TRUE,0,26.1890000000003,1.17299999999886,""
"H8_G1-2-2-2-2-3-3-3_lambda12",8,"1,2,2,2,2,3,3,3",12,3,-10758.1267027245,30744,-0.349926057205456,0.84435987509758,0.109760286412687,TRUE,0,37.7970000000005,0.824000000000524,""
"H8_G1-2-2-2-2-3-3-3_lambda12",8,"1,2,2,2,2,3,3,3",12,4,-9422.40453461483,30744,-0.306479460532619,0.870186052563102,0.0934541213286521,TRUE,0,34.2479999999996,0.751000000000204,""
"H8_G1-2-2-2-2-3-3-3_lambda12",8,"1,2,2,2,2,3,3,3",12,5,-9613.66331293918,30744,-0.312700472057611,0.869372885766328,0.0952226509814058,TRUE,0,58.7099999999991,0.757999999999811,""
"H8_G1-2-2-2-2-3-3-3_lambda2",8,"1,2,2,2,2,3,3,3",2,1,-10678.3192106057,32025,-0.333436977692605,0.860265417642467,0.101423737913934,TRUE,0,35.8780000000006,0.894000000000233,""
"H8_G1-2-2-2-2-3-3-3_lambda2",8,"1,2,2,2,2,3,3,3",2,2,-9249.98892004366,32025,-0.288836500235556,0.881623731459797,0.0865953260089354,TRUE,0,26.9400000000005,1.17499999999927,""
"H8_G1-2-2-2-2-3-3-3_lambda2",8,"1,2,2,2,2,3,3,3",2,3,-10218.8785189192,30744,-0.332386108473821,0.855711683580536,0.102028619586184,TRUE,0,30.9030000000002,1.17000000000007,""
"H8_G1-2-2-2-2-3-3-3_lambda2",8,"1,2,2,2,2,3,3,3",2,4,-9333.1294953234,30744,-0.303575640623321,0.875618006765548,0.0908003830236667,TRUE,0,32.9979999999996,0.909999999999854,""
"H8_G1-2-2-2-2-3-3-3_lambda2",8,"1,2,2,2,2,3,3,3",2,5,-9229.7718941583,30744,-0.300213761844857,0.880269320843091,0.0886500983057294,TRUE,0,23.5320000000011,1.1299999999992,""
"H8_G1-2-2-2-2-3-3-3_lambda4",8,"1,2,2,2,2,3,3,3",4,1,-10607.8158934442,32025,-0.331235468960007,0.858391881342701,0.102027533823754,TRUE,0,25.9770000000008,1.11299999999937,""
"H8_G1-2-2-2-2-3-3-3_lambda4",8,"1,2,2,2,2,3,3,3",4,2,-9041.9704623994,32025,-0.282340998045258,0.884871194379391,0.0854333297138111,TRUE,0,29.2720000000008,1.08099999999831,""
"H8_G1-2-2-2-2-3-3-3_lambda4",8,"1,2,2,2,2,3,3,3",4,3,-10163.1648073912,30744,-0.33057392686024,0.854735883424408,0.103114719931585,TRUE,0,32.3339999999989,0.850000000000364,""
"H8_G1-2-2-2-2-3-3-3_lambda4",8,"1,2,2,2,2,3,3,3",4,4,-9237.31871898978,30744,-0.300459234939819,0.873763986468905,0.0917993297891373,TRUE,0,30.4939999999988,0.962999999999738,""
"H8_G1-2-2-2-2-3-3-3_lambda4",8,"1,2,2,2,2,3,3,3",4,5,-9250.19913868454,30744,-0.30087819212479,0.87639864689045,0.0906278457131117,TRUE,0,29.0730000000003,1.0630000000001,""
"H8_G1-2-2-2-2-3-3-3_lambda8",8,"1,2,2,2,2,3,3,3",8,1,-10699.2228149087,32025,-0.334089705383566,0.854644808743169,0.103775076755328,TRUE,0,22.7980000000007,1.2559999999994,""
"H8_G1-2-2-2-2-3-3-3_lambda8",8,"1,2,2,2,2,3,3,3",8,2,-9354.98777363093,32025,-0.292115152962714,0.880593286494926,0.0885765821958742,TRUE,0,34.3819999999996,0.788000000000466,""
"H8_G1-2-2-2-2-3-3-3_lambda8",8,"1,2,2,2,2,3,3,3",8,3,-10534.041208586,30744,-0.342637301866575,0.848718449128285,0.107529350988505,TRUE,0,29.4470000000001,0.990999999999985,""
"H8_G1-2-2-2-2-3-3-3_lambda8",8,"1,2,2,2,2,3,3,3",8,4,-9292.44997581598,30744,-0.302252471240437,0.872267759562842,0.0927103646177851,TRUE,0,33.1570000000011,0.822000000000116,""
"H8_G1-2-2-2-2-3-3-3_lambda8",8,"1,2,2,2,2,3,3,3",8,5,-9360.05335113108,30744,-0.304451384046678,0.870153525891231,0.0932487712322365,TRUE,0,29.473,0.903000000000247,""
"H8_G1-2-2-2-3-3-3-3_lambda0",8,"1,2,2,2,3,3,3,3",0,1,-38374.9193352851,32025,-1.19828007292069,0.845776736924278,0.126115817017505,TRUE,0,127.198,2.20800000000054,""
"H8_G1-2-2-2-3-3-3-3_lambda0",8,"1,2,2,2,3,3,3,3",0,2,-27454.2678727164,32025,-0.857276124050471,0.866104605776737,0.107407127133419,TRUE,0,130.425999999999,1.96500000000015,""
"H8_G1-2-2-2-3-3-3-3_lambda0",8,"1,2,2,2,3,3,3,3",0,3,-32083.9772085066,30744,-1.04358499897563,0.841692688004163,0.124388729768302,TRUE,0,112.123,2.02099999999882,""
"H8_G1-2-2-2-3-3-3-3_lambda0",8,"1,2,2,2,3,3,3,3",0,4,-30796.1593640232,30744,-1.00169657051858,0.857338017174083,0.114978232762024,TRUE,0,141.852000000001,1.91299999999865,""
"H8_G1-2-2-2-3-3-3-3_lambda0",8,"1,2,2,2,3,3,3,3",0,5,-31848.8527554462,30744,-1.0359371830421,0.863420504813947,0.110895905720243,TRUE,0,131.046999999999,2.03800000000047,""
"H8_G1-2-2-2-3-3-3-3_lambda1",8,"1,2,2,2,3,3,3,3",1,1,-11363.994337103,32025,-0.354847598348258,0.860109289617486,0.102934856579571,TRUE,0,30.9420000000009,1.1200000000008,""
"H8_G1-2-2-2-3-3-3-3_lambda1",8,"1,2,2,2,3,3,3,3",1,2,-9852.69737932446,32025,-0.307656436512864,0.879968774395004,0.0889740559576593,TRUE,0,29.9030000000002,1.02900000000045,""
"H8_G1-2-2-2-3-3-3-3_lambda1",8,"1,2,2,2,3,3,3,3",1,3,-10744.8177486738,30744,-0.349493161224103,0.857045277127244,0.102878115700479,TRUE,0,25.753999999999,1.21399999999994,""
"H8_G1-2-2-2-3-3-3-3_lambda1",8,"1,2,2,2,3,3,3,3",1,4,-10054.9699216161,30744,-0.327054707312519,0.873861566484517,0.0930915419517326,TRUE,0,33.0439999999999,0.85399999999936,""
"H8_G1-2-2-2-3-3-3-3_lambda1",8,"1,2,2,2,3,3,3,3",1,5,-9890.47113752737,30744,-0.321704109339298,0.876854020296643,0.0904719563309463,TRUE,0,27.2749999999996,1.08399999999892,""
"H8_G1-2-2-2-3-3-3-3_lambda12",8,"1,2,2,2,3,3,3,3",12,1,-11060.7955948545,32025,-0.345380034187494,0.848899297423888,0.107662164687459,TRUE,0,20.5360000000001,1.03500000000167,""
"H8_G1-2-2-2-3-3-3-3_lambda12",8,"1,2,2,2,3,3,3,3",12,2,-9498.52045871022,32025,-0.29659704789103,0.879531615925059,0.0896096316116348,TRUE,0,23.5200000000004,1.17200000000048,""
"H8_G1-2-2-2-3-3-3-3_lambda12",8,"1,2,2,2,3,3,3,3",12,3,-10910.1443528363,30744,-0.354870685429232,0.841172261254229,0.111683618025068,TRUE,0,29.5499999999993,0.931000000000495,""
"H8_G1-2-2-2-3-3-3-3_lambda12",8,"1,2,2,2,3,3,3,3",12,4,-9433.68355940332,30744,-0.306846329670938,0.869925839188134,0.0935846110685713,TRUE,0,31.628999999999,0.760000000000218,""
"H8_G1-2-2-2-3-3-3-3_lambda12",8,"1,2,2,2,3,3,3,3",12,5,-9594.90513673779,30744,-0.312090331015411,0.868332032266458,0.0955148411952123,TRUE,0,32.4980000000014,0.712999999999738,""
"H8_G1-2-2-2-3-3-3-3_lambda2",8,"1,2,2,2,3,3,3,3",2,1,-10664.3377261552,32025,-0.333000397381896,0.860296643247463,0.10113249458667,TRUE,0,29.2380000000012,1.04899999999907,""
"H8_G1-2-2-2-3-3-3-3_lambda2",8,"1,2,2,2,3,3,3,3",2,2,-9268.75474190865,32025,-0.289422474376539,0.88271662763466,0.0865714860798415,TRUE,0,24.1279999999988,1.1880000000001,""
"H8_G1-2-2-2-3-3-3-3_lambda2",8,"1,2,2,2,3,3,3,3",2,3,-10226.9852115101,30744,-0.332649792203686,0.858411397345824,0.101256711096756,TRUE,0,29.4330000000009,1.02000000000044,""
"H8_G1-2-2-2-3-3-3-3_lambda2",8,"1,2,2,2,3,3,3,3",2,4,-9300.98006851395,30744,-0.302529926766652,0.876073380171741,0.090282743981745,TRUE,0,31.6260000000002,0.886000000000422,""
"H8_G1-2-2-2-3-3-3-3_lambda2",8,"1,2,2,2,3,3,3,3",2,5,-9250.82147701497,30744,-0.300898434719456,0.877959927140255,0.0889018646373544,TRUE,0,26.732,1.07599999999911,""
"H8_G1-2-2-2-3-3-3-3_lambda4",8,"1,2,2,2,3,3,3,3",4,1,-10503.6879360309,32025,-0.327984010492769,0.857174082747853,0.101682723498722,TRUE,0,25.2250000000004,1.1760000000013,""
"H8_G1-2-2-2-3-3-3-3_lambda4",8,"1,2,2,2,3,3,3,3",4,2,-9036.64891160099,32025,-0.28217482940206,0.884871194379391,0.0851868413665065,TRUE,0,24.134,1.17499999999927,""
"H8_G1-2-2-2-3-3-3-3_lambda4",8,"1,2,2,2,3,3,3,3",4,3,-9979.3153145505,30744,-0.324593914732972,0.858574030705178,0.100716309941607,TRUE,0,25.4720000000016,1.24499999999898,""
"H8_G1-2-2-2-3-3-3-3_lambda4",8,"1,2,2,2,3,3,3,3",4,4,-9247.53161886861,30744,-0.300791426583028,0.872397866250325,0.0920036207722269,TRUE,0,32.4750000000004,0.819999999999709,""
"H8_G1-2-2-2-3-3-3-3_lambda4",8,"1,2,2,2,3,3,3,3",4,5,-9264.67859806105,30744,-0.301349160748798,0.874251886546969,0.0912772639639477,TRUE,0,28.2379999999994,1.12800000000061,""
"H8_G1-2-2-2-3-3-3-3_lambda8",8,"1,2,2,2,3,3,3,3",8,1,-10674.1923480573,32025,-0.333308113912798,0.85664324746292,0.103449912757929,TRUE,0,22.5689999999995,1.16899999999987,""
"H8_G1-2-2-2-3-3-3-3_lambda8",8,"1,2,2,2,3,3,3,3",8,2,-9311.84106052774,32025,-0.290767870742474,0.879937548790008,0.0883436120856201,TRUE,0,24.5669999999991,1.16599999999926,""
"H8_G1-2-2-2-3-3-3-3_lambda8",8,"1,2,2,2,3,3,3,3",8,3,-10356.210499804,30744,-0.336853060753446,0.849629195940671,0.105812785124742,TRUE,0,27.4860000000008,1.02900000000045,""
"H8_G1-2-2-2-3-3-3-3_lambda8",8,"1,2,2,2,3,3,3,3",8,4,-9345.63691615208,30744,-0.303982465396568,0.872820712984647,0.0928088744554666,TRUE,0,32,0.935999999999694,""
"H8_G1-2-2-2-3-3-3-3_lambda8",8,"1,2,2,2,3,3,3,3",8,5,-9365.85093594599,30744,-0.304639960185597,0.869828259172521,0.0933102076742266,TRUE,0,27.8260000000009,0.970999999999549,""
"H8_G1-2-2-3-3-3-3-3_lambda0",8,"1,2,2,3,3,3,3,3",0,1,-38316.6571625165,32025,-1.1964608013276,0.846432474629196,0.125756708268514,TRUE,0,141.538999999999,2.22000000000116,""
"H8_G1-2-2-3-3-3-3-3_lambda0",8,"1,2,2,3,3,3,3,3",0,2,-26236.5621991696,32025,-0.819252527686795,0.867166276346604,0.106129492948115,TRUE,0,117.418,2.07699999999932,""
"H8_G1-2-2-3-3-3-3-3_lambda0",8,"1,2,2,3,3,3,3,3",0,3,-33028.951063113,30744,-1.07432185347102,0.843058808222743,0.125087572501844,TRUE,0,111.267,2.15100000000166,""
"H8_G1-2-2-3-3-3-3-3_lambda0",8,"1,2,2,3,3,3,3,3",0,4,-30545.0659349387,30744,-0.9935293369418,0.860883424408015,0.112680181809759,TRUE,0,161.603000000001,2.11699999999837,""
"H8_G1-2-2-3-3-3-3-3_lambda0",8,"1,2,2,3,3,3,3,3",0,5,-30683.6374366058,30744,-0.998036606707188,0.864461358313817,0.108760378063338,TRUE,0,115.921,2.17599999999948,""
"H8_G1-2-2-3-3-3-3-3_lambda1",8,"1,2,2,3,3,3,3,3",1,1,-11426.5575742846,32025,-0.356801173279768,0.858110850897736,0.103312433388391,TRUE,0,32.9490000000005,1.17799999999988,""
"H8_G1-2-2-3-3-3-3-3_lambda1",8,"1,2,2,3,3,3,3,3",1,2,-9785.60489733927,32025,-0.305561433172186,0.879875097580016,0.0884331211105553,TRUE,0,28.9349999999995,1.33100000000013,""
"H8_G1-2-2-3-3-3-3-3_lambda1",8,"1,2,2,3,3,3,3,3",1,3,-10739.1700703439,30744,-0.349309461044232,0.856915170439761,0.102868096987716,TRUE,0,28.2379999999994,1.33200000000033,""
"H8_G1-2-2-3-3-3-3-3_lambda1",8,"1,2,2,3,3,3,3,3",1,4,-9939.9275129703,30744,-0.323312760635256,0.874609679937549,0.0925358739617347,TRUE,0,34.7470000000012,1.09900000000016,""
"H8_G1-2-2-3-3-3-3-3_lambda1",8,"1,2,2,3,3,3,3,3",1,5,-9846.84720235061,30744,-0.320285167914084,0.878285193858964,0.089685926813802,TRUE,0,28.3629999999994,1.29800000000068,""
"H8_G1-2-2-3-3-3-3-3_lambda12",8,"1,2,2,3,3,3,3,3",12,1,-11000.1658834331,32025,-0.343486834767623,0.85152224824356,0.106845656298257,TRUE,0,22.6839999999993,1.15600000000086,""
"H8_G1-2-2-3-3-3-3-3_lambda12",8,"1,2,2,3,3,3,3,3",12,2,-9515.69721427581,32025,-0.297133402475435,0.879125683060109,0.0897742994792287,TRUE,0,29.7559999999994,1.16600000000108,""
"H8_G1-2-2-3-3-3-3-3_lambda12",8,"1,2,2,3,3,3,3,3",12,3,-10794.968032936,30744,-0.351124383064533,0.842993754879001,0.110477796878642,TRUE,0,24.9120000000003,1.29500000000007,""
"H8_G1-2-2-3-3-3-3-3_lambda12",8,"1,2,2,3,3,3,3,3",12,4,-9444.9683817577,30744,-0.307213387384781,0.870088472547489,0.0937108051303336,TRUE,0,30.7510000000002,0.968999999999141,""
"H8_G1-2-2-3-3-3-3-3_lambda12",8,"1,2,2,3,3,3,3,3",12,5,-9596.36070970536,30744,-0.312137675959711,0.868819932344522,0.095533606556316,TRUE,0,31.8339999999989,0.996000000001004,""
"H8_G1-2-2-3-3-3-3-3_lambda2",8,"1,2,2,3,3,3,3,3",2,1,-10791.0875004298,32025,-0.336958235766737,0.860546448087432,0.101821942360509,TRUE,0,36.5210000000006,0.864999999999782,""
"H8_G1-2-2-3-3-3-3-3_lambda2",8,"1,2,2,3,3,3,3,3",2,2,-9281.24689058693,32025,-0.289812549276719,0.881654957064793,0.0868567429706077,TRUE,0,23.9799999999996,1.42500000000109,""
"H8_G1-2-2-3-3-3-3-3_lambda2",8,"1,2,2,3,3,3,3,3",2,3,-10182.6411858715,30744,-0.331207428632301,0.858151183970856,0.100984432896685,TRUE,0,28.0859999999993,1.34400000000096,""
"H8_G1-2-2-3-3-3-3-3_lambda2",8,"1,2,2,3,3,3,3,3",2,4,-9344.7455403863,30744,-0.303953471909521,0.874772313296903,0.0910993278033705,TRUE,0,33.134,0.990999999999985,""
"H8_G1-2-2-3-3-3-3-3_lambda2",8,"1,2,2,3,3,3,3,3",2,5,-9293.47475501908,30744,-0.302285803897316,0.880854800936768,0.088766179116865,TRUE,0,27.5480000000007,1.29999999999927,""
"H8_G1-2-2-3-3-3-3-3_lambda4",8,"1,2,2,3,3,3,3,3",4,1,-10519.0420079997,32025,-0.328463450679148,0.858672911787666,0.101294461700603,TRUE,0,27.0030000000006,1.33799999999974,""
"H8_G1-2-2-3-3-3-3-3_lambda4",8,"1,2,2,3,3,3,3,3",4,2,-9233.98449240979,32025,-0.288336752300072,0.880967993754879,0.0874039415962296,FALSE,0,31.4480000000003,1.09999999999854,""
"H8_G1-2-2-3-3-3-3-3_lambda4",8,"1,2,2,3,3,3,3,3",4,3,-10107.4274940841,30744,-0.328760977559332,0.855776736924278,0.102237632195196,TRUE,0,29.1060000000016,1.28699999999844,""
"H8_G1-2-2-3-3-3-3-3_lambda4",8,"1,2,2,3,3,3,3,3",4,4,-9273.84615439673,30744,-0.301647350845587,0.872462919594067,0.0920665893931965,FALSE,0,34.9850000000006,0.922999999998865,""
"H8_G1-2-2-3-3-3-3-3_lambda4",8,"1,2,2,3,3,3,3,3",4,5,-9149.36020401383,30744,-0.297598237184941,0.878350247202706,0.0893433026188451,TRUE,0,24.3040000000001,1.43399999999929,""
"H8_G1-2-2-3-3-3-3-3_lambda8",8,"1,2,2,3,3,3,3,3",8,1,-10759.89220079,32025,-0.335984143662452,0.853864168618267,0.10448130619692,TRUE,0,24.3330000000005,1.19800000000032,""
"H8_G1-2-2-3-3-3-3-3_lambda8",8,"1,2,2,3,3,3,3,3",8,2,-9188.83810543559,32025,-0.286927029053414,0.882810304449649,0.0868015297456997,TRUE,0,32.8940000000002,1.00300000000061,""
"H8_G1-2-2-3-3-3-3-3_lambda8",8,"1,2,2,3,3,3,3,3",8,3,-10468.1882988844,30744,-0.340495325880967,0.847872755659641,0.107118845910459,TRUE,0,25.2489999999998,1.23300000000017,""
"H8_G1-2-2-3-3-3-3-3_lambda8",8,"1,2,2,3,3,3,3,3",8,4,-9328.166309462,30744,-0.303414204705373,0.870088472547489,0.09310319866141,TRUE,0,32.0609999999997,0.968000000000757,""
"H8_G1-2-2-3-3-3-3-3_lambda8",8,"1,2,2,3,3,3,3,3",8,5,-9407.87776980288,30744,-0.306006953220234,0.872105126203487,0.0934125567064896,TRUE,0,33.9620000000014,0.936999999999898,""
"H8_G1-2-3-3-3-3-3-3_lambda0",8,"1,2,3,3,3,3,3,3",0,1,-38565.4475684491,32025,-1.20422943227007,0.844309133489461,0.127216532885124,TRUE,0,144.061,2.53200000000106,""
"H8_G1-2-3-3-3-3-3-3_lambda0",8,"1,2,3,3,3,3,3,3",0,2,-26004.6793439635,32025,-0.812011845244762,0.870226385636222,0.104050015774374,TRUE,0,131.061,2.25799999999981,""
"H8_G1-2-3-3-3-3-3-3_lambda0",8,"1,2,3,3,3,3,3,3",0,3,-35207.9549256165,30744,-1.14519759711217,0.841725214676034,0.127432067186029,TRUE,0,143.087,2.47199999999975,""
"H8_G1-2-3-3-3-3-3-3_lambda0",8,"1,2,3,3,3,3,3,3",0,4,-30694.6734418681,30744,-0.998395571229121,0.86003773093937,0.113786785480194,TRUE,0,144.514999999999,2.19499999999971,""
"H8_G1-2-3-3-3-3-3-3_lambda0",8,"1,2,3,3,3,3,3,3",0,5,-29916.710739263,30744,-0.973091033673659,0.865502211813687,0.108318582057159,TRUE,0,113.146999999999,2.45700000000033,""
"H8_G1-2-3-3-3-3-3-3_lambda1",8,"1,2,3,3,3,3,3,3",1,1,-11392.6672594857,32025,-0.355742927696666,0.859734582357533,0.102917043457116,FALSE,0,34.8199999999997,1.50500000000102,""
"H8_G1-2-3-3-3-3-3-3_lambda1",8,"1,2,3,3,3,3,3,3",1,2,-9749.63687124839,32025,-0.304438309796983,0.881217798594848,0.0883640220900985,TRUE,0,35.1579999999994,1.50600000000122,""
"H8_G1-2-3-3-3-3-3-3_lambda1",8,"1,2,3,3,3,3,3,3",1,3,-10747.8760831921,30744,-0.349592638667451,0.855353890189956,0.103209594847215,TRUE,0,34.9449999999997,1.46700000000055,""
"H8_G1-2-3-3-3-3-3-3_lambda1",8,"1,2,3,3,3,3,3,3",1,4,-9941.00003571609,30744,-0.323347646230682,0.87464220660942,0.0924902666622129,TRUE,0,33,1.49499999999898,""
"H8_G1-2-3-3-3-3-3-3_lambda1",8,"1,2,3,3,3,3,3,3",1,5,-9803.50521738268,30744,-0.318875397390797,0.878870673952641,0.0901609031872042,TRUE,0,37.5340000000015,1.33599999999933,""
"H8_G1-2-3-3-3-3-3-3_lambda12",8,"1,2,3,3,3,3,3,3",12,1,-11002.1091253747,32025,-0.343547513672903,0.85096018735363,0.106885939867774,TRUE,0,29.759,1.50699999999961,""
"H8_G1-2-3-3-3-3-3-3_lambda12",8,"1,2,3,3,3,3,3,3",12,2,-9499.82776325193,32025,-0.296637869266259,0.878220140515222,0.0896577287717161,TRUE,0,29.8819999999996,1.69599999999991,""
"H8_G1-2-3-3-3-3-3-3_lambda12",8,"1,2,3,3,3,3,3,3",12,3,-10699.9456668055,30744,-0.348033621741007,0.846376528753578,0.108895498570374,TRUE,0,32.3219999999983,1.32100000000173,""
"H8_G1-2-3-3-3-3-3-3_lambda12",8,"1,2,3,3,3,3,3,3",12,4,-9496.03707410564,30744,-0.30887448198366,0.869893312516263,0.0941790080341887,TRUE,0,31.8060000000005,1.25699999999961,""
"H8_G1-2-3-3-3-3-3-3_lambda12",8,"1,2,3,3,3,3,3,3",12,5,-9625.08952608653,30744,-0.313072128743382,0.867551392141556,0.0958233198842453,TRUE,0,27.9459999999999,1.52900000000045,""
"H8_G1-2-3-3-3-3-3-3_lambda2",8,"1,2,3,3,3,3,3,3",2,1,-10810.4415901792,32025,-0.337562578928312,0.857861046057767,0.101979463367263,TRUE,0,28.9849999999988,1.89199999999983,""
"H8_G1-2-3-3-3-3-3-3_lambda2",8,"1,2,3,3,3,3,3,3",2,2,-9325.59820171715,32025,-0.29119744579913,0.881873536299766,0.0868503242419558,TRUE,0,29.7200000000012,1.80699999999888,""
"H8_G1-2-3-3-3-3-3-3_lambda2",8,"1,2,3,3,3,3,3,3",2,3,-10308.3054020758,30744,-0.335294867358699,0.854703356752537,0.102808268243485,TRUE,0,29.7569999999996,1.81999999999971,""
"H8_G1-2-3-3-3-3-3-3_lambda2",8,"1,2,3,3,3,3,3,3",2,4,-9433.86653762403,30744,-0.306852281343483,0.875552953421806,0.0911381033309005,TRUE,0,32.8369999999995,1.58100000000013,""
"H8_G1-2-3-3-3-3-3-3_lambda2",8,"1,2,3,3,3,3,3,3",2,5,-9243.83917669363,30744,-0.300671323728,0.880464480874317,0.0887255671582803,TRUE,0,35.5229999999992,1.39700000000084,""
"H8_G1-2-3-3-3-3-3-3_lambda4",8,"1,2,3,3,3,3,3,3",4,1,-10794.622804325,32025,-0.337068627769712,0.856424668227947,0.103313550262869,TRUE,0,29.262999999999,1.72500000000036,""
"H8_G1-2-3-3-3-3-3-3_lambda4",8,"1,2,3,3,3,3,3,3",4,2,-9028.87210324212,32025,-0.281931993856116,0.88455893832943,0.08515228931367,TRUE,0,32.3549999999996,1.62800000000061,""
"H8_G1-2-3-3-3-3-3-3_lambda4",8,"1,2,3,3,3,3,3,3",4,3,-10080.7088344162,30744,-0.327891908483482,0.855061150143117,0.101806827944881,TRUE,0,31.030999999999,1.77200000000084,""
"H8_G1-2-3-3-3-3-3-3_lambda4",8,"1,2,3,3,3,3,3,3",4,4,-9307.54064686526,30744,-0.302743320545969,0.8722027062191,0.0926093523076631,TRUE,0,38.7990000000009,1.29500000000007,""
"H8_G1-2-3-3-3-3-3-3_lambda4",8,"1,2,3,3,3,3,3,3",4,5,-9394.27339412619,30744,-0.30556444815659,0.871259432734843,0.0923113754971701,TRUE,0,33.8919999999998,1.47199999999975,""
"H8_G1-2-3-3-3-3-3-3_lambda8",8,"1,2,3,3,3,3,3,3",8,1,-10814.2064811038,32025,-0.337680139925176,0.854207650273224,0.104602379291148,TRUE,0,21.485999999999,1.8070000000007,""
"H8_G1-2-3-3-3-3-3-3_lambda8",8,"1,2,3,3,3,3,3,3",8,2,-9255.4739078825,32025,-0.289007772299219,0.882404371584699,0.0875614337435414,TRUE,0,33.0889999999999,1.63999999999942,""
"H8_G1-2-3-3-3-3-3-3_lambda8",8,"1,2,3,3,3,3,3,3",8,3,-10427.9617911949,30744,-0.339186891464835,0.84923887587822,0.106373457999209,TRUE,0,30.9629999999997,1.54300000000148,""
"H8_G1-2-3-3-3-3-3-3_lambda8",8,"1,2,3,3,3,3,3,3",8,4,-9237.92390512111,30744,-0.300478919630533,0.872170179547229,0.0922201400947733,TRUE,0,42.3359999999993,1.19600000000173,""
"H8_G1-2-3-3-3-3-3-3_lambda8",8,"1,2,3,3,3,3,3,3",8,5,-9291.24717571572,30744,-0.302213348156249,0.872723132969035,0.0921224151926141,TRUE,0,34.3140000000003,1.45299999999952,""
"H8_G1-3-3-3-3-3-3-3_lambda0",8,"1,3,3,3,3,3,3,3",0,1,-39019.7942174313,32025,-1.21841668126249,0.843747072599532,0.127616405924802,TRUE,0,138.598,2.82400000000052,""
"H8_G1-3-3-3-3-3-3-3_lambda0",8,"1,3,3,3,3,3,3,3",0,2,-26937.8671538329,32025,-0.841151199182918,0.865979703356753,0.107105220545646,TRUE,0,133.128000000001,2.72599999999875,""
"H8_G1-3-3-3-3-3-3-3_lambda0",8,"1,3,3,3,3,3,3,3",0,3,-32606.8380046743,30744,-1.06059192052675,0.842896174863388,0.124629555579607,TRUE,0,126.592000000001,2.71899999999914,""
"H8_G1-3-3-3-3-3-3-3_lambda0",8,"1,3,3,3,3,3,3,3",0,4,-29660.3121684433,30744,-0.96475124149243,0.860070257611241,0.112089784196029,TRUE,0,144.51,2.53499999999985,""
"H8_G1-3-3-3-3-3-3-3_lambda0",8,"1,3,3,3,3,3,3,3",0,5,-30672.806142068,30744,-0.997684300743821,0.866770752016654,0.108110100920725,TRUE,0,143.85,2.61300000000119,""
"H8_G1-3-3-3-3-3-3-3_lambda1",8,"1,3,3,3,3,3,3,3",1,1,-11473.6181916859,32025,-0.358270669529614,0.859172521467603,0.103117267529342,TRUE,0,34.7139999999999,1.86299999999937,""
"H8_G1-3-3-3-3-3-3-3_lambda1",8,"1,3,3,3,3,3,3,3",1,2,-9756.43291361705,32025,-0.304650520331524,0.880218579234973,0.0883564466606927,TRUE,0,29.6749999999993,2.18400000000111,""
"H8_G1-3-3-3-3-3-3-3_lambda1",8,"1,3,3,3,3,3,3,3",1,3,-10939.2235256886,30744,-0.355816534142878,0.855061150143117,0.104372476651549,TRUE,0,38.5810000000001,1.51299999999901,""
"H8_G1-3-3-3-3-3-3-3_lambda1",8,"1,3,3,3,3,3,3,3",1,4,-10048.0632294442,30744,-0.326830055602532,0.872788186312776,0.093266746889209,TRUE,0,54.7199999999993,1.39300000000003,""
"H8_G1-3-3-3-3-3-3-3_lambda1",8,"1,3,3,3,3,3,3,3",1,5,-9852.66696196467,30744,-0.320474465325418,0.879944054124382,0.0893244757497388,TRUE,0,25.6389999999992,2.33599999999933,""
"H8_G1-3-3-3-3-3-3-3_lambda12",8,"1,3,3,3,3,3,3,3",12,1,-10950.3222490873,32025,-0.341930437129972,0.851865729898517,0.106291473749295,TRUE,0,29.9030000000002,1.85400000000118,""
"H8_G1-3-3-3-3-3-3-3_lambda12",8,"1,3,3,3,3,3,3,3",12,2,-9502.50029197556,32025,-0.296721320592523,0.879094457455113,0.0895655171611644,TRUE,0,26.4490000000005,2.17300000000068,""
"H8_G1-3-3-3-3-3-3-3_lambda12",8,"1,3,3,3,3,3,3,3",12,3,-10792.4075265248,30744,-0.351041098312671,0.842017954722873,0.110602042920314,TRUE,0,28.3089999999993,2.14200000000164,""
"H8_G1-3-3-3-3-3-3-3_lambda12",8,"1,3,3,3,3,3,3,3",12,4,-9543.95251793829,30744,-0.310433011902755,0.870186052563102,0.0945160749216467,TRUE,0,33.9429999999993,1.63400000000001,""
"H8_G1-3-3-3-3-3-3-3_lambda12",8,"1,3,3,3,3,3,3,3",12,5,-9615.2359681043,30744,-0.312751625296133,0.867941712204007,0.0956916575023918,FALSE,0,85.710000000001,1.128999999999,""
"H8_G1-3-3-3-3-3-3-3_lambda2",8,"1,3,3,3,3,3,3,3",2,1,-10839.573768068,32025,-0.338472248807745,0.859984387197502,0.101588366579919,TRUE,0,32.5770000000011,1.86199999999917,""
"H8_G1-3-3-3-3-3-3-3_lambda2",8,"1,3,3,3,3,3,3,3",2,2,-9329.68467329536,32025,-0.291325048346459,0.881030444964871,0.0868601003527898,TRUE,0,32.5689999999995,1.81600000000071,""
"H8_G1-3-3-3-3-3-3-3_lambda2",8,"1,3,3,3,3,3,3,3",2,3,-10146.8580959838,30744,-0.330043523808998,0.857110330470986,0.10137504565076,TRUE,0,32.3529999999992,1.80900000000111,""
"H8_G1-3-3-3-3-3-3-3_lambda2",8,"1,3,3,3,3,3,3,3",2,4,-9334.91090503152,30744,-0.303633583952365,0.875780640124902,0.0907338782027778,TRUE,0,34.982,1.67900000000009,""
"H8_G1-3-3-3-3-3-3-3_lambda2",8,"1,3,3,3,3,3,3,3",2,5,-9334.07194246965,30744,-0.303606295292403,0.878968253968254,0.0891830813664463,TRUE,0,35.2749999999996,1.63000000000102,""
"H8_G1-3-3-3-3-3-3-3_lambda4",8,"1,3,3,3,3,3,3,3",4,1,-10661.3283433627,32025,-0.332906427583536,0.858017174082748,0.102198058227732,TRUE,0,28.9339999999993,2.15600000000086,""
"H8_G1-3-3-3-3-3-3-3_lambda4",8,"1,3,3,3,3,3,3,3",4,2,-9059.68325264545,32025,-0.28289409063686,0.883903200624512,0.0855810268063146,TRUE,0,29.7920000000013,2.06899999999951,""
"H8_G1-3-3-3-3-3-3-3_lambda4",8,"1,3,3,3,3,3,3,3",4,3,-10173.696901622,30744,-0.3309165008334,0.853434816549571,0.103068999599658,TRUE,0,27.107,2.20299999999952,""
"H8_G1-3-3-3-3-3-3-3_lambda4",8,"1,3,3,3,3,3,3,3",4,4,-9347.058239691,30744,-0.304028696320941,0.872462919594067,0.0925883257059045,TRUE,0,39.6839999999993,1.36000000000058,""
"H8_G1-3-3-3-3-3-3-3_lambda4",8,"1,3,3,3,3,3,3,3",4,5,-9007.81434302837,30744,-0.292994221409978,0.880399427530575,0.0881229974934173,TRUE,0,31.2940000000017,1.97799999999916,""
"H8_G1-3-3-3-3-3-3-3_lambda8",8,"1,3,3,3,3,3,3,3",8,1,-10628.3755952762,32025,-0.331877458088249,0.856674473067916,0.103220083325906,TRUE,0,25.1900000000005,1.95199999999932,""
"H8_G1-3-3-3-3-3-3-3_lambda8",8,"1,3,3,3,3,3,3,3",8,2,-9306.33969601211,32025,-0.29059608730717,0.88056206088993,0.0881117058614809,TRUE,0,28.8919999999998,1.95300000000134,""
"H8_G1-3-3-3-3-3-3-3_lambda8",8,"1,3,3,3,3,3,3,3",8,3,-10500.0594608265,30744,-0.341531988707603,0.847189695550351,0.107317499977866,TRUE,0,30.4380000000001,1.9369999999999,""
"H8_G1-3-3-3-3-3-3-3_lambda8",8,"1,3,3,3,3,3,3,3",8,4,-9418.54609153211,30744,-0.306353958220534,0.870869112672391,0.0936843783738017,TRUE,0,32.8739999999998,1.7510000000002,""
"H8_G1-3-3-3-3-3-3-3_lambda8",8,"1,3,3,3,3,3,3,3",8,5,-9333.01705298296,30744,-0.30357198324821,0.869405412438199,0.0929077764726941,TRUE,0,67.0899999999983,1.42100000000028,""
"H8_G2-2-2-2-2-2-2-2_lambda0",8,"2,2,2,2,2,2,2,2",0,1,-38962.2721816768,32025,-1.21662052089545,0.844371584699454,0.126914628672337,TRUE,0,135.985000000001,2.03399999999965,""
"H8_G2-2-2-2-2-2-2-2_lambda0",8,"2,2,2,2,2,2,2,2",0,2,-27591.9124650899,32025,-0.861574159721777,0.866042154566745,0.107105861821101,TRUE,0,135.797,1.78499999999985,""
"H8_G2-2-2-2-2-2-2-2_lambda0",8,"2,2,2,2,2,2,2,2",0,3,-34177.5830766783,30744,-1.11168303007671,0.843546708300807,0.126099369141214,TRUE,0,119.907999999999,1.91300000000047,""
"H8_G2-2-2-2-2-2-2-2_lambda0",8,"2,2,2,2,2,2,2,2",0,4,-29934.7685820066,30744,-0.973678395199278,0.859940150923758,0.113119976575219,TRUE,0,142.445,1.65999999999985,""
"H8_G2-2-2-2-2-2-2-2_lambda0",8,"2,2,2,2,2,2,2,2",0,5,-29541.1403214882,30744,-0.960874977930271,0.866380431954202,0.107376811659515,TRUE,0,119.073,1.89099999999962,""
"H8_G2-2-2-2-2-2-2-2_lambda1",8,"2,2,2,2,2,2,2,2",1,1,-11319.5205990521,32025,-0.353458878971182,0.858735362997658,0.10270994711337,TRUE,0,32.1460000000006,0.956999999998516,""
"H8_G2-2-2-2-2-2-2-2_lambda1",8,"2,2,2,2,2,2,2,2",1,2,-9737.76398324,32025,-0.30406757168587,0.879625292740047,0.0884811809616498,TRUE,0,26.5759999999991,1,""
"H8_G2-2-2-2-2-2-2-2_lambda1",8,"2,2,2,2,2,2,2,2",1,3,-10767.5614375367,30744,-0.35023293772888,0.855256310174343,0.102847885007195,TRUE,0,32.1280000000006,0.95299999999952,""
"H8_G2-2-2-2-2-2-2-2_lambda1",8,"2,2,2,2,2,2,2,2",1,4,-9940.38583457162,30744,-0.323327668311593,0.875130106687484,0.0923988961135093,TRUE,0,33.2890000000007,0.875,""
"H8_G2-2-2-2-2-2-2-2_lambda1",8,"2,2,2,2,2,2,2,2",1,5,-9904.30597965628,30744,-0.322154110709611,0.878610460577674,0.0902076282735547,TRUE,0,27.9979999999996,0.961999999999534,""
"H8_G2-2-2-2-2-2-2-2_lambda12",8,"2,2,2,2,2,2,2,2",12,1,-11018.4828004272,32025,-0.344058791582427,0.85111631537861,0.107182976072934,TRUE,0,28.5889999999999,0.739999999999782,""
"H8_G2-2-2-2-2-2-2-2_lambda12",8,"2,2,2,2,2,2,2,2",12,2,-9565.36036126925,32025,-0.298684164286315,0.877939110070258,0.0903646131250674,TRUE,0,22.8059999999987,0.89600000000064,""
"H8_G2-2-2-2-2-2-2-2_lambda12",8,"2,2,2,2,2,2,2,2",12,3,-10756.4174603891,30744,-0.349870461240862,0.843221441582097,0.110052013250572,TRUE,0,37.6279999999988,0.423000000000684,""
"H8_G2-2-2-2-2-2-2-2_lambda12",8,"2,2,2,2,2,2,2,2",12,4,-9521.28212769908,30744,-0.309695619558258,0.869405412438199,0.0945518856409248,TRUE,0,34.5449999999983,0.494000000000597,""
"H8_G2-2-2-2-2-2-2-2_lambda12",8,"2,2,2,2,2,2,2,2",12,5,-9660.30075312413,30744,-0.314217432771407,0.866835805360396,0.0961092892118696,TRUE,0,36.7710000000006,0.5049999999992,""
"H8_G2-2-2-2-2-2-2-2_lambda2",8,"2,2,2,2,2,2,2,2",2,1,-10709.9085312377,32025,-0.334423373340755,0.859047619047619,0.101109920911824,TRUE,0,28.4470000000001,1.07400000000052,""
"H8_G2-2-2-2-2-2-2-2_lambda2",8,"2,2,2,2,2,2,2,2",2,2,-9269.26650812603,32025,-0.289438454586293,0.882310694769711,0.0866716339121248,TRUE,0,25.9549999999999,1.02399999999943,""
"H8_G2-2-2-2-2-2-2-2_lambda2",8,"2,2,2,2,2,2,2,2",2,3,-10160.7531513281,30744,-0.33049548371481,0.856492323705438,0.101479485145192,TRUE,0,30.387999999999,0.92699999999968,""
"H8_G2-2-2-2-2-2-2-2_lambda2",8,"2,2,2,2,2,2,2,2",2,4,-9249.95778446166,30744,-0.300870341675177,0.876203486859225,0.0900631849023587,TRUE,0,34.5109999999986,0.703999999999724,""
"H8_G2-2-2-2-2-2-2-2_lambda2",8,"2,2,2,2,2,2,2,2",2,5,-9271.72113007369,30744,-0.301578230876714,0.880724694249284,0.0886155769111825,TRUE,0,28.8090000000011,0.949999999998909,""
"H8_G2-2-2-2-2-2-2-2_lambda4",8,"2,2,2,2,2,2,2,2",4,1,-10559.182983243,32025,-0.329716876916252,0.857642466822795,0.102076442078589,TRUE,0,24.3919999999998,0.972999999999956,""
"H8_G2-2-2-2-2-2-2-2_lambda4",8,"2,2,2,2,2,2,2,2",4,2,-9121.68029345266,32025,-0.284829985744033,0.883403590944575,0.0862829142238494,TRUE,0,28.2780000000002,0.995999999999185,""
"H8_G2-2-2-2-2-2-2-2_lambda4",8,"2,2,2,2,2,2,2,2",4,3,-10326.3960104902,30744,-0.33588329464254,0.850539942753058,0.104689708180063,TRUE,0,33.3600000000006,0.765999999999622,""
"H8_G2-2-2-2-2-2-2-2_lambda4",8,"2,2,2,2,2,2,2,2",4,4,-9173.64321604264,30744,-0.29838808274924,0.876008326827999,0.0906400940630938,TRUE,0,31.0740000000005,0.858000000000175,""
"H8_G2-2-2-2-2-2-2-2_lambda4",8,"2,2,2,2,2,2,2,2",4,5,-9236.21661078157,30744,-0.300423387027764,0.873341139734582,0.0909312092309829,TRUE,0,31.1779999999999,0.825999999999112,""
"H8_G2-2-2-2-2-2-2-2_lambda8",8,"2,2,2,2,2,2,2,2",8,1,-10693.0607798368,32025,-0.333897292110439,0.855425448868072,0.103836662931025,TRUE,0,31.5840000000007,0.731999999999971,""
"H8_G2-2-2-2-2-2-2-2_lambda8",8,"2,2,2,2,2,2,2,2",8,2,-9319.6641019681,32025,-0.291012149944359,0.881092896174863,0.0881959123391561,TRUE,0,35.8540000000012,0.631999999999607,""
"H8_G2-2-2-2-2-2-2-2_lambda8",8,"2,2,2,2,2,2,2,2",8,3,-10582.2971965929,30744,-0.344206908554283,0.847254748894093,0.108272178378406,TRUE,0,26.6229999999996,0.792999999999665,""
"H8_G2-2-2-2-2-2-2-2_lambda8",8,"2,2,2,2,2,2,2,2",8,4,-9499.57327019389,30744,-0.308989502673494,0.871291959406714,0.0943726980131332,TRUE,0,33.1260000000002,0.647000000000844,""
"H8_G2-2-2-2-2-2-2-2_lambda8",8,"2,2,2,2,2,2,2,2",8,5,-9374.57714543574,30744,-0.304923794738347,0.871194379391101,0.0931266221880859,TRUE,0,32.3950000000004,0.713999999999942,""
"H8_G2-2-2-2-2-2-2-3_lambda0",8,"2,2,2,2,2,2,2,3",0,1,-38649.7187522653,32025,-1.20686085096847,0.842685402029664,0.127252797879661,TRUE,0,135.807999999999,2.00900000000001,""
"H8_G2-2-2-2-2-2-2-3_lambda0",8,"2,2,2,2,2,2,2,3",0,2,-27471.0937510475,32025,-0.857801522280954,0.867010148321624,0.106578829592418,TRUE,0,135.497000000001,1.77599999999984,""
"H8_G2-2-2-2-2-2-2-3_lambda0",8,"2,2,2,2,2,2,2,3",0,3,-33180.5444008244,30744,-1.07925268022458,0.840781941191777,0.126873303946009,TRUE,0,116.159,1.89700000000084,""
"H8_G2-2-2-2-2-2-2-3_lambda0",8,"2,2,2,2,2,2,2,3",0,4,-30165.5959329156,30744,-0.981186440701131,0.858866770752017,0.113826478169149,TRUE,0,142.216,1.70099999999911,""
"H8_G2-2-2-2-2-2-2-3_lambda0",8,"2,2,2,2,2,2,2,3",0,5,-29688.9353612097,30744,-0.965682258691441,0.86628285193859,0.107506819463213,TRUE,0,115.075999999999,1.98100000000159,""
"H8_G2-2-2-2-2-2-2-3_lambda1",8,"2,2,2,2,2,2,2,3",1,1,-11372.8407933341,32025,-0.355123834296146,0.858579234972678,0.102987770928903,TRUE,0,33.5609999999997,0.92699999999968,""
"H8_G2-2-2-2-2-2-2-3_lambda1",8,"2,2,2,2,2,2,2,3",1,2,-9825.55964317691,32025,-0.306809044283432,0.878907103825137,0.0888693302485863,TRUE,0,29.6760000000013,1.12199999999939,""
"H8_G2-2-2-2-2-2-2-3_lambda1",8,"2,2,2,2,2,2,2,3",1,3,-10762.0740523523,30744,-0.350054451351558,0.855614103564923,0.103284084687355,TRUE,0,29.9140000000007,1.11299999999937,""
"H8_G2-2-2-2-2-2-2-3_lambda1",8,"2,2,2,2,2,2,2,3",1,4,-10088.5047606427,30744,-0.328145484017783,0.874186833203227,0.0934143660929763,TRUE,0,35.7510000000002,0.858000000000175,""
"H8_G2-2-2-2-2-2-2-3_lambda1",8,"2,2,2,2,2,2,2,3",1,5,-9996.90283349029,30744,-0.325165978190551,0.878740567265157,0.0901137709193704,TRUE,0,29.6090000000004,1.12699999999859,""
"H8_G2-2-2-2-2-2-2-3_lambda12",8,"2,2,2,2,2,2,2,3",12,1,-11006.0553184682,32025,-0.343670735939677,0.850148321623731,0.107136240076418,TRUE,0,27.6909999999989,1.01699999999983,""
"H8_G2-2-2-2-2-2-2-3_lambda12",8,"2,2,2,2,2,2,2,3",12,2,-9543.1829720998,32025,-0.297991661892265,0.877501951600312,0.0901701750082567,TRUE,0,29.0390000000007,0.92699999999968,""
"H8_G2-2-2-2-2-2-2-3_lambda12",8,"2,2,2,2,2,2,2,3",12,3,-10730.6493131649,30744,-0.349032309171379,0.845791048659901,0.109508171192354,TRUE,0,37.6749999999993,0.619000000000597,""
"H8_G2-2-2-2-2-2-2-3_lambda12",8,"2,2,2,2,2,2,2,3",12,4,-9525.67001630556,30744,-0.309838342971167,0.868982565703877,0.0946445407235747,TRUE,0,34.2559999999994,0.641999999999825,""
"H8_G2-2-2-2-2-2-2-3_lambda12",8,"2,2,2,2,2,2,2,3",12,5,-9593.6358604182,30744,-0.31204904568105,0.867844132188395,0.0953628189281477,TRUE,0,36.4809999999998,0.647000000000844,""
"H8_G2-2-2-2-2-2-2-3_lambda2",8,"2,2,2,2,2,2,2,3",2,1,-10649.9209726226,32025,-0.332550225530761,0.861046057767369,0.101246611490357,TRUE,0,31.5249999999996,0.884000000000015,""
"H8_G2-2-2-2-2-2-2-3_lambda2",8,"2,2,2,2,2,2,2,3",2,2,-9278.48682264087,32025,-0.289726364485273,0.881717408274785,0.0867650911693052,TRUE,0,26.5419999999995,1.14400000000023,""
"H8_G2-2-2-2-2-2-2-3_lambda2",8,"2,2,2,2,2,2,2,3",2,3,-10145.6017969452,30744,-0.330002660582396,0.857760863908405,0.101276192550939,TRUE,0,33.0900000000001,0.863999999999578,""
"H8_G2-2-2-2-2-2-2-3_lambda2",8,"2,2,2,2,2,2,2,3",2,4,-9277.67793552715,30744,-0.301771985933098,0.875585480093677,0.0902108968969825,TRUE,0,35.9390000000003,0.810999999999694,""
"H8_G2-2-2-2-2-2-2-3_lambda2",8,"2,2,2,2,2,2,2,3",2,5,-9270.11798177961,30744,-0.301526085798192,0.88091985428051,0.0886135688159537,TRUE,0,26.6620000000003,1.04200000000128,""
"H8_G2-2-2-2-2-2-2-3_lambda4",8,"2,2,2,2,2,2,2,3",4,1,-10471.6423471315,32025,-0.326983367591927,0.860889929742389,0.100823396695075,TRUE,0,23.3880000000008,1.11599999999999,""
"H8_G2-2-2-2-2-2-2-3_lambda4",8,"2,2,2,2,2,2,2,3",4,2,-9146.59758207404,32025,-0.285608043156098,0.883372365339578,0.0864124116864078,TRUE,0,27.9359999999997,1.0619999999999,""
"H8_G2-2-2-2-2-2-2-3_lambda4",8,"2,2,2,2,2,2,2,3",4,3,-10186.242386829,30744,-0.331324563714187,0.855809263596149,0.102342124812713,TRUE,0,29.1620000000003,0.885000000000218,""
"H8_G2-2-2-2-2-2-2-3_lambda4",8,"2,2,2,2,2,2,2,3",4,4,-9233.21740035124,30744,-0.300325832694225,0.873991673172001,0.0914658149514142,TRUE,0,31.7559999999994,0.842000000000553,""
"H8_G2-2-2-2-2-2-2-3_lambda4",8,"2,2,2,2,2,2,2,3",4,5,-9243.60989076491,30744,-0.300663865819832,0.872397866250325,0.0913043888979235,TRUE,0,28.2750000000015,0.93999999999869,""
"H8_G2-2-2-2-2-2-2-3_lambda8",8,"2,2,2,2,2,2,2,3",8,1,-10697.5542571276,32025,-0.334037603657379,0.855238095238095,0.103882853479495,TRUE,0,30.121000000001,0.859999999998763,""
"H8_G2-2-2-2-2-2-2-3_lambda8",8,"2,2,2,2,2,2,2,3",8,2,-9382.7633076785,32025,-0.29298246081744,0.87984387197502,0.0889115487569937,TRUE,0,31.2890000000007,0.818999999999505,""
"H8_G2-2-2-2-2-2-2-3_lambda8",8,"2,2,2,2,2,2,2,3",8,3,-10568.3184205665,30744,-0.343752225493317,0.845856102003643,0.108121658096442,TRUE,0,25.1229999999996,0.858000000000175,""
"H8_G2-2-2-2-2-2-2-3_lambda8",8,"2,2,2,2,2,2,2,3",8,4,-9400.66062689449,30744,-0.305772203581007,0.872495446265938,0.0932878963714212,TRUE,0,29.264000000001,0.80199999999968,""
"H8_G2-2-2-2-2-2-2-3_lambda8",8,"2,2,2,2,2,2,2,3",8,5,-9307.66681314538,30744,-0.302747424315163,0.87083658600052,0.0925439069113143,TRUE,0,34.3729999999996,0.718000000000757,""
"H8_G2-2-2-2-2-2-3-3_lambda0",8,"2,2,2,2,2,2,3,3",0,1,-37161.6968446327,32025,-1.1603964666552,0.848618266978923,0.123795003620712,TRUE,0,124.103999999999,2.125,""
"H8_G2-2-2-2-2-2-3-3_lambda0",8,"2,2,2,2,2,2,3,3",0,2,-27426.3635276688,32025,-0.856404793994342,0.867259953161593,0.106002724494739,TRUE,0,135.268,1.89600000000064,""
"H8_G2-2-2-2-2-2-3-3_lambda0",8,"2,2,2,2,2,2,3,3",0,3,-32259.774360919,30744,-1.04930309526799,0.84156258131668,0.125325697787273,TRUE,0,115.169,1.9380000000001,""
"H8_G2-2-2-2-2-2-3-3_lambda0",8,"2,2,2,2,2,2,3,3",0,4,-28976.3309424145,30744,-0.942503608587514,0.864298724954463,0.109870417932763,TRUE,0,140.503999999999,1.76000000000022,""
"H8_G2-2-2-2-2-2-3-3_lambda0",8,"2,2,2,2,2,2,3,3",0,5,-29814.6163736289,30744,-0.969770243742808,0.86732370543846,0.106495739565013,TRUE,0,132.554,2.06499999999869,""
"H8_G2-2-2-2-2-2-3-3_lambda1",8,"2,2,2,2,2,2,3,3",1,1,-11420.1752439308,32025,-0.356601881153185,0.858735362997658,0.103219989906469,TRUE,0,31.6440000000002,1.03099999999904,""
"H8_G2-2-2-2-2-2-3-3_lambda1",8,"2,2,2,2,2,2,3,3",1,2,-9867.84903562562,32025,-0.30812955614756,0.879937548790008,0.0891681899805475,TRUE,0,33.2910000000011,0.816999999999098,""
"H8_G2-2-2-2-2-2-3-3_lambda1",8,"2,2,2,2,2,2,3,3",1,3,-10837.5470453196,30744,-0.352509336628922,0.854052823315118,0.103932302121496,TRUE,0,28.1270000000004,1.11099999999897,""
"H8_G2-2-2-2-2-2-3-3_lambda1",8,"2,2,2,2,2,2,3,3",1,4,-10026.0661939202,30744,-0.326114565245908,0.874121779859485,0.0932511501854785,TRUE,0,32.1810000000005,0.924999999999272,""
"H8_G2-2-2-2-2-2-3-3_lambda1",8,"2,2,2,2,2,2,3,3",1,5,-9906.9599320383,30744,-0.322240434947902,0.878545407233932,0.0898981012053698,TRUE,0,27.2759999999998,1.07799999999952,""
"H8_G2-2-2-2-2-2-3-3_lambda12",8,"2,2,2,2,2,2,3,3",12,1,-11006.232535719,32025,-0.34367626965555,0.849992193598751,0.107225988378713,TRUE,0,25.9110000000001,0.981999999999971,""
"H8_G2-2-2-2-2-2-3-3_lambda12",8,"2,2,2,2,2,2,3,3",12,2,-9463.34041356568,32025,-0.295498529697601,0.880655737704918,0.0892165473015421,TRUE,0,24.130000000001,0.878999999998996,""
"H8_G2-2-2-2-2-2-3-3_lambda12",8,"2,2,2,2,2,2,3,3",12,3,-10829.0784878144,30744,-0.352233882637731,0.841432474629196,0.110909875607008,TRUE,0,25.9519999999993,0.859000000000378,""
"H8_G2-2-2-2-2-2-3-3_lambda12",8,"2,2,2,2,2,2,3,3",12,4,-9527.2808141638,30744,-0.309890736864553,0.869307832422586,0.094618733077834,TRUE,0,34.1769999999997,0.55699999999888,""
"H8_G2-2-2-2-2-2-3-3_lambda12",8,"2,2,2,2,2,2,3,3",12,5,-9603.8775166079,30744,-0.312382172671347,0.868136872235233,0.0954863143277662,TRUE,0,31.5930000000008,0.692999999999302,""
"H8_G2-2-2-2-2-2-3-3_lambda2",8,"2,2,2,2,2,2,3,3",2,1,-10690.3754027013,32025,-0.333813439584741,0.860765027322404,0.101463855547275,TRUE,0,28.6679999999997,0.972999999999956,""
"H8_G2-2-2-2-2-2-3-3_lambda2",8,"2,2,2,2,2,2,3,3",2,2,-9285.28641733745,32025,-0.289938685943402,0.882872755659641,0.0866428124008765,TRUE,0,23.8340000000007,1.12799999999879,""
"H8_G2-2-2-2-2-2-3-3_lambda2",8,"2,2,2,2,2,2,3,3",2,3,-10338.8720423599,30744,-0.336289098437416,0.855809263596149,0.102609733680968,FALSE,0,32.643,0.836999999999534,""
"H8_G2-2-2-2-2-2-3-3_lambda2",8,"2,2,2,2,2,2,3,3",2,4,-9263.70286094661,30744,-0.301317423267845,0.876138433515483,0.0901105512842046,TRUE,0,32.1810000000005,0.868000000000393,""
"H8_G2-2-2-2-2-2-3-3_lambda2",8,"2,2,2,2,2,2,3,3",2,5,-9234.67397997677,30744,-0.300373210381758,0.879976580796253,0.0885973373347711,TRUE,0,28.1209999999992,1.00200000000041,""
"H8_G2-2-2-2-2-2-3-3_lambda4",8,"2,2,2,2,2,2,3,3",4,1,-10667.4000589037,32025,-0.333096020574667,0.856612021857924,0.102863190630196,TRUE,0,22.226999999999,1.10800000000017,""
"H8_G2-2-2-2-2-2-3-3_lambda4",8,"2,2,2,2,2,2,3,3",4,2,-9222.61771909068,32025,-0.287981817926329,0.881967213114754,0.0873265586967471,TRUE,0,26.6960000000017,0.983999999998559,""
"H8_G2-2-2-2-2-2-3-3_lambda4",8,"2,2,2,2,2,2,3,3",4,3,-10338.8663040638,30744,-0.336288911789743,0.851841009627895,0.104463398977434,TRUE,0,27.6180000000004,1.01599999999962,""
"H8_G2-2-2-2-2-2-3-3_lambda4",8,"2,2,2,2,2,2,3,3",4,4,-9239.76017952604,30744,-0.300538647525567,0.872820712984647,0.0917988903073271,TRUE,0,30.4789999999994,0.899000000001251,""
"H8_G2-2-2-2-2-2-3-3_lambda4",8,"2,2,2,2,2,2,3,3",4,5,-9057.39772029511,30744,-0.294607003652586,0.878057507155868,0.088800440495575,TRUE,0,27.5989999999983,1.02900000000045,""
"H8_G2-2-2-2-2-2-3-3_lambda8",8,"2,2,2,2,2,2,3,3",8,1,-10717.0414648119,32025,-0.334646103507006,0.853864168618267,0.104240637984992,TRUE,0,24.7580000000016,1.03899999999885,""
"H8_G2-2-2-2-2-2-3-3_lambda8",8,"2,2,2,2,2,2,3,3",8,2,-9346.25792932696,32025,-0.291842558292801,0.882060889929742,0.0883913262652806,TRUE,0,33.2960000000003,0.884000000000015,""
"H8_G2-2-2-2-2-2-3-3_lambda8",8,"2,2,2,2,2,2,3,3",8,3,-10540.9946372314,30744,-0.342863473758503,0.845465781941192,0.10804584033948,TRUE,0,29.2420000000002,0.908999999999651,""
"H8_G2-2-2-2-2-2-3-3_lambda8",8,"2,2,2,2,2,2,3,3",8,4,-9554.93895635068,30744,-0.310790364180025,0.870771532656779,0.0947435023354846,TRUE,0,32.0489999999991,0.839000000001761,""
"H8_G2-2-2-2-2-2-3-3_lambda8",8,"2,2,2,2,2,2,3,3",8,5,-9328.4415534482,30744,-0.303423157476197,0.870608899297424,0.0927741700433385,TRUE,0,28.0360000000001,0.949999999998909,""
"H8_G2-2-2-2-2-3-3-3_lambda0",8,"2,2,2,2,2,3,3,3",0,1,-38415.7595067497,32025,-1.19955533198282,0.84655737704918,0.125464386542036,TRUE,0,137.01,2.27800000000025,""
"H8_G2-2-2-2-2-3-3-3_lambda0",8,"2,2,2,2,2,3,3,3",0,2,-27622.6698289516,32025,-0.862534577016445,0.864793130366901,0.108455674615838,TRUE,0,128.831,2.09000000000015,""
"H8_G2-2-2-2-2-3-3-3_lambda0",8,"2,2,2,2,2,3,3,3",0,3,-32817.408305216,30744,-1.06744107159823,0.84263596148842,0.126425579044625,TRUE,0,116.111999999999,2.09400000000096,""
"H8_G2-2-2-2-2-3-3-3_lambda0",8,"2,2,2,2,2,3,3,3",0,4,-31391.1884327949,30744,-1.02105088579218,0.859484777517564,0.113966838597173,TRUE,0,154.124,1.90300000000025,""
"H8_G2-2-2-2-2-3-3-3_lambda0",8,"2,2,2,2,2,3,3,3",0,5,-30304.2104260545,30744,-0.985695108836015,0.867096018735363,0.107492989153326,TRUE,0,145.550000000001,2.04700000000048,""
"H8_G2-2-2-2-2-3-3-3_lambda1",8,"2,2,2,2,2,3,3,3",1,1,-11511.5654763351,32025,-0.359455596450744,0.858142076502732,0.103494966607408,TRUE,0,32.8040000000001,1.17400000000089,""
"H8_G2-2-2-2-2-3-3-3_lambda1",8,"2,2,2,2,2,3,3,3",1,2,-9891.10922036607,32025,-0.308855869488402,0.878750975800156,0.0892964686083822,TRUE,0,34.2569999999996,1.13199999999961,""
"H8_G2-2-2-2-2-3-3-3_lambda1",8,"2,2,2,2,2,3,3,3",1,3,-10945.6544857505,30744,-0.356025711870626,0.854410616705699,0.104358433558122,TRUE,0,29.3829999999998,1.32499999999891,""
"H8_G2-2-2-2-2-3-3-3_lambda1",8,"2,2,2,2,2,3,3,3",1,4,-10114.1812484143,30744,-0.328980654710327,0.873763986468905,0.0936941744679164,TRUE,0,33.9830000000002,1.13900000000103,""
"H8_G2-2-2-2-2-3-3-3_lambda1",8,"2,2,2,2,2,3,3,3",1,5,-9963.22979976736,30744,-0.324070706471746,0.876951600312256,0.0909405433161272,TRUE,0,40.2150000000001,1.00699999999961,""
"H8_G2-2-2-2-2-3-3-3_lambda12",8,"2,2,2,2,2,3,3,3",12,1,-11022.040938911,32025,-0.344169896609243,0.849367681498829,0.107302374387732,TRUE,0,22.2070000000003,1.16699999999946,""
"H8_G2-2-2-2-2-3-3-3_lambda12",8,"2,2,2,2,2,3,3,3",12,2,-9496.72426506698,32025,-0.296540960657829,0.879032006245121,0.0896351614245518,TRUE,0,29.3009999999995,1.06999999999971,""
"H8_G2-2-2-2-2-3-3-3_lambda12",8,"2,2,2,2,2,3,3,3",12,3,-10867.7870203809,30744,-0.353492942375128,0.842701014832162,0.111126409469909,TRUE,0,30.0879999999997,0.933999999999287,""
"H8_G2-2-2-2-2-3-3-3_lambda12",8,"2,2,2,2,2,3,3,3",12,4,-9474.07948601358,30744,-0.308160274720712,0.869177725735103,0.0941028171065519,TRUE,0,30.3420000000006,0.889999999999418,""
"H8_G2-2-2-2-2-3-3-3_lambda12",8,"2,2,2,2,2,3,3,3",12,5,-9556.11337033033,30744,-0.310828563958181,0.869145199063232,0.0948899508859264,TRUE,0,33.0310000000009,0.882999999999811,""
"H8_G2-2-2-2-2-3-3-3_lambda2",8,"2,2,2,2,2,3,3,3",2,1,-10650.2569676708,32025,-0.332560717179417,0.861077283372365,0.101056769831818,TRUE,0,29.8449999999993,1.18700000000172,""
"H8_G2-2-2-2-2-3-3-3_lambda2",8,"2,2,2,2,2,3,3,3",2,2,-9282.64994229885,32025,-0.289856360415265,0.881342701014832,0.0869248218711263,TRUE,0,26.0300000000007,1.3179999999993,""
"H8_G2-2-2-2-2-3-3-3_lambda2",8,"2,2,2,2,2,3,3,3",2,3,-10335.5734832614,30744,-0.336181807287973,0.856264637002342,0.102463041459339,TRUE,0,33.8309999999983,0.941000000000713,""
"H8_G2-2-2-2-2-3-3-3_lambda2",8,"2,2,2,2,2,3,3,3",2,4,-9291.85147929407,30744,-0.302233004140452,0.876203486859225,0.0902692561639821,TRUE,0,32.9809999999998,1.02900000000045,""
"H8_G2-2-2-2-2-3-3-3_lambda2",8,"2,2,2,2,2,3,3,3",2,5,-9282.94256305735,30744,-0.301943226745295,0.880724694249284,0.0887209270771904,TRUE,0,27.4539999999997,1.24700000000121,""
"H8_G2-2-2-2-2-3-3-3_lambda4",8,"2,2,2,2,2,3,3,3",4,1,-10713.3270561353,32025,-0.334530118848877,0.856330991412959,0.102877863489235,TRUE,0,27.2709999999988,1.18599999999969,""
"H8_G2-2-2-2-2-3-3-3_lambda4",8,"2,2,2,2,2,3,3,3",4,2,-9193.22876551448,32025,-0.28706413007071,0.881623731459797,0.0869967536289915,TRUE,0,26.3330000000005,1.246000000001,""
"H8_G2-2-2-2-2-3-3-3_lambda4",8,"2,2,2,2,2,3,3,3",4,3,-10050.1258989281,30744,-0.326897147376013,0.857760863908405,0.101436064114369,TRUE,0,26.771999999999,1.31000000000131,""
"H8_G2-2-2-2-2-3-3-3_lambda4",8,"2,2,2,2,2,3,3,3",4,4,-9207.27488601459,30744,-0.299482009042889,0.874447046578194,0.0912404830096155,TRUE,0,33.4249999999993,0.963999999999942,""
"H8_G2-2-2-2-2-3-3-3_lambda4",8,"2,2,2,2,2,3,3,3",4,5,-9295.94361053367,30744,-0.302366107550536,0.872300286234712,0.0915587809329353,TRUE,0,33.3270000000011,0.953999999999724,""
"H8_G2-2-2-2-2-3-3-3_lambda8",8,"2,2,2,2,2,3,3,3",8,1,-10713.3518008612,32025,-0.334530891517915,0.854270101483216,0.104191682100931,TRUE,0,28.1309999999994,1.07400000000052,""
"H8_G2-2-2-2-2-3-3-3_lambda8",8,"2,2,2,2,2,3,3,3",8,2,-9301.15413480991,32025,-0.290434165021387,0.881935987509758,0.0879026712184842,TRUE,0,29.2759999999998,1.09499999999935,""
"H8_G2-2-2-2-2-3-3-3_lambda8",8,"2,2,2,2,2,3,3,3",8,3,-10446.8794989637,30744,-0.339802221537982,0.84923887587822,0.106768398858476,TRUE,0,31.8099999999995,0.91399999999885,""
"H8_G2-2-2-2-2-3-3-3_lambda8",8,"2,2,2,2,2,3,3,3",8,4,-9344.01002066616,30744,-0.303929547900929,0.872983346344002,0.0929635104092895,TRUE,0,33.7800000000007,0.921999999998661,""
"H8_G2-2-2-2-2-3-3-3_lambda8",8,"2,2,2,2,2,3,3,3",8,5,-9329.68230880769,30744,-0.303463515118647,0.871422066094197,0.092887703802399,TRUE,0,28.0879999999997,1.08200000000033,""
"H8_G2-2-2-2-3-3-3-3_lambda0",8,"2,2,2,2,3,3,3,3",0,1,-37778.7641513533,32025,-1.17966476663086,0.845526932084309,0.125508248642888,TRUE,0,143.245000000001,2.3690000000006,""
"H8_G2-2-2-2-3-3-3-3_lambda0",8,"2,2,2,2,3,3,3,3",0,2,-27137.2523672993,32025,-0.84737712310068,0.868540202966433,0.105284798183012,TRUE,0,137.595000000001,2.1929999999993,""
"H8_G2-2-2-2-3-3-3-3_lambda0",8,"2,2,2,2,3,3,3,3",0,3,-32587.1315224721,30744,-1.05995093424643,0.841530054644809,0.125808794530359,TRUE,0,116.723,2.28600000000006,""
"H8_G2-2-2-2-3-3-3-3_lambda0",8,"2,2,2,2,3,3,3,3",0,4,-29527.9710150521,30744,-0.960446624221053,0.860395524329951,0.112710326907937,TRUE,0,143.188,2.10100000000057,""
"H8_G2-2-2-2-3-3-3-3_lambda0",8,"2,2,2,2,3,3,3,3",0,5,-30140.507107298,30744,-0.98037038470264,0.865729898516784,0.107899263998732,TRUE,0,127.284,2.26300000000083,""
"H8_G2-2-2-2-3-3-3-3_lambda1",8,"2,2,2,2,3,3,3,3",1,1,-11391.1782165236,32025,-0.355696431429308,0.858922716627635,0.103046580164001,TRUE,0,35.5540000000001,1.46900000000096,""
"H8_G2-2-2-2-3-3-3-3_lambda1",8,"2,2,2,2,3,3,3,3",1,2,-9720.49436959014,32025,-0.303528317551605,0.88015612802498,0.0884115544932418,TRUE,0,35.3580000000002,1.42000000000007,""
"H8_G2-2-2-2-3-3-3-3_lambda1",8,"2,2,2,2,3,3,3,3",1,3,-10959.6548586537,30744,-0.356481097406117,0.853499869893313,0.104273190109368,TRUE,0,32.1880000000001,1.63299999999981,""
"H8_G2-2-2-2-3-3-3-3_lambda1",8,"2,2,2,2,3,3,3,3",1,4,-9935.15283986884,30744,-0.323157456409993,0.875032526671871,0.0923190584957439,TRUE,0,50.0900000000001,1.17499999999927,""
"H8_G2-2-2-2-3-3-3-3_lambda1",8,"2,2,2,2,3,3,3,3",1,5,-9920.10228588218,30744,-0.322667911978994,0.877862347124642,0.0902082518466547,TRUE,0,30.7339999999986,1.67200000000048,""
"H8_G2-2-2-2-3-3-3-3_lambda12",8,"2,2,2,2,3,3,3,3",12,1,-11008.8693764073,32025,-0.34375860660132,0.850210772833724,0.107173935494362,TRUE,0,28.0990000000002,1.52100000000064,""
"H8_G2-2-2-2-3-3-3-3_lambda12",8,"2,2,2,2,3,3,3,3",12,2,-9498.93053932468,32025,-0.296609852906313,0.87871975019516,0.0895491425498612,TRUE,0,41.8610000000008,1.04899999999907,""
"H8_G2-2-2-2-3-3-3-3_lambda12",8,"2,2,2,2,3,3,3,3",12,3,-10751.8199342349,30744,-0.349720919016227,0.843384074941452,0.109802032754489,TRUE,0,31.8909999999996,1.42000000000007,""
"H8_G2-2-2-2-3-3-3-3_lambda12",8,"2,2,2,2,3,3,3,3",12,4,-9557.40390694456,30744,-0.31087054081917,0.867714025500911,0.0950328638579113,TRUE,0,37.6959999999999,1.08600000000115,""
"H8_G2-2-2-2-3-3-3-3_lambda12",8,"2,2,2,2,3,3,3,3",12,5,-9610.27715412123,30744,-0.312590331580836,0.868462138953942,0.0953590082094148,TRUE,0,45.0030000000006,1.10699999999997,""
"H8_G2-2-2-2-3-3-3-3_lambda2",8,"2,2,2,2,3,3,3,3",2,1,-10739.3930414982,32025,-0.335344045011654,0.860452771272443,0.101712636912238,TRUE,0,36.4709999999995,1.34900000000016,""
"H8_G2-2-2-2-3-3-3-3_lambda2",8,"2,2,2,2,3,3,3,3",2,2,-9279.88478191259,32025,-0.289770016609292,0.882498048399688,0.0867012272857931,TRUE,0,26.0310000000009,1.78499999999985,""
"H8_G2-2-2-2-3-3-3-3_lambda2",8,"2,2,2,2,3,3,3,3",2,3,-10242.6447782827,30744,-0.333159145793739,0.856622430392922,0.101758811841805,TRUE,0,30.6659999999993,1.69300000000112,""
"H8_G2-2-2-2-3-3-3-3_lambda2",8,"2,2,2,2,3,3,3,3",2,4,-9311.40563121017,30744,-0.302869035623542,0.875227686703097,0.0907469774262949,TRUE,0,33.5800000000017,1.24499999999898,""
"H8_G2-2-2-2-3-3-3-3_lambda2",8,"2,2,2,2,3,3,3,3",2,5,-9354.84334263462,30744,-0.304281919809869,0.877829820452771,0.0899040727839475,TRUE,0,41.5320000000011,1.19999999999891,""
"H8_G2-2-2-2-3-3-3-3_lambda4",8,"2,2,2,2,3,3,3,3",4,1,-10708.8783771028,32025,-0.334391206154654,0.856424668227947,0.103057665560758,TRUE,0,27.5529999999999,1.57999999999993,""
"H8_G2-2-2-2-3-3-3-3_lambda4",8,"2,2,2,2,3,3,3,3",4,2,-9170.21599805614,32025,-0.286345542484189,0.883185011709602,0.0866267678255855,TRUE,0,28.018,1.56400000000031,""
"H8_G2-2-2-2-3-3-3-3_lambda4",8,"2,2,2,2,3,3,3,3",4,3,-10273.1047401131,30744,-0.334149906977398,0.851450689565444,0.104245864654874,TRUE,0,31.3410000000003,1.50199999999859,""
"H8_G2-2-2-2-3-3-3-3_lambda4",8,"2,2,2,2,3,3,3,3",4,4,-9315.08606163182,30744,-0.302988747776211,0.872040072859745,0.0925473739927955,TRUE,0,33.3499999999985,1.2390000000014,""
"H8_G2-2-2-2-3-3-3-3_lambda4",8,"2,2,2,2,3,3,3,3",4,5,-9263.95144598649,30744,-0.301325508911869,0.872788186312776,0.0913934638196316,TRUE,0,31.5079999999998,1.42100000000028,""
"H8_G2-2-2-2-3-3-3-3_lambda8",8,"2,2,2,2,3,3,3,3",8,1,-10735.8179111081,32025,-0.335232409402282,0.853708040593287,0.104334881291281,TRUE,0,24.621000000001,1.55799999999908,""
"H8_G2-2-2-2-3-3-3-3_lambda8",8,"2,2,2,2,3,3,3,3",8,2,-9305.38590382897,32025,-0.290566304569211,0.880437158469945,0.0882269473039256,TRUE,0,39.8719999999994,1.11700000000019,""
"H8_G2-2-2-2-3-3-3-3_lambda8",8,"2,2,2,2,3,3,3,3",8,3,-10596.4817702779,30744,-0.344668285528164,0.844424928441322,0.108735418556379,TRUE,0,32.3350000000009,1.27900000000045,""
"H8_G2-2-2-2-3-3-3-3_lambda8",8,"2,2,2,2,3,3,3,3",8,4,-9419.42763444928,30744,-0.306382631877741,0.871357012750455,0.0935718252580307,TRUE,0,33.1409999999996,1.19700000000012,""
"H8_G2-2-2-2-3-3-3-3_lambda8",8,"2,2,2,2,3,3,3,3",8,5,-9317.54468923861,30744,-0.30306871874963,0.871682279469165,0.0927102517300271,TRUE,0,30.2709999999988,1.37800000000061,""
"H8_G2-2-2-3-3-3-3-3_lambda0",8,"2,2,2,3,3,3,3,3",0,1,-38241.3921492658,32025,-1.19411060575381,0.842810304449649,0.12727587218102,TRUE,0,142.735000000001,2.68499999999949,""
"H8_G2-2-2-3-3-3-3-3_lambda0",8,"2,2,2,3,3,3,3,3",0,2,-27429.3743478719,32025,-0.856498808676719,0.867697111631538,0.105978612169702,TRUE,0,152.890000000001,2.33599999999933,""
"H8_G2-2-2-3-3-3-3-3_lambda0",8,"2,2,2,3,3,3,3,3",0,3,-32751.8841803509,30744,-1.06530978988911,0.843546708300807,0.124182702968865,TRUE,0,117.246999999999,2.5580000000009,""
"H8_G2-2-2-3-3-3-3-3_lambda0",8,"2,2,2,3,3,3,3,3",0,4,-29117.3852347864,30744,-0.947091635271482,0.862021857923497,0.111644625894746,TRUE,0,134.802000000001,2.3179999999993,""
"H8_G2-2-2-3-3-3-3-3_lambda0",8,"2,2,2,3,3,3,3,3",0,5,-29661.2381364838,30744,-0.964781360151049,0.868527192297684,0.106900395794,TRUE,0,129.294,2.48600000000079,""
"H8_G2-2-2-3-3-3-3-3_lambda1",8,"2,2,2,3,3,3,3,3",1,1,-11390.4406592274,32025,-0.355673400756514,0.859578454332553,0.102884225559858,TRUE,0,33.7219999999998,1.70399999999972,""
"H8_G2-2-2-3-3-3-3-3_lambda1",8,"2,2,2,3,3,3,3,3",1,2,-9800.52996941584,32025,-0.306027477577388,0.879562841530055,0.0886985207512558,TRUE,0,36.2950000000001,1.33200000000033,""
"H8_G2-2-2-3-3-3-3-3_lambda1",8,"2,2,2,3,3,3,3,3",1,3,-10972.4706927645,30744,-0.356897953836992,0.853207129846474,0.10508151334196,TRUE,0,33.8330000000005,1.62700000000041,""
"H8_G2-2-2-3-3-3-3-3_lambda1",8,"2,2,2,3,3,3,3,3",1,4,-10038.7503392281,30744,-0.326527138278303,0.874024199843872,0.0932768634941575,TRUE,0,31.6810000000005,1.73199999999997,""
"H8_G2-2-2-3-3-3-3-3_lambda1",8,"2,2,2,3,3,3,3,3",1,5,-9967.80073906714,30744,-0.324219383914492,0.877114233671611,0.0906179782999856,TRUE,0,32.6110000000008,1.6349999999984,""
"H8_G2-2-2-3-3-3-3-3_lambda12",8,"2,2,2,3,3,3,3,3",12,1,-11053.0312208879,32025,-0.34513758691297,0.849804839968774,0.107639235254263,TRUE,0,22.8829999999998,1.76499999999942,""
"H8_G2-2-2-3-3-3-3-3_lambda12",8,"2,2,2,3,3,3,3,3",12,2,-9552.26498988295,32025,-0.29827525339213,0.877595628415301,0.0902853083263725,TRUE,0,26.9169999999995,1.67699999999968,""
"H8_G2-2-2-3-3-3-3-3_lambda12",8,"2,2,2,3,3,3,3,3",12,3,-10666.9258757011,30744,-0.346959597830507,0.847287275565964,0.108642797279111,TRUE,0,33.5609999999997,1.41899999999987,""
"H8_G2-2-2-3-3-3-3-3_lambda12",8,"2,2,2,3,3,3,3,3",12,4,-9566.03459228251,30744,-0.311151268289179,0.869307832422586,0.09504144835944,FALSE,0,32.3379999999997,1.41500000000087,""
"H8_G2-2-2-3-3-3-3-3_lambda12",8,"2,2,2,3,3,3,3,3",12,5,-9570.5649083867,30744,-0.311298624394571,0.868917512360135,0.0950709329472247,TRUE,0,33.8219999999983,1.375,""
"H8_G2-2-2-3-3-3-3-3_lambda2",8,"2,2,2,3,3,3,3,3",2,1,-10632.5917688844,32025,-0.332009110659936,0.86120218579235,0.100970785699665,TRUE,0,29.5509999999995,1.80900000000111,""
"H8_G2-2-2-3-3-3-3-3_lambda2",8,"2,2,2,3,3,3,3,3",2,2,-9338.93153146095,32025,-0.291613787086993,0.881935987509758,0.0869946906685712,TRUE,0,27.3250000000007,1.9419999999991,""
"H8_G2-2-2-3-3-3-3-3_lambda2",8,"2,2,2,3,3,3,3,3",2,3,-10354.1170123759,30744,-0.336784966574807,0.85444314337757,0.103391253659598,TRUE,0,28.2709999999988,1.92500000000109,""
"H8_G2-2-2-3-3-3-3-3_lambda2",8,"2,2,2,3,3,3,3,3",2,4,-9335.65317430722,30744,-0.303657727501536,0.875748113453031,0.0907188429046381,TRUE,0,33.3000000000011,1.59799999999996,""
"H8_G2-2-2-3-3-3-3-3_lambda2",8,"2,2,2,3,3,3,3,3",2,5,-9324.15937905613,30744,-0.303283872594852,0.87883814728077,0.089674530556874,TRUE,0,36.9369999999999,1.21500000000015,""
"H8_G2-2-2-3-3-3-3-3_lambda4",8,"2,2,2,3,3,3,3,3",4,1,-10673.3196275471,32025,-0.333280862686872,0.856455893832943,0.102918266189873,TRUE,0,26.3070000000007,1.92699999999968,""
"H8_G2-2-2-3-3-3-3-3_lambda4",8,"2,2,2,3,3,3,3,3",4,2,-9158.46553128776,32025,-0.28597862705036,0.883309914129586,0.0864907625637118,TRUE,0,29.6880000000001,1.83799999999974,""
"H8_G2-2-2-3-3-3-3-3_lambda4",8,"2,2,2,3,3,3,3,3",4,3,-10453.3769389898,30744,-0.340013561637712,0.848295602393963,0.105893214903398,TRUE,0,28.0160000000014,1.77299999999923,""
"H8_G2-2-2-3-3-3-3-3_lambda4",8,"2,2,2,3,3,3,3,3",4,4,-9260.22583733956,30744,-0.30120432726189,0.873633879781421,0.0920967287390915,TRUE,0,30.3720000000012,1.70099999999911,""
"H8_G2-2-2-3-3-3-3-3_lambda4",8,"2,2,2,3,3,3,3,3",4,5,-9046.80116880384,30744,-0.294262333099266,0.87952120739006,0.0886282315905231,TRUE,0,31.235999999999,1.78600000000006,""
"H8_G2-2-2-3-3-3-3-3_lambda8",8,"2,2,2,3,3,3,3,3",8,1,-10737.3229928943,32025,-0.335279406491626,0.853645589383294,0.104369391217736,TRUE,0,24.9129999999986,1.72700000000077,""
"H8_G2-2-2-3-3-3-3-3_lambda8",8,"2,2,2,3,3,3,3,3",8,2,-9235.6665722781,32025,-0.288389276261611,0.881967213114754,0.0872850891420444,FALSE,0,29.0870000000014,1.69099999999889,""
"H8_G2-2-2-3-3-3-3-3_lambda8",8,"2,2,2,3,3,3,3,3",8,3,-10615.4321972904,30744,-0.345284679849413,0.844555035128806,0.108832285983568,TRUE,0,23.969000000001,1.74499999999898,""
"H8_G2-2-2-3-3-3-3-3_lambda8",8,"2,2,2,3,3,3,3,3",8,4,-9344.47993980334,30744,-0.30394483280651,0.870283632578715,0.0932285214726607,TRUE,0,34.4590000000007,1.49499999999898,""
"H8_G2-2-2-3-3-3-3-3_lambda8",8,"2,2,2,3,3,3,3,3",8,5,-9206.9510586832,30744,-0.299471476017538,0.874869893312516,0.0910398215555671,TRUE,0,38.101999999999,1.46300000000156,""
"H8_G2-2-3-3-3-3-3-3_lambda0",8,"2,2,3,3,3,3,3,3",0,1,-38655.2116671671,32025,-1.20703237055947,0.843216237314598,0.128021952733746,TRUE,0,137.304,3.13899999999921,""
"H8_G2-2-3-3-3-3-3-3_lambda0",8,"2,2,3,3,3,3,3,3",0,2,-26437.9529121163,32025,-0.82554107453915,0.867103825136612,0.106165199948368,TRUE,0,127.182999999999,2.90799999999945,""
"H8_G2-2-3-3-3-3-3-3_lambda0",8,"2,2,3,3,3,3,3,3",0,3,-34351.143387082,30744,-1.11732836934303,0.842310694769711,0.126256101332042,TRUE,0,120.116,3.10000000000036,""
"H8_G2-2-3-3-3-3-3-3_lambda0",8,"2,2,3,3,3,3,3,3",0,4,-29895.8717571234,30744,-0.972413210939481,0.859810044236274,0.112781808916234,TRUE,0,157.773000000001,2.60799999999836,""
"H8_G2-2-3-3-3-3-3-3_lambda0",8,"2,2,3,3,3,3,3,3",0,5,-31241.8799333392,30744,-1.01619437722285,0.864233671610721,0.109685262181412,TRUE,0,137.242,3.02299999999923,""
"H8_G2-2-3-3-3-3-3-3_lambda1",8,"2,2,3,3,3,3,3,3",1,1,-11363.2424330619,32025,-0.354824119689677,0.859797033567525,0.102813346487157,TRUE,0,33.1570000000011,2.34499999999935,""
"H8_G2-2-3-3-3-3-3-3_lambda1",8,"2,2,3,3,3,3,3,3",1,2,-9819.08107221959,32025,-0.30660674698578,0.879469164715066,0.0885738042545277,TRUE,0,38.0959999999995,2.11700000000019,""
"H8_G2-2-3-3-3-3-3-3_lambda1",8,"2,2,3,3,3,3,3,3",1,3,-10723.4006884016,30744,-0.348796535532187,0.857370543845954,0.102420693856506,TRUE,0,31.9159999999993,2.39500000000044,""
"H8_G2-2-3-3-3-3-3-3_lambda1",8,"2,2,3,3,3,3,3,3",1,4,-10059.5775434822,30744,-0.327204577917065,0.873731459797034,0.0934068894815345,TRUE,0,33.5699999999997,2.26599999999962,""
"H8_G2-2-3-3-3-3-3-3_lambda1",8,"2,2,3,3,3,3,3,3",1,5,-9889.99468543207,30744,-0.321688611938332,0.878382773874577,0.0900870675602888,TRUE,0,30.9269999999997,2.40500000000065,""
"H8_G2-2-3-3-3-3-3-3_lambda12",8,"2,2,3,3,3,3,3,3",12,1,-11036.1995384796,32025,-0.344612007446669,0.849898516783763,0.107423373971548,TRUE,0,25.5330000000013,2.34499999999935,""
"H8_G2-2-3-3-3-3-3-3_lambda12",8,"2,2,3,3,3,3,3,3",12,2,-9472.6884465405,32025,-0.295790427682763,0.878376268540203,0.0893940654718869,TRUE,0,30.0890000000018,2.20499999999993,""
"H8_G2-2-3-3-3-3-3-3_lambda12",8,"2,2,3,3,3,3,3,3",12,3,-10910.3211328168,30744,-0.35487643549365,0.841530054644809,0.111790597113018,TRUE,0,27.1409999999996,2.14100000000144,""
"H8_G2-2-3-3-3-3-3-3_lambda12",8,"2,2,3,3,3,3,3,3",12,4,-9483.8433007838,30744,-0.308477859119952,0.869535519125683,0.0942433616165234,TRUE,0,32.0609999999997,1.85100000000057,""
"H8_G2-2-3-3-3-3-3-3_lambda12",8,"2,2,3,3,3,3,3,3",12,5,-9561.75951047231,30744,-0.311012214105917,0.869502992453812,0.094905335806619,TRUE,0,35.4539999999997,1.54700000000048,""
"H8_G2-2-3-3-3-3-3-3_lambda2",8,"2,2,3,3,3,3,3,3",2,1,-10757.2854755787,32025,-0.335902747090669,0.860202966432475,0.101605738930971,TRUE,0,27.2199999999993,2.62299999999959,""
"H8_G2-2-3-3-3-3-3-3_lambda2",8,"2,2,3,3,3,3,3,3",2,2,-9352.59225294164,32025,-0.292040351379911,0.882123341139735,0.0870486010628783,TRUE,0,30.2919999999995,2.25900000000001,""
"H8_G2-2-3-3-3-3-3-3_lambda2",8,"2,2,3,3,3,3,3,3",2,3,-10298.1733623744,30744,-0.334965305827948,0.856980223783502,0.102616695640833,TRUE,0,33.0510000000013,1.95400000000154,""
"H8_G2-2-3-3-3-3-3-3_lambda2",8,"2,2,3,3,3,3,3,3",2,4,-9391.1531516043,30744,-0.305462957051922,0.874609679937549,0.0913875358004435,TRUE,0,34.3230000000003,1.76699999999983,""
"H8_G2-2-3-3-3-3-3-3_lambda2",8,"2,2,3,3,3,3,3,3",2,5,-9300.46177378918,30744,-0.302513068364207,0.879846474108769,0.0886418128074211,TRUE,0,25.5609999999997,2.57999999999993,""
"H8_G2-2-3-3-3-3-3-3_lambda4",8,"2,2,3,3,3,3,3,3",4,1,-10676.8751640247,32025,-0.333391886464472,0.855238095238095,0.102927489358568,TRUE,0,28.4759999999987,2.36800000000039,""
"H8_G2-2-3-3-3-3-3-3_lambda4",8,"2,2,3,3,3,3,3,3",4,2,-9111.30110652359,32025,-0.284505889352805,0.881623731459797,0.0861192544984755,TRUE,0,26.4570000000003,2.54900000000089,""
"H8_G2-2-3-3-3-3-3-3_lambda4",8,"2,2,3,3,3,3,3,3",4,3,-10248.7228140057,30744,-0.333356844067322,0.852881863127765,0.1040436282143,TRUE,0,27.1270000000004,2.47600000000057,""
"H8_G2-2-3-3-3-3-3-3_lambda4",8,"2,2,3,3,3,3,3,3",4,4,-9394.4474595355,30744,-0.305570109925042,0.871747332812907,0.0931956764082063,TRUE,0,34.277,1.75799999999981,""
"H8_G2-2-3-3-3-3-3-3_lambda4",8,"2,2,3,3,3,3,3,3",4,5,-9090.78866146378,30744,-0.295693099839441,0.877406973718449,0.0890535569831929,TRUE,0,31.5559999999987,2.1190000000006,""
"H8_G2-2-3-3-3-3-3-3_lambda8",8,"2,2,3,3,3,3,3,3",8,1,-10771.6576968195,32025,-0.336351528394051,0.853239656518345,0.104763544258705,TRUE,0,23.6790000000001,2.40200000000004,""
"H8_G2-2-3-3-3-3-3-3_lambda8",8,"2,2,3,3,3,3,3,3",8,2,-9368.75338878351,32025,-0.292544992623997,0.880843091334895,0.0886366319426176,TRUE,0,30.780999999999,2.08200000000033,""
"H8_G2-2-3-3-3-3-3-3_lambda8",8,"2,2,3,3,3,3,3,3",8,3,-10490.5879340944,30744,-0.34122391146547,0.848295602393963,0.107129690684869,TRUE,0,28.1039999999994,2.2489999999998,""
"H8_G2-2-3-3-3-3-3-3_lambda8",8,"2,2,3,3,3,3,3,3",8,4,-9425.38331224223,30744,-0.306576350255082,0.871747332812907,0.0935577611757009,TRUE,0,30.4950000000008,2.08299999999872,""
"H8_G2-2-3-3-3-3-3-3_lambda8",8,"2,2,3,3,3,3,3,3",8,5,-9301.2987414025,30744,-0.302540292135132,0.872495446265938,0.0924091344090248,TRUE,0,26.378999999999,2.44599999999991,""
"H8_G2-3-3-3-3-3-3-3_lambda0",8,"2,3,3,3,3,3,3,3",0,1,-37983.7743649928,32025,-1.18606633458213,0.845901639344262,0.125869758691098,TRUE,0,147.777,3.48199999999997,""
"H8_G2-3-3-3-3-3-3-3_lambda0",8,"2,3,3,3,3,3,3,3",0,2,-27004.6290065914,32025,-0.84323587842596,0.866666666666667,0.105835170155791,TRUE,0,137.851999999999,3.47999999999956,""
"H8_G2-3-3-3-3-3-3-3_lambda0",8,"2,3,3,3,3,3,3,3",0,3,-33018.0673423273,30744,-1.07396784225629,0.844880301847515,0.123947706797323,TRUE,0,126.836000000001,3.55599999999868,""
"H8_G2-3-3-3-3-3-3-3_lambda0",8,"2,3,3,3,3,3,3,3",0,4,-29883.3794852321,30744,-0.97200687891075,0.859549830861306,0.112467358197656,TRUE,0,144.235000000001,3.27700000000004,""
"H8_G2-3-3-3-3-3-3-3_lambda0",8,"2,3,3,3,3,3,3,3",0,5,-29339.4170512386,30744,-0.95431359131013,0.868819932344522,0.105879594384706,TRUE,0,134.412,3.50699999999961,""
"H8_G2-3-3-3-3-3-3-3_lambda1",8,"2,3,3,3,3,3,3,3",1,1,-11433.0658144796,32025,-0.357004397017319,0.85935987509758,0.103060914003864,TRUE,0,38.1589999999997,3.09699999999975,""
"H8_G2-3-3-3-3-3-3-3_lambda1",8,"2,3,3,3,3,3,3,3",1,2,-9790.61452770733,32025,-0.305717861911236,0.879812646370023,0.0887031330509928,TRUE,0,38.2179999999989,3.14300000000003,""
"H8_G2-3-3-3-3-3-3-3_lambda1",8,"2,3,3,3,3,3,3,3",1,3,-10771.4462891787,30744,-0.350359299023506,0.855776736924278,0.103410636890179,TRUE,0,38.0450000000001,3.06999999999971,""
"H8_G2-3-3-3-3-3-3-3_lambda1",8,"2,3,3,3,3,3,3,3",1,4,-10115.8813782627,30744,-0.329035954276043,0.872527972937809,0.0937421085390138,TRUE,0,35.3680000000004,3.15200000000004,""
"H8_G2-3-3-3-3-3-3-3_lambda1",8,"2,3,3,3,3,3,3,3",1,5,-9792.87938029151,30744,-0.318529774274379,0.877049180327869,0.0906434332586371,TRUE,0,36.4099999999999,3.05099999999948,""
"H8_G2-3-3-3-3-3-3-3_lambda12",8,"2,3,3,3,3,3,3,3",12,1,-11004.0219567093,32025,-0.343607242988579,0.850491803278689,0.107042522437987,TRUE,0,25.2340000000004,3.54399999999987,""
"H8_G2-3-3-3-3-3-3-3_lambda12",8,"2,3,3,3,3,3,3,3",12,2,-9456.37458183681,32025,-0.295281017387566,0.879781420765027,0.0891811271839932,TRUE,0,32.3150000000005,3.24200000000019,""
"H8_G2-3-3-3-3-3-3-3_lambda12",8,"2,3,3,3,3,3,3,3",12,3,-10843.9330222637,30744,-0.352717051205557,0.840977101223003,0.111178438636158,TRUE,0,25.5769999999993,3.46999999999935,""
"H8_G2-3-3-3-3-3-3-3_lambda12",8,"2,3,3,3,3,3,3,3",12,4,-9498.25904173646,30744,-0.308946755195695,0.868754879000781,0.0942960496693999,TRUE,0,34.6130000000012,2.93099999999868,""
"H8_G2-3-3-3-3-3-3-3_lambda12",8,"2,3,3,3,3,3,3,3",12,5,-9513.71628444652,30744,-0.309449527857355,0.871096799375488,0.0939676392746419,FALSE,0,77.8019999999997,2.35499999999956,""
"H8_G2-3-3-3-3-3-3-3_lambda2",8,"2,3,3,3,3,3,3,3",2,1,-10742.8868447001,32025,-0.33545314113037,0.859672131147541,0.101869122645101,TRUE,0,32.5590000000011,3.36999999999898,""
"H8_G2-3-3-3-3-3-3-3_lambda2",8,"2,3,3,3,3,3,3,3",2,2,-9345.12279367972,32025,-0.291807112995463,0.882029664324746,0.0869872352106717,TRUE,0,29.2119999999995,3.66899999999987,""
"H8_G2-3-3-3-3-3-3-3_lambda2",8,"2,3,3,3,3,3,3,3",2,3,-10193.3112707059,30744,-0.331554490980547,0.8561995836586,0.101853761476221,TRUE,0,31.2219999999998,3.56400000000031,""
"H8_G2-3-3-3-3-3-3-3_lambda2",8,"2,3,3,3,3,3,3,3",2,4,-9354.4696379612,30744,-0.30426976444058,0.875487900078064,0.0908854030831374,TRUE,0,35.5670000000009,3.17099999999846,""
"H8_G2-3-3-3-3-3-3-3_lambda2",8,"2,3,3,3,3,3,3,3",2,5,-9287.08309406217,30744,-0.30207790443866,0.880301847514962,0.0888015782550586,TRUE,0,34.7350000000006,3.125,""
"H8_G2-3-3-3-3-3-3-3_lambda4",8,"2,3,3,3,3,3,3,3",4,1,-10847.4056023983,32025,-0.338716802572937,0.85408274785324,0.104234805750805,TRUE,0,28.3040000000001,3.65200000000004,""
"H8_G2-3-3-3-3-3-3-3_lambda4",8,"2,3,3,3,3,3,3,3",4,2,-9120.6037792815,32025,-0.284796370937752,0.88199843871975,0.0861157254873912,TRUE,0,27.3029999999999,3.82899999999972,""
"H8_G2-3-3-3-3-3-3-3_lambda4",8,"2,3,3,3,3,3,3,3",4,3,-10333.5376250535,30744,-0.336115587596069,0.849726775956284,0.105208394223767,TRUE,0,29.2220000000016,3.57099999999991,""
"H8_G2-3-3-3-3-3-3-3_lambda4",8,"2,3,3,3,3,3,3,3",4,4,-9375.45134983626,30744,-0.304952229698031,0.871812386156648,0.0930068486868339,TRUE,0,40.0100000000002,2.8070000000007,""
"H8_G2-3-3-3-3-3-3-3_lambda4",8,"2,3,3,3,3,3,3,3",4,5,-9323.97900936671,30744,-0.303278005769149,0.872040072859745,0.0918330854785443,TRUE,0,36.2119999999995,3.07400000000052,""
"H8_G2-3-3-3-3-3-3-3_lambda8",8,"2,3,3,3,3,3,3,3",8,1,-10722.3872053258,32025,-0.334813027488707,0.853895394223263,0.104161602173476,TRUE,0,29.3019999999997,3.59900000000016,""
"H8_G2-3-3-3-3-3-3-3_lambda8",8,"2,3,3,3,3,3,3,3",8,2,-9279.72815840713,32025,-0.289765125945578,0.881530054644809,0.0878066037602914,TRUE,0,28.4219999999987,3.65700000000106,""
"H8_G2-3-3-3-3-3-3-3_lambda8",8,"2,3,3,3,3,3,3,3",8,3,-10411.579859014,30744,-0.338654041732176,0.847775175644028,0.106363007903881,TRUE,0,36.2010000000009,2.96600000000035,""
"H8_G2-3-3-3-3-3-3-3_lambda8",8,"2,3,3,3,3,3,3,3",8,4,-9353.19154132725,30744,-0.304228192210748,0.870543845953682,0.0932550949375783,TRUE,0,37.6869999999999,2.86100000000079,""
"H8_G2-3-3-3-3-3-3-3_lambda8",8,"2,3,3,3,3,3,3,3",8,5,-9285.15948178062,30744,-0.302015335733171,0.871584699453552,0.0921876134186804,TRUE,0,47.6119999999992,2.46299999999974,""
"H8_G3-3-3-3-3-3-3-3_lambda0",8,"3,3,3,3,3,3,3,3",0,1,-38227.2884096963,32025,-1.19367020795305,0.843715846994536,0.126813244661764,TRUE,0,142.563,4.36099999999897,""
"H8_G3-3-3-3-3-3-3-3_lambda0",8,"3,3,3,3,3,3,3,3",0,2,-27324.9275485061,32025,-0.853237394176616,0.868227946916472,0.105762264102943,TRUE,0,134.567000000001,4.5619999999999,""
"H8_G3-3-3-3-3-3-3-3_lambda0",8,"3,3,3,3,3,3,3,3",0,3,-33455.4144615371,30744,-1.08819328849652,0.841660161332292,0.125590666009175,TRUE,0,116.636,4.52399999999943,""
"H8_G3-3-3-3-3-3-3-3_lambda0",8,"3,3,3,3,3,3,3,3",0,4,-30279.7187078905,30744,-0.98489847475574,0.859419724173823,0.113127055849599,TRUE,0,172.161,3.85800000000017,""
"H8_G3-3-3-3-3-3-3-3_lambda0",8,"3,3,3,3,3,3,3,3",0,5,-29805.031426564,30744,-0.969458477314728,0.868006765547749,0.106749306805053,TRUE,0,134.864,4.58200000000033,""
"H8_G3-3-3-3-3-3-3-3_lambda1",8,"3,3,3,3,3,3,3,3",1,1,-11259.1196729408,32025,-0.351572823511033,0.86048399687744,0.102166686167816,TRUE,0,38.9240000000009,4.10999999999876,""
"H8_G3-3-3-3-3-3-3-3_lambda1",8,"3,3,3,3,3,3,3,3",1,2,-9822.45448123336,32025,-0.306712083723134,0.88015612802498,0.0886886643821814,TRUE,0,36.8399999999983,4.33200000000033,""
"H8_G3-3-3-3-3-3-3-3_lambda1",8,"3,3,3,3,3,3,3,3",1,3,-10975.7895895276,30744,-0.357005906502978,0.852589123080926,0.105001599668858,TRUE,0,32.0910000000003,4.80400000000009,""
"H8_G3-3-3-3-3-3-3-3_lambda1",8,"3,3,3,3,3,3,3,3",1,4,-10008.9140282219,30744,-0.325556662380363,0.874479573250065,0.092723291606004,TRUE,0,41.3170000000009,3.22999999999956,""
"H8_G3-3-3-3-3-3-3-3_lambda1",8,"3,3,3,3,3,3,3,3",1,5,-9825.17495977996,30744,-0.319580241991281,0.876984126984127,0.090793329708899,TRUE,0,37.7829999999994,3.95300000000134,""
"H8_G3-3-3-3-3-3-3-3_lambda12",8,"3,3,3,3,3,3,3,3",12,1,-11024.4160143726,32025,-0.344244059777441,0.850772833723653,0.107387638954071,TRUE,0,32.7029999999995,4.60900000000038,""
"H8_G3-3-3-3-3-3-3-3_lambda12",8,"3,3,3,3,3,3,3,3",12,2,-9457.37877436437,32025,-0.295312373906772,0.879875097580016,0.0891072517190082,TRUE,0,46.6629999999986,2.81800000000112,""
"H8_G3-3-3-3-3-3-3-3_lambda12",8,"3,3,3,3,3,3,3,3",12,3,-10732.3492147358,30744,-0.34908760131199,0.845238095238095,0.109712183731824,TRUE,0,23.5110000000004,4.65200000000004,""
"H8_G3-3-3-3-3-3-3-3_lambda12",8,"3,3,3,3,3,3,3,3",12,4,-9502.40214382726,30744,-0.309081516517931,0.869568045797554,0.0944287344379035,TRUE,0,36.3600000000006,3.92000000000007,""
"H8_G3-3-3-3-3-3-3-3_lambda12",8,"3,3,3,3,3,3,3,3",12,5,-9605.33404631224,30744,-0.31242954873511,0.869470465781941,0.095298785819027,FALSE,0,31.4529999999995,4.46999999999935,""
"H8_G3-3-3-3-3-3-3-3_lambda2",8,"3,3,3,3,3,3,3,3",2,1,-10866.1811609596,32025,-0.339303080748153,0.858485558157689,0.102302202806513,TRUE,0,31.3399999999983,4.77900000000045,""
"H8_G3-3-3-3-3-3-3-3_lambda2",8,"3,3,3,3,3,3,3,3",2,2,-9276.30013270361,32025,-0.289658083769043,0.88143637782982,0.0866959800794833,TRUE,0,25.6310000000012,4.95399999999972,""
"H8_G3-3-3-3-3-3-3-3_lambda2",8,"3,3,3,3,3,3,3,3",2,3,-10228.1491321601,30744,-0.332687650668751,0.857142857142857,0.102059016958028,TRUE,0,34.2160000000003,4.39300000000003,""
"H8_G3-3-3-3-3-3-3-3_lambda2",8,"3,3,3,3,3,3,3,3",2,4,-9298.80588793691,30744,-0.302459207908435,0.875780640124902,0.0904852668981419,TRUE,0,37.5379999999986,4.00900000000001,""
"H8_G3-3-3-3-3-3-3-3_lambda2",8,"3,3,3,3,3,3,3,3",2,5,-9284.0921265535,30744,-0.301980618219929,0.88023679417122,0.0889193787692613,TRUE,0,30.0519999999997,4.73400000000038,""
"H8_G3-3-3-3-3-3-3-3_lambda4",8,"3,3,3,3,3,3,3,3",4,1,-10822.7557397172,32025,-0.337947095697649,0.854301327088212,0.103971432583619,TRUE,0,29.1439999999984,4.83000000000175,""
"H8_G3-3-3-3-3-3-3-3_lambda4",8,"3,3,3,3,3,3,3,3",4,2,-9156.73674299566,32025,-0.285924644590028,0.882060889929742,0.0866755792557195,TRUE,0,33.4189999999999,4.61399999999958,""
"H8_G3-3-3-3-3-3-3-3_lambda4",8,"3,3,3,3,3,3,3,3",4,3,-10219.1408857742,30744,-0.332394642394424,0.853695029924538,0.103902431071394,TRUE,0,29.4060000000009,4.71500000000015,""
"H8_G3-3-3-3-3-3-3-3_lambda4",8,"3,3,3,3,3,3,3,3",4,4,-9366.67275188547,30744,-0.304666691122999,0.871649752797294,0.0932711264600608,TRUE,0,39.1859999999997,3.60800000000017,""
"H8_G3-3-3-3-3-3-3-3_lambda4",8,"3,3,3,3,3,3,3,3",4,5,-9103.30926238123,30744,-0.29610035331711,0.877179287015353,0.0893973301225265,TRUE,0,25.8780000000006,3.2609999999986,""
"H8_G3-3-3-3-3-3-3-3_lambda8",8,"3,3,3,3,3,3,3,3",8,1,-10776.3502319841,32025,-0.336498055643531,0.852896174863388,0.104759673109831,TRUE,0,22.6970000000001,3.55099999999948,""
"H8_G3-3-3-3-3-3-3-3_lambda8",8,"3,3,3,3,3,3,3,3",8,2,-9223.45366451494,32025,-0.288007920827945,0.881373926619828,0.08733189778125,TRUE,0,25.4300000000003,3.47999999999956,""
"H8_G3-3-3-3-3-3-3-3_lambda8",8,"3,3,3,3,3,3,3,3",8,3,-10607.6270305817,30744,-0.345030803752984,0.845238095238095,0.108526260005451,TRUE,0,22.4409999999989,3.44800000000032,""
"H8_G3-3-3-3-3-3-3-3_lambda8",8,"3,3,3,3,3,3,3,3",8,4,-9331.18634119783,30744,-0.303512436286685,0.870381212594327,0.0930199751685289,TRUE,0,28.5720000000001,2.85699999999997,""
"H8_G3-3-3-3-3-3-3-3_lambda8",8,"3,3,3,3,3,3,3,3",8,5,-9259.68953987619,30744,-0.301186883290274,0.871844912828519,0.0919633328408564,TRUE,0,34.4189999999999,2.76800000000003,""
