"stage","signal_source","rotation_method","block_size_mode","loading_design","loading_design_label","n","p","H","G_config","factor_score_rmse_mean","factor_score_rmse_median","factor_score_rmse_sd","factor_score_rmse_n","lambda_rmse_mean","lambda_rmse_median","lambda_rmse_sd","lambda_rmse_n","alpha_rmse_mean","alpha_rmse_median","alpha_rmse_sd","alpha_rmse_n","probability_rmse_mean","probability_rmse_median","probability_rmse_sd","probability_rmse_n","marginal_mu_rmse_mean","marginal_mu_rmse_median","marginal_mu_rmse_sd","marginal_mu_rmse_n","marginal_var_rmse_mean","marginal_var_rmse_median","marginal_var_rmse_sd","marginal_var_rmse_n","marginal_weight_rmse_mean","marginal_weight_rmse_median","marginal_weight_rmse_sd","marginal_weight_rmse_n","estimated_vs_oracle_signal_rmse_mean","estimated_vs_oracle_signal_rmse_median","estimated_vs_oracle_signal_rmse_sd","estimated_vs_oracle_signal_rmse_n","estimated_vs_oracle_alpha_rmse_mean","estimated_vs_oracle_alpha_rmse_median","estimated_vs_oracle_alpha_rmse_sd","estimated_vs_oracle_alpha_rmse_n","estimated_vs_oracle_linear_predictor_rmse_mean","estimated_vs_oracle_linear_predictor_rmse_median","estimated_vs_oracle_linear_predictor_rmse_sd","estimated_vs_oracle_linear_predictor_rmse_n","estimated_vs_oracle_probability_rmse_mean","estimated_vs_oracle_probability_rmse_median","estimated_vs_oracle_probability_rmse_sd","estimated_vs_oracle_probability_rmse_n","estimated_vs_oracle_subspace_distance_mean","estimated_vs_oracle_subspace_distance_median","estimated_vs_oracle_subspace_distance_sd","estimated_vs_oracle_subspace_distance_n","estimated_vs_full_oracle_z_rmse_mean","estimated_vs_full_oracle_z_rmse_median","estimated_vs_full_oracle_z_rmse_sd","estimated_vs_full_oracle_z_rmse_n","oracle_lowrank_vs_full_oracle_z_rmse_mean","oracle_lowrank_vs_full_oracle_z_rmse_median","oracle_lowrank_vs_full_oracle_z_rmse_sd","oracle_lowrank_vs_full_oracle_z_rmse_n","seconds_mean","seconds_median","seconds_sd","seconds_n","end_to_end_seconds_mean","end_to_end_seconds_median","end_to_end_seconds_sd","end_to_end_seconds_n","signal_seconds_mean","signal_seconds_median","signal_seconds_sd","signal_seconds_n","rotation_seconds_mean","rotation_seconds_median","rotation_seconds_sd","rotation_seconds_n","refinement_seconds_mean","refinement_seconds_median","refinement_seconds_sd","refinement_seconds_n"
"pretrain","estimated_Z","fastica_only","ifeval_min30","balanced_moderate_dense_signed_cross","Cross",100,1000,10,"2-2-2-2-2-2-2-2-2-2",1.38552813642631,1.39402064436903,0.0868490274473478,25,0.579328975000393,0.579328975000393,0,25,0.295855611924176,0.299002098376197,0.0275219140991255,25,0.388357204970459,0.387845138064882,0.00345585630612531,25,0.45695140374069,0.460664551116544,0.0732220908671578,25,0.240669018749421,0.187429985551768,0.134231912689194,25,0.202154143701041,0.197889324512582,0.0338450227358753,25,0.706786463906576,0.698156066696333,0.0267519510487588,25,0.221568698041698,0.220369809123347,0.00840112796734348,25,0.740721577927171,0.731527676373428,0.0275025284658501,25,0.111126495292446,0.110936957298058,0.00136279782377071,25,0.137561588158752,0.137342769692898,0.00548569284594712,25,1.19181203480549,1.18730220244246,0.0175957698972726,25,0.938319581939339,0.938249520214605,0.00245072886878339,25,1.35520000000048,1.33399999999529,0.158546260336986,25,1.35520000000048,1.33399999999529,0.158546260336986,25,1.29684000000096,1.26600000000326,0.15233780445643,25,0.0583599999995204,0.0559999999968568,0.0148236297851216,25,0,0,0,25
"pretrain","estimated_Z","fastica_only","ifeval_min30","balanced_moderate_dense_signed_cross","Cross",100,1000,10,"3-3-3-3-3-3-3-3-3-3",1.3712995496122,1.37000493221978,0.0697162273917348,25,0.579328499196813,0.579328975000393,2.379017897991e-06,25,0.332588457423497,0.32771055695125,0.0391735953188242,25,0.382941490633012,0.382936296866642,0.00550314372203614,25,0.535375940650906,0.528098792737324,0.0675976282438984,25,0.385080547933292,0.367759309301778,0.0478720945946754,25,0.239889431424705,0.236918668333336,0.0281009551480063,25,0.780762138697338,0.78199204262316,0.0268376809675444,25,0.240973346819714,0.241126827126966,0.0141030823105794,25,0.817139427696907,0.818568297679695,0.0292834305443309,25,0.117919710978672,0.118170615819202,0.000952751589448159,25,0.144001043989406,0.144204703317444,0.00639345750817457,25,1.24100674116261,1.24076302690834,0.0181623081839152,25,0.938840688370483,0.938759062289148,0.00234478463324848,25,1.73144000000058,1.73900000000867,0.114122770149717,25,1.73144000000058,1.73900000000867,0.114122770149717,25,1.63271999999968,1.63900000000285,0.114504555949991,25,0.0987200000009034,0.0999999999985448,0.00494570520797776,25,0,0,0,25
"pretrain","estimated_Z","fastica_only","ifeval_min30","balanced_moderate_dense_signed_cross","Cross",100,1000,5,"2-2-2-2-2",1.35646414506212,1.39312362273804,0.130318229458113,25,0.745360614325595,0.745360614325595,0,25,0.264192309949467,0.265967318520646,0.0363320794149986,25,0.373533028215599,0.374115695819793,0.00554075939119589,25,0.417696334158167,0.4207756997274,0.104684979332514,25,0.0954644156761344,0.0889841249597051,0.0262656500713089,25,0.200914564701562,0.200922453446722,0.0508626342919932,25,0.460400244298196,0.458052829954951,0.0100375141260055,25,0.21043114529708,0.209013095154886,0.0102380380220136,25,0.506273232942697,0.501898392923379,0.0118326796109477,25,0.0760164815580854,0.0757128984315994,0.00103120160891891,25,0.101742450299413,0.101549268785781,0.00565530610807132,25,1.09021160249677,1.0905135183903,0.00631610562531611,25,0.966876670162941,0.96715810393873,0.00262273215696896,25,1.01215999999999,1.00100000000009,0.0705074936915711,25,1.01215999999999,1.00100000000009,0.0705074936915711,25,0.988599999999992,0.974000000000046,0.0702121784307961,25,0.0235599999999931,0.0230000000000246,0.00264701089280555,25,0,0,0,25
"pretrain","estimated_Z","fastica_only","ifeval_min30","balanced_moderate_dense_signed_cross","Cross",100,1000,5,"3-3-3-3-3",1.3843457909916,1.41841741600319,0.134946384163984,25,0.745357031984524,0.745360614325595,1.4835677799133e-05,25,0.290452140656528,0.290246790930573,0.0401438807363636,25,0.365162432026062,0.364374311405633,0.00718786192572571,25,0.457121495542496,0.44096411477609,0.064389536757611,25,0.34941689166227,0.350531613604471,0.0283323705394271,25,0.184409633980321,0.187507701399019,0.0384568288627146,25,0.4926441411123,0.493521014764611,0.0182414676421916,25,0.191397844304266,0.191231743649556,0.00932092107978949,25,0.528545803765562,0.528942454166196,0.0197263408254545,25,0.083760641364169,0.0836747978619678,0.00099208432314754,25,0.111702310493349,0.113269530356179,0.00649223540486803,25,1.10048556440347,1.10092246408735,0.00991989027642554,25,0.96675803763654,0.966397242014245,0.00205064915221567,25,1.53540000000008,1.53099999999904,0.13421282849761,25,1.53540000000008,1.53099999999904,0.13421282849761,25,1.47572,1.47600000000057,0.133462391706329,25,0.0596800000000803,0.0580000000009022,0.00770670703573363,25,0,0,0,25
"pretrain","estimated_Z","fastica_only","ifeval_min30","balanced_moderate_dense_signed_cross","Cross",100,1500,10,"2-2-2-2-2-2-2-2-2-2",1.37383724436541,1.3765915957771,0.0785517285955211,25,0.583088680632177,0.583088680632177,0,25,0.29558693252394,0.29420365245263,0.0277198017885858,25,0.387844443196361,0.387826107710703,0.00375936499906729,25,0.472751911503076,0.481591385276482,0.135518397899937,25,0.274557555489264,0.221641287862213,0.161879434990831,25,0.20284684990395,0.209791516539007,0.0467559386580339,25,0.675160206971822,0.673380459117128,0.0169595209962477,25,0.217301007974062,0.217992953743603,0.00729620940375926,25,0.709288955227445,0.707985223474493,0.0176019873481092,25,0.108373925367094,0.10842859361821,0.000845603611049999,25,0.124095098401241,0.123419121989577,0.00441602484091409,25,1.1744616277353,1.17319207238932,0.0110149867600196,25,0.940224167327969,0.940636779905809,0.00167572155838761,25,1.74783999999985,1.71899999999732,0.17788589038988,25,1.74783999999985,1.71899999999732,0.17788589038988,25,1.69004000000015,1.66000000000349,0.170998167631865,25,0.0577999999996973,0.0559999999968568,0.0108857705282276,25,0,0,0,25
"pretrain","estimated_Z","fastica_only","ifeval_min30","balanced_moderate_dense_signed_cross","Cross",100,1500,10,"3-3-3-3-3-3-3-3-3-3",1.37203065981682,1.39078025412642,0.0805195936891865,25,0.583087094588771,0.583088680632177,4.21891972397288e-06,25,0.329456647527937,0.318633474522508,0.0416575360069086,25,0.384522535093574,0.383799374533811,0.00441854816170718,25,0.530891446524985,0.524817433447749,0.070457067197037,25,0.366049613828445,0.369969874611083,0.0285993013437323,25,0.2419431954098,0.23953306930557,0.0296205188275785,25,0.755969990880082,0.755895202065734,0.0242493500611439,25,0.235903822869503,0.234916766953279,0.0121357023276054,25,0.791950436944159,0.791033191112161,0.0262527811826242,25,0.115883840008274,0.116018552130549,0.000949186321473313,25,0.12747171355896,0.125838104743417,0.00656785993224657,25,1.22611312022203,1.22531512159206,0.0169571596696688,25,0.940198452105276,0.94066143020525,0.00202770757799338,25,2.45716000000131,2.49199999999837,0.176606596706498,25,2.45716000000131,2.49199999999837,0.176606596706498,25,2.35112000000052,2.38100000000122,0.175570099960158,25,0.106040000000794,0.10399999999936,0.0128985787335018,25,0,0,0,25
"pretrain","estimated_Z","fastica_only","ifeval_min30","balanced_moderate_dense_signed_cross","Cross",100,1500,5,"2-2-2-2-2",1.42565885538225,1.41275117510487,0.0924708718828138,25,0.749289957829839,0.749289957829839,0,25,0.280978004172411,0.2594854371183,0.059208139454608,25,0.367216629068334,0.368008916124356,0.00549141955311504,25,0.471603594646621,0.484030960808216,0.0964443927255983,25,0.108191363067099,0.0888441993870715,0.0499290321668237,25,0.225830261774982,0.225635594405653,0.0453568586381158,25,0.446737625156551,0.448344869337992,0.0119925876587273,25,0.208767132732985,0.211201677530987,0.011238931507426,25,0.49315713347032,0.496201725600572,0.0149162054623028,25,0.0747272914301649,0.074533079777729,0.000875037506134782,25,0.0889439992376298,0.0897233845743237,0.00443908595157655,25,1.08539448529631,1.08749017780577,0.00649896455853584,25,0.968019978672067,0.968545724950885,0.00232934438530845,25,1.35908000000002,1.34799999999996,0.100563379683339,25,1.35908000000002,1.34799999999996,0.100563379683339,25,1.33120000000003,1.32199999999989,0.0998799279134669,25,0.0278799999999956,0.0270000000000437,0.00315330514433539,25,0,0,0,25
"pretrain","estimated_Z","fastica_only","ifeval_min30","balanced_moderate_dense_signed_cross","Cross",100,1500,5,"3-3-3-3-3",1.37337127137402,1.38654464008264,0.159073809867903,25,0.749289733223387,0.749289957829839,1.1230322632283e-06,25,0.271997826145849,0.268083051220077,0.0265521666989791,25,0.365359172723131,0.367439756002457,0.00544610031144004,25,0.449122030499023,0.441345683957957,0.0455699544075765,25,0.346647763498032,0.350894851699161,0.0251757566921626,25,0.186131454469187,0.192038688387472,0.0355070394596981,25,0.472721370792852,0.47224490821853,0.0152110823139497,25,0.188447900699497,0.188510068489848,0.00745902933668727,25,0.508922709857365,0.507225262287374,0.0161798051791859,25,0.0817868881626037,0.0817930520897878,0.000809298901926069,25,0.0960358873876232,0.095849124997704,0.00495853768819251,25,1.0923815936821,1.09201380984561,0.0068418783073102,25,0.967794753997068,0.968542196335143,0.00203858561785743,25,2.08836000000054,2.0739999999987,0.16716032224659,25,2.08836000000054,2.0739999999987,0.16716032224659,25,2.02480000000018,2.00400000000081,0.163991107482884,25,0.0635600000003615,0.0630000000001019,0.00917460262538978,25,0,0,0,25
"pretrain","estimated_Z","fastica_only","ifeval_min30","balanced_moderate_dense_signed_cross","Cross",100,2000,10,"2-2-2-2-2-2-2-2-2-2",1.41574884690468,1.41171336260249,0.0638508661185132,25,0.581019736017126,0.581019736017126,0,25,0.289948565175259,0.286942928974867,0.0322655731813959,25,0.385658199232476,0.386701934911586,0.00344812337453523,25,0.482443827991431,0.488141655416885,0.0976440903176498,25,0.262007312829784,0.223209218600044,0.126919482435049,25,0.214470356852089,0.222012500612822,0.0395157283563348,25,0.651524063305905,0.64829988761496,0.014186499488825,25,0.214367150084675,0.214181205521949,0.00654101956142582,25,0.685907115454371,0.681637268758857,0.0145268826802423,25,0.106909077923583,0.106657350551436,0.000978161807457721,25,0.113681427517083,0.113230925427703,0.00552446336723217,25,1.16177076834937,1.15927621643214,0.00871663345707974,25,0.94129023078453,0.941396695493697,0.00161082451223676,25,2.14523999999772,2.11200000000099,0.18760092394896,25,2.14523999999772,2.11200000000099,0.18760092394896,25,2.08247999999847,2.0570000000007,0.179171965812076,25,0.0627599999992526,0.0610000000015134,0.0137606928122382,25,0,0,0,25
"pretrain","estimated_Z","fastica_only","ifeval_min30","balanced_moderate_dense_signed_cross","Cross",100,2000,10,"3-3-3-3-3-3-3-3-3-3",1.40996776892632,1.40794777622771,0.0728264426849311,25,0.581019517918789,0.581019736017126,1.09049168279807e-06,25,0.317013055361084,0.308779069560577,0.0309264610763303,25,0.381973274028899,0.382112006430351,0.00431179554266575,25,0.519429484197553,0.505167928778565,0.0654683685606928,25,0.38530101894001,0.36662855922757,0.0518503425558922,25,0.244514701233876,0.249327180141222,0.0241651053404152,25,0.723912344121375,0.722345992456275,0.0207709402074539,25,0.225570496927262,0.224238954680296,0.00878401564350875,25,0.75825942986888,0.758121206029914,0.0219377747524673,25,0.114390955922827,0.114351910112784,0.00076123771072204,25,0.115608483022746,0.11411084482696,0.00608709665245273,25,1.20562006258951,1.20556129264715,0.013893701196134,25,0.940879636799295,0.941009051213551,0.00125041599202094,25,2.98856000000203,2.97600000000966,0.214353112099018,25,2.98856000000203,2.97600000000966,0.214353112099018,25,2.88260000000038,2.87699999999313,0.216802521509901,25,0.105960000001651,0.110000000000582,0.0116778993536065,25,0,0,0,25
"pretrain","estimated_Z","fastica_only","ifeval_min30","balanced_moderate_dense_signed_cross","Cross",100,2000,5,"2-2-2-2-2",1.43288386654094,1.4183995265318,0.16008706731048,25,0.74785852175892,0.74785852175892,0,25,0.27682806261299,0.282225161538317,0.0429594336455618,25,0.368023432946872,0.367476156414808,0.00494680457851485,25,0.496369739854476,0.49270424798482,0.079261099797044,25,0.143924559281237,0.09069555532475,0.120430502909873,25,0.231932580964116,0.233738110306229,0.0494933109419563,25,0.440919119909942,0.439451741831334,0.00926549232407793,25,0.207600419066279,0.207484076324286,0.0123359079469566,25,0.487425246128951,0.486865408312241,0.0126135157648351,25,0.0741967253117954,0.0741519683175513,0.000691057649347318,25,0.0805924473599935,0.0812432378103017,0.00483802747017865,25,1.0835096001322,1.08324961034252,0.00593628519763851,25,0.968742076626734,0.968680559458818,0.00158843373019051,25,1.76839999999996,1.73099999999977,0.126836837446057,25,1.76839999999996,1.73099999999977,0.126836837446057,25,1.73635999999997,1.69799999999987,0.126714534814823,25,0.0320399999999881,0.0300000000002001,0.00499566478730415,25,0,0,0,25
"pretrain","estimated_Z","fastica_only","ifeval_min30","balanced_moderate_dense_signed_cross","Cross",100,2000,5,"3-3-3-3-3",1.45460433084131,1.44552081411855,0.115228736080735,25,0.747858504981054,0.74785852175892,8.38893292609555e-08,25,0.269836022490842,0.267902944358438,0.0317728665039035,25,0.365034567178441,0.362892115394454,0.00873449277700142,25,0.423830229647136,0.429223207547835,0.052271776372595,25,0.335714327622814,0.334011616917724,0.0317754011654469,25,0.165319707785645,0.158414599958953,0.03987635815115,25,0.46792646924484,0.467423317706255,0.0103362368980989,25,0.189066570651887,0.190329074934855,0.00600598895339362,25,0.504707243865822,0.505037669948885,0.0106624367931886,25,0.0812246505584188,0.0811957642759893,0.000778740570257728,25,0.0890158860381729,0.0894709079303827,0.00493870613575987,25,1.09114217648877,1.09114181651732,0.00418975392422926,25,0.968595432758312,0.968479033860645,0.00211982784624081,25,2.7557600000003,2.74499999999898,0.154693858959413,25,2.7557600000003,2.74499999999898,0.154693858959413,25,2.67968000000008,2.66300000000047,0.152597979453352,25,0.07608000000022,0.0779999999977008,0.00921918289933563,25,0,0,0,25
"pretrain","estimated_Z","fastica_only","ifeval_min30","balanced_moderate_dense_signed_cross","Cross",100,500,10,"2-2-2-2-2-2-2-2-2-2",1.41408077011809,1.42923720097348,0.072200621020027,25,0.568764138341657,0.568776528188644,4.36418854325908e-05,25,0.330167225832116,0.329597213457622,0.0275472500016928,25,0.392915729217318,0.393009162679584,0.00469119019678168,25,0.53121853042566,0.538890655230054,0.0836277158948818,25,0.411491417656464,0.40400001426973,0.126581816888011,25,0.203625587778187,0.202733511711997,0.0392225151271709,25,0.826445998759809,0.829034310753819,0.0303308366396535,25,0.242370090844606,0.24432458396959,0.0124884011511526,25,0.861288967596766,0.863512281267597,0.0317943771268428,25,0.118184666938286,0.118473449429707,0.00125860818750983,25,0.179512425829394,0.177526488318524,0.00708160131854482,25,1.26522891218357,1.26944766273685,0.0216369131380674,25,0.934084257082276,0.933751789189018,0.00279673662240344,25,0.926039999999921,0.934999999997672,0.07683178595703,25,0.926039999999921,0.934999999997672,0.07683178595703,25,0.856840000000084,0.865000000005239,0.0705216751554773,25,0.069199999999837,0.065999999998894,0.0150858653496887,25,0,0,0,25
"pretrain","estimated_Z","fastica_only","ifeval_min30","balanced_moderate_dense_signed_cross","Cross",100,500,10,"3-3-3-3-3-3-3-3-3-3",1.39821834822087,1.40721537110502,0.0783910275294458,25,0.568773080839091,0.568776528188644,1.269405987459e-05,25,0.345893963572187,0.339093781363439,0.0407445761948207,25,0.385316842454368,0.385714086073186,0.00576848044206031,25,0.54875376746945,0.519449697824673,0.0865202109177285,25,0.392471268933744,0.389118415177109,0.0428890708490182,25,0.228365567842573,0.226071970475058,0.0219372765644738,25,0.872807183776602,0.869512069254311,0.0122580589400124,25,0.251949368893429,0.250522414813618,0.00920845070062446,25,0.908483610251335,0.909642971244183,0.0126675353139498,25,0.124543650090022,0.124701992348367,0.000975016357186578,25,0.183389880040657,0.183090785592609,0.00771702907484043,25,1.29692256799786,1.29703077350279,0.00975110614859836,25,0.933804011250893,0.933563689734113,0.00272870237653356,25,1.0700399999987,1.06300000000192,0.0188800600276583,25,1.0700399999987,1.06300000000192,0.0188800600276583,25,0.968959999999497,0.963999999999942,0.0118970584596644,25,0.101079999999201,0.0990000000019791,0.0162990797284256,25,0,0,0,25
"pretrain","estimated_Z","fastica_only","ifeval_min30","balanced_moderate_dense_signed_cross","Cross",100,500,5,"2-2-2-2-2",1.39402542808933,1.38347314632351,0.142666817345308,25,0.745838097269238,0.745843276530558,1.79389973005074e-05,25,0.279664269514095,0.271630442162522,0.047200302258225,25,0.374378709616086,0.375341056700295,0.00710903508692124,25,0.470796711495539,0.448298655172552,0.12847789107589,25,0.185517684864631,0.103955832893937,0.179348687438479,25,0.210042192425698,0.210662200460522,0.04989976624152,25,0.495702991416488,0.495209468893965,0.015175244723843,25,0.207125478864037,0.206655591263634,0.0102475881561973,25,0.53731025831237,0.53518039667102,0.015876970909002,25,0.0795301520147517,0.0794240863266863,0.00128382253212516,25,0.133115590792111,0.131669609403275,0.00597006658397694,25,1.1029067075602,1.1017987885178,0.00765448608855102,25,0.965020327312643,0.965297846651056,0.00298405128178146,25,0.654239999999998,0.655999999999949,0.0641562415773703,25,0.654239999999998,0.655999999999949,0.0641562415773703,25,0.628359999999997,0.635999999999967,0.0611656766495753,25,0.0258800000000008,0.0220000000000056,0.00850156848274132,25,0,0,0,25
"pretrain","estimated_Z","fastica_only","ifeval_min30","balanced_moderate_dense_signed_cross","Cross",100,500,5,"3-3-3-3-3",1.36549459502588,1.39918355698312,0.202604705130883,25,0.745827852836448,0.745843276530558,4.29251348705809e-05,25,0.277288834646058,0.276490684080005,0.0289778662333534,25,0.369401385510224,0.369045868633437,0.00743061760887221,25,0.478462305380608,0.469646411907225,0.06478406828498,25,0.359706518842598,0.354004490731427,0.0289465440581679,25,0.186762802740887,0.187104160475111,0.0288549645275753,25,0.548720366308802,0.545280536325081,0.0159567275008504,25,0.200343332070618,0.201729559345612,0.00721170872221843,25,0.584189723642426,0.582709203425275,0.0160798384770864,25,0.0874107538706294,0.0874850435632684,0.00130800527109305,25,0.142696969507666,0.142784942070988,0.00665157011394826,25,1.12572085753137,1.12498084406168,0.00844651676483682,25,0.96447514303628,0.965473763620456,0.0037606066130912,25,0.985559999999969,1.00900000000183,0.0538849700752452,25,0.985559999999969,1.00900000000183,0.0538849700752452,25,0.926559999999954,0.953999999999724,0.0519351197811013,25,0.0590000000000146,0.0579999999990832,0.00660807586703194,25,0,0,0,25
"pretrain","estimated_Z","fastica_only","ifeval_min30","balanced_moderate_dense_signed_cross","Cross",200,1000,10,"2-2-2-2-2-2-2-2-2-2",1.4024947468511,1.40973463266551,0.0629740123045905,25,0.579328975000393,0.579328975000393,0,25,0.212001647059687,0.20757081529258,0.0213367478001785,25,0.381593007383722,0.381611988586759,0.00239711284773334,25,0.441322373598476,0.443364585673246,0.0714276535500374,25,0.0802413364111828,0.0654433780175789,0.0540914204122071,25,0.211769050765252,0.216116451464552,0.0317361025644624,25,0.483727708440423,0.484635256387348,0.00474222996012836,25,0.167970354513414,0.167798783014526,0.0063060034220949,25,0.512088490327924,0.51135059376558,0.00574440209759605,25,0.080428856876641,0.0805023803625629,0.00050568622618208,25,0.121358052151655,0.121028724327487,0.00249348023503188,25,1.09231687753459,1.09242159162675,0.00295240196510838,25,0.966665932110543,0.966322223469791,0.001199956432913,25,3.53424000000086,3.49399999999878,0.210883909611447,25,3.53424000000086,3.49399999999878,0.210883909611447,25,3.47944000000047,3.43600000000151,0.210126168447216,25,0.0548000000003958,0.055000000000291,0.00499999999875096,25,0,0,0,25
"pretrain","estimated_Z","fastica_only","ifeval_min30","balanced_moderate_dense_signed_cross","Cross",200,1000,10,"3-3-3-3-3-3-3-3-3-3",1.40519502734522,1.4030073564067,0.0988936728232731,25,0.579328975000393,0.579328975000393,0,25,0.202769255986145,0.19927352890989,0.0215097236887134,25,0.3758177152314,0.375644799646736,0.00517643264155385,25,0.460065334324653,0.459711401384182,0.0567939892120861,25,0.382066655001035,0.375620820337819,0.0529654025466897,25,0.176500483450063,0.176019376098923,0.0183425029224864,25,0.482034172023129,0.483124419288171,0.0100520280903903,25,0.137801620491407,0.136877088217379,0.00574292262239755,25,0.501359269747574,0.502019724930937,0.0108865215824496,25,0.0855374822852695,0.0855911481724958,0.000591659592482784,25,0.125277908701028,0.125703409787796,0.0037514008603988,25,1.08770111141623,1.08806088284653,0.00550584756731483,25,0.967105876737504,0.966952736318906,0.0014821584612808,25,5.07519999999902,5.01599999998871,0.34826881380107,25,5.07519999999902,5.01599999998871,0.34826881380107,25,4.94683999999834,4.90899999999965,0.339121743134752,25,0.128360000000685,0.135999999998603,0.0183368481477572,25,0,0,0,25
"pretrain","estimated_Z","fastica_only","ifeval_min30","balanced_moderate_dense_signed_cross","Cross",200,1000,5,"2-2-2-2-2",1.41000515696669,1.42099589405092,0.163383132055565,25,0.745360614325595,0.745360614325595,0,25,0.211464010034581,0.195629539187223,0.0325817872650696,25,0.368487582803379,0.368906980953062,0.0042170947159395,25,0.431693627956274,0.442545912356853,0.0907615619158856,25,0.0578973243395892,0.0513481935001418,0.0336196417772964,25,0.20879332676853,0.215858743166009,0.0440541073504595,25,0.367510897378608,0.366636807539348,0.00938148842914368,25,0.18598912668843,0.186303138345268,0.0119345322212567,25,0.411958855236675,0.411717200909254,0.0132029076480946,25,0.0556453139650116,0.055713973813323,0.000590358928377402,25,0.0957211908418692,0.095918295197511,0.00264790424626169,25,1.06446129317694,1.06381457318076,0.00571020811036279,25,0.982071023480152,0.982072751442364,0.00165296486025681,25,3.07819999999991,3.10600000000022,0.177909621249982,25,3.07819999999991,3.10600000000022,0.177909621249982,25,3.04403999999995,3.07299999999987,0.176529383767473,25,0.0341599999999562,0.0329999999999018,0.00503884907490228,25,0,0,0,25
"pretrain","estimated_Z","fastica_only","ifeval_min30","balanced_moderate_dense_signed_cross","Cross",200,1000,5,"3-3-3-3-3",1.42032492978455,1.41119089495528,0.162106021293708,25,0.745360614325595,0.745360614325595,0,25,0.189976609274627,0.185923308797651,0.0284607859410499,25,0.362361048947807,0.362035052689736,0.00476651870719755,25,0.292253939378775,0.29200077891555,0.074245057933427,25,0.213450698270518,0.207416717050603,0.0833719866788473,25,0.0993877570436124,0.0909699294191713,0.0296689745031481,25,0.33287185473199,0.33306676229353,0.00546245240978388,25,0.128595313982097,0.127691915422542,0.00394253238751401,25,0.356861617548886,0.357880148422694,0.00593182108237661,25,0.0602823288752034,0.0602868069643936,0.000564714190698347,25,0.100494563135998,0.100019987621166,0.00367244736541427,25,1.04487342045813,1.04548221882902,0.00227942857409746,25,0.982680213944123,0.982500931865109,0.00117379355146592,25,18.3033200000001,6.90699999999924,59.694615332067,25,18.3033200000001,6.90699999999924,59.694615332067,25,18.1956399999996,6.80299999999988,59.6737309883789,25,0.107680000000546,0.106000000003405,0.027271352490794,25,0,0,0,25
"pretrain","estimated_Z","fastica_only","ifeval_min30","balanced_moderate_dense_signed_cross","Cross",200,1500,10,"2-2-2-2-2-2-2-2-2-2",1.38250755140777,1.41208772082617,0.094938380424089,25,0.583088680632177,0.583088680632177,0,25,0.225430900423609,0.221701566224895,0.0272447974835848,25,0.380582968616745,0.380518862706528,0.00282180043206059,25,0.437070017793881,0.431991161860469,0.0632828970537806,25,0.079526180416717,0.0628094817028453,0.0499164508536382,25,0.211205644171658,0.209462340805372,0.0317925942681394,25,0.467899150311131,0.469097830399825,0.00644612506400104,25,0.169156776713673,0.169029804338982,0.00805155139772288,25,0.497574336196099,0.500192195915679,0.00826228485415365,25,0.0778741943170835,0.0777900033150806,0.00063768792144797,25,0.10549360903476,0.105774339402847,0.00279422602971348,25,1.08815334011971,1.08934996297805,0.00425637310373853,25,0.969191932060012,0.969091903306528,0.00142056792212304,25,4.78019999999931,4.87399999999616,0.263631371427167,25,4.78019999999931,4.87399999999616,0.263631371427167,25,4.72267999999982,4.81899999999587,0.26543952858153,25,0.0575199999994948,0.0559999999968568,0.00516494594930569,25,0,0,0,25
"pretrain","estimated_Z","fastica_only","ifeval_min30","balanced_moderate_dense_signed_cross","Cross",200,1500,10,"3-3-3-3-3-3-3-3-3-3",1.40267941994086,1.41299092364394,0.0606430465739955,25,0.583088680632177,0.583088680632177,0,25,0.204682341245724,0.204444357922654,0.0177439191262439,25,0.377148159054514,0.377901375481101,0.00366350558832711,25,0.415797880455809,0.42583292930373,0.0420985201576383,25,0.351965462690876,0.356559818990273,0.0337375995017228,25,0.166048325535939,0.167700574717839,0.0189252721989469,25,0.455611107230247,0.457723843980189,0.00627478485456251,25,0.135775512468962,0.135312697489279,0.00339012388851269,25,0.475419461776341,0.477144051302441,0.00658576530197966,25,0.0826753459518607,0.0827348282064493,0.000503741838241099,25,0.106459667362208,0.106151348730954,0.00283098932140972,25,1.07770869159077,1.07812507618018,0.00291294297574049,25,0.968668782857164,0.968623266077226,0.00134756124101723,25,6.47883999999962,6.47699999999895,0.344334343335611,25,6.47883999999962,6.47699999999895,0.344334343335611,25,6.35400000000023,6.34600000000501,0.334712687738722,25,0.124839999999385,0.123000000006869,0.0179180542091001,25,0,0,0,25
"pretrain","estimated_Z","fastica_only","ifeval_min30","balanced_moderate_dense_signed_cross","Cross",200,1500,5,"2-2-2-2-2",1.40367762034172,1.41007879802276,0.10494356069263,25,0.749289957829839,0.749289957829839,0,25,0.219261254458578,0.219942528426513,0.029487419264091,25,0.365721585863875,0.366075844782249,0.00377072306917429,25,0.432641206954324,0.458865129734083,0.133393229400516,25,0.0612614191902728,0.0474135239333851,0.0454654121712908,25,0.209131732987392,0.22236216140391,0.0652100758449908,25,0.367451547609815,0.364607773829803,0.00894621820598591,25,0.191114629212166,0.188735493442906,0.0116854078556791,25,0.414244547492236,0.411185834906071,0.0126990996469227,25,0.0542553175615404,0.0542235375261621,0.000419768407291935,25,0.0815646787789466,0.0813900104280748,0.0019428949597042,25,1.0663928178596,1.06541772886755,0.00492939198494024,25,0.983118881898231,0.983129579764511,0.00104178601905608,25,3.97135999999995,3.98300000000017,0.176177911971524,25,3.97135999999995,3.98300000000017,0.176177911971524,25,3.93415999999994,3.94700000000012,0.176193473204897,25,0.0372000000000116,0.0360000000000582,0.00415331193144386,25,0,0,0,25
"pretrain","estimated_Z","fastica_only","ifeval_min30","balanced_moderate_dense_signed_cross","Cross",200,1500,5,"3-3-3-3-3",1.33540505130167,1.377035307079,0.162064959592875,25,0.749289957829839,0.749289957829839,0,25,0.184737716833997,0.178619534849727,0.0233713287294518,25,0.361755635183959,0.362856103495819,0.00530098281297775,25,0.260191495638343,0.281364122470789,0.0606605923595587,25,0.195058857563217,0.198236765338784,0.0813797785114781,25,0.0852740214830566,0.0811343819108848,0.0256587380839888,25,0.320430763762224,0.320544193458334,0.00492973501258296,25,0.12792810342947,0.127484985010829,0.00419841110499686,25,0.345037296005692,0.345162332455857,0.00568167400880661,25,0.0586815651030639,0.0586933321124454,0.000306602063438054,25,0.0862205183360288,0.0862401332682308,0.00332136485252085,25,1.04158237971663,1.04203947748266,0.00220075069828742,25,0.983295139188394,0.98319423215749,0.00124223698068426,25,9.62532000000007,9.66399999999703,0.360405526224845,25,9.62532000000007,9.66399999999703,0.360405526224845,25,9.51836000000025,9.55599999999686,0.360664996915492,25,0.106959999999817,0.106999999999971,0.00625486477327702,25,0,0,0,25
"pretrain","estimated_Z","fastica_only","ifeval_min30","balanced_moderate_dense_signed_cross","Cross",200,2000,10,"2-2-2-2-2-2-2-2-2-2",1.41096461864756,1.41231423821683,0.0722005274303029,25,0.581019736017126,0.581019736017126,0,25,0.222913262768448,0.223890017836953,0.0236521108336076,25,0.379906052998093,0.379939452435558,0.00202816800003495,25,0.434544485074223,0.44008207500043,0.0847723111655472,25,0.0976084305657471,0.0589381986133623,0.0890287483125827,25,0.205608805358686,0.208301539013267,0.0388909588384198,25,0.460534685995996,0.458660858444856,0.00605082626401346,25,0.170185616889192,0.168491782186432,0.00761511093243288,25,0.491001575349846,0.489287011383072,0.00814021151868343,25,0.076697653505345,0.0766664881524717,0.00040993753884298,25,0.0959084999599886,0.0957579479509384,0.0021614905366633,25,1.08600369297752,1.0849098553801,0.00371292755919703,25,0.96994704140821,0.969952388083884,0.00115023295449844,25,6.07023999999859,6.02799999999115,0.343860591906585,25,6.07023999999859,6.02799999999115,0.343860591906585,25,6.00839999999967,5.96699999999691,0.342972059115385,25,0.0618399999989197,0.0599999999976717,0.0070868422677106,25,0,0,0,25
"pretrain","estimated_Z","fastica_only","ifeval_min30","balanced_moderate_dense_signed_cross","Cross",200,2000,10,"3-3-3-3-3-3-3-3-3-3",1.41661011332079,1.40437170396375,0.0705108917782128,25,0.581019736017126,0.581019736017126,0,25,0.201286421226409,0.195360206091411,0.0226297759525358,25,0.375394970934918,0.375914993098522,0.00362808126145176,25,0.421488396452882,0.424001555938632,0.049218717194245,25,0.350321585931511,0.34653956055338,0.0463397173526434,25,0.164013317323836,0.162250233502485,0.0161507218424853,25,0.441669640940852,0.441941411607575,0.00469710817160983,25,0.133472515052038,0.133075863486382,0.00355098387438174,25,0.461404749307933,0.460956170181868,0.00519682779908051,25,0.0812478968469767,0.0812151823711865,0.000518501575691688,25,0.0963514444226316,0.0955102093099193,0.00250638973283033,25,1.07257848363718,1.07275626689469,0.0026035571055348,25,0.96955311713461,0.969625115456188,0.00122165630469883,25,8.0869999999972,8.13099999999395,0.346812148957948,25,8.0869999999972,8.13099999999395,0.346812148957948,25,7.95239999999991,7.9890000000014,0.34848756553532,25,0.134599999997299,0.138999999995576,0.0180646985395322,25,0,0,0,25
"pretrain","estimated_Z","fastica_only","ifeval_min30","balanced_moderate_dense_signed_cross","Cross",200,2000,5,"2-2-2-2-2",1.42129914947068,1.41212890443408,0.116451927670395,25,0.74785852175892,0.74785852175892,0,25,0.226401741517309,0.21471584103591,0.0410404814445878,25,0.36460971547225,0.365290892032785,0.0047983241821298,25,0.45679589023292,0.465696413930706,0.112905145995318,25,0.0539695087915177,0.0473201198662202,0.0350716954740108,25,0.219930882064582,0.225942471376563,0.0549597987917145,25,0.361981446505918,0.362826816119519,0.00904608907699671,25,0.187651064541368,0.191500813426578,0.0129154163631753,25,0.407804841336852,0.40946707459072,0.0135936236345495,25,0.0535816419187787,0.05362469484489,0.000418962057458606,25,0.074228050719458,0.074334738594759,0.00195010324193347,25,1.06421402352566,1.06457871727308,0.00519837597811285,25,0.983373889877573,0.98332713443942,0.00110758425290328,25,5.19415999999994,5.12199999999939,0.238058935280094,25,5.19415999999994,5.12199999999939,0.238058935280094,25,5.15396000000001,5.08199999999943,0.23681453361932,25,0.0401999999999316,0.0399999999999636,0.0034520525296166,25,0,0,0,25
"pretrain","estimated_Z","fastica_only","ifeval_min30","balanced_moderate_dense_signed_cross","Cross",200,2000,5,"3-3-3-3-3",1.39869844676175,1.3888993090997,0.139208049993447,25,0.74785852175892,0.74785852175892,0,25,0.175012465809686,0.171301559575037,0.0270192602120764,25,0.362822484686798,0.362509396152155,0.00530696680245581,25,0.290202297089855,0.303014207041222,0.0628434104683977,25,0.224413892037102,0.222943945290811,0.0862996825433905,25,0.0951219233395,0.0942899110727312,0.0220318576944635,25,0.317363843104334,0.314858367762338,0.00718439416644564,25,0.129342476338327,0.128368609187306,0.00562910940466056,25,0.342725787686798,0.339596284502067,0.00843417195392503,25,0.0579425548894361,0.0578715862601091,0.00033174853679531,25,0.0793454924950337,0.0791993003613466,0.002659033862711,25,1.04141975122519,1.04024413681544,0.00292086787455913,25,0.983874555443308,0.983788867591035,0.00112029762064924,25,11.8386400000003,11.8839999999982,0.517329189201398,25,11.8386400000003,11.8839999999982,0.517329189201398,25,11.7158800000002,11.7769999999982,0.518387107607094,25,0.122760000000126,0.114000000001397,0.0167189513221556,25,0,0,0,25
"pretrain","estimated_Z","fastica_only","ifeval_min30","balanced_moderate_dense_signed_cross","Cross",200,500,10,"2-2-2-2-2-2-2-2-2-2",1.38800626973749,1.40884076498872,0.0645028626351672,25,0.568776528188644,0.568776528188644,0,25,0.215085823039991,0.212784406516215,0.0183168147016327,25,0.385621975110554,0.385399435337226,0.00277422760681748,25,0.4411993251764,0.450926189287148,0.0775379579535165,25,0.0967805062981146,0.0800176836972558,0.0578962119964441,25,0.213314650709152,0.219361246288287,0.0366684064357969,25,0.541667304671492,0.540063530237903,0.011183251883791,25,0.163217708442966,0.165033186635514,0.00527293355923674,25,0.565739438874391,0.563721683686806,0.0115978982703409,25,0.0877808077482149,0.0878848576987184,0.000943453622527558,25,0.162039543438577,0.162563078992967,0.00381566038729594,25,1.11357148381507,1.11319871121234,0.00642810115959491,25,0.962099609899862,0.962621341648046,0.00231179427398818,25,2.58696000000054,2.55900000000111,0.161236234554338,25,2.58696000000054,2.55900000000111,0.161236234554338,25,2.53616000000038,2.50900000000547,0.158387099643184,25,0.050800000000163,0.0489999999990687,0.00548482755681592,25,0,0,0,25
"pretrain","estimated_Z","fastica_only","ifeval_min30","balanced_moderate_dense_signed_cross","Cross",200,500,10,"3-3-3-3-3-3-3-3-3-3",1.39142339234149,1.39786258061991,0.0718262877273279,25,0.568776528188644,0.568776528188644,0,25,0.215056221545336,0.217362943438623,0.0189921867221754,25,0.376599743211749,0.376574258464583,0.00360875708533403,25,0.45296922292358,0.442078874915473,0.0542222454064593,25,0.394300777332368,0.38321700391193,0.0496403105429068,25,0.169246818251883,0.167150209398166,0.0165046942461029,25,0.566789368897829,0.568094295210944,0.012690841715196,25,0.147712608428562,0.147580759738414,0.00586116821938987,25,0.585741924121206,0.585331890692,0.0130382465126278,25,0.0930543134431535,0.0930898257229635,0.000854930859150909,25,0.167893763185479,0.167801799251269,0.00501966946415846,25,1.12349893486374,1.12324201235054,0.00633933375273567,25,0.961865948815618,0.962133614570766,0.00217169998850843,25,3.61787999999942,3.62299999999232,0.181820726725574,25,3.61787999999942,3.62299999999232,0.181820726725574,25,3.48336000000068,3.48600000000442,0.177230518441061,25,0.134519999998738,0.138000000006286,0.0127871028801549,25,0,0,0,25
"pretrain","estimated_Z","fastica_only","ifeval_min30","balanced_moderate_dense_signed_cross","Cross",200,500,5,"2-2-2-2-2",1.35123709401134,1.39778674398121,0.1812025232509,25,0.745843276530558,0.745843276530558,0,25,0.210709941319011,0.205582410254028,0.0273561329622018,25,0.371345576429727,0.371188585006159,0.0041784300384488,25,0.410191873108038,0.413150112007129,0.133885243116987,25,0.0775969695379347,0.0606300984462853,0.0646445698373997,25,0.197071329929637,0.199924143392307,0.0652319723136034,25,0.386816197776583,0.387474048945584,0.00571780171447612,25,0.170639145317177,0.172921720667481,0.0114409277454229,25,0.42287127733523,0.422208139360132,0.00920915206788643,25,0.0596569493678955,0.0595285388716435,0.000729190449938004,25,0.126328578668739,0.126179491404862,0.00278679313473974,25,1.06583926878827,1.06618781870564,0.004049585606193,25,0.97925123771377,0.978973617254588,0.00224861177130177,25,2.16456000000002,2.16300000000001,0.0990909010286879,25,2.16456000000002,2.16300000000001,0.0990909010286879,25,2.13407999999999,2.13599999999997,0.0974093253578575,25,0.030480000000025,0.0289999999999964,0.0059098787353693,25,0,0,0,25
"pretrain","estimated_Z","fastica_only","ifeval_min30","balanced_moderate_dense_signed_cross","Cross",200,500,5,"3-3-3-3-3",1.40478644835672,1.42348746179309,0.132747316009994,25,0.745843276530558,0.745843276530558,0,25,0.182537810935792,0.179281459579945,0.0190352762899769,25,0.364743752088012,0.365084048525906,0.00601976391941653,25,0.334908854628929,0.320432319605503,0.082180455311084,25,0.28252495470653,0.280753265374251,0.093739671709867,25,0.114460182157561,0.114105021763204,0.0355158344333816,25,0.377161076333466,0.376493137330252,0.00872995929180433,25,0.129566169520905,0.129218220422516,0.00468306607877278,25,0.398809893391319,0.398150315672508,0.0092846358186026,25,0.0648068781593731,0.0649504147706999,0.000733581267337631,25,0.132358270243932,0.132016219227538,0.00457924229275471,25,1.05663547704045,1.05657969455185,0.00415497492518295,25,0.979455121165544,0.979016499207328,0.00210933775120988,25,3.33943999999945,3.29999999999563,0.192108710543008,25,3.33943999999945,3.29999999999563,0.192108710543008,25,3.25643999999942,3.22599999999875,0.194595966041945,25,0.0830000000000291,0.077000000001135,0.0121243556532643,25,0,0,0,25
"pretrain","estimated_Z","fastica_only","ifeval_min30","balanced_moderate_dense_signed_cross","Cross",400,1000,10,"2-2-2-2-2-2-2-2-2-2",1.41353462003893,1.41292108733649,0.0630819620997466,25,0.579328975000393,0.579328975000393,0,25,0.170717149268129,0.165466031802526,0.0176169423124082,25,0.379676453756842,0.380042753999443,0.0020173816941746,25,0.398994096767436,0.428543728342869,0.1142707236618,25,0.041300816271637,0.0409770918782451,0.00155811376169868,25,0.193579683138621,0.207887100702003,0.0560990970906893,25,0.407224843064614,0.408374243906137,0.00629922951562401,25,0.158344909063588,0.159840559481971,0.00720512099559552,25,0.43695323770371,0.439521093128197,0.00822732959725883,25,0.060933470727821,0.0608774946545211,0.000314096925603474,25,0.114819494445946,0.114813675608775,0.00106031797828583,25,1.07281963317905,1.07336467858751,0.00324627463279367,25,0.980679785519031,0.980528242737399,0.00122594608674117,25,12.7245599999995,12.5539999999964,0.460461822521733,25,12.7245599999995,12.5539999999964,0.460461822521733,25,12.6517599999995,12.476999999999,0.460013974424615,25,0.0727999999999884,0.0709999999962747,0.0104682058319884,25,0,0,0,25
"pretrain","estimated_Z","fastica_only","ifeval_min30","balanced_moderate_dense_signed_cross","Cross",400,1000,10,"3-3-3-3-3-3-3-3-3-3",1.40813569896254,1.41519684742244,0.088640831808915,25,0.579328975000393,0.579328975000393,0,25,0.136827195987385,0.134379354472238,0.0142732990530848,25,0.373803959027991,0.37362150990443,0.00273697396267521,25,0.257680837128441,0.260785144620815,0.0423190733658139,25,0.200218930054705,0.199249139552265,0.0538389839227966,25,0.0837092376020525,0.0820396656450004,0.0151585015243265,25,0.352218360247662,0.352528662517539,0.00338364053227438,25,0.0965888367166625,0.0969593900949881,0.00298594171979967,25,0.365232395056297,0.365291374315862,0.00353914885424553,25,0.064146964403932,0.064212589616563,0.000307593243973812,25,0.115385746978686,0.115211878870408,0.00175640792175712,25,1.0460526424623,1.04579595550274,0.00151699846968688,25,0.981086408861444,0.981265355979626,0.00106418866832894,25,18.0236799999961,17.9820000000036,0.531053883018385,25,18.0236799999961,17.9820000000036,0.531053883018385,25,17.8548399999971,17.8349999999919,0.529039670851254,25,0.168839999999036,0.156999999991967,0.0266640832064438,25,0,0,0,25
"pretrain","estimated_Z","fastica_only","ifeval_min30","balanced_moderate_dense_signed_cross","Cross",400,1000,5,"2-2-2-2-2",1.37418196976628,1.40988651615947,0.138262142661195,25,0.745360614325595,0.745360614325595,0,25,0.183918852668797,0.179683629408608,0.0240754744182263,25,0.367528975124921,0.367056490562256,0.00267751856083572,25,0.452514790996669,0.47194098161971,0.0829597402715638,25,0.0382167670326561,0.0310258187775693,0.0373065498862355,25,0.219427264256353,0.229164238370316,0.040557919921535,25,0.334876372400304,0.335301431943936,0.00652626899766879,25,0.181200884600304,0.182816291641688,0.00860570937409323,25,0.380791715576988,0.38183310157942,0.00944276199226054,25,0.0421708431635707,0.0422342109422894,0.000259127457161937,25,0.0923303529678947,0.0924520822494571,0.00194644230803129,25,1.06087327369928,1.06158139916859,0.00349507833778047,25,0.990467251038427,0.990626513339013,0.00100259824383603,25,11.4305599999998,11.4760000000006,0.435987297215424,25,11.4305599999998,11.4760000000006,0.435987297215424,25,11.3822399999998,11.4250000000002,0.436749096545587,25,0.0483199999999852,0.0469999999995707,0.00682348884359853,25,0,0,0,25
"pretrain","estimated_Z","fastica_only","ifeval_min30","balanced_moderate_dense_signed_cross","Cross",400,1000,5,"3-3-3-3-3",1.4818945052349,1.43587598824718,0.132819716266517,25,0.745360614325595,0.745360614325595,0,25,0.129636830403316,0.123934816338946,0.0172984510772273,25,0.359989507636347,0.361323062854157,0.00482204989633883,25,0.216195235741077,0.217245622258071,0.0418921515678017,25,0.085433427636706,0.0642155951243105,0.0549078257671452,25,0.0681736941677504,0.066950686267289,0.0120977729313728,25,0.257489125772237,0.257202561184067,0.00429092950671014,25,0.0971632153759783,0.0984915301075488,0.00381914913124526,25,0.275225623516732,0.274746250988758,0.00498691308670604,25,0.0453037116827487,0.0452819488830207,0.000295220226086508,25,0.0959578519727277,0.0959118972054592,0.0017388235205715,25,1.02763869871895,1.02759497760592,0.00186737207124206,25,0.990405306245073,0.990609620287446,0.0012603617262456,25,64.90276,26.2430000000022,182.433592588115,25,64.90276,26.2430000000022,182.433592588115,25,64.7545599999995,26.0910000000003,182.44494183088,25,0.148200000000506,0.138999999999214,0.085675745303738,25,0,0,0,25
"pretrain","estimated_Z","fastica_only","ifeval_min30","balanced_moderate_dense_signed_cross","Cross",400,1500,10,"2-2-2-2-2-2-2-2-2-2",1.41375829734179,1.41435412741729,0.0815201439915,25,0.583088680632177,0.583088680632177,0,25,0.185590361333324,0.175131730780945,0.0257888360813235,25,0.378260937620425,0.37850625678142,0.00165726892200256,25,0.453609777254834,0.447629342930472,0.0733245793087417,25,0.0442028246031562,0.0375749470888342,0.03540371043208,25,0.219857304325794,0.21724119826001,0.0353641882493735,25,0.395955564149968,0.394907367710262,0.00662603715012597,25,0.159537227849329,0.157652199015143,0.00717185157498785,25,0.426909836300703,0.426245308224997,0.00868750007618708,25,0.0580750778368221,0.0580340065765907,0.000269345302891837,25,0.0995780373403552,0.0994736449435655,0.00137710298503512,25,1.07105089100895,1.07073004678221,0.00357429081803868,25,0.9829650425913,0.982785375422485,0.000811530817607764,25,16.3400800000003,16.5919999999969,0.389489079864746,25,16.3400800000003,16.5919999999969,0.389489079864746,25,16.2630400000006,16.5060000000012,0.388968130657165,25,0.077039999999688,0.0769999999974971,0.00463213413715715,25,0,0,0,25
"pretrain","estimated_Z","fastica_only","ifeval_min30","balanced_moderate_dense_signed_cross","Cross",400,1500,10,"3-3-3-3-3-3-3-3-3-3",1.41628574801553,1.41293341423017,0.0651278581671837,25,0.583088680632177,0.583088680632177,0,25,0.137880090081394,0.136952726659593,0.0115415608458596,25,0.373021428999781,0.373671069030695,0.00314624211688238,25,0.247790783224001,0.226988048577899,0.057595990435914,25,0.185345440162054,0.17201737928849,0.0780756549755665,25,0.0810499594484828,0.0727635472702645,0.0206965684647765,25,0.336689463840761,0.337200665873803,0.00450407588037633,25,0.0992117385147057,0.0994129114386613,0.00423518805265343,25,0.35101937429503,0.351504827217656,0.00508854582799417,25,0.0610268571830701,0.0610674467395789,0.000306519934164032,25,0.0989452342166277,0.0988222920160579,0.00168538838745375,25,1.04293685781968,1.04353630136266,0.0019332122204456,25,0.982762220969668,0.982623319357456,0.000800184086969996,25,21.8430400000029,21.8150000000169,0.646065365630152,25,21.8430400000029,21.8150000000169,0.646065365630152,25,21.6678400000022,21.6500000000087,0.638130908723779,25,0.175200000000768,0.157000000006519,0.0309367634578756,25,0,0,0,25
"pretrain","estimated_Z","fastica_only","ifeval_min30","balanced_moderate_dense_signed_cross","Cross",400,1500,5,"2-2-2-2-2",1.42987107784406,1.41167142178799,0.159430940569706,25,0.749289957829839,0.749289957829839,0,25,0.196770067438539,0.201749754831491,0.0250665515373246,25,0.364404323945536,0.364329379597403,0.002864155097372,25,0.420127605532532,0.435359425878549,0.12894206119873,25,0.0473441961019769,0.0282868558231271,0.0701331674742184,25,0.201911399709012,0.208074505352972,0.0624729923929471,25,0.332600364759922,0.334248674206978,0.00666599613642287,25,0.180592159757877,0.181050708913297,0.00819562328093789,25,0.378500519908317,0.379682125257791,0.00918710765696648,25,0.0408005996084953,0.0408230619274384,0.000285156249257597,25,0.0798469007040324,0.0799480169113482,0.00142973073228443,25,1.0604244014751,1.06080750877848,0.00341328760269941,25,0.990806758570272,0.990551702068047,0.00107500570019351,25,14.57388,14.5560000000023,0.50616658325078,25,14.57388,14.5560000000023,0.50616658325078,25,14.5160400000001,14.505000000001,0.506096456550672,25,0.0578399999999238,0.0560000000004948,0.00916369648822333,25,0,0,0,25
"pretrain","estimated_Z","fastica_only","ifeval_min30","balanced_moderate_dense_signed_cross","Cross",400,1500,5,"3-3-3-3-3",1.4051911824723,1.4173929226538,0.166494714811652,25,0.749289957829839,0.749289957829839,0,25,0.131083444339603,0.126221931170218,0.0242762670283912,25,0.359613464480174,0.360122264893929,0.00406976380688539,25,0.208462372860546,0.201942402605794,0.0422231571833163,25,0.069082642283487,0.0579930671169862,0.0433578920325322,25,0.0644366002607874,0.0614320503639762,0.0120366763599052,25,0.247034498256092,0.246308059153071,0.00375846894332337,25,0.0974131875459884,0.097788428229159,0.00315904481839323,25,0.265559631876251,0.264387590446387,0.00415779652968514,25,0.0432862059537281,0.043241564874977,0.000295580201351625,25,0.0822002171267603,0.082515509013888,0.00205031810235349,25,1.02551257981713,1.02526008379932,0.00142137012352463,25,0.990790736755473,0.990476247252175,0.0010802077217026,25,23.1813999999998,23.1099999999933,0.768150592873949,25,23.1813999999998,23.1099999999933,0.768150592873949,25,23.0719199999989,23.0119999999952,0.767303662182799,25,0.109480000000913,0.107000000003609,0.00915660053326717,25,0,0,0,25
"pretrain","estimated_Z","fastica_only","ifeval_min30","balanced_moderate_dense_signed_cross","Cross",400,2000,10,"2-2-2-2-2-2-2-2-2-2",1.40288106857085,1.41227133514924,0.101705673261977,25,0.581019736017126,0.581019736017126,0,25,0.193236236598464,0.194059611227631,0.0262789453918071,25,0.377290987238956,0.377073864136612,0.00198635623914281,25,0.465919559489016,0.462279833087586,0.0911196715352739,25,0.034018073818722,0.0340970100926274,0.00130284549211416,25,0.22564467536078,0.224562061313292,0.043938320270928,25,0.386808513953911,0.388127069411285,0.0069424095657882,25,0.157427056953154,0.156747882873516,0.00892332903407538,25,0.417659795318801,0.417875684865815,0.00952573487900903,25,0.0565427367938653,0.0565688098554205,0.000283500028501563,25,0.0896056059965765,0.0896045469287312,0.0016372720353666,25,1.06811158644772,1.06827599690904,0.00394338950488392,25,0.983627841789251,0.983401037219039,0.000838732538448595,25,20.4564799999999,20.6650000000009,0.749016751037861,25,20.4564799999999,20.6650000000009,0.749016751037861,25,20.3712800000006,20.5829999999987,0.748832620373122,25,0.0851999999993131,0.0849999999991269,0.00559016994371693,25,0,0,0,25
"pretrain","estimated_Z","fastica_only","ifeval_min30","balanced_moderate_dense_signed_cross","Cross",400,2000,10,"3-3-3-3-3-3-3-3-3-3",1.37880955061896,1.3971065427758,0.0726105903224157,25,0.581019736017126,0.581019736017126,0,25,0.131374504970286,0.131373563904555,0.0119277765986292,25,0.372317607162141,0.372189019957736,0.00289058821313614,25,0.233012118663214,0.226575552152794,0.0426922075209578,25,0.163545172292485,0.135957872242908,0.0672884311476808,25,0.0748523381703605,0.0736247491900129,0.0145638810565018,25,0.328266159455947,0.329504847380899,0.0053661347938494,25,0.100669560928934,0.100247928126679,0.0039478558759169,25,0.343365550611969,0.344406628021342,0.00610125707829763,25,0.0595625848019384,0.0596310969079497,0.000325124454827443,25,0.0895415126151157,0.0897636882165921,0.00197965856591287,25,1.04144925253658,1.04176299800178,0.00218508508841959,25,0.983796651287138,0.983801445149727,0.000910912536983807,25,26.7904800000013,27.0969999999943,0.95991276165896,25,26.7904800000013,27.0969999999943,0.95991276165896,25,26.6114800000004,26.9349999999977,0.956402291574726,25,0.179000000000815,0.171999999991385,0.0251528659733765,25,0,0,0,25
"pretrain","estimated_Z","fastica_only","ifeval_min30","balanced_moderate_dense_signed_cross","Cross",400,2000,5,"2-2-2-2-2",1.46140878705471,1.4134640486176,0.121884382644194,25,0.74785852175892,0.74785852175892,0,25,0.205975359088383,0.199708449756051,0.0337995147739782,25,0.362522881866895,0.362376576576962,0.00320269314027659,25,0.468328688870255,0.483572006802242,0.0888159064364317,25,0.033005870338032,0.02668749491445,0.0335086635199943,25,0.226428600270302,0.234110014141905,0.0427705609049638,25,0.333294266162945,0.333230654185084,0.00816497161964938,25,0.180740979357072,0.177544472605031,0.0111138528572645,25,0.379203566986405,0.377346177304875,0.0120589424047383,25,0.0399477663312036,0.0399470139284215,0.000249519184984801,25,0.0727083986826351,0.0725487675666059,0.00134805475381008,25,1.06121677699287,1.06059978491393,0.00439666556367286,25,0.99133318469917,0.991213431101912,0.000752221967629054,25,17.8831599999998,17.7270000000008,0.598710954189359,25,17.8831599999998,17.7270000000008,0.598710954189359,25,17.81408,17.652,0.602756440584888,25,0.0690799999998853,0.0679999999993015,0.0098991582132783,25,0,0,0,25
"pretrain","estimated_Z","fastica_only","ifeval_min30","balanced_moderate_dense_signed_cross","Cross",400,2000,5,"3-3-3-3-3",1.41229579522982,1.40487658617505,0.135732806361176,25,0.74785852175892,0.74785852175892,0,25,0.133839210302532,0.125854870100412,0.0246324403806011,25,0.360510747860089,0.360255221408543,0.00285799505679672,25,0.190887418854785,0.188363929463329,0.0400735764889853,25,0.0624018613596204,0.0597253606023471,0.0138744290441743,25,0.0607783974122255,0.0592241493084138,0.0124535985938165,25,0.2438317270091,0.243847823833387,0.00476323666560364,25,0.09949235564354,0.0993901524615923,0.00403842026591027,25,0.263364408173069,0.26285286370304,0.00552134180319981,25,0.0424659210061183,0.0424291431165885,0.000293810392203655,25,0.0750818390665668,0.0748635591677884,0.00209584951049213,25,1.02544368241529,1.025053238325,0.00158639249618276,25,0.991268282993402,0.991148372116703,0.000736834448674219,25,28.3537200000012,28.0699999999997,0.897310589111258,25,28.3537200000012,28.0699999999997,0.897310589111258,25,28.2297600000008,27.9429999999993,0.899777809610201,25,0.12396000000037,0.120999999999185,0.0148842198319982,25,0,0,0,25
"pretrain","estimated_Z","fastica_only","ifeval_min30","balanced_moderate_dense_signed_cross","Cross",400,500,10,"2-2-2-2-2-2-2-2-2-2",1.41896373053153,1.41851450572688,0.0710335061889032,25,0.568776528188644,0.568776528188644,0,25,0.16328346910868,0.16008915220934,0.014130570325096,25,0.382987064993465,0.382970191339683,0.00190653537121344,25,0.433878174344235,0.432391592544644,0.0716820596767575,25,0.056456078432329,0.0568851823537153,0.00226703437812229,25,0.211221575982506,0.210690102863796,0.0349782291939015,25,0.432333087625201,0.432479884653945,0.00468731899493826,25,0.13503580848854,0.13453803806232,0.00515917839637611,25,0.452954109549791,0.453748512849058,0.0051828472600111,25,0.0693086806364465,0.0692728418893499,0.000514822127108164,25,0.154902542905683,0.15447776884388,0.00200275688896264,25,1.07447310706224,1.07462802320386,0.00238366916272243,25,0.975779401029083,0.975827175543172,0.00146685113121187,25,8.30476000000082,8.2670000000071,0.35685924863029,25,8.30476000000082,8.2670000000071,0.35685924863029,25,8.23840000000084,8.2019999999975,0.356553642527528,25,0.066359999999986,0.0650000000023283,0.00612970907349996,25,0,0,0,25
"pretrain","estimated_Z","fastica_only","ifeval_min30","balanced_moderate_dense_signed_cross","Cross",400,500,10,"3-3-3-3-3-3-3-3-3-3",1.41692232438544,1.41676326355987,0.0562573498841956,25,0.568776528188644,0.568776528188644,0,25,0.135613101423032,0.138037190920301,0.0126737563585172,25,0.373567936020975,0.373490255977056,0.00220031364000185,25,0.325925689531978,0.31612885479973,0.0566706993836161,25,0.28041303216895,0.268955899224906,0.0841378839241246,25,0.102420270200352,0.100122807029577,0.0152960468022305,25,0.413652405341205,0.412001414819785,0.00831461876425561,25,0.0957342809525318,0.0965213177460835,0.0038974279912539,25,0.424598940935888,0.423752447097938,0.00854243495255325,25,0.0722969875316616,0.0721121620063994,0.000726982995002711,25,0.157701289090268,0.157123500813847,0.0033038271668916,25,1.06349527143034,1.06290683623748,0.00371924185350367,25,0.976550260271942,0.976451685236373,0.00151888455339324,25,11.2745600000024,11.247000000003,0.638206215367363,25,11.2745600000024,11.247000000003,0.638206215367363,25,11.1050800000015,11.0880000000034,0.630714470528478,25,0.169480000000913,0.179000000003725,0.0215428255664168,25,0,0,0,25
"pretrain","estimated_Z","fastica_only","ifeval_min30","balanced_moderate_dense_signed_cross","Cross",400,500,5,"2-2-2-2-2",1.38497886917099,1.40851192389868,0.1532114651634,25,0.745843276530558,0.745843276530558,0,25,0.179560300046117,0.177350065387381,0.0226732685698048,25,0.370498400203181,0.3706461169823,0.00302429936981072,25,0.407188380442669,0.416484900901379,0.123717379625687,25,0.0399472057262484,0.0400085833199672,0.00205154730086842,25,0.197334994456696,0.201034841666729,0.0602550335119831,25,0.337023885626065,0.33778075408729,0.00637181485445256,25,0.154720677452021,0.151735812638257,0.009144039473518,25,0.370892015989737,0.369540646649253,0.00923900990747658,25,0.0470453069695262,0.0469779365504373,0.000418818520547589,25,0.122738645299233,0.123069481807063,0.00230327268767028,25,1.05431216649005,1.05448682493368,0.00331693419210528,25,0.98739161107541,0.987234379904176,0.00131272652092355,25,7.39703999999983,7.4369999999999,0.37241704669201,25,7.39703999999983,7.4369999999999,0.37241704669201,25,7.35632000000001,7.39400000000023,0.372336398077675,25,0.0407199999998193,0.0399999999999636,0.00283607710286748,25,0,0,0,25
"pretrain","estimated_Z","fastica_only","ifeval_min30","balanced_moderate_dense_signed_cross","Cross",400,500,5,"3-3-3-3-3",1.42332222767482,1.42274663488731,0.149663301658417,25,0.745843276530558,0.745843276530558,0,25,0.133441481452701,0.13266760657194,0.0184067431231756,25,0.361656022898171,0.3619752014845,0.00389022940492579,25,0.207468195562957,0.20387849827493,0.0412992601838257,25,0.0958704826887369,0.0820839762498273,0.0481985733377811,25,0.066574341508007,0.0667956899337199,0.0128939050461713,25,0.29138101993554,0.290960102877372,0.00493148783830449,25,0.0926899356797057,0.0935458600372313,0.00347306862359946,25,0.30578309973081,0.305642454048024,0.00519869583466574,25,0.0502291416688284,0.0501998729065835,0.000411181424291147,25,0.12747843923946,0.127578770848725,0.00298147662759731,25,1.03290354579698,1.03261950723974,0.0020102144936509,25,0.987099211095825,0.98693616289068,0.00194811306975175,25,16.14656,16.0579999999973,0.712133770205467,25,16.14656,16.0579999999973,0.712133770205467,25,16.0042800000001,15.9239999999991,0.709544837672072,25,0.142279999999882,0.144000000000233,0.0105929221651636,25,0,0,0,25
"pretrain","estimated_Z","mixture_fastica_start","ifeval_min30","balanced_moderate_dense_signed_cross","Cross",100,1000,10,"2-2-2-2-2-2-2-2-2-2",1.40197051184266,1.40288690519719,0.0585247297100204,25,0.579328975000393,0.579328975000393,0,25,0.295855611924176,0.299002098376197,0.0275219140991255,25,0.388357204970459,0.387845138064882,0.00345585630612531,25,0.432601038788056,0.42745141055124,0.0865437814130198,25,0.116355593684618,0.115598873315249,0.00718597660998876,25,0.208792677337978,0.205298674469047,0.0415939739723716,25,0.706786463906576,0.698156066696333,0.0267519510487588,25,0.221568698041698,0.220369809123347,0.00840112796734348,25,0.740721577927171,0.731527676373428,0.0275025284658501,25,0.111126495292446,0.110936957298058,0.00136279782377071,25,0.137561588158752,0.137342769692898,0.00548569284594712,25,1.19181203480549,1.18730220244246,0.0175957698972726,25,0.938319581939339,0.938249520214605,0.00245072886878339,25,1.75068000000145,1.70700000000215,0.185541935960762,25,1.75068000000145,1.70700000000215,0.185541935960762,25,1.29684000000096,1.26600000000326,0.15233780445643,25,0.453840000000491,0.425999999999476,0.0836772968021387,25,0,0,0,25
"pretrain","estimated_Z","mixture_fastica_start","ifeval_min30","balanced_moderate_dense_signed_cross","Cross",100,1000,10,"3-3-3-3-3-3-3-3-3-3",1.29939965739893,1.28101273203823,0.121607094427975,25,0.579277177921975,0.579295603473323,6.67113650326683e-05,25,0.332588457423497,0.32771055695125,0.0391735953188242,25,0.382894507454984,0.3829225138134,0.00549591698075671,25,0.285703309455525,0.284495297330087,0.0559095621112819,25,0.238118767487626,0.237690049719086,0.0220389528043245,25,0.0918074889313773,0.089391876194267,0.0289357055498917,25,0.780762138697338,0.78199204262316,0.0268376809675444,25,0.240973346819714,0.241126827126966,0.0141030823105794,25,0.817139427696907,0.818568297679695,0.0292834305443309,25,0.117919710978672,0.118170615819202,0.000952751589448159,25,0.144001043989406,0.144204703317444,0.00639345750817457,25,1.24100674116261,1.24076302690834,0.0181623081839152,25,0.938840688370483,0.938759062289148,0.00234478463324848,25,2.52131999999896,2.4739999999947,0.249721798541215,25,2.52131999999896,2.4739999999947,0.249721798541215,25,1.63271999999968,1.63900000000285,0.114504555949991,25,0.888599999999278,0.841000000000349,0.244262324833597,25,0,0,0,25
"pretrain","estimated_Z","mixture_fastica_start","ifeval_min30","balanced_moderate_dense_signed_cross","Cross",100,1000,5,"2-2-2-2-2",1.45576282552942,1.52771324336021,0.162924106643187,25,0.745360614325595,0.745360614325595,0,25,0.264192309949467,0.265967318520646,0.0363320794149986,25,0.373533028215599,0.374115695819793,0.00554075939119589,25,0.445456425200849,0.478388069188149,0.115545598713631,25,0.090930640742356,0.0899916305530532,0.00581786197258338,25,0.2143723365553,0.228287556984193,0.0554488810079569,25,0.460400244298196,0.458052829954951,0.0100375141260055,25,0.21043114529708,0.209013095154886,0.0102380380220136,25,0.506273232942697,0.501898392923379,0.0118326796109477,25,0.0760164815580854,0.0757128984315994,0.00103120160891891,25,0.101742450299413,0.101549268785781,0.00565530610807132,25,1.09021160249677,1.0905135183903,0.00631610562531611,25,0.966876670162941,0.96715810393873,0.00262273215696896,25,1.20896000000001,1.2059999999999,0.0712784913794867,25,1.20896000000001,1.2059999999999,0.0712784913794867,25,0.988599999999992,0.974000000000046,0.0702121784307961,25,0.220360000000014,0.214999999999918,0.0219523726887913,25,0,0,0,25
"pretrain","estimated_Z","mixture_fastica_start","ifeval_min30","balanced_moderate_dense_signed_cross","Cross",100,1000,5,"3-3-3-3-3",1.33082314551138,1.27864679377213,0.189717399293693,25,0.745338638904367,0.745360614325595,4.36965278384756e-05,25,0.290452140656528,0.290246790930573,0.0401438807363636,25,0.365150118643269,0.364374311405633,0.00718773171484561,25,0.246077856407767,0.23435674869187,0.0717996753222791,25,0.194186268049058,0.186847859825725,0.0312052362749809,25,0.0823035081598497,0.0750107159970401,0.0427701447406248,25,0.4926441411123,0.493521014764611,0.0182414676421916,25,0.191397844304266,0.191231743649556,0.00932092107978949,25,0.528545803765562,0.528942454166196,0.0197263408254545,25,0.083760641364169,0.0836747978619678,0.00099208432314754,25,0.111702310493349,0.113269530356179,0.00649223540486803,25,1.10048556440347,1.10092246408735,0.00991989027642554,25,0.96675803763654,0.966397242014245,0.00205064915221567,25,1.86372000000003,1.89300000000003,0.175350249500716,25,1.86372000000003,1.89300000000003,0.175350249500716,25,1.47572,1.47600000000057,0.133462391706329,25,0.388000000000029,0.343999999999141,0.0872892700547456,25,0,0,0,25
"pretrain","estimated_Z","mixture_fastica_start","ifeval_min30","balanced_moderate_dense_signed_cross","Cross",100,1500,10,"2-2-2-2-2-2-2-2-2-2",1.40600319601109,1.40602828323903,0.0419894207206946,25,0.583088680632177,0.583088680632177,0,25,0.29558693252394,0.29420365245263,0.0277198017885858,25,0.387844443196361,0.387826107710703,0.00375936499906729,25,0.433725516048891,0.447000839705785,0.0690549105118431,25,0.111189603442541,0.110227420534691,0.00853144944143357,25,0.209454102389035,0.212696820250818,0.0334896735567052,25,0.675160206971822,0.673380459117128,0.0169595209962477,25,0.217301007974062,0.217992953743603,0.00729620940375926,25,0.709288955227445,0.707985223474493,0.0176019873481092,25,0.108373925367094,0.10842859361821,0.000845603611049999,25,0.124095098401241,0.123419121989577,0.00441602484091409,25,1.1744616277353,1.17319207238932,0.0110149867600196,25,0.940224167327969,0.940636779905809,0.00167572155838761,25,2.19083999999886,2.12099999999919,0.243391947280369,25,2.19083999999886,2.12099999999919,0.243391947280369,25,1.69004000000015,1.66000000000349,0.170998167631865,25,0.500799999998708,0.419999999998254,0.131173549162993,25,0,0,0,25
"pretrain","estimated_Z","mixture_fastica_start","ifeval_min30","balanced_moderate_dense_signed_cross","Cross",100,1500,10,"3-3-3-3-3-3-3-3-3-3",1.27839209816295,1.31601943485689,0.140504681943157,25,0.583056377303826,0.583070354551537,4.21305010592441e-05,25,0.329456647527937,0.318633474522508,0.0416575360069086,25,0.384490874937154,0.383799374533811,0.0044182919493887,25,0.286908383470768,0.28978076377779,0.0416573030872441,25,0.236024164649538,0.238602511885914,0.0208278318226704,25,0.0924672511943015,0.0901908006954504,0.0197036669779456,25,0.755969990880082,0.755895202065734,0.0242493500611439,25,0.235903822869503,0.234916766953279,0.0121357023276054,25,0.791950436944159,0.791033191112161,0.0262527811826242,25,0.115883840008274,0.116018552130549,0.000949186321473313,25,0.12747171355896,0.125838104743417,0.00656785993224657,25,1.22611312022203,1.22531512159206,0.0169571596696688,25,0.940198452105276,0.94066143020525,0.00202770757799338,25,3.38348000000115,3.37199999999575,0.442868313761118,25,3.38348000000115,3.37199999999575,0.442868313761118,25,2.35112000000052,2.38100000000122,0.175570099960158,25,1.03236000000063,0.879999999997381,0.386739455792712,25,0,0,0,25
"pretrain","estimated_Z","mixture_fastica_start","ifeval_min30","balanced_moderate_dense_signed_cross","Cross",100,1500,5,"2-2-2-2-2",1.40127211089064,1.42824527697808,0.172840142786949,25,0.749289957829839,0.749289957829839,0,25,0.280978004172411,0.2594854371183,0.059208139454608,25,0.367216629068334,0.368008916124356,0.00549141955311504,25,0.47122908216761,0.439290876071348,0.0973185118724297,25,0.0964619921102669,0.0896191137481954,0.0321470739555868,25,0.225288722033626,0.208871742605827,0.0477482438700199,25,0.446737625156551,0.448344869337992,0.0119925876587273,25,0.208767132732985,0.211201677530987,0.011238931507426,25,0.49315713347032,0.496201725600572,0.0149162054623028,25,0.0747272914301649,0.074533079777729,0.000875037506134782,25,0.0889439992376298,0.0897233845743237,0.00443908595157655,25,1.08539448529631,1.08749017780577,0.00649896455853584,25,0.968019978672067,0.968545724950885,0.00232934438530845,25,1.56039999999999,1.56200000000013,0.109883650588545,25,1.56039999999999,1.56200000000013,0.109883650588545,25,1.33120000000003,1.32199999999989,0.0998799279134669,25,0.229199999999964,0.224999999999909,0.0176776695296635,25,0,0,0,25
"pretrain","estimated_Z","mixture_fastica_start","ifeval_min30","balanced_moderate_dense_signed_cross","Cross",100,1500,5,"3-3-3-3-3",1.35322905119725,1.40434305791154,0.160209759693869,25,0.749289257630841,0.749289957829839,3.50099499002443e-06,25,0.271997826145849,0.268083051220077,0.0265521666989791,25,0.365358787720284,0.367426665736269,0.00544604176067196,25,0.244893223779324,0.244421445015133,0.0626749854034921,25,0.187705347532248,0.200908277091898,0.0318929689951373,25,0.0813785421484974,0.0747466595264232,0.0302278062974644,25,0.472721370792852,0.47224490821853,0.0152110823139497,25,0.188447900699497,0.188510068489848,0.00745902933668727,25,0.508922709857365,0.507225262287374,0.0161798051791859,25,0.0817868881626037,0.0817930520897878,0.000809298901926069,25,0.0960358873876232,0.095849124997704,0.00495853768819251,25,1.0923815936821,1.09201380984561,0.0068418783073102,25,0.967794753997068,0.968542196335143,0.00203858561785743,25,2.39344000000005,2.38300000000163,0.166579330450464,25,2.39344000000005,2.38300000000163,0.166579330450464,25,2.02480000000018,2.00400000000081,0.163991107482884,25,0.368639999999868,0.346999999999753,0.0603268044355938,25,0,0,0,25
"pretrain","estimated_Z","mixture_fastica_start","ifeval_min30","balanced_moderate_dense_signed_cross","Cross",100,2000,10,"2-2-2-2-2-2-2-2-2-2",1.40452686342073,1.40193984775995,0.0693772804993651,25,0.581019736017126,0.581019736017126,0,25,0.289948565175259,0.286942928974867,0.0322655731813959,25,0.385658199232476,0.386701934911586,0.00344812337453523,25,0.44710367114875,0.456240811581828,0.0758788460706681,25,0.108079944934065,0.107731712501701,0.00676938805623393,25,0.214965763992061,0.219985014100739,0.0363842268441445,25,0.651524063305905,0.64829988761496,0.014186499488825,25,0.214367150084675,0.214181205521949,0.00654101956142582,25,0.685907115454371,0.681637268758857,0.0145268826802423,25,0.106909077923583,0.106657350551436,0.000978161807457721,25,0.113681427517083,0.113230925427703,0.00552446336723217,25,1.16177076834937,1.15927621643214,0.00871663345707974,25,0.94129023078453,0.941396695493697,0.00161082451223676,25,2.51531999999832,2.49099999999453,0.178261914046892,25,2.51531999999832,2.49099999999453,0.178261914046892,25,2.08247999999847,2.0570000000007,0.179171965812076,25,0.432839999999851,0.430999999996857,0.0230356245854251,25,0,0,0,25
"pretrain","estimated_Z","mixture_fastica_start","ifeval_min30","balanced_moderate_dense_signed_cross","Cross",100,2000,10,"3-3-3-3-3-3-3-3-3-3",1.36197158108943,1.35071368468587,0.132418550284931,25,0.581000419764426,0.581016892929708,2.81894070391811e-05,25,0.317013055361084,0.308779069560577,0.0309264610763303,25,0.381954910095028,0.382112006430351,0.00430384988149462,25,0.288360333107241,0.286844765161085,0.0400699855667904,25,0.226147574474421,0.224669032982523,0.0204713300179992,25,0.0960657362330959,0.0905634693876388,0.0265992183244509,25,0.723912344121375,0.722345992456275,0.0207709402074539,25,0.225570496927262,0.224238954680296,0.00878401564350875,25,0.75825942986888,0.758121206029914,0.0219377747524673,25,0.114390955922827,0.114351910112784,0.00076123771072204,25,0.115608483022746,0.11411084482696,0.00608709665245273,25,1.20562006258951,1.20556129264715,0.013893701196134,25,0.940879636799295,0.941009051213551,0.00125041599202094,25,3.82555999999895,3.76200000000244,0.286401681792551,25,3.82555999999895,3.76200000000244,0.286401681792551,25,2.88260000000038,2.87699999999313,0.216802521509901,25,0.942959999998566,0.926000000006752,0.256631298429076,25,0,0,0,25
"pretrain","estimated_Z","mixture_fastica_start","ifeval_min30","balanced_moderate_dense_signed_cross","Cross",100,2000,5,"2-2-2-2-2",1.4448301637797,1.4186227417218,0.159505808863713,25,0.74785852175892,0.74785852175892,0,25,0.27682806261299,0.282225161538317,0.0429594336455618,25,0.368023432946872,0.367476156414808,0.00494680457851485,25,0.473539835791122,0.494409963390585,0.116635965851668,25,0.088619765530341,0.0871133159576881,0.00623232223555016,25,0.227002896721799,0.237260762661452,0.0561279185586573,25,0.440919119909942,0.439451741831334,0.00926549232407793,25,0.207600419066279,0.207484076324286,0.0123359079469566,25,0.487425246128951,0.486865408312241,0.0126135157648351,25,0.0741967253117954,0.0741519683175513,0.000691057649347318,25,0.0805924473599935,0.0812432378103017,0.00483802747017865,25,1.0835096001322,1.08324961034252,0.00593628519763851,25,0.968742076626734,0.968680559458818,0.00158843373019051,25,1.97407999999999,1.94499999999971,0.129687740361212,25,1.97407999999999,1.94499999999971,0.129687740361212,25,1.73635999999997,1.69799999999987,0.126714534814823,25,0.237720000000027,0.231999999999971,0.0181372544780705,25,0,0,0,25
"pretrain","estimated_Z","mixture_fastica_start","ifeval_min30","balanced_moderate_dense_signed_cross","Cross",100,2000,5,"3-3-3-3-3",1.38204994519375,1.40088373432942,0.174177003181601,25,0.74785852175892,0.74785852175892,0,25,0.269836022490842,0.267902944358438,0.0317728665039035,25,0.365034576894329,0.362892115394454,0.0087345102741308,25,0.278979437953748,0.277601450754976,0.0710466234608057,25,0.192183982007695,0.195286964674863,0.0264636671405917,25,0.0942059663673885,0.0855447724430793,0.0403398367224319,25,0.46792646924484,0.467423317706255,0.0103362368980989,25,0.189066570651887,0.190329074934855,0.00600598895339362,25,0.504707243865822,0.505037669948885,0.0106624367931886,25,0.0812246505584188,0.0811957642759893,0.000778740570257728,25,0.0890158860381729,0.0894709079303827,0.00493870613575987,25,1.09114217648877,1.09114181651732,0.00418975392422926,25,0.968595432758312,0.968479033860645,0.00211982784624081,25,3.14624000000011,3.07999999999811,0.219635356898097,25,3.14624000000011,3.07999999999811,0.219635356898097,25,2.67968000000008,2.66300000000047,0.152597979453352,25,0.466560000000027,0.407999999999447,0.141535943608969,25,0,0,0,25
"pretrain","estimated_Z","mixture_fastica_start","ifeval_min30","balanced_moderate_dense_signed_cross","Cross",100,500,10,"2-2-2-2-2-2-2-2-2-2",1.40198326294405,1.40273374241174,0.0512294030515649,25,0.568774440883285,0.568776528188644,1.04365267948214e-05,25,0.330167225832116,0.329597213457622,0.0275472500016928,25,0.392924578722096,0.393009162679584,0.00469313745736766,25,0.443694808987902,0.431974800180331,0.0674319286560231,25,0.128131422283693,0.125796599152748,0.00881102357910305,25,0.214236054996783,0.209349548688551,0.0319458648706689,25,0.826445998759809,0.829034310753819,0.0303308366396535,25,0.242370090844606,0.24432458396959,0.0124884011511526,25,0.861288967596766,0.863512281267597,0.0317943771268428,25,0.118184666938286,0.118473449429707,0.00125860818750983,25,0.179512425829394,0.177526488318524,0.00708160131854482,25,1.26522891218357,1.26944766273685,0.0216369131380674,25,0.934084257082276,0.933751789189018,0.00279673662240344,25,1.36464000000007,1.37299999999232,0.125061611482868,25,1.36464000000007,1.37299999999232,0.125061611482868,25,0.856840000000084,0.865000000005239,0.0705216751554773,25,0.507799999999988,0.470000000001164,0.125687443021868,25,0,0,0,25
"pretrain","estimated_Z","mixture_fastica_start","ifeval_min30","balanced_moderate_dense_signed_cross","Cross",100,500,10,"3-3-3-3-3-3-3-3-3-3",1.21365527496723,1.20077372976702,0.120465710631834,25,0.568605572555352,0.56864717006589,9.70306590436285e-05,25,0.345893963572187,0.339093781363439,0.0407445761948207,25,0.385165116819516,0.385547411816066,0.00576438999461375,25,0.317366553771911,0.321207529036766,0.0524184188863422,25,0.273672044085915,0.273030828072556,0.0249467015768786,25,0.106772223684153,0.112952403705983,0.0287643764890172,25,0.872807183776602,0.869512069254311,0.0122580589400124,25,0.251949368893429,0.250522414813618,0.00920845070062446,25,0.908483610251335,0.909642971244183,0.0126675353139498,25,0.124543650090022,0.124701992348367,0.000975016357186578,25,0.183389880040657,0.183090785592609,0.00771702907484043,25,1.29692256799786,1.29703077350279,0.00975110614859836,25,0.933804011250893,0.933563689734113,0.00272870237653356,25,1.87095999999961,1.78699999999662,0.417479987543993,25,1.87095999999961,1.78699999999662,0.417479987543993,25,0.968959999999497,0.963999999999942,0.0118970584596644,25,0.902000000000116,0.819999999999709,0.418762562000228,25,0,0,0,25
"pretrain","estimated_Z","mixture_fastica_start","ifeval_min30","balanced_moderate_dense_signed_cross","Cross",100,500,5,"2-2-2-2-2",1.39156651210657,1.40499447237172,0.127780329529885,25,0.745843276530558,0.745843276530558,0,25,0.279664269514095,0.271630442162522,0.047200302258225,25,0.374383034367994,0.375341056700295,0.00710775361286725,25,0.442879752303974,0.469347521438285,0.112865562638028,25,0.101495788704078,0.101371534562774,0.00935439141029067,25,0.211852465938604,0.220697012914239,0.0530814356247265,25,0.495702991416488,0.495209468893965,0.015175244723843,25,0.207125478864037,0.206655591263634,0.0102475881561973,25,0.53731025831237,0.53518039667102,0.015876970909002,25,0.0795301520147517,0.0794240863266863,0.00128382253212516,25,0.133115590792111,0.131669609403275,0.00597006658397694,25,1.1029067075602,1.1017987885178,0.00765448608855102,25,0.965020327312643,0.965297846651056,0.00298405128178146,25,0.852039999999996,0.855000000000018,0.0898551983285723,25,0.852039999999996,0.855000000000018,0.0898551983285723,25,0.628359999999997,0.635999999999967,0.0611656766495753,25,0.223679999999999,0.202999999999989,0.0625171443152497,25,0,0,0,25
"pretrain","estimated_Z","mixture_fastica_start","ifeval_min30","balanced_moderate_dense_signed_cross","Cross",100,500,5,"3-3-3-3-3",1.3544356776276,1.39804475273423,0.159777536520999,25,0.745803204304418,0.745843276530558,7.22649424291992e-05,25,0.277288834646058,0.276490684080005,0.0289778662333534,25,0.369384619443879,0.369045868633437,0.00742820562233381,25,0.280504705874989,0.27815185503474,0.0561516839944691,25,0.222944647156638,0.224029933794578,0.0275256652116515,25,0.0865435228847909,0.0834326598059495,0.0184587832699922,25,0.548720366308802,0.545280536325081,0.0159567275008504,25,0.200343332070618,0.201729559345612,0.00721170872221843,25,0.584189723642426,0.582709203425275,0.0160798384770864,25,0.0874107538706294,0.0874850435632684,0.00130800527109305,25,0.142696969507666,0.142784942070988,0.00665157011394826,25,1.12572085753137,1.12498084406168,0.00844651676483682,25,0.96447514303628,0.965473763620456,0.0037606066130912,25,1.31531999999985,1.28499999999985,0.0977363460199685,25,1.31531999999985,1.28499999999985,0.0977363460199685,25,0.926559999999954,0.953999999999724,0.0519351197811013,25,0.388759999999893,0.337999999999738,0.0988000000003353,25,0,0,0,25
"pretrain","estimated_Z","mixture_fastica_start","ifeval_min30","balanced_moderate_dense_signed_cross","Cross",200,1000,10,"2-2-2-2-2-2-2-2-2-2",1.40890524654677,1.41037602265253,0.0624891650448061,25,0.579328975000393,0.579328975000393,0,25,0.212001647059687,0.20757081529258,0.0213367478001785,25,0.381593007383722,0.381611988586759,0.00239711284773334,25,0.450915426982382,0.445267708382237,0.0939372396367272,25,0.066762635229667,0.0670845419566428,0.00269108727232336,25,0.218430589180454,0.21707418820244,0.0450401808290089,25,0.483727708440423,0.484635256387348,0.00474222996012836,25,0.167970354513414,0.167798783014526,0.0063060034220949,25,0.512088490327924,0.51135059376558,0.00574440209759605,25,0.080428856876641,0.0805023803625629,0.00050568622618208,25,0.121358052151655,0.121028724327487,0.00249348023503188,25,1.09231687753459,1.09242159162675,0.00295240196510838,25,0.966665932110543,0.966322223469791,0.001199956432913,25,4.09920000000013,4.03899999999703,0.227181461977696,25,4.09920000000013,4.03899999999703,0.227181461977696,25,3.47944000000047,3.43600000000151,0.210126168447216,25,0.61975999999966,0.583999999995285,0.0967325694901679,25,0,0,0,25
"pretrain","estimated_Z","mixture_fastica_start","ifeval_min30","balanced_moderate_dense_signed_cross","Cross",200,1000,10,"3-3-3-3-3-3-3-3-3-3",1.35762682800952,1.34798183988182,0.0781339388612224,25,0.579328975000393,0.579328975000393,0,25,0.202769255986145,0.19927352890989,0.0215097236887134,25,0.3758177152314,0.375644799646736,0.00517643264155385,25,0.20027657596527,0.202696052922341,0.0401436169849242,25,0.11391016353655,0.113233194342325,0.012081350813211,25,0.0655001518620416,0.0662063292718928,0.0109703378889042,25,0.482034172023129,0.483124419288171,0.0100520280903903,25,0.137801620491407,0.136877088217379,0.00574292262239755,25,0.501359269747574,0.502019724930937,0.0108865215824496,25,0.0855374822852695,0.0855911481724958,0.000591659592482784,25,0.125277908701028,0.125703409787796,0.0037514008603988,25,1.08770111141623,1.08806088284653,0.00550584756731483,25,0.967105876737504,0.966952736318906,0.0014821584612808,25,5.90819999999774,5.75100000000384,0.488551600823583,25,5.90819999999774,5.75100000000384,0.488551600823583,25,4.94683999999834,4.90899999999965,0.339121743134752,25,0.961359999999404,0.972999999998137,0.220829662863518,25,0,0,0,25
"pretrain","estimated_Z","mixture_fastica_start","ifeval_min30","balanced_moderate_dense_signed_cross","Cross",200,1000,5,"2-2-2-2-2",1.39618500784709,1.41257247119609,0.182319906474873,25,0.745360614325595,0.745360614325595,0,25,0.211464010034581,0.195629539187223,0.0325817872650696,25,0.368487582803379,0.368906980953062,0.0042170947159395,25,0.425164267222017,0.426236710309503,0.118166839444125,25,0.0522910347311267,0.0517381751770531,0.00394493504058767,25,0.205007481242646,0.205194766611897,0.0576168292944619,25,0.367510897378608,0.366636807539348,0.00938148842914368,25,0.18598912668843,0.186303138345268,0.0119345322212567,25,0.411958855236675,0.411717200909254,0.0132029076480946,25,0.0556453139650116,0.055713973813323,0.000590358928377402,25,0.0957211908418692,0.095918295197511,0.00264790424626169,25,1.06446129317694,1.06381457318076,0.00571020811036279,25,0.982071023480152,0.982072751442364,0.00165296486025681,25,3.37091999999986,3.40499999999975,0.178362206385353,25,3.37091999999986,3.40499999999975,0.178362206385353,25,3.04403999999995,3.07299999999987,0.176529383767473,25,0.32687999999991,0.324000000000069,0.0159277535557468,25,0,0,0,25
"pretrain","estimated_Z","mixture_fastica_start","ifeval_min30","balanced_moderate_dense_signed_cross","Cross",200,1000,5,"3-3-3-3-3",1.44791146099488,1.41364754184693,0.133532690318787,25,0.745360614325595,0.745360614325595,0,25,0.189976609274627,0.185923308797651,0.0284607859410499,25,0.362361048947807,0.362035052689736,0.00476651870719755,25,0.216783917231153,0.225323775739045,0.0550119162213066,25,0.0947794163597748,0.0933979819087006,0.0134053983523765,25,0.0691197433614684,0.0723727553983949,0.0158499238483512,25,0.33287185473199,0.33306676229353,0.00546245240978388,25,0.128595313982097,0.127691915422542,0.00394253238751401,25,0.356861617548886,0.357880148422694,0.00593182108237661,25,0.0602823288752034,0.0602868069643936,0.000564714190698347,25,0.100494563135998,0.100019987621166,0.00367244736541427,25,1.04487342045813,1.04548221882902,0.00227942857409746,25,0.982680213944123,0.982500931865109,0.00117379355146592,25,18.8271199999996,7.48099999999977,59.7295359895484,25,18.8271199999996,7.48099999999977,59.7295359895484,25,18.1956399999996,6.80299999999988,59.6737309883789,25,0.63148000000001,0.657999999999447,0.0956687514290693,25,0,0,0,25
"pretrain","estimated_Z","mixture_fastica_start","ifeval_min30","balanced_moderate_dense_signed_cross","Cross",200,1500,10,"2-2-2-2-2-2-2-2-2-2",1.39341219749815,1.40377261776795,0.0624337674600535,25,0.583088680632177,0.583088680632177,0,25,0.225430900423609,0.221701566224895,0.0272447974835848,25,0.380582968616745,0.380518862706528,0.00282180043206059,25,0.435807176366588,0.450482266229073,0.0781005965429594,25,0.0779441689639551,0.063853373700247,0.0720257015502673,25,0.20854382274416,0.213631495759023,0.0367244382100992,25,0.467899150311131,0.469097830399825,0.00644612506400104,25,0.169156776713673,0.169029804338982,0.00805155139772288,25,0.497574336196099,0.500192195915679,0.00826228485415365,25,0.0778741943170835,0.0777900033150806,0.00063768792144797,25,0.10549360903476,0.105774339402847,0.00279422602971348,25,1.08815334011971,1.08934996297805,0.00425637310373853,25,0.969191932060012,0.969091903306528,0.00142056792212304,25,5.36487999999837,5.41199999999662,0.292922247931752,25,5.36487999999837,5.41199999999662,0.292922247931752,25,4.72267999999982,4.81899999999587,0.26543952858153,25,0.642199999998556,0.614999999997963,0.101773031791683,25,0,0,0,25
"pretrain","estimated_Z","mixture_fastica_start","ifeval_min30","balanced_moderate_dense_signed_cross","Cross",200,1500,10,"3-3-3-3-3-3-3-3-3-3",1.40269570822588,1.40825202174449,0.0704342657824551,25,0.583088680632177,0.583088680632177,0,25,0.204682341245724,0.204444357922654,0.0177439191262439,25,0.377148159054514,0.377901375481101,0.00366350558832711,25,0.197440032181956,0.201170526348457,0.0277011761235413,25,0.105320039712032,0.102413449722695,0.019552686539563,25,0.065772674283151,0.0663688478542441,0.0102500543169756,25,0.455611107230247,0.457723843980189,0.00627478485456251,25,0.135775512468962,0.135312697489279,0.00339012388851269,25,0.475419461776341,0.477144051302441,0.00658576530197966,25,0.0826753459518607,0.0827348282064493,0.000503741838241099,25,0.106459667362208,0.106151348730954,0.00283098932140972,25,1.07770869159077,1.07812507618018,0.00291294297574049,25,0.968668782857164,0.968623266077226,0.00134756124101723,25,7.31976000000257,7.24400000000605,0.43024123853216,25,7.31976000000257,7.24400000000605,0.43024123853216,25,6.35400000000023,6.34600000000501,0.334712687738722,25,0.965760000002338,0.997000000003027,0.208360120945517,25,0,0,0,25
"pretrain","estimated_Z","mixture_fastica_start","ifeval_min30","balanced_moderate_dense_signed_cross","Cross",200,1500,5,"2-2-2-2-2",1.4395566236611,1.41006826288906,0.118459890650748,25,0.749289957829839,0.749289957829839,0,25,0.219261254458578,0.219942528426513,0.029487419264091,25,0.365721585863875,0.366075844782249,0.00377072306917429,25,0.48224271443607,0.491920745516145,0.124742394175797,25,0.0493743044767791,0.0471148445189823,0.00465742762542433,25,0.232422736746435,0.236262561368423,0.0603061132606945,25,0.367451547609815,0.364607773829803,0.00894621820598591,25,0.191114629212166,0.188735493442906,0.0116854078556791,25,0.414244547492236,0.411185834906071,0.0126990996469227,25,0.0542553175615404,0.0542235375261621,0.000419768407291935,25,0.0815646787789466,0.0813900104280748,0.0019428949597042,25,1.0663928178596,1.06541772886755,0.00492939198494024,25,0.983118881898231,0.983129579764511,0.00104178601905608,25,4.27923999999999,4.27399999999943,0.182089556720495,25,4.27923999999999,4.27399999999943,0.182089556720495,25,3.93415999999994,3.94700000000012,0.176193473204897,25,0.345080000000053,0.337999999999738,0.0392915597381344,25,0,0,0,25
"pretrain","estimated_Z","mixture_fastica_start","ifeval_min30","balanced_moderate_dense_signed_cross","Cross",200,1500,5,"3-3-3-3-3",1.39746221020706,1.41098670380874,0.107444308812858,25,0.749289957829839,0.749289957829839,0,25,0.184737716833997,0.178619534849727,0.0233713287294518,25,0.361755635183959,0.362856103495819,0.00530098281297775,25,0.206548835762162,0.207329011426738,0.0466319541253792,25,0.090129925913554,0.089106874177843,0.010403221333873,25,0.0662629765909365,0.0699798989201828,0.0143497974416905,25,0.320430763762224,0.320544193458334,0.00492973501258296,25,0.12792810342947,0.127484985010829,0.00419841110499686,25,0.345037296005692,0.345162332455857,0.00568167400880661,25,0.0586815651030639,0.0586933321124454,0.000306602063438054,25,0.0862205183360288,0.0862401332682308,0.00332136485252085,25,1.04158237971663,1.04203947748266,0.00220075069828742,25,0.983295139188394,0.98319423215749,0.00124223698068426,25,10.1970000000003,10.2089999999953,0.367765663613976,25,10.1970000000003,10.2089999999953,0.367765663613976,25,9.51836000000025,9.55599999999686,0.360664996915492,25,0.678640000000014,0.668000000001484,0.0484182128271083,25,0,0,0,25
"pretrain","estimated_Z","mixture_fastica_start","ifeval_min30","balanced_moderate_dense_signed_cross","Cross",200,2000,10,"2-2-2-2-2-2-2-2-2-2",1.38706215206825,1.40008745991785,0.0886489940013082,25,0.581019736017126,0.581019736017126,0,25,0.222913262768448,0.223890017836953,0.0236521108336076,25,0.379906052998093,0.379939452435558,0.00202816800003495,25,0.440012192974182,0.435603912778536,0.0777109086283101,25,0.0606459824005622,0.05992161096083,0.00335053377794938,25,0.212453082153817,0.210885099251086,0.0375423589701578,25,0.460534685995996,0.458660858444856,0.00605082626401346,25,0.170185616889192,0.168491782186432,0.00761511093243288,25,0.491001575349846,0.489287011383072,0.00814021151868343,25,0.076697653505345,0.0766664881524717,0.00040993753884298,25,0.0959084999599886,0.0957579479509384,0.0021614905366633,25,1.08600369297752,1.0849098553801,0.00371292755919703,25,0.96994704140821,0.969952388083884,0.00115023295449844,25,6.63683999999979,6.58499999999913,0.34343882036556,25,6.63683999999979,6.58499999999913,0.34343882036556,25,6.00839999999967,5.96699999999691,0.342972059115385,25,0.628440000000119,0.626000000003842,0.0348150829381889,25,0,0,0,25
"pretrain","estimated_Z","mixture_fastica_start","ifeval_min30","balanced_moderate_dense_signed_cross","Cross",200,2000,10,"3-3-3-3-3-3-3-3-3-3",1.41940284742811,1.41406175952411,0.045822451729701,25,0.581019736017126,0.581019736017126,0,25,0.201286421226409,0.195360206091411,0.0226297759525358,25,0.375394970934918,0.375914993098522,0.00362808126145176,25,0.205246431734234,0.203126232003795,0.0329051632806769,25,0.100349341910995,0.0991183766172408,0.00926273818491823,25,0.0667316173036624,0.0671044969132935,0.010586260103699,25,0.441669640940852,0.441941411607575,0.00469710817160983,25,0.133472515052038,0.133075863486382,0.00355098387438174,25,0.461404749307933,0.460956170181868,0.00519682779908051,25,0.0812478968469767,0.0812151823711865,0.000518501575691688,25,0.0963514444226316,0.0955102093099193,0.00250638973283033,25,1.07257848363718,1.07275626689469,0.0026035571055348,25,0.96955311713461,0.969625115456188,0.00122165630469883,25,8.92023999999976,8.98400000001129,0.316708367429005,25,8.92023999999976,8.98400000001129,0.316708367429005,25,7.95239999999991,7.9890000000014,0.34848756553532,25,0.967839999999851,0.835000000006403,0.243131253988948,25,0,0,0,25
"pretrain","estimated_Z","mixture_fastica_start","ifeval_min30","balanced_moderate_dense_signed_cross","Cross",200,2000,5,"2-2-2-2-2",1.37190887641686,1.40971636147974,0.116878153287246,25,0.74785852175892,0.74785852175892,0,25,0.226401741517309,0.21471584103591,0.0410404814445878,25,0.36460971547225,0.365290892032785,0.0047983241821298,25,0.387837983228315,0.403145042547281,0.130011135253829,25,0.0480267682395247,0.0479381376302861,0.00326602910011092,25,0.186381008395646,0.194769080648191,0.0624986907084863,25,0.361981446505918,0.362826816119519,0.00904608907699671,25,0.187651064541368,0.191500813426578,0.0129154163631753,25,0.407804841336852,0.40946707459072,0.0135936236345495,25,0.0535816419187787,0.05362469484489,0.000418962057458606,25,0.074228050719458,0.074334738594759,0.00195010324193347,25,1.06421402352566,1.06457871727308,0.00519837597811285,25,0.983373889877573,0.98332713443942,0.00110758425290328,25,5.50072000000007,5.42399999999998,0.232716837952643,25,5.50072000000007,5.42399999999998,0.232716837952643,25,5.15396000000001,5.08199999999943,0.23681453361932,25,0.346760000000068,0.347999999999956,0.012346659467274,25,0,0,0,25
"pretrain","estimated_Z","mixture_fastica_start","ifeval_min30","balanced_moderate_dense_signed_cross","Cross",200,2000,5,"3-3-3-3-3",1.39841597046257,1.41300893132355,0.153797733315108,25,0.74785852175892,0.74785852175892,0,25,0.175012465809686,0.171301559575037,0.0270192602120764,25,0.362822484686798,0.362509396152155,0.00530696680245581,25,0.214958137735657,0.213630345186476,0.0376744850387697,25,0.0808146494876358,0.0804597422276983,0.00849215670106922,25,0.0701535890215873,0.0708555845054918,0.0121320233039312,25,0.317363843104334,0.314858367762338,0.00718439416644564,25,0.129342476338327,0.128368609187306,0.00562910940466056,25,0.342725787686798,0.339596284502067,0.00843417195392503,25,0.0579425548894361,0.0578715862601091,0.00033174853679531,25,0.0793454924950337,0.0791993003613466,0.002659033862711,25,1.04141975122519,1.04024413681544,0.00292086787455913,25,0.983874555443308,0.983788867591035,0.00112029762064924,25,12.4060399999999,12.4259999999995,0.525453175839409,25,12.4060399999999,12.4259999999995,0.525453175839409,25,11.7158800000002,11.7769999999982,0.518387107607094,25,0.690159999999742,0.674999999999272,0.0431554168098948,25,0,0,0,25
"pretrain","estimated_Z","mixture_fastica_start","ifeval_min30","balanced_moderate_dense_signed_cross","Cross",200,500,10,"2-2-2-2-2-2-2-2-2-2",1.40392927697367,1.40693203266259,0.0533877726168934,25,0.568776528188644,0.568776528188644,0,25,0.215085823039991,0.212784406516215,0.0183168147016327,25,0.385621975110554,0.385399435337226,0.00277422760681748,25,0.406741409121997,0.41697404072199,0.0975187855340454,25,0.0810941270305041,0.0807392588965993,0.00432878965965443,25,0.197440536820829,0.202906658094482,0.0477900342646908,25,0.541667304671492,0.540063530237903,0.011183251883791,25,0.163217708442966,0.165033186635514,0.00527293355923674,25,0.565739438874391,0.563721683686806,0.0115978982703409,25,0.0877808077482149,0.0878848576987184,0.000943453622527558,25,0.162039543438577,0.162563078992967,0.00381566038729594,25,1.11357148381507,1.11319871121234,0.00642810115959491,25,0.962099609899862,0.962621341648046,0.00231179427398818,25,3.12503999999986,3.1140000000014,0.162726119600761,25,3.12503999999986,3.1140000000014,0.162726119600761,25,2.53616000000038,2.50900000000547,0.158387099643184,25,0.588879999999481,0.561000000001513,0.0808730074450075,25,0,0,0,25
"pretrain","estimated_Z","mixture_fastica_start","ifeval_min30","balanced_moderate_dense_signed_cross","Cross",200,500,10,"3-3-3-3-3-3-3-3-3-3",1.41057130981663,1.41221544732419,0.060166294018348,25,0.568776528188644,0.568776528188644,0,25,0.215056221545336,0.217362943438623,0.0189921867221754,25,0.376599743211749,0.376574258464583,0.00360875708533403,25,0.205354136075135,0.199616876482299,0.0329170559130149,25,0.137423475318015,0.135076545083637,0.0132219661272236,25,0.0657965786488038,0.0645610900051242,0.0117077484818788,25,0.566789368897829,0.568094295210944,0.012690841715196,25,0.147712608428562,0.147580759738414,0.00586116821938987,25,0.585741924121206,0.585331890692,0.0130382465126278,25,0.0930543134431535,0.0930898257229635,0.000854930859150909,25,0.167893763185479,0.167801799251269,0.00501966946415846,25,1.12349893486374,1.12324201235054,0.00633933375273567,25,0.961865948815618,0.962133614570766,0.00217169998850843,25,4.42464000000153,4.44399999998859,0.237326406737488,25,4.42464000000153,4.44399999998859,0.237326406737488,25,3.48336000000068,3.48600000000442,0.177230518441061,25,0.941280000000843,0.959000000002561,0.186887782730652,25,0,0,0,25
"pretrain","estimated_Z","mixture_fastica_start","ifeval_min30","balanced_moderate_dense_signed_cross","Cross",200,500,5,"2-2-2-2-2",1.3712256298857,1.40803043037571,0.180666075971993,25,0.745843276530558,0.745843276530558,0,25,0.210709941319011,0.205582410254028,0.0273561329622018,25,0.371345576429727,0.371188585006159,0.0041784300384488,25,0.425465085754289,0.4325628692435,0.122760767740198,25,0.0608759904026305,0.0611223947075364,0.00389401602088398,25,0.205369609984131,0.207930262322742,0.0603381181372185,25,0.386816197776583,0.387474048945584,0.00571780171447612,25,0.170639145317177,0.172921720667481,0.0114409277454229,25,0.42287127733523,0.422208139360132,0.00920915206788643,25,0.0596569493678955,0.0595285388716435,0.000729190449938004,25,0.126328578668739,0.126179491404862,0.00278679313473974,25,1.06583926878827,1.06618781870564,0.004049585606193,25,0.97925123771377,0.978973617254588,0.00224861177130177,25,2.44851999999992,2.44299999999976,0.0954660148954342,25,2.44851999999992,2.44299999999976,0.0954660148954342,25,2.13407999999999,2.13599999999997,0.0974093253578575,25,0.314439999999922,0.307999999999993,0.0364681139261824,25,0,0,0,25
"pretrain","estimated_Z","mixture_fastica_start","ifeval_min30","balanced_moderate_dense_signed_cross","Cross",200,500,5,"3-3-3-3-3",1.41415254901295,1.4116813270638,0.151419239328359,25,0.745843276530558,0.745843276530558,0,25,0.182537810935792,0.179281459579945,0.0190352762899769,25,0.364743752088012,0.365084048525906,0.00601976391941653,25,0.208956821512958,0.211092747984959,0.0483619702264543,25,0.105013456657238,0.103606085510748,0.0135910656084623,25,0.0684371282639692,0.0701078637763478,0.0151331401109772,25,0.377161076333466,0.376493137330252,0.00872995929180433,25,0.129566169520905,0.129218220422516,0.00468306607877278,25,0.398809893391319,0.398150315672508,0.0092846358186026,25,0.0648068781593731,0.0649504147706999,0.000733581267337631,25,0.132358270243932,0.132016219227538,0.00457924229275471,25,1.05663547704045,1.05657969455185,0.00415497492518295,25,0.979455121165544,0.979016499207328,0.00210933775120988,25,3.77447999999975,3.74300000000221,0.223796246617448,25,3.77447999999975,3.74300000000221,0.223796246617448,25,3.25643999999942,3.22599999999875,0.194595966041945,25,0.518040000000328,0.48700000000099,0.0698817334265334,25,0,0,0,25
"pretrain","estimated_Z","mixture_fastica_start","ifeval_min30","balanced_moderate_dense_signed_cross","Cross",400,1000,10,"2-2-2-2-2-2-2-2-2-2",1.39333094949364,1.40986660761402,0.0646116121909206,25,0.579328975000393,0.579328975000393,0,25,0.170717149268129,0.165466031802526,0.0176169423124082,25,0.379676453756842,0.380042753999443,0.0020173816941746,25,0.440904878581011,0.439092339103388,0.0755482680458493,25,0.0419440250622984,0.041516694112962,0.00175471193718378,25,0.214169334555707,0.213352688525252,0.0367447302538251,25,0.407224843064614,0.408374243906137,0.00629922951562401,25,0.158344909063588,0.159840559481971,0.00720512099559552,25,0.43695323770371,0.439521093128197,0.00822732959725883,25,0.060933470727821,0.0608774946545211,0.000314096925603474,25,0.114819494445946,0.114813675608775,0.00106031797828583,25,1.07281963317905,1.07336467858751,0.00324627463279367,25,0.980679785519031,0.980528242737399,0.00122594608674117,25,13.6275199999983,13.5160000000033,0.468481600492404,25,13.6275199999983,13.5160000000033,0.468481600492404,25,12.6517599999995,12.476999999999,0.460013974424615,25,0.975759999998845,0.951000000000931,0.113033284184726,25,0,0,0,25
"pretrain","estimated_Z","mixture_fastica_start","ifeval_min30","balanced_moderate_dense_signed_cross","Cross",400,1000,10,"3-3-3-3-3-3-3-3-3-3",1.39606557166953,1.41146150053012,0.092548792857754,25,0.579328975000393,0.579328975000393,0,25,0.136827195987385,0.134379354472238,0.0142732990530848,25,0.373803959027991,0.37362150990443,0.00273697396267521,25,0.208486590203793,0.204366380518848,0.0293175489696015,25,0.0631673502273049,0.0630752925004038,0.00356502243546928,25,0.0658703721888565,0.0654367408468943,0.00856267306246484,25,0.352218360247662,0.352528662517539,0.00338364053227438,25,0.0965888367166625,0.0969593900949881,0.00298594171979967,25,0.365232395056297,0.365291374315862,0.00353914885424553,25,0.064146964403932,0.064212589616563,0.000307593243973812,25,0.115385746978686,0.115211878870408,0.00175640792175712,25,1.0460526424623,1.04579595550274,0.00151699846968688,25,0.981086408861444,0.981265355979626,0.00106418866832894,25,19.0606399999972,19.0309999999881,0.533307047269685,25,19.0606399999972,19.0309999999881,0.533307047269685,25,17.8548399999971,17.8349999999919,0.529039670851254,25,1.20580000000016,1.1990000000078,0.0657222691841527,25,0,0,0,25
"pretrain","estimated_Z","mixture_fastica_start","ifeval_min30","balanced_moderate_dense_signed_cross","Cross",400,1000,5,"2-2-2-2-2",1.4102192602623,1.41602124558928,0.153852814571436,25,0.745360614325595,0.745360614325595,0,25,0.183918852668797,0.179683629408608,0.0240754744182263,25,0.367528975124921,0.367056490562256,0.00267751856083572,25,0.438878452522616,0.435258339747759,0.100212785082674,25,0.031213305609853,0.0311191277950462,0.00159606247325313,25,0.21261072106204,0.21202004450339,0.0482260969969267,25,0.334876372400304,0.335301431943936,0.00652626899766879,25,0.181200884600304,0.182816291641688,0.00860570937409323,25,0.380791715576988,0.38183310157942,0.00944276199226054,25,0.0421708431635707,0.0422342109422894,0.000259127457161937,25,0.0923303529678947,0.0924520822494571,0.00194644230803129,25,1.06087327369928,1.06158139916859,0.00349507833778047,25,0.990467251038427,0.990626513339013,0.00100259824383603,25,11.90992,11.9509999999991,0.440178365362592,25,11.90992,11.9509999999991,0.440178365362592,25,11.3822399999998,11.4250000000002,0.436749096545587,25,0.527680000000146,0.528999999999542,0.0171092567537203,25,0,0,0,25
"pretrain","estimated_Z","mixture_fastica_start","ifeval_min30","balanced_moderate_dense_signed_cross","Cross",400,1000,5,"3-3-3-3-3",1.40042992126496,1.41442571315248,0.136873940312202,25,0.745360614325595,0.745360614325595,0,25,0.129636830403316,0.123934816338946,0.0172984510772273,25,0.359989507636347,0.361323062854157,0.00482204989633883,25,0.193741732256641,0.206854407581424,0.0508000780559533,25,0.0493159860855164,0.0485685734366768,0.00421779001482081,25,0.0613184782632485,0.0640518638630597,0.0153388933856366,25,0.257489125772237,0.257202561184067,0.00429092950671014,25,0.0971632153759783,0.0984915301075488,0.00381914913124526,25,0.275225623516732,0.274746250988758,0.00498691308670604,25,0.0453037116827487,0.0452819488830207,0.000295220226086508,25,0.0959578519727277,0.0959118972054592,0.0017388235205715,25,1.02763869871895,1.02759497760592,0.00186737207124206,25,0.990405306245073,0.990609620287446,0.0012603617262456,25,65.7249199999988,27.107,182.381387608476,25,65.7249199999988,27.107,182.381387608476,25,64.7545599999995,26.0910000000003,182.44494183088,25,0.970359999999346,1.01399999999921,0.164970674161799,25,0,0,0,25
"pretrain","estimated_Z","mixture_fastica_start","ifeval_min30","balanced_moderate_dense_signed_cross","Cross",400,1500,10,"2-2-2-2-2-2-2-2-2-2",1.38281711731595,1.4055266930286,0.0671332417096985,25,0.583088680632177,0.583088680632177,0,25,0.185590361333324,0.175131730780945,0.0257888360813235,25,0.378260937620425,0.37850625678142,0.00165726892200256,25,0.429586461978057,0.440743143240885,0.0651443237416287,25,0.0381083583197525,0.0379835289814452,0.00196811776815576,25,0.208086702936105,0.213455207857081,0.0315381139671912,25,0.395955564149968,0.394907367710262,0.00662603715012597,25,0.159537227849329,0.157652199015143,0.00717185157498785,25,0.426909836300703,0.426245308224997,0.00868750007618708,25,0.0580750778368221,0.0580340065765907,0.000269345302891837,25,0.0995780373403552,0.0994736449435655,0.00137710298503512,25,1.07105089100895,1.07073004678221,0.00357429081803868,25,0.9829650425913,0.982785375422485,0.000811530817607764,25,17.2400000000012,17.4670000000042,0.389774828161371,25,17.2400000000012,17.4670000000042,0.389774828161371,25,16.2630400000006,16.5060000000012,0.388968130657165,25,0.976960000000545,0.974000000001979,0.0333585071606475,25,0,0,0,25
"pretrain","estimated_Z","mixture_fastica_start","ifeval_min30","balanced_moderate_dense_signed_cross","Cross",400,1500,10,"3-3-3-3-3-3-3-3-3-3",1.42869108336784,1.41216813838999,0.0681351300262975,25,0.583088680632177,0.583088680632177,0,25,0.137880090081394,0.136952726659593,0.0115415608458596,25,0.373021428999781,0.373671069030695,0.00314624211688238,25,0.191665839482612,0.186107646769349,0.0377144402460646,25,0.0556591428817771,0.0549319394606045,0.00384946684150144,25,0.0608972806942719,0.0606493765947799,0.0111404880252419,25,0.336689463840761,0.337200665873803,0.00450407588037633,25,0.0992117385147057,0.0994129114386613,0.00423518805265343,25,0.35101937429503,0.351504827217656,0.00508854582799417,25,0.0610268571830701,0.0610674467395789,0.000306519934164032,25,0.0989452342166277,0.0988222920160579,0.00168538838745375,25,1.04293685781968,1.04353630136266,0.0019332122204456,25,0.982762220969668,0.982623319357456,0.000800184086969996,25,22.9050000000017,22.8709999999992,0.638210845514612,25,22.9050000000017,22.8709999999992,0.638210845514612,25,21.6678400000022,21.6500000000087,0.638130908723779,25,1.23715999999957,1.21900000001187,0.0719396042987854,25,0,0,0,25
"pretrain","estimated_Z","mixture_fastica_start","ifeval_min30","balanced_moderate_dense_signed_cross","Cross",400,1500,5,"2-2-2-2-2",1.43195663655036,1.41717904982316,0.125733628130912,25,0.749289957829839,0.749289957829839,0,25,0.196770067438539,0.201749754831491,0.0250665515373246,25,0.364404323945536,0.364329379597403,0.002864155097372,25,0.439014866060072,0.426217837638713,0.0940099543260843,25,0.0287044615783792,0.0288803632718311,0.00183601150501675,25,0.212353699375014,0.204685753692546,0.045600763598801,25,0.332600364759922,0.334248674206978,0.00666599613642287,25,0.180592159757877,0.181050708913297,0.00819562328093789,25,0.378500519908317,0.379682125257791,0.00918710765696648,25,0.0408005996084953,0.0408230619274384,0.000285156249257597,25,0.0798469007040324,0.0799480169113482,0.00142973073228443,25,1.0604244014751,1.06080750877848,0.00341328760269941,25,0.990806758570272,0.990551702068047,0.00107500570019351,25,15.06044,15.0579999999991,0.503306987168685,25,15.06044,15.0579999999991,0.503306987168685,25,14.5160400000001,14.505000000001,0.506096456550672,25,0.54439999999995,0.539000000000669,0.0210495447296732,25,0,0,0,25
"pretrain","estimated_Z","mixture_fastica_start","ifeval_min30","balanced_moderate_dense_signed_cross","Cross",400,1500,5,"3-3-3-3-3",1.37936891272056,1.41374398562376,0.124863477400215,25,0.749289957829839,0.749289957829839,0,25,0.131083444339603,0.126221931170218,0.0242762670283912,25,0.359613464480174,0.360122264893929,0.00406976380688539,25,0.176693841275722,0.17755091662724,0.0584910923881438,25,0.0450466291219317,0.0445503383540403,0.0041380542756855,25,0.0555306377983521,0.054261324274298,0.0168584750498476,25,0.247034498256092,0.246308059153071,0.00375846894332337,25,0.0974131875459884,0.097788428229159,0.00315904481839323,25,0.265559631876251,0.264387590446387,0.00415779652968514,25,0.0432862059537281,0.043241564874977,0.000295580201351625,25,0.0822002171267603,0.082515509013888,0.00205031810235349,25,1.02551257981713,1.02526008379932,0.00142137012352463,25,0.990790736755473,0.990476247252175,0.0010802077217026,25,24.1487199999983,24.1029999999955,0.768368592104407,25,24.1487199999983,24.1029999999955,0.768368592104407,25,23.0719199999989,23.0119999999952,0.767303662182799,25,1.07679999999935,1.20500000000175,0.273258119733036,25,0,0,0,25
"pretrain","estimated_Z","mixture_fastica_start","ifeval_min30","balanced_moderate_dense_signed_cross","Cross",400,2000,10,"2-2-2-2-2-2-2-2-2-2",1.43123824755483,1.46550715268613,0.0682036005976099,25,0.581019736017126,0.581019736017126,0,25,0.193236236598464,0.194059611227631,0.0262789453918071,25,0.377290987238956,0.377073864136612,0.00198635623914281,25,0.441200066963383,0.451079301884443,0.0685278294625179,25,0.0349084734562451,0.0349033837650619,0.00153450360230529,25,0.213562131895533,0.218318773822485,0.0330204516618912,25,0.386808513953911,0.388127069411285,0.0069424095657882,25,0.157427056953154,0.156747882873516,0.00892332903407538,25,0.417659795318801,0.417875684865815,0.00952573487900903,25,0.0565427367938653,0.0565688098554205,0.000283500028501563,25,0.0896056059965765,0.0896045469287312,0.0016372720353666,25,1.06811158644772,1.06827599690904,0.00394338950488392,25,0.983627841789251,0.983401037219039,0.000838732538448595,25,21.382760000001,21.5760000000009,0.750317170713974,25,21.382760000001,21.5760000000009,0.750317170713974,25,20.3712800000006,20.5829999999987,0.748832620373122,25,1.01148000000045,1.00800000000163,0.0210715447941632,25,0,0,0,25
"pretrain","estimated_Z","mixture_fastica_start","ifeval_min30","balanced_moderate_dense_signed_cross","Cross",400,2000,10,"3-3-3-3-3-3-3-3-3-3",1.41024930448628,1.41079583711788,0.0716063412414327,25,0.581019736017126,0.581019736017126,0,25,0.131374504970286,0.131373563904555,0.0119277765986292,25,0.372317607162141,0.372189019957736,0.00289058821313614,25,0.204574195912568,0.204673106373085,0.0285049521819181,25,0.0530238996717176,0.0532321473806173,0.00313467774929744,25,0.0644611109459856,0.0647879836029868,0.00876324979189793,25,0.328266159455947,0.329504847380899,0.0053661347938494,25,0.100669560928934,0.100247928126679,0.0039478558759169,25,0.343365550611969,0.344406628021342,0.00610125707829763,25,0.0595625848019384,0.0596310969079497,0.000325124454827443,25,0.0895415126151157,0.0897636882165921,0.00197965856591287,25,1.04144925253658,1.04176299800178,0.00218508508841959,25,0.983796651287138,0.983801445149727,0.000910912536983807,25,27.8806799999991,28.1710000000021,0.95382352141062,25,27.8806799999991,28.1710000000021,0.95382352141062,25,26.6114800000004,26.9349999999977,0.956402291574726,25,1.26919999999867,1.25100000000384,0.070013689137745,25,0,0,0,25
"pretrain","estimated_Z","mixture_fastica_start","ifeval_min30","balanced_moderate_dense_signed_cross","Cross",400,2000,5,"2-2-2-2-2",1.44272172719945,1.41891073474692,0.121134009875874,25,0.74785852175892,0.74785852175892,0,25,0.205975359088383,0.199708449756051,0.0337995147739782,25,0.362522881866895,0.362376576576962,0.00320269314027659,25,0.404368044656611,0.419369382143696,0.135911291817354,25,0.0267282773144634,0.0269373390258072,0.00175701066928996,25,0.195176134878855,0.201931300060899,0.066783190731463,25,0.333294266162945,0.333230654185084,0.00816497161964938,25,0.180740979357072,0.177544472605031,0.0111138528572645,25,0.379203566986405,0.377346177304875,0.0120589424047383,25,0.0399477663312036,0.0399470139284215,0.000249519184984801,25,0.0727083986826351,0.0725487675666059,0.00134805475381008,25,1.06121677699287,1.06059978491393,0.00439666556367286,25,0.99133318469917,0.991213431101912,0.000752221967629054,25,18.4219599999998,18.4189999999999,0.617789438239325,25,18.4219599999998,18.4189999999999,0.617789438239325,25,17.81408,17.652,0.602756440584888,25,0.607879999999859,0.560999999999694,0.108829116814963,25,0,0,0,25
"pretrain","estimated_Z","mixture_fastica_start","ifeval_min30","balanced_moderate_dense_signed_cross","Cross",400,2000,5,"3-3-3-3-3",1.450579184234,1.41863422227484,0.130853016652938,25,0.74785852175892,0.74785852175892,0,25,0.133839210302532,0.125854870100412,0.0246324403806011,25,0.360510747860089,0.360255221408543,0.00285799505679672,25,0.179487081822389,0.196159133526122,0.0586840487431797,25,0.0448801617480384,0.0455574651119473,0.00348697473208271,25,0.0573983050613849,0.0629608666059007,0.0161356780366324,25,0.2438317270091,0.243847823833387,0.00476323666560364,25,0.09949235564354,0.0993901524615923,0.00403842026591027,25,0.263364408173069,0.26285286370304,0.00552134180319981,25,0.0424659210061183,0.0424291431165885,0.000293810392203655,25,0.0750818390665668,0.0748635591677884,0.00209584951049213,25,1.02544368241529,1.025053238325,0.00158639249618276,25,0.991268282993402,0.991148372116703,0.000736834448674219,25,28.9942800000007,28.6990000000005,0.902028663624454,25,28.9942800000007,28.6990000000005,0.902028663624454,25,28.2297600000008,27.9429999999993,0.899777809610201,25,0.764519999999902,0.773000000001048,0.050435701640702,25,0,0,0,25
"pretrain","estimated_Z","mixture_fastica_start","ifeval_min30","balanced_moderate_dense_signed_cross","Cross",400,500,10,"2-2-2-2-2-2-2-2-2-2",1.40231377939952,1.4120824048846,0.0655245555643677,25,0.568776528188644,0.568776528188644,0,25,0.16328346910868,0.16008915220934,0.014130570325096,25,0.382987064993465,0.382970191339683,0.00190653537121344,25,0.420340013511451,0.44942158316827,0.0799778939888189,25,0.0566411848598387,0.0568268673802802,0.00226018621110937,25,0.204482121267533,0.218066315980931,0.0389219052525181,25,0.432333087625201,0.432479884653945,0.00468731899493826,25,0.13503580848854,0.13453803806232,0.00515917839637611,25,0.452954109549791,0.453748512849058,0.0051828472600111,25,0.0693086806364465,0.0692728418893499,0.000514822127108164,25,0.154902542905683,0.15447776884388,0.00200275688896264,25,1.07447310706224,1.07462802320386,0.00238366916272243,25,0.975779401029083,0.975827175543172,0.00146685113121187,25,9.17856000000058,9.13899999999558,0.35881530532115,25,9.17856000000058,9.13899999999558,0.35881530532115,25,8.23840000000084,8.2019999999975,0.356553642527528,25,0.940159999999742,0.940999999998894,0.0283353136564016,25,0,0,0,25
"pretrain","estimated_Z","mixture_fastica_start","ifeval_min30","balanced_moderate_dense_signed_cross","Cross",400,500,10,"3-3-3-3-3-3-3-3-3-3",1.4161130636396,1.41476834068076,0.0624353265781015,25,0.568776528188644,0.568776528188644,0,25,0.135613101423032,0.138037190920301,0.0126737563585172,25,0.373567936020975,0.373490255977056,0.00220031364000185,25,0.201481789152425,0.200103991324092,0.026917284728566,25,0.0857796549344445,0.0850256570492024,0.00507741973845745,25,0.0650931714404119,0.065244153084607,0.00870723570816698,25,0.413652405341205,0.412001414819785,0.00831461876425561,25,0.0957342809525318,0.0965213177460835,0.0038974279912539,25,0.424598940935888,0.423752447097938,0.00854243495255325,25,0.0722969875316616,0.0721121620063994,0.000726982995002711,25,0.157701289090268,0.157123500813847,0.0033038271668916,25,1.06349527143034,1.06290683623748,0.00371924185350367,25,0.976550260271942,0.976451685236373,0.00151888455339324,25,12.4481600000017,12.3850000000093,0.748498534845936,25,12.4481600000017,12.3850000000093,0.748498534845936,25,11.1050800000015,11.0880000000034,0.630714470528478,25,1.34308000000019,1.21300000000338,0.266004060119134,25,0,0,0,25
"pretrain","estimated_Z","mixture_fastica_start","ifeval_min30","balanced_moderate_dense_signed_cross","Cross",400,500,5,"2-2-2-2-2",1.39502003672389,1.40680519603697,0.178351406453898,25,0.745843276530558,0.745843276530558,0,25,0.179560300046117,0.177350065387381,0.0226732685698048,25,0.370498400203181,0.3706461169823,0.00302429936981072,25,0.402119626456843,0.403822269579757,0.130641245270673,25,0.040202127782767,0.0403305290970191,0.00221205182537778,25,0.194725018985106,0.195901717405672,0.0642948144601155,25,0.337023885626065,0.33778075408729,0.00637181485445256,25,0.154720677452021,0.151735812638257,0.009144039473518,25,0.370892015989737,0.369540646649253,0.00923900990747658,25,0.0470453069695262,0.0469779365504373,0.000418818520547589,25,0.122738645299233,0.123069481807063,0.00230327268767028,25,1.05431216649005,1.05448682493368,0.00331693419210528,25,0.98739161107541,0.987234379904176,0.00131272652092355,25,7.86687999999995,7.90499999999975,0.377158711066603,25,7.86687999999995,7.90499999999975,0.377158711066603,25,7.35632000000001,7.39400000000023,0.372336398077675,25,0.510559999999932,0.514000000000124,0.0310417460849772,25,0,0,0,25
"pretrain","estimated_Z","mixture_fastica_start","ifeval_min30","balanced_moderate_dense_signed_cross","Cross",400,500,5,"3-3-3-3-3",1.35054674764617,1.40852964985992,0.129452394679034,25,0.745843276530558,0.745843276530558,0,25,0.133441481452701,0.13266760657194,0.0184067431231756,25,0.361656022898171,0.3619752014845,0.00389022940492579,25,0.180044646009854,0.188237472430136,0.0516877514426304,25,0.062535517294156,0.0599163714187021,0.00675942567995652,25,0.0583907401793443,0.0584178484004754,0.0144446471651144,25,0.29138101993554,0.290960102877372,0.00493148783830449,25,0.0926899356797057,0.0935458600372313,0.00347306862359946,25,0.30578309973081,0.305642454048024,0.00519869583466574,25,0.0502291416688284,0.0501998729065835,0.000411181424291147,25,0.12747843923946,0.127578770848725,0.00298147662759731,25,1.03290354579698,1.03261950723974,0.0020102144936509,25,0.987099211095825,0.98693616289068,0.00194811306975175,25,17.0014799999999,16.9039999999986,0.709157253365499,25,17.0014799999999,16.9039999999986,0.709157253365499,25,16.0042800000001,15.9239999999991,0.709544837672072,25,0.997199999999721,1.0010000000002,0.0379319566240912,25,0,0,0,25
"pretrain","estimated_Z","mixture_identity_start","ifeval_min30","balanced_moderate_dense_signed_cross","Cross",100,1000,10,"2-2-2-2-2-2-2-2-2-2",1.39997258112482,1.40231923484712,0.119218763379286,25,0.579328975000393,0.579328975000393,0,25,0.295855611924176,0.299002098376197,0.0275219140991255,25,0.388357204970459,0.387845138064882,0.00345585630612531,25,0.450583227100423,0.457825313040083,0.0820758652774123,25,0.11643332292024,0.115705683365341,0.0072626165247875,25,0.218258972809706,0.223637814646196,0.0397574444685999,25,0.706786463906576,0.698156066696333,0.0267519510487588,25,0.221568698041698,0.220369809123347,0.00840112796734348,25,0.740721577927171,0.731527676373428,0.0275025284658501,25,0.111126495292446,0.110936957298058,0.00136279782377071,25,0.137561588158752,0.137342769692898,0.00548569284594712,25,1.19181203480549,1.18730220244246,0.0175957698972726,25,0.938319581939339,0.938249520214605,0.00245072886878339,25,1.86648000000074,1.80100000000675,0.251365457715921,25,1.86648000000074,1.80100000000675,0.251365457715921,25,1.29684000000096,1.26600000000326,0.15233780445643,25,0.569639999999781,0.548999999999069,0.130594435817458,25,0,0,0,25
"pretrain","estimated_Z","mixture_identity_start","ifeval_min30","balanced_moderate_dense_signed_cross","Cross",100,1000,10,"3-3-3-3-3-3-3-3-3-3",1.31101735214731,1.33322095748874,0.123926064373156,25,0.579277113314936,0.579295826582934,6.66902485568405e-05,25,0.332588457423497,0.32771055695125,0.0391735953188242,25,0.382894431913277,0.382922426826587,0.00549582935286692,25,0.294719157820606,0.292277866686944,0.0466751390576088,25,0.237003142855043,0.236470453834391,0.0219695411875055,25,0.0951407960293224,0.0971873070113073,0.0216505989848847,25,0.780762138697338,0.78199204262316,0.0268376809675444,25,0.240973346819714,0.241126827126966,0.0141030823105794,25,0.817139427696907,0.818568297679695,0.0292834305443309,25,0.117919710978672,0.118170615819202,0.000952751589448159,25,0.144001043989406,0.144204703317444,0.00639345750817457,25,1.24100674116261,1.24076302690834,0.0181623081839152,25,0.938840688370483,0.938759062289148,0.00234478463324848,25,2.50476000000024,2.38999999999942,0.343552310428843,25,2.50476000000024,2.38999999999942,0.343552310428843,25,1.63271999999968,1.63900000000285,0.114504555949991,25,0.872040000000561,0.796000000002095,0.363121017477678,25,0,0,0,25
"pretrain","estimated_Z","mixture_identity_start","ifeval_min30","balanced_moderate_dense_signed_cross","Cross",100,1000,5,"2-2-2-2-2",1.35961337639798,1.26442900597906,0.277680018573303,25,0.745360614325595,0.745360614325595,0,25,0.264192309949467,0.265967318520646,0.0363320794149986,25,0.373533028215599,0.374115695819793,0.00554075939119589,25,0.426316875117004,0.410883148667168,0.105557615417655,25,0.0909487454958903,0.0900005383490457,0.00583417544466707,25,0.205227393568952,0.198391804636624,0.0502742609821676,25,0.460400244298196,0.458052829954951,0.0100375141260055,25,0.21043114529708,0.209013095154886,0.0102380380220136,25,0.506273232942697,0.501898392923379,0.0118326796109477,25,0.0760164815580854,0.0757128984315994,0.00103120160891891,25,0.101742450299413,0.101549268785781,0.00565530610807132,25,1.09021160249677,1.0905135183903,0.00631610562531611,25,0.966876670162941,0.96715810393873,0.00262273215696896,25,1.21527999999999,1.21100000000001,0.076494836427013,25,1.21527999999999,1.21100000000001,0.076494836427013,25,0.988599999999992,0.974000000000046,0.0702121784307961,25,0.226680000000001,0.22300000000007,0.02059271715924,25,0,0,0,25
"pretrain","estimated_Z","mixture_identity_start","ifeval_min30","balanced_moderate_dense_signed_cross","Cross",100,1000,5,"3-3-3-3-3",1.38061949712347,1.27200681758996,0.215215492215246,25,0.745338632675499,0.745360614325595,4.36941278094584e-05,25,0.290452140656528,0.290246790930573,0.0401438807363636,25,0.365150116197704,0.364374311405633,0.00718771179058147,25,0.256308062446066,0.245997080734272,0.0600679542873281,25,0.19352246435246,0.186880530206655,0.0288804107184357,25,0.0850739932790921,0.073953598664534,0.0345609380318191,25,0.4926441411123,0.493521014764611,0.0182414676421916,25,0.191397844304266,0.191231743649556,0.00932092107978949,25,0.528545803765562,0.528942454166196,0.0197263408254545,25,0.083760641364169,0.0836747978619678,0.00099208432314754,25,0.111702310493349,0.113269530356179,0.00649223540486803,25,1.10048556440347,1.10092246408735,0.00991989027642554,25,0.96675803763654,0.966397242014245,0.00205064915221567,25,1.91403999999995,1.86899999999696,0.247288879653016,25,1.91403999999995,1.86899999999696,0.247288879653016,25,1.47572,1.47600000000057,0.133462391706329,25,0.438319999999949,0.337999999999738,0.229948313033104,25,0,0,0,25
"pretrain","estimated_Z","mixture_identity_start","ifeval_min30","balanced_moderate_dense_signed_cross","Cross",100,1500,10,"2-2-2-2-2-2-2-2-2-2",1.40505903694704,1.40789049070631,0.148373918835193,25,0.583088680632177,0.583088680632177,0,25,0.29558693252394,0.29420365245263,0.0277198017885858,25,0.387844443196361,0.387826107710703,0.00375936499906729,25,0.441622656398889,0.435888283726002,0.0759663514357098,25,0.111210664208344,0.1098870404279,0.00855840829021053,25,0.213120551685798,0.211863225516423,0.0358710335025661,25,0.675160206971822,0.673380459117128,0.0169595209962477,25,0.217301007974062,0.217992953743603,0.00729620940375926,25,0.709288955227445,0.707985223474493,0.0176019873481092,25,0.108373925367094,0.10842859361821,0.000845603611049999,25,0.124095098401241,0.123419121989577,0.00441602484091409,25,1.1744616277353,1.17319207238932,0.0110149867600196,25,0.940224167327969,0.940636779905809,0.00167572155838761,25,2.2211599999998,2.17299999999523,0.205421655788446,25,2.2211599999998,2.17299999999523,0.205421655788446,25,1.69004000000015,1.66000000000349,0.170998167631865,25,0.531119999999646,0.550999999999476,0.100398505965089,25,0,0,0,25
"pretrain","estimated_Z","mixture_identity_start","ifeval_min30","balanced_moderate_dense_signed_cross","Cross",100,1500,10,"3-3-3-3-3-3-3-3-3-3",1.28032361548532,1.33659816128486,0.191975778081004,25,0.583056410989062,0.583070365562577,4.21105349728902e-05,25,0.329456647527937,0.318633474522508,0.0416575360069086,25,0.384490908685108,0.383799374533811,0.00441834980513264,25,0.293432383389071,0.292813512556956,0.0371654034924252,25,0.237234476030584,0.238141577065549,0.0210361455601634,25,0.0974759274061655,0.0952478293350593,0.0224903830015979,25,0.755969990880082,0.755895202065734,0.0242493500611439,25,0.235903822869503,0.234916766953279,0.0121357023276054,25,0.791950436944159,0.791033191112161,0.0262527811826242,25,0.115883840008274,0.116018552130549,0.000949186321473313,25,0.12747171355896,0.125838104743417,0.00656785993224657,25,1.22611312022203,1.22531512159206,0.0169571596696688,25,0.940198452105276,0.94066143020525,0.00202770757799338,25,3.36488000000099,3.29400000000169,0.404289017906689,25,3.36488000000099,3.29400000000169,0.404289017906689,25,2.35112000000052,2.38100000000122,0.175570099960158,25,1.01376000000047,1.02900000000227,0.329500161862003,25,0,0,0,25
"pretrain","estimated_Z","mixture_identity_start","ifeval_min30","balanced_moderate_dense_signed_cross","Cross",100,1500,5,"2-2-2-2-2",1.36207201978999,1.26476076181193,0.400043140660471,25,0.749289957829839,0.749289957829839,0,25,0.280978004172411,0.2594854371183,0.059208139454608,25,0.367216629068334,0.368008916124356,0.00549141955311504,25,0.430971141796761,0.439811893527708,0.153166509386495,25,0.0898614595869144,0.0882018777870555,0.00731169740968373,25,0.205767300976773,0.208753639279142,0.0745135816438882,25,0.446737625156551,0.448344869337992,0.0119925876587273,25,0.208767132732985,0.211201677530987,0.011238931507426,25,0.49315713347032,0.496201725600572,0.0149162054623028,25,0.0747272914301649,0.074533079777729,0.000875037506134782,25,0.0889439992376298,0.0897233845743237,0.00443908595157655,25,1.08539448529631,1.08749017780577,0.00649896455853584,25,0.968019978672067,0.968545724950885,0.00232934438530845,25,1.57652000000002,1.56600000000003,0.112116427580145,25,1.57652000000002,1.56600000000003,0.112116427580145,25,1.33120000000003,1.32199999999989,0.0998799279134669,25,0.245319999999992,0.2349999999999,0.0314850758296631,25,0,0,0,25
"pretrain","estimated_Z","mixture_identity_start","ifeval_min30","balanced_moderate_dense_signed_cross","Cross",100,1500,5,"3-3-3-3-3",1.42957865466721,1.54104515098022,0.385745179860844,25,0.749289258345162,0.749289957829839,3.49742338927594e-06,25,0.271997826145849,0.268083051220077,0.0265521666989791,25,0.365358788225854,0.367426678375527,0.00544604196063768,25,0.270001826016532,0.277016620413882,0.0643146297936426,25,0.186287018664102,0.196255035734816,0.0310278454275581,25,0.0827513902169234,0.080151650531884,0.0248793234989951,25,0.472721370792852,0.47224490821853,0.0152110823139497,25,0.188447900699497,0.188510068489848,0.00745902933668727,25,0.508922709857365,0.507225262287374,0.0161798051791859,25,0.0817868881626037,0.0817930520897878,0.000809298901926069,25,0.0960358873876232,0.095849124997704,0.00495853768819251,25,1.0923815936821,1.09201380984561,0.0068418783073102,25,0.967794753997068,0.968542196335143,0.00203858561785743,25,2.4055200000004,2.39099999999962,0.16933106625774,25,2.4055200000004,2.39099999999962,0.16933106625774,25,2.02480000000018,2.00400000000081,0.163991107482884,25,0.380720000000219,0.34900000000016,0.0704388150571346,25,0,0,0,25
"pretrain","estimated_Z","mixture_identity_start","ifeval_min30","balanced_moderate_dense_signed_cross","Cross",100,2000,10,"2-2-2-2-2-2-2-2-2-2",1.3570043677414,1.33918548350969,0.175442125948838,25,0.581019736017126,0.581019736017126,0,25,0.289948565175259,0.286942928974867,0.0322655731813959,25,0.385658199232476,0.386701934911586,0.00344812337453523,25,0.434863948112819,0.442836712984782,0.0779973742830002,25,0.113235145017487,0.108437494404417,0.0248806858126437,25,0.209945064005641,0.212829350737597,0.0377327179959659,25,0.651524063305905,0.64829988761496,0.014186499488825,25,0.214367150084675,0.214181205521949,0.00654101956142582,25,0.685907115454371,0.681637268758857,0.0145268826802423,25,0.106909077923583,0.106657350551436,0.000978161807457721,25,0.113681427517083,0.113230925427703,0.00552446336723217,25,1.16177076834937,1.15927621643214,0.00871663345707974,25,0.94129023078453,0.941396695493697,0.00161082451223676,25,2.65899999999849,2.64499999998952,0.212737514321065,25,2.65899999999849,2.64499999998952,0.212737514321065,25,2.08247999999847,2.0570000000007,0.179171965812076,25,0.576520000000019,0.575000000004366,0.114752312976109,25,0,0,0,25
"pretrain","estimated_Z","mixture_identity_start","ifeval_min30","balanced_moderate_dense_signed_cross","Cross",100,2000,10,"3-3-3-3-3-3-3-3-3-3",1.29557162358534,1.33658123075838,0.212521588261092,25,0.581000394896017,0.58101692223656,2.82573760577402e-05,25,0.317013055361084,0.308779069560577,0.0309264610763303,25,0.381954906664515,0.382112006430351,0.00430382232447529,25,0.291348700689744,0.296011894083427,0.0381073006878787,25,0.226767065321658,0.224648059811824,0.0210378236584577,25,0.0966280616661908,0.0916986086469134,0.0244757857425755,25,0.723912344121375,0.722345992456275,0.0207709402074539,25,0.225570496927262,0.224238954680296,0.00878401564350875,25,0.75825942986888,0.758121206029914,0.0219377747524673,25,0.114390955922827,0.114351910112784,0.00076123771072204,25,0.115608483022746,0.11411084482696,0.00608709665245273,25,1.20562006258951,1.20556129264715,0.013893701196134,25,0.940879636799295,0.941009051213551,0.00125041599202094,25,3.74824000000081,3.72900000000664,0.331252205025474,25,3.74824000000081,3.72900000000664,0.331252205025474,25,2.88260000000038,2.87699999999313,0.216802521509901,25,0.865640000000421,0.756000000001222,0.288753193345655,25,0,0,0,25
"pretrain","estimated_Z","mixture_identity_start","ifeval_min30","balanced_moderate_dense_signed_cross","Cross",100,2000,5,"2-2-2-2-2",1.33479801447841,1.26228714016485,0.30062461343081,25,0.74785852175892,0.74785852175892,0,25,0.27682806261299,0.282225161538317,0.0429594336455618,25,0.368023432946872,0.367476156414808,0.00494680457851485,25,0.435175804693162,0.451515106316249,0.106061829378309,25,0.0886378398881528,0.0871190789790692,0.00624504355814866,25,0.208821038223589,0.215149195374148,0.0517546300880822,25,0.440919119909942,0.439451741831334,0.00926549232407793,25,0.207600419066279,0.207484076324286,0.0123359079469566,25,0.487425246128951,0.486865408312241,0.0126135157648351,25,0.0741967253117954,0.0741519683175513,0.000691057649347318,25,0.0805924473599935,0.0812432378103017,0.00483802747017865,25,1.0835096001322,1.08324961034252,0.00593628519763851,25,0.968742076626734,0.968680559458818,0.00158843373019051,25,2.00263999999996,1.99099999999999,0.137904217967927,25,2.00263999999996,1.99099999999999,0.137904217967927,25,1.73635999999997,1.69799999999987,0.126714534814823,25,0.266279999999997,0.245999999999867,0.0452221553370985,25,0,0,0,25
"pretrain","estimated_Z","mixture_identity_start","ifeval_min30","balanced_moderate_dense_signed_cross","Cross",100,2000,5,"3-3-3-3-3",1.30087209153405,1.26194345986312,0.349218688674049,25,0.74785852175892,0.74785852175892,0,25,0.269836022490842,0.267902944358438,0.0317728665039035,25,0.365034576894329,0.362892115394454,0.0087345102741308,25,0.286565647157618,0.274930407072352,0.0552248413658318,25,0.196401243561645,0.194542566480967,0.0264699064092777,25,0.0947032132243775,0.0917617949299276,0.032939276906687,25,0.46792646924484,0.467423317706255,0.0103362368980989,25,0.189066570651887,0.190329074934855,0.00600598895339362,25,0.504707243865822,0.505037669948885,0.0106624367931886,25,0.0812246505584188,0.0811957642759893,0.000778740570257728,25,0.0890158860381729,0.0894709079303827,0.00493870613575987,25,1.09114217648877,1.09114181651732,0.00418975392422926,25,0.968595432758312,0.968479033860645,0.00211982784624081,25,3.16408000000039,3.19699999999648,0.173282505367831,25,3.16408000000039,3.19699999999648,0.173282505367831,25,2.67968000000008,2.66300000000047,0.152597979453352,25,0.484400000000314,0.444999999999709,0.137205745749073,25,0,0,0,25
"pretrain","estimated_Z","mixture_identity_start","ifeval_min30","balanced_moderate_dense_signed_cross","Cross",100,500,10,"2-2-2-2-2-2-2-2-2-2",1.37003458211323,1.38885756558032,0.117857643036204,25,0.568774431376132,0.568776528188644,1.04840625599456e-05,25,0.330167225832116,0.329597213457622,0.0275472500016928,25,0.392924563364337,0.393009162679584,0.00469313990788798,25,0.455626820320857,0.456401448896836,0.0702659973422211,25,0.128149360318044,0.125835980026482,0.00878859544831516,25,0.21971161956168,0.218279434678961,0.033958840904694,25,0.826445998759809,0.829034310753819,0.0303308366396535,25,0.242370090844606,0.24432458396959,0.0124884011511526,25,0.861288967596766,0.863512281267597,0.0317943771268428,25,0.118184666938286,0.118473449429707,0.00125860818750983,25,0.179512425829394,0.177526488318524,0.00708160131854482,25,1.26522891218357,1.26944766273685,0.0216369131380674,25,0.934084257082276,0.933751789189018,0.00279673662240344,25,1.33688000000053,1.33400000000256,0.106632671665815,25,1.33688000000053,1.33400000000256,0.106632671665815,25,0.856840000000084,0.865000000005239,0.0705216751554773,25,0.480040000000445,0.460999999995693,0.0818624252433805,25,0,0,0,25
"pretrain","estimated_Z","mixture_identity_start","ifeval_min30","balanced_moderate_dense_signed_cross","Cross",100,500,10,"3-3-3-3-3-3-3-3-3-3",1.23180744957494,1.25403011541309,0.159001487501612,25,0.568605071748325,0.568642808361195,9.6570963873456e-05,25,0.345893963572187,0.339093781363439,0.0407445761948207,25,0.385164763817419,0.385548152513767,0.00576406226870378,25,0.317894010928979,0.330685920332155,0.0467462825267813,25,0.272558589315695,0.271065021558774,0.0261050654413906,25,0.103452386030103,0.106110779193127,0.0308379886735391,25,0.872807183776602,0.869512069254311,0.0122580589400124,25,0.251949368893429,0.250522414813618,0.00920845070062446,25,0.908483610251335,0.909642971244183,0.0126675353139498,25,0.124543650090022,0.124701992348367,0.000975016357186578,25,0.183389880040657,0.183090785592609,0.00771702907484043,25,1.29692256799786,1.29703077350279,0.00975110614859836,25,0.933804011250893,0.933563689734113,0.00272870237653356,25,1.72975999999908,1.74799999999232,0.213955267911643,25,1.72975999999908,1.74799999999232,0.213955267911643,25,0.968959999999497,0.963999999999942,0.0118970584596644,25,0.760799999999581,0.777000000001863,0.209063985420781,25,0,0,0,25
"pretrain","estimated_Z","mixture_identity_start","ifeval_min30","balanced_moderate_dense_signed_cross","Cross",100,500,5,"2-2-2-2-2",1.30149243146276,1.40220874579695,0.338983189226502,25,0.745843276530558,0.745843276530558,0,25,0.279664269514095,0.271630442162522,0.047200302258225,25,0.374383034367994,0.375341056700295,0.00710775361286725,25,0.417216202602692,0.417870348995247,0.126044928306804,25,0.101531813237516,0.101387677826333,0.00935317043859806,25,0.199285306463753,0.203359029562527,0.0584373893576629,25,0.495702991416488,0.495209468893965,0.015175244723843,25,0.207125478864037,0.206655591263634,0.0102475881561973,25,0.53731025831237,0.53518039667102,0.015876970909002,25,0.0795301520147517,0.0794240863266863,0.00128382253212516,25,0.133115590792111,0.131669609403275,0.00597006658397694,25,1.1029067075602,1.1017987885178,0.00765448608855102,25,0.965020327312643,0.965297846651056,0.00298405128178146,25,0.850279999999992,0.856999999999971,0.0700717013731955,25,0.850279999999992,0.856999999999971,0.0700717013731955,25,0.628359999999997,0.635999999999967,0.0611656766495753,25,0.221919999999995,0.216999999999985,0.0224702024912976,25,0,0,0,25
"pretrain","estimated_Z","mixture_identity_start","ifeval_min30","balanced_moderate_dense_signed_cross","Cross",100,500,5,"3-3-3-3-3",1.4106240632274,1.39127299163604,0.258378642633737,25,0.745796666172091,0.745843276530558,7.57840876219595e-05,25,0.277288834646058,0.276490684080005,0.0289778662333534,25,0.369379946159061,0.369045868633437,0.0074335211519527,25,0.267856637889432,0.267001681355959,0.0618996096776507,25,0.217208596532778,0.213677413320153,0.0265067395524355,25,0.0809392160060047,0.0793464279702148,0.0221050832650217,25,0.548720366308802,0.545280536325081,0.0159567275008504,25,0.200343332070618,0.201729559345612,0.00721170872221843,25,0.584189723642426,0.582709203425275,0.0160798384770864,25,0.0874107538706294,0.0874850435632684,0.00130800527109305,25,0.142696969507666,0.142784942070988,0.00665157011394826,25,1.12572085753137,1.12498084406168,0.00844651676483682,25,0.96447514303628,0.965473763620456,0.0037606066130912,25,1.3433600000001,1.29700000000048,0.146399817850825,25,1.3433600000001,1.29700000000048,0.146399817850825,25,0.926559999999954,0.953999999999724,0.0519351197811013,25,0.416800000000148,0.338999999999942,0.145730058670304,25,0,0,0,25
"pretrain","estimated_Z","mixture_identity_start","ifeval_min30","balanced_moderate_dense_signed_cross","Cross",200,1000,10,"2-2-2-2-2-2-2-2-2-2",1.35727049998079,1.40243486321271,0.216936060913843,25,0.579328975000393,0.579328975000393,0,25,0.212001647059687,0.20757081529258,0.0213367478001785,25,0.381593007383722,0.381611988586759,0.00239711284773334,25,0.431271697739248,0.443586669248845,0.0915921718325081,25,0.0667837066156493,0.0671044533341768,0.00269214247498237,25,0.208640736339077,0.214547041666056,0.0445753625215454,25,0.483727708440423,0.484635256387348,0.00474222996012836,25,0.167970354513414,0.167798783014526,0.0063060034220949,25,0.512088490327924,0.51135059376558,0.00574440209759605,25,0.080428856876641,0.0805023803625629,0.00050568622618208,25,0.121358052151655,0.121028724327487,0.00249348023503188,25,1.09231687753459,1.09242159162675,0.00295240196510838,25,0.966665932110543,0.966322223469791,0.001199956432913,25,4.31928000000044,4.31199999999808,0.303113499094192,25,4.31928000000044,4.31199999999808,0.303113499094192,25,3.47944000000047,3.43600000000151,0.210126168447216,25,0.839839999999967,0.794000000001688,0.190806114507553,25,0,0,0,25
"pretrain","estimated_Z","mixture_identity_start","ifeval_min30","balanced_moderate_dense_signed_cross","Cross",200,1000,10,"3-3-3-3-3-3-3-3-3-3",1.41423483846115,1.41762165474708,0.156493765512435,25,0.579328975000393,0.579328975000393,0,25,0.202769255986145,0.19927352890989,0.0215097236887134,25,0.3758177152314,0.375644799646736,0.00517643264155385,25,0.214176067233951,0.219918351775446,0.0352175403891628,25,0.116133114516835,0.113190612130083,0.0169281992201772,25,0.0690304317467196,0.0694182387742695,0.00931743307076766,25,0.482034172023129,0.483124419288171,0.0100520280903903,25,0.137801620491407,0.136877088217379,0.00574292262239755,25,0.501359269747574,0.502019724930937,0.0108865215824496,25,0.0855374822852695,0.0855911481724958,0.000591659592482784,25,0.125277908701028,0.125703409787796,0.0037514008603988,25,1.08770111141623,1.08806088284653,0.00550584756731483,25,0.967105876737504,0.966952736318906,0.0014821584612808,25,6.03979999999865,5.89099999998871,0.448862358262402,25,6.03979999999865,5.89099999998871,0.448862358262402,25,4.94683999999834,4.90899999999965,0.339121743134752,25,1.09296000000031,0.983000000007451,0.316255234475264,25,0,0,0,25
"pretrain","estimated_Z","mixture_identity_start","ifeval_min30","balanced_moderate_dense_signed_cross","Cross",200,1000,5,"2-2-2-2-2",1.2450485367888,1.26483160483945,0.440899123114176,25,0.745360614325595,0.745360614325595,0,25,0.211464010034581,0.195629539187223,0.0325817872650696,25,0.368487582803379,0.368906980953062,0.0042170947159395,25,0.393961529494447,0.431883307305897,0.144551753453353,25,0.0523019351061583,0.0517487096800204,0.003942336145686,25,0.189923780326142,0.208218577697641,0.0703515703950268,25,0.367510897378608,0.366636807539348,0.00938148842914368,25,0.18598912668843,0.186303138345268,0.0119345322212567,25,0.411958855236675,0.411717200909254,0.0132029076480946,25,0.0556453139650116,0.055713973813323,0.000590358928377402,25,0.0957211908418692,0.095918295197511,0.00264790424626169,25,1.06446129317694,1.06381457318076,0.00571020811036279,25,0.982071023480152,0.982072751442364,0.00165296486025681,25,3.40979999999994,3.42100000000028,0.19207051656445,25,3.40979999999994,3.42100000000028,0.19207051656445,25,3.04403999999995,3.07299999999987,0.176529383767473,25,0.365759999999991,0.333999999999833,0.0928229856591061,25,0,0,0,25
"pretrain","estimated_Z","mixture_identity_start","ifeval_min30","balanced_moderate_dense_signed_cross","Cross",200,1000,5,"3-3-3-3-3",1.37175089806626,1.2646596799618,0.294927040213652,25,0.745360614325595,0.745360614325595,0,25,0.189976609274627,0.185923308797651,0.0284607859410499,25,0.362361048947807,0.362035052689736,0.00476651870719755,25,0.217614345798135,0.205725050963243,0.0449468365072729,25,0.0981849303806623,0.0932397795539388,0.0305560304184395,25,0.0690540342832301,0.0674044178466801,0.0133391803452549,25,0.33287185473199,0.33306676229353,0.00546245240978388,25,0.128595313982097,0.127691915422542,0.00394253238751401,25,0.356861617548886,0.357880148422694,0.00593182108237661,25,0.0602823288752034,0.0602868069643936,0.000564714190698347,25,0.100494563135998,0.100019987621166,0.00367244736541427,25,1.04487342045813,1.04548221882902,0.00227942857409746,25,0.982680213944123,0.982500931865109,0.00117379355146592,25,18.8397599999997,7.45900000000256,59.6774331345056,25,18.8397599999997,7.45900000000256,59.6774331345056,25,18.1956399999996,6.80299999999988,59.6737309883789,25,0.644120000000112,0.656000000002678,0.104195857243781,25,0,0,0,25
"pretrain","estimated_Z","mixture_identity_start","ifeval_min30","balanced_moderate_dense_signed_cross","Cross",200,1500,10,"2-2-2-2-2-2-2-2-2-2",1.37626577926968,1.41097838618876,0.164242196693963,25,0.583088680632177,0.583088680632177,0,25,0.225430900423609,0.221701566224895,0.0272447974835848,25,0.380582968616745,0.380518862706528,0.00282180043206059,25,0.436464882528533,0.437349157057455,0.084890478617945,25,0.0635878660775668,0.063735889990696,0.00338968920914926,25,0.211413923553156,0.21199276976491,0.0414264266484195,25,0.467899150311131,0.469097830399825,0.00644612506400104,25,0.169156776713673,0.169029804338982,0.00805155139772288,25,0.497574336196099,0.500192195915679,0.00826228485415365,25,0.0778741943170835,0.0777900033150806,0.00063768792144797,25,0.10549360903476,0.105774339402847,0.00279422602971348,25,1.08815334011971,1.08934996297805,0.00425637310373853,25,0.969191932060012,0.969091903306528,0.00142056792212304,25,5.5660400000005,5.61100000000442,0.339767503840832,25,5.5660400000005,5.61100000000442,0.339767503840832,25,4.72267999999982,4.81899999999587,0.26543952858153,25,0.843360000000685,0.817999999999302,0.171784719925094,25,0,0,0,25
"pretrain","estimated_Z","mixture_identity_start","ifeval_min30","balanced_moderate_dense_signed_cross","Cross",200,1500,10,"3-3-3-3-3-3-3-3-3-3",1.40801938191916,1.41097403717325,0.148131584433427,25,0.583088680632177,0.583088680632177,0,25,0.204682341245724,0.204444357922654,0.0177439191262439,25,0.377148159054514,0.377901375481101,0.00366350558832711,25,0.205983974523669,0.203619075605114,0.0325277235213851,25,0.102982014030047,0.102511971895203,0.00951296076282914,25,0.0677775849226772,0.0684165201571793,0.00957591591788411,25,0.455611107230247,0.457723843980189,0.00627478485456251,25,0.135775512468962,0.135312697489279,0.00339012388851269,25,0.475419461776341,0.477144051302441,0.00658576530197966,25,0.0826753459518607,0.0827348282064493,0.000503741838241099,25,0.106459667362208,0.106151348730954,0.00283098932140972,25,1.07770869159077,1.07812507618018,0.00291294297574049,25,0.968668782857164,0.968623266077226,0.00134756124101723,25,7.43708000000101,7.34299999999348,0.367747300008375,25,7.43708000000101,7.34299999999348,0.367747300008375,25,6.35400000000023,6.34600000000501,0.334712687738722,25,1.08308000000077,1.01000000000931,0.19989287130773,25,0,0,0,25
"pretrain","estimated_Z","mixture_identity_start","ifeval_min30","balanced_moderate_dense_signed_cross","Cross",200,1500,5,"2-2-2-2-2",1.31110966352263,1.26462942994904,0.365821259398771,25,0.749289957829839,0.749289957829839,0,25,0.219261254458578,0.219942528426513,0.029487419264091,25,0.365721585863875,0.366075844782249,0.00377072306917429,25,0.417494294836448,0.439836640624027,0.119041657470572,25,0.0493797633850686,0.0471331990342118,0.00465841385043979,25,0.201079949640966,0.214020982252066,0.0575769647438569,25,0.367451547609815,0.364607773829803,0.00894621820598591,25,0.191114629212166,0.188735493442906,0.0116854078556791,25,0.414244547492236,0.411185834906071,0.0126990996469227,25,0.0542553175615404,0.0542235375261621,0.000419768407291935,25,0.0815646787789466,0.0813900104280748,0.0019428949597042,25,1.0663928178596,1.06541772886755,0.00492939198494024,25,0.983118881898231,0.983129579764511,0.00104178601905608,25,4.28540000000001,4.28099999999904,0.172477293191672,25,4.28540000000001,4.28099999999904,0.172477293191672,25,3.93415999999994,3.94700000000012,0.176193473204897,25,0.351240000000071,0.338999999999942,0.0408281765451644,25,0,0,0,25
"pretrain","estimated_Z","mixture_identity_start","ifeval_min30","balanced_moderate_dense_signed_cross","Cross",200,1500,5,"3-3-3-3-3",1.36113199549861,1.26501886862464,0.329498919237869,25,0.749289957829839,0.749289957829839,0,25,0.184737716833997,0.178619534849727,0.0233713287294518,25,0.361755635183959,0.362856103495819,0.00530098281297775,25,0.201469316276079,0.200402137575095,0.0497760425909456,25,0.0901136939558597,0.0891026219682188,0.010300890407435,25,0.0643688981877629,0.0638046242743673,0.0152878208814248,25,0.320430763762224,0.320544193458334,0.00492973501258296,25,0.12792810342947,0.127484985010829,0.00419841110499686,25,0.345037296005692,0.345162332455857,0.00568167400880661,25,0.0586815651030639,0.0586933321124454,0.000306602063438054,25,0.0862205183360288,0.0862401332682308,0.00332136485252085,25,1.04158237971663,1.04203947748266,0.00220075069828742,25,0.983295139188394,0.98319423215749,0.00124223698068426,25,10.2497599999997,10.3170000000027,0.379576549152617,25,10.2497599999997,10.3170000000027,0.379576549152617,25,9.51836000000025,9.55599999999686,0.360664996915492,25,0.731399999999412,0.684000000001106,0.137969501460491,25,0,0,0,25
"pretrain","estimated_Z","mixture_identity_start","ifeval_min30","balanced_moderate_dense_signed_cross","Cross",200,2000,10,"2-2-2-2-2-2-2-2-2-2",1.2853256412996,1.26595211400192,0.193475797316397,25,0.581019736017126,0.581019736017126,0,25,0.222913262768448,0.223890017836953,0.0236521108336076,25,0.379906052998093,0.379939452435558,0.00202816800003495,25,0.407411021324272,0.409918203600291,0.0735486753270112,25,0.0646904235807864,0.06004592305302,0.0205992699488425,25,0.196906456292823,0.198762690580179,0.0355733539808882,25,0.460534685995996,0.458660858444856,0.00605082626401346,25,0.170185616889192,0.168491782186432,0.00761511093243288,25,0.491001575349846,0.489287011383072,0.00814021151868343,25,0.076697653505345,0.0766664881524717,0.00040993753884298,25,0.0959084999599886,0.0957579479509384,0.0021614905366633,25,1.08600369297752,1.0849098553801,0.00371292755919703,25,0.96994704140821,0.969952388083884,0.00115023295449844,25,6.89659999999974,6.81399999999849,0.399968748778942,25,6.89659999999974,6.81399999999849,0.399968748778942,25,6.00839999999967,5.96699999999691,0.342972059115385,25,0.88820000000007,0.849999999998545,0.173667786305135,25,0,0,0,25
"pretrain","estimated_Z","mixture_identity_start","ifeval_min30","balanced_moderate_dense_signed_cross","Cross",200,2000,10,"3-3-3-3-3-3-3-3-3-3",1.4306094280496,1.41050289345668,0.140346041837193,25,0.581019736017126,0.581019736017126,0,25,0.201286421226409,0.195360206091411,0.0226297759525358,25,0.375394970934918,0.375914993098522,0.00362808126145176,25,0.208195868882754,0.205508899090409,0.0271836980140766,25,0.107771735170389,0.0989297664537679,0.0294579942360044,25,0.066492560692077,0.0662052442641839,0.00742444074749773,25,0.441669640940852,0.441941411607575,0.00469710817160983,25,0.133472515052038,0.133075863486382,0.00355098387438174,25,0.461404749307933,0.460956170181868,0.00519682779908051,25,0.0812478968469767,0.0812151823711865,0.000518501575691688,25,0.0963514444226316,0.0955102093099193,0.00250638973283033,25,1.07257848363718,1.07275626689469,0.0026035571055348,25,0.96955311713461,0.969625115456188,0.00122165630469883,25,9.18787999999884,9.23999999999069,0.524419784141741,25,9.18787999999884,9.23999999999069,0.524419784141741,25,7.95239999999991,7.9890000000014,0.34848756553532,25,1.23547999999893,1.25199999999313,0.350806347339023,25,0,0,0,25
"pretrain","estimated_Z","mixture_identity_start","ifeval_min30","balanced_moderate_dense_signed_cross","Cross",200,2000,5,"2-2-2-2-2",1.3422942463539,1.54346677412613,0.460800685974324,25,0.74785852175892,0.74785852175892,0,25,0.226401741517309,0.21471584103591,0.0410404814445878,25,0.36460971547225,0.365290892032785,0.0047983241821298,25,0.430607628803311,0.474317958783037,0.136526451107065,25,0.0480323797791677,0.0479345158657214,0.00326433045452159,25,0.206892344655642,0.22915046780053,0.0665466906759306,25,0.361981446505918,0.362826816119519,0.00904608907699671,25,0.187651064541368,0.191500813426578,0.0129154163631753,25,0.407804841336852,0.40946707459072,0.0135936236345495,25,0.0535816419187787,0.05362469484489,0.000418962057458606,25,0.074228050719458,0.074334738594759,0.00195010324193347,25,1.06421402352566,1.06457871727308,0.00519837597811285,25,0.983373889877573,0.98332713443942,0.00110758425290328,25,5.51631999999998,5.42900000000009,0.260837069195784,25,5.51631999999998,5.42900000000009,0.260837069195784,25,5.15396000000001,5.08199999999943,0.23681453361932,25,0.362359999999971,0.350000000000364,0.0429222941293943,25,0,0,0,25
"pretrain","estimated_Z","mixture_identity_start","ifeval_min30","balanced_moderate_dense_signed_cross","Cross",200,2000,5,"3-3-3-3-3",1.27290377148424,1.26265519221748,0.415832215126706,25,0.74785852175892,0.74785852175892,0,25,0.175012465809686,0.171301559575037,0.0270192602120764,25,0.362822484686798,0.362509396152155,0.00530696680245581,25,0.193413111053698,0.197627408553663,0.0470247823689191,25,0.0808042842720561,0.0804112695597748,0.00848763555751427,25,0.0641351672880688,0.063006296021858,0.0136071249781882,25,0.317363843104334,0.314858367762338,0.00718439416644564,25,0.129342476338327,0.128368609187306,0.00562910940466056,25,0.342725787686798,0.339596284502067,0.00843417195392503,25,0.0579425548894361,0.0578715862601091,0.00033174853679531,25,0.0793454924950337,0.0791993003613466,0.002659033862711,25,1.04141975122519,1.04024413681544,0.00292086787455913,25,0.983874555443308,0.983788867591035,0.00112029762064924,25,12.4289199999996,12.4319999999971,0.503578851819361,25,12.4289199999996,12.4319999999971,0.503578851819361,25,11.7158800000002,11.7769999999982,0.518387107607094,25,0.713039999999455,0.66899999999805,0.107232022580147,25,0,0,0,25
"pretrain","estimated_Z","mixture_identity_start","ifeval_min30","balanced_moderate_dense_signed_cross","Cross",200,500,10,"2-2-2-2-2-2-2-2-2-2",1.37339135958928,1.34893521770384,0.111184005388249,25,0.568776528188644,0.568776528188644,0,25,0.215085823039991,0.212784406516215,0.0183168147016327,25,0.385621975110554,0.385399435337226,0.00277422760681748,25,0.423123302833723,0.406767063420502,0.0674164362151653,25,0.0862462965208454,0.0808152326919937,0.0276204855129963,25,0.205356946522294,0.198032458405581,0.0327843044744024,25,0.541667304671492,0.540063530237903,0.011183251883791,25,0.163217708442966,0.165033186635514,0.00527293355923674,25,0.565739438874391,0.563721683686806,0.0115978982703409,25,0.0877808077482149,0.0878848576987184,0.000943453622527558,25,0.162039543438577,0.162563078992967,0.00381566038729594,25,1.11357148381507,1.11319871121234,0.00642810115959491,25,0.962099609899862,0.962621341648046,0.00231179427398818,25,3.34932000000088,3.3350000000064,0.301058925572926,25,3.34932000000088,3.3350000000064,0.301058925572926,25,2.53616000000038,2.50900000000547,0.158387099643184,25,0.813160000000498,0.75,0.212270205163956,25,0,0,0,25
"pretrain","estimated_Z","mixture_identity_start","ifeval_min30","balanced_moderate_dense_signed_cross","Cross",200,500,10,"3-3-3-3-3-3-3-3-3-3",1.38715677832661,1.41620271103479,0.161377272775601,25,0.568776528188644,0.568776528188644,0,25,0.215056221545336,0.217362943438623,0.0189921867221754,25,0.376599743211749,0.376574258464583,0.00360875708533403,25,0.199329404581069,0.194647691693836,0.0354149958534802,25,0.13962598979944,0.13560244049617,0.0184414494956861,25,0.0641457656419587,0.0614212002686993,0.0112343969696946,25,0.566789368897829,0.568094295210944,0.012690841715196,25,0.147712608428562,0.147580759738414,0.00586116821938987,25,0.585741924121206,0.585331890692,0.0130382465126278,25,0.0930543134431535,0.0930898257229635,0.000854930859150909,25,0.167893763185479,0.167801799251269,0.00501966946415846,25,1.12349893486374,1.12324201235054,0.00633933375273567,25,0.961865948815618,0.962133614570766,0.00217169998850843,25,4.4510400000005,4.42799999999988,0.300802881192144,25,4.4510400000005,4.42799999999988,0.300802881192144,25,3.48336000000068,3.48600000000442,0.177230518441061,25,0.967679999999818,0.937000000005355,0.2388272946438,25,0,0,0,25
"pretrain","estimated_Z","mixture_identity_start","ifeval_min30","balanced_moderate_dense_signed_cross","Cross",200,500,5,"2-2-2-2-2",1.37463107845576,1.27078551095513,0.234574152264628,25,0.745843276530558,0.745843276530558,0,25,0.210709941319011,0.205582410254028,0.0273561329622018,25,0.371345576429727,0.371188585006159,0.0041784300384488,25,0.440113474662262,0.425974977657328,0.0756940124936854,25,0.0608907338098763,0.0611433386196905,0.00390128483845806,25,0.213002923919103,0.208117545050845,0.0365919057991762,25,0.386816197776583,0.387474048945584,0.00571780171447612,25,0.170639145317177,0.172921720667481,0.0114409277454229,25,0.42287127733523,0.422208139360132,0.00920915206788643,25,0.0596569493678955,0.0595285388716435,0.000729190449938004,25,0.126328578668739,0.126179491404862,0.00278679313473974,25,1.06583926878827,1.06618781870564,0.004049585606193,25,0.97925123771377,0.978973617254588,0.00224861177130177,25,2.48148000000005,2.48100000000068,0.117032445643683,25,2.48148000000005,2.48100000000068,0.117032445643683,25,2.13407999999999,2.13599999999997,0.0974093253578575,25,0.347400000000052,0.324999999999818,0.0474622657136036,25,0,0,0,25
"pretrain","estimated_Z","mixture_identity_start","ifeval_min30","balanced_moderate_dense_signed_cross","Cross",200,500,5,"3-3-3-3-3",1.43195561992689,1.54210563436681,0.14105733156758,25,0.745843276530558,0.745843276530558,0,25,0.182537810935792,0.179281459579945,0.0190352762899769,25,0.364743752088012,0.365084048525906,0.00601976391941653,25,0.207968635979549,0.218043459395376,0.035293808300866,25,0.105055632899749,0.103408551311158,0.0136138683096362,25,0.0674669297053929,0.0689371439133859,0.0113298342590782,25,0.377161076333466,0.376493137330252,0.00872995929180433,25,0.129566169520905,0.129218220422516,0.00468306607877278,25,0.398809893391319,0.398150315672508,0.0092846358186026,25,0.0648068781593731,0.0649504147706999,0.000733581267337631,25,0.132358270243932,0.132016219227538,0.00457924229275471,25,1.05663547704045,1.05657969455185,0.00415497492518295,25,0.979455121165544,0.979016499207328,0.00210933775120988,25,3.7580399999996,3.70200000000477,0.206656413723425,25,3.7580399999996,3.70200000000477,0.206656413723425,25,3.25643999999942,3.22599999999875,0.194595966041945,25,0.50160000000018,0.488999999997759,0.0474464610551379,25,0,0,0,25
"pretrain","estimated_Z","mixture_identity_start","ifeval_min30","balanced_moderate_dense_signed_cross","Cross",400,1000,10,"2-2-2-2-2-2-2-2-2-2",1.4597186589841,1.41523669849576,0.150921944494361,25,0.579328975000393,0.579328975000393,0,25,0.170717149268129,0.165466031802526,0.0176169423124082,25,0.379676453756842,0.380042753999443,0.0020173816941746,25,0.469212562845366,0.473043556404354,0.0620808591944881,25,0.0466822482099732,0.0416656827568027,0.0235398242262449,25,0.22798275194701,0.230267261277769,0.0300455733957973,25,0.407224843064614,0.408374243906137,0.00629922951562401,25,0.158344909063588,0.159840559481971,0.00720512099559552,25,0.43695323770371,0.439521093128197,0.00822732959725883,25,0.060933470727821,0.0608774946545211,0.000314096925603474,25,0.114819494445946,0.114813675608775,0.00106031797828583,25,1.07281963317905,1.07336467858751,0.00324627463279367,25,0.980679785519031,0.980528242737399,0.00122594608674117,25,14.1336799999996,14.0170000000071,0.541988446986156,25,14.1336799999996,14.0170000000071,0.541988446986156,25,12.6517599999995,12.476999999999,0.460013974424615,25,1.4819200000001,1.52500000000146,0.331072741252185,25,0,0,0,25
"pretrain","estimated_Z","mixture_identity_start","ifeval_min30","balanced_moderate_dense_signed_cross","Cross",400,1000,10,"3-3-3-3-3-3-3-3-3-3",1.35308437335143,1.39249134535674,0.163184430081788,25,0.579328975000393,0.579328975000393,0,25,0.136827195987385,0.134379354472238,0.0142732990530848,25,0.373803959027991,0.37362150990443,0.00273697396267521,25,0.19576326932204,0.196900759059108,0.0299883022576099,25,0.0666395739822812,0.0630587623894435,0.0182750548130906,25,0.0618305184117784,0.0620649145148859,0.00841357140330445,25,0.352218360247662,0.352528662517539,0.00338364053227438,25,0.0965888367166625,0.0969593900949881,0.00298594171979967,25,0.365232395056297,0.365291374315862,0.00353914885424553,25,0.064146964403932,0.064212589616563,0.000307593243973812,25,0.115385746978686,0.115211878870408,0.00175640792175712,25,1.0460526424623,1.04579595550274,0.00151699846968688,25,0.981086408861444,0.981265355979626,0.00106418866832894,25,19.7589999999979,19.4869999999937,0.918923509694899,25,19.7589999999979,19.4869999999937,0.918923509694899,25,17.8548399999971,17.8349999999919,0.529039670851254,25,1.90416000000085,1.8289999999979,0.652113913871618,25,0,0,0,25
"pretrain","estimated_Z","mixture_identity_start","ifeval_min30","balanced_moderate_dense_signed_cross","Cross",400,1000,5,"2-2-2-2-2",1.38474548185967,1.5458968921726,0.404393836024183,25,0.745360614325595,0.745360614325595,0,25,0.183918852668797,0.179683629408608,0.0240754744182263,25,0.367528975124921,0.367056490562256,0.00267751856083572,25,0.434067721732938,0.448286606929445,0.122542946874637,25,0.0312186195245642,0.0311284646604121,0.00159802570762333,25,0.209903597662008,0.218036708110398,0.0598306559579119,25,0.334876372400304,0.335301431943936,0.00652626899766879,25,0.181200884600304,0.182816291641688,0.00860570937409323,25,0.380791715576988,0.38183310157942,0.00944276199226054,25,0.0421708431635707,0.0422342109422894,0.000259127457161937,25,0.0923303529678947,0.0924520822494571,0.00194644230803129,25,1.06087327369928,1.06158139916859,0.00349507833778047,25,0.990467251038427,0.990626513339013,0.00100259824383603,25,11.9563199999998,11.9650000000001,0.439254455488986,25,11.9563199999998,11.9650000000001,0.439254455488986,25,11.3822399999998,11.4250000000002,0.436749096545587,25,0.574079999999958,0.529000000000451,0.138816401528494,25,0,0,0,25
"pretrain","estimated_Z","mixture_identity_start","ifeval_min30","balanced_moderate_dense_signed_cross","Cross",400,1000,5,"3-3-3-3-3",1.3063823008441,1.26483814731527,0.29201369538683,25,0.745360614325595,0.745360614325595,0,25,0.129636830403316,0.123934816338946,0.0172984510772273,25,0.359989507636347,0.361323062854157,0.00482204989633883,25,0.183011838114143,0.180764639587828,0.0379419436937791,25,0.049316935926785,0.0485527762918594,0.00421779105824794,25,0.0579715345804633,0.0585886275997662,0.0117801329960627,25,0.257489125772237,0.257202561184067,0.00429092950671014,25,0.0971632153759783,0.0984915301075488,0.00381914913124526,25,0.275225623516732,0.274746250988758,0.00498691308670604,25,0.0453037116827487,0.0452819488830207,0.000295220226086508,25,0.0959578519727277,0.0959118972054592,0.0017388235205715,25,1.02763869871895,1.02759497760592,0.00186737207124206,25,0.990405306245073,0.990609620287446,0.0012603617262456,25,65.7877600000007,27.1349999999984,182.364705892312,25,65.7877600000007,27.1349999999984,182.364705892312,25,64.7545599999995,26.0910000000003,182.44494183088,25,1.03320000000123,1.02400000000125,0.201568019950603,25,0,0,0,25
"pretrain","estimated_Z","mixture_identity_start","ifeval_min30","balanced_moderate_dense_signed_cross","Cross",400,1500,10,"2-2-2-2-2-2-2-2-2-2",1.40293987540463,1.40705695230632,0.155935540845219,25,0.583088680632177,0.583088680632177,0,25,0.185590361333324,0.175131730780945,0.0257888360813235,25,0.378260937620425,0.37850625678142,0.00165726892200256,25,0.427539502035179,0.42342633556837,0.0828047835592379,25,0.0431128176696337,0.0380766175421954,0.0249980373060898,25,0.20724353500697,0.204949493208075,0.0402059581724605,25,0.395955564149968,0.394907367710262,0.00662603715012597,25,0.159537227849329,0.157652199015143,0.00717185157498785,25,0.426909836300703,0.426245308224997,0.00868750007618708,25,0.0580750778368221,0.0580340065765907,0.000269345302891837,25,0.0995780373403552,0.0994736449435655,0.00137710298503512,25,1.07105089100895,1.07073004678221,0.00357429081803868,25,0.9829650425913,0.982785375422485,0.000811530817607764,25,18.1168800000008,18.2309999999998,0.785236870843305,25,18.1168800000008,18.2309999999998,0.785236870843305,25,16.2630400000006,16.5060000000012,0.388968130657165,25,1.8538400000002,1.85900000000402,0.591770907248272,25,0,0,0,25
"pretrain","estimated_Z","mixture_identity_start","ifeval_min30","balanced_moderate_dense_signed_cross","Cross",400,1500,10,"3-3-3-3-3-3-3-3-3-3",1.40412319970175,1.41342671865803,0.188151936945421,25,0.583088680632177,0.583088680632177,0,25,0.137880090081394,0.136952726659593,0.0115415608458596,25,0.373021428999781,0.373671069030695,0.00314624211688238,25,0.188937782135111,0.189976610719398,0.0315958012052734,25,0.0606993513893305,0.0549137991098106,0.0270865436585374,25,0.0599435849511746,0.0604192918429306,0.00910673161330584,25,0.336689463840761,0.337200665873803,0.00450407588037633,25,0.0992117385147057,0.0994129114386613,0.00423518805265343,25,0.35101937429503,0.351504827217656,0.00508854582799417,25,0.0610268571830701,0.0610674467395789,0.000306519934164032,25,0.0989452342166277,0.0988222920160579,0.00168538838745375,25,1.04293685781968,1.04353630136266,0.0019332122204456,25,0.982762220969668,0.982623319357456,0.000800184086969996,25,23.7079200000031,23.6430000000109,0.870191115027102,25,23.7079200000031,23.6430000000109,0.870191115027102,25,21.6678400000022,21.6500000000087,0.638130908723779,25,2.04008000000089,1.90499999999884,0.633972917403062,25,0,0,0,25
"pretrain","estimated_Z","mixture_identity_start","ifeval_min30","balanced_moderate_dense_signed_cross","Cross",400,1500,5,"2-2-2-2-2",1.23394597911519,1.26408692590891,0.493210316019838,25,0.749289957829839,0.749289957829839,0,25,0.196770067438539,0.201749754831491,0.0250665515373246,25,0.364404323945536,0.364329379597403,0.002864155097372,25,0.391254473940601,0.411899360062965,0.151744586630734,25,0.028711528958791,0.028885719466501,0.0018388159727078,25,0.188739639625037,0.198661147196061,0.0740473853991118,25,0.332600364759922,0.334248674206978,0.00666599613642287,25,0.180592159757877,0.181050708913297,0.00819562328093789,25,0.378500519908317,0.379682125257791,0.00918710765696648,25,0.0408005996084953,0.0408230619274384,0.000285156249257597,25,0.0798469007040324,0.0799480169113482,0.00142973073228443,25,1.0604244014751,1.06080750877848,0.00341328760269941,25,0.990806758570272,0.990551702068047,0.00107500570019351,25,15.0968000000001,15.0859999999993,0.518008848058014,25,15.0968000000001,15.0859999999993,0.518008848058014,25,14.5160400000001,14.505000000001,0.506096456550672,25,0.580760000000009,0.540000000000873,0.0951114609285678,25,0,0,0,25
"pretrain","estimated_Z","mixture_identity_start","ifeval_min30","balanced_moderate_dense_signed_cross","Cross",400,1500,5,"3-3-3-3-3",1.32447821440322,1.54526738324008,0.366534453046202,25,0.749289957829839,0.749289957829839,0,25,0.131083444339603,0.126221931170218,0.0242762670283912,25,0.359613464480174,0.360122264893929,0.00406976380688539,25,0.188594288561255,0.195604689529469,0.0485807608577534,25,0.0450511526190336,0.044553771131816,0.00413697624672248,25,0.0590976042067717,0.0599546769078859,0.0132257065050557,25,0.247034498256092,0.246308059153071,0.00375846894332337,25,0.0974131875459884,0.097788428229159,0.00315904481839323,25,0.265559631876251,0.264387590446387,0.00415779652968514,25,0.0432862059537281,0.043241564874977,0.000295580201351625,25,0.0822002171267603,0.082515509013888,0.00205031810235349,25,1.02551257981713,1.02526008379932,0.00142137012352463,25,0.990790736755473,0.990476247252175,0.0010802077217026,25,24.1264799999993,24.0869999999995,0.798859766583219,25,24.1264799999993,24.0869999999995,0.798859766583219,25,23.0719199999989,23.0119999999952,0.767303662182799,25,1.05456000000035,1.20999999999913,0.239935595525431,25,0,0,0,25
"pretrain","estimated_Z","mixture_identity_start","ifeval_min30","balanced_moderate_dense_signed_cross","Cross",400,2000,10,"2-2-2-2-2-2-2-2-2-2",1.35546891278751,1.4096050841477,0.166400793563266,25,0.581019736017126,0.581019736017126,0,25,0.193236236598464,0.194059611227631,0.0262789453918071,25,0.377290987238956,0.377073864136612,0.00198635623914281,25,0.424719118187692,0.45349697555567,0.0842154340898357,25,0.0399761538574335,0.034953737132329,0.0253465601645922,25,0.205772674078462,0.218720681817412,0.0410319026366788,25,0.386808513953911,0.388127069411285,0.0069424095657882,25,0.157427056953154,0.156747882873516,0.00892332903407538,25,0.417659795318801,0.417875684865815,0.00952573487900903,25,0.0565427367938653,0.0565688098554205,0.000283500028501563,25,0.0896056059965765,0.0896045469287312,0.0016372720353666,25,1.06811158644772,1.06827599690904,0.00394338950488392,25,0.983627841789251,0.983401037219039,0.000838732538448595,25,21.9976399999994,22.1679999999978,0.907662101226411,25,21.9976399999994,22.1679999999978,0.907662101226411,25,20.3712800000006,20.5829999999987,0.748832620373122,25,1.62635999999882,1.61699999999837,0.361706704388975,25,0,0,0,25
"pretrain","estimated_Z","mixture_identity_start","ifeval_min30","balanced_moderate_dense_signed_cross","Cross",400,2000,10,"3-3-3-3-3-3-3-3-3-3",1.38398050745556,1.4241428352593,0.202304632846364,25,0.581019736017126,0.581019736017126,0,25,0.131374504970286,0.131373563904555,0.0119277765986292,25,0.372317607162141,0.372189019957736,0.00289058821313614,25,0.201832568380208,0.196220969034135,0.0369851628446247,25,0.0720602763052817,0.0543479623360326,0.0444088007326299,25,0.0637575809138471,0.0627821599943113,0.0107867691801274,25,0.328266159455947,0.329504847380899,0.0053661347938494,25,0.100669560928934,0.100247928126679,0.0039478558759169,25,0.343365550611969,0.344406628021342,0.00610125707829763,25,0.0595625848019384,0.0596310969079497,0.000325124454827443,25,0.0895415126151157,0.0897636882165921,0.00197965856591287,25,1.04144925253658,1.04176299800178,0.00218508508841959,25,0.983796651287138,0.983801445149727,0.000910912536983807,25,28.5754000000027,28.5590000000084,0.897186063940801,25,28.5754000000027,28.5590000000084,0.897186063940801,25,26.6114800000004,26.9349999999977,0.956402291574726,25,1.96392000000225,1.99099999999453,0.471299349315681,25,0,0,0,25
"pretrain","estimated_Z","mixture_identity_start","ifeval_min30","balanced_moderate_dense_signed_cross","Cross",400,2000,5,"2-2-2-2-2",1.29499482796625,1.54606544460789,0.386220979217273,25,0.74785852175892,0.74785852175892,0,25,0.205975359088383,0.199708449756051,0.0337995147739782,25,0.362522881866895,0.362376576576962,0.00320269314027659,25,0.411843816897467,0.466046778135791,0.122474287414311,25,0.0267288458404252,0.0269372815328144,0.00175706666656973,25,0.198830319760537,0.225457867425406,0.0593506897603805,25,0.333294266162945,0.333230654185084,0.00816497161964938,25,0.180740979357072,0.177544472605031,0.0111138528572645,25,0.379203566986405,0.377346177304875,0.0120589424047383,25,0.0399477663312036,0.0399470139284215,0.000249519184984801,25,0.0727083986826351,0.0725487675666059,0.00134805475381008,25,1.06121677699287,1.06059978491393,0.00439666556367286,25,0.99133318469917,0.991213431101912,0.000752221967629054,25,18.3934800000002,18.3050000000003,0.597252188498441,25,18.3934800000002,18.3050000000003,0.597252188498441,25,17.81408,17.652,0.602756440584888,25,0.579400000000242,0.56800000000112,0.051768716422149,25,0,0,0,25
"pretrain","estimated_Z","mixture_identity_start","ifeval_min30","balanced_moderate_dense_signed_cross","Cross",400,2000,5,"3-3-3-3-3",1.37006722679414,1.26507783345428,0.372567049302129,25,0.74785852175892,0.74785852175892,0,25,0.133839210302532,0.125854870100412,0.0246324403806011,25,0.360510747860089,0.360255221408543,0.00285799505679672,25,0.188210690583572,0.187426664298941,0.0468206827393627,25,0.0448814910097822,0.0455648983463809,0.00348578084924631,25,0.059747331750852,0.0597992553991074,0.0133041623403763,25,0.2438317270091,0.243847823833387,0.00476323666560364,25,0.09949235564354,0.0993901524615923,0.00403842026591027,25,0.263364408173069,0.26285286370304,0.00552134180319981,25,0.0424659210061183,0.0424291431165885,0.000293810392203655,25,0.0750818390665668,0.0748635591677884,0.00209584951049213,25,1.02544368241529,1.025053238325,0.00158639249618276,25,0.991268282993402,0.991148372116703,0.000736834448674219,25,29.0215200000009,28.7170000000042,0.916785831043053,25,29.0215200000009,28.7170000000042,0.916785831043053,25,28.2297600000008,27.9429999999993,0.899777809610201,25,0.791760000000068,0.777000000001863,0.0739291778212211,25,0,0,0,25
"pretrain","estimated_Z","mixture_identity_start","ifeval_min30","balanced_moderate_dense_signed_cross","Cross",400,500,10,"2-2-2-2-2-2-2-2-2-2",1.45210334334673,1.47798649575624,0.105304136415764,25,0.568776528188644,0.568776528188644,0,25,0.16328346910868,0.16008915220934,0.014130570325096,25,0.382987064993465,0.382970191339683,0.00190653537121344,25,0.440571475295345,0.458565802397081,0.056409744799924,25,0.0615698059483051,0.0571888541991033,0.024648479796091,25,0.214418388022566,0.222691236111318,0.0278399475419893,25,0.432333087625201,0.432479884653945,0.00468731899493826,25,0.13503580848854,0.13453803806232,0.00515917839637611,25,0.452954109549791,0.453748512849058,0.0051828472600111,25,0.0693086806364465,0.0692728418893499,0.000514822127108164,25,0.154902542905683,0.15447776884388,0.00200275688896264,25,1.07447310706224,1.07462802320386,0.00238366916272243,25,0.975779401029083,0.975827175543172,0.00146685113121187,25,9.80788000000175,9.67900000000373,0.5859271371077,25,9.80788000000175,9.67900000000373,0.5859271371077,25,8.23840000000084,8.2019999999975,0.356553642527528,25,1.56948000000091,1.4429999999993,0.464241596584865,25,0,0,0,25
"pretrain","estimated_Z","mixture_identity_start","ifeval_min30","balanced_moderate_dense_signed_cross","Cross",400,500,10,"3-3-3-3-3-3-3-3-3-3",1.3717183617871,1.39536035757193,0.11317440854834,25,0.568776528188644,0.568776528188644,0,25,0.135613101423032,0.138037190920301,0.0126737563585172,25,0.373567936020975,0.373490255977056,0.00220031364000185,25,0.202684155500852,0.207296348790109,0.0288354443309308,25,0.0918329394204726,0.0854422922556494,0.0214156468083936,25,0.0647968662050038,0.0667294563751478,0.00932115246807191,25,0.413652405341205,0.412001414819785,0.00831461876425561,25,0.0957342809525318,0.0965213177460835,0.0038974279912539,25,0.424598940935888,0.423752447097938,0.00854243495255325,25,0.0722969875316616,0.0721121620063994,0.000726982995002711,25,0.157701289090268,0.157123500813847,0.0033038271668916,25,1.06349527143034,1.06290683623748,0.00371924185350367,25,0.976550260271942,0.976451685236373,0.00151888455339324,25,12.6430799999996,12.5329999999813,0.718766067647866,25,12.6430799999996,12.5329999999813,0.718766067647866,25,11.1050800000015,11.0880000000034,0.630714470528478,25,1.53799999999814,1.44699999998556,0.357763422763819,25,0,0,0,25
"pretrain","estimated_Z","mixture_identity_start","ifeval_min30","balanced_moderate_dense_signed_cross","Cross",400,500,5,"2-2-2-2-2",1.34118475181063,1.54572661792918,0.549197061459418,25,0.745843276530558,0.745843276530558,0,25,0.179560300046117,0.177350065387381,0.0226732685698048,25,0.370498400203181,0.3706461169823,0.00302429936981072,25,0.401525882129891,0.473628887577491,0.189630489302655,25,0.0402065085837082,0.0403316280598947,0.00221179736553844,25,0.193847286399994,0.230624143836004,0.093078086080552,25,0.337023885626065,0.33778075408729,0.00637181485445256,25,0.154720677452021,0.151735812638257,0.009144039473518,25,0.370892015989737,0.369540646649253,0.00923900990747658,25,0.0470453069695262,0.0469779365504373,0.000418818520547589,25,0.122738645299233,0.123069481807063,0.00230327268767028,25,1.05431216649005,1.05448682493368,0.00331693419210528,25,0.98739161107541,0.987234379904176,0.00131272652092355,25,8.03324000000008,8.11800000000039,0.44027730655426,25,8.03324000000008,8.11800000000039,0.44027730655426,25,7.35632000000001,7.39400000000023,0.372336398077675,25,0.676920000000064,0.667000000000371,0.19178197690765,25,0,0,0,25
"pretrain","estimated_Z","mixture_identity_start","ifeval_min30","balanced_moderate_dense_signed_cross","Cross",400,500,5,"3-3-3-3-3",1.32817519100745,1.2662222858099,0.242533628220335,25,0.745843276530558,0.745843276530558,0,25,0.133441481452701,0.13266760657194,0.0184067431231756,25,0.361656022898171,0.3619752014845,0.00389022940492579,25,0.189321163401465,0.183566447163089,0.0372629755090802,25,0.0625552829418298,0.0598988191300664,0.00677394428986462,25,0.0606131983198764,0.0586305270942537,0.0119199039064392,25,0.29138101993554,0.290960102877372,0.00493148783830449,25,0.0926899356797057,0.0935458600372313,0.00347306862359946,25,0.30578309973081,0.305642454048024,0.00519869583466574,25,0.0502291416688284,0.0501998729065835,0.000411181424291147,25,0.12747843923946,0.127578770848725,0.00298147662759731,25,1.03290354579698,1.03261950723974,0.0020102144936509,25,0.987099211095825,0.98693616289068,0.00194811306975175,25,17.2197600000005,17.2680000000037,0.872069964700947,25,17.2197600000005,17.2680000000037,0.872069964700947,25,16.0042800000001,15.9239999999991,0.709544837672072,25,1.21548000000039,1.02900000000227,0.525336647620687,25,0,0,0,25
"pretrain","oracle_Z","fastica_only","ifeval_min30","balanced_moderate_dense_signed_cross","Cross",100,1000,10,"2-2-2-2-2-2-2-2-2-2",1.40063021358353,1.41774941578346,0.0634715132191378,25,0.579328975000393,0.579328975000393,0,25,0.19477901579615,0.193168766303301,0.0317991625412648,25,0.386517217484781,0.386071760149778,0.00390254962111555,25,0.462481448373494,0.467921672230671,0.0945748489388431,25,0.210369919429475,0.175810130855071,0.116304253629576,25,0.208377187556484,0.206091985584934,0.0418071521620225,25,0.706786463906576,0.698156066696333,0.0267519510487588,25,0.221568698041698,0.220369809123347,0.00840112796734348,25,0.740721577927171,0.731527676373428,0.0275025284658501,25,0.111126495292446,0.110936957298058,0.00136279782377071,25,0.137561588158752,0.137342769692898,0.00548569284594712,25,1.19181203480549,1.18730220244246,0.0175957698972726,25,0.938319581939339,0.938249520214605,0.00245072886878339,25,0.0700800000020536,0.0679999999993015,0.0131336717392171,25,0.0700800000020536,0.0679999999993015,0.0131336717392171,25,0.0112400000006892,0.010999999998603,0.000435889894665432,25,0.0588400000013644,0.0570000000006985,0.0130661139340242,25,0,0,0,25
"pretrain","oracle_Z","fastica_only","ifeval_min30","balanced_moderate_dense_signed_cross","Cross",100,1000,10,"3-3-3-3-3-3-3-3-3-3",1.41810103892212,1.41097201131332,0.0619226974213678,25,0.579326730858695,0.579328975000393,8.71836223361438e-06,25,0.207039669028342,0.206186888329365,0.038934597886288,25,0.373253030903817,0.373189131140286,0.00580255102819833,25,0.51587209383817,0.503485067232749,0.0541183256800158,25,0.354169419261319,0.345853245121528,0.034914995060768,25,0.257115342781045,0.261224243767214,0.024311788403902,25,0.780762138697338,0.78199204262316,0.0268376809675444,25,0.240973346819714,0.241126827126966,0.0141030823105794,25,0.817139427696907,0.818568297679695,0.0292834305443309,25,0.117919710978672,0.118170615819202,0.000952751589448159,25,0.144001043989406,0.144204703317444,0.00639345750817457,25,1.24100674116261,1.24076302690834,0.0181623081839152,25,0.938840688370483,0.938759062289148,0.00234478463324848,25,0.108880000001518,0.110000000000582,0.0100429079451169,25,0.108880000001518,0.110000000000582,0.0100429079451169,25,0.0112400000015623,0.011000000005879,0.000435889894164667,25,0.0976399999999558,0.0990000000019791,0.00996610923752567,25,0,0,0,25
"pretrain","oracle_Z","fastica_only","ifeval_min30","balanced_moderate_dense_signed_cross","Cross",100,1000,5,"2-2-2-2-2",1.3903055036422,1.39811847198818,0.14675620813448,25,0.745357306184109,0.745360614325595,1.65407074307788e-05,25,0.179954529304616,0.17066528476845,0.0360404734142534,25,0.3787769288917,0.378846478778808,0.00634578552362091,25,0.435505312234988,0.423919394329732,0.116666775201642,25,0.102048347036589,0.0839658125412,0.0484317130802611,25,0.209957334711371,0.206393681410433,0.0573568917681112,25,0.460400244298196,0.458052829954951,0.0100375141260055,25,0.21043114529708,0.209013095154886,0.0102380380220136,25,0.506273232942697,0.501898392923379,0.0118326796109477,25,0.0760164815580854,0.0757128984315994,0.00103120160891891,25,0.101742450299413,0.101549268785781,0.00565530610807132,25,1.09021160249677,1.0905135183903,0.00631610562531611,25,0.966876670162941,0.96715810393873,0.00262273215696896,25,0.0348799999999983,0.0330000000000155,0.00620698531225712,25,0.0348799999999983,0.0330000000000155,0.00620698531225712,25,0.0109999999999945,0.0109999999999673,0.000408248290465812,25,0.0238800000000037,0.0219999999999345,0.00635295206970484,25,0,0,0,25
"pretrain","oracle_Z","fastica_only","ifeval_min30","balanced_moderate_dense_signed_cross","Cross",100,1000,5,"3-3-3-3-3",1.37200982455383,1.38219291108427,0.10904678057996,25,0.745360614325595,0.745360614325595,0,25,0.207289213577947,0.20501846692946,0.0537284299741902,25,0.360873453385864,0.360194935119183,0.00729453919184306,25,0.443263973811439,0.443259854223137,0.0571965681808673,25,0.33832918286722,0.33953105405652,0.0276770105632947,25,0.191319189438905,0.1862859793069,0.0271548463461654,25,0.4926441411123,0.493521014764611,0.0182414676421916,25,0.191397844304266,0.191231743649556,0.00932092107978949,25,0.528545803765562,0.528942454166196,0.0197263408254545,25,0.083760641364169,0.0836747978619678,0.00099208432314754,25,0.111702310493349,0.113269530356179,0.00649223540486803,25,1.10048556440347,1.10092246408735,0.00991989027642554,25,0.96675803763654,0.966397242014245,0.00205064915221567,25,0.0703599999996368,0.0669999999990978,0.00911445738038165,25,0.0703599999996368,0.0669999999990978,0.00911445738038165,25,0.0109999999999854,0.011000000000422,0.000408248290547034,25,0.0593599999996513,0.0559999999986758,0.009054832963705,25,0,0,0,25
"pretrain","oracle_Z","fastica_only","ifeval_min30","balanced_moderate_dense_signed_cross","Cross",100,1500,10,"2-2-2-2-2-2-2-2-2-2",1.41318153276495,1.40368212623862,0.0797225611054844,25,0.583088480862063,0.583088680632177,9.9885057054383e-07,25,0.205432629339164,0.205649186240835,0.0324961843922071,25,0.388162585803466,0.387755989462013,0.00474634875029426,25,0.469704946446449,0.472531851436318,0.0849644319106716,25,0.246510411616136,0.205109682576964,0.14346502294654,25,0.206839187193344,0.212090226039473,0.0365636481332366,25,0.675160206971822,0.673380459117128,0.0169595209962477,25,0.217301007974062,0.217992953743603,0.00729620940375926,25,0.709288955227445,0.707985223474493,0.0176019873481092,25,0.108373925367094,0.10842859361821,0.000845603611049999,25,0.124095098401241,0.123419121989577,0.00441602484091409,25,1.1744616277353,1.17319207238932,0.0110149867600196,25,0.940224167327969,0.940636779905809,0.00167572155838761,25,0.077159999999858,0.0730000000039581,0.0262879566861832,25,0.077159999999858,0.0730000000039581,0.0262879566861832,25,0.0159599999999045,0.0160000000032596,0.000454606056685486,25,0.0611999999999534,0.0570000000006985,0.0261629509045695,25,0,0,0,25
"pretrain","oracle_Z","fastica_only","ifeval_min30","balanced_moderate_dense_signed_cross","Cross",100,1500,10,"3-3-3-3-3-3-3-3-3-3",1.41414783206313,1.42728829180714,0.0612514641117207,25,0.583087719262915,0.583088680632177,4.80684630754791e-06,25,0.208305050596888,0.207978274731742,0.047322244421227,25,0.375208479760247,0.375271917931578,0.00470857176151475,25,0.514606953710773,0.509254878183239,0.0465618575009185,25,0.355770646735319,0.346695224553963,0.0307794130821732,25,0.259042312752834,0.259961876146575,0.0199408091863054,25,0.755969990880082,0.755895202065734,0.0242493500611439,25,0.235903822869503,0.234916766953279,0.0121357023276054,25,0.791950436944159,0.791033191112161,0.0262527811826242,25,0.115883840008274,0.116018552130549,0.000949186321473313,25,0.12747171355896,0.125838104743417,0.00656785993224657,25,1.22611312022203,1.22531512159206,0.0169571596696688,25,0.940198452105276,0.94066143020525,0.00202770757799338,25,0.125519999999669,0.124000000003434,0.017141859097184,25,0.125519999999669,0.124000000003434,0.017141859097184,25,0.0159200000000419,0.0160000000032596,0.00040000000017244,25,0.109599999999627,0.108000000000175,0.017124543789559,25,0,0,0,25
"pretrain","oracle_Z","fastica_only","ifeval_min30","balanced_moderate_dense_signed_cross","Cross",100,1500,5,"2-2-2-2-2",1.38594305327624,1.41876235966427,0.302729253343025,25,0.749289957829839,0.749289957829839,0,25,0.189144057942819,0.171866077076871,0.0646094347124989,25,0.373127912227875,0.374075197574435,0.0067368691659143,25,0.425065368889375,0.44806865475571,0.157265257945343,25,0.102228289380697,0.0871064872272442,0.0454834563606413,25,0.202667380046215,0.218474806809178,0.076219439806679,25,0.446737625156551,0.448344869337992,0.0119925876587273,25,0.208767132732985,0.211201677530987,0.011238931507426,25,0.49315713347032,0.496201725600572,0.0149162054623028,25,0.0747272914301649,0.074533079777729,0.000875037506134782,25,0.0889439992376298,0.0897233845743237,0.00443908595157655,25,1.08539448529631,1.08749017780577,0.00649896455853584,25,0.968019978672067,0.968545724950885,0.00232934438530845,25,0.0449599999999828,0.04099999999994,0.0109600790751369,25,0.0449599999999828,0.04099999999994,0.0109600790751369,25,0.0156800000000203,0.0160000000000764,0.000476095228593288,25,0.0292799999999625,0.025000000000091,0.010849423947826,25,0,0,0,25
"pretrain","oracle_Z","fastica_only","ifeval_min30","balanced_moderate_dense_signed_cross","Cross",100,1500,5,"3-3-3-3-3",1.43022534112241,1.43094259804338,0.100119007869287,25,0.749289957829839,0.749289957829839,0,25,0.192065016571775,0.190559650113783,0.0387187697653649,25,0.361797637495326,0.363041648677282,0.00578685443093745,25,0.443180907576685,0.445291020348087,0.0528906596001399,25,0.338917794731272,0.348816604812159,0.0294108406082415,25,0.177440106669932,0.167336579926488,0.042611043052194,25,0.472721370792852,0.47224490821853,0.0152110823139497,25,0.188447900699497,0.188510068489848,0.00745902933668727,25,0.508922709857365,0.507225262287374,0.0161798051791859,25,0.0817868881626037,0.0817930520897878,0.000809298901926069,25,0.0960358873876232,0.095849124997704,0.00495853768819251,25,1.0923815936821,1.09201380984561,0.0068418783073102,25,0.967794753997068,0.968542196335143,0.00203858561785743,25,0.0805999999997584,0.0759999999991123,0.0159608896999405,25,0.0805999999997584,0.0759999999991123,0.0159608896999405,25,0.0157599999996455,0.0159999999996217,0.0004358898944846,25,0.0648400000001129,0.0609999999996944,0.01589989517796,25,0,0,0,25
"pretrain","oracle_Z","fastica_only","ifeval_min30","balanced_moderate_dense_signed_cross","Cross",100,2000,10,"2-2-2-2-2-2-2-2-2-2",1.39796697742548,1.41197681599925,0.062302984128006,25,0.581019736017126,0.581019736017126,0,25,0.195396948527518,0.190566299369566,0.036920644629687,25,0.386658951265448,0.387070856049458,0.00450112333178335,25,0.456806241453108,0.461351353643555,0.0647226263899745,25,0.232990353094303,0.203542205333368,0.112911502094918,25,0.198678391629472,0.195542410388327,0.0330998263933908,25,0.651524063305905,0.64829988761496,0.014186499488825,25,0.214367150084675,0.214181205521949,0.00654101956142582,25,0.685907115454371,0.681637268758857,0.0145268826802423,25,0.106909077923583,0.106657350551436,0.000978161807457721,25,0.113681427517083,0.113230925427703,0.00552446336723217,25,1.16177076834937,1.15927621643214,0.00871663345707974,25,0.94129023078453,0.941396695493697,0.00161082451223676,25,0.082400000001071,0.0829999999987194,0.0185831464878995,25,0.082400000001071,0.0829999999987194,0.0185831464878995,25,0.0206800000002841,0.0210000000006403,0.000556776436222193,25,0.061720000000787,0.0619999999980791,0.0186402789688723,25,0,0,0,25
"pretrain","oracle_Z","fastica_only","ifeval_min30","balanced_moderate_dense_signed_cross","Cross",100,2000,10,"3-3-3-3-3-3-3-3-3-3",1.41882107386001,1.42305463081008,0.0632755214769368,25,0.581018851424452,0.581019736017126,4.42296336988779e-06,25,0.207197782117062,0.200492722377705,0.0342662977191964,25,0.373530440433356,0.373578776865705,0.00441207147640357,25,0.508815735965115,0.505973090258258,0.0615337190672904,25,0.375517081901079,0.356871496446478,0.0610909005626095,25,0.247790642135388,0.242983874445022,0.023649855326348,25,0.723912344121375,0.722345992456275,0.0207709402074539,25,0.225570496927262,0.224238954680296,0.00878401564350875,25,0.75825942986888,0.758121206029914,0.0219377747524673,25,0.114390955922827,0.114351910112784,0.00076123771072204,25,0.115608483022746,0.11411084482696,0.00608709665245273,25,1.20562006258951,1.20556129264715,0.013893701196134,25,0.940879636799295,0.941009051213551,0.00125041599202094,25,0.131320000001288,0.13300000000163,0.0115676272414145,25,0.131320000001288,0.13300000000163,0.0115676272414145,25,0.0208400000008987,0.0210000000006403,0.000553774923300046,25,0.110480000000389,0.11200000000099,0.0115221525765277,25,0,0,0,25
"pretrain","oracle_Z","fastica_only","ifeval_min30","balanced_moderate_dense_signed_cross","Cross",100,2000,5,"2-2-2-2-2",1.42254091541789,1.41276330308931,0.130546737197582,25,0.74785852175892,0.74785852175892,0,25,0.183435816023752,0.1746739844838,0.0458848080538297,25,0.374154435494662,0.37425396397761,0.00583098763168875,25,0.467857255509345,0.477313412399303,0.150374114442486,25,0.136197495239198,0.0866205712488012,0.143857681662125,25,0.215285301688839,0.228117833992837,0.0729020350898807,25,0.440919119909942,0.439451741831334,0.00926549232407793,25,0.207600419066279,0.207484076324286,0.0123359079469566,25,0.487425246128951,0.486865408312241,0.0126135157648351,25,0.0741967253117954,0.0741519683175513,0.000691057649347318,25,0.0805924473599935,0.0812432378103017,0.00483802747017865,25,1.0835096001322,1.08324961034252,0.00593628519763851,25,0.968742076626734,0.968680559458818,0.00158843373019051,25,0.0556400000000576,0.0500000000001819,0.0106961052101796,25,0.0556400000000576,0.0500000000001819,0.0106961052101796,25,0.0204400000000078,0.0199999999999818,0.00050662280514893,25,0.0352000000000498,0.0289999999999964,0.0105987420637242,25,0,0,0,25
"pretrain","oracle_Z","fastica_only","ifeval_min30","balanced_moderate_dense_signed_cross","Cross",100,2000,5,"3-3-3-3-3",1.3656144416626,1.34586894811333,0.15274476744434,25,0.747854859224565,0.74785852175892,1.17357133086088e-05,25,0.1875523570018,0.188976501645366,0.0421335481461116,25,0.361660398652543,0.35960880411737,0.0090907162046886,25,0.413487975125757,0.413031340586871,0.0458661077760625,25,0.330426273511096,0.339978389364133,0.0374238084208398,25,0.171842046588218,0.184858928570932,0.0408892468403129,25,0.46792646924484,0.467423317706255,0.0103362368980989,25,0.189066570651887,0.190329074934855,0.00600598895339362,25,0.504707243865822,0.505037669948885,0.0106624367931886,25,0.0812246505584188,0.0811957642759893,0.000778740570257728,25,0.0890158860381729,0.0894709079303827,0.00493870613575987,25,1.09114217648877,1.09114181651732,0.00418975392422926,25,0.968595432758312,0.968479033860645,0.00211982784624081,25,0.100440000000235,0.0980000000017753,0.0145404034795872,25,0.100440000000235,0.0980000000017753,0.0145404034795872,25,0.0208800000001793,0.0210000000006403,0.000525991127650544,25,0.0795600000000559,0.077000000001135,0.0143645396726916,25,0,0,0,25
"pretrain","oracle_Z","fastica_only","ifeval_min30","balanced_moderate_dense_signed_cross","Cross",100,500,10,"2-2-2-2-2-2-2-2-2-2",1.39608343068155,1.40082535486921,0.0765055773979454,25,0.568776528188644,0.568776528188644,0,25,0.207411892428415,0.20087637667592,0.0363085705322364,25,0.385971633234608,0.386717071415764,0.00408535156924176,25,0.452187943041792,0.448131640062628,0.0666543550339968,25,0.212752173169394,0.192592512747341,0.113922795981104,25,0.205560407234101,0.209545761155787,0.0309621254414026,25,0.826445998759809,0.829034310753819,0.0303308366396535,25,0.242370090844606,0.24432458396959,0.0124884011511526,25,0.861288967596766,0.863512281267597,0.0317943771268428,25,0.118184666938286,0.118473449429707,0.00125860818750983,25,0.179512425829394,0.177526488318524,0.00708160131854482,25,1.26522891218357,1.26944766273685,0.0216369131380674,25,0.934084257082276,0.933751789189018,0.00279673662240344,25,0.0640400000003865,0.0600000000049477,0.0150068873061579,25,0.0640400000003865,0.0600000000049477,0.0150068873061579,25,0.00652000000001863,0.00600000000122236,0.000585946528262215,25,0.0575200000003679,0.0540000000037253,0.0150474804085706,25,0,0,0,25
"pretrain","oracle_Z","fastica_only","ifeval_min30","balanced_moderate_dense_signed_cross","Cross",100,500,10,"3-3-3-3-3-3-3-3-3-3",1.42174649343936,1.43890319226948,0.0714609633406086,25,0.568772743890378,0.568776528188644,1.89214913331348e-05,25,0.210348569716763,0.197741963442112,0.0511369136000197,25,0.373432543121895,0.374258775893314,0.00563948720119815,25,0.515963042591106,0.507388112629562,0.0470446394809505,25,0.365594477593016,0.35413921793453,0.0433729655636949,25,0.239622943489763,0.242757307365101,0.0244236254536061,25,0.872807183776602,0.869512069254311,0.0122580589400124,25,0.251949368893429,0.250522414813618,0.00920845070062446,25,0.908483610251335,0.909642971244183,0.0126675353139498,25,0.124543650090022,0.124701992348367,0.000975016357186578,25,0.183389880040657,0.183090785592609,0.00771702907484043,25,1.29692256799786,1.29703077350279,0.00975110614859836,25,0.933804011250893,0.933563689734113,0.00272870237653356,25,0.105560000000114,0.105000000003201,0.0199375692270754,25,0.105560000000114,0.105000000003201,0.0199375692270754,25,0.00632000000070548,0.00600000000122236,0.000476095229074052,25,0.0992399999994086,0.0990000000019791,0.0199797397386731,25,0,0,0,25
"pretrain","oracle_Z","fastica_only","ifeval_min30","balanced_moderate_dense_signed_cross","Cross",100,500,5,"2-2-2-2-2",1.44498009874155,1.42224617407084,0.0954806049165866,25,0.745843276530558,0.745843276530558,0,25,0.186622650909651,0.166701600087814,0.0571952813571445,25,0.376442932582228,0.377029106276789,0.00777555901832274,25,0.425138608472989,0.440309159206191,0.164481456939331,25,0.172771974031755,0.0910867365526065,0.173023056652295,25,0.19337534710241,0.207314874383466,0.0727651900441223,25,0.495702991416488,0.495209468893965,0.015175244723843,25,0.207125478864037,0.206655591263634,0.0102475881561973,25,0.53731025831237,0.53518039667102,0.015876970909002,25,0.0795301520147517,0.0794240863266863,0.00128382253212516,25,0.133115590792111,0.131669609403275,0.00597006658397694,25,1.1029067075602,1.1017987885178,0.00765448608855102,25,0.965020327312643,0.965297846651056,0.00298405128178146,25,0.0302400000000009,0.0269999999999868,0.00778502836646322,25,0.0302400000000009,0.0269999999999868,0.00778502836646322,25,0.00631999999999777,0.00600000000000023,0.000476095228573345,25,0.0239200000000031,0.0200000000000102,0.00759341820262901,25,0,0,0,25
"pretrain","oracle_Z","fastica_only","ifeval_min30","balanced_moderate_dense_signed_cross","Cross",100,500,5,"3-3-3-3-3",1.36303802290966,1.38564002459519,0.124952715479374,25,0.745843276530558,0.745843276530558,0,25,0.184474156882926,0.189607258455687,0.0410749049602454,25,0.363735370021489,0.363551813578572,0.00757860273079626,25,0.437060101371921,0.439393242984779,0.0417536757541618,25,0.340410360203752,0.342575751129169,0.0326453473271231,25,0.173002666669723,0.168266031250517,0.03090453315043,25,0.548720366308802,0.545280536325081,0.0159567275008504,25,0.200343332070618,0.201729559345612,0.00721170872221843,25,0.584189723642426,0.582709203425275,0.0160798384770864,25,0.0874107538706294,0.0874850435632684,0.00130800527109305,25,0.142696969507666,0.142784942070988,0.00665157011394826,25,1.12572085753137,1.12498084406168,0.00844651676483682,25,0.96447514303628,0.965473763620456,0.0037606066130912,25,0.0647599999998783,0.0609999999996944,0.0094352177153534,25,0.0647599999998783,0.0609999999996944,0.0094352177153534,25,0.00631999999990512,0.00599999999940337,0.000476095228679252,25,0.0584399999999732,0.0540000000000873,0.00934112769779273,25,0,0,0,25
"pretrain","oracle_Z","fastica_only","ifeval_min30","balanced_moderate_dense_signed_cross","Cross",200,1000,10,"2-2-2-2-2-2-2-2-2-2",1.38897507693591,1.40565596735248,0.0754115050078051,25,0.579328975000393,0.579328975000393,0,25,0.142752092225993,0.143663248151824,0.0212165389233687,25,0.387046611543882,0.386744909418388,0.00291344231629558,25,0.436648161753569,0.427862416038998,0.0899978599479345,25,0.0626956558896361,0.0523230094943693,0.0459626607798645,25,0.209167714926513,0.207442225937808,0.0427684745901396,25,0.483727708440423,0.484635256387348,0.00474222996012836,25,0.167970354513414,0.167798783014526,0.0063060034220949,25,0.512088490327924,0.51135059376558,0.00574440209759605,25,0.080428856876641,0.0805023803625629,0.00050568622618208,25,0.121358052151655,0.121028724327487,0.00249348023503188,25,1.09231687753459,1.09242159162675,0.00295240196510838,25,0.966665932110543,0.966322223469791,0.001199956432913,25,0.106399999999558,0.10399999999936,0.010012492198394,25,0.106399999999558,0.10399999999936,0.010012492198394,25,0.0490800000002491,0.0489999999990687,0.00027688746180331,25,0.0573199999993085,0.055000000000291,0.00999049548371395,25,0,0,0,25
"pretrain","oracle_Z","fastica_only","ifeval_min30","balanced_moderate_dense_signed_cross","Cross",200,1000,10,"3-3-3-3-3-3-3-3-3-3",1.41206428237572,1.4188983875329,0.0657281791616917,25,0.579328975000393,0.579328975000393,0,25,0.147463431976759,0.145434393212328,0.0280267192117668,25,0.373271988757107,0.373671263975916,0.00531152082700371,25,0.414936538891492,0.416476958378529,0.0463058504881715,25,0.343486398282095,0.350387404702668,0.04153030985686,25,0.164303383977504,0.164002336921183,0.0226158741262987,25,0.482034172023129,0.483124419288171,0.0100520280903903,25,0.137801620491407,0.136877088217379,0.00574292262239755,25,0.501359269747574,0.502019724930937,0.0108865215824496,25,0.0855374822852695,0.0855911481724958,0.000591659592482784,25,0.125277908701028,0.125703409787796,0.0037514008603988,25,1.08770111141623,1.08806088284653,0.00550584756731483,25,0.967105876737504,0.966952736318906,0.0014821584612808,25,0.186000000000931,0.187999999994645,0.0268669561587419,25,0.186000000000931,0.187999999994645,0.0268669561587419,25,0.0485600000002887,0.0489999999990687,0.000506622804911065,25,0.137440000000643,0.138999999995576,0.0267909810663461,25,0,0,0,25
"pretrain","oracle_Z","fastica_only","ifeval_min30","balanced_moderate_dense_signed_cross","Cross",200,1000,5,"2-2-2-2-2",1.44924525490266,1.42182165408334,0.0864689058982192,25,0.745360614325595,0.745360614325595,0,25,0.127188487820582,0.124759119636743,0.0317625728960165,25,0.377869405282904,0.378089204119576,0.00481569805683298,25,0.469593014501845,0.494236621327537,0.0808631944321615,25,0.0529787149503073,0.045503796372099,0.0346558754043972,25,0.226999294063786,0.238096574277753,0.0385461257214106,25,0.367510897378608,0.366636807539348,0.00938148842914368,25,0.18598912668843,0.186303138345268,0.0119345322212567,25,0.411958855236675,0.411717200909254,0.0132029076480946,25,0.0556453139650116,0.055713973813323,0.000590358928377402,25,0.0957211908418692,0.095918295197511,0.00264790424626169,25,1.06446129317694,1.06381457318076,0.00571020811036279,25,0.982071023480152,0.982072751442364,0.00165296486025681,25,0.0818799999999828,0.081000000000131,0.00419642705156843,25,0.0818799999999828,0.081000000000131,0.00419642705156843,25,0.0494800000000032,0.0489999999999782,0.00161038297717478,25,0.0323999999999796,0.0320000000001528,0.00377491721757422,25,0,0,0,25
"pretrain","oracle_Z","fastica_only","ifeval_min30","balanced_moderate_dense_signed_cross","Cross",200,1000,5,"3-3-3-3-3",1.38180770284766,1.39254763960627,0.144919584359351,25,0.745360614325595,0.745360614325595,0,25,0.136478513284407,0.130645975826453,0.0354296584160644,25,0.3622840239908,0.362145567965089,0.00471108544619041,25,0.287801087679642,0.28775719874968,0.074608857483282,25,0.212358912480567,0.210120123092937,0.0894717261313928,25,0.0981781145745512,0.092144807674032,0.0293966529785635,25,0.33287185473199,0.33306676229353,0.00546245240978388,25,0.128595313982097,0.127691915422542,0.00394253238751401,25,0.356861617548886,0.357880148422694,0.00593182108237661,25,0.0602823288752034,0.0602868069643936,0.000564714190698347,25,0.100494563135998,0.100019987621166,0.00367244736541427,25,1.04487342045813,1.04548221882902,0.00227942857409746,25,0.982680213944123,0.982500931865109,0.00117379355146592,25,0.17899999999936,0.174999999999272,0.0606430814965025,25,0.17899999999936,0.174999999999272,0.0606430814965025,25,0.0689599999999336,0.0740000000005239,0.0143569959719692,25,0.110039999999426,0.0999999999985448,0.0559601644033373,25,0,0,0,25
"pretrain","oracle_Z","fastica_only","ifeval_min30","balanced_moderate_dense_signed_cross","Cross",200,1500,10,"2-2-2-2-2-2-2-2-2-2",1.41066390305359,1.41154979629008,0.0536749694729478,25,0.583088680632177,0.583088680632177,0,25,0.15089083377655,0.142371410236661,0.0345447905262298,25,0.386801213730855,0.386325566280539,0.00296318002483553,25,0.433111026868902,0.460007199414612,0.0974944092670812,25,0.0803061516583642,0.0535559925392278,0.0669433871000724,25,0.207320941228388,0.223049084635189,0.0482512101997042,25,0.467899150311131,0.469097830399825,0.00644612506400104,25,0.169156776713673,0.169029804338982,0.00805155139772288,25,0.497574336196099,0.500192195915679,0.00826228485415365,25,0.0778741943170835,0.0777900033150806,0.00063768792144797,25,0.10549360903476,0.105774339402847,0.00279422602971348,25,1.08815334011971,1.08934996297805,0.00425637310373853,25,0.969191932060012,0.969091903306528,0.00142056792212304,25,0.127600000001257,0.123999999996158,0.0084212033976528,25,0.127600000001257,0.123999999996158,0.0084212033976528,25,0.0676800000004005,0.0679999999993015,0.000556776436004392,25,0.0599200000008568,0.0560000000041327,0.00841090561932695,25,0,0,0,25
"pretrain","oracle_Z","fastica_only","ifeval_min30","balanced_moderate_dense_signed_cross","Cross",200,1500,10,"3-3-3-3-3-3-3-3-3-3",1.41253574062941,1.40209705705762,0.0512538620650916,25,0.583088680632177,0.583088680632177,0,25,0.154951017729655,0.15534022905374,0.0228533585395313,25,0.375724519608494,0.37605354292221,0.00371538557012958,25,0.418985820572457,0.417741916486977,0.0650027832378389,25,0.337513917605268,0.343748730177225,0.0567427878463956,25,0.159799450274308,0.163989494607567,0.0293416399357515,25,0.455611107230247,0.457723843980189,0.00627478485456251,25,0.135775512468962,0.135312697489279,0.00339012388851269,25,0.475419461776341,0.477144051302441,0.00658576530197966,25,0.0826753459518607,0.0827348282064493,0.000503741838241099,25,0.106459667362208,0.106151348730954,0.00283098932140972,25,1.07770869159077,1.07812507618018,0.00291294297574049,25,0.968668782857164,0.968623266077226,0.00134756124101723,25,0.20543999999878,0.203000000008615,0.0210259363622305,25,0.20543999999878,0.203000000008615,0.0210259363622305,25,0.0669999999983702,0.0669999999954598,0.000816496581094068,25,0.13844000000041,0.136000000013155,0.020798798042125,25,0,0,0,25
"pretrain","oracle_Z","fastica_only","ifeval_min30","balanced_moderate_dense_signed_cross","Cross",200,1500,5,"2-2-2-2-2",1.42085677828828,1.41255684343434,0.104829850734111,25,0.749289957829839,0.749289957829839,0,25,0.128964745515425,0.133094975108058,0.0333495053241023,25,0.376181547044248,0.376332814207238,0.00439626123218635,25,0.445481249162559,0.476278120886905,0.100133548031978,25,0.0557503114152194,0.0451440837991873,0.0507037505557967,25,0.213930037865545,0.230943634091171,0.0489321791038015,25,0.367451547609815,0.364607773829803,0.00894621820598591,25,0.191114629212166,0.188735493442906,0.0116854078556791,25,0.414244547492236,0.411185834906071,0.0126990996469227,25,0.0542553175615404,0.0542235375261621,0.000419768407291935,25,0.0815646787789466,0.0813900104280748,0.0019428949597042,25,1.0663928178596,1.06541772886755,0.00492939198494024,25,0.983118881898231,0.983129579764511,0.00104178601905608,25,0.104720000000088,0.104000000000269,0.00268514431636646,25,0.104720000000088,0.104000000000269,0.00268514431636646,25,0.0675600000000122,0.0679999999993015,0.000506622805123498,25,0.0371600000000763,0.0370000000002619,0.00274893918935774,25,0,0,0,25
"pretrain","oracle_Z","fastica_only","ifeval_min30","balanced_moderate_dense_signed_cross","Cross",200,1500,5,"3-3-3-3-3",1.33481013869242,1.29750981576597,0.162533661443326,25,0.749289957829839,0.749289957829839,0,25,0.13287715083695,0.128788572314898,0.0299867933462059,25,0.361979275770509,0.362817551788664,0.00523620546066426,25,0.273711821344596,0.270625132629086,0.081977881797026,25,0.207831826393335,0.177575367152529,0.0920687158796081,25,0.0906124274500851,0.081569245815938,0.034713684779138,25,0.320430763762224,0.320544193458334,0.00492973501258296,25,0.12792810342947,0.127484985010829,0.00419841110499686,25,0.345037296005692,0.345162332455857,0.00568167400880661,25,0.0586815651030639,0.0586933321124454,0.000306602063438054,25,0.0862205183360288,0.0862401332682308,0.00332136485252085,25,1.04158237971663,1.04203947748266,0.00220075069828742,25,0.983295139188394,0.98319423215749,0.00124223698068426,25,0.217559999999503,0.210000000002765,0.020896730205975,25,0.217559999999503,0.210000000002765,0.020896730205975,25,0.102319999999891,0.101999999998952,0.0011445523153968,25,0.115239999999612,0.106999999999971,0.0210718611735917,25,0,0,0,25
"pretrain","oracle_Z","fastica_only","ifeval_min30","balanced_moderate_dense_signed_cross","Cross",200,2000,10,"2-2-2-2-2-2-2-2-2-2",1.40178760953102,1.41318496885977,0.0701033597518951,25,0.581019736017126,0.581019736017126,0,25,0.145695488326662,0.144728163049048,0.0193204381633124,25,0.38657566650528,0.386625492188269,0.00266817358247187,25,0.443035006184592,0.470065896179173,0.089624153422439,25,0.089246462583281,0.0533350726742885,0.094080679967214,25,0.207893949749632,0.215184196047867,0.0471011674022816,25,0.460534685995996,0.458660858444856,0.00605082626401346,25,0.170185616889192,0.168491782186432,0.00761511093243288,25,0.491001575349846,0.489287011383072,0.00814021151868343,25,0.076697653505345,0.0766664881524717,0.00040993753884298,25,0.0959084999599886,0.0957579479509384,0.0021614905366633,25,1.08600369297752,1.0849098553801,0.00371292755919703,25,0.96994704140821,0.969952388083884,0.00115023295449844,25,0.150600000001432,0.149000000004889,0.00786871442337408,25,0.150600000001432,0.149000000004889,0.00786871442337408,25,0.0862400000009802,0.0860000000029686,0.000435889893524799,25,0.0643600000004517,0.0630000000019209,0.0079366239670425,25,0,0,0,25
"pretrain","oracle_Z","fastica_only","ifeval_min30","balanced_moderate_dense_signed_cross","Cross",200,2000,10,"3-3-3-3-3-3-3-3-3-3",1.40347148923126,1.40076857979259,0.0874631034791784,25,0.581019736017126,0.581019736017126,0,25,0.151231273557058,0.144943372800681,0.0296698840651846,25,0.374246841710981,0.374914349737134,0.00347023290477791,25,0.420256762645992,0.428887025371456,0.0470094121149338,25,0.342047999986286,0.339159662987888,0.038389129282025,25,0.159938255712079,0.164757378350847,0.0200975050986144,25,0.441669640940852,0.441941411607575,0.00469710817160983,25,0.133472515052038,0.133075863486382,0.00355098387438174,25,0.461404749307933,0.460956170181868,0.00519682779908051,25,0.0812478968469767,0.0812151823711865,0.000518501575691688,25,0.0963514444226316,0.0955102093099193,0.00250638973283033,25,1.07257848363718,1.07275626689469,0.0026035571055348,25,0.96955311713461,0.969625115456188,0.00122165630469883,25,0.225120000002207,0.225000000005821,0.0172779242561235,25,0.225120000002207,0.225000000005821,0.0172779242561235,25,0.0848800000012852,0.0850000000064028,0.000725718033879875,25,0.140240000000922,0.14100000000326,0.0173620275299257,25,0,0,0,25
"pretrain","oracle_Z","fastica_only","ifeval_min30","balanced_moderate_dense_signed_cross","Cross",200,2000,5,"2-2-2-2-2",1.37938529671123,1.40154409613363,0.154691314442832,25,0.74785852175892,0.74785852175892,0,25,0.139256064368827,0.130126998712628,0.0447766281358278,25,0.374842156947094,0.375712196763873,0.00558463090266631,25,0.431227135841143,0.436590208435167,0.0918335920112453,25,0.0514126595435179,0.0448606819843235,0.0318883905025891,25,0.207115043993987,0.210985765294822,0.0444541072859782,25,0.361981446505918,0.362826816119519,0.00904608907699671,25,0.187651064541368,0.191500813426578,0.0129154163631753,25,0.407804841336852,0.40946707459072,0.0135936236345495,25,0.0535816419187787,0.05362469484489,0.000418962057458606,25,0.074228050719458,0.074334738594759,0.00195010324193347,25,1.06421402352566,1.06457871727308,0.00519837597811285,25,0.983373889877573,0.98332713443942,0.00110758425290328,25,0.130800000000054,0.126999999999498,0.00731436941933184,25,0.130800000000054,0.126999999999498,0.00731436941933184,25,0.0863999999999942,0.0860000000002401,0.000707106781201982,25,0.0444000000000597,0.0399999999999636,0.00744423714476367,25,0,0,0,25
"pretrain","oracle_Z","fastica_only","ifeval_min30","balanced_moderate_dense_signed_cross","Cross",200,2000,5,"3-3-3-3-3",1.43074130105287,1.43954447525267,0.134407878305619,25,0.74785852175892,0.74785852175892,0,25,0.122347235321184,0.11695897852518,0.0325932767368349,25,0.36346985228438,0.363756435179282,0.00572332249746451,25,0.265472955040238,0.267156868209256,0.0654980024209948,25,0.205341476317331,0.200412002381885,0.0798659632696833,25,0.0913737566903078,0.0901746624089403,0.0240014888281718,25,0.317363843104334,0.314858367762338,0.00718439416644564,25,0.129342476338327,0.128368609187306,0.00562910940466056,25,0.342725787686798,0.339596284502067,0.00843417195392503,25,0.0579425548894361,0.0578715862601091,0.00033174853679531,25,0.0793454924950337,0.0791993003613466,0.002659033862711,25,1.04141975122519,1.04024413681544,0.00292086787455913,25,0.983874555443308,0.983788867591035,0.00112029762064924,25,0.255279999999912,0.248000000003231,0.0207936689082413,25,0.255279999999912,0.248000000003231,0.0207936689082413,25,0.131839999999793,0.130000000001019,0.00498062914401157,25,0.123440000000119,0.114000000001397,0.0205143851967219,25,0,0,0,25
"pretrain","oracle_Z","fastica_only","ifeval_min30","balanced_moderate_dense_signed_cross","Cross",200,500,10,"2-2-2-2-2-2-2-2-2-2",1.40854920772963,1.41305154131475,0.0620805615944898,25,0.568776528188644,0.568776528188644,0,25,0.142516012279028,0.142114051279954,0.0214908232161812,25,0.386941910570186,0.386723952790427,0.00278573588686808,25,0.458306095847704,0.472953157707773,0.0716918247499847,25,0.101451738685105,0.0561864302715748,0.111941075636999,25,0.216177775904582,0.221578394974577,0.0331398126213839,25,0.541667304671492,0.540063530237903,0.011183251883791,25,0.163217708442966,0.165033186635514,0.00527293355923674,25,0.565739438874391,0.563721683686806,0.0115978982703409,25,0.0877808077482149,0.0878848576987184,0.000943453622527558,25,0.162039543438577,0.162563078992967,0.00381566038729594,25,1.11357148381507,1.11319871121234,0.00642810115959491,25,0.962099609899862,0.962621341648046,0.00231179427398818,25,0.0799200000002747,0.0800000000017462,0.00571489282444343,25,0.0799200000002747,0.0800000000017462,0.00571489282444343,25,0.030559999999823,0.0309999999954016,0.000583095189769698,25,0.0493600000004517,0.0500000000029104,0.00580143660403233,25,0,0,0,25
"pretrain","oracle_Z","fastica_only","ifeval_min30","balanced_moderate_dense_signed_cross","Cross",200,500,10,"3-3-3-3-3-3-3-3-3-3",1.40199026127921,1.38823809259214,0.084961954668535,25,0.568776528188644,0.568776528188644,0,25,0.14860675596061,0.155670982256458,0.0243059613959919,25,0.371781972062679,0.371743757553949,0.00359378294341784,25,0.411733512307279,0.408268261350158,0.0489163468295729,25,0.338185747779649,0.33541988923874,0.0306583601572045,25,0.161943733917688,0.159552919884055,0.0211528625378764,25,0.566789368897829,0.568094295210944,0.012690841715196,25,0.147712608428562,0.147580759738414,0.00586116821938987,25,0.585741924121206,0.585331890692,0.0130382465126278,25,0.0930543134431535,0.0930898257229635,0.000854930859150909,25,0.167893763185479,0.167801799251269,0.00501966946415846,25,1.12349893486374,1.12324201235054,0.00633933375273567,25,0.961865948815618,0.962133614570766,0.00217169998850843,25,0.156200000002864,0.162000000011176,0.0171415674133199,25,0.156200000002864,0.162000000011176,0.0171415674133199,25,0.0302800000022398,0.0299999999988358,0.00045825756845106,25,0.125920000000624,0.131000000008498,0.0171365107302024,25,0,0,0,25
"pretrain","oracle_Z","fastica_only","ifeval_min30","balanced_moderate_dense_signed_cross","Cross",200,500,5,"2-2-2-2-2",1.41487686288101,1.41451946521543,0.163807527256054,25,0.745843276530558,0.745843276530558,0,25,0.133415603288822,0.128736591139233,0.0337927577027457,25,0.378178097392019,0.378893476603641,0.00440942511697713,25,0.443117654510238,0.467522238098073,0.137672386974326,25,0.0663749212520636,0.0479845299665596,0.0638189933340686,25,0.21259711116025,0.21410974162244,0.0663192257993074,25,0.386816197776583,0.387474048945584,0.00571780171447612,25,0.170639145317177,0.172921720667481,0.0114409277454229,25,0.42287127733523,0.422208139360132,0.00920915206788643,25,0.0596569493678955,0.0595285388716435,0.000729190449938004,25,0.126328578668739,0.126179491404862,0.00278679313473974,25,1.06583926878827,1.06618781870564,0.004049585606193,25,0.97925123771377,0.978973617254588,0.00224861177130177,25,0.0597600000000966,0.0580000000004475,0.00573207350494192,25,0.0597600000000966,0.0580000000004475,0.00573207350494192,25,0.0304400000000533,0.0300000000002001,0.000506622805099562,25,0.0293200000000434,0.0270000000000437,0.00563264295574563,25,0,0,0,25
"pretrain","oracle_Z","fastica_only","ifeval_min30","balanced_moderate_dense_signed_cross","Cross",200,500,5,"3-3-3-3-3",1.37869876777885,1.39855502564183,0.164571772027357,25,0.745843276530558,0.745843276530558,0,25,0.128636757133285,0.125041913352815,0.0238963078793923,25,0.36363646332658,0.36425735448024,0.00602226477057644,25,0.260892922702163,0.24408793253818,0.0751464198482019,25,0.208173286059993,0.186570833876663,0.0875199170640944,25,0.0849486658170412,0.0773323542149828,0.0259214760773806,25,0.377161076333466,0.376493137330252,0.00872995929180433,25,0.129566169520905,0.129218220422516,0.00468306607877278,25,0.398809893391319,0.398150315672508,0.0092846358186026,25,0.0648068781593731,0.0649504147706999,0.000733581267337631,25,0.132358270243932,0.132016219227538,0.00457924229275471,25,1.05663547704045,1.05657969455185,0.00415497492518295,25,0.979455121165544,0.979016499207328,0.00210933775120988,25,0.1191999999994,0.11699999999837,0.0114927513386102,25,0.1191999999994,0.11699999999837,0.0114927513386102,25,0.0311199999999371,0.0309999999990396,0.000331662479231079,25,0.0880799999994633,0.0859999999993306,0.011496086290768,25,0,0,0,25
"pretrain","oracle_Z","fastica_only","ifeval_min30","balanced_moderate_dense_signed_cross","Cross",400,1000,10,"2-2-2-2-2-2-2-2-2-2",1.43688124469472,1.47061735141562,0.0835591969953777,25,0.579328975000393,0.579328975000393,0,25,0.0998878338722362,0.0947910925884651,0.0235008024451861,25,0.388456743975145,0.388983689025909,0.00230978818712457,25,0.415670667291904,0.431935697426849,0.079445902599587,25,0.0294895951528433,0.0293731710798593,0.00144318214078993,25,0.201544296644771,0.209326300236243,0.0384838596779834,25,0.407224843064614,0.408374243906137,0.00629922951562401,25,0.158344909063588,0.159840559481971,0.00720512099559552,25,0.43695323770371,0.439521093128197,0.00822732959725883,25,0.060933470727821,0.0608774946545211,0.000314096925603474,25,0.114819494445946,0.114813675608775,0.00106031797828583,25,1.07281963317905,1.07336467858751,0.00324627463279367,25,0.980679785519031,0.980528242737399,0.00122594608674117,25,0.293719999999448,0.292999999997846,0.00465939910275786,25,0.293719999999448,0.292999999997846,0.00465939910275786,25,0.223079999999609,0.222999999998137,0.00210000000037008,25,0.0706399999998393,0.0709999999962747,0.00412189276876793,25,0,0,0,25
"pretrain","oracle_Z","fastica_only","ifeval_min30","balanced_moderate_dense_signed_cross","Cross",400,1000,10,"3-3-3-3-3-3-3-3-3-3",1.42064970649234,1.42044162019292,0.0563189851143,25,0.579328975000393,0.579328975000393,0,25,0.106015237470093,0.10670274911984,0.0174150041638835,25,0.374569602984158,0.374949966552141,0.00261139700715635,25,0.240538234781254,0.22892813661151,0.0409632145312735,25,0.166587506677071,0.153632721860382,0.0651721961588445,25,0.0771828050431655,0.0717816760623383,0.0151048045824216,25,0.352218360247662,0.352528662517539,0.00338364053227438,25,0.0965888367166625,0.0969593900949881,0.00298594171979967,25,0.365232395056297,0.365291374315862,0.00353914885424553,25,0.064146964403932,0.064212589616563,0.000307593243973812,25,0.115385746978686,0.115211878870408,0.00175640792175712,25,1.0460526424623,1.04579595550274,0.00151699846968688,25,0.981086408861444,0.981265355979626,0.00106418866832894,25,0.399519999998156,0.384000000005472,0.0263772629365599,25,0.399519999998156,0.384000000005472,0.0263772629365599,25,0.218159999998752,0.217999999993481,0.00321039976686029,25,0.181359999999404,0.169000000008964,0.0264950938871451,25,0,0,0,25
"pretrain","oracle_Z","fastica_only","ifeval_min30","balanced_moderate_dense_signed_cross","Cross",400,1000,5,"2-2-2-2-2",1.37525822910373,1.40917000662136,0.152668349021132,25,0.745360614325595,0.745360614325595,0,25,0.0995958132297636,0.102222936005049,0.0168137062429502,25,0.379265623832746,0.378715353559683,0.00282321050734307,25,0.423227262939006,0.437790752971417,0.109353448500014,25,0.0250770296970531,0.0248335743241163,0.00132932906828605,25,0.20484135493332,0.21343324478294,0.053190587067223,25,0.334876372400304,0.335301431943936,0.00652626899766879,25,0.181200884600304,0.182816291641688,0.00860570937409323,25,0.380791715576988,0.38183310157942,0.00944276199226054,25,0.0421708431635707,0.0422342109422894,0.000259127457161937,25,0.0923303529678947,0.0924520822494571,0.00194644230803129,25,1.06087327369928,1.06158139916859,0.00349507833778047,25,0.990467251038427,0.990626513339013,0.00100259824383603,25,0.273199999999997,0.272999999999229,0.00460977222861553,25,0.273199999999997,0.272999999999229,0.00460977222861553,25,0.223680000000022,0.222999999999956,0.0040178767195587,25,0.049519999999975,0.0499999999992724,0.00288848287758862,25,0,0,0,25
"pretrain","oracle_Z","fastica_only","ifeval_min30","balanced_moderate_dense_signed_cross","Cross",400,1000,5,"3-3-3-3-3",1.46455782878244,1.43635955203498,0.160325431492786,25,0.745360614325595,0.745360614325595,0,25,0.0906800504647675,0.0891369571194837,0.0197382615559174,25,0.361742425707505,0.363249727182918,0.00502517006145526,25,0.187779508614092,0.192317645731926,0.048394386092312,25,0.0671654840354428,0.0579680025972151,0.0314542744908148,25,0.0596728738358599,0.0599358504947112,0.0148433387757395,25,0.257489125772237,0.257202561184067,0.00429092950671014,25,0.0971632153759783,0.0984915301075488,0.00381914913124526,25,0.275225623516732,0.274746250988758,0.00498691308670604,25,0.0453037116827487,0.0452819488830207,0.000295220226086508,25,0.0959578519727277,0.0959118972054592,0.0017388235205715,25,1.02763869871895,1.02759497760592,0.00186737207124206,25,0.990405306245073,0.990609620287446,0.0012603617262456,25,36.4179200000012,0.47099999999773,179.6926591076,25,36.4179200000012,0.47099999999773,179.6926591076,25,36.2792800000003,0.336999999999534,179.698817344355,25,0.138640000000887,0.138000000002648,0.0264620482952726,25,0,0,0,25
"pretrain","oracle_Z","fastica_only","ifeval_min30","balanced_moderate_dense_signed_cross","Cross",400,1500,10,"2-2-2-2-2-2-2-2-2-2",1.40919843443267,1.4114745654068,0.0862828623999323,25,0.583088680632177,0.583088680632177,0,25,0.103679454644088,0.101042616645953,0.022642194159259,25,0.38768570246045,0.388165523795401,0.00197743042418159,25,0.430858474672812,0.436054565525048,0.0834136549064593,25,0.0289704031848868,0.0285954868723259,0.00195844481635086,25,0.208269271709858,0.211364610422599,0.0404261512017874,25,0.395955564149968,0.394907367710262,0.00662603715012597,25,0.159537227849329,0.157652199015143,0.00717185157498785,25,0.426909836300703,0.426245308224997,0.00868750007618708,25,0.0580750778368221,0.0580340065765907,0.000269345302891837,25,0.0995780373403552,0.0994736449435655,0.00137710298503512,25,1.07105089100895,1.07073004678221,0.00357429081803868,25,0.9829650425913,0.982785375422485,0.000811530817607764,25,0.370279999999329,0.368000000002212,0.0126244471830922,25,0.370279999999329,0.368000000002212,0.0126244471830922,25,0.289839999999385,0.288999999997031,0.00489625707369439,25,0.0804399999999441,0.0769999999974971,0.0108515743857182,25,0,0,0,25
"pretrain","oracle_Z","fastica_only","ifeval_min30","balanced_moderate_dense_signed_cross","Cross",400,1500,10,"3-3-3-3-3-3-3-3-3-3",1.40057203581294,1.40808700911775,0.0710576566396683,25,0.583088680632177,0.583088680632177,0,25,0.103494074001935,0.0997732974607892,0.0190028395503002,25,0.374691324917386,0.375156468894694,0.00331243102255373,25,0.229090862481591,0.22541599729085,0.0490779009147551,25,0.146241240014338,0.127363537852262,0.0604869177177658,25,0.0746723330148507,0.0715085125367579,0.0194160996035167,25,0.336689463840761,0.337200665873803,0.00450407588037633,25,0.0992117385147057,0.0994129114386613,0.00423518805265343,25,0.35101937429503,0.351504827217656,0.00508854582799417,25,0.0610268571830701,0.0610674467395789,0.000306519934164032,25,0.0989452342166277,0.0988222920160579,0.00168538838745375,25,1.04293685781968,1.04353630136266,0.0019332122204456,25,0.982762220969668,0.982623319357456,0.000800184086969996,25,0.475999999997439,0.464999999996508,0.0353305816551618,25,0.475999999997439,0.464999999996508,0.0353305816551618,25,0.285559999999241,0.284999999988941,0.00556087523088252,25,0.190439999998198,0.176999999996042,0.0353707506285154,25,0,0,0,25
"pretrain","oracle_Z","fastica_only","ifeval_min30","balanced_moderate_dense_signed_cross","Cross",400,1500,5,"2-2-2-2-2",1.41818624929636,1.40913768597033,0.102519155366472,25,0.749289957829839,0.749289957829839,0,25,0.0981891599848831,0.0964458525237259,0.0210247414451676,25,0.376439110133762,0.376243728115764,0.00311511681079259,25,0.422106143007209,0.404942477522611,0.0987717688557416,25,0.0316640434852191,0.0254019930089652,0.0328119884496716,25,0.203896537961798,0.195662336165738,0.047539414996893,25,0.332600364759922,0.334248674206978,0.00666599613642287,25,0.180592159757877,0.181050708913297,0.00819562328093789,25,0.378500519908317,0.379682125257791,0.00918710765696648,25,0.0408005996084953,0.0408230619274384,0.000285156249257597,25,0.0798469007040324,0.0799480169113482,0.00142973073228443,25,1.0604244014751,1.06080750877848,0.00341328760269941,25,0.990806758570272,0.990551702068047,0.00107500570019351,25,0.352560000000085,0.347999999999956,0.0109813478223324,25,0.352560000000085,0.347999999999956,0.0109813478223324,25,0.291320000000269,0.290999999999258,0.00377182537613332,25,0.0612399999998161,0.0580000000009022,0.0107443008146042,25,0,0,0,25
"pretrain","oracle_Z","fastica_only","ifeval_min30","balanced_moderate_dense_signed_cross","Cross",400,1500,5,"3-3-3-3-3",1.39965793455434,1.40968788700169,0.107794426811379,25,0.749289957829839,0.749289957829839,0,25,0.0934309154914003,0.086118796320857,0.0264904031586115,25,0.361695646297421,0.362091685682024,0.00393307454321223,25,0.193663060702303,0.192626579807049,0.0375104419946069,25,0.0635481003761885,0.061260449822645,0.0148075091162085,25,0.0611010499213686,0.0620827807970558,0.0107065875087112,25,0.247034498256092,0.246308059153071,0.00375846894332337,25,0.0974131875459884,0.097788428229159,0.00315904481839323,25,0.265559631876251,0.264387590446387,0.00415779652968514,25,0.0432862059537281,0.043241564874977,0.000295580201351625,25,0.0822002171267603,0.082515509013888,0.00205031810235349,25,1.02551257981713,1.02526008379932,0.00142137012352463,25,0.990790736755473,0.990476247252175,0.0010802077217026,25,0.448920000000508,0.451999999997497,0.0293014789163937,25,0.448920000000508,0.451999999997497,0.0293014789163937,25,0.296080000000075,0.296000000002095,0.00610273162978758,25,0.152840000000433,0.163000000000466,0.0268354243489555,25,0,0,0,25
"pretrain","oracle_Z","fastica_only","ifeval_min30","balanced_moderate_dense_signed_cross","Cross",400,2000,10,"2-2-2-2-2-2-2-2-2-2",1.4161863318396,1.41486730972631,0.0547849373636817,25,0.581019736017126,0.581019736017126,0,25,0.106505198724307,0.104594753558901,0.0198800694685016,25,0.386619756900394,0.385921762748277,0.00246426026241201,25,0.412979529373113,0.426792142314348,0.075214509945951,25,0.0275305322690411,0.0274133927553459,0.00144228110924895,25,0.199375666650551,0.206784765603742,0.0363999000219156,25,0.386808513953911,0.388127069411285,0.0069424095657882,25,0.157427056953154,0.156747882873516,0.00892332903407538,25,0.417659795318801,0.417875684865815,0.00952573487900903,25,0.0565427367938653,0.0565688098554205,0.000283500028501563,25,0.0896056059965765,0.0896045469287312,0.0016372720353666,25,1.06811158644772,1.06827599690904,0.00394338950488392,25,0.983627841789251,0.983401037219039,0.000838732538448595,25,0.442279999999737,0.442000000002736,0.00708001883250048,25,0.442279999999737,0.442000000002736,0.00708001883250048,25,0.354919999999984,0.355000000003201,0.00331561960035336,25,0.0873599999997532,0.0860000000029686,0.00708213715480115,25,0,0,0,25
"pretrain","oracle_Z","fastica_only","ifeval_min30","balanced_moderate_dense_signed_cross","Cross",400,2000,10,"3-3-3-3-3-3-3-3-3-3",1.3983277622624,1.41078101758037,0.0814531790786248,25,0.581019736017126,0.581019736017126,0,25,0.0971289267975772,0.0939387787496031,0.0156603440253069,25,0.374174383394815,0.374325344286485,0.0031133102825493,25,0.230689843120614,0.225822843546455,0.0441078569833837,25,0.16230586503148,0.161547525201038,0.0652773690127641,25,0.0728307828652743,0.0702097984714666,0.0134958359553538,25,0.328266159455947,0.329504847380899,0.0053661347938494,25,0.100669560928934,0.100247928126679,0.0039478558759169,25,0.343365550611969,0.344406628021342,0.00610125707829763,25,0.0595625848019384,0.0596310969079497,0.000325124454827443,25,0.0895415126151157,0.0897636882165921,0.00197965856591287,25,1.04144925253658,1.04176299800178,0.00218508508841959,25,0.983796651287138,0.983801445149727,0.000910912536983807,25,0.555279999999912,0.563999999983935,0.028046865541334,25,0.555279999999912,0.563999999983935,0.028046865541334,25,0.353559999999707,0.353000000002794,0.00411379792071068,25,0.201720000000205,0.209999999991851,0.0278695173984934,25,0,0,0,25
"pretrain","oracle_Z","fastica_only","ifeval_min30","balanced_moderate_dense_signed_cross","Cross",400,2000,5,"2-2-2-2-2",1.41938128280563,1.41388188533372,0.106435680563513,25,0.74785852175892,0.74785852175892,0,25,0.0983408562235311,0.0926192626285607,0.0287429219518633,25,0.374827661386422,0.374369195194541,0.00378224043228208,25,0.400565019587045,0.390087224768819,0.11892822840066,25,0.0448518924914693,0.024199779660498,0.0763452551227384,25,0.191724113002404,0.181214614838494,0.0581157071952875,25,0.333294266162945,0.333230654185084,0.00816497161964938,25,0.180740979357072,0.177544472605031,0.0111138528572645,25,0.379203566986405,0.377346177304875,0.0120589424047383,25,0.0399477663312036,0.0399470139284215,0.000249519184984801,25,0.0727083986826351,0.0725487675666059,0.00134805475381008,25,1.06121677699287,1.06059978491393,0.00439666556367286,25,0.99133318469917,0.991213431101912,0.000752221967629054,25,0.43372000000003,0.429999999998472,0.0168511127228512,25,0.43372000000003,0.429999999998472,0.0168511127228512,25,0.360839999999953,0.359999999998763,0.00783517708803041,25,0.0728800000000774,0.0679999999993015,0.0129528632613611,25,0,0,0,25
"pretrain","oracle_Z","fastica_only","ifeval_min30","balanced_moderate_dense_signed_cross","Cross",400,2000,5,"3-3-3-3-3",1.41303461643419,1.42412272923439,0.13243596985503,25,0.74785852175892,0.74785852175892,0,25,0.0944596203609182,0.0947529342916119,0.0262851786262243,25,0.362861056656992,0.362857517659231,0.00280224971476193,25,0.174473733747329,0.167404960668738,0.0574684181476157,25,0.0662819105461056,0.0633946442390141,0.017434280415164,25,0.0564329174299686,0.0559700567894444,0.0161976957339855,25,0.2438317270091,0.243847823833387,0.00476323666560364,25,0.09949235564354,0.0993901524615923,0.00403842026591027,25,0.263364408173069,0.26285286370304,0.00552134180319981,25,0.0424659210061183,0.0424291431165885,0.000293810392203655,25,0.0750818390665668,0.0748635591677884,0.00209584951049213,25,1.02544368241529,1.025053238325,0.00158639249618276,25,0.991268282993402,0.991148372116703,0.000736834448674219,25,0.491240000000107,0.491999999991094,0.0160501298006177,25,0.491240000000107,0.491999999991094,0.0160501298006177,25,0.363080000000191,0.365000000005239,0.00786299349237332,25,0.128159999999916,0.129000000000815,0.0102497154428496,25,0,0,0,25
"pretrain","oracle_Z","fastica_only","ifeval_min30","balanced_moderate_dense_signed_cross","Cross",400,500,10,"2-2-2-2-2-2-2-2-2-2",1.38913000316153,1.40899819890475,0.0573764859552341,25,0.568776528188644,0.568776528188644,0,25,0.0995288198602082,0.098790422264738,0.0193580629552174,25,0.387453011410775,0.387201903610155,0.00199966392043699,25,0.427469787467817,0.422850248175173,0.0681930643516006,25,0.0324240756514282,0.0323835611721355,0.00179671405999492,25,0.207180038928434,0.205633150572696,0.0330013695981941,25,0.432333087625201,0.432479884653945,0.00468731899493826,25,0.13503580848854,0.13453803806232,0.00515917839637611,25,0.452954109549791,0.453748512849058,0.0051828472600111,25,0.0693086806364465,0.0692728418893499,0.000514822127108164,25,0.154902542905683,0.15447776884388,0.00200275688896264,25,1.07447310706224,1.07462802320386,0.00238366916272243,25,0.975779401029083,0.975827175543172,0.00146685113121187,25,0.18524000000034,0.184999999997672,0.00328227563271846,25,0.18524000000034,0.184999999997672,0.00328227563271846,25,0.119520000000775,0.119000000006054,0.000822597511793469,25,0.0657199999995646,0.065999999998894,0.00345832329256527,25,0,0,0,25
"pretrain","oracle_Z","fastica_only","ifeval_min30","balanced_moderate_dense_signed_cross","Cross",400,500,10,"3-3-3-3-3-3-3-3-3-3",1.40935753574663,1.41051062433875,0.0602404039330594,25,0.568776528188644,0.568776528188644,0,25,0.0965504187715354,0.097484545400284,0.0158424693953597,25,0.372457081558061,0.372331565574773,0.0022321913006169,25,0.244227216866796,0.21988750182801,0.0654762482284309,25,0.177591810697735,0.160571068744947,0.079910472064436,25,0.0756418197585918,0.068603155901787,0.0191406600836919,25,0.413652405341205,0.412001414819785,0.00831461876425561,25,0.0957342809525318,0.0965213177460835,0.0038974279912539,25,0.424598940935888,0.423752447097938,0.00854243495255325,25,0.0722969875316616,0.0721121620063994,0.000726982995002711,25,0.157701289090268,0.157123500813847,0.0033038271668916,25,1.06349527143034,1.06290683623748,0.00371924185350367,25,0.976550260271942,0.976451685236373,0.00151888455339324,25,0.290040000001318,0.279999999998836,0.0252627525559036,25,0.290040000001318,0.279999999998836,0.0252627525559036,25,0.11792000000074,0.11699999999837,0.00399916657895968,25,0.172120000000577,0.161000000007334,0.0254809078849721,25,0,0,0,25
"pretrain","oracle_Z","fastica_only","ifeval_min30","balanced_moderate_dense_signed_cross","Cross",400,500,5,"2-2-2-2-2",1.38219213390439,1.40317103808703,0.135995156811006,25,0.745843276530558,0.745843276530558,0,25,0.102155499572929,0.105847615727995,0.0266586924275605,25,0.378932155542849,0.379306850932131,0.00334223743681744,25,0.447280545608804,0.453053084755496,0.107635648774056,25,0.0413598912448191,0.0273510210746073,0.0483892974169069,25,0.215886208726373,0.216371380040073,0.0523758807524029,25,0.337023885626065,0.33778075408729,0.00637181485445256,25,0.154720677452021,0.151735812638257,0.009144039473518,25,0.370892015989737,0.369540646649253,0.00923900990747658,25,0.0470453069695262,0.0469779365504373,0.000418818520547589,25,0.122738645299233,0.123069481807063,0.00230327268767028,25,1.05431216649005,1.05448682493368,0.00331693419210528,25,0.98739161107541,0.987234379904176,0.00131272652092355,25,0.166759999999958,0.161999999999352,0.0121184432443027,25,0.166759999999958,0.161999999999352,0.0121184432443027,25,0.120120000000024,0.119999999999891,0.000927361849519468,25,0.0466399999999339,0.0419999999994616,0.012165114056182,25,0,0,0,25
"pretrain","oracle_Z","fastica_only","ifeval_min30","balanced_moderate_dense_signed_cross","Cross",400,500,5,"3-3-3-3-3",1.43801343903934,1.41886625594967,0.115146518545654,25,0.745843276530558,0.745843276530558,0,25,0.0969758741327296,0.0975918666854905,0.0249338607677545,25,0.362528257046668,0.36244730741559,0.00397422226903617,25,0.193334689953453,0.196696631442453,0.0379215422178026,25,0.0674992604171949,0.0616550233116519,0.0164444990745101,25,0.0623340523499224,0.0633527054968797,0.0120777536457649,25,0.29138101993554,0.290960102877372,0.00493148783830449,25,0.0926899356797057,0.0935458600372313,0.00347306862359946,25,0.30578309973081,0.305642454048024,0.00519869583466574,25,0.0502291416688284,0.0501998729065835,0.000411181424291147,25,0.12747843923946,0.127578770848725,0.00298147662759731,25,1.03290354579698,1.03261950723974,0.0020102144936509,25,0.987099211095825,0.98693616289068,0.00194811306975175,25,0.316640000000043,0.317999999999302,0.01172205897756,25,0.316640000000043,0.317999999999302,0.01172205897756,25,0.1823199999996,0.181000000000495,0.00282429932282907,25,0.134320000000444,0.137000000002445,0.0114007309711011,25,0,0,0,25
"pretrain","oracle_Z","mixture_fastica_start","ifeval_min30","balanced_moderate_dense_signed_cross","Cross",100,1000,10,"2-2-2-2-2-2-2-2-2-2",1.42086282928914,1.41008775033307,0.0728941518269633,25,0.579328975000393,0.579328975000393,0,25,0.19477901579615,0.193168766303301,0.0317991625412648,25,0.386517217484781,0.386071760149778,0.00390254962111555,25,0.471025135832067,0.485445916884802,0.072964656025043,25,0.114450731546713,0.103953525266241,0.0599745870878532,25,0.224631715973368,0.230287941670532,0.0364946432245768,25,0.706786463906576,0.698156066696333,0.0267519510487588,25,0.221568698041698,0.220369809123347,0.00840112796734348,25,0.740721577927171,0.731527676373428,0.0275025284658501,25,0.111126495292446,0.110936957298058,0.00136279782377071,25,0.137561588158752,0.137342769692898,0.00548569284594712,25,1.19181203480549,1.18730220244246,0.0175957698972726,25,0.938319581939339,0.938249520214605,0.00245072886878339,25,0.511600000000617,0.450999999993655,0.166957329877498,25,0.511600000000617,0.450999999993655,0.166957329877498,25,0.0112400000006892,0.010999999998603,0.000435889894665432,25,0.500359999999928,0.439999999995052,0.166917115160082,25,0,0,0,25
"pretrain","oracle_Z","mixture_fastica_start","ifeval_min30","balanced_moderate_dense_signed_cross","Cross",100,1000,10,"3-3-3-3-3-3-3-3-3-3",1.43647697428271,1.41593378317767,0.0809842368761441,25,0.579328975000393,0.579328975000393,0,25,0.207039669028342,0.206186888329365,0.038934597886288,25,0.373255230995066,0.373189131140286,0.00580061715481888,25,0.26667296171283,0.274594321812092,0.0394517135041431,25,0.204902501275655,0.203252949455649,0.0248918721098286,25,0.0870497415382123,0.0859093368308956,0.0174351207309551,25,0.780762138697338,0.78199204262316,0.0268376809675444,25,0.240973346819714,0.241126827126966,0.0141030823105794,25,0.817139427696907,0.818568297679695,0.0292834305443309,25,0.117919710978672,0.118170615819202,0.000952751589448159,25,0.144001043989406,0.144204703317444,0.00639345750817457,25,1.24100674116261,1.24076302690834,0.0181623081839152,25,0.938840688370483,0.938759062289148,0.00234478463324848,25,0.956520000001183,0.838999999999942,0.43012925576655,25,0.956520000001183,0.838999999999942,0.43012925576655,25,0.0112400000015623,0.011000000005879,0.000435889894164667,25,0.94527999999962,0.828000000001339,0.430132103739079,25,0,0,0,25
"pretrain","oracle_Z","mixture_fastica_start","ifeval_min30","balanced_moderate_dense_signed_cross","Cross",100,1000,5,"2-2-2-2-2",1.43760757136558,1.41373579444779,0.146163662859972,25,0.745360614325595,0.745360614325595,0,25,0.179954529304616,0.17066528476845,0.0360404734142534,25,0.378779553553163,0.378846478778808,0.00634919686990923,25,0.471936039237123,0.478407511794913,0.10924473601984,25,0.0865498556212033,0.0861495350691819,0.00539230458319411,25,0.227255205460065,0.228295959329992,0.0518084294992187,25,0.460400244298196,0.458052829954951,0.0100375141260055,25,0.21043114529708,0.209013095154886,0.0102380380220136,25,0.506273232942697,0.501898392923379,0.0118326796109477,25,0.0760164815580854,0.0757128984315994,0.00103120160891891,25,0.101742450299413,0.101549268785781,0.00565530610807132,25,1.09021160249677,1.0905135183903,0.00631610562531611,25,0.966876670162941,0.96715810393873,0.00262273215696896,25,0.229440000000018,0.221000000000004,0.0420536165705707,25,0.229440000000018,0.221000000000004,0.0420536165705707,25,0.0109999999999945,0.0109999999999673,0.000408248290465812,25,0.218440000000023,0.210000000000036,0.0420565888614965,25,0,0,0,25
"pretrain","oracle_Z","mixture_fastica_start","ifeval_min30","balanced_moderate_dense_signed_cross","Cross",100,1000,5,"3-3-3-3-3",1.43573253509342,1.41321540207943,0.115392485860508,25,0.745360614325595,0.745360614325595,0,25,0.207289213577947,0.20501846692946,0.0537284299741902,25,0.360873453385864,0.360194935119183,0.00729453919184306,25,0.251967754909095,0.254236962222831,0.0558888226524282,25,0.170017058967147,0.16427901000225,0.0252248331360928,25,0.0826899227145044,0.086448031608031,0.0190049832734353,25,0.4926441411123,0.493521014764611,0.0182414676421916,25,0.191397844304266,0.191231743649556,0.00932092107978949,25,0.528545803765562,0.528942454166196,0.0197263408254545,25,0.083760641364169,0.0836747978619678,0.00099208432314754,25,0.111702310493349,0.113269530356179,0.00649223540486803,25,1.10048556440347,1.10092246408735,0.00991989027642554,25,0.96675803763654,0.966397242014245,0.00205064915221567,25,0.412239999999947,0.368000000000393,0.103952425015908,25,0.412239999999947,0.368000000000393,0.103952425015908,25,0.0109999999999854,0.011000000000422,0.000408248290547034,25,0.401239999999962,0.356999999999971,0.10407700674676,25,0,0,0,25
"pretrain","oracle_Z","mixture_fastica_start","ifeval_min30","balanced_moderate_dense_signed_cross","Cross",100,1500,10,"2-2-2-2-2-2-2-2-2-2",1.419385463195,1.41107627708241,0.075520726773997,25,0.583088680632177,0.583088680632177,0,25,0.205432629339164,0.205649186240835,0.0324961843922071,25,0.388162646679528,0.387755989462013,0.00474624449548193,25,0.465139064203637,0.461517198789819,0.0582554047951231,25,0.115884388636017,0.100387679422508,0.0644318969786438,25,0.220972128824521,0.223117507970533,0.0324545399454312,25,0.675160206971822,0.673380459117128,0.0169595209962477,25,0.217301007974062,0.217992953743603,0.00729620940375926,25,0.709288955227445,0.707985223474493,0.0176019873481092,25,0.108373925367094,0.10842859361821,0.000845603611049999,25,0.124095098401241,0.123419121989577,0.00441602484091409,25,1.1744616277353,1.17319207238932,0.0110149867600196,25,0.940224167327969,0.940636779905809,0.00167572155838761,25,0.566879999999946,0.474999999991269,0.192603071973048,25,0.566879999999946,0.474999999991269,0.192603071973048,25,0.0159599999999045,0.0160000000032596,0.000454606056685486,25,0.550920000000042,0.458999999995285,0.192355339584328,25,0,0,0,25
"pretrain","oracle_Z","mixture_fastica_start","ifeval_min30","balanced_moderate_dense_signed_cross","Cross",100,1500,10,"3-3-3-3-3-3-3-3-3-3",1.4078644053011,1.40851871961069,0.0771720912696804,25,0.583088680632177,0.583088680632177,0,25,0.208305050596888,0.207978274731742,0.047322244421227,25,0.375209404058735,0.375271917931578,0.0047092840226468,25,0.25667745034414,0.240952742077765,0.0384759926354636,25,0.206266738000037,0.205783805771651,0.0205256503066802,25,0.0878548493619009,0.0873954807232014,0.0188460701774393,25,0.755969990880082,0.755895202065734,0.0242493500611439,25,0.235903822869503,0.234916766953279,0.0121357023276054,25,0.791950436944159,0.791033191112161,0.0262527811826242,25,0.115883840008274,0.116018552130549,0.000949186321473313,25,0.12747171355896,0.125838104743417,0.00656785993224657,25,1.22611312022203,1.22531512159206,0.0169571596696688,25,0.940198452105276,0.94066143020525,0.00202770757799338,25,1.12167999999947,1.05399999999645,0.448345915561079,25,1.12167999999947,1.05399999999645,0.448345915561079,25,0.0159200000000419,0.0160000000032596,0.00040000000017244,25,1.10575999999943,1.03800000000047,0.448457939313634,25,0,0,0,25
"pretrain","oracle_Z","mixture_fastica_start","ifeval_min30","balanced_moderate_dense_signed_cross","Cross",100,1500,5,"2-2-2-2-2",1.39025632517133,1.4084660135248,0.181938509033835,25,0.749289957829839,0.749289957829839,0,25,0.189144057942819,0.171866077076871,0.0646094347124989,25,0.373127912227875,0.374075197574435,0.0067368691659143,25,0.43477022368302,0.465019513350608,0.164978753228623,25,0.0878082622834098,0.087104197103233,0.00645767217388256,25,0.207153951161671,0.222522220056093,0.0791609311711149,25,0.446737625156551,0.448344869337992,0.0119925876587273,25,0.208767132732985,0.211201677530987,0.011238931507426,25,0.49315713347032,0.496201725600572,0.0149162054623028,25,0.0747272914301649,0.074533079777729,0.000875037506134782,25,0.0889439992376298,0.0897233845743237,0.00443908595157655,25,1.08539448529631,1.08749017780577,0.00649896455853584,25,0.968019978672067,0.968545724950885,0.00232934438530845,25,0.250760000000009,0.243999999999915,0.0260900364123985,25,0.250760000000009,0.243999999999915,0.0260900364123985,25,0.0156800000000203,0.0160000000000764,0.000476095228593288,25,0.235079999999989,0.228999999999814,0.02611819289307,25,0,0,0,25
"pretrain","oracle_Z","mixture_fastica_start","ifeval_min30","balanced_moderate_dense_signed_cross","Cross",100,1500,5,"3-3-3-3-3",1.39246970856676,1.41342464555349,0.163801521846255,25,0.749289957829839,0.749289957829839,0,25,0.192065016571775,0.190559650113783,0.0387187697653649,25,0.361797637495326,0.363041648677282,0.00578685443093745,25,0.252874273103023,0.267665152470372,0.0594235186232724,25,0.179764391895949,0.180181191343606,0.0335757929878437,25,0.0809075815805035,0.0778965219922049,0.0205084138329494,25,0.472721370792852,0.47224490821853,0.0152110823139497,25,0.188447900699497,0.188510068489848,0.00745902933668727,25,0.508922709857365,0.507225262287374,0.0161798051791859,25,0.0817868881626037,0.0817930520897878,0.000809298901926069,25,0.0960358873876232,0.095849124997704,0.00495853768819251,25,1.0923815936821,1.09201380984561,0.0068418783073102,25,0.967794753997068,0.968542196335143,0.00203858561785743,25,0.421199999999444,0.376000000000204,0.0920746979358217,25,0.421199999999444,0.376000000000204,0.0920746979358217,25,0.0157599999996455,0.0159999999996217,0.0004358898944846,25,0.405439999999799,0.360000000000582,0.0922483423517224,25,0,0,0,25
"pretrain","oracle_Z","mixture_fastica_start","ifeval_min30","balanced_moderate_dense_signed_cross","Cross",100,2000,10,"2-2-2-2-2-2-2-2-2-2",1.40085200858657,1.40721096792048,0.062285708062944,25,0.581019736017126,0.581019736017126,0,25,0.195396948527518,0.190566299369566,0.036920644629687,25,0.386658951265448,0.387070856049458,0.00450112333178335,25,0.449058664018207,0.453193378024656,0.0799716712502763,25,0.0993331837112499,0.099562253586605,0.00588442564495465,25,0.216152657159277,0.218706662389634,0.0378278603306382,25,0.651524063305905,0.64829988761496,0.014186499488825,25,0.214367150084675,0.214181205521949,0.00654101956142582,25,0.685907115454371,0.681637268758857,0.0145268826802423,25,0.106909077923583,0.106657350551436,0.000978161807457721,25,0.113681427517083,0.113230925427703,0.00552446336723217,25,1.16177076834937,1.15927621643214,0.00871663345707974,25,0.94129023078453,0.941396695493697,0.00161082451223676,25,0.550039999999281,0.464000000007218,0.145199426076766,25,0.550039999999281,0.464000000007218,0.145199426076766,25,0.0206800000002841,0.0210000000006403,0.000556776436222193,25,0.529359999998997,0.443000000006577,0.145292486613984,25,0,0,0,25
"pretrain","oracle_Z","mixture_fastica_start","ifeval_min30","balanced_moderate_dense_signed_cross","Cross",100,2000,10,"3-3-3-3-3-3-3-3-3-3",1.4035936124384,1.40174933283517,0.0630204868592423,25,0.581019736017126,0.581019736017126,0,25,0.207197782117062,0.200492722377705,0.0342662977191964,25,0.373531239163243,0.373578776865705,0.00441290830492626,25,0.259161833637034,0.256147308485754,0.0484396392038653,25,0.199114146664509,0.197425140399764,0.0211570587066132,25,0.0855791283414722,0.0893803013076149,0.0171862497689803,25,0.723912344121375,0.722345992456275,0.0207709402074539,25,0.225570496927262,0.224238954680296,0.00878401564350875,25,0.75825942986888,0.758121206029914,0.0219377747524673,25,0.114390955922827,0.114351910112784,0.00076123771072204,25,0.115608483022746,0.11411084482696,0.00608709665245273,25,1.20562006258951,1.20556129264715,0.013893701196134,25,0.940879636799295,0.941009051213551,0.00125041599202094,25,1.06608000000124,0.945999999996275,0.467058786449529,25,1.06608000000124,0.945999999996275,0.467058786449529,25,0.0208400000008987,0.0210000000006403,0.000553774923300046,25,1.04524000000034,0.92500000000291,0.466991638040363,25,0,0,0,25
"pretrain","oracle_Z","mixture_fastica_start","ifeval_min30","balanced_moderate_dense_signed_cross","Cross",100,2000,5,"2-2-2-2-2",1.38527589575788,1.40236519886711,0.162243002515283,25,0.74785852175892,0.74785852175892,0,25,0.183435816023752,0.1746739844838,0.0458848080538297,25,0.374154435494662,0.37425396397761,0.00583098763168875,25,0.468300607234882,0.49125983341843,0.0983316333556231,25,0.0874582266193355,0.0860250341952652,0.00593736553344835,25,0.224140323998098,0.233439074539581,0.0475069695409291,25,0.440919119909942,0.439451741831334,0.00926549232407793,25,0.207600419066279,0.207484076324286,0.0123359079469566,25,0.487425246128951,0.486865408312241,0.0126135157648351,25,0.0741967253117954,0.0741519683175513,0.000691057649347318,25,0.0805924473599935,0.0812432378103017,0.00483802747017865,25,1.0835096001322,1.08324961034252,0.00593628519763851,25,0.968742076626734,0.968680559458818,0.00158843373019051,25,0.276359999999995,0.260000000000218,0.0548808406155086,25,0.276359999999995,0.260000000000218,0.0548808406155086,25,0.0204400000000078,0.0199999999999818,0.00050662280514893,25,0.255919999999987,0.239999999999782,0.0547828440298263,25,0,0,0,25
"pretrain","oracle_Z","mixture_fastica_start","ifeval_min30","balanced_moderate_dense_signed_cross","Cross",100,2000,5,"3-3-3-3-3",1.41020573682654,1.40598122691165,0.193687406182593,25,0.74785852175892,0.74785852175892,0,25,0.1875523570018,0.188976501645366,0.0421335481461116,25,0.36166287333869,0.35963454075342,0.00909291475239343,25,0.235646137983049,0.235450839334446,0.0602202080486667,25,0.173012943996419,0.170392317248053,0.0278824141619298,25,0.0868238365903999,0.0830061141109948,0.0312749342204699,25,0.46792646924484,0.467423317706255,0.0103362368980989,25,0.189066570651887,0.190329074934855,0.00600598895339362,25,0.504707243865822,0.505037669948885,0.0106624367931886,25,0.0812246505584188,0.0811957642759893,0.000778740570257728,25,0.0890158860381729,0.0894709079303827,0.00493870613575987,25,1.09114217648877,1.09114181651732,0.00418975392422926,25,0.968595432758312,0.968479033860645,0.00211982784624081,25,0.544280000000581,0.466000000000349,0.208095635064972,25,0.544280000000581,0.466000000000349,0.208095635064972,25,0.0208800000001793,0.0210000000006403,0.000525991127650544,25,0.523400000000402,0.444999999999709,0.208136173373076,25,0,0,0,25
"pretrain","oracle_Z","mixture_fastica_start","ifeval_min30","balanced_moderate_dense_signed_cross","Cross",100,500,10,"2-2-2-2-2-2-2-2-2-2",1.41226227071673,1.41169081491753,0.0634070139830709,25,0.568776528188644,0.568776528188644,0,25,0.207411892428415,0.20087637667592,0.0363085705322364,25,0.385971633234608,0.386717071415764,0.00408535156924176,25,0.454379795143405,0.448436298047455,0.0899375761931724,25,0.101117056037399,0.1005482822665,0.00724871356571961,25,0.218073149475405,0.215349258428013,0.0430118140706185,25,0.826445998759809,0.829034310753819,0.0303308366396535,25,0.242370090844606,0.24432458396959,0.0124884011511526,25,0.861288967596766,0.863512281267597,0.0317943771268428,25,0.118184666938286,0.118473449429707,0.00125860818750983,25,0.179512425829394,0.177526488318524,0.00708160131854482,25,1.26522891218357,1.26944766273685,0.0216369131380674,25,0.934084257082276,0.933751789189018,0.00279673662240344,25,0.50832000000024,0.466000000000349,0.125133502041978,25,0.50832000000024,0.466000000000349,0.125133502041978,25,0.00652000000001863,0.00600000000122236,0.000585946528262215,25,0.501800000000221,0.460000000006403,0.125048657196676,25,0,0,0,25
"pretrain","oracle_Z","mixture_fastica_start","ifeval_min30","balanced_moderate_dense_signed_cross","Cross",100,500,10,"3-3-3-3-3-3-3-3-3-3",1.39157603100399,1.39492813150319,0.0827601366335982,25,0.568776528188644,0.568776528188644,0,25,0.210348569716763,0.197741963442112,0.0511369136000197,25,0.373435447896612,0.374258775893314,0.00564431110282032,25,0.273465523009801,0.278567035375358,0.0464997102231866,25,0.209447815681864,0.205939384840299,0.0243618132704191,25,0.0915315823912443,0.0911482971801394,0.0167902649046566,25,0.872807183776602,0.869512069254311,0.0122580589400124,25,0.251949368893429,0.250522414813618,0.00920845070062446,25,0.908483610251335,0.909642971244183,0.0126675353139498,25,0.124543650090022,0.124701992348367,0.000975016357186578,25,0.183389880040657,0.183090785592609,0.00771702907484043,25,1.29692256799786,1.29703077350279,0.00975110614859836,25,0.933804011250893,0.933563689734113,0.00272870237653356,25,0.887680000001274,0.798999999999069,0.335029192757179,25,0.887680000001274,0.798999999999069,0.335029192757179,25,0.00632000000070548,0.00600000000122236,0.000476095229074052,25,0.881360000000568,0.792999999997846,0.335050727501497,25,0,0,0,25
"pretrain","oracle_Z","mixture_fastica_start","ifeval_min30","balanced_moderate_dense_signed_cross","Cross",100,500,5,"2-2-2-2-2",1.29874768679338,1.27674495022053,0.198012629066843,25,0.745843276530558,0.745843276530558,0,25,0.186622650909651,0.166701600087814,0.0571952813571445,25,0.376442932582228,0.377029106276789,0.00777555901832274,25,0.421569236157017,0.452212207333084,0.12336966955612,25,0.0897493872296515,0.089399454782279,0.00884761767867803,25,0.19989429149374,0.216509965432381,0.0601374568745637,25,0.495702991416488,0.495209468893965,0.015175244723843,25,0.207125478864037,0.206655591263634,0.0102475881561973,25,0.53731025831237,0.53518039667102,0.015876970909002,25,0.0795301520147517,0.0794240863266863,0.00128382253212516,25,0.133115590792111,0.131669609403275,0.00597006658397694,25,1.1029067075602,1.1017987885178,0.00765448608855102,25,0.965020327312643,0.965297846651056,0.00298405128178146,25,0.22592,0.213000000000022,0.0415871775110213,25,0.22592,0.213000000000022,0.0415871775110213,25,0.00631999999999777,0.00600000000000023,0.000476095228573345,25,0.219600000000002,0.206000000000017,0.0416423262238524,25,0,0,0,25
"pretrain","oracle_Z","mixture_fastica_start","ifeval_min30","balanced_moderate_dense_signed_cross","Cross",100,500,5,"3-3-3-3-3",1.39198735175608,1.40588119826545,0.119496064358031,25,0.745843276530558,0.745843276530558,0,25,0.184474156882926,0.189607258455687,0.0410749049602454,25,0.363735370021489,0.363551813578572,0.00757860273079626,25,0.211286392366227,0.212354668179761,0.0432752856141999,25,0.172634292690491,0.163055004632166,0.0227777035295705,25,0.0694660181377,0.0679265029709139,0.0145134506969455,25,0.548720366308802,0.545280536325081,0.0159567275008504,25,0.200343332070618,0.201729559345612,0.00721170872221843,25,0.584189723642426,0.582709203425275,0.0160798384770864,25,0.0874107538706294,0.0874850435632684,0.00130800527109305,25,0.142696969507666,0.142784942070988,0.00665157011394826,25,1.12572085753137,1.12498084406168,0.00844651676483682,25,0.96447514303628,0.965473763620456,0.0037606066130912,25,0.39739999999998,0.356999999999971,0.0811916457117486,25,0.39739999999998,0.356999999999971,0.0811916457117486,25,0.00631999999990512,0.00599999999940337,0.000476095228679252,25,0.391080000000074,0.350000000000364,0.0810313313890572,25,0,0,0,25
"pretrain","oracle_Z","mixture_fastica_start","ifeval_min30","balanced_moderate_dense_signed_cross","Cross",200,1000,10,"2-2-2-2-2-2-2-2-2-2",1.39332811495402,1.39962945594248,0.0742463904709937,25,0.579328975000393,0.579328975000393,0,25,0.142752092225993,0.143663248151824,0.0212165389233687,25,0.387046611543882,0.386744909418388,0.00291344231629558,25,0.429615412109172,0.432727977365935,0.11490728171702,25,0.0684123617649025,0.054093930590701,0.0687363926547122,25,0.205258242209482,0.206952959445655,0.0548492474696852,25,0.483727708440423,0.484635256387348,0.00474222996012836,25,0.167970354513414,0.167798783014526,0.0063060034220949,25,0.512088490327924,0.51135059376558,0.00574440209759605,25,0.080428856876641,0.0805023803625629,0.00050568622618208,25,0.121358052151655,0.121028724327487,0.00249348023503188,25,1.09231687753459,1.09242159162675,0.00295240196510838,25,0.966665932110543,0.966322223469791,0.001199956432913,25,0.667880000000587,0.642999999996391,0.0854577478456988,25,0.667880000000587,0.642999999996391,0.0854577478456988,25,0.0490800000002491,0.0489999999990687,0.00027688746180331,25,0.618800000000338,0.593999999997322,0.0854902528565403,25,0,0,0,25
"pretrain","oracle_Z","mixture_fastica_start","ifeval_min30","balanced_moderate_dense_signed_cross","Cross",200,1000,10,"3-3-3-3-3-3-3-3-3-3",1.40371873666316,1.40647832825634,0.0558291377039298,25,0.579328975000393,0.579328975000393,0,25,0.147463431976759,0.145434393212328,0.0280267192117668,25,0.373271988757107,0.373671263975916,0.00531152082700371,25,0.206272859624892,0.197526697973682,0.0369528631619513,25,0.0948109109273413,0.0952480210681205,0.00720057155027984,25,0.0673126442970683,0.0644270547635662,0.0109736117547432,25,0.482034172023129,0.483124419288171,0.0100520280903903,25,0.137801620491407,0.136877088217379,0.00574292262239755,25,0.501359269747574,0.502019724930937,0.0108865215824496,25,0.0855374822852695,0.0855911481724958,0.000591659592482784,25,0.125277908701028,0.125703409787796,0.0037514008603988,25,1.08770111141623,1.08806088284653,0.00550584756731483,25,0.967105876737504,0.966952736318906,0.0014821584612808,25,1.15923999999999,1.06399999999849,0.311357281376385,25,1.15923999999999,1.06399999999849,0.311357281376385,25,0.0485600000002887,0.0489999999990687,0.000506622804911065,25,1.1106799999997,1.01499999999942,0.31142089953463,25,0,0,0,25
"pretrain","oracle_Z","mixture_fastica_start","ifeval_min30","balanced_moderate_dense_signed_cross","Cross",200,1000,5,"2-2-2-2-2",1.41354014327414,1.4139350603543,0.106081670471599,25,0.745360614325595,0.745360614325595,0,25,0.127188487820582,0.124759119636743,0.0317625728960165,25,0.377869405282904,0.378089204119576,0.00481569805683298,25,0.461101736070966,0.458747426505796,0.0656133580359844,25,0.0474443662307596,0.0470346909985846,0.00360483419630872,25,0.222391646732265,0.217243982603534,0.0317065640542962,25,0.367510897378608,0.366636807539348,0.00938148842914368,25,0.18598912668843,0.186303138345268,0.0119345322212567,25,0.411958855236675,0.411717200909254,0.0132029076480946,25,0.0556453139650116,0.055713973813323,0.000590358928377402,25,0.0957211908418692,0.095918295197511,0.00264790424626169,25,1.06446129317694,1.06381457318076,0.00571020811036279,25,0.982071023480152,0.982072751442364,0.00165296486025681,25,0.398720000000048,0.375000000000455,0.0754577806900566,25,0.398720000000048,0.375000000000455,0.0754577806900566,25,0.0494800000000032,0.0489999999999782,0.00161038297717478,25,0.349240000000045,0.326000000000022,0.0755790314836278,25,0,0,0,25
"pretrain","oracle_Z","mixture_fastica_start","ifeval_min30","balanced_moderate_dense_signed_cross","Cross",200,1000,5,"3-3-3-3-3",1.41317005119493,1.41626193909141,0.151042133762648,25,0.745360614325595,0.745360614325595,0,25,0.136478513284407,0.130645975826453,0.0354296584160644,25,0.3622840239908,0.362145567965089,0.00471108544619041,25,0.211052264621716,0.213292436381382,0.0416131967607128,25,0.0842901271053974,0.0845253408570126,0.0082154781049582,25,0.0674534253580206,0.06803370026623,0.0118765891172791,25,0.33287185473199,0.33306676229353,0.00546245240978388,25,0.128595313982097,0.127691915422542,0.00394253238751401,25,0.356861617548886,0.357880148422694,0.00593182108237661,25,0.0602823288752034,0.0602868069643936,0.000564714190698347,25,0.100494563135998,0.100019987621166,0.00367244736541427,25,1.04487342045813,1.04548221882902,0.00227942857409746,25,0.982680213944123,0.982500931865109,0.00117379355146592,25,0.806839999999647,0.718999999997322,0.503440138779333,25,0.806839999999647,0.718999999997322,0.503440138779333,25,0.0689599999999336,0.0740000000005239,0.0143569959719692,25,0.737879999999714,0.643000000000029,0.500189407458778,25,0,0,0,25
"pretrain","oracle_Z","mixture_fastica_start","ifeval_min30","balanced_moderate_dense_signed_cross","Cross",200,1500,10,"2-2-2-2-2-2-2-2-2-2",1.39051038279874,1.40268875520967,0.0520866184458165,25,0.583088680632177,0.583088680632177,0,25,0.15089083377655,0.142371410236661,0.0345447905262298,25,0.386801213730855,0.386325566280539,0.00296318002483553,25,0.433594396004295,0.442682494641651,0.0725239257253159,25,0.0641688869674951,0.0555358999275005,0.0306469368860644,25,0.208910873185638,0.213636734386901,0.0352361623160326,25,0.467899150311131,0.469097830399825,0.00644612506400104,25,0.169156776713673,0.169029804338982,0.00805155139772288,25,0.497574336196099,0.500192195915679,0.00826228485415365,25,0.0778741943170835,0.0777900033150806,0.00063768792144797,25,0.10549360903476,0.105774339402847,0.00279422602971348,25,1.08815334011971,1.08934996297805,0.00425637310373853,25,0.969191932060012,0.969091903306528,0.00142056792212304,25,0.729800000000687,0.682999999997264,0.110020452643384,25,0.729800000000687,0.682999999997264,0.110020452643384,25,0.0676800000004005,0.0679999999993015,0.000556776436004392,25,0.662120000000286,0.615999999994528,0.110145857843079,25,0,0,0,25
"pretrain","oracle_Z","mixture_fastica_start","ifeval_min30","balanced_moderate_dense_signed_cross","Cross",200,1500,10,"3-3-3-3-3-3-3-3-3-3",1.42090538771846,1.4114634808285,0.0579040834159162,25,0.583088680632177,0.583088680632177,0,25,0.154951017729655,0.15534022905374,0.0228533585395313,25,0.375724519608494,0.37605354292221,0.00371538557012958,25,0.206918181415847,0.212595827115577,0.0276251033312241,25,0.0908196528442977,0.091260840140506,0.00680637352783718,25,0.0676884027475036,0.0683264030512773,0.00824284337812332,25,0.455611107230247,0.457723843980189,0.00627478485456251,25,0.135775512468962,0.135312697489279,0.00339012388851269,25,0.475419461776341,0.477144051302441,0.00658576530197966,25,0.0826753459518607,0.0827348282064493,0.000503741838241099,25,0.106459667362208,0.106151348730954,0.00283098932140972,25,1.07770869159077,1.07812507618018,0.00291294297574049,25,0.968668782857164,0.968623266077226,0.00134756124101723,25,1.04835999999894,0.895999999993364,0.283140406867912,25,1.04835999999894,0.895999999993364,0.283140406867912,25,0.0669999999983702,0.0669999999954598,0.000816496581094068,25,0.981360000000568,0.828999999997905,0.283368264516373,25,0,0,0,25
"pretrain","oracle_Z","mixture_fastica_start","ifeval_min30","balanced_moderate_dense_signed_cross","Cross",200,1500,5,"2-2-2-2-2",1.45460361635692,1.42445585201379,0.128519005764019,25,0.749289957829839,0.749289957829839,0,25,0.128964745515425,0.133094975108058,0.0333495053241023,25,0.376181547044248,0.376332814207238,0.00439626123218635,25,0.451943879039596,0.470290548091149,0.0891827340872643,25,0.0470601925652831,0.0455872736175234,0.00451612825916385,25,0.217991510722076,0.227991230696635,0.0433893993654382,25,0.367451547609815,0.364607773829803,0.00894621820598591,25,0.191114629212166,0.188735493442906,0.0116854078556791,25,0.414244547492236,0.411185834906071,0.0126990996469227,25,0.0542553175615404,0.0542235375261621,0.000419768407291935,25,0.0815646787789466,0.0813900104280748,0.0019428949597042,25,1.0663928178596,1.06541772886755,0.00492939198494024,25,0.983118881898231,0.983129579764511,0.00104178601905608,25,0.418120000000054,0.409999999999854,0.0416996402862936,25,0.418120000000054,0.409999999999854,0.0416996402862936,25,0.0675600000000122,0.0679999999993015,0.000506622805123498,25,0.350560000000041,0.342999999999847,0.0416263938705907,25,0,0,0,25
"pretrain","oracle_Z","mixture_fastica_start","ifeval_min30","balanced_moderate_dense_signed_cross","Cross",200,1500,5,"3-3-3-3-3",1.37083915952715,1.40919708318241,0.163509735407049,25,0.749289957829839,0.749289957829839,0,25,0.13287715083695,0.128788572314898,0.0299867933462059,25,0.361979275770509,0.362817551788664,0.00523620546066426,25,0.213387205078204,0.212077062204867,0.0447373567611469,25,0.0867243286992394,0.0850102569220021,0.0097742300890239,25,0.068413460454326,0.0683320912599372,0.013544417947135,25,0.320430763762224,0.320544193458334,0.00492973501258296,25,0.12792810342947,0.127484985010829,0.00419841110499686,25,0.345037296005692,0.345162332455857,0.00568167400880661,25,0.0586815651030639,0.0586933321124454,0.000306602063438054,25,0.0862205183360288,0.0862401332682308,0.00332136485252085,25,1.04158237971663,1.04203947748266,0.00220075069828742,25,0.983295139188394,0.98319423215749,0.00124223698068426,25,0.78859999999986,0.774999999997817,0.0558106919263257,25,0.78859999999986,0.774999999997817,0.0558106919263257,25,0.102319999999891,0.101999999998952,0.0011445523153968,25,0.68627999999997,0.669999999998254,0.0562016607110024,25,0,0,0,25
"pretrain","oracle_Z","mixture_fastica_start","ifeval_min30","balanced_moderate_dense_signed_cross","Cross",200,2000,10,"2-2-2-2-2-2-2-2-2-2",1.38465459953105,1.39927244024687,0.0528941713127358,25,0.581019736017126,0.581019736017126,0,25,0.145695488326662,0.144728163049048,0.0193204381633124,25,0.38657566650528,0.386625492188269,0.00266817358247187,25,0.403025573137673,0.403904072483212,0.0851307741579044,25,0.0548067255814372,0.0546400032363883,0.00313024458815509,25,0.19393408032633,0.194697971862267,0.0412410204924979,25,0.460534685995996,0.458660858444856,0.00605082626401346,25,0.170185616889192,0.168491782186432,0.00761511093243288,25,0.491001575349846,0.489287011383072,0.00814021151868343,25,0.076697653505345,0.0766664881524717,0.00040993753884298,25,0.0959084999599886,0.0957579479509384,0.0021614905366633,25,1.08600369297752,1.0849098553801,0.00371292755919703,25,0.96994704140821,0.969952388083884,0.00115023295449844,25,0.791280000001425,0.726000000002387,0.205999296115805,25,0.791280000001425,0.726000000002387,0.205999296115805,25,0.0862400000009802,0.0860000000029686,0.000435889893524799,25,0.705040000000445,0.639999999999418,0.206071686555784,25,0,0,0,25
"pretrain","oracle_Z","mixture_fastica_start","ifeval_min30","balanced_moderate_dense_signed_cross","Cross",200,2000,10,"3-3-3-3-3-3-3-3-3-3",1.39082656065894,1.39996313053686,0.0563077538103845,25,0.581019736017126,0.581019736017126,0,25,0.151231273557058,0.144943372800681,0.0296698840651846,25,0.374246841710981,0.374914349737134,0.00347023290477791,25,0.206349485508869,0.206469290052855,0.0317898374981424,25,0.103237470480715,0.093783103545334,0.0322663079860165,25,0.0667462863800131,0.0684153414638955,0.00915462589421978,25,0.441669640940852,0.441941411607575,0.00469710817160983,25,0.133472515052038,0.133075863486382,0.00355098387438174,25,0.461404749307933,0.460956170181868,0.00519682779908051,25,0.0812478968469767,0.0812151823711865,0.000518501575691688,25,0.0963514444226316,0.0955102093099193,0.00250638973283033,25,1.07257848363718,1.07275626689469,0.0026035571055348,25,0.96955311713461,0.969625115456188,0.00122165630469883,25,1.30500000000291,1.14800000000105,0.39532507720661,25,1.30500000000291,1.14800000000105,0.39532507720661,25,0.0848800000012852,0.0850000000064028,0.000725718033879875,25,1.22012000000163,1.06299999999464,0.395383391997039,25,0,0,0,25
"pretrain","oracle_Z","mixture_fastica_start","ifeval_min30","balanced_moderate_dense_signed_cross","Cross",200,2000,5,"2-2-2-2-2",1.38917513022365,1.40518774796155,0.130590442336424,25,0.74785852175892,0.74785852175892,0,25,0.139256064368827,0.130126998712628,0.0447766281358278,25,0.374842156947094,0.375712196763873,0.00558463090266631,25,0.401139245128571,0.427493979337448,0.134536137631588,25,0.0466690344939126,0.0461698448196261,0.00334005281795962,25,0.19213623093558,0.205438462501266,0.0650906570045134,25,0.361981446505918,0.362826816119519,0.00904608907699671,25,0.187651064541368,0.191500813426578,0.0129154163631753,25,0.407804841336852,0.40946707459072,0.0135936236345495,25,0.0535816419187787,0.05362469484489,0.000418962057458606,25,0.074228050719458,0.074334738594759,0.00195010324193347,25,1.06421402352566,1.06457871727308,0.00519837597811285,25,0.983373889877573,0.98332713443942,0.00110758425290328,25,0.439800000000068,0.440000000000509,0.0120173485705395,25,0.439800000000068,0.440000000000509,0.0120173485705395,25,0.0863999999999942,0.0860000000002401,0.000707106781201982,25,0.353400000000074,0.353000000000065,0.0120692446600348,25,0,0,0,25
"pretrain","oracle_Z","mixture_fastica_start","ifeval_min30","balanced_moderate_dense_signed_cross","Cross",200,2000,5,"3-3-3-3-3",1.39564626013077,1.41736096620854,0.180976804038126,25,0.74785852175892,0.74785852175892,0,25,0.122347235321184,0.11695897852518,0.0325932767368349,25,0.36346985228438,0.363756435179282,0.00572332249746451,25,0.195728094140674,0.194690177760557,0.0530897233077888,25,0.0908778433515307,0.0797555435799082,0.0407730166620926,25,0.0659615887519956,0.061841630568056,0.0157581088777741,25,0.317363843104334,0.314858367762338,0.00718439416644564,25,0.129342476338327,0.128368609187306,0.00562910940466056,25,0.342725787686798,0.339596284502067,0.00843417195392503,25,0.0579425548894361,0.0578715862601091,0.00033174853679531,25,0.0793454924950337,0.0791993003613466,0.002659033862711,25,1.04141975122519,1.04024413681544,0.00292086787455913,25,0.983874555443308,0.983788867591035,0.00112029762064924,25,0.849440000000322,0.828000000001339,0.087015362627707,25,0.849440000000322,0.828000000001339,0.087015362627707,25,0.131839999999793,0.130000000001019,0.00498062914401157,25,0.71760000000053,0.69800000000032,0.0870234642686076,25,0,0,0,25
"pretrain","oracle_Z","mixture_fastica_start","ifeval_min30","balanced_moderate_dense_signed_cross","Cross",200,500,10,"2-2-2-2-2-2-2-2-2-2",1.41472441605098,1.40659329004027,0.0508229107806223,25,0.568776528188644,0.568776528188644,0,25,0.142516012279028,0.142114051279954,0.0214908232161812,25,0.386941910570186,0.386723952790427,0.00278573588686808,25,0.462903086436606,0.465127406399668,0.0661769456553193,25,0.0569095913624211,0.056748079411061,0.00333970255337818,25,0.223668803376321,0.222491349346362,0.0322584848743406,25,0.541667304671492,0.540063530237903,0.011183251883791,25,0.163217708442966,0.165033186635514,0.00527293355923674,25,0.565739438874391,0.563721683686806,0.0115978982703409,25,0.0877808077482149,0.0878848576987184,0.000943453622527558,25,0.162039543438577,0.162563078992967,0.00381566038729594,25,1.11357148381507,1.11319871121234,0.00642810115959491,25,0.962099609899862,0.962621341648046,0.00231179427398818,25,0.717759999999544,0.614000000001397,0.271258529821041,25,0.717759999999544,0.614000000001397,0.271258529821041,25,0.030559999999823,0.0309999999954016,0.000583095189769698,25,0.687199999999721,0.583999999995285,0.271340653055033,25,0,0,0,25
"pretrain","oracle_Z","mixture_fastica_start","ifeval_min30","balanced_moderate_dense_signed_cross","Cross",200,500,10,"3-3-3-3-3-3-3-3-3-3",1.41781980810247,1.41021446720659,0.0798312614099316,25,0.568776528188644,0.568776528188644,0,25,0.14860675596061,0.155670982256458,0.0243059613959919,25,0.371781972062679,0.371743757553949,0.00359378294341784,25,0.205310247833694,0.204437900107969,0.0349315843765433,25,0.0964187318156328,0.093345388472635,0.0147130831317403,25,0.0675281549732521,0.0688055986204301,0.0105917256713284,25,0.566789368897829,0.568094295210944,0.012690841715196,25,0.147712608428562,0.147580759738414,0.00586116821938987,25,0.585741924121206,0.585331890692,0.0130382465126278,25,0.0930543134431535,0.0930898257229635,0.000854930859150909,25,0.167893763185479,0.167801799251269,0.00501966946415846,25,1.12349893486374,1.12324201235054,0.00633933375273567,25,0.961865948815618,0.962133614570766,0.00217169998850843,25,1.03768000000506,0.976999999998952,0.278807089816478,25,1.03768000000506,0.976999999998952,0.278807089816478,25,0.0302800000022398,0.0299999999988358,0.00045825756845106,25,1.00740000000282,0.946000000010827,0.278844042432718,25,0,0,0,25
"pretrain","oracle_Z","mixture_fastica_start","ifeval_min30","balanced_moderate_dense_signed_cross","Cross",200,500,5,"2-2-2-2-2",1.4132041671466,1.41026834956255,0.171814090346968,25,0.745843276530558,0.745843276530558,0,25,0.133415603288822,0.128736591139233,0.0337927577027457,25,0.378178097392019,0.378893476603641,0.00440942511697713,25,0.431741360585696,0.437751349419133,0.125676423872239,25,0.0492580222817752,0.0486348173374443,0.00321834652139237,25,0.207787753340335,0.209368090479732,0.0608283273949815,25,0.386816197776583,0.387474048945584,0.00571780171447612,25,0.170639145317177,0.172921720667481,0.0114409277454229,25,0.42287127733523,0.422208139360132,0.00920915206788643,25,0.0596569493678955,0.0595285388716435,0.000729190449938004,25,0.126328578668739,0.126179491404862,0.00278679313473974,25,1.06583926878827,1.06618781870564,0.004049585606193,25,0.97925123771377,0.978973617254588,0.00224861177130177,25,0.377440000000133,0.346000000000458,0.0907170876957838,25,0.377440000000133,0.346000000000458,0.0907170876957838,25,0.0304400000000533,0.0300000000002001,0.000506622805099562,25,0.34700000000008,0.316000000000258,0.0905584525781,25,0,0,0,25
"pretrain","oracle_Z","mixture_fastica_start","ifeval_min30","balanced_moderate_dense_signed_cross","Cross",200,500,5,"3-3-3-3-3",1.39490577313763,1.40801963042021,0.142578992701938,25,0.745843276530558,0.745843276530558,0,25,0.128636757133285,0.125041913352815,0.0238963078793923,25,0.36363646332658,0.36425735448024,0.00602226477057644,25,0.195586523656227,0.189593466053327,0.0571822277097178,25,0.0847325900985541,0.0837294044193499,0.00829583761179146,25,0.0650006035360207,0.0616328478075416,0.01624551672188,25,0.377161076333466,0.376493137330252,0.00872995929180433,25,0.129566169520905,0.129218220422516,0.00468306607877278,25,0.398809893391319,0.398150315672508,0.0092846358186026,25,0.0648068781593731,0.0649504147706999,0.000733581267337631,25,0.132358270243932,0.132016219227538,0.00457924229275471,25,1.05663547704045,1.05657969455185,0.00415497492518295,25,0.979455121165544,0.979016499207328,0.00210933775120988,25,0.541199999999808,0.527000000001863,0.0442163242857495,25,0.541199999999808,0.527000000001863,0.0442163242857495,25,0.0311199999999371,0.0309999999990396,0.000331662479231079,25,0.510079999999871,0.495999999999185,0.0442652233703111,25,0,0,0,25
"pretrain","oracle_Z","mixture_fastica_start","ifeval_min30","balanced_moderate_dense_signed_cross","Cross",400,1000,10,"2-2-2-2-2-2-2-2-2-2",1.40919343983729,1.41580852685533,0.0734361316331701,25,0.579328975000393,0.579328975000393,0,25,0.0998878338722362,0.0947910925884651,0.0235008024451861,25,0.388456743975145,0.388983689025909,0.00230978818712457,25,0.423770293532166,0.42859226249561,0.0684841565253839,25,0.030400388552053,0.0300939276666795,0.00170156973768735,25,0.205346803863021,0.208627511459935,0.0330776753339809,25,0.407224843064614,0.408374243906137,0.00629922951562401,25,0.158344909063588,0.159840559481971,0.00720512099559552,25,0.43695323770371,0.439521093128197,0.00822732959725883,25,0.060933470727821,0.0608774946545211,0.000314096925603474,25,0.114819494445946,0.114813675608775,0.00106031797828583,25,1.07281963317905,1.07336467858751,0.00324627463279367,25,0.980679785519031,0.980528242737399,0.00122594608674117,25,1.22096000000107,1.20500000000175,0.0674947405361844,25,1.22096000000107,1.20500000000175,0.0674947405361844,25,0.223079999999609,0.222999999998137,0.00210000000037008,25,0.99788000000146,0.983000000000175,0.0675890277090134,25,0,0,0,25
"pretrain","oracle_Z","mixture_fastica_start","ifeval_min30","balanced_moderate_dense_signed_cross","Cross",400,1000,10,"3-3-3-3-3-3-3-3-3-3",1.40265238595513,1.40375121831485,0.0605850430736214,25,0.579328975000393,0.579328975000393,0,25,0.106015237470093,0.10670274911984,0.0174150041638835,25,0.374569602984158,0.374949966552141,0.00261139700715635,25,0.20013319009984,0.204090287555571,0.0311721389901669,25,0.048933388353017,0.0487013229505523,0.00262484279695485,25,0.0629060291694623,0.0634140989138375,0.009226780253037,25,0.352218360247662,0.352528662517539,0.00338364053227438,25,0.0965888367166625,0.0969593900949881,0.00298594171979967,25,0.365232395056297,0.365291374315862,0.00353914885424553,25,0.064146964403932,0.064212589616563,0.000307593243973812,25,0.115385746978686,0.115211878870408,0.00175640792175712,25,1.0460526424623,1.04579595550274,0.00151699846968688,25,0.981086408861444,0.981265355979626,0.00106418866832894,25,1.48267999999749,1.42899999998917,0.166472900696056,25,1.48267999999749,1.42899999998917,0.166472900696056,25,0.218159999998752,0.217999999993481,0.00321039976686029,25,1.26451999999874,1.21300000000338,0.166654362878045,25,0,0,0,25
"pretrain","oracle_Z","mixture_fastica_start","ifeval_min30","balanced_moderate_dense_signed_cross","Cross",400,1000,5,"2-2-2-2-2",1.34550761854329,1.41808913067077,0.30347074350906,25,0.745360614325595,0.745360614325595,0,25,0.0995958132297636,0.102222936005049,0.0168137062429502,25,0.379265623832746,0.378715353559683,0.00282321050734307,25,0.365793520230847,0.389194691251212,0.150249280904508,25,0.0257159533483156,0.0254755958991892,0.00149168484376336,25,0.176449172473062,0.188192056191013,0.0736101336874515,25,0.334876372400304,0.335301431943936,0.00652626899766879,25,0.181200884600304,0.182816291641688,0.00860570937409323,25,0.380791715576988,0.38183310157942,0.00944276199226054,25,0.0421708431635707,0.0422342109422894,0.000259127457161937,25,0.0923303529678947,0.0924520822494571,0.00194644230803129,25,1.06087327369928,1.06158139916859,0.00349507833778047,25,0.990467251038427,0.990626513339013,0.00100259824383603,25,0.782879999999932,0.761999999999716,0.0975449981632193,25,0.782879999999932,0.761999999999716,0.0975449981632193,25,0.223680000000022,0.222999999999956,0.0040178767195587,25,0.55919999999991,0.539999999999054,0.0975696332540639,25,0,0,0,25
"pretrain","oracle_Z","mixture_fastica_start","ifeval_min30","balanced_moderate_dense_signed_cross","Cross",400,1000,5,"3-3-3-3-3",1.374005753686,1.4105809304289,0.164924589829944,25,0.745360614325595,0.745360614325595,0,25,0.0906800504647675,0.0891369571194837,0.0197382615559174,25,0.361742425707505,0.363249727182918,0.00502517006145526,25,0.173961050502345,0.170407982282179,0.0560392797127077,25,0.0440871449912259,0.044539792193574,0.00393244405791014,25,0.0560420898813303,0.0548604255917297,0.0151483539626713,25,0.257489125772237,0.257202561184067,0.00429092950671014,25,0.0971632153759783,0.0984915301075488,0.00381914913124526,25,0.275225623516732,0.274746250988758,0.00498691308670604,25,0.0453037116827487,0.0452819488830207,0.000295220226086508,25,0.0959578519727277,0.0959118972054592,0.0017388235205715,25,1.02763869871895,1.02759497760592,0.00186737207124206,25,0.990405306245073,0.990609620287446,0.0012603617262456,25,37.2670000000008,1.33599999999933,179.627278992269,25,37.2670000000008,1.33599999999933,179.627278992269,25,36.2792800000003,0.336999999999534,179.698817344355,25,0.987720000000554,1.0089999999982,0.1397439682655,25,0,0,0,25
"pretrain","oracle_Z","mixture_fastica_start","ifeval_min30","balanced_moderate_dense_signed_cross","Cross",400,1500,10,"2-2-2-2-2-2-2-2-2-2",1.38795962515193,1.40942113225106,0.0608240673498804,25,0.583088680632177,0.583088680632177,0,25,0.103679454644088,0.101042616645953,0.022642194159259,25,0.38768570246045,0.388165523795401,0.00197743042418159,25,0.434640960741233,0.434462461565832,0.0603782668296765,25,0.030132207288042,0.030299423948211,0.00219720812299582,25,0.210215647071584,0.210466743319664,0.0290123409341985,25,0.395955564149968,0.394907367710262,0.00662603715012597,25,0.159537227849329,0.157652199015143,0.00717185157498785,25,0.426909836300703,0.426245308224997,0.00868750007618708,25,0.0580750778368221,0.0580340065765907,0.000269345302891837,25,0.0995780373403552,0.0994736449435655,0.00137710298503512,25,1.07105089100895,1.07073004678221,0.00357429081803868,25,0.9829650425913,0.982785375422485,0.000811530817607764,25,1.29131999999838,1.29099999999016,0.0215980709015456,25,1.29131999999838,1.29099999999016,0.0215980709015456,25,0.289839999999385,0.288999999997031,0.00489625707369439,25,1.00147999999899,0.998999999996158,0.0199167433751595,25,0,0,0,25
"pretrain","oracle_Z","mixture_fastica_start","ifeval_min30","balanced_moderate_dense_signed_cross","Cross",400,1500,10,"3-3-3-3-3-3-3-3-3-3",1.39880896898417,1.41205666931687,0.083970677177269,25,0.583088680632177,0.583088680632177,0,25,0.103494074001935,0.0997732974607892,0.0190028395503002,25,0.374691324917386,0.375156468894694,0.00331243102255373,25,0.198392518398775,0.196980767527563,0.0306065141859146,25,0.04774644122697,0.0471035620396677,0.00347084265287013,25,0.0625644026028095,0.0627133029280209,0.00933346577679895,25,0.336689463840761,0.337200665873803,0.00450407588037633,25,0.0992117385147057,0.0994129114386613,0.00423518805265343,25,0.35101937429503,0.351504827217656,0.00508854582799417,25,0.0610268571830701,0.0610674467395789,0.000306519934164032,25,0.0989452342166277,0.0988222920160579,0.00168538838745375,25,1.04293685781968,1.04353630136266,0.0019332122204456,25,0.982762220969668,0.982623319357456,0.000800184086969996,25,1.66299999999872,1.53100000000268,0.36854805204215,25,1.66299999999872,1.53100000000268,0.36854805204215,25,0.285559999999241,0.284999999988941,0.00556087523088252,25,1.37743999999948,1.24700000000303,0.368284432648558,25,0,0,0,25
"pretrain","oracle_Z","mixture_fastica_start","ifeval_min30","balanced_moderate_dense_signed_cross","Cross",400,1500,5,"2-2-2-2-2",1.3837951801632,1.4102141893112,0.0936400486859633,25,0.749289957829839,0.749289957829839,0,25,0.0981891599848831,0.0964458525237259,0.0210247414451676,25,0.376439110133762,0.376243728115764,0.00311511681079259,25,0.436159228200055,0.415832077351985,0.0861711347970472,25,0.025753734879777,0.0259435472347262,0.00195852499502904,25,0.210728465302532,0.199028892341432,0.0416315412050339,25,0.332600364759922,0.334248674206978,0.00666599613642287,25,0.180592159757877,0.181050708913297,0.00819562328093789,25,0.378500519908317,0.379682125257791,0.00918710765696648,25,0.0408005996084953,0.0408230619274384,0.000285156249257597,25,0.0798469007040324,0.0799480169113482,0.00142973073228443,25,1.0604244014751,1.06080750877848,0.00341328760269941,25,0.990806758570272,0.990551702068047,0.00107500570019351,25,0.844360000000379,0.838999999999942,0.0294560124027839,25,0.844360000000379,0.838999999999942,0.0294560124027839,25,0.291320000000269,0.290999999999258,0.00377182537613332,25,0.55304000000011,0.55199999999968,0.0274749582952946,25,0,0,0,25
"pretrain","oracle_Z","mixture_fastica_start","ifeval_min30","balanced_moderate_dense_signed_cross","Cross",400,1500,5,"3-3-3-3-3",1.41706144088976,1.41981658477245,0.153734118953953,25,0.749289957829839,0.749289957829839,0,25,0.0934309154914003,0.086118796320857,0.0264904031586115,25,0.361695646297421,0.362091685682024,0.00393307454321223,25,0.18762195464205,0.184644654324389,0.0390613101052004,25,0.0437626853375419,0.0431324458829123,0.00373670692721172,25,0.0587502363480487,0.0570460769031656,0.0112687124067752,25,0.247034498256092,0.246308059153071,0.00375846894332337,25,0.0974131875459884,0.097788428229159,0.00315904481839323,25,0.265559631876251,0.264387590446387,0.00415779652968514,25,0.0432862059537281,0.043241564874977,0.000295580201351625,25,0.0822002171267603,0.082515509013888,0.00205031810235349,25,1.02551257981713,1.02526008379932,0.00142137012352463,25,0.990790736755473,0.990476247252175,0.0010802077217026,25,1.35420000000013,1.50300000000425,0.226087556784531,25,1.35420000000013,1.50300000000425,0.226087556784531,25,0.296080000000075,0.296000000002095,0.00610273162978758,25,1.05812000000005,1.21100000000297,0.224110523327919,25,0,0,0,25
"pretrain","oracle_Z","mixture_fastica_start","ifeval_min30","balanced_moderate_dense_signed_cross","Cross",400,2000,10,"2-2-2-2-2-2-2-2-2-2",1.41908690771169,1.41326452365367,0.0697593815249394,25,0.581019736017126,0.581019736017126,0,25,0.106505198724307,0.104594753558901,0.0198800694685016,25,0.386619756900394,0.385921762748277,0.00246426026241201,25,0.423284082197581,0.412137659475136,0.0645398957762335,25,0.0286769006204875,0.0286066414705907,0.00168898895018075,25,0.204485430151931,0.198717752288559,0.0310303519567646,25,0.386808513953911,0.388127069411285,0.0069424095657882,25,0.157427056953154,0.156747882873516,0.00892332903407538,25,0.417659795318801,0.417875684865815,0.00952573487900903,25,0.0565427367938653,0.0565688098554205,0.000283500028501563,25,0.0896056059965765,0.0896045469287312,0.0016372720353666,25,1.06811158644772,1.06827599690904,0.00394338950488392,25,0.983627841789251,0.983401037219039,0.000838732538448595,25,1.44859999999928,1.39400000000023,0.25087181321622,25,1.44859999999928,1.39400000000023,0.25087181321622,25,0.354919999999984,0.355000000003201,0.00331561960035336,25,1.09367999999929,1.04099999999744,0.251326102901899,25,0,0,0,25
"pretrain","oracle_Z","mixture_fastica_start","ifeval_min30","balanced_moderate_dense_signed_cross","Cross",400,2000,10,"3-3-3-3-3-3-3-3-3-3",1.42224563975,1.41247245668005,0.0717178874021863,25,0.581019736017126,0.581019736017126,0,25,0.0971289267975772,0.0939387787496031,0.0156603440253069,25,0.374174383394815,0.374325344286485,0.0031133102825493,25,0.201941729014017,0.196091168707298,0.028474902564677,25,0.0526958684883182,0.0477390665525294,0.0245679997998162,25,0.0639023880829018,0.0633969044674964,0.00811198915488845,25,0.328266159455947,0.329504847380899,0.0053661347938494,25,0.100669560928934,0.100247928126679,0.0039478558759169,25,0.343365550611969,0.344406628021342,0.00610125707829763,25,0.0595625848019384,0.0596310969079497,0.000325124454827443,25,0.0895415126151157,0.0897636882165921,0.00197965856591287,25,1.04144925253658,1.04176299800178,0.00218508508841959,25,0.983796651287138,0.983801445149727,0.000910912536983807,25,2.01444000000076,1.67900000000373,0.72907413203342,25,2.01444000000076,1.67900000000373,0.72907413203342,25,0.353559999999707,0.353000000002794,0.00411379792071068,25,1.66088000000105,1.32600000000093,0.72868273388853,25,0,0,0,25
"pretrain","oracle_Z","mixture_fastica_start","ifeval_min30","balanced_moderate_dense_signed_cross","Cross",400,2000,5,"2-2-2-2-2",1.37177412532952,1.40471239484456,0.130008844932996,25,0.74785852175892,0.74785852175892,0,25,0.0983408562235311,0.0926192626285607,0.0287429219518633,25,0.374827661386422,0.374369195194541,0.00378224043228208,25,0.405229600396609,0.404551898158104,0.101052760275858,25,0.0246648955061707,0.0242684897403217,0.00157171643560277,25,0.195357722815905,0.195483375064702,0.0489754966044306,25,0.333294266162945,0.333230654185084,0.00816497161964938,25,0.180740979357072,0.177544472605031,0.0111138528572645,25,0.379203566986405,0.377346177304875,0.0120589424047383,25,0.0399477663312036,0.0399470139284215,0.000249519184984801,25,0.0727083986826351,0.0725487675666059,0.00134805475381008,25,1.06121677699287,1.06059978491393,0.00439666556367286,25,0.99133318469917,0.991213431101912,0.000752221967629054,25,0.957679999999964,0.94800000000032,0.0390936056152136,25,0.957679999999964,0.94800000000032,0.0390936056152136,25,0.360839999999953,0.359999999998763,0.00783517708803041,25,0.596840000000011,0.590000000000146,0.0350828543117835,25,0,0,0,25
"pretrain","oracle_Z","mixture_fastica_start","ifeval_min30","balanced_moderate_dense_signed_cross","Cross",400,2000,5,"3-3-3-3-3",1.40630848511496,1.41303151922452,0.134021010880706,25,0.74785852175892,0.74785852175892,0,25,0.0944596203609182,0.0947529342916119,0.0262851786262243,25,0.362861056656992,0.362857517659231,0.00280224971476193,25,0.16650459736453,0.159887292138593,0.069415304309763,25,0.0541424110607092,0.0443019085359126,0.0472137222777025,25,0.0536962919212444,0.0535960335930455,0.0181327082682185,25,0.2438317270091,0.243847823833387,0.00476323666560364,25,0.09949235564354,0.0993901524615923,0.00403842026591027,25,0.263364408173069,0.26285286370304,0.00552134180319981,25,0.0424659210061183,0.0424291431165885,0.000293810392203655,25,0.0750818390665668,0.0748635591677884,0.00209584951049213,25,1.02544368241529,1.025053238325,0.00158639249618276,25,0.991268282993402,0.991148372116703,0.000736834448674219,25,1.19872000000003,1.19899999999325,0.0640907689658989,25,1.19872000000003,1.19899999999325,0.0640907689658989,25,0.363080000000191,0.365000000005239,0.00786299349237332,25,0.835639999999839,0.830999999998312,0.0610367921838123,25,0,0,0,25
"pretrain","oracle_Z","mixture_fastica_start","ifeval_min30","balanced_moderate_dense_signed_cross","Cross",400,500,10,"2-2-2-2-2-2-2-2-2-2",1.42368423165597,1.41291008183965,0.064408242677379,25,0.568776528188644,0.568776528188644,0,25,0.0995288198602082,0.098790422264738,0.0193580629552174,25,0.387453011410775,0.387201903610155,0.00199966392043699,25,0.426025839257406,0.438683517485929,0.0866886966300024,25,0.0327183008356615,0.0324393789294076,0.00181888575656361,25,0.206278590275574,0.212467122382499,0.0417791625162253,25,0.432333087625201,0.432479884653945,0.00468731899493826,25,0.13503580848854,0.13453803806232,0.00515917839637611,25,0.452954109549791,0.453748512849058,0.0051828472600111,25,0.0693086806364465,0.0692728418893499,0.000514822127108164,25,0.154902542905683,0.15447776884388,0.00200275688896264,25,1.07447310706224,1.07462802320386,0.00238366916272243,25,0.975779401029083,0.975827175543172,0.00146685113121187,25,1.15968000000168,1.06900000000314,0.441934829283746,25,1.15968000000168,1.06900000000314,0.441934829283746,25,0.119520000000775,0.119000000006054,0.000822597511793469,25,1.04016000000091,0.94999999999709,0.442044085282343,25,0,0,0,25
"pretrain","oracle_Z","mixture_fastica_start","ifeval_min30","balanced_moderate_dense_signed_cross","Cross",400,500,10,"3-3-3-3-3-3-3-3-3-3",1.395496011058,1.40641698521522,0.0788243140123789,25,0.568776528188644,0.568776528188644,0,25,0.0965504187715354,0.097484545400284,0.0158424693953597,25,0.372457081558061,0.372331565574773,0.0022321913006169,25,0.210529255736627,0.205686487005493,0.0372468281521685,25,0.0549798011922563,0.0511918752305189,0.0186186804333774,25,0.0661638360041124,0.0648962984653383,0.0110540332137698,25,0.413652405341205,0.412001414819785,0.00831461876425561,25,0.0957342809525318,0.0965213177460835,0.0038974279912539,25,0.424598940935888,0.423752447097938,0.00854243495255325,25,0.0722969875316616,0.0721121620063994,0.000726982995002711,25,0.157701289090268,0.157123500813847,0.0033038271668916,25,1.06349527143034,1.06290683623748,0.00371924185350367,25,0.976550260271942,0.976451685236373,0.00151888455339324,25,1.3583600000001,1.33400000000256,0.133154321500346,25,1.3583600000001,1.33400000000256,0.133154321500346,25,0.11792000000074,0.11699999999837,0.00399916657895968,25,1.24043999999936,1.21499999999651,0.13280784364505,25,0,0,0,25
"pretrain","oracle_Z","mixture_fastica_start","ifeval_min30","balanced_moderate_dense_signed_cross","Cross",400,500,5,"2-2-2-2-2",1.41256543128124,1.41511330317181,0.111766984645839,25,0.745843276530558,0.745843276530558,0,25,0.102155499572929,0.105847615727995,0.0266586924275605,25,0.378932155542849,0.379306850932131,0.00334223743681744,25,0.445143572493205,0.478611244771283,0.124839560455011,25,0.0277333074625369,0.0273761417686083,0.00174798979303631,25,0.215088199553493,0.231327688784908,0.0609620332061623,25,0.337023885626065,0.33778075408729,0.00637181485445256,25,0.154720677452021,0.151735812638257,0.009144039473518,25,0.370892015989737,0.369540646649253,0.00923900990747658,25,0.0470453069695262,0.0469779365504373,0.000418818520547589,25,0.122738645299233,0.123069481807063,0.00230327268767028,25,1.05431216649005,1.05448682493368,0.00331693419210528,25,0.98739161107541,0.987234379904176,0.00131272652092355,25,0.641239999999998,0.639000000000124,0.0178168459610718,25,0.641239999999998,0.639000000000124,0.0178168459610718,25,0.120120000000024,0.119999999999891,0.000927361849519468,25,0.521119999999973,0.518000000000029,0.0176288589155809,25,0,0,0,25
"pretrain","oracle_Z","mixture_fastica_start","ifeval_min30","balanced_moderate_dense_signed_cross","Cross",400,500,5,"3-3-3-3-3",1.35957421919316,1.4079418447204,0.147841779606034,25,0.745843276530558,0.745843276530558,0,25,0.0969758741327296,0.0975918666854905,0.0249338607677545,25,0.362528257046668,0.36244730741559,0.00397422226903617,25,0.18798838966586,0.181392900627084,0.0505105458542262,25,0.0468402650125712,0.0461391971164529,0.00516818205154294,25,0.0600495180332365,0.0581301186387887,0.0145676068143501,25,0.29138101993554,0.290960102877372,0.00493148783830449,25,0.0926899356797057,0.0935458600372313,0.00347306862359946,25,0.30578309973081,0.305642454048024,0.00519869583466574,25,0.0502291416688284,0.0501998729065835,0.000411181424291147,25,0.12747843923946,0.127578770848725,0.00298147662759731,25,1.03290354579698,1.03261950723974,0.0020102144936509,25,0.987099211095825,0.98693616289068,0.00194811306975175,25,1.16467999999964,1.17000000000189,0.0394342490739523,25,1.16467999999964,1.17000000000189,0.0394342490739523,25,0.1823199999996,0.181000000000495,0.00282429932282907,25,0.982360000000044,0.989000000001397,0.0386758753405179,25,0,0,0,25
"pretrain","oracle_Z","mixture_identity_start","ifeval_min30","balanced_moderate_dense_signed_cross","Cross",100,1000,10,"2-2-2-2-2-2-2-2-2-2",1.37941182487012,1.40642394055403,0.216093565127858,25,0.579328975000393,0.579328975000393,0,25,0.19477901579615,0.193168766303301,0.0317991625412648,25,0.386517217484781,0.386071760149778,0.00390254962111555,25,0.425885961395379,0.449865885054151,0.0999270187808456,25,0.10635919095078,0.104354860128485,0.0198101798813253,25,0.205126158419252,0.216476559665579,0.0480397366890541,25,0.706786463906576,0.698156066696333,0.0267519510487588,25,0.221568698041698,0.220369809123347,0.00840112796734348,25,0.740721577927171,0.731527676373428,0.0275025284658501,25,0.111126495292446,0.110936957298058,0.00136279782377071,25,0.137561588158752,0.137342769692898,0.00548569284594712,25,1.19181203480549,1.18730220244246,0.0175957698972726,25,0.938319581939339,0.938249520214605,0.00245072886878339,25,0.704840000000841,0.608000000007451,0.22772181128107,25,0.704840000000841,0.608000000007451,0.22772181128107,25,0.0112400000006892,0.010999999998603,0.000435889894665432,25,0.693600000000151,0.597000000001572,0.227692592471858,25,0,0,0,25
"pretrain","oracle_Z","mixture_identity_start","ifeval_min30","balanced_moderate_dense_signed_cross","Cross",100,1000,10,"3-3-3-3-3-3-3-3-3-3",1.40491720011797,1.40564716727139,0.107765182253259,25,0.579328975000393,0.579328975000393,0,25,0.207039669028342,0.206186888329365,0.038934597886288,25,0.373255230995066,0.373189131140286,0.00580061715481888,25,0.250306948116058,0.255336137377742,0.0392829299569297,25,0.201839316799973,0.201967766569383,0.0232433287563848,25,0.0856304643508794,0.0780512775572372,0.0232414830514273,25,0.780762138697338,0.78199204262316,0.0268376809675444,25,0.240973346819714,0.241126827126966,0.0141030823105794,25,0.817139427696907,0.818568297679695,0.0292834305443309,25,0.117919710978672,0.118170615819202,0.000952751589448159,25,0.144001043989406,0.144204703317444,0.00639345750817457,25,1.24100674116261,1.24076302690834,0.0181623081839152,25,0.938840688370483,0.938759062289148,0.00234478463324848,25,1.09568000000174,0.994000000006054,0.351853984865238,25,1.09568000000174,0.994000000006054,0.351853984865238,25,0.0112400000015623,0.011000000005879,0.000435889894164667,25,1.08444000000018,0.983000000000175,0.3519903028959,25,0,0,0,25
"pretrain","oracle_Z","mixture_identity_start","ifeval_min30","balanced_moderate_dense_signed_cross","Cross",100,1000,5,"2-2-2-2-2",1.42278782750811,1.53672716186688,0.256827604524121,25,0.745360614325595,0.745360614325595,0,25,0.179954529304616,0.17066528476845,0.0360404734142534,25,0.378779553553163,0.378846478778808,0.00634919686990923,25,0.440186305306357,0.432983098552814,0.100050096313961,25,0.0866485919452021,0.0861826392732376,0.00543754951981722,25,0.211761850170162,0.210141668227511,0.0476927336949633,25,0.460400244298196,0.458052829954951,0.0100375141260055,25,0.21043114529708,0.209013095154886,0.0102380380220136,25,0.506273232942697,0.501898392923379,0.0118326796109477,25,0.0760164815580854,0.0757128984315994,0.00103120160891891,25,0.101742450299413,0.101549268785781,0.00565530610807132,25,1.09021160249677,1.0905135183903,0.00631610562531611,25,0.966876670162941,0.96715810393873,0.00262273215696896,25,0.297160000000003,0.247000000000071,0.0877309713461262,25,0.297160000000003,0.247000000000071,0.0877309713461262,25,0.0109999999999945,0.0109999999999673,0.000408248290465812,25,0.286160000000009,0.23599999999999,0.0878391901905795,25,0,0,0,25
"pretrain","oracle_Z","mixture_identity_start","ifeval_min30","balanced_moderate_dense_signed_cross","Cross",100,1000,5,"3-3-3-3-3",1.33537086197439,1.4115746080277,0.377063948111381,25,0.745360614325595,0.745360614325595,0,25,0.207289213577947,0.20501846692946,0.0537284299741902,25,0.360873453385864,0.360194935119183,0.00729453919184306,25,0.221838693040609,0.21578425309941,0.0514576453542893,25,0.170257169824747,0.164496547109292,0.0252550993653367,25,0.072741390466924,0.0705454285430558,0.0167152685570648,25,0.4926441411123,0.493521014764611,0.0182414676421916,25,0.191397844304266,0.191231743649556,0.00932092107978949,25,0.528545803765562,0.528942454166196,0.0197263408254545,25,0.083760641364169,0.0836747978619678,0.00099208432314754,25,0.111702310493349,0.113269530356179,0.00649223540486803,25,1.10048556440347,1.10092246408735,0.00991989027642554,25,0.96675803763654,0.966397242014245,0.00205064915221567,25,0.426560000000245,0.380999999999403,0.107291689644512,25,0.426560000000245,0.380999999999403,0.107291689644512,25,0.0109999999999854,0.011000000000422,0.000408248290547034,25,0.41556000000026,0.3700000000008,0.107231867154284,25,0,0,0,25
"pretrain","oracle_Z","mixture_identity_start","ifeval_min30","balanced_moderate_dense_signed_cross","Cross",100,1500,10,"2-2-2-2-2-2-2-2-2-2",1.35577199285801,1.34563495839887,0.14962855270062,25,0.583088680632177,0.583088680632177,0,25,0.205432629339164,0.205649186240835,0.0324961843922071,25,0.388162646679528,0.387755989462013,0.00474624449548193,25,0.436458770241008,0.433011278866003,0.0683317791394096,25,0.0999993270277441,0.0988474470651714,0.00823211367758764,25,0.210134561978746,0.208480574937887,0.0328317035212215,25,0.675160206971822,0.673380459117128,0.0169595209962477,25,0.217301007974062,0.217992953743603,0.00729620940375926,25,0.709288955227445,0.707985223474493,0.0176019873481092,25,0.108373925367094,0.10842859361821,0.000845603611049999,25,0.124095098401241,0.123419121989577,0.00441602484091409,25,1.1744616277353,1.17319207238932,0.0110149867600196,25,0.940224167327969,0.940636779905809,0.00167572155838761,25,0.758439999999537,0.766999999999825,0.176557374998742,25,0.758439999999537,0.766999999999825,0.176557374998742,25,0.0159599999999045,0.0160000000032596,0.000454606056685486,25,0.742479999999632,0.750999999996566,0.176400141723476,25,0,0,0,25
"pretrain","oracle_Z","mixture_identity_start","ifeval_min30","balanced_moderate_dense_signed_cross","Cross",100,1500,10,"3-3-3-3-3-3-3-3-3-3",1.42193222947916,1.40284886751808,0.14310900738305,25,0.583088680632177,0.583088680632177,0,25,0.208305050596888,0.207978274731742,0.047322244421227,25,0.375209404058735,0.375271917931578,0.0047092840226468,25,0.264680717057414,0.259863029402348,0.0316514367851614,25,0.204734609465305,0.206441936804401,0.0201013488102906,25,0.0856861260194909,0.085065327282315,0.0134829966407811,25,0.755969990880082,0.755895202065734,0.0242493500611439,25,0.235903822869503,0.234916766953279,0.0121357023276054,25,0.791950436944159,0.791033191112161,0.0262527811826242,25,0.115883840008274,0.116018552130549,0.000949186321473313,25,0.12747171355896,0.125838104743417,0.00656785993224657,25,1.22611312022203,1.22531512159206,0.0169571596696688,25,0.940198452105276,0.94066143020525,0.00202770757799338,25,1.1163599999997,1.00400000000081,0.428291166535104,25,1.1163599999997,1.00400000000081,0.428291166535104,25,0.0159200000000419,0.0160000000032596,0.00040000000017244,25,1.10043999999965,0.989000000001397,0.428522469265912,25,0,0,0,25
"pretrain","oracle_Z","mixture_identity_start","ifeval_min30","balanced_moderate_dense_signed_cross","Cross",100,1500,5,"2-2-2-2-2",1.27847250397096,1.27125028233756,0.400529505901182,25,0.749289957829839,0.749289957829839,0,25,0.189144057942819,0.171866077076871,0.0646094347124989,25,0.373127912227875,0.374075197574435,0.0067368691659143,25,0.422421384949077,0.459411994728273,0.144151078314734,25,0.0878173205155572,0.0871022630910498,0.00645652933946043,25,0.201488547154065,0.217758266211093,0.0684130129533842,25,0.446737625156551,0.448344869337992,0.0119925876587273,25,0.208767132732985,0.211201677530987,0.011238931507426,25,0.49315713347032,0.496201725600572,0.0149162054623028,25,0.0747272914301649,0.074533079777729,0.000875037506134782,25,0.0889439992376298,0.0897233845743237,0.00443908595157655,25,1.08539448529631,1.08749017780577,0.00649896455853584,25,0.968019978672067,0.968545724950885,0.00232934438530845,25,0.301440000000011,0.276000000000067,0.073834883354736,25,0.301440000000011,0.276000000000067,0.073834883354736,25,0.0156800000000203,0.0160000000000764,0.000476095228593288,25,0.285759999999991,0.259999999999991,0.073923541581844,25,0,0,0,25
"pretrain","oracle_Z","mixture_identity_start","ifeval_min30","balanced_moderate_dense_signed_cross","Cross",100,1500,5,"3-3-3-3-3",1.45765811515821,1.54099312195318,0.312526737514907,25,0.749289957829839,0.749289957829839,0,25,0.192065016571775,0.190559650113783,0.0387187697653649,25,0.361797637495326,0.363041648677282,0.00578685443093745,25,0.238820790846262,0.259484421079407,0.0621649936982976,25,0.17417693112231,0.168743516013396,0.0279965080183657,25,0.0774603283040992,0.0816765880804264,0.0223903817718671,25,0.472721370792852,0.47224490821853,0.0152110823139497,25,0.188447900699497,0.188510068489848,0.00745902933668727,25,0.508922709857365,0.507225262287374,0.0161798051791859,25,0.0817868881626037,0.0817930520897878,0.000809298901926069,25,0.0960358873876232,0.095849124997704,0.00495853768819251,25,1.0923815936821,1.09201380984561,0.0068418783073102,25,0.967794753997068,0.968542196335143,0.00203858561785743,25,0.464399999999805,0.452000000001135,0.126192313553328,25,0.464399999999805,0.452000000001135,0.126192313553328,25,0.0157599999996455,0.0159999999996217,0.0004358898944846,25,0.448640000000159,0.436000000001513,0.126306795805388,25,0,0,0,25
"pretrain","oracle_Z","mixture_identity_start","ifeval_min30","balanced_moderate_dense_signed_cross","Cross",100,2000,10,"2-2-2-2-2-2-2-2-2-2",1.41597420027624,1.41472532258313,0.109147201770163,25,0.581019736017126,0.581019736017126,0,25,0.195396948527518,0.190566299369566,0.036920644629687,25,0.386658951265448,0.387070856049458,0.00450112333178335,25,0.456581325105838,0.446666677471363,0.0448878864233377,25,0.0994403039620107,0.0996333658335418,0.00599487335861028,25,0.219940338700298,0.217903417535826,0.0212047824946629,25,0.651524063305905,0.64829988761496,0.014186499488825,25,0.214367150084675,0.214181205521949,0.00654101956142582,25,0.685907115454371,0.681637268758857,0.0145268826802423,25,0.106909077923583,0.106657350551436,0.000978161807457721,25,0.113681427517083,0.113230925427703,0.00552446336723217,25,1.16177076834937,1.15927621643214,0.00871663345707974,25,0.94129023078453,0.941396695493697,0.00161082451223676,25,0.813680000000168,0.747999999999593,0.172003323611414,25,0.813680000000168,0.747999999999593,0.172003323611414,25,0.0206800000002841,0.0210000000006403,0.000556776436222193,25,0.792999999999884,0.728000000002794,0.172085976573529,25,0,0,0,25
"pretrain","oracle_Z","mixture_identity_start","ifeval_min30","balanced_moderate_dense_signed_cross","Cross",100,2000,10,"3-3-3-3-3-3-3-3-3-3",1.38549587682086,1.40664379657266,0.0982821521687278,25,0.581019736017126,0.581019736017126,0,25,0.207197782117062,0.200492722377705,0.0342662977191964,25,0.373531239163243,0.373578776865705,0.00441290830492626,25,0.258990954620264,0.252472080787393,0.0421418565129046,25,0.198635000891634,0.19331374790878,0.0220866250326487,25,0.0835658766350282,0.082856022580209,0.0172634738021547,25,0.723912344121375,0.722345992456275,0.0207709402074539,25,0.225570496927262,0.224238954680296,0.00878401564350875,25,0.75825942986888,0.758121206029914,0.0219377747524673,25,0.114390955922827,0.114351910112784,0.00076123771072204,25,0.115608483022746,0.11411084482696,0.00608709665245273,25,1.20562006258951,1.20556129264715,0.013893701196134,25,0.940879636799295,0.941009051213551,0.00125041599202094,25,1.20240000000165,1.07500000000437,0.423530301946616,25,1.20240000000165,1.07500000000437,0.423530301946616,25,0.0208400000008987,0.0210000000006403,0.000553774923300046,25,1.18156000000075,1.05400000000373,0.423553723472607,25,0,0,0,25
"pretrain","oracle_Z","mixture_identity_start","ifeval_min30","balanced_moderate_dense_signed_cross","Cross",100,2000,5,"2-2-2-2-2",1.28212236463355,1.26080894151729,0.274760455961384,25,0.74785852175892,0.74785852175892,0,25,0.183435816023752,0.1746739844838,0.0458848080538297,25,0.374154435494662,0.37425396397761,0.00583098763168875,25,0.430679693226327,0.458800266294435,0.0981635221972004,25,0.0940398005895392,0.0860171513825379,0.0338193230926203,25,0.206561391112462,0.221585541428991,0.0474613723244732,25,0.440919119909942,0.439451741831334,0.00926549232407793,25,0.207600419066279,0.207484076324286,0.0123359079469566,25,0.487425246128951,0.486865408312241,0.0126135157648351,25,0.0741967253117954,0.0741519683175513,0.000691057649347318,25,0.0805924473599935,0.0812432378103017,0.00483802747017865,25,1.0835096001322,1.08324961034252,0.00593628519763851,25,0.968742076626734,0.968680559458818,0.00158843373019051,25,0.337320000000027,0.294000000000324,0.116358898814439,25,0.337320000000027,0.294000000000324,0.116358898814439,25,0.0204400000000078,0.0199999999999818,0.00050662280514893,25,0.316880000000019,0.274000000000342,0.116223678023566,25,0,0,0,25
"pretrain","oracle_Z","mixture_identity_start","ifeval_min30","balanced_moderate_dense_signed_cross","Cross",100,2000,5,"3-3-3-3-3",1.28625041825747,1.26047589883994,0.306037547462566,25,0.74785852175892,0.74785852175892,0,25,0.1875523570018,0.188976501645366,0.0421335481461116,25,0.36166287333869,0.35963454075342,0.00909291475239343,25,0.233019520402631,0.224580958533201,0.0586601697829597,25,0.172521632137861,0.170380146979088,0.027282978089589,25,0.0842030345851313,0.0725720737977836,0.0355993313884054,25,0.46792646924484,0.467423317706255,0.0103362368980989,25,0.189066570651887,0.190329074934855,0.00600598895339362,25,0.504707243865822,0.505037669948885,0.0106624367931886,25,0.0812246505584188,0.0811957642759893,0.000778740570257728,25,0.0890158860381729,0.0894709079303827,0.00493870613575987,25,1.09114217648877,1.09114181651732,0.00418975392422926,25,0.968595432758312,0.968479033860645,0.00211982784624081,25,0.479960000000574,0.460999999999331,0.0752000000004911,25,0.479960000000574,0.460999999999331,0.0752000000004911,25,0.0208800000001793,0.0210000000006403,0.000525991127650544,25,0.459080000000395,0.43999999999869,0.0751852822484011,25,0,0,0,25
"pretrain","oracle_Z","mixture_identity_start","ifeval_min30","balanced_moderate_dense_signed_cross","Cross",100,500,10,"2-2-2-2-2-2-2-2-2-2",1.38846945676221,1.34431636958051,0.118629582314739,25,0.568776528188644,0.568776528188644,0,25,0.207411892428415,0.20087637667592,0.0363085705322364,25,0.385971633234608,0.386717071415764,0.00408535156924176,25,0.447940101063897,0.44830543426992,0.0678554541834979,25,0.101226495278927,0.100573090725004,0.00736611548352205,25,0.21466986452584,0.215825042415958,0.0320969453449395,25,0.826445998759809,0.829034310753819,0.0303308366396535,25,0.242370090844606,0.24432458396959,0.0124884011511526,25,0.861288967596766,0.863512281267597,0.0317943771268428,25,0.118184666938286,0.118473449429707,0.00125860818750983,25,0.179512425829394,0.177526488318524,0.00708160131854482,25,1.26522891218357,1.26944766273685,0.0216369131380674,25,0.934084257082276,0.933751789189018,0.00279673662240344,25,0.561440000000875,0.559999999997672,0.109920835147959,25,0.561440000000875,0.559999999997672,0.109920835147959,25,0.00652000000001863,0.00600000000122236,0.000585946528262215,25,0.554920000000857,0.553999999996449,0.109900303304819,25,0,0,0,25
"pretrain","oracle_Z","mixture_identity_start","ifeval_min30","balanced_moderate_dense_signed_cross","Cross",100,500,10,"3-3-3-3-3-3-3-3-3-3",1.39093485146935,1.39583062261562,0.113698245656355,25,0.568776528188644,0.568776528188644,0,25,0.210348569716763,0.197741963442112,0.0511369136000197,25,0.373435447896612,0.374258775893314,0.00564431110282032,25,0.274586282489029,0.274119979966636,0.0509758719984824,25,0.209577538621261,0.208274007857324,0.0240341197992712,25,0.0923623229570015,0.0878132259298868,0.0232621069905817,25,0.872807183776602,0.869512069254311,0.0122580589400124,25,0.251949368893429,0.250522414813618,0.00920845070062446,25,0.908483610251335,0.909642971244183,0.0126675353139498,25,0.124543650090022,0.124701992348367,0.000975016357186578,25,0.183389880040657,0.183090785592609,0.00771702907484043,25,1.29692256799786,1.29703077350279,0.00975110614859836,25,0.933804011250893,0.933563689734113,0.00272870237653356,25,0.80148000000132,0.705000000001746,0.281991891135872,25,0.80148000000132,0.705000000001746,0.281991891135872,25,0.00632000000070548,0.00600000000122236,0.000476095229074052,25,0.795160000000615,0.699000000000524,0.281954588542596,25,0,0,0,25
"pretrain","oracle_Z","mixture_identity_start","ifeval_min30","balanced_moderate_dense_signed_cross","Cross",100,500,5,"2-2-2-2-2",1.2987559476816,1.26286395459288,0.299839019179108,25,0.745843276530558,0.745843276530558,0,25,0.186622650909651,0.166701600087814,0.0571952813571445,25,0.376442932582228,0.377029106276789,0.00777555901832274,25,0.426329751724923,0.426497251245666,0.128360553837806,25,0.0897922096075322,0.0894205094174353,0.00885151070839416,25,0.203175836576819,0.205130712420108,0.0601901147982706,25,0.495702991416488,0.495209468893965,0.015175244723843,25,0.207125478864037,0.206655591263634,0.0102475881561973,25,0.53731025831237,0.53518039667102,0.015876970909002,25,0.0795301520147517,0.0794240863266863,0.00128382253212516,25,0.133115590792111,0.131669609403275,0.00597006658397694,25,1.1029067075602,1.1017987885178,0.00765448608855102,25,0.965020327312643,0.965297846651056,0.00298405128178146,25,0.284359999999997,0.272999999999968,0.0818122240254964,25,0.284359999999997,0.272999999999968,0.0818122240254964,25,0.00631999999999777,0.00600000000000023,0.000476095228573345,25,0.278039999999999,0.266999999999996,0.0818934673829251,25,0,0,0,25
"pretrain","oracle_Z","mixture_identity_start","ifeval_min30","balanced_moderate_dense_signed_cross","Cross",100,500,5,"3-3-3-3-3",1.46176272759441,1.53622454161009,0.234898235596637,25,0.745843276530558,0.745843276530558,0,25,0.184474156882926,0.189607258455687,0.0410749049602454,25,0.363735370021489,0.363551813578572,0.00757860273079626,25,0.231672055552663,0.23216765607079,0.0528020210778032,25,0.169426090588973,0.161667989600782,0.0214951769552785,25,0.0770607823640335,0.0804964390265886,0.0174399138437536,25,0.548720366308802,0.545280536325081,0.0159567275008504,25,0.200343332070618,0.201729559345612,0.00721170872221843,25,0.584189723642426,0.582709203425275,0.0160798384770864,25,0.0874107538706294,0.0874850435632684,0.00130800527109305,25,0.142696969507666,0.142784942070988,0.00665157011394826,25,1.12572085753137,1.12498084406168,0.00844651676483682,25,0.96447514303628,0.965473763620456,0.0037606066130912,25,0.433879999999699,0.402999999998428,0.127961686974338,25,0.433879999999699,0.402999999998428,0.127961686974338,25,0.00631999999990512,0.00599999999940337,0.000476095228679252,25,0.427559999999794,0.396999999999025,0.128056003373758,25,0,0,0,25
"pretrain","oracle_Z","mixture_identity_start","ifeval_min30","balanced_moderate_dense_signed_cross","Cross",200,1000,10,"2-2-2-2-2-2-2-2-2-2",1.35614849848262,1.34333713444886,0.142454543473534,25,0.579328975000393,0.579328975000393,0,25,0.142752092225993,0.143663248151824,0.0212165389233687,25,0.387046611543882,0.386744909418388,0.00291344231629558,25,0.449106698401248,0.441799189852085,0.0655683992194589,25,0.054960528234862,0.0542293507282635,0.00279211834500948,25,0.21658879953489,0.213376396146847,0.0308146389665723,25,0.483727708440423,0.484635256387348,0.00474222996012836,25,0.167970354513414,0.167798783014526,0.0063060034220949,25,0.512088490327924,0.51135059376558,0.00574440209759605,25,0.080428856876641,0.0805023803625629,0.00050568622618208,25,0.121358052151655,0.121028724327487,0.00249348023503188,25,1.09231687753459,1.09242159162675,0.00295240196510838,25,0.966665932110543,0.966322223469791,0.001199956432913,25,1.13671999999962,1.20200000000477,0.239474341006741,25,1.13671999999962,1.20200000000477,0.239474341006741,25,0.0490800000002491,0.0489999999990687,0.00027688746180331,25,1.08763999999937,1.15299999999843,0.239435078188504,25,0,0,0,25
"pretrain","oracle_Z","mixture_identity_start","ifeval_min30","balanced_moderate_dense_signed_cross","Cross",200,1000,10,"3-3-3-3-3-3-3-3-3-3",1.46907958965306,1.47412297595705,0.141894032225053,25,0.579328975000393,0.579328975000393,0,25,0.147463431976759,0.145434393212328,0.0280267192117668,25,0.373271988757107,0.373671263975916,0.00531152082700371,25,0.218937124983294,0.221651111444509,0.0263934342983822,25,0.094834059318755,0.0952644530821251,0.00726948111426465,25,0.0708018163144193,0.0697858980142383,0.0073066874485599,25,0.482034172023129,0.483124419288171,0.0100520280903903,25,0.137801620491407,0.136877088217379,0.00574292262239755,25,0.501359269747574,0.502019724930937,0.0108865215824496,25,0.0855374822852695,0.0855911481724958,0.000591659592482784,25,0.125277908701028,0.125703409787796,0.0037514008603988,25,1.08770111141623,1.08806088284653,0.00550584756731483,25,0.967105876737504,0.966952736318906,0.0014821584612808,25,1.5372400000022,1.4660000000149,0.414469065996229,25,1.5372400000022,1.4660000000149,0.414469065996229,25,0.0485600000002887,0.0489999999990687,0.000506622804911065,25,1.48868000000191,1.41800000000512,0.414516457252594,25,0,0,0,25
"pretrain","oracle_Z","mixture_identity_start","ifeval_min30","balanced_moderate_dense_signed_cross","Cross",200,1000,5,"2-2-2-2-2",1.1912192995816,1.2617619661158,0.383956115925719,25,0.745360614325595,0.745360614325595,0,25,0.127188487820582,0.124759119636743,0.0317625728960165,25,0.377869405282904,0.378089204119576,0.00481569805683298,25,0.375297499606098,0.388303861617579,0.120084324534729,25,0.0553508639711792,0.0470513551372876,0.0396528290884814,25,0.180868482314603,0.188480770303476,0.0577100923326095,25,0.367510897378608,0.366636807539348,0.00938148842914368,25,0.18598912668843,0.186303138345268,0.0119345322212567,25,0.411958855236675,0.411717200909254,0.0132029076480946,25,0.0556453139650116,0.055713973813323,0.000590358928377402,25,0.0957211908418692,0.095918295197511,0.00264790424626169,25,1.06446129317694,1.06381457318076,0.00571020811036279,25,0.982071023480152,0.982072751442364,0.00165296486025681,25,0.453200000000015,0.396000000000186,0.105580143335125,25,0.453200000000015,0.396000000000186,0.105580143335125,25,0.0494800000000032,0.0489999999999782,0.00161038297717478,25,0.403720000000012,0.347000000000207,0.105477296135255,25,0,0,0,25
"pretrain","oracle_Z","mixture_identity_start","ifeval_min30","balanced_moderate_dense_signed_cross","Cross",200,1000,5,"3-3-3-3-3",1.4105044389159,1.41434553898574,0.289604726131779,25,0.745360614325595,0.745360614325595,0,25,0.136478513284407,0.130645975826453,0.0354296584160644,25,0.3622840239908,0.362145567965089,0.00471108544619041,25,0.218581866025226,0.22187642890663,0.0355730692119923,25,0.0843005321626297,0.0845260630109607,0.00823931628660315,25,0.0696572887207346,0.0722871154495198,0.0113187700449887,25,0.33287185473199,0.33306676229353,0.00546245240978388,25,0.128595313982097,0.127691915422542,0.00394253238751401,25,0.356861617548886,0.357880148422694,0.00593182108237661,25,0.0602823288752034,0.0602868069643936,0.000564714190698347,25,0.100494563135998,0.100019987621166,0.00367244736541427,25,1.04487342045813,1.04548221882902,0.00227942857409746,25,0.982680213944123,0.982500931865109,0.00117379355146592,25,0.836559999999881,0.724999999998545,0.567023667936975,25,0.836559999999881,0.724999999998545,0.567023667936975,25,0.0689599999999336,0.0740000000005239,0.0143569959719692,25,0.767599999999948,0.644000000000233,0.564891656279225,25,0,0,0,25
"pretrain","oracle_Z","mixture_identity_start","ifeval_min30","balanced_moderate_dense_signed_cross","Cross",200,1500,10,"2-2-2-2-2-2-2-2-2-2",1.40578712302117,1.40749778737562,0.142325057624466,25,0.583088680632177,0.583088680632177,0,25,0.15089083377655,0.142371410236661,0.0345447905262298,25,0.386801213730855,0.386325566280539,0.00296318002483553,25,0.415207197203131,0.434350398885458,0.0921462506192,25,0.0591500182178894,0.0556953808394363,0.0186550447265059,25,0.200650765014076,0.208553655680167,0.0448546905383638,25,0.467899150311131,0.469097830399825,0.00644612506400104,25,0.169156776713673,0.169029804338982,0.00805155139772288,25,0.497574336196099,0.500192195915679,0.00826228485415365,25,0.0778741943170835,0.0777900033150806,0.00063768792144797,25,0.10549360903476,0.105774339402847,0.00279422602971348,25,1.08815334011971,1.08934996297805,0.00425637310373853,25,0.969191932060012,0.969091903306528,0.00142056792212304,25,1.24203999999998,1.29499999999825,0.249028358492303,25,1.24203999999998,1.29499999999825,0.249028358492303,25,0.0676800000004005,0.0679999999993015,0.000556776436004392,25,1.17435999999958,1.22799999999552,0.249055027386046,25,0,0,0,25
"pretrain","oracle_Z","mixture_identity_start","ifeval_min30","balanced_moderate_dense_signed_cross","Cross",200,1500,10,"3-3-3-3-3-3-3-3-3-3",1.36888098849264,1.40473526491684,0.128070736103365,25,0.583088680632177,0.583088680632177,0,25,0.154951017729655,0.15534022905374,0.0228533585395313,25,0.375724519608494,0.37605354292221,0.00371538557012958,25,0.209473228619751,0.198685663807102,0.0464590603250553,25,0.101983306877905,0.0921233326195289,0.0320946338109933,25,0.0691969441016572,0.066503157995541,0.0149513369812158,25,0.455611107230247,0.457723843980189,0.00627478485456251,25,0.135775512468962,0.135312697489279,0.00339012388851269,25,0.475419461776341,0.477144051302441,0.00658576530197966,25,0.0826753459518607,0.0827348282064493,0.000503741838241099,25,0.106459667362208,0.106151348730954,0.00283098932140972,25,1.07770869159077,1.07812507618018,0.00291294297574049,25,0.968668782857164,0.968623266077226,0.00134756124101723,25,1.42847999999882,1.49599999999919,0.310436134066564,25,1.42847999999882,1.49599999999919,0.310436134066564,25,0.0669999999983702,0.0669999999954598,0.000816496581094068,25,1.36148000000045,1.42900000000373,0.310586155520145,25,0,0,0,25
"pretrain","oracle_Z","mixture_identity_start","ifeval_min30","balanced_moderate_dense_signed_cross","Cross",200,1500,5,"2-2-2-2-2",1.38743191237683,1.53152244795464,0.28970990727198,25,0.749289957829839,0.749289957829839,0,25,0.128964745515425,0.133094975108058,0.0333495053241023,25,0.376181547044248,0.376332814207238,0.00439626123218635,25,0.426090242427978,0.412648022024839,0.101436293249058,25,0.0470751329776338,0.0455909516114722,0.00452576943531713,25,0.205458885517168,0.200499362895116,0.048553136343534,25,0.367451547609815,0.364607773829803,0.00894621820598591,25,0.191114629212166,0.188735493442906,0.0116854078556791,25,0.414244547492236,0.411185834906071,0.0126990996469227,25,0.0542553175615404,0.0542235375261621,0.000419768407291935,25,0.0815646787789466,0.0813900104280748,0.0019428949597042,25,1.0663928178596,1.06541772886755,0.00492939198494024,25,0.983118881898231,0.983129579764511,0.00104178601905608,25,0.507640000000101,0.4350000000004,0.152687556794936,25,0.507640000000101,0.4350000000004,0.152687556794936,25,0.0675600000000122,0.0679999999993015,0.000506622805123498,25,0.440080000000089,0.368000000000393,0.152615508167851,25,0,0,0,25
"pretrain","oracle_Z","mixture_identity_start","ifeval_min30","balanced_moderate_dense_signed_cross","Cross",200,1500,5,"3-3-3-3-3",1.34654207701048,1.26322654521731,0.33285393559051,25,0.749289957829839,0.749289957829839,0,25,0.13287715083695,0.128788572314898,0.0299867933462059,25,0.361979275770509,0.362817551788664,0.00523620546066426,25,0.202116319105005,0.214530045914033,0.0487882455886025,25,0.0914823898931225,0.0850027940987184,0.0308698425246275,25,0.0649286628900046,0.0660051685544181,0.0145911239395089,25,0.320430763762224,0.320544193458334,0.00492973501258296,25,0.12792810342947,0.127484985010829,0.00419841110499686,25,0.345037296005692,0.345162332455857,0.00568167400880661,25,0.0586815651030639,0.0586933321124454,0.000306602063438054,25,0.0862205183360288,0.0862401332682308,0.00332136485252085,25,1.04158237971663,1.04203947748266,0.00220075069828742,25,0.983295139188394,0.98319423215749,0.00124223698068426,25,0.879840000000258,0.77900000000227,0.186647100165188,25,0.879840000000258,0.77900000000227,0.186647100165188,25,0.102319999999891,0.101999999998952,0.0011445523153968,25,0.777520000000368,0.672999999998865,0.186865174212408,25,0,0,0,25
"pretrain","oracle_Z","mixture_identity_start","ifeval_min30","balanced_moderate_dense_signed_cross","Cross",200,2000,10,"2-2-2-2-2-2-2-2-2-2",1.30173302464523,1.26783062930685,0.154598005425309,25,0.581019736017126,0.581019736017126,0,25,0.145695488326662,0.144728163049048,0.0193204381633124,25,0.38657566650528,0.386625492188269,0.00266817358247187,25,0.418594949896573,0.404133917617715,0.0856881093898418,25,0.0548381393340499,0.0546571011938668,0.00313514190743247,25,0.201699968988527,0.197200158737241,0.0410952025137584,25,0.460534685995996,0.458660858444856,0.00605082626401346,25,0.170185616889192,0.168491782186432,0.00761511093243288,25,0.491001575349846,0.489287011383072,0.00814021151868343,25,0.076697653505345,0.0766664881524717,0.00040993753884298,25,0.0959084999599886,0.0957579479509384,0.0021614905366633,25,1.08600369297752,1.0849098553801,0.00371292755919703,25,0.96994704140821,0.969952388083884,0.00115023295449844,25,1.4284400000007,1.37199999999575,0.301709584424126,25,1.4284400000007,1.37199999999575,0.301709584424126,25,0.0862400000009802,0.0860000000029686,0.000435889893524799,25,1.34219999999972,1.28600000000006,0.301749758353438,25,0,0,0,25
"pretrain","oracle_Z","mixture_identity_start","ifeval_min30","balanced_moderate_dense_signed_cross","Cross",200,2000,10,"3-3-3-3-3-3-3-3-3-3",1.4170774405449,1.40661434569034,0.146258875317522,25,0.581019736017126,0.581019736017126,0,25,0.151231273557058,0.144943372800681,0.0296698840651846,25,0.374246841710981,0.374914349737134,0.00347023290477791,25,0.203503061251227,0.202260265008874,0.0339424256864103,25,0.0925374879152312,0.092440426443997,0.006910931880565,25,0.0667127965297946,0.0664574580404563,0.00972687181715782,25,0.441669640940852,0.441941411607575,0.00469710817160983,25,0.133472515052038,0.133075863486382,0.00355098387438174,25,0.461404749307933,0.460956170181868,0.00519682779908051,25,0.0812478968469767,0.0812151823711865,0.000518501575691688,25,0.0963514444226316,0.0955102093099193,0.00250638973283033,25,1.07257848363718,1.07275626689469,0.0026035571055348,25,0.96955311713461,0.969625115456188,0.00122165630469883,25,1.93444000000251,1.8520000000135,0.524069976243799,25,1.93444000000251,1.8520000000135,0.524069976243799,25,0.0848800000012852,0.0850000000064028,0.000725718033879875,25,1.84956000000122,1.7670000000071,0.524112112688697,25,0,0,0,25
"pretrain","oracle_Z","mixture_identity_start","ifeval_min30","balanced_moderate_dense_signed_cross","Cross",200,2000,5,"2-2-2-2-2",1.30416918600776,1.26282450563201,0.388967853458818,25,0.74785852175892,0.74785852175892,0,25,0.139256064368827,0.130126998712628,0.0447766281358278,25,0.374842156947094,0.375712196763873,0.00558463090266631,25,0.418122753047799,0.422229758586108,0.1245235017153,25,0.0538581515889959,0.0462480955101355,0.0359244195262488,25,0.200690745969032,0.201009938781458,0.0596387462841515,25,0.361981446505918,0.362826816119519,0.00904608907699671,25,0.187651064541368,0.191500813426578,0.0129154163631753,25,0.407804841336852,0.40946707459072,0.0135936236345495,25,0.0535816419187787,0.05362469484489,0.000418962057458606,25,0.074228050719458,0.074334738594759,0.00195010324193347,25,1.06421402352566,1.06457871727308,0.00519837597811285,25,0.983373889877573,0.98332713443942,0.00110758425290328,25,0.483000000000102,0.447999999999411,0.0878274824111946,25,0.483000000000102,0.447999999999411,0.0878274824111946,25,0.0863999999999942,0.0860000000002401,0.000707106781201982,25,0.396600000000108,0.361000000000786,0.0879194707293867,25,0,0,0,25
"pretrain","oracle_Z","mixture_identity_start","ifeval_min30","balanced_moderate_dense_signed_cross","Cross",200,2000,5,"3-3-3-3-3",1.4135641318431,1.54240741147447,0.272176033447039,25,0.74785852175892,0.74785852175892,0,25,0.122347235321184,0.11695897852518,0.0325932767368349,25,0.36346985228438,0.363756435179282,0.00572332249746451,25,0.196290904202518,0.206236773545224,0.0471711775945885,25,0.0801015077849279,0.0795831803519311,0.00707574208178721,25,0.0653844380607612,0.0680737074912889,0.0134940652153677,25,0.317363843104334,0.314858367762338,0.00718439416644564,25,0.129342476338327,0.128368609187306,0.00562910940466056,25,0.342725787686798,0.339596284502067,0.00843417195392503,25,0.0579425548894361,0.0578715862601091,0.00033174853679531,25,0.0793454924950337,0.0791993003613466,0.002659033862711,25,1.04141975122519,1.04024413681544,0.00292086787455913,25,0.983874555443308,0.983788867591035,0.00112029762064924,25,0.963080000000045,0.842999999997119,0.24386299432211,25,0.963080000000045,0.842999999997119,0.24386299432211,25,0.131839999999793,0.130000000001019,0.00498062914401157,25,0.831240000000253,0.712999999999738,0.243610734574823,25,0,0,0,25
"pretrain","oracle_Z","mixture_identity_start","ifeval_min30","balanced_moderate_dense_signed_cross","Cross",200,500,10,"2-2-2-2-2-2-2-2-2-2",1.34097399502746,1.34125227405547,0.110230832014837,25,0.568776528188644,0.568776528188644,0,25,0.142516012279028,0.142114051279954,0.0214908232161812,25,0.386941910570186,0.386723952790427,0.00278573588686808,25,0.414324493202777,0.413856631352575,0.0688358789574949,25,0.0608707453778495,0.056723689635542,0.0207359596508678,25,0.200207360297254,0.200396174254481,0.0336725615371505,25,0.541667304671492,0.540063530237903,0.011183251883791,25,0.163217708442966,0.165033186635514,0.00527293355923674,25,0.565739438874391,0.563721683686806,0.0115978982703409,25,0.0877808077482149,0.0878848576987184,0.000943453622527558,25,0.162039543438577,0.162563078992967,0.00381566038729594,25,1.11357148381507,1.11319871121234,0.00642810115959491,25,0.962099609899862,0.962621341648046,0.00231179427398818,25,1.01767999999895,0.976000000002387,0.265539971880274,25,1.01767999999895,0.976000000002387,0.265539971880274,25,0.030559999999823,0.0309999999954016,0.000583095189769698,25,0.987119999999122,0.944999999999709,0.265690659727627,25,0,0,0,25
"pretrain","oracle_Z","mixture_identity_start","ifeval_min30","balanced_moderate_dense_signed_cross","Cross",200,500,10,"3-3-3-3-3-3-3-3-3-3",1.40240796538364,1.40663147853629,0.131627887349778,25,0.568776528188644,0.568776528188644,0,25,0.14860675596061,0.155670982256458,0.0243059613959919,25,0.371781972062679,0.371743757553949,0.00359378294341784,25,0.19777923971673,0.198793180050762,0.0300532827804039,25,0.0938072688152168,0.0937609383170931,0.0045708697714289,25,0.064897966955771,0.0678309585814399,0.00924097530342748,25,0.566789368897829,0.568094295210944,0.012690841715196,25,0.147712608428562,0.147580759738414,0.00586116821938987,25,0.585741924121206,0.585331890692,0.0130382465126278,25,0.0930543134431535,0.0930898257229635,0.000854930859150909,25,0.167893763185479,0.167801799251269,0.00501966946415846,25,1.12349893486374,1.12324201235054,0.00633933375273567,25,0.961865948815618,0.962133614570766,0.00217169998850843,25,0.969600000001374,0.955000000001746,0.205219800866268,25,0.969600000001374,0.955000000001746,0.205219800866268,25,0.0302800000022398,0.0299999999988358,0.00045825756845106,25,0.939319999999134,0.92500000000291,0.205330570871126,25,0,0,0,25
"pretrain","oracle_Z","mixture_identity_start","ifeval_min30","balanced_moderate_dense_signed_cross","Cross",200,500,5,"2-2-2-2-2",1.2670583254381,1.26378247415696,0.271273419909825,25,0.745843276530558,0.745843276530558,0,25,0.133415603288822,0.128736591139233,0.0337927577027457,25,0.378178097392019,0.378893476603641,0.00440942511697713,25,0.3928889616574,0.424191048684294,0.134255227887799,25,0.0492779936535895,0.0486408295573956,0.00322618397999273,25,0.188776444441931,0.201493379434312,0.0652180725631312,25,0.386816197776583,0.387474048945584,0.00571780171447612,25,0.170639145317177,0.172921720667481,0.0114409277454229,25,0.42287127733523,0.422208139360132,0.00920915206788643,25,0.0596569493678955,0.0595285388716435,0.000729190449938004,25,0.126328578668739,0.126179491404862,0.00278679313473974,25,1.06583926878827,1.06618781870564,0.004049585606193,25,0.97925123771377,0.978973617254588,0.00224861177130177,25,0.494119999999984,0.446000000000367,0.180927315055874,25,0.494119999999984,0.446000000000367,0.180927315055874,25,0.0304400000000533,0.0300000000002001,0.000506622805099562,25,0.463679999999931,0.416000000000167,0.180820057884419,25,0,0,0,25
"pretrain","oracle_Z","mixture_identity_start","ifeval_min30","balanced_moderate_dense_signed_cross","Cross",200,500,5,"3-3-3-3-3",1.39148668843856,1.27229247791688,0.230564758181185,25,0.745843276530558,0.745843276530558,0,25,0.128636757133285,0.125041913352815,0.0238963078793923,25,0.36363646332658,0.36425735448024,0.00602226477057644,25,0.200247855595931,0.206359804570094,0.0393824989784337,25,0.0847361882935269,0.0837262596041415,0.0083076768937268,25,0.0658408094663815,0.0657761505906354,0.0119439145339325,25,0.377161076333466,0.376493137330252,0.00872995929180433,25,0.129566169520905,0.129218220422516,0.00468306607877278,25,0.398809893391319,0.398150315672508,0.0092846358186026,25,0.0648068781593731,0.0649504147706999,0.000733581267337631,25,0.132358270243932,0.132016219227538,0.00457924229275471,25,1.05663547704045,1.05657969455185,0.00415497492518295,25,0.979455121165544,0.979016499207328,0.00210933775120988,25,0.640399999999645,0.578999999997905,0.180654366125076,25,0.640399999999645,0.578999999997905,0.180654366125076,25,0.0311199999999371,0.0309999999990396,0.000331662479231079,25,0.609279999999708,0.547999999998865,0.180714673818971,25,0,0,0,25
"pretrain","oracle_Z","mixture_identity_start","ifeval_min30","balanced_moderate_dense_signed_cross","Cross",400,1000,10,"2-2-2-2-2-2-2-2-2-2",1.44064691135652,1.47997119248692,0.153283461444483,25,0.579328975000393,0.579328975000393,0,25,0.0998878338722362,0.0947910925884651,0.0235008024451861,25,0.388456743975145,0.388983689025909,0.00230978818712457,25,0.438639769496035,0.436624643384656,0.0780182243944859,25,0.0304112475264153,0.0300957358202105,0.00170651779923079,25,0.21237018914976,0.211962384060934,0.0377608336974105,25,0.407224843064614,0.408374243906137,0.00629922951562401,25,0.158344909063588,0.159840559481971,0.00720512099559552,25,0.43695323770371,0.439521093128197,0.00822732959725883,25,0.060933470727821,0.0608774946545211,0.000314096925603474,25,0.114819494445946,0.114813675608775,0.00106031797828583,25,1.07281963317905,1.07336467858751,0.00324627463279367,25,0.980679785519031,0.980528242737399,0.00122594608674117,25,2.06699999999983,1.80200000000332,0.712577890477838,25,2.06699999999983,1.80200000000332,0.712577890477838,25,0.223079999999609,0.222999999998137,0.00210000000037008,25,1.84392000000022,1.57800000000134,0.71239688844554,25,0,0,0,25
"pretrain","oracle_Z","mixture_identity_start","ifeval_min30","balanced_moderate_dense_signed_cross","Cross",400,1000,10,"3-3-3-3-3-3-3-3-3-3",1.40163792755295,1.47309759872666,0.186212977148509,25,0.579328975000393,0.579328975000393,0,25,0.106015237470093,0.10670274911984,0.0174150041638835,25,0.374569602984158,0.374949966552141,0.00261139700715635,25,0.199380219657382,0.197072133945984,0.0351296255113006,25,0.0548451139519225,0.0487282774887944,0.0301430256416899,25,0.0629764635385402,0.0635055966386967,0.0112238838794389,25,0.352218360247662,0.352528662517539,0.00338364053227438,25,0.0965888367166625,0.0969593900949881,0.00298594171979967,25,0.365232395056297,0.365291374315862,0.00353914885424553,25,0.064146964403932,0.064212589616563,0.000307593243973812,25,0.115385746978686,0.115211878870408,0.00175640792175712,25,1.0460526424623,1.04579595550274,0.00151699846968688,25,0.981086408861444,0.981265355979626,0.00106418866832894,25,2.78440000000002,2.76499999999942,0.811927695877668,25,2.78440000000002,2.76499999999942,0.811927695877668,25,0.218159999998752,0.217999999993481,0.00321039976686029,25,2.56624000000127,2.54899999999907,0.812260645769339,25,0,0,0,25
"pretrain","oracle_Z","mixture_identity_start","ifeval_min30","balanced_moderate_dense_signed_cross","Cross",400,1000,5,"2-2-2-2-2",1.37608597874465,1.26436749126164,0.236026746868894,25,0.745360614325595,0.745360614325595,0,25,0.0995958132297636,0.102222936005049,0.0168137062429502,25,0.379265623832746,0.378715353559683,0.00282321050734307,25,0.429840683787876,0.410730385008938,0.0739810696682924,25,0.0329316713451019,0.0254925150842096,0.0358316144505126,25,0.207994454375244,0.197610728386699,0.0357643989813346,25,0.334876372400304,0.335301431943936,0.00652626899766879,25,0.181200884600304,0.182816291641688,0.00860570937409323,25,0.380791715576988,0.38183310157942,0.00944276199226054,25,0.0421708431635707,0.0422342109422894,0.000259127457161937,25,0.0923303529678947,0.0924520822494571,0.00194644230803129,25,1.06087327369928,1.06158139916859,0.00349507833778047,25,0.990467251038427,0.990626513339013,0.00100259824383603,25,0.888440000000155,0.885000000000218,0.168412707359251,25,0.888440000000155,0.885000000000218,0.168412707359251,25,0.223680000000022,0.222999999999956,0.0040178767195587,25,0.664760000000133,0.662000000000262,0.168375889010543,25,0,0,0,25
"pretrain","oracle_Z","mixture_identity_start","ifeval_min30","balanced_moderate_dense_signed_cross","Cross",400,1000,5,"3-3-3-3-3",1.36213255401537,1.54154553959904,0.359765080946762,25,0.745360614325595,0.745360614325595,0,25,0.0906800504647675,0.0891369571194837,0.0197382615559174,25,0.361742425707505,0.363249727182918,0.00502517006145526,25,0.187144993609699,0.190613903453563,0.0486995360880023,25,0.0440872207214226,0.0445446609583525,0.00393317075863934,25,0.0594171925223006,0.0590576446322451,0.0142607372677424,25,0.257489125772237,0.257202561184067,0.00429092950671014,25,0.0971632153759783,0.0984915301075488,0.00381914913124526,25,0.275225623516732,0.274746250988758,0.00498691308670604,25,0.0453037116827487,0.0452819488830207,0.000295220226086508,25,0.0959578519727277,0.0959118972054592,0.0017388235205715,25,1.02763869871895,1.02759497760592,0.00186737207124206,25,0.990405306245073,0.990609620287446,0.0012603617262456,25,37.9486800000003,1.43600000000151,179.553035933146,25,37.9486800000003,1.43600000000151,179.553035933146,25,36.2792800000003,0.336999999999534,179.698817344355,25,1.66940000000002,1.20699999999488,1.74547197533094,25,0,0,0,25
"pretrain","oracle_Z","mixture_identity_start","ifeval_min30","balanced_moderate_dense_signed_cross","Cross",400,1500,10,"2-2-2-2-2-2-2-2-2-2",1.33650857151285,1.28587328081116,0.14086371108056,25,0.583088680632177,0.583088680632177,0,25,0.103679454644088,0.101042616645953,0.022642194159259,25,0.38768570246045,0.388165523795401,0.00197743042418159,25,0.41704616445417,0.41474071469374,0.0782510935740694,25,0.0348791760335687,0.0306014799735024,0.0237821117139519,25,0.202117263285499,0.201367201948605,0.038220658391157,25,0.395955564149968,0.394907367710262,0.00662603715012597,25,0.159537227849329,0.157652199015143,0.00717185157498785,25,0.426909836300703,0.426245308224997,0.00868750007618708,25,0.0580750778368221,0.0580340065765907,0.000269345302891837,25,0.0995780373403552,0.0994736449435655,0.00137710298503512,25,1.07105089100895,1.07073004678221,0.00357429081803868,25,0.9829650425913,0.982785375422485,0.000811530817607764,25,2.8814799999987,2.87700000000041,0.754146986113984,25,2.8814799999987,2.87700000000041,0.754146986113984,25,0.289839999999385,0.288999999997031,0.00489625707369439,25,2.59163999999932,2.58499999999913,0.752261583492599,25,0,0,0,25
"pretrain","oracle_Z","mixture_identity_start","ifeval_min30","balanced_moderate_dense_signed_cross","Cross",400,1500,10,"3-3-3-3-3-3-3-3-3-3",1.43737301818389,1.4115535089082,0.117266773739638,25,0.583088680632177,0.583088680632177,0,25,0.103494074001935,0.0997732974607892,0.0190028395503002,25,0.374691324917386,0.375156468894694,0.00331243102255373,25,0.193117360003698,0.193115537412747,0.0300955355583137,25,0.0560472943530769,0.0471220525357867,0.0305933909167615,25,0.060619626453674,0.0621723198767914,0.00888863388405058,25,0.336689463840761,0.337200665873803,0.00450407588037633,25,0.0992117385147057,0.0994129114386613,0.00423518805265343,25,0.35101937429503,0.351504827217656,0.00508854582799417,25,0.0610268571830701,0.0610674467395789,0.000306519934164032,25,0.0989452342166277,0.0988222920160579,0.00168538838745375,25,1.04293685781968,1.04353630136266,0.0019332122204456,25,0.982762220969668,0.982623319357456,0.000800184086969996,25,3.32332000000111,3.26000000000931,1.09300635557408,25,3.32332000000111,3.26000000000931,1.09300635557408,25,0.285559999999241,0.284999999988941,0.00556087523088252,25,3.03776000000187,2.98099999999977,1.09430561240142,25,0,0,0,25
"pretrain","oracle_Z","mixture_identity_start","ifeval_min30","balanced_moderate_dense_signed_cross","Cross",400,1500,5,"2-2-2-2-2",1.27903425231806,1.26359244289117,0.39779144594368,25,0.749289957829839,0.749289957829839,0,25,0.0981891599848831,0.0964458525237259,0.0210247414451676,25,0.376439110133762,0.376243728115764,0.00311511681079259,25,0.406561956147274,0.403693318733484,0.127615703014146,25,0.0257600369699671,0.0259426348715675,0.00195932752028348,25,0.195993667587429,0.194765874618081,0.0618535887976681,25,0.332600364759922,0.334248674206978,0.00666599613642287,25,0.180592159757877,0.181050708913297,0.00819562328093789,25,0.378500519908317,0.379682125257791,0.00918710765696648,25,0.0408005996084953,0.0408230619274384,0.000285156249257597,25,0.0798469007040324,0.0799480169113482,0.00142973073228443,25,1.0604244014751,1.06080750877848,0.00341328760269941,25,0.990806758570272,0.990551702068047,0.00107500570019351,25,0.932960000000166,0.861000000000786,0.142220919698956,25,0.932960000000166,0.861000000000786,0.142220919698956,25,0.291320000000269,0.290999999999258,0.00377182537613332,25,0.641639999999898,0.57300000000032,0.142401100182814,25,0,0,0,25
"pretrain","oracle_Z","mixture_identity_start","ifeval_min30","balanced_moderate_dense_signed_cross","Cross",400,1500,5,"3-3-3-3-3",1.28753088478989,1.54591584981244,0.51758205382171,25,0.749289957829839,0.749289957829839,0,25,0.0934309154914003,0.086118796320857,0.0264904031586115,25,0.361695646297421,0.362091685682024,0.00393307454321223,25,0.189345835468821,0.195127324405806,0.0630715207738491,25,0.0437697358058063,0.0431383541606509,0.00373976838940076,25,0.0593347914902066,0.058901989141625,0.0182843423312598,25,0.247034498256092,0.246308059153071,0.00375846894332337,25,0.0974131875459884,0.097788428229159,0.00315904481839323,25,0.265559631876251,0.264387590446387,0.00415779652968514,25,0.0432862059537281,0.043241564874977,0.000295580201351625,25,0.0822002171267603,0.082515509013888,0.00205031810235349,25,1.02551257981713,1.02526008379932,0.00142137012352463,25,0.990790736755473,0.990476247252175,0.0010802077217026,25,1.56224000000075,1.53600000000006,0.411120144645471,25,1.56224000000075,1.53600000000006,0.411120144645471,25,0.296080000000075,0.296000000002095,0.00610273162978758,25,1.26616000000067,1.24199999999837,0.410012670536477,25,0,0,0,25
"pretrain","oracle_Z","mixture_identity_start","ifeval_min30","balanced_moderate_dense_signed_cross","Cross",400,2000,10,"2-2-2-2-2-2-2-2-2-2",1.39050697438211,1.41335629080735,0.188131676643015,25,0.581019736017126,0.581019736017126,0,25,0.106505198724307,0.104594753558901,0.0198800694685016,25,0.386619756900394,0.385921762748277,0.00246426026241201,25,0.423612617288585,0.456457122885138,0.0904567236116597,25,0.0332090083280497,0.0286104722981127,0.0229099907460043,25,0.204880806662539,0.220363332464565,0.0439173763623095,25,0.386808513953911,0.388127069411285,0.0069424095657882,25,0.157427056953154,0.156747882873516,0.00892332903407538,25,0.417659795318801,0.417875684865815,0.00952573487900903,25,0.0565427367938653,0.0565688098554205,0.000283500028501563,25,0.0896056059965765,0.0896045469287312,0.0016372720353666,25,1.06811158644772,1.06827599690904,0.00394338950488392,25,0.983627841789251,0.983401037219039,0.000838732538448595,25,3.03784000000014,3.03399999999965,0.746584985114763,25,3.03784000000014,3.03399999999965,0.746584985114763,25,0.354919999999984,0.355000000003201,0.00331561960035336,25,2.68292000000016,2.67499999999563,0.745574941459606,25,0,0,0,25
"pretrain","oracle_Z","mixture_identity_start","ifeval_min30","balanced_moderate_dense_signed_cross","Cross",400,2000,10,"3-3-3-3-3-3-3-3-3-3",1.37289672818174,1.34374417816419,0.14405685999454,25,0.581019736017126,0.581019736017126,0,25,0.0971289267975772,0.0939387787496031,0.0156603440253069,25,0.374174383394815,0.374325344286485,0.0031133102825493,25,0.190498808152952,0.184024628394249,0.040372524836342,25,0.0576575214506142,0.0477439429814252,0.0347189951006027,25,0.0600230658083654,0.0610383423586489,0.0113729675109521,25,0.328266159455947,0.329504847380899,0.0053661347938494,25,0.100669560928934,0.100247928126679,0.0039478558759169,25,0.343365550611969,0.344406628021342,0.00610125707829763,25,0.0595625848019384,0.0596310969079497,0.000325124454827443,25,0.0895415126151157,0.0897636882165921,0.00197965856591287,25,1.04144925253658,1.04176299800178,0.00218508508841959,25,0.983796651287138,0.983801445149727,0.000910912536983807,25,2.92212,2.71600000000035,0.830227494923581,25,2.92212,2.71600000000035,0.830227494923581,25,0.353559999999707,0.353000000002794,0.00411379792071068,25,2.56856000000029,2.34900000000198,0.830692436061547,25,0,0,0,25
"pretrain","oracle_Z","mixture_identity_start","ifeval_min30","balanced_moderate_dense_signed_cross","Cross",400,2000,5,"2-2-2-2-2",1.33157600289515,1.26374708410257,0.338761972617075,25,0.74785852175892,0.74785852175892,0,25,0.0983408562235311,0.0926192626285607,0.0287429219518633,25,0.374827661386422,0.374369195194541,0.00378224043228208,25,0.419714597954685,0.462585948872543,0.102470756424777,25,0.0246667252383619,0.024267757424796,0.00157220095486015,25,0.202448273367021,0.219405421226954,0.0494763682340308,25,0.333294266162945,0.333230654185084,0.00816497161964938,25,0.180740979357072,0.177544472605031,0.0111138528572645,25,0.379203566986405,0.377346177304875,0.0120589424047383,25,0.0399477663312036,0.0399470139284215,0.000249519184984801,25,0.0727083986826351,0.0725487675666059,0.00134805475381008,25,1.06121677699287,1.06059978491393,0.00439666556367286,25,0.99133318469917,0.991213431101912,0.000752221967629054,25,1.06799999999988,0.962000000001353,0.271191353107251,25,1.06799999999988,0.962000000001353,0.271191353107251,25,0.360839999999953,0.359999999998763,0.00783517708803041,25,0.707159999999931,0.604999999999563,0.268818042549471,25,0,0,0,25
"pretrain","oracle_Z","mixture_identity_start","ifeval_min30","balanced_moderate_dense_signed_cross","Cross",400,2000,5,"3-3-3-3-3",1.34300461410974,1.26433583761284,0.414891766105183,25,0.74785852175892,0.74785852175892,0,25,0.0944596203609182,0.0947529342916119,0.0262851786262243,25,0.362861056656992,0.362857517659231,0.00280224971476193,25,0.18295001007023,0.199305142446316,0.0546934193652162,25,0.0516203802938986,0.0443019503175133,0.0354603619135214,25,0.0578193918590946,0.059866679253412,0.0150535140272844,25,0.2438317270091,0.243847823833387,0.00476323666560364,25,0.09949235564354,0.0993901524615923,0.00403842026591027,25,0.263364408173069,0.26285286370304,0.00552134180319981,25,0.0424659210061183,0.0424291431165885,0.000293810392203655,25,0.0750818390665668,0.0748635591677884,0.00209584951049213,25,1.02544368241529,1.025053238325,0.00158639249618276,25,0.991268282993402,0.991148372116703,0.000736834448674219,25,1.29332000000053,1.21700000000419,0.272621642573049,25,1.29332000000053,1.21700000000419,0.272621642573049,25,0.363080000000191,0.365000000005239,0.00786299349237332,25,0.93024000000034,0.856000000007043,0.271399963153865,25,0,0,0,25
"pretrain","oracle_Z","mixture_identity_start","ifeval_min30","balanced_moderate_dense_signed_cross","Cross",400,500,10,"2-2-2-2-2-2-2-2-2-2",1.37646528250607,1.4066230290569,0.134559868550577,25,0.568776528188644,0.568776528188644,0,25,0.0995288198602082,0.098790422264738,0.0193580629552174,25,0.387453011410775,0.387201903610155,0.00199966392043699,25,0.428110880465705,0.421962046167078,0.0847590129630264,25,0.0327259486961278,0.0324505889214679,0.00181693713282509,25,0.207141631051689,0.203268599057844,0.0409953494199781,25,0.432333087625201,0.432479884653945,0.00468731899493826,25,0.13503580848854,0.13453803806232,0.00515917839637611,25,0.452954109549791,0.453748512849058,0.0051828472600111,25,0.0693086806364465,0.0692728418893499,0.000514822127108164,25,0.154902542905683,0.15447776884388,0.00200275688896264,25,1.07447310706224,1.07462802320386,0.00238366916272243,25,0.975779401029083,0.975827175543172,0.00146685113121187,25,2.17452000000136,2.19400000000314,0.658869873343469,25,2.17452000000136,2.19400000000314,0.658869873343469,25,0.119520000000775,0.119000000006054,0.000822597511793469,25,2.05500000000058,2.07500000000437,0.658951629483949,25,0,0,0,25
"pretrain","oracle_Z","mixture_identity_start","ifeval_min30","balanced_moderate_dense_signed_cross","Cross",400,500,10,"3-3-3-3-3-3-3-3-3-3",1.39519310870901,1.41150394121376,0.12346571647781,25,0.568776528188644,0.568776528188644,0,25,0.0965504187715354,0.097484545400284,0.0158424693953597,25,0.372457081558061,0.372331565574773,0.0022321913006169,25,0.204179497675127,0.206843297870522,0.0393747139162768,25,0.0607821276539978,0.0519337078932659,0.0324832205523658,25,0.0637086936743694,0.0629031871830114,0.0111582884323893,25,0.413652405341205,0.412001414819785,0.00831461876425561,25,0.0957342809525318,0.0965213177460835,0.0038974279912539,25,0.424598940935888,0.423752447097938,0.00854243495255325,25,0.0722969875316616,0.0721121620063994,0.000726982995002711,25,0.157701289090268,0.157123500813847,0.0033038271668916,25,1.06349527143034,1.06290683623748,0.00371924185350367,25,0.976550260271942,0.976451685236373,0.00151888455339324,25,2.44344000000157,2.22299999999814,0.810009006123086,25,2.44344000000157,2.22299999999814,0.810009006123086,25,0.11792000000074,0.11699999999837,0.00399916657895968,25,2.32552000000083,2.10500000001048,0.809397209862504,25,0,0,0,25
"pretrain","oracle_Z","mixture_identity_start","ifeval_min30","balanced_moderate_dense_signed_cross","Cross",400,500,5,"2-2-2-2-2",1.45336253020438,1.54660921829776,0.306619281609575,25,0.745843276530558,0.745843276530558,0,25,0.102155499572929,0.105847615727995,0.0266586924275605,25,0.378932155542849,0.379306850932131,0.00334223743681744,25,0.443024788800584,0.466512526750963,0.120220615905508,25,0.0277385659933676,0.0273789100174857,0.0017521385313402,25,0.21405091925647,0.226688099436917,0.0584598557810501,25,0.337023885626065,0.33778075408729,0.00637181485445256,25,0.154720677452021,0.151735812638257,0.009144039473518,25,0.370892015989737,0.369540646649253,0.00923900990747658,25,0.0470453069695262,0.0469779365504373,0.000418818520547589,25,0.122738645299233,0.123069481807063,0.00230327268767028,25,1.05431216649005,1.05448682493368,0.00331693419210528,25,0.98739161107541,0.987234379904176,0.00131272652092355,25,0.872280000000173,0.820999999999913,0.271526781981715,25,0.872280000000173,0.820999999999913,0.271526781981715,25,0.120120000000024,0.119999999999891,0.000927361849519468,25,0.752160000000149,0.701000000000022,0.271083578747802,25,0,0,0,25
"pretrain","oracle_Z","mixture_identity_start","ifeval_min30","balanced_moderate_dense_signed_cross","Cross",400,500,5,"3-3-3-3-3",1.34713291101237,1.26422144360616,0.294866239876936,25,0.745843276530558,0.745843276530558,0,25,0.0969758741327296,0.0975918666854905,0.0249338607677545,25,0.362528257046668,0.36244730741559,0.00397422226903617,25,0.195651479778905,0.195891454612734,0.0446597574919231,25,0.0603994519535345,0.0461996963523029,0.0481107352094445,25,0.06148911457909,0.0617604746261865,0.0122975478860597,25,0.29138101993554,0.290960102877372,0.00493148783830449,25,0.0926899356797057,0.0935458600372313,0.00347306862359946,25,0.30578309973081,0.305642454048024,0.00519869583466574,25,0.0502291416688284,0.0501998729065835,0.000411181424291147,25,0.12747843923946,0.127578770848725,0.00298147662759731,25,1.03290354579698,1.03261950723974,0.0020102144936509,25,0.987099211095825,0.98693616289068,0.00194811306975175,25,1.63899999999951,1.47899999999572,0.512765215929153,25,1.63899999999951,1.47899999999572,0.512765215929153,25,0.1823199999996,0.181000000000495,0.00282429932282907,25,1.45667999999991,1.29699999999866,0.5129294720849,25,0,0,0,25
"refined","estimated_Z","fastica_only","ifeval_min30","balanced_moderate_dense_signed_cross","Cross",100,1000,10,"2-2-2-2-2-2-2-2-2-2",0.233241088232224,0.223983803033985,0.120543132933485,25,0.209114421520224,0.196037925389031,0.0391649495732855,25,0.286474621730368,0.27750915683715,0.0295551632767123,25,0.098685842947295,0.0982287506812501,0.00266744243625737,25,0.183758011215406,0.142983507889315,0.102573447875438,25,0.172321384856744,0.118053965042924,0.13881950893242,25,0.0624547235543463,0.0618734493770335,0.0258319986892935,25,0.706786463906576,0.698156066696333,0.0267519510487588,25,0.221568698041698,0.220369809123347,0.00840112796734348,25,0.740721577927171,0.731527676373428,0.0275025284658501,25,0.111126495292446,0.110936957298058,0.00136279782377071,25,0.137561588158752,0.137342769692898,0.00548569284594712,25,1.19181203480549,1.18730220244246,0.0175957698972726,25,0.938319581939339,0.938249520214605,0.00245072886878339,25,9.82915999999998,6.73300000000017,5.04726130919807,25,9.82915999999998,6.73300000000017,5.04726130919807,25,1.29684000000096,1.26600000000326,0.15233780445643,25,0.0583599999995204,0.0559999999968568,0.0148236297851216,25,8.4739599999995,5.39700000000448,5.02032375682409,25
"refined","estimated_Z","fastica_only","ifeval_min30","balanced_moderate_dense_signed_cross","Cross",100,1000,10,"3-3-3-3-3-3-3-3-3-3",0.42848683760911,0.431156224205767,0.136261744135089,25,0.256224922830369,0.261271070845974,0.0527295201320112,25,0.257724458333558,0.253413481869455,0.0256105769927103,25,0.108377426779176,0.108164987652194,0.00405734584453406,25,0.596921669499962,0.530908620701212,0.291037153294963,25,0.301204559317681,0.29333425372999,0.0784120029916746,25,0.133575379458873,0.131880017147252,0.0431425077445876,25,0.780762138697338,0.78199204262316,0.0268376809675444,25,0.240973346819714,0.241126827126966,0.0141030823105794,25,0.817139427696907,0.818568297679695,0.0292834305443309,25,0.117919710978672,0.118170615819202,0.000952751589448159,25,0.144001043989406,0.144204703317444,0.00639345750817457,25,1.24100674116261,1.24076302690834,0.0181623081839152,25,0.938840688370483,0.938759062289148,0.00234478463324848,25,33.6982000000012,33.3340000000026,8.55989573534634,25,33.6982000000012,33.3340000000026,8.55989573534634,25,1.63271999999968,1.63900000000285,0.114504555949991,25,0.0987200000009034,0.0999999999985448,0.00494570520797776,25,31.9667600000007,31.5620000000054,8.53778898622699,25
"refined","estimated_Z","fastica_only","ifeval_min30","balanced_moderate_dense_signed_cross","Cross",100,1000,5,"2-2-2-2-2",0.118053350463638,0.106523255211638,0.0551410079213015,25,0.203280648160955,0.200460305389738,0.0167832918750774,25,0.279642818953841,0.270119959243533,0.0442670786600006,25,0.0752310354505415,0.0751780546834187,0.000990062212377035,25,0.114354748420229,0.107135490079075,0.0433568996486382,25,0.0794778977942193,0.0753345227112734,0.0246101194544128,25,0.0473019367166223,0.0444943279199915,0.0188686548793593,25,0.460400244298196,0.458052829954951,0.0100375141260055,25,0.21043114529708,0.209013095154886,0.0102380380220136,25,0.506273232942697,0.501898392923379,0.0118326796109477,25,0.0760164815580854,0.0757128984315994,0.00103120160891891,25,0.101742450299413,0.101549268785781,0.00565530610807132,25,1.09021160249677,1.0905135183903,0.00631610562531611,25,0.966876670162941,0.96715810393873,0.00262273215696896,25,4.45111999999999,4.41999999999996,0.114705899296142,25,4.45111999999999,4.41999999999996,0.114705899296142,25,0.988599999999992,0.974000000000046,0.0702121784307961,25,0.0235599999999931,0.0230000000000246,0.00264701089280555,25,3.43896000000001,3.41499999999996,0.0998701156502712,25
"refined","estimated_Z","fastica_only","ifeval_min30","balanced_moderate_dense_signed_cross","Cross",100,1000,5,"3-3-3-3-3",0.362337029737432,0.350515683467326,0.192636193090966,25,0.286697741654432,0.288681609912542,0.104100601912711,25,0.262046569468962,0.266581656830201,0.0397714251067371,25,0.0852705668129254,0.0839533905409226,0.00348702832565454,25,0.392068350154609,0.337495979920207,0.248448165292768,25,0.251564308878271,0.261609798091416,0.0711848386950592,25,0.111619939114963,0.100664717944947,0.0674298295355378,25,0.4926441411123,0.493521014764611,0.0182414676421916,25,0.191397844304266,0.191231743649556,0.00932092107978949,25,0.528545803765562,0.528942454166196,0.0197263408254545,25,0.083760641364169,0.0836747978619678,0.00099208432314754,25,0.111702310493349,0.113269530356179,0.00649223540486803,25,1.10048556440347,1.10092246408735,0.00991989027642554,25,0.96675803763654,0.966397242014245,0.00205064915221567,25,14.4306000000001,12.6230000000014,6.29295654548285,25,14.4306000000001,12.6230000000014,6.29295654548285,25,1.47572,1.47600000000057,0.133462391706329,25,0.0596800000000803,0.0580000000009022,0.00770670703573363,25,12.8952,11.1820000000007,6.30430600859448,25
"refined","estimated_Z","fastica_only","ifeval_min30","balanced_moderate_dense_signed_cross","Cross",100,1500,10,"2-2-2-2-2-2-2-2-2-2",0.20491358310466,0.137919280971049,0.11887581531453,25,0.200315064541165,0.18583536610967,0.0309733005343228,25,0.288664729663232,0.28652295990767,0.0309571223838705,25,0.0968443216676203,0.0963010669326667,0.00170081362499876,25,0.178799058268071,0.132248031164514,0.104454927827484,25,0.163740244303629,0.0860366723151201,0.134611313208165,25,0.0602579619352197,0.0528676210890037,0.0245079135509596,25,0.675160206971822,0.673380459117128,0.0169595209962477,25,0.217301007974062,0.217992953743603,0.00729620940375926,25,0.709288955227445,0.707985223474493,0.0176019873481092,25,0.108373925367094,0.10842859361821,0.000845603611049999,25,0.124095098401241,0.123419121989577,0.00441602484091409,25,1.1744616277353,1.17319207238932,0.0110149867600196,25,0.940224167327969,0.940636779905809,0.00167572155838761,25,14.0617999999996,8.51900000000023,11.0898908207738,25,14.0617999999996,8.51900000000023,11.0898908207738,25,1.69004000000015,1.66000000000349,0.170998167631865,25,0.0577999999996973,0.0559999999968568,0.0108857705282276,25,12.3139599999998,6.75,11.0306974638966,25
"refined","estimated_Z","fastica_only","ifeval_min30","balanced_moderate_dense_signed_cross","Cross",100,1500,10,"3-3-3-3-3-3-3-3-3-3",0.412853175073407,0.431125980299491,0.169355002906839,25,0.245954904611617,0.241356904906115,0.0575025048128307,25,0.263532542453412,0.256048986069209,0.033766169269535,25,0.106687951751042,0.106332715948681,0.00402648169768543,25,0.753221881731138,0.553055885863281,0.513641806229471,25,0.297683351447114,0.286900780405939,0.0787050974657836,25,0.136934505647306,0.130402443885426,0.0596079698419534,25,0.755969990880082,0.755895202065734,0.0242493500611439,25,0.235903822869503,0.234916766953279,0.0121357023276054,25,0.791950436944159,0.791033191112161,0.0262527811826242,25,0.115883840008274,0.116018552130549,0.000949186321473313,25,0.12747171355896,0.125838104743417,0.00656785993224657,25,1.22611312022203,1.22531512159206,0.0169571596696688,25,0.940198452105276,0.94066143020525,0.00202770757799338,25,41.2635200000013,42.5490000000063,10.3266550575042,25,41.2635200000013,42.5490000000063,10.3266550575042,25,2.35112000000052,2.38100000000122,0.175570099960158,25,0.106040000000794,0.10399999999936,0.0128985787335018,25,38.80636,40.0950000000012,10.3461636000988,25
"refined","estimated_Z","fastica_only","ifeval_min30","balanced_moderate_dense_signed_cross","Cross",100,1500,5,"2-2-2-2-2",0.140108595118416,0.099576083781361,0.112653962915567,25,0.223999631970273,0.209536624656836,0.0406711717499409,25,0.301066020207072,0.284662568283893,0.0646918858273172,25,0.0756182577118961,0.0755602016703981,0.00143359203945535,25,0.14683064475805,0.102547694314576,0.112708990110876,25,0.122828549619232,0.0762202348313222,0.147655913585591,25,0.052321929968449,0.0417131291388527,0.0243597887243417,25,0.446737625156551,0.448344869337992,0.0119925876587273,25,0.208767132732985,0.211201677530987,0.011238931507426,25,0.49315713347032,0.496201725600572,0.0149162054623028,25,0.0747272914301649,0.074533079777729,0.000875037506134782,25,0.0889439992376298,0.0897233845743237,0.00443908595157655,25,1.08539448529631,1.08749017780577,0.00649896455853584,25,0.968019978672067,0.968545724950885,0.00232934438530845,25,5.53284000000002,5.35699999999997,0.710357754937618,25,5.53284000000002,5.35699999999997,0.710357754937618,25,1.33120000000003,1.32199999999989,0.0998799279134669,25,0.0278799999999956,0.0270000000000437,0.00315330514433539,25,4.17376,3.99400000000014,0.68684807150734,25
"refined","estimated_Z","fastica_only","ifeval_min30","balanced_moderate_dense_signed_cross","Cross",100,1500,5,"3-3-3-3-3",0.274182710820186,0.19347612019997,0.178867497835511,25,0.244468888781857,0.192411565792635,0.102154036315211,25,0.244634176223725,0.241623773319843,0.0280094381209764,25,0.0828842260454941,0.0818672603724458,0.00383892377952029,25,0.398512652875292,0.263787253385746,0.341275833962685,25,0.244554728530779,0.241130481696044,0.0721621156525675,25,0.0841116222955151,0.0658295586320619,0.0493654522484207,25,0.472721370792852,0.47224490821853,0.0152110823139497,25,0.188447900699497,0.188510068489848,0.00745902933668727,25,0.508922709857365,0.507225262287374,0.0161798051791859,25,0.0817868881626037,0.0817930520897878,0.000809298901926069,25,0.0960358873876232,0.095849124997704,0.00495853768819251,25,1.0923815936821,1.09201380984561,0.0068418783073102,25,0.967794753997068,0.968542196335143,0.00203858561785743,25,17.6416000000008,15.594000000001,8.55612598278771,25,17.6416000000008,15.594000000001,8.55612598278771,25,2.02480000000018,2.00400000000081,0.163991107482884,25,0.0635600000003615,0.0630000000001019,0.00917460262538978,25,15.5532400000003,13.5270000000019,8.51829120324778,25
"refined","estimated_Z","fastica_only","ifeval_min30","balanced_moderate_dense_signed_cross","Cross",100,2000,10,"2-2-2-2-2-2-2-2-2-2",0.255062231913338,0.265035613687003,0.127094895680168,25,0.221226140603841,0.209283232052555,0.0470112387963983,25,0.294550673171625,0.287478556775386,0.0390055131853241,25,0.0973207232117884,0.0970205153077883,0.00275048306322892,25,0.196339090714722,0.170715531176185,0.107839004353213,25,0.203007570540166,0.170820572570393,0.144704185288834,25,0.0703639786186087,0.0697685052964702,0.0312747660012282,25,0.651524063305905,0.64829988761496,0.014186499488825,25,0.214367150084675,0.214181205521949,0.00654101956142582,25,0.685907115454371,0.681637268758857,0.0145268826802423,25,0.106909077923583,0.106657350551436,0.000978161807457721,25,0.113681427517083,0.113230925427703,0.00552446336723217,25,1.16177076834937,1.15927621643214,0.00871663345707974,25,0.94129023078453,0.941396695493697,0.00161082451223676,25,11.9294799999968,9.76299999999173,5.9131395504703,25,11.9294799999968,9.76299999999173,5.9131395504703,25,2.08247999999847,2.0570000000007,0.179171965812076,25,0.0627599999992526,0.0610000000015134,0.0137606928122382,25,9.78423999999912,7.49599999999919,5.82201005724506,25
"refined","estimated_Z","fastica_only","ifeval_min30","balanced_moderate_dense_signed_cross","Cross",100,2000,10,"3-3-3-3-3-3-3-3-3-3",0.472485241901001,0.485740388472875,0.160464018490672,25,0.272096767621168,0.268060740759825,0.0739193702371913,25,0.261213619066801,0.256771386873741,0.0251999811815668,25,0.107689340779688,0.107342108695304,0.00562974726770693,25,0.939733628624694,1.03405545643002,0.357031544100424,25,0.331981053167259,0.338878043729284,0.0600258510451318,25,0.143479615388192,0.150914252970242,0.0487782989046796,25,0.723912344121375,0.722345992456275,0.0207709402074539,25,0.225570496927262,0.224238954680296,0.00878401564350875,25,0.75825942986888,0.758121206029914,0.0219377747524673,25,0.114390955922827,0.114351910112784,0.00076123771072204,25,0.115608483022746,0.11411084482696,0.00608709665245273,25,1.20562006258951,1.20556129264715,0.013893701196134,25,0.940879636799295,0.941009051213551,0.00125041599202094,25,35.7157200000019,35.2919999999867,10.734918709983,25,35.7157200000019,35.2919999999867,10.734918709983,25,2.88260000000038,2.87699999999313,0.216802521509901,25,0.105960000001651,0.110000000000582,0.0116778993536065,25,32.7271599999999,32.1889999999985,10.7540844514991,25
"refined","estimated_Z","fastica_only","ifeval_min30","balanced_moderate_dense_signed_cross","Cross",100,2000,5,"2-2-2-2-2",0.179601240813631,0.0972071262856768,0.157672171138303,25,0.244735081867005,0.209717570117772,0.074175710673411,25,0.300544282696622,0.307474616305588,0.0527550821798442,25,0.0755659401721607,0.0747191392312988,0.00198781225718667,25,0.160378282337706,0.117569431530173,0.119630273708788,25,0.14356602559746,0.0784965350617223,0.157539747025041,25,0.0603090030194606,0.0479582586811005,0.0340200197977895,25,0.440919119909942,0.439451741831334,0.00926549232407793,25,0.207600419066279,0.207484076324286,0.0123359079469566,25,0.487425246128951,0.486865408312241,0.0126135157648351,25,0.0741967253117954,0.0741519683175513,0.000691057649347318,25,0.0805924473599935,0.0812432378103017,0.00483802747017865,25,1.0835096001322,1.08324961034252,0.00593628519763851,25,0.968742076626734,0.968680559458818,0.00158843373019051,25,6.08115999999993,6.23500000000013,0.878039942143796,25,6.08115999999993,6.23500000000013,0.878039942143796,25,1.73635999999997,1.69799999999987,0.126714534814823,25,0.0320399999999881,0.0300000000002001,0.00499566478730415,25,4.31275999999997,4.49200000000019,0.910682357722288,25
"refined","estimated_Z","fastica_only","ifeval_min30","balanced_moderate_dense_signed_cross","Cross",100,2000,5,"3-3-3-3-3",0.300143896677527,0.320025694402739,0.160817905292505,25,0.250874121985893,0.230670515991151,0.0766414688499801,25,0.241507861955485,0.236340286061983,0.0275242839145764,25,0.082347465813842,0.0824372103018126,0.00341624884313785,25,0.464808977301646,0.290518112437877,0.327240278170263,25,0.268758381036806,0.283692336978085,0.0653726168436198,25,0.0966160224981515,0.0936008469750944,0.0426995611730055,25,0.46792646924484,0.467423317706255,0.0103362368980989,25,0.189066570651887,0.190329074934855,0.00600598895339362,25,0.504707243865822,0.505037669948885,0.0106624367931886,25,0.0812246505584188,0.0811957642759893,0.000778740570257728,25,0.0890158860381729,0.0894709079303827,0.00493870613575987,25,1.09114217648877,1.09114181651732,0.00418975392422926,25,0.968595432758312,0.968479033860645,0.00211982784624081,25,18.3748800000003,17.1920000000027,6.07300779625151,25,18.3748800000003,17.1920000000027,6.07300779625151,25,2.67968000000008,2.66300000000047,0.152597979453352,25,0.07608000000022,0.0779999999977008,0.00921918289933563,25,15.61912,14.2919999999976,6.02121476060573,25
"refined","estimated_Z","fastica_only","ifeval_min30","balanced_moderate_dense_signed_cross","Cross",100,500,10,"2-2-2-2-2-2-2-2-2-2",0.30066671331745,0.303319027896154,0.149147945761344,25,0.223662455301231,0.219031906963688,0.0529038382495072,25,0.293362839069307,0.287073852912339,0.0258020853126247,25,0.101940587205808,0.100848498211932,0.00370282014711541,25,0.246037013110358,0.194645233126349,0.133612443505135,25,0.234851704223912,0.155496112255484,0.186173744740839,25,0.0762657823119113,0.0671151341768333,0.0303387640040404,25,0.826445998759809,0.829034310753819,0.0303308366396535,25,0.242370090844606,0.24432458396959,0.0124884011511526,25,0.861288967596766,0.863512281267597,0.0317943771268428,25,0.118184666938286,0.118473449429707,0.00125860818750983,25,0.179512425829394,0.177526488318524,0.00708160131854482,25,1.26522891218357,1.26944766273685,0.0216369131380674,25,0.934084257082276,0.933751789189018,0.00279673662240344,25,11.73704,10.6469999999972,5.80774987609747,25,11.73704,10.6469999999972,5.80774987609747,25,0.856840000000084,0.865000000005239,0.0705216751554773,25,0.069199999999837,0.065999999998894,0.0150858653496887,25,10.8110000000001,9.77500000000146,5.80722048401782,25
"refined","estimated_Z","fastica_only","ifeval_min30","balanced_moderate_dense_signed_cross","Cross",100,500,10,"3-3-3-3-3-3-3-3-3-3",0.329414712224288,0.30749301003805,0.143961240412267,25,0.212759041678895,0.195712449602649,0.058313371568477,25,0.26307196994335,0.25552806415308,0.0373727120588643,25,0.110902507072223,0.110637974357719,0.00430860696140198,25,0.566562775722167,0.496367625916906,0.355087072042282,25,0.253154030417776,0.245090447224328,0.0839191432422498,25,0.124345453956362,0.116243830155931,0.0508856258864501,25,0.872807183776602,0.869512069254311,0.0122580589400124,25,0.251949368893429,0.250522414813618,0.00920845070062446,25,0.908483610251335,0.909642971244183,0.0126675353139498,25,0.124543650090022,0.124701992348367,0.000975016357186578,25,0.183389880040657,0.183090785592609,0.00771702907484043,25,1.29692256799786,1.29703077350279,0.00975110614859836,25,0.933804011250893,0.933563689734113,0.00272870237653356,25,31.9472799999989,33.0819999999949,7.44338734224308,25,31.9472799999989,33.0819999999949,7.44338734224308,25,0.968959999999497,0.963999999999942,0.0118970584596644,25,0.101079999999201,0.0990000000019791,0.0162990797284256,25,30.8772400000002,32.0199999999968,7.43846465609605,25
"refined","estimated_Z","fastica_only","ifeval_min30","balanced_moderate_dense_signed_cross","Cross",100,500,5,"2-2-2-2-2",0.207566822294829,0.12620849728152,0.151822382274045,25,0.242998493967654,0.201331310154033,0.0768064325787973,25,0.295619619350005,0.275422534765655,0.055096790521351,25,0.0781125053809969,0.0772790087605402,0.00296384811476725,25,0.185780987676231,0.138831677193308,0.146078908428281,25,0.184203778931669,0.0759732118825104,0.2293286523223,25,0.0605060187749616,0.0558565364613239,0.0311596944405027,25,0.495702991416488,0.495209468893965,0.015175244723843,25,0.207125478864037,0.206655591263634,0.0102475881561973,25,0.53731025831237,0.53518039667102,0.015876970909002,25,0.0795301520147517,0.0794240863266863,0.00128382253212516,25,0.133115590792111,0.131669609403275,0.00597006658397694,25,1.1029067075602,1.1017987885178,0.00765448608855102,25,0.965020327312643,0.965297846651056,0.00298405128178146,25,3.622,3.55799999999994,0.251667935979144,25,3.622,3.55799999999994,0.251667935979144,25,0.628359999999997,0.635999999999967,0.0611656766495753,25,0.0258800000000008,0.0220000000000056,0.00850156848274132,25,2.96776,2.904,0.218077065888797,25
"refined","estimated_Z","fastica_only","ifeval_min30","balanced_moderate_dense_signed_cross","Cross",100,500,5,"3-3-3-3-3",0.307062828510371,0.166341588004643,0.205249340155123,25,0.250916904469705,0.187813391675981,0.109510050982746,25,0.238987069744407,0.234807539592348,0.0260152599675543,25,0.0866465260083947,0.0856818945608509,0.00492955326406744,25,0.349594884688949,0.261806824035548,0.281739754739744,25,0.228486390018716,0.1986866075688,0.0830873844067763,25,0.108899533252509,0.0796293824819721,0.0637461476858794,25,0.548720366308802,0.545280536325081,0.0159567275008504,25,0.200343332070618,0.201729559345612,0.00721170872221843,25,0.584189723642426,0.582709203425275,0.0160798384770864,25,0.0874107538706294,0.0874850435632684,0.00130800527109305,25,0.142696969507666,0.142784942070988,0.00665157011394826,25,1.12572085753137,1.12498084406168,0.00844651676483682,25,0.96447514303628,0.965473763620456,0.0037606066130912,25,13.3549600000001,14.6319999999996,4.85652893433175,25,13.3549600000001,14.6319999999996,4.85652893433175,25,0.926559999999954,0.953999999999724,0.0519351197811013,25,0.0590000000000146,0.0579999999990832,0.00660807586703194,25,12.3694000000001,13.5830000000005,4.85524305090219,25
"refined","estimated_Z","fastica_only","ifeval_min30","balanced_moderate_dense_signed_cross","Cross",200,1000,10,"2-2-2-2-2-2-2-2-2-2",0.121689987933299,0.10828850019052,0.0480118982014279,25,0.154351185543668,0.149524323852384,0.0167577457556244,25,0.230073210923803,0.23030241571163,0.0249404194695893,25,0.0702438853446237,0.0703156272641881,0.000954946052883235,25,0.085006307531838,0.076718701296811,0.0302955400965578,25,0.0452127968839932,0.0381235067416188,0.0245190274151575,25,0.0360066026157236,0.0325576404114607,0.0142395962405756,25,0.483727708440423,0.484635256387348,0.00474222996012836,25,0.167970354513414,0.167798783014526,0.0063060034220949,25,0.512088490327924,0.51135059376558,0.00574440209759605,25,0.080428856876641,0.0805023803625629,0.00050568622618208,25,0.121358052151655,0.121028724327487,0.00249348023503188,25,1.09231687753459,1.09242159162675,0.00295240196510838,25,0.966665932110543,0.966322223469791,0.001199956432913,25,7.58716000000044,7.47299999999814,0.499963305319385,25,7.58716000000044,7.47299999999814,0.499963305319385,25,3.47944000000047,3.43600000000151,0.210126168447216,25,0.0548000000003958,0.055000000000291,0.00499999999875096,25,4.05291999999958,3.96399999999994,0.404591658340819,25
"refined","estimated_Z","fastica_only","ifeval_min30","balanced_moderate_dense_signed_cross","Cross",200,1000,10,"3-3-3-3-3-3-3-3-3-3",0.347628861470348,0.337936394320998,0.107674337053374,25,0.214871848337251,0.212687401099302,0.049721086312787,25,0.189241695694831,0.187311087693243,0.0198899809492176,25,0.0785231063490025,0.0780032746985001,0.00232740168962095,25,0.230934814126851,0.226623919084738,0.087847098445004,25,0.196047551629879,0.189975532813978,0.0620315233434438,25,0.0772609354799587,0.0736729714163449,0.0304854329626111,25,0.482034172023129,0.483124419288171,0.0100520280903903,25,0.137801620491407,0.136877088217379,0.00574292262239755,25,0.501359269747574,0.502019724930937,0.0108865215824496,25,0.0855374822852695,0.0855911481724958,0.000591659592482784,25,0.125277908701028,0.125703409787796,0.0037514008603988,25,1.08770111141623,1.08806088284653,0.00550584756731483,25,0.967105876737504,0.966952736318906,0.0014821584612808,25,32.0447599999973,28.9759999999806,10.0952698134651,25,32.0447599999973,28.9759999999806,10.0952698134651,25,4.94683999999834,4.90899999999965,0.339121743134752,25,0.128360000000685,0.135999999998603,0.0183368481477572,25,26.9695599999983,24.1149999999907,9.90603721676868,25
"refined","estimated_Z","fastica_only","ifeval_min30","balanced_moderate_dense_signed_cross","Cross",200,1000,5,"2-2-2-2-2",0.106881063296729,0.0928702140821742,0.0700003902553079,25,0.179433576374485,0.171266566606766,0.0405300092655538,25,0.231920014950763,0.218031170554033,0.0392350589639018,25,0.0547813536362034,0.0546345762027078,0.00120873284340868,25,0.0820840905750195,0.0789381843506357,0.042474612054462,25,0.045891475983916,0.0381256416408735,0.0390902965577124,25,0.0344751253345802,0.0317804936530763,0.0201349341914332,25,0.367510897378608,0.366636807539348,0.00938148842914368,25,0.18598912668843,0.186303138345268,0.0119345322212567,25,0.411958855236675,0.411717200909254,0.0132029076480946,25,0.0556453139650116,0.055713973813323,0.000590358928377402,25,0.0957211908418692,0.095918295197511,0.00264790424626169,25,1.06446129317694,1.06381457318076,0.00571020811036279,25,0.982071023480152,0.982072751442364,0.00165296486025681,25,6.70787999999991,6.73700000000053,0.188335763996072,25,6.70787999999991,6.73700000000053,0.188335763996072,25,3.04403999999995,3.07299999999987,0.176529383767473,25,0.0341599999999562,0.0329999999999018,0.00503884907490228,25,3.62968000000001,3.63100000000031,0.0663599527827999,25
"refined","estimated_Z","fastica_only","ifeval_min30","balanced_moderate_dense_signed_cross","Cross",200,1000,5,"3-3-3-3-3",0.13545738282445,0.116117375628252,0.0724490126184182,25,0.153218802989319,0.144579637768661,0.042306675204619,25,0.183424743080302,0.17649036780732,0.0283610486592772,25,0.0597298266048465,0.0594101681645194,0.00132077285086687,25,0.103571309140771,0.0902192633006705,0.0270638329560868,25,0.0867460439661778,0.0761658087668128,0.0375161059023454,25,0.0367062110641903,0.0339661456150507,0.0106105685246311,25,0.33287185473199,0.33306676229353,0.00546245240978388,25,0.128595313982097,0.127691915422542,0.00394253238751401,25,0.356861617548886,0.357880148422694,0.00593182108237661,25,0.0602823288752034,0.0602868069643936,0.000564714190698347,25,0.100494563135998,0.100019987621166,0.00367244736541427,25,1.04487342045813,1.04548221882902,0.00227942857409746,25,0.982680213944123,0.982500931865109,0.00117379355146592,25,40.8283200000004,21.2659999999996,79.9655617316619,25,40.8283200000004,21.2659999999996,79.9655617316619,25,18.1956399999996,6.80299999999988,59.6737309883789,25,0.107680000000546,0.106000000003405,0.027271352490794,25,22.5250000000003,14.3590000000004,23.6097306210811,25
"refined","estimated_Z","fastica_only","ifeval_min30","balanced_moderate_dense_signed_cross","Cross",200,1500,10,"2-2-2-2-2-2-2-2-2-2",0.126301055173398,0.0992750895391789,0.0771202567447935,25,0.159791077100968,0.153998736826693,0.0203565922890396,25,0.244961604118921,0.238158835218556,0.0291501233804015,25,0.0687301874240322,0.0687842088676856,0.000750287227745556,25,0.0995493730352858,0.0829789840166235,0.0574687080188606,25,0.0529025223185442,0.0398635016483093,0.0357860954741232,25,0.0433649012147478,0.034168688044162,0.0292419514904995,25,0.467899150311131,0.469097830399825,0.00644612506400104,25,0.169156776713673,0.169029804338982,0.00805155139772288,25,0.497574336196099,0.500192195915679,0.00826228485415365,25,0.0778741943170835,0.0777900033150806,0.00063768792144797,25,0.10549360903476,0.105774339402847,0.00279422602971348,25,1.08815334011971,1.08934996297805,0.00425637310373853,25,0.969191932060012,0.969091903306528,0.00142056792212304,25,9.34375999999931,9.38099999999395,0.393110807110858,25,9.34375999999931,9.38099999999395,0.393110807110858,25,4.72267999999982,4.81899999999587,0.26543952858153,25,0.0575199999994948,0.0559999999968568,0.00516494594930569,25,4.56356,4.50999999999476,0.261093386868769,25
"refined","estimated_Z","fastica_only","ifeval_min30","balanced_moderate_dense_signed_cross","Cross",200,1500,10,"3-3-3-3-3-3-3-3-3-3",0.278551954281833,0.289184200374103,0.126638082776487,25,0.194257920612178,0.178612736338865,0.0581282902869354,25,0.194945293260215,0.194428491262911,0.0191771709975631,25,0.0753373532529465,0.074521220040584,0.00240544979137849,25,0.188276324540691,0.199116387528338,0.0759468117647424,25,0.170064583790288,0.181444519603941,0.0679997280541911,25,0.0662210332476532,0.063520580769697,0.0283189479145516,25,0.455611107230247,0.457723843980189,0.00627478485456251,25,0.135775512468962,0.135312697489279,0.00339012388851269,25,0.475419461776341,0.477144051302441,0.00658576530197966,25,0.0826753459518607,0.0827348282064493,0.000503741838241099,25,0.106459667362208,0.106151348730954,0.00283098932140972,25,1.07770869159077,1.07812507618018,0.00291294297574049,25,0.968668782857164,0.968623266077226,0.00134756124101723,25,32.6784000000003,34.3410000000003,8.66277335788391,25,32.6784000000003,34.3410000000003,8.66277335788391,25,6.35400000000023,6.34600000000501,0.334712687738722,25,0.124839999999385,0.123000000006869,0.0179180542091001,25,26.1995600000006,27.773000000001,8.60174311830752,25
"refined","estimated_Z","fastica_only","ifeval_min30","balanced_moderate_dense_signed_cross","Cross",200,1500,5,"2-2-2-2-2",0.110658283189916,0.080430412473738,0.104626242528899,25,0.186574020536429,0.177304642330293,0.0403200023557482,25,0.236703002615982,0.236690770266113,0.0320781456666375,25,0.0538889100322446,0.0537988995807602,0.00104729725449134,25,0.0889214667513402,0.0823924378337095,0.0504369539260886,25,0.0513268975045122,0.0394771238129023,0.0429019042319278,25,0.03798145050728,0.0348568457908763,0.0249287580416612,25,0.367451547609815,0.364607773829803,0.00894621820598591,25,0.191114629212166,0.188735493442906,0.0116854078556791,25,0.414244547492236,0.411185834906071,0.0126990996469227,25,0.0542553175615404,0.0542235375261621,0.000419768407291935,25,0.0815646787789466,0.0813900104280748,0.0019428949597042,25,1.0663928178596,1.06541772886755,0.00492939198494024,25,0.983118881898231,0.983129579764511,0.00104178601905608,25,8.13440000000002,8.14300000000003,0.20579135874312,25,8.13440000000002,8.14300000000003,0.20579135874312,25,3.93415999999994,3.94700000000012,0.176193473204897,25,0.0372000000000116,0.0360000000000582,0.00415331193144386,25,4.16304000000007,4.15700000000015,0.101887388817387,25
"refined","estimated_Z","fastica_only","ifeval_min30","balanced_moderate_dense_signed_cross","Cross",200,1500,5,"3-3-3-3-3",0.117388009867333,0.100697201486949,0.0546089640624747,25,0.149850533052361,0.144729091766325,0.0190046277857487,25,0.181510151503824,0.176064527788679,0.0238662035985386,25,0.0580261443762891,0.0578700787046653,0.00110051230331184,25,0.0984511749470042,0.0937257528715652,0.0353870663317484,25,0.090071118221959,0.0809247218883486,0.039116085930416,25,0.0355662428211142,0.0335353284706552,0.0124233469518828,25,0.320430763762224,0.320544193458334,0.00492973501258296,25,0.12792810342947,0.127484985010829,0.00419841110499686,25,0.345037296005692,0.345162332455857,0.00568167400880661,25,0.0586815651030639,0.0586933321124454,0.000306602063438054,25,0.0862205183360288,0.0862401332682308,0.00332136485252085,25,1.04158237971663,1.04203947748266,0.00220075069828742,25,0.983295139188394,0.98319423215749,0.00124223698068426,25,28.5010799999998,24.2389999999978,10.288735741577,25,28.5010799999998,24.2389999999978,10.288735741577,25,9.51836000000025,9.55599999999686,0.360664996915492,25,0.106959999999817,0.106999999999971,0.00625486477327702,25,18.8757599999997,14.351999999999,10.1938842379475,25
"refined","estimated_Z","fastica_only","ifeval_min30","balanced_moderate_dense_signed_cross","Cross",200,2000,10,"2-2-2-2-2-2-2-2-2-2",0.136236069754379,0.0907294807511711,0.0936501410740262,25,0.164164789128145,0.152989920381435,0.0258157455069284,25,0.243767388400698,0.244457093437547,0.027446692621006,25,0.0678085390702807,0.0676184743825612,0.000827845595267632,25,0.115541365766306,0.079012276810049,0.0840282138383515,25,0.0815585330460115,0.0412019367402511,0.100928013157824,25,0.0443714885295161,0.0333916040107918,0.0232009869487043,25,0.460534685995996,0.458660858444856,0.00605082626401346,25,0.170185616889192,0.168491782186432,0.00761511093243288,25,0.491001575349846,0.489287011383072,0.00814021151868343,25,0.076697653505345,0.0766664881524717,0.00040993753884298,25,0.0959084999599886,0.0957579479509384,0.0021614905366633,25,1.08600369297752,1.0849098553801,0.00371292755919703,25,0.96994704140821,0.969952388083884,0.00115023295449844,25,11.2049599999975,11.150999999998,0.34032392412724,25,11.2049599999975,11.150999999998,0.34032392412724,25,6.00839999999967,5.96699999999691,0.342972059115385,25,0.0618399999989197,0.0599999999976717,0.0070868422677106,25,5.13471999999892,5.12099999999919,0.0900210716081532,25
"refined","estimated_Z","fastica_only","ifeval_min30","balanced_moderate_dense_signed_cross","Cross",200,2000,10,"3-3-3-3-3-3-3-3-3-3",0.243053087172616,0.160555142803748,0.146320696667205,25,0.177842461657528,0.147467064558327,0.0579470371214791,25,0.194435084833966,0.189736505163734,0.0248976767622965,25,0.0731015735982705,0.0725163655994565,0.00246907723777336,25,0.152312190923088,0.113645652772963,0.073999968505279,25,0.147214196423574,0.115277592117666,0.0726176663732389,25,0.0494591863660544,0.0401772349714541,0.0217878847833726,25,0.441669640940852,0.441941411607575,0.00469710817160983,25,0.133472515052038,0.133075863486382,0.00355098387438174,25,0.461404749307933,0.460956170181868,0.00519682779908051,25,0.0812478968469767,0.0812151823711865,0.000518501575691688,25,0.0963514444226316,0.0955102093099193,0.00250638973283033,25,1.07257848363718,1.07275626689469,0.0026035571055348,25,0.96955311713461,0.969625115456188,0.00122165630469883,25,41.5105999999982,39.5680000000139,13.5939388852776,25,41.5105999999982,39.5680000000139,13.5939388852776,25,7.95239999999991,7.9890000000014,0.34848756553532,25,0.134599999997299,0.138999999995576,0.0180646985395322,25,33.423600000001,31.471000000005,13.6273932913341,25
"refined","estimated_Z","fastica_only","ifeval_min30","balanced_moderate_dense_signed_cross","Cross",200,2000,5,"2-2-2-2-2",0.0883913007967191,0.0736791053761951,0.073291429030479,25,0.185562904437167,0.175434924678591,0.0437983577807576,25,0.244832132896631,0.237097666492608,0.0447118526826321,25,0.0532126316772396,0.0531377555415815,0.00100367738892391,25,0.0898634124420572,0.0794005935599595,0.0436319948508242,25,0.0467335891282788,0.0404882755437285,0.0308257044884168,25,0.0377101647915208,0.0340587706953275,0.0204448359593408,25,0.361981446505918,0.362826816119519,0.00904608907699671,25,0.187651064541368,0.191500813426578,0.0129154163631753,25,0.407804841336852,0.40946707459072,0.0135936236345495,25,0.0535816419187787,0.05362469484489,0.000418962057458606,25,0.074228050719458,0.074334738594759,0.00195010324193347,25,1.06421402352566,1.06457871727308,0.00519837597811285,25,0.983373889877573,0.98332713443942,0.00110758425290328,25,9.92392,9.88699999999972,0.279012383237713,25,9.92392,9.88699999999972,0.279012383237713,25,5.15396000000001,5.08199999999943,0.23681453361932,25,0.0401999999999316,0.0399999999999636,0.0034520525296166,25,4.72976000000006,4.71299999999974,0.076951434901037,25
"refined","estimated_Z","fastica_only","ifeval_min30","balanced_moderate_dense_signed_cross","Cross",200,2000,5,"3-3-3-3-3",0.153395845746818,0.0973312806483132,0.125033413752312,25,0.171251076414093,0.143896392576482,0.0667518660440336,25,0.17325190607312,0.167436547244141,0.0255205641391149,25,0.0579793736648603,0.0570107962309955,0.00267012644824963,25,0.12216573119245,0.0978354751585677,0.0689714869045617,25,0.109644108022784,0.0826014373799941,0.0734803740498645,25,0.0453475990027625,0.0376350214003393,0.0268589745769375,25,0.317363843104334,0.314858367762338,0.00718439416644564,25,0.129342476338327,0.128368609187306,0.00562910940466056,25,0.342725787686798,0.339596284502067,0.00843417195392503,25,0.0579425548894361,0.0578715862601091,0.00033174853679531,25,0.0793454924950337,0.0791993003613466,0.002659033862711,25,1.04141975122519,1.04024413681544,0.00292086787455913,25,0.983874555443308,0.983788867591035,0.00112029762064924,25,37.3665200000006,34.7809999999954,12.427590156315,25,37.3665200000006,34.7809999999954,12.427590156315,25,11.7158800000002,11.7769999999982,0.518387107607094,25,0.122760000000126,0.114000000001397,0.0167189513221556,25,25.5278800000003,22.8969999999972,12.6492353764959,25
"refined","estimated_Z","fastica_only","ifeval_min30","balanced_moderate_dense_signed_cross","Cross",200,500,10,"2-2-2-2-2-2-2-2-2-2",0.142218221197233,0.127277307793147,0.0542798816816983,25,0.146854959964962,0.142460156885904,0.0170674916196174,25,0.22384565336037,0.22579100928642,0.0232077301124981,25,0.0736046493428073,0.0733703134177935,0.00128200286775223,25,0.0959720393184055,0.0764875337677494,0.0678363902721201,25,0.0648745066163652,0.0356063352300358,0.103160011419285,25,0.0355765753301474,0.0322102455376477,0.0125022130665071,25,0.541667304671492,0.540063530237903,0.011183251883791,25,0.163217708442966,0.165033186635514,0.00527293355923674,25,0.565739438874391,0.563721683686806,0.0115978982703409,25,0.0877808077482149,0.0878848576987184,0.000943453622527558,25,0.162039543438577,0.162563078992967,0.00381566038729594,25,1.11357148381507,1.11319871121234,0.00642810115959491,25,0.962099609899862,0.962621341648046,0.00231179427398818,25,6.08348000000027,6.0109999999986,0.350511307472563,25,6.08348000000027,6.0109999999986,0.350511307472563,25,2.53616000000038,2.50900000000547,0.158387099643184,25,0.050800000000163,0.0489999999990687,0.00548482755681592,25,3.49651999999973,3.37900000000081,0.281778595117123,25
"refined","estimated_Z","fastica_only","ifeval_min30","balanced_moderate_dense_signed_cross","Cross",200,500,10,"3-3-3-3-3-3-3-3-3-3",0.315940810994115,0.371424806417462,0.120218812356717,25,0.188700669398309,0.205556859462617,0.0516685969640743,25,0.18537940967455,0.184656958290295,0.0159890481599363,25,0.0839714785938319,0.0835966997495313,0.0019419045475644,25,0.207728787422919,0.210280751162705,0.112334829270776,25,0.148873488007731,0.167639659581515,0.0633485869173462,25,0.0747251966136528,0.0685981561184766,0.0327272297255115,25,0.566789368897829,0.568094295210944,0.012690841715196,25,0.147712608428562,0.147580759738414,0.00586116821938987,25,0.585741924121206,0.585331890692,0.0130382465126278,25,0.0930543134431535,0.0930898257229635,0.000854930859150909,25,0.167893763185479,0.167801799251269,0.00501966946415846,25,1.12349893486374,1.12324201235054,0.00633933375273567,25,0.961865948815618,0.962133614570766,0.00217169998850843,25,30.0959199999983,28.1640000000043,7.80947690267136,25,30.0959199999983,28.1640000000043,7.80947690267136,25,3.48336000000068,3.48600000000442,0.177230518441061,25,0.134519999998738,0.138000000006286,0.0127871028801549,25,26.4780399999989,24.5479999999952,7.74697285761566,25
"refined","estimated_Z","fastica_only","ifeval_min30","balanced_moderate_dense_signed_cross","Cross",200,500,5,"2-2-2-2-2",0.139732556315865,0.112212277404835,0.0980695629038536,25,0.189509231144462,0.172652744656697,0.0573577086412018,25,0.234323185234301,0.235025800646987,0.0356272393095098,25,0.0574991004855381,0.0570177684544862,0.00142912302277023,25,0.0857336167020985,0.0726848702734618,0.0476379292539673,25,0.0481786023088695,0.0362193445394821,0.0434078460915603,25,0.0366456835669961,0.0302489660165648,0.0229599763929032,25,0.386816197776583,0.387474048945584,0.00571780171447612,25,0.170639145317177,0.172921720667481,0.0114409277454229,25,0.42287127733523,0.422208139360132,0.00920915206788643,25,0.0596569493678955,0.0595285388716435,0.000729190449938004,25,0.126328578668739,0.126179491404862,0.00278679313473974,25,1.06583926878827,1.06618781870564,0.004049585606193,25,0.97925123771377,0.978973617254588,0.00224861177130177,25,5.21100000000004,5.20300000000043,0.128680482850673,25,5.21100000000004,5.20300000000043,0.128680482850673,25,2.13407999999999,2.13599999999997,0.0974093253578575,25,0.030480000000025,0.0289999999999964,0.0059098787353693,25,3.04644000000002,3.05499999999984,0.0581578885448885,25
"refined","estimated_Z","fastica_only","ifeval_min30","balanced_moderate_dense_signed_cross","Cross",200,500,5,"3-3-3-3-3",0.221251195374336,0.138500140907456,0.12149826955112,25,0.187418327875844,0.142840988396741,0.0725614842017616,25,0.17553640539253,0.172180291855844,0.0234408054742714,25,0.0642194427678587,0.0634846916598982,0.0018534174085188,25,0.163270600479251,0.115104364375673,0.103732857556138,25,0.1255308400199,0.0708339901751667,0.0803937260779145,25,0.0579113627998038,0.0404661428386315,0.03234186299982,25,0.377161076333466,0.376493137330252,0.00872995929180433,25,0.129566169520905,0.129218220422516,0.00468306607877278,25,0.398809893391319,0.398150315672508,0.0092846358186026,25,0.0648068781593731,0.0649504147706999,0.000733581267337631,25,0.132358270243932,0.132016219227538,0.00457924229275471,25,1.05663547704045,1.05657969455185,0.00415497492518295,25,0.979455121165544,0.979016499207328,0.00210933775120988,25,14.6135199999996,13.1859999999979,6.41919399873013,25,14.6135199999996,13.1859999999979,6.41919399873013,25,3.25643999999942,3.22599999999875,0.194595966041945,25,0.0830000000000291,0.077000000001135,0.0121243556532643,25,11.2740800000001,10.0889999999999,6.38810000391348,25
"refined","estimated_Z","fastica_only","ifeval_min30","balanced_moderate_dense_signed_cross","Cross",400,1000,10,"2-2-2-2-2-2-2-2-2-2",0.103426452145921,0.103487040737312,0.00112565217438566,25,0.103163409993774,0.103355883395489,0.00240749711803091,25,0.159943003514992,0.15479307195888,0.0160700959022901,25,0.058412268421762,0.0583946878757403,0.000453949106738789,25,0.0524728252058777,0.0498368954088957,0.0140396584465951,25,0.0204964615886524,0.0204728121443763,0.000507019460859271,25,0.0217438633420948,0.0205091443382198,0.00617105959396989,25,0.407224843064614,0.408374243906137,0.00629922951562401,25,0.158344909063588,0.159840559481971,0.00720512099559552,25,0.43695323770371,0.439521093128197,0.00822732959725883,25,0.060933470727821,0.0608774946545211,0.000314096925603474,25,0.114819494445946,0.114813675608775,0.00106031797828583,25,1.07281963317905,1.07336467858751,0.00324627463279367,25,0.980679785519031,0.980528242737399,0.00122594608674117,25,17.0128,16.9189999999944,0.463721270447579,25,17.0128,16.9189999999944,0.463721270447579,25,12.6517599999995,12.476999999999,0.460013974424615,25,0.0727999999999884,0.0709999999962747,0.0104682058319884,25,4.28824000000051,4.2589999999982,0.129379699591423,25
"refined","estimated_Z","fastica_only","ifeval_min30","balanced_moderate_dense_signed_cross","Cross",400,1000,10,"3-3-3-3-3-3-3-3-3-3",0.188183517316178,0.171772782819367,0.0601963060885288,25,0.117920428469069,0.107122189008575,0.0263856152939872,25,0.135765933334352,0.13475736710433,0.0135108310045275,25,0.0637185693465028,0.0634877113060438,0.000843770199847021,25,0.0956107011459485,0.0786566889372774,0.040319634819292,25,0.0795451090990722,0.0699769366954293,0.0454412684536075,25,0.0347195855216973,0.0300369232796518,0.0137632801470265,25,0.352218360247662,0.352528662517539,0.00338364053227438,25,0.0965888367166625,0.0969593900949881,0.00298594171979967,25,0.365232395056297,0.365291374315862,0.00353914885424553,25,0.064146964403932,0.064212589616563,0.000307593243973812,25,0.115385746978686,0.115211878870408,0.00175640792175712,25,1.0460526424623,1.04579595550274,0.00151699846968688,25,0.981086408861444,0.981265355979626,0.00106418866832894,25,31.2929599999968,29.6179999999877,4.37731476364238,25,31.2929599999968,29.6179999999877,4.37731476364238,25,17.8548399999971,17.8349999999919,0.529039670851254,25,0.168839999999036,0.156999999991967,0.0266640832064438,25,13.2692800000007,11.8279999999941,4.22410217797849,25
"refined","estimated_Z","fastica_only","ifeval_min30","balanced_moderate_dense_signed_cross","Cross",400,1000,5,"2-2-2-2-2",0.105510373254643,0.0895047581049654,0.0801787675612804,25,0.131720156933856,0.120521983348483,0.0596695554885849,25,0.166573104253372,0.160539095652697,0.0213798076647411,25,0.0439476465789263,0.043852743113243,0.000670002885986478,25,0.0723331884023015,0.059757650137238,0.0819025185541237,25,0.0285760796174828,0.0211543790355542,0.0376488581226738,25,0.0316206733309887,0.0238746727723562,0.041266613290003,25,0.334876372400304,0.335301431943936,0.00652626899766879,25,0.181200884600304,0.182816291641688,0.00860570937409323,25,0.380791715576988,0.38183310157942,0.00944276199226054,25,0.0421708431635707,0.0422342109422894,0.000259127457161937,25,0.0923303529678947,0.0924520822494571,0.00194644230803129,25,1.06087327369928,1.06158139916859,0.00349507833778047,25,0.990467251038427,0.990626513339013,0.00100259824383603,25,15.3617999999997,15.4060000000009,0.431351751281024,25,15.3617999999997,15.4060000000009,0.431351751281024,25,11.3822399999998,11.4250000000002,0.436749096545587,25,0.0483199999999852,0.0469999999995707,0.00682348884359853,25,3.93123999999985,3.90299999999934,0.10898672702084,25
"refined","estimated_Z","fastica_only","ifeval_min30","balanced_moderate_dense_signed_cross","Cross",400,1000,5,"3-3-3-3-3",0.141954161497944,0.114614063820363,0.0773109855840754,25,0.124570106991131,0.104791499217821,0.0486990584332518,25,0.126796961808293,0.124770951554894,0.014844728151248,25,0.0482537983994371,0.0480931506105397,0.00105378637508638,25,0.0788055901521152,0.0661976747694275,0.0433104972613387,25,0.05191891764488,0.0380136938967139,0.0399336317373831,25,0.0292390077314134,0.0258707660626692,0.0121307068768289,25,0.257489125772237,0.257202561184067,0.00429092950671014,25,0.0971632153759783,0.0984915301075488,0.00381914913124526,25,0.275225623516732,0.274746250988758,0.00498691308670604,25,0.0453037116827487,0.0452819488830207,0.000295220226086508,25,0.0959578519727277,0.0959118972054592,0.0017388235205715,25,1.02763869871895,1.02759497760592,0.00186737207124206,25,0.990405306245073,0.990609620287446,0.0012603617262456,25,74.7941199999997,36.3190000000031,181.214740194545,25,74.7941199999997,36.3190000000031,181.214740194545,25,64.7545599999995,26.0910000000003,182.44494183088,25,0.148200000000506,0.138999999999214,0.085675745303738,25,9.8913599999997,9.22600000000239,4.33589475464202,25
"refined","estimated_Z","fastica_only","ifeval_min30","balanced_moderate_dense_signed_cross","Cross",400,1500,10,"2-2-2-2-2-2-2-2-2-2",0.103556750367778,0.0930013813809021,0.0532933642883721,25,0.112140330738382,0.105499291224536,0.0321735670090857,25,0.171401207864799,0.161791353888061,0.025276965096153,25,0.0561418242869755,0.056045928079045,0.000560560678313508,25,0.061988531159405,0.056690019962957,0.027636317487877,25,0.0268445525533554,0.0214391623564766,0.0265289812214185,25,0.0264179123616873,0.0239008367999859,0.0140308477707467,25,0.395955564149968,0.394907367710262,0.00662603715012597,25,0.159537227849329,0.157652199015143,0.00717185157498785,25,0.426909836300703,0.426245308224997,0.00868750007618708,25,0.0580750778368221,0.0580340065765907,0.000269345302891837,25,0.0995780373403552,0.0994736449435655,0.00137710298503512,25,1.07105089100895,1.07073004678221,0.00357429081803868,25,0.9829650425913,0.982785375422485,0.000811530817607764,25,21.2999200000003,21.4729999999981,0.420482849432651,25,21.2999200000003,21.4729999999981,0.420482849432651,25,16.2630400000006,16.5060000000012,0.388968130657165,25,0.077039999999688,0.0769999999974971,0.00463213413715715,25,4.95983999999997,4.958000000006,0.120211508046321,25
"refined","estimated_Z","fastica_only","ifeval_min30","balanced_moderate_dense_signed_cross","Cross",400,1500,10,"3-3-3-3-3-3-3-3-3-3",0.19943717382821,0.134377499153492,0.121102009472268,25,0.133802103805386,0.099423444292083,0.0609104191846164,25,0.13617315426558,0.138897494698924,0.0106509849886817,25,0.0606864045312285,0.0602269354309138,0.00141039471111898,25,0.107667743431145,0.0728640874796405,0.0627199801708107,25,0.0863760670494232,0.0431039853787455,0.0698122544670383,25,0.0399847019662677,0.0303411733604876,0.0220880093199174,25,0.336689463840761,0.337200665873803,0.00450407588037633,25,0.0992117385147057,0.0994129114386613,0.00423518805265343,25,0.35101937429503,0.351504827217656,0.00508854582799417,25,0.0610268571830701,0.0610674467395789,0.000306519934164032,25,0.0989452342166277,0.0988222920160579,0.00168538838745375,25,1.04293685781968,1.04353630136266,0.0019332122204456,25,0.982762220969668,0.982623319357456,0.000800184086969996,25,37.0878000000055,35.4240000000136,5.81191122466212,25,37.0878000000055,35.4240000000136,5.81191122466212,25,21.6678400000022,21.6500000000087,0.638130908723779,25,0.175200000000768,0.157000000006519,0.0309367634578756,25,15.2447600000026,13.9459999999963,5.61097081083078,25
"refined","estimated_Z","fastica_only","ifeval_min30","balanced_moderate_dense_signed_cross","Cross",400,1500,5,"2-2-2-2-2",0.108985261498111,0.0782162356115313,0.106649090197962,25,0.145465900462684,0.125085899316954,0.0753763615151298,25,0.175558271599512,0.17644140211737,0.0230172481365578,25,0.042707618205842,0.0426459278519407,0.000787587420236409,25,0.0810889452940497,0.0563411970137935,0.08812436056842,25,0.0356130149120826,0.021325891188938,0.0496590781243863,25,0.0359511823646659,0.0237697286437917,0.0444023993267178,25,0.332600364759922,0.334248674206978,0.00666599613642287,25,0.180592159757877,0.181050708913297,0.00819562328093789,25,0.378500519908317,0.379682125257791,0.00918710765696648,25,0.0408005996084953,0.0408230619274384,0.000285156249257597,25,0.0798469007040324,0.0799480169113482,0.00142973073228443,25,1.0604244014751,1.06080750877848,0.00341328760269941,25,0.990806758570272,0.990551702068047,0.00107500570019351,25,19.1998,19.1709999999985,0.545087072554923,25,19.1998,19.1709999999985,0.545087072554923,25,14.5160400000001,14.505000000001,0.506096456550672,25,0.0578399999999238,0.0560000000004948,0.00916369648822333,25,4.62591999999997,4.57200000000012,0.182569603165462,25
"refined","estimated_Z","fastica_only","ifeval_min30","balanced_moderate_dense_signed_cross","Cross",400,1500,5,"3-3-3-3-3",0.116201889211667,0.0998381472066138,0.0598895454623336,25,0.112824880178982,0.106577011867276,0.0288682804222405,25,0.128656136477382,0.123969965360794,0.021428312198809,25,0.0460249756626913,0.0460162451945524,0.000805853706748365,25,0.0668443277678225,0.0614000544467114,0.0297306316697548,25,0.047618424616547,0.0392237598195496,0.0403538572728437,25,0.0243047753533774,0.0248255577111515,0.00665342920705179,25,0.247034498256092,0.246308059153071,0.00375846894332337,25,0.0974131875459884,0.097788428229159,0.00315904481839323,25,0.265559631876251,0.264387590446387,0.00415779652968514,25,0.0432862059537281,0.043241564874977,0.000295580201351625,25,0.0822002171267603,0.082515509013888,0.00205031810235349,25,1.02551257981713,1.02526008379932,0.00142137012352463,25,0.990790736755473,0.990476247252175,0.0010802077217026,25,35.0535999999996,36.1249999999927,5.13833203319241,25,35.0535999999996,36.1249999999927,5.13833203319241,25,23.0719199999989,23.0119999999952,0.767303662182799,25,0.109480000000913,0.107000000003609,0.00915660053326717,25,11.8721999999997,12.9089999999997,5.12772841194493,25
"refined","estimated_Z","fastica_only","ifeval_min30","balanced_moderate_dense_signed_cross","Cross",400,2000,10,"2-2-2-2-2-2-2-2-2-2",0.0851697707805581,0.0852225254180794,0.00129645424752273,25,0.106930891555883,0.106769211806811,0.00234290228776582,25,0.178725246013859,0.174325938806283,0.0245916471612148,25,0.0547763955249169,0.0548018830731445,0.000390617157066593,25,0.057163484326145,0.0583308730586887,0.0115440762922072,25,0.0217383036089366,0.0215906088990747,0.000691131617623255,25,0.024143381314404,0.0246981781030261,0.00497359061699363,25,0.386808513953911,0.388127069411285,0.0069424095657882,25,0.157427056953154,0.156747882873516,0.00892332903407538,25,0.417659795318801,0.417875684865815,0.00952573487900903,25,0.0565427367938653,0.0565688098554205,0.000283500028501563,25,0.0896056059965765,0.0896045469287312,0.0016372720353666,25,1.06811158644772,1.06827599690904,0.00394338950488392,25,0.983627841789251,0.983401037219039,0.000838732538448595,25,26.1138800000001,26.3260000000009,0.845741307967584,25,26.1138800000001,26.3260000000009,0.845741307967584,25,20.3712800000006,20.5829999999987,0.748832620373122,25,0.0851999999993131,0.0849999999991269,0.00559016994371693,25,5.6574000000002,5.60800000000017,0.160346239951558,25
"refined","estimated_Z","fastica_only","ifeval_min30","balanced_moderate_dense_signed_cross","Cross",400,2000,10,"3-3-3-3-3-3-3-3-3-3",0.166476363698662,0.10835199801259,0.0969740803199938,25,0.121853174722124,0.0971778000772472,0.0457858333296641,25,0.131278195004474,0.130150160410235,0.0105421624134381,25,0.0586444614554008,0.058167755071997,0.000980163220177332,25,0.0902258263157047,0.068063088580901,0.0532591576313307,25,0.0776660484962831,0.0417163467688694,0.0616416406803849,25,0.0349828189408927,0.0274445288844944,0.0199732906352258,25,0.328266159455947,0.329504847380899,0.0053661347938494,25,0.100669560928934,0.100247928126679,0.0039478558759169,25,0.343365550611969,0.344406628021342,0.00610125707829763,25,0.0595625848019384,0.0596310969079497,0.000325124454827443,25,0.0895415126151157,0.0897636882165921,0.00197965856591287,25,1.04144925253658,1.04176299800178,0.00218508508841959,25,0.983796651287138,0.983801445149727,0.000910912536983807,25,41.5446000000025,40.8379999999888,4.31342257764589,25,41.5446000000025,40.8379999999888,4.31342257764589,25,26.6114800000004,26.9349999999977,0.956402291574726,25,0.179000000000815,0.171999999991385,0.0251528659733765,25,14.7541200000013,13.6820000000007,4.21503718172841,25
"refined","estimated_Z","fastica_only","ifeval_min30","balanced_moderate_dense_signed_cross","Cross",400,2000,5,"2-2-2-2-2",0.0867161631289889,0.0705923332967919,0.0811800869901494,25,0.136326310055604,0.126221984131688,0.0544889525017064,25,0.181365244585109,0.173834641928846,0.0305314853383343,25,0.0417495729128228,0.0417006141201337,0.00052828246672556,25,0.0634851726774738,0.0533842058010839,0.0435473383316659,25,0.0301033838001573,0.0223039745455537,0.0397081782908613,25,0.0274130256327521,0.0225277606158959,0.0219687436827487,25,0.333294266162945,0.333230654185084,0.00816497161964938,25,0.180740979357072,0.177544472605031,0.0111138528572645,25,0.379203566986405,0.377346177304875,0.0120589424047383,25,0.0399477663312036,0.0399470139284215,0.000249519184984801,25,0.0727083986826351,0.0725487675666059,0.00134805475381008,25,1.06121677699287,1.06059978491393,0.00439666556367286,25,0.99133318469917,0.991213431101912,0.000752221967629054,25,23.3350399999996,23.4979999999996,0.813503558688727,25,23.3350399999996,23.4979999999996,0.813503558688727,25,17.81408,17.652,0.602756440584888,25,0.0690799999998853,0.0679999999993015,0.0098991582132783,25,5.4518799999998,5.29399999999987,0.49050351001124,25
"refined","estimated_Z","fastica_only","ifeval_min30","balanced_moderate_dense_signed_cross","Cross",400,2000,5,"3-3-3-3-3",0.105293932292126,0.0997832359782623,0.022659633133425,25,0.110425673628812,0.107823100174707,0.0125705354115913,25,0.130473979545436,0.122817651259399,0.0198550336363483,25,0.0450018081358576,0.0449469845105045,0.000813145769604908,25,0.0661686101782277,0.0682400451787933,0.0160609479034177,25,0.0454345968281793,0.0438568376660682,0.0079781005233525,25,0.0258748625740588,0.026423912135443,0.00736684454073534,25,0.2438317270091,0.243847823833387,0.00476323666560364,25,0.09949235564354,0.0993901524615923,0.00403842026591027,25,0.263364408173069,0.26285286370304,0.00552134180319981,25,0.0424659210061183,0.0424291431165885,0.000293810392203655,25,0.0750818390665668,0.0748635591677884,0.00209584951049213,25,1.02544368241529,1.025053238325,0.00158639249618276,25,0.991268282993402,0.991148372116703,0.000736834448674219,25,34.4708000000013,34.2200000000012,1.03651149696057,25,34.4708000000013,34.2200000000012,1.03651149696057,25,28.2297600000008,27.9429999999993,0.899777809610201,25,0.12396000000037,0.120999999999185,0.0148842198319982,25,6.11708000000013,6.16300000000047,0.575132225375931,25
"refined","estimated_Z","fastica_only","ifeval_min30","balanced_moderate_dense_signed_cross","Cross",400,500,10,"2-2-2-2-2-2-2-2-2-2",0.122631365906898,0.122872460485962,0.00131649104796669,25,0.0997469785959892,0.0991522960280303,0.00253942885793918,25,0.16186912448619,0.159842555956778,0.0135299269587493,25,0.0634614549104378,0.0635478529125698,0.000536779976860145,25,0.0536961681386424,0.0529781609804007,0.0123273550859301,25,0.0197409923307885,0.0196999514945758,0.000416742944265886,25,0.0223916207429868,0.022858258901917,0.00539727165980974,25,0.432333087625201,0.432479884653945,0.00468731899493826,25,0.13503580848854,0.13453803806232,0.00515917839637611,25,0.452954109549791,0.453748512849058,0.0051828472600111,25,0.0693086806364465,0.0692728418893499,0.000514822127108164,25,0.154902542905683,0.15447776884388,0.00200275688896264,25,1.07447310706224,1.07462802320386,0.00238366916272243,25,0.975779401029083,0.975827175543172,0.00146685113121187,25,11.9425200000004,11.8820000000051,0.325728557749047,25,11.9425200000004,11.8820000000051,0.325728557749047,25,8.23840000000084,8.2019999999975,0.356553642527528,25,0.066359999999986,0.0650000000023283,0.00612970907349996,25,3.63775999999954,3.58899999999994,0.122152322940852,25
"refined","estimated_Z","fastica_only","ifeval_min30","balanced_moderate_dense_signed_cross","Cross",400,500,10,"3-3-3-3-3-3-3-3-3-3",0.272007533100888,0.249915881479329,0.125975180616119,25,0.147566448816606,0.134961894805369,0.0639743738974198,25,0.131852332452349,0.130972152323462,0.0122452023758484,25,0.0733275835700325,0.0730766076209686,0.00162554774187355,25,0.142670109752497,0.0948711068220506,0.0885408386148545,25,0.106511175752109,0.0871482689796956,0.0791235333348465,25,0.0576428739998438,0.041970854198053,0.0317273992261922,25,0.413652405341205,0.412001414819785,0.00831461876425561,25,0.0957342809525318,0.0965213177460835,0.0038974279912539,25,0.424598940935888,0.423752447097938,0.00854243495255325,25,0.0722969875316616,0.0721121620063994,0.000726982995002711,25,0.157701289090268,0.157123500813847,0.0033038271668916,25,1.06349527143034,1.06290683623748,0.00371924185350367,25,0.976550260271942,0.976451685236373,0.00151888455339324,25,25.3639600000012,24.6979999999894,5.30625516474088,25,25.3639600000012,24.6979999999894,5.30625516474088,25,11.1050800000015,11.0880000000034,0.630714470528478,25,0.169480000000913,0.179000000003725,0.0215428255664168,25,14.0893999999989,13.1889999999985,4.93105304845235,25
"refined","estimated_Z","fastica_only","ifeval_min30","balanced_moderate_dense_signed_cross","Cross",400,500,5,"2-2-2-2-2",0.108725948661291,0.108448842253464,0.00201184474315782,25,0.120211816226474,0.120771818830938,0.00416682859412655,25,0.172729497044227,0.170436770826538,0.021958520117219,25,0.0478188211072764,0.0479736968453133,0.000652619574443977,25,0.0569640626949765,0.0617235688848949,0.0175581962394848,25,0.0199994301348674,0.0199541750997667,0.000680056394877584,25,0.0237970692272461,0.0255685353498043,0.00738449210051725,25,0.337023885626065,0.33778075408729,0.00637181485445256,25,0.154720677452021,0.151735812638257,0.009144039473518,25,0.370892015989737,0.369540646649253,0.00923900990747658,25,0.0470453069695262,0.0469779365504373,0.000418818520547589,25,0.122738645299233,0.123069481807063,0.00230327268767028,25,1.05431216649005,1.05448682493368,0.00331693419210528,25,0.98739161107541,0.987234379904176,0.00131272652092355,25,10.6496799999999,10.5829999999996,0.393804596215158,25,10.6496799999999,10.5829999999996,0.393804596215158,25,7.35632000000001,7.39400000000023,0.372336398077675,25,0.0407199999998193,0.0399999999999636,0.00283607710286748,25,3.25264000000003,3.25600000000031,0.0979867678142492,25
"refined","estimated_Z","fastica_only","ifeval_min30","balanced_moderate_dense_signed_cross","Cross",400,500,5,"3-3-3-3-3",0.145299117016594,0.135618469008252,0.035218542372465,25,0.109010748685917,0.102619252998248,0.0264070306613955,25,0.132857120077193,0.131398032877991,0.0177224130854263,25,0.053593300496309,0.0534164447685037,0.000882276146344754,25,0.0717312633029953,0.066520199944258,0.0165689066147706,25,0.0360082729835294,0.0303158780531223,0.0223466744496193,25,0.0290703075532042,0.0284397371222789,0.00632460824375067,25,0.29138101993554,0.290960102877372,0.00493148783830449,25,0.0926899356797057,0.0935458600372313,0.00347306862359946,25,0.30578309973081,0.305642454048024,0.00519869583466574,25,0.0502291416688284,0.0501998729065835,0.000411181424291147,25,0.12747843923946,0.127578770848725,0.00298147662759731,25,1.03290354579698,1.03261950723974,0.0020102144936509,25,0.987099211095825,0.98693616289068,0.00194811306975175,25,26.6162000000002,24.9649999999965,3.87028957788319,25,26.6162000000002,24.9649999999965,3.87028957788319,25,16.0042800000001,15.9239999999991,0.709544837672072,25,0.142279999999882,0.144000000000233,0.0105929221651636,25,10.4696400000002,9.33400000000256,3.7200983172491,25
"refined","estimated_Z","mixture_fastica_start","ifeval_min30","balanced_moderate_dense_signed_cross","Cross",100,1000,10,"2-2-2-2-2-2-2-2-2-2",0.13441423025824,0.134648723316735,0.00530146261229311,25,0.180320501759037,0.180290062329251,0.003376244141408,25,0.283873515917,0.276295909162779,0.028148018766558,25,0.0972251211363255,0.0972326276362006,0.00125491245545336,25,0.107292222178196,0.104445617814555,0.0234915690286722,25,0.0804180399881048,0.0791855188300402,0.00430915253753215,25,0.0440340449849235,0.0433573472072366,0.011013972446863,25,0.706786463906576,0.698156066696333,0.0267519510487588,25,0.221568698041698,0.220369809123347,0.00840112796734348,25,0.740721577927171,0.731527676373428,0.0275025284658501,25,0.111126495292446,0.110936957298058,0.00136279782377071,25,0.137561588158752,0.137342769692898,0.00548569284594712,25,1.19181203480549,1.18730220244246,0.0175957698972726,25,0.938319581939339,0.938249520214605,0.00245072886878339,25,6.0022000000003,5.87599999999657,0.333495002462394,25,6.0022000000003,5.87599999999657,0.333495002462394,25,1.29684000000096,1.26600000000326,0.15233780445643,25,0.453840000000491,0.425999999999476,0.0836772968021387,25,4.25151999999885,4.18400000000111,0.267770287124108,25
"refined","estimated_Z","mixture_fastica_start","ifeval_min30","balanced_moderate_dense_signed_cross","Cross",100,1000,10,"3-3-3-3-3-3-3-3-3-3",0.161350703893462,0.159520991003368,0.0104998361718667,25,0.170216238329031,0.170240864183254,0.00358220771323984,25,0.258586389216508,0.25707900277289,0.0253853905762536,25,0.102799046430858,0.103005028623226,0.00118049231822645,25,0.193407693419193,0.183711030622573,0.0562908821034581,25,0.179111112035371,0.176057652455517,0.0224580947558993,25,0.0603307116580763,0.0531644106820952,0.0229014892156724,25,0.780762138697338,0.78199204262316,0.0268376809675444,25,0.240973346819714,0.241126827126966,0.0141030823105794,25,0.817139427696907,0.818568297679695,0.0292834305443309,25,0.117919710978672,0.118170615819202,0.000952751589448159,25,0.144001043989406,0.144204703317444,0.00639345750817457,25,1.24100674116261,1.24076302690834,0.0181623081839152,25,0.938840688370483,0.938759062289148,0.00234478463324848,25,7.31071999999869,6.77399999999761,1.62695309602608,25,7.31071999999869,6.77399999999761,1.62695309602608,25,1.63271999999968,1.63900000000285,0.114504555949991,25,0.888599999999278,0.841000000000349,0.244262324833597,25,4.78939999999973,4.05599999999686,1.55495278599272,25
"refined","estimated_Z","mixture_fastica_start","ifeval_min30","balanced_moderate_dense_signed_cross","Cross",100,1000,5,"2-2-2-2-2",0.108124395375544,0.107789037255497,0.00737045443109872,25,0.199323422438961,0.200026244392182,0.00693103913779013,25,0.279245705043081,0.269492892334359,0.0443231352704774,25,0.0750447147285335,0.0751457862963735,0.00112176814805626,25,0.108615019707722,0.107193186848209,0.0280899748009577,25,0.0752213341333336,0.0759471117131488,0.00414243845649249,25,0.0448320435152388,0.0444950689340272,0.0129925502873408,25,0.460400244298196,0.458052829954951,0.0100375141260055,25,0.21043114529708,0.209013095154886,0.0102380380220136,25,0.506273232942697,0.501898392923379,0.0118326796109477,25,0.0760164815580854,0.0757128984315994,0.00103120160891891,25,0.101742450299413,0.101549268785781,0.00565530610807132,25,1.09021160249677,1.0905135183903,0.00631610562531611,25,0.966876670162941,0.96715810393873,0.00262273215696896,25,4.65172000000001,4.64199999999994,0.0972169052514619,25,4.65172000000001,4.64199999999994,0.0972169052514619,25,0.988599999999992,0.974000000000046,0.0702121784307961,25,0.220360000000014,0.214999999999918,0.0219523726887913,25,3.44276000000001,3.45600000000002,0.0562289071563919,25
"refined","estimated_Z","mixture_fastica_start","ifeval_min30","balanced_moderate_dense_signed_cross","Cross",100,1000,5,"3-3-3-3-3",0.157166014282254,0.159967806874486,0.0156353588395965,25,0.188621669977785,0.188578267183671,0.00824107947113924,25,0.267270876514426,0.267973201381698,0.0488463182444047,25,0.0816195514508495,0.0815887884548631,0.00148700865035951,25,0.190538000289833,0.179680935589515,0.0653414631878994,25,0.174179631691649,0.166803629762247,0.0276918018648093,25,0.063270355207856,0.0522576954277602,0.0481965753653494,25,0.4926441411123,0.493521014764611,0.0182414676421916,25,0.191397844304266,0.191231743649556,0.00932092107978949,25,0.528545803765562,0.528942454166196,0.0197263408254545,25,0.083760641364169,0.0836747978619678,0.00099208432314754,25,0.111702310493349,0.113269530356179,0.00649223540486803,25,1.10048556440347,1.10092246408735,0.00991989027642554,25,0.96675803763654,0.966397242014245,0.00205064915221567,25,4.04736000000034,3.70300000000134,0.878309212824981,25,4.04736000000034,3.70300000000134,0.878309212824981,25,1.47572,1.47600000000057,0.133462391706329,25,0.388000000000029,0.343999999999141,0.0872892700547456,25,2.1836400000003,1.80400000000009,0.814060597662415,25
"refined","estimated_Z","mixture_fastica_start","ifeval_min30","balanced_moderate_dense_signed_cross","Cross",100,1500,10,"2-2-2-2-2-2-2-2-2-2",0.126673798444296,0.124902965909162,0.00698340831195895,25,0.180945760912561,0.180819501127053,0.00402891450155439,25,0.287524663442131,0.285096095234481,0.0306936847987941,25,0.0959251099141741,0.0960341041472817,0.000748396791821054,25,0.115141279948872,0.117026345768777,0.0221004783810849,25,0.0827501123574221,0.0812707475519141,0.00596918388388246,25,0.0472906877701184,0.047518905835924,0.0100841500771229,25,0.675160206971822,0.673380459117128,0.0169595209962477,25,0.217301007974062,0.217992953743603,0.00729620940375926,25,0.709288955227445,0.707985223474493,0.0176019873481092,25,0.108373925367094,0.10842859361821,0.000845603611049999,25,0.124095098401241,0.123419121989577,0.00441602484091409,25,1.1744616277353,1.17319207238932,0.0110149867600196,25,0.940224167327969,0.940636779905809,0.00167572155838761,25,6.75459999999875,6.57200000000012,0.413590780039582,25,6.75459999999875,6.57200000000012,0.413590780039582,25,1.69004000000015,1.66000000000349,0.170998167631865,25,0.500799999998708,0.419999999998254,0.131173549162993,25,4.56375999999989,4.43999999999505,0.310931970051525,25
"refined","estimated_Z","mixture_fastica_start","ifeval_min30","balanced_moderate_dense_signed_cross","Cross",100,1500,10,"3-3-3-3-3-3-3-3-3-3",0.159565634017976,0.158572407939466,0.010249946389311,25,0.171696631226274,0.170700494100313,0.00315537277965187,25,0.262681152467399,0.254968887122525,0.0347919655889046,25,0.101388373208337,0.101521785447232,0.00101995079628229,25,0.197966218795912,0.198870020871399,0.0465063232397432,25,0.183584299335822,0.181146451428443,0.0209263121123124,25,0.0622163457182602,0.0528100223316273,0.022028749672487,25,0.755969990880082,0.755895202065734,0.0242493500611439,25,0.235903822869503,0.234916766953279,0.0121357023276054,25,0.791950436944159,0.791033191112161,0.0262527811826242,25,0.115883840008274,0.116018552130549,0.000949186321473313,25,0.12747171355896,0.125838104743417,0.00656785993224657,25,1.22611312022203,1.22531512159206,0.0169571596696688,25,0.940198452105276,0.94066143020525,0.00202770757799338,25,7.95936000000191,7.89800000000832,0.631630356035362,25,7.95936000000191,7.89800000000832,0.631630356035362,25,2.35112000000052,2.38100000000122,0.175570099960158,25,1.03236000000063,0.879999999997381,0.386739455792712,25,4.57588000000076,4.52199999999721,0.594748919011951,25
"refined","estimated_Z","mixture_fastica_start","ifeval_min30","balanced_moderate_dense_signed_cross","Cross",100,1500,5,"2-2-2-2-2",0.119128632095842,0.101677413219765,0.0718294977662631,25,0.213873091673862,0.206659778959772,0.0271651765228926,25,0.301444092625786,0.28431229688635,0.0666048742650804,25,0.0753593850065505,0.0754009169181811,0.000991963823423818,25,0.11666534997633,0.0987590393122071,0.0504014055711831,25,0.0844254675022704,0.0771977755693366,0.0319205119757198,25,0.0477090622707405,0.0402497764008953,0.0218329157073144,25,0.446737625156551,0.448344869337992,0.0119925876587273,25,0.208767132732985,0.211201677530987,0.011238931507426,25,0.49315713347032,0.496201725600572,0.0149162054623028,25,0.0747272914301649,0.074533079777729,0.000875037506134782,25,0.0889439992376298,0.0897233845743237,0.00443908595157655,25,1.08539448529631,1.08749017780577,0.00649896455853584,25,0.968019978672067,0.968545724950885,0.00232934438530845,25,5.25099999999999,5.50800000000004,0.770818342196541,25,5.25099999999999,5.50800000000004,0.770818342196541,25,1.33120000000003,1.32199999999989,0.0998799279134669,25,0.229199999999964,0.224999999999909,0.0176776695296635,25,3.6906,4.00900000000001,0.773133990112094,25
"refined","estimated_Z","mixture_fastica_start","ifeval_min30","balanced_moderate_dense_signed_cross","Cross",100,1500,5,"3-3-3-3-3",0.15093392375896,0.153123929320226,0.0158316620478229,25,0.189921665974021,0.190584036709038,0.00527940563738822,25,0.252966560446622,0.25061265120868,0.0308510610340626,25,0.0799866904383209,0.0797935902543918,0.00124952012812993,25,0.212939268899416,0.209106855530291,0.0595672706522255,25,0.173082585511543,0.185848381282504,0.0328398008392912,25,0.0682851956130196,0.0545668354367088,0.0332576722782355,25,0.472721370792852,0.47224490821853,0.0152110823139497,25,0.188447900699497,0.188510068489848,0.00745902933668727,25,0.508922709857365,0.507225262287374,0.0161798051791859,25,0.0817868881626037,0.0817930520897878,0.000809298901926069,25,0.0960358873876232,0.095849124997704,0.00495853768819251,25,1.0923815936821,1.09201380984561,0.0068418783073102,25,0.967794753997068,0.968542196335143,0.00203858561785743,25,4.53064000000013,4.41000000000167,0.517881009499265,25,4.53064000000013,4.41000000000167,0.517881009499265,25,2.02480000000018,2.00400000000081,0.163991107482884,25,0.368639999999868,0.346999999999753,0.0603268044355938,25,2.13720000000008,2.00800000000163,0.427709305486652,25
"refined","estimated_Z","mixture_fastica_start","ifeval_min30","balanced_moderate_dense_signed_cross","Cross",100,2000,10,"2-2-2-2-2-2-2-2-2-2",0.122749503320042,0.122763304716146,0.00824122148376476,25,0.180816119863971,0.180858243368838,0.00381710924330587,25,0.290955022530605,0.284506510002052,0.0375633496054564,25,0.0952374712438097,0.0953927709643636,0.000966230725201927,25,0.107328518823535,0.103977212833673,0.0235985686377464,25,0.0829767790394859,0.0825105562040046,0.00313180094189436,25,0.0441097744586343,0.0423053174876289,0.0103812906741137,25,0.651524063305905,0.64829988761496,0.014186499488825,25,0.214367150084675,0.214181205521949,0.00654101956142582,25,0.685907115454371,0.681637268758857,0.0145268826802423,25,0.106909077923583,0.106657350551436,0.000978161807457721,25,0.113681427517083,0.113230925427703,0.00552446336723217,25,1.16177076834937,1.15927621643214,0.00871663345707974,25,0.94129023078453,0.941396695493697,0.00161082451223676,25,7.47359999999899,7.46399999999994,0.212031247695568,25,7.47359999999899,7.46399999999994,0.212031247695568,25,2.08247999999847,2.0570000000007,0.179171965812076,25,0.432839999999851,0.430999999996857,0.0230356245854251,25,4.95828000000067,4.93799999999464,0.0916549325820488,25
"refined","estimated_Z","mixture_fastica_start","ifeval_min30","balanced_moderate_dense_signed_cross","Cross",100,2000,10,"3-3-3-3-3-3-3-3-3-3",0.153810696345346,0.15243917641034,0.0106288750024572,25,0.171666922836302,0.171043270852248,0.00282640957388739,25,0.260610226744463,0.254600013628344,0.0248878835320347,25,0.100358684644386,0.100239744213832,0.000914992958953586,25,0.20297396810115,0.182788562039204,0.0560808574282138,25,0.187871767286382,0.18536322418689,0.0272107609950935,25,0.0679892466920312,0.058496529799717,0.0359479106064663,25,0.723912344121375,0.722345992456275,0.0207709402074539,25,0.225570496927262,0.224238954680296,0.00878401564350875,25,0.75825942986888,0.758121206029914,0.0219377747524673,25,0.114390955922827,0.114351910112784,0.00076123771072204,25,0.115608483022746,0.11411084482696,0.00608709665245273,25,1.20562006258951,1.20556129264715,0.013893701196134,25,0.940879636799295,0.941009051213551,0.00125041599202094,25,8.51068000000057,8.74000000000524,0.904080182655064,25,8.51068000000057,8.74000000000524,0.904080182655064,25,2.88260000000038,2.87699999999313,0.216802521509901,25,0.942959999998566,0.926000000006752,0.256631298429076,25,4.68512000000162,5.02300000000105,0.856336738671388,25
"refined","estimated_Z","mixture_fastica_start","ifeval_min30","balanced_moderate_dense_signed_cross","Cross",100,2000,5,"2-2-2-2-2",0.106052666697335,0.101877659339211,0.0163630219468898,25,0.208490130017971,0.208902654413728,0.00868994966420652,25,0.300316904952487,0.311164916036324,0.0522203373661262,25,0.07484119456881,0.0747237000945403,0.00111671056082409,25,0.109580388408563,0.10703728634156,0.0307947582123763,25,0.0780146346015101,0.0777310893107691,0.00508064887533723,25,0.0450410429891225,0.0441033111222673,0.0139656482146417,25,0.440919119909942,0.439451741831334,0.00926549232407793,25,0.207600419066279,0.207484076324286,0.0123359079469566,25,0.487425246128951,0.486865408312241,0.0126135157648351,25,0.0741967253117954,0.0741519683175513,0.000691057649347318,25,0.0805924473599935,0.0812432378103017,0.00483802747017865,25,1.0835096001322,1.08324961034252,0.00593628519763851,25,0.968742076626734,0.968680559458818,0.00158843373019051,25,5.61124,6.42299999999977,1.17097666785743,25,5.61124,6.42299999999977,1.17097666785743,25,1.73635999999997,1.69799999999987,0.126714534814823,25,0.237720000000027,0.231999999999971,0.0181372544780705,25,3.63716,4.50300000000016,1.15942197092629,25
"refined","estimated_Z","mixture_fastica_start","ifeval_min30","balanced_moderate_dense_signed_cross","Cross",100,2000,5,"3-3-3-3-3",0.142722576231146,0.141413443195167,0.0138217935737016,25,0.190880931690186,0.191405445910974,0.00709661062258366,25,0.248089724439333,0.245098103113503,0.0319660261225074,25,0.0787674438629213,0.0785553872875611,0.00127929784728043,25,0.233163185008464,0.231176507319701,0.0697455422176633,25,0.180078687986502,0.183544359822977,0.026946473787608,25,0.0761155058865698,0.0701307603721156,0.043587083082285,25,0.46792646924484,0.467423317706255,0.0103362368980989,25,0.189066570651887,0.190329074934855,0.00600598895339362,25,0.504707243865822,0.505037669948885,0.0106624367931886,25,0.0812246505584188,0.0811957642759893,0.000778740570257728,25,0.0890158860381729,0.0894709079303827,0.00493870613575987,25,1.09114217648877,1.09114181651732,0.00418975392422926,25,0.968595432758312,0.968479033860645,0.00211982784624081,25,5.67967999999993,5.66099999999642,0.258745808338658,25,5.67967999999993,5.66099999999642,0.258745808338658,25,2.67968000000008,2.66300000000047,0.152597979453352,25,0.466560000000027,0.407999999999447,0.141535943608969,25,2.53343999999983,2.52499999999782,0.109721647818612,25
"refined","estimated_Z","mixture_fastica_start","ifeval_min30","balanced_moderate_dense_signed_cross","Cross",100,500,10,"2-2-2-2-2-2-2-2-2-2",0.147448622700199,0.147351951660267,0.00369091862166841,25,0.174462177099828,0.174514371193208,0.00351493100994883,25,0.289304336269409,0.284235905075247,0.0244790146210657,25,0.0993176045927817,0.0999329796603863,0.0016105993748209,25,0.118446738803586,0.116124928286658,0.0231469536201568,25,0.0767619377167648,0.076971639750898,0.00303837178023713,25,0.0487041140897941,0.0479577329110537,0.00932022728121468,25,0.826445998759809,0.829034310753819,0.0303308366396535,25,0.242370090844606,0.24432458396959,0.0124884011511526,25,0.861288967596766,0.863512281267597,0.0317943771268428,25,0.118184666938286,0.118473449429707,0.00125860818750983,25,0.179512425829394,0.177526488318524,0.00708160131854482,25,1.26522891218357,1.26944766273685,0.0216369131380674,25,0.934084257082276,0.933751789189018,0.00279673662240344,25,5.13348000000056,5.05199999999604,0.521748991373347,25,5.13348000000056,5.05199999999604,0.521748991373347,25,0.856840000000084,0.865000000005239,0.0705216751554773,25,0.507799999999988,0.470000000001164,0.125687443021868,25,3.76884000000049,3.67900000000373,0.475887125973052,25
"refined","estimated_Z","mixture_fastica_start","ifeval_min30","balanced_moderate_dense_signed_cross","Cross",100,500,10,"3-3-3-3-3-3-3-3-3-3",0.188144800606389,0.186455302283155,0.0109240296198282,25,0.166243687309722,0.166642338612874,0.00468904973665218,25,0.260761603935155,0.251114264992061,0.0378135758811694,25,0.10767598479916,0.107625895202289,0.0016915937507623,25,0.279003419204203,0.261758946435788,0.147730442351407,25,0.192714687604583,0.187780279064545,0.0266895826206434,25,0.0824877160036153,0.0658669911571688,0.0365029501606576,25,0.872807183776602,0.869512069254311,0.0122580589400124,25,0.251949368893429,0.250522414813618,0.00920845070062446,25,0.908483610251335,0.909642971244183,0.0126675353139498,25,0.124543650090022,0.124701992348367,0.000975016357186578,25,0.183389880040657,0.183090785592609,0.00771702907484043,25,1.29692256799786,1.29703077350279,0.00975110614859836,25,0.933804011250893,0.933563689734113,0.00272870237653356,25,6.23068000000028,5.94900000000052,1.08972686638902,25,6.23068000000028,5.94900000000052,1.08972686638902,25,0.968959999999497,0.963999999999942,0.0118970584596644,25,0.902000000000116,0.819999999999709,0.418762562000228,25,4.35972000000067,4.26200000000244,1.00033263301053,25
"refined","estimated_Z","mixture_fastica_start","ifeval_min30","balanced_moderate_dense_signed_cross","Cross",100,500,5,"2-2-2-2-2",0.124327421363381,0.123373634034007,0.00493054232215029,25,0.203336006431121,0.200279923001404,0.00959321290417108,25,0.292878548658742,0.27321788832812,0.0529989257898362,25,0.0768768672728624,0.0770835124135626,0.00154860860253317,25,0.11477180981657,0.114255095717131,0.0493195178095037,25,0.0750853799929104,0.0750929629241454,0.00479906125293138,25,0.0464030930581591,0.0481657045370857,0.0185838438936572,25,0.495702991416488,0.495209468893965,0.015175244723843,25,0.207125478864037,0.206655591263634,0.0102475881561973,25,0.53731025831237,0.53518039667102,0.015876970909002,25,0.0795301520147517,0.0794240863266863,0.00128382253212516,25,0.133115590792111,0.131669609403275,0.00597006658397694,25,1.1029067075602,1.1017987885178,0.00765448608855102,25,0.965020327312643,0.965297846651056,0.00298405128178146,25,3.81328,3.77100000000002,0.187823170384619,25,3.81328,3.77100000000002,0.187823170384619,25,0.628359999999997,0.635999999999967,0.0611656766495753,25,0.223679999999999,0.202999999999989,0.0625171443152497,25,2.96124,2.94200000000001,0.16194527882384,25
"refined","estimated_Z","mixture_fastica_start","ifeval_min30","balanced_moderate_dense_signed_cross","Cross",100,500,5,"3-3-3-3-3",0.167168212955388,0.151682842772405,0.0728678449334359,25,0.184370259375732,0.179321797115878,0.0310238462064518,25,0.23966123056099,0.236050172049188,0.0254145449598727,25,0.083246185163854,0.0835649794772765,0.00178331966807926,25,0.215115714475031,0.194492938085272,0.0714291523602284,25,0.175461617932765,0.173044955519665,0.0336278299735098,25,0.0757518050055404,0.0583895408259614,0.0460081998874302,25,0.548720366308802,0.545280536325081,0.0159567275008504,25,0.200343332070618,0.201729559345612,0.00721170872221843,25,0.584189723642426,0.582709203425275,0.0160798384770864,25,0.0874107538706294,0.0874850435632684,0.00130800527109305,25,0.142696969507666,0.142784942070988,0.00665157011394826,25,1.12572085753137,1.12498084406168,0.00844651676483682,25,0.96447514303628,0.965473763620456,0.0037606066130912,25,4.51087999999967,4.47200000000157,0.336372353204318,25,4.51087999999967,4.47200000000157,0.336372353204318,25,0.926559999999954,0.953999999999724,0.0519351197811013,25,0.388759999999893,0.337999999999738,0.0988000000003353,25,3.19555999999982,3.16400000000067,0.310444852858917,25
"refined","estimated_Z","mixture_fastica_start","ifeval_min30","balanced_moderate_dense_signed_cross","Cross",200,1000,10,"2-2-2-2-2-2-2-2-2-2",0.108910515169316,0.109019824741239,0.00218874386852035,25,0.149817970087892,0.149292482255327,0.00319504306881303,25,0.229423461592343,0.228089656916266,0.0248597808844522,25,0.070013443049029,0.0702249746420847,0.000679082218849143,25,0.0790560438813189,0.0755745622985193,0.0189202009447085,25,0.0388751432884313,0.0383969761009185,0.00191496062179046,25,0.0329199877342207,0.0322877674170894,0.00758791708393412,25,0.483727708440423,0.484635256387348,0.00474222996012836,25,0.167970354513414,0.167798783014526,0.0063060034220949,25,0.512088490327924,0.51135059376558,0.00574440209759605,25,0.080428856876641,0.0805023803625629,0.00050568622618208,25,0.121358052151655,0.121028724327487,0.00249348023503188,25,1.09231687753459,1.09242159162675,0.00295240196510838,25,0.966665932110543,0.966322223469791,0.001199956432913,25,8.08467999999964,8.05799999999726,0.237011378066567,25,8.08467999999964,8.05799999999726,0.237011378066567,25,3.47944000000047,3.43600000000151,0.210126168447216,25,0.61975999999966,0.583999999995285,0.0967325694901679,25,3.98547999999952,3.99500000000262,0.0508052818775793,25
"refined","estimated_Z","mixture_fastica_start","ifeval_min30","balanced_moderate_dense_signed_cross","Cross",200,1000,10,"3-3-3-3-3-3-3-3-3-3",0.127625857918221,0.128128762051773,0.00320688997212988,25,0.131464751534951,0.131152805275766,0.00410714166209639,25,0.187985930503569,0.185904109000999,0.0186668169163232,25,0.074923770510572,0.0749701995459271,0.000725767904813451,25,0.0959295073768698,0.0950077626810456,0.0128748346080153,25,0.0750510976588652,0.0745301889823406,0.0074119566396097,25,0.0372601053516846,0.0379192195694645,0.00628642030826864,25,0.482034172023129,0.483124419288171,0.0100520280903903,25,0.137801620491407,0.136877088217379,0.00574292262239755,25,0.501359269747574,0.502019724930937,0.0108865215824496,25,0.0855374822852695,0.0855911481724958,0.000591659592482784,25,0.125277908701028,0.125703409787796,0.0037514008603988,25,1.08770111141623,1.08806088284653,0.00550584756731483,25,0.967105876737504,0.966952736318906,0.0014821584612808,25,10.023959999996,9.88499999998021,0.507352481021936,25,10.023959999996,9.88499999998021,0.507352481021936,25,4.94683999999834,4.90899999999965,0.339121743134752,25,0.961359999999404,0.972999999998137,0.220829662863518,25,4.11575999999826,4.15600000000268,0.134151742440701,25
"refined","estimated_Z","mixture_fastica_start","ifeval_min30","balanced_moderate_dense_signed_cross","Cross",200,1000,5,"2-2-2-2-2",0.0932449663002475,0.0929849707390442,0.00281318265889762,25,0.17165966453605,0.171148647149374,0.00650072230641467,25,0.231265837043946,0.217892599017675,0.0376995755654767,25,0.0545700771773989,0.054615863784478,0.000660213919330001,25,0.0767769454381714,0.0789257319694224,0.0258075041834957,25,0.0384806595492689,0.0382855072070946,0.00255761879115602,25,0.0317349882967696,0.031780493839967,0.0111845561810406,25,0.367510897378608,0.366636807539348,0.00938148842914368,25,0.18598912668843,0.186303138345268,0.0119345322212567,25,0.411958855236675,0.411717200909254,0.0132029076480946,25,0.0556453139650116,0.055713973813323,0.000590358928377402,25,0.0957211908418692,0.095918295197511,0.00264790424626169,25,1.06446129317694,1.06381457318076,0.00571020811036279,25,0.982071023480152,0.982072751442364,0.00165296486025681,25,7.03387999999988,7.06100000000015,0.184877508997986,25,7.03387999999988,7.06100000000015,0.184877508997986,25,3.04403999999995,3.07299999999987,0.176529383767473,25,0.32687999999991,0.324000000000069,0.0159277535557468,25,3.66296000000002,3.66699999999992,0.0503177238487979,25
"refined","estimated_Z","mixture_fastica_start","ifeval_min30","balanced_moderate_dense_signed_cross","Cross",200,1000,5,"3-3-3-3-3",0.110941540818667,0.109683293482854,0.00708079631994881,25,0.141836579585718,0.141275045950942,0.00600321710856976,25,0.185410904027104,0.177357702217612,0.0295738740698863,25,0.05894649006768,0.0588411411868774,0.00085841798023849,25,0.099215436800991,0.0890606207775574,0.0214886525937665,25,0.0765539689382309,0.0763080836123476,0.00805379080296254,25,0.035554128467761,0.0329206494399867,0.00899635830671041,25,0.33287185473199,0.33306676229353,0.00546245240978388,25,0.128595313982097,0.127691915422542,0.00394253238751401,25,0.356861617548886,0.357880148422694,0.00593182108237661,25,0.0602823288752034,0.0602868069643936,0.000564714190698347,25,0.100494563135998,0.100019987621166,0.00367244736541427,25,1.04487342045813,1.04548221882902,0.00227942857409746,25,0.982680213944123,0.982500931865109,0.00117379355146592,25,25.2395999999992,14.6030000000028,59.6113770544977,25,25.2395999999992,14.6030000000028,59.6113770544977,25,18.1956399999996,6.80299999999988,59.6737309883789,25,0.63148000000001,0.657999999999447,0.0956687514290693,25,6.41247999999963,6.57499999999709,2.11289785444869,25
"refined","estimated_Z","mixture_fastica_start","ifeval_min30","balanced_moderate_dense_signed_cross","Cross",200,1500,10,"2-2-2-2-2-2-2-2-2-2",0.108772997777947,0.0992551827329205,0.0497677983650596,25,0.154530983836359,0.152400852824409,0.0123334382013273,25,0.244412033744811,0.238058719013467,0.0291032494439784,25,0.068507521525719,0.0685306594108319,0.00073425378396572,25,0.0931758008032144,0.0831148997755043,0.0592979305777887,25,0.0587516664511968,0.040430440149829,0.0894238974925095,25,0.0353180926956908,0.0338008871325937,0.0101195612964188,25,0.467899150311131,0.469097830399825,0.00644612506400104,25,0.169156776713673,0.169029804338982,0.00805155139772288,25,0.497574336196099,0.500192195915679,0.00826228485415365,25,0.0778741943170835,0.0777900033150806,0.00063768792144797,25,0.10549360903476,0.105774339402847,0.00279422602971348,25,1.08815334011971,1.08934996297805,0.00425637310373853,25,0.969191932060012,0.969091903306528,0.00142056792212304,25,9.93715999999869,9.9829999999929,0.290208069035034,25,9.93715999999869,9.9829999999929,0.290208069035034,25,4.72267999999982,4.81899999999587,0.26543952858153,25,0.642199999998556,0.614999999997963,0.101773031791683,25,4.57228000000032,4.55900000000111,0.0739467826658937,25
"refined","estimated_Z","mixture_fastica_start","ifeval_min30","balanced_moderate_dense_signed_cross","Cross",200,1500,10,"3-3-3-3-3-3-3-3-3-3",0.120867264560345,0.111717658836581,0.0474033119361728,25,0.134567200401115,0.132433274933993,0.0120068219355424,25,0.194263194224178,0.191524810593104,0.0194862739237664,25,0.0723543863137514,0.0723976073367325,0.000480270331569365,25,0.101666954180961,0.100071555132461,0.0147911277463755,25,0.0781411519790377,0.07486156100866,0.0171829130268956,25,0.0393851861169355,0.0393270766041192,0.00822172403604068,25,0.455611107230247,0.457723843980189,0.00627478485456251,25,0.135775512468962,0.135312697489279,0.00339012388851269,25,0.475419461776341,0.477144051302441,0.00658576530197966,25,0.0826753459518607,0.0827348282064493,0.000503741838241099,25,0.106459667362208,0.106151348730954,0.00283098932140972,25,1.07770869159077,1.07812507618018,0.00291294297574049,25,0.968668782857164,0.968623266077226,0.00134756124101723,25,12.1676400000008,12.06700000001,0.533327594759879,25,12.1676400000008,12.06700000001,0.533327594759879,25,6.35400000000023,6.34600000000501,0.334712687738722,25,0.965760000002338,0.997000000003027,0.208360120945517,25,4.84787999999826,4.78100000000268,0.278080671747193,25
"refined","estimated_Z","mixture_fastica_start","ifeval_min30","balanced_moderate_dense_signed_cross","Cross",200,1500,5,"2-2-2-2-2",0.0813199449091929,0.0809409916728001,0.003058703320678,25,0.175450869874252,0.177019362763014,0.00568356190461051,25,0.236268958181334,0.236609352509543,0.0317406491863586,25,0.053690535851026,0.0537562116899366,0.000648963649356984,25,0.0758015125025074,0.0799147458107637,0.0207381785750834,25,0.0395717304039067,0.039473791027095,0.00249565537948541,25,0.0313880786826576,0.0334663976894153,0.00907079263948572,25,0.367451547609815,0.364607773829803,0.00894621820598591,25,0.191114629212166,0.188735493442906,0.0116854078556791,25,0.414244547492236,0.411185834906071,0.0126990996469227,25,0.0542553175615404,0.0542235375261621,0.000419768407291935,25,0.0815646787789466,0.0813900104280748,0.0019428949597042,25,1.0663928178596,1.06541772886755,0.00492939198494024,25,0.983118881898231,0.983129579764511,0.00104178601905608,25,8.49431999999993,8.49399999999878,0.214431558622599,25,8.49431999999993,8.49399999999878,0.214431558622599,25,3.93415999999994,3.94700000000012,0.176193473204897,25,0.345080000000053,0.337999999999738,0.0392915597381344,25,4.21507999999994,4.20299999999952,0.0688173427752845,25
"refined","estimated_Z","mixture_fastica_start","ifeval_min30","balanced_moderate_dense_signed_cross","Cross",200,1500,5,"3-3-3-3-3",0.108626552551594,0.110428100323816,0.0114255800779839,25,0.147434683753534,0.145558587739686,0.0076660621178735,25,0.186309904172653,0.180953562121532,0.0265948136353958,25,0.0577703504042028,0.0580322143885991,0.00083312753288216,25,0.0952009603984341,0.0950198176620078,0.0168168209882593,25,0.0799480032102201,0.0802970221784406,0.00705234449917232,25,0.0329470324361671,0.0322721441905522,0.0062041560812273,25,0.320430763762224,0.320544193458334,0.00492973501258296,25,0.12792810342947,0.127484985010829,0.00419841110499686,25,0.345037296005692,0.345162332455857,0.00568167400880661,25,0.0586815651030639,0.0586933321124454,0.000306602063438054,25,0.0862205183360288,0.0862401332682308,0.00332136485252085,25,1.04158237971663,1.04203947748266,0.00220075069828742,25,0.983295139188394,0.98319423215749,0.00124223698068426,25,16.5141999999997,15.0099999999984,2.43928444084175,25,16.5141999999997,15.0099999999984,2.43928444084175,25,9.51836000000025,9.55599999999686,0.360664996915492,25,0.678640000000014,0.668000000001484,0.0484182128271083,25,6.31719999999943,4.72000000000116,2.31341585467586,25
"refined","estimated_Z","mixture_fastica_start","ifeval_min30","balanced_moderate_dense_signed_cross","Cross",200,2000,10,"2-2-2-2-2-2-2-2-2-2",0.0916860922703822,0.0913901374732354,0.00216258717875072,25,0.151474422427295,0.151021898591671,0.00272163566303809,25,0.242803089798596,0.244381295709732,0.0274254337533952,25,0.0674324808834878,0.0673441031491012,0.000684239455386643,25,0.0807081843715334,0.0770996552783133,0.0139918397426279,25,0.041478059462221,0.0414113743544055,0.00183723346382478,25,0.0338176491681131,0.0322877620348745,0.0061461086232728,25,0.460534685995996,0.458660858444856,0.00605082626401346,25,0.170185616889192,0.168491782186432,0.00761511093243288,25,0.491001575349846,0.489287011383072,0.00814021151868343,25,0.076697653505345,0.0766664881524717,0.00040993753884298,25,0.0959084999599886,0.0957579479509384,0.0021614905366633,25,1.08600369297752,1.0849098553801,0.00371292755919703,25,0.96994704140821,0.969952388083884,0.00115023295449844,25,11.8252399999992,11.7699999999968,0.384769008628539,25,11.8252399999992,11.7699999999968,0.384769008628539,25,6.00839999999967,5.96699999999691,0.342972059115385,25,0.628440000000119,0.626000000003842,0.0348150829381889,25,5.18839999999938,5.18399999999383,0.0872066511223151,25
"refined","estimated_Z","mixture_fastica_start","ifeval_min30","balanced_moderate_dense_signed_cross","Cross",200,2000,10,"3-3-3-3-3-3-3-3-3-3",0.103076819718564,0.102964875302185,0.00293257025128898,25,0.132117271366969,0.131489652682745,0.0030241500172448,25,0.193752283125465,0.189060410790085,0.0246101710364588,25,0.0708589317985357,0.0709258371556161,0.000505444616422534,25,0.0927093310466234,0.0938643072244447,0.0142451320543032,25,0.0780880299544909,0.0771077415070568,0.00763954067251117,25,0.0346563183682504,0.0363159345226133,0.00685486232963578,25,0.441669640940852,0.441941411607575,0.00469710817160983,25,0.133472515052038,0.133075863486382,0.00355098387438174,25,0.461404749307933,0.460956170181868,0.00519682779908051,25,0.0812478968469767,0.0812151823711865,0.000518501575691688,25,0.0963514444226316,0.0955102093099193,0.00250638973283033,25,1.07257848363718,1.07275626689469,0.0026035571055348,25,0.96955311713461,0.969625115456188,0.00122165630469883,25,14.3423999999999,14.3870000000024,0.307747190616812,25,14.3423999999999,14.3870000000024,0.307747190616812,25,7.95239999999991,7.9890000000014,0.34848756553532,25,0.967839999999851,0.835000000006403,0.243131253988948,25,5.42216000000015,5.41700000000128,0.0801507329961458,25
"refined","estimated_Z","mixture_fastica_start","ifeval_min30","balanced_moderate_dense_signed_cross","Cross",200,2000,5,"2-2-2-2-2",0.0775451382990612,0.0749648959932431,0.0072416930946342,25,0.177736733054946,0.176229050729573,0.00801892379468411,25,0.24512423562177,0.237069053204817,0.0440019366953135,25,0.0531160223713498,0.0530854777754308,0.000519958608711013,25,0.0823936606673707,0.0772913823916858,0.0286256097127567,25,0.0412199579658994,0.0415793603933711,0.00248900352676247,25,0.0340502765505797,0.0330151195419431,0.0115728950298629,25,0.361981446505918,0.362826816119519,0.00904608907699671,25,0.187651064541368,0.191500813426578,0.0129154163631753,25,0.407804841336852,0.40946707459072,0.0135936236345495,25,0.0535816419187787,0.05362469484489,0.000418962057458606,25,0.074228050719458,0.074334738594759,0.00195010324193347,25,1.06421402352566,1.06457871727308,0.00519837597811285,25,0.983373889877573,0.98332713443942,0.00110758425290328,25,9.88183999999998,10.1900000000005,1.04226914630211,25,9.88183999999998,10.1900000000005,1.04226914630211,25,5.15396000000001,5.08199999999943,0.23681453361932,25,0.346760000000068,0.347999999999956,0.012346659467274,25,4.3811199999999,4.75399999999991,0.91119849282876,25
"refined","estimated_Z","mixture_fastica_start","ifeval_min30","balanced_moderate_dense_signed_cross","Cross",200,2000,5,"3-3-3-3-3",0.109496656222899,0.113433647407967,0.0132756168562406,25,0.148373778543625,0.148557917824875,0.00607005472731288,25,0.180710081397504,0.171499034454571,0.0303251836196295,25,0.0568865176584589,0.0568948198211125,0.000712350824979102,25,0.103390010707674,0.102464517150324,0.0214278619216836,25,0.0744453813396539,0.0749012613712456,0.00890077448017728,25,0.0371047382569734,0.0364568004212135,0.0113470215968803,25,0.317363843104334,0.314858367762338,0.00718439416644564,25,0.129342476338327,0.128368609187306,0.00562910940466056,25,0.342725787686798,0.339596284502067,0.00843417195392503,25,0.0579425548894361,0.0578715862601091,0.00033174853679531,25,0.0793454924950337,0.0791993003613466,0.002659033862711,25,1.04141975122519,1.04024413681544,0.00292086787455913,25,0.983874555443308,0.983788867591035,0.00112029762064924,25,18.2071199999997,17.6490000000013,1.99227998199678,25,18.2071199999997,17.6490000000013,1.99227998199678,25,11.7158800000002,11.7769999999982,0.518387107607094,25,0.690159999999742,0.674999999999272,0.0431554168098948,25,5.80107999999978,5.2039999999979,1.87140386074216,25
"refined","estimated_Z","mixture_fastica_start","ifeval_min30","balanced_moderate_dense_signed_cross","Cross",200,500,10,"2-2-2-2-2-2-2-2-2-2",0.127323242755097,0.127044627510645,0.00277677399896976,25,0.142100290666658,0.141771000161079,0.00291182104607561,25,0.223399279401537,0.22548715829151,0.0231547220758404,25,0.073383541436167,0.0732977029008872,0.000968335051845746,25,0.0774114879084171,0.0757847464505823,0.0165100305111805,25,0.0360684844917619,0.0359580863335547,0.00167579958996137,25,0.0325629995595024,0.0308625977717486,0.00718430613677071,25,0.541667304671492,0.540063530237903,0.011183251883791,25,0.163217708442966,0.165033186635514,0.00527293355923674,25,0.565739438874391,0.563721683686806,0.0115978982703409,25,0.0877808077482149,0.0878848576987184,0.000943453622527558,25,0.162039543438577,0.162563078992967,0.00381566038729594,25,1.11357148381507,1.11319871121234,0.00642810115959491,25,0.962099609899862,0.962621341648046,0.00231179427398818,25,6.48743999999919,6.46899999999732,0.165277312419823,25,6.48743999999919,6.46899999999732,0.165277312419823,25,2.53616000000038,2.50900000000547,0.158387099643184,25,0.588879999999481,0.561000000001513,0.0808730074450075,25,3.36239999999932,3.36200000000099,0.0443433572637562,25
"refined","estimated_Z","mixture_fastica_start","ifeval_min30","balanced_moderate_dense_signed_cross","Cross",200,500,10,"3-3-3-3-3-3-3-3-3-3",0.159220644002535,0.159742730266481,0.00309341144745242,25,0.125547154394047,0.125305000394309,0.00322834767116678,25,0.184517840184749,0.184667082947794,0.0160375678475943,25,0.0816401049856366,0.0816613834046524,0.000750848510570346,25,0.103820553221025,0.104808720474007,0.0137917653780608,25,0.0664205089255927,0.0665360393499319,0.00507385002256557,25,0.0405970523175476,0.0412176986686395,0.00718431367569768,25,0.566789368897829,0.568094295210944,0.012690841715196,25,0.147712608428562,0.147580759738414,0.00586116821938987,25,0.585741924121206,0.585331890692,0.0130382465126278,25,0.0930543134431535,0.0930898257229635,0.000854930859150909,25,0.167893763185479,0.167801799251269,0.00501966946415846,25,1.12349893486374,1.12324201235054,0.00633933375273567,25,0.961865948815618,0.962133614570766,0.00217169998850843,25,7.86472000000125,7.81699999999546,0.328417356426802,25,7.86472000000125,7.81699999999546,0.328417356426802,25,3.48336000000068,3.48600000000442,0.177230518441061,25,0.941280000000843,0.959000000002561,0.186887782730652,25,3.44007999999973,3.39400000000023,0.226502560691859,25
"refined","estimated_Z","mixture_fastica_start","ifeval_min30","balanced_moderate_dense_signed_cross","Cross",200,500,5,"2-2-2-2-2",0.111551676309859,0.111610435879961,0.00259236687326463,25,0.173479642448507,0.172515733047856,0.00616992021684487,25,0.233191335937338,0.234106493062769,0.0339581228411922,25,0.0571587645931935,0.0570115504571282,0.000870582260284888,25,0.0742800223436035,0.0717636064603684,0.0239936964434523,25,0.0362432805024177,0.0362873586115227,0.00182951018348724,25,0.0309284733786039,0.0292403862905419,0.0101770501708569,25,0.386816197776583,0.387474048945584,0.00571780171447612,25,0.170639145317177,0.172921720667481,0.0114409277454229,25,0.42287127733523,0.422208139360132,0.00920915206788643,25,0.0596569493678955,0.0595285388716435,0.000729190449938004,25,0.126328578668739,0.126179491404862,0.00278679313473974,25,1.06583926878827,1.06618781870564,0.004049585606193,25,0.97925123771377,0.978973617254588,0.00224861177130177,25,5.52635999999993,5.52699999999959,0.0945303654918214,25,5.52635999999993,5.52699999999959,0.0945303654918214,25,2.13407999999999,2.13599999999997,0.0974093253578575,25,0.314439999999922,0.307999999999993,0.0364681139261824,25,3.07784000000001,3.07799999999997,0.040459527102176,25
"refined","estimated_Z","mixture_fastica_start","ifeval_min30","balanced_moderate_dense_signed_cross","Cross",200,500,5,"3-3-3-3-3",0.130639079755667,0.130363338385061,0.0048524567961461,25,0.137972568998725,0.138920130863729,0.00650605267149823,25,0.175780385045975,0.172753474005727,0.0236841853839021,25,0.0625332447032068,0.0627556497501061,0.00082530950689989,25,0.0969420905929543,0.094364662717334,0.0150567825933143,25,0.0661413674205942,0.0621957123088509,0.00891126993559122,25,0.0380245695515585,0.0370222433086682,0.00801509114187685,25,0.377161076333466,0.376493137330252,0.00872995929180433,25,0.129566169520905,0.129218220422516,0.00468306607877278,25,0.398809893391319,0.398150315672508,0.0092846358186026,25,0.0648068781593731,0.0649504147706999,0.000733581267337631,25,0.132358270243932,0.132016219227538,0.00457924229275471,25,1.05663547704045,1.05657969455185,0.00415497492518295,25,0.979455121165544,0.979016499207328,0.00210933775120988,25,7.33855999999985,7.29299999999785,0.246004417304741,25,7.33855999999985,7.29299999999785,0.246004417304741,25,3.25643999999942,3.22599999999875,0.194595966041945,25,0.518040000000328,0.48700000000099,0.0698817334265334,25,3.5640800000001,3.54900000000271,0.104888798258011,25
"refined","estimated_Z","mixture_fastica_start","ifeval_min30","balanced_moderate_dense_signed_cross","Cross",400,1000,10,"2-2-2-2-2-2-2-2-2-2",0.103325462794121,0.103551050489426,0.00109215154941812,25,0.102870590311467,0.103226404182095,0.0023356429320609,25,0.159777145485954,0.154663400205802,0.0159422939715971,25,0.0583606411788996,0.0583438787425106,0.000446711984668403,25,0.0524797978589565,0.0498546479208645,0.0140378602993711,25,0.0206350204647683,0.0205976850067877,0.000527110372320598,25,0.0217438763674765,0.0205091443590825,0.00617106191321538,25,0.407224843064614,0.408374243906137,0.00629922951562401,25,0.158344909063588,0.159840559481971,0.00720512099559552,25,0.43695323770371,0.439521093128197,0.00822732959725883,25,0.060933470727821,0.0608774946545211,0.000314096925603474,25,0.114819494445946,0.114813675608775,0.00106031797828583,25,1.07281963317905,1.07336467858751,0.00324627463279367,25,0.980679785519031,0.980528242737399,0.00122594608674117,25,17.923719999998,17.8929999999964,0.489923932871557,25,17.923719999998,17.8929999999964,0.489923932871557,25,12.6517599999995,12.476999999999,0.460013974424615,25,0.975759999998845,0.951000000000931,0.113033284184726,25,4.29619999999966,4.25900000000547,0.0973396116696664,25
"refined","estimated_Z","mixture_fastica_start","ifeval_min30","balanced_moderate_dense_signed_cross","Cross",400,1000,10,"3-3-3-3-3-3-3-3-3-3",0.119217143244142,0.119132325183287,0.00213154836794407,25,0.0905012538463644,0.0904018791952682,0.00160896003109531,25,0.135565090022169,0.134290818290555,0.0135282930480792,25,0.0623799672414767,0.0622789627444305,0.000416621537749782,25,0.0661521278324163,0.066026711069888,0.00834455369443082,25,0.0350042307614038,0.0352098904206281,0.00307853660540316,25,0.0270562167259327,0.0259270616193987,0.00334536084352929,25,0.352218360247662,0.352528662517539,0.00338364053227438,25,0.0965888367166625,0.0969593900949881,0.00298594171979967,25,0.365232395056297,0.365291374315862,0.00353914885424553,25,0.064146964403932,0.064212589616563,0.000307593243973812,25,0.115385746978686,0.115211878870408,0.00175640792175712,25,1.0460526424623,1.04579595550274,0.00151699846968688,25,0.981086408861444,0.981265355979626,0.00106418866832894,25,23.6136399999971,23.5430000000051,0.557016223582319,25,23.6136399999971,23.5430000000051,0.557016223582319,25,17.8548399999971,17.8349999999919,0.529039670851254,25,1.20580000000016,1.1990000000078,0.0657222691841527,25,4.55299999999988,4.55600000001141,0.0823392373055226,25
"refined","estimated_Z","mixture_fastica_start","ifeval_min30","balanced_moderate_dense_signed_cross","Cross",400,1000,5,"2-2-2-2-2",0.0893472939411145,0.0886946010091302,0.0014395622065419,25,0.119838532376627,0.12017205096656,0.00332321642196603,25,0.165811882825962,0.16048402787742,0.0198187910387391,25,0.0438262352364021,0.0438465923487221,0.00038255614046381,25,0.0568386845385348,0.0597599669816258,0.0159258116334618,25,0.0210896423006412,0.0211559685009848,0.000745080897034077,25,0.0237851718402386,0.023874672772255,0.00694589800041356,25,0.334876372400304,0.335301431943936,0.00652626899766879,25,0.181200884600304,0.182816291641688,0.00860570937409323,25,0.380791715576988,0.38183310157942,0.00944276199226054,25,0.0421708431635707,0.0422342109422894,0.000259127457161937,25,0.0923303529678947,0.0924520822494571,0.00194644230803129,25,1.06087327369928,1.06158139916859,0.00349507833778047,25,0.990467251038427,0.990626513339013,0.00100259824383603,25,15.8470399999999,15.8530000000001,0.421976745015057,25,15.8470399999999,15.8530000000001,0.421976745015057,25,11.3822399999998,11.4250000000002,0.436749096545587,25,0.527680000000146,0.528999999999542,0.0171092567537203,25,3.93711999999992,3.92999999999938,0.0833198255719554,25
"refined","estimated_Z","mixture_fastica_start","ifeval_min30","balanced_moderate_dense_signed_cross","Cross",400,1000,5,"3-3-3-3-3",0.0996025854808305,0.0998861979439992,0.00205260446375609,25,0.0992096576943106,0.0981583298409376,0.00418458320402474,25,0.127205187912891,0.124447937941622,0.0148679376364345,25,0.0470135643659068,0.0471336553527541,0.000407751367668328,25,0.0629099235606894,0.0610768301738545,0.0136569221168574,25,0.0346497203842347,0.033963692373831,0.00379506351595582,25,0.025718043308924,0.0249421532987763,0.00614960868832437,25,0.257489125772237,0.257202561184067,0.00429092950671014,25,0.0971632153759783,0.0984915301075488,0.00381914913124526,25,0.275225623516732,0.274746250988758,0.00498691308670604,25,0.0453037116827487,0.0452819488830207,0.000295220226086508,25,0.0959578519727277,0.0959118972054592,0.0017388235205715,25,1.02763869871895,1.02759497760592,0.00186737207124206,25,0.990405306245073,0.990609620287446,0.0012603617262456,25,73.1114399999984,35.6710000000057,181.641204339782,25,73.1114399999984,35.6710000000057,181.641204339782,25,64.7545599999995,26.0910000000003,182.44494183088,25,0.970359999999346,1.01399999999921,0.164970674161799,25,7.38651999999958,8.27399999999761,1.94536560659851,25
"refined","estimated_Z","mixture_fastica_start","ifeval_min30","balanced_moderate_dense_signed_cross","Cross",400,1500,10,"2-2-2-2-2-2-2-2-2-2",0.0927036022179697,0.0929585926537655,0.0013911417729042,25,0.105304323028959,0.105183990897334,0.00200745737652128,25,0.170729499392388,0.161587406396326,0.0245350777867902,25,0.0559813664400248,0.0559599586829663,0.000396042800403054,25,0.0573196401360864,0.0566822595925643,0.0116749551093774,25,0.0217685713821006,0.021673558050073,0.000730950458173694,25,0.0239796572115867,0.0239008367968989,0.00499750364523983,25,0.395955564149968,0.394907367710262,0.00662603715012597,25,0.159537227849329,0.157652199015143,0.00717185157498785,25,0.426909836300703,0.426245308224997,0.00868750007618708,25,0.0580750778368221,0.0580340065765907,0.000269345302891837,25,0.0995780373403552,0.0994736449435655,0.00137710298503512,25,1.07105089100895,1.07073004678221,0.00357429081803868,25,0.9829650425913,0.982785375422485,0.000811530817607764,25,22.2112800000014,22.3890000000101,0.409375186515357,25,22.2112800000014,22.3890000000101,0.409375186515357,25,16.2630400000006,16.5060000000012,0.388968130657165,25,0.976960000000545,0.974000000001979,0.0333585071606475,25,4.97128000000026,4.94200000000274,0.128593843813634,25
"refined","estimated_Z","mixture_fastica_start","ifeval_min30","balanced_moderate_dense_signed_cross","Cross",400,1500,10,"3-3-3-3-3-3-3-3-3-3",0.103355023008336,0.103166718640134,0.00149357119135757,25,0.0919762896009297,0.0915280866293257,0.00258248790023506,25,0.136060256123703,0.139001181043242,0.0108247628494957,25,0.0590504800180715,0.0589692654103938,0.000345479653709008,25,0.0644996472613679,0.0665423788272128,0.00641807036434747,25,0.0372574541409669,0.0367565100731358,0.00297145133694458,25,0.0264157421822985,0.0263209835847371,0.00402951638276544,25,0.336689463840761,0.337200665873803,0.00450407588037633,25,0.0992117385147057,0.0994129114386613,0.00423518805265343,25,0.35101937429503,0.351504827217656,0.00508854582799417,25,0.0610268571830701,0.0610674467395789,0.000306519934164032,25,0.0989452342166277,0.0988222920160579,0.00168538838745375,25,1.04293685781968,1.04353630136266,0.0019332122204456,25,0.982762220969668,0.982623319357456,0.000800184086969996,25,28.2046400000021,28.05799999999,0.676985159857672,25,28.2046400000021,28.05799999999,0.676985159857672,25,21.6678400000022,21.6500000000087,0.638130908723779,25,1.23715999999957,1.21900000001187,0.0719396042987854,25,5.29964000000036,5.27099999999336,0.11162731147365,25
"refined","estimated_Z","mixture_fastica_start","ifeval_min30","balanced_moderate_dense_signed_cross","Cross",400,1500,5,"2-2-2-2-2",0.0783675603694744,0.0782431095206422,0.00141815500529839,25,0.123787129613832,0.123962937442107,0.00391268631443891,25,0.174242969500714,0.176253739241716,0.021175694915861,25,0.0424829207477585,0.0425703589833038,0.000381323723733023,25,0.0586439356555727,0.0563570854244126,0.01859802412026,25,0.0213870451589851,0.0213760401129053,0.000728719755436332,25,0.0245630156016794,0.0237697286338796,0.00784008533706039,25,0.332600364759922,0.334248674206978,0.00666599613642287,25,0.180592159757877,0.181050708913297,0.00819562328093789,25,0.378500519908317,0.379682125257791,0.00918710765696648,25,0.0408005996084953,0.0408230619274384,0.000285156249257597,25,0.0798469007040324,0.0799480169113482,0.00142973073228443,25,1.0604244014751,1.06080750877848,0.00341328760269941,25,0.990806758570272,0.990551702068047,0.00107500570019351,25,19.7246800000002,19.6769999999979,0.50599248347498,25,19.7246800000002,19.6769999999979,0.50599248347498,25,14.5160400000001,14.505000000001,0.506096456550672,25,0.54439999999995,0.539000000000669,0.0210495447296732,25,4.66424000000014,4.57799999999952,0.249772943557397,25
"refined","estimated_Z","mixture_fastica_start","ifeval_min30","balanced_moderate_dense_signed_cross","Cross",400,1500,5,"3-3-3-3-3",0.0876909806952561,0.0867357140025892,0.00357376688436066,25,0.100241413375999,0.099622246032859,0.0034984682729005,25,0.129599114094863,0.123618868985962,0.0246546087860113,25,0.0447888719708876,0.0447960291306822,0.00039607290439408,25,0.060645658634416,0.0579029024663489,0.0172676281111048,25,0.0380833924935685,0.0378932832452905,0.00422804538669366,25,0.023160564070533,0.0236984821208333,0.00663335222451198,25,0.247034498256092,0.246308059153071,0.00375846894332337,25,0.0974131875459884,0.097788428229159,0.00315904481839323,25,0.265559631876251,0.264387590446387,0.00415779652968514,25,0.0432862059537281,0.043241564874977,0.000295580201351625,25,0.0822002171267603,0.082515509013888,0.00205031810235349,25,1.02551257981713,1.02526008379932,0.00142137012352463,25,0.990790736755473,0.990476247252175,0.0010802077217026,25,32.4122799999994,33.1009999999951,3.65490518025777,25,32.4122799999994,33.1009999999951,3.65490518025777,25,23.0719199999989,23.0119999999952,0.767303662182799,25,1.07679999999935,1.20500000000175,0.273258119733036,25,8.26356000000116,8.76600000000326,3.51408492213837,25
"refined","estimated_Z","mixture_fastica_start","ifeval_min30","balanced_moderate_dense_signed_cross","Cross",400,2000,10,"2-2-2-2-2-2-2-2-2-2",0.0851201878140192,0.0849027609400647,0.00127671562755721,25,0.106457665528346,0.106421691185326,0.00219668696052528,25,0.17840183947703,0.174106036520886,0.0244382648902656,25,0.0546666804066738,0.0546823852347968,0.000378006070206219,25,0.0571981229267172,0.0583447578439558,0.0115529586999844,25,0.0220015966113337,0.0219003114948958,0.000727687120773503,25,0.0241433813913215,0.0246981781005025,0.00497359072799341,25,0.386808513953911,0.388127069411285,0.0069424095657882,25,0.157427056953154,0.156747882873516,0.00892332903407538,25,0.417659795318801,0.417875684865815,0.00952573487900903,25,0.0565427367938653,0.0565688098554205,0.000283500028501563,25,0.0896056059965765,0.0896045469287312,0.0016372720353666,25,1.06811158644772,1.06827599690904,0.00394338950488392,25,0.983627841789251,0.983401037219039,0.000838732538448595,25,27.02272,27.2220000000016,0.735183509971934,25,27.02272,27.2220000000016,0.735183509971934,25,20.3712800000006,20.5829999999987,0.748832620373122,25,1.01148000000045,1.00800000000163,0.0210715447941632,25,5.63995999999897,5.62099999999919,0.109107928217287,25
"refined","estimated_Z","mixture_fastica_start","ifeval_min30","balanced_moderate_dense_signed_cross","Cross",400,2000,10,"3-3-3-3-3-3-3-3-3-3",0.0944169937076335,0.0945480706076323,0.00166801417800777,25,0.0920461931667683,0.0922076378748963,0.00185359560010175,25,0.130860767969459,0.129078516194867,0.0104984471438267,25,0.0571492564533206,0.0570846875252847,0.00027380858433674,25,0.059976283231389,0.0603992204668986,0.0091709244808237,25,0.0381081155465429,0.0378676140113092,0.00240637621654283,25,0.0253725307342894,0.0252203102908187,0.00475549720685181,25,0.328266159455947,0.329504847380899,0.0053661347938494,25,0.100669560928934,0.100247928126679,0.0039478558759169,25,0.343365550611969,0.344406628021342,0.00610125707829763,25,0.0595625848019384,0.0596310969079497,0.000325124454827443,25,0.0895415126151157,0.0897636882165921,0.00197965856591287,25,1.04144925253658,1.04176299800178,0.00218508508841959,25,0.983796651287138,0.983801445149727,0.000910912536983807,25,33.9818800000002,34.0480000000098,0.978123727686487,25,33.9818800000002,34.0480000000098,0.978123727686487,25,26.6114800000004,26.9349999999977,0.956402291574726,25,1.26919999999867,1.25100000000384,0.070013689137745,25,6.10120000000112,6.05400000000373,0.174241690381755,25
"refined","estimated_Z","mixture_fastica_start","ifeval_min30","balanced_moderate_dense_signed_cross","Cross",400,2000,5,"2-2-2-2-2",0.0706068036307586,0.0703363628883736,0.00146884200869164,25,0.125326503565812,0.125890262382071,0.00494998746678189,25,0.180877303435888,0.173744426368707,0.0303818121959669,25,0.0416295605870748,0.0416514066002469,0.000330011928742536,25,0.0550448688080069,0.0514623371688891,0.0199713080655239,25,0.0222104808163565,0.0219639738693557,0.000876969168967592,25,0.0231056176036961,0.0214767315810375,0.00850431471400106,25,0.333294266162945,0.333230654185084,0.00816497161964938,25,0.180740979357072,0.177544472605031,0.0111138528572645,25,0.379203566986405,0.377346177304875,0.0120589424047383,25,0.0399477663312036,0.0399470139284215,0.000249519184984801,25,0.0727083986826351,0.0725487675666059,0.00134805475381008,25,1.06121677699287,1.06059978491393,0.00439666556367286,25,0.99133318469917,0.991213431101912,0.000752221967629054,25,23.7684799999998,23.9580000000005,0.869995791177475,25,23.7684799999998,23.9580000000005,0.869995791177475,25,17.81408,17.652,0.602756440584888,25,0.607879999999859,0.560999999999694,0.108829116814963,25,5.34651999999995,5.27800000000025,0.526953755086324,25
"refined","estimated_Z","mixture_fastica_start","ifeval_min30","balanced_moderate_dense_signed_cross","Cross",400,2000,5,"3-3-3-3-3",0.0882414303650397,0.0914976006799376,0.00782941115032005,25,0.103227912862903,0.102280213494318,0.00397096782969475,25,0.135760607712953,0.12815730154054,0.0256136801753746,25,0.0439227439421954,0.0438284249521013,0.000449678481645774,25,0.0651833037227284,0.0677562699767008,0.0152399407312958,25,0.041202430921689,0.0411864768652214,0.0033628382306784,25,0.0250310559537349,0.0252086701912492,0.00672360687365436,25,0.2438317270091,0.243847823833387,0.00476323666560364,25,0.09949235564354,0.0993901524615923,0.00403842026591027,25,0.263364408173069,0.26285286370304,0.00552134180319981,25,0.0424659210061183,0.0424291431165885,0.000293810392203655,25,0.0750818390665668,0.0748635591677884,0.00209584951049213,25,1.02544368241529,1.025053238325,0.00158639249618276,25,0.991268282993402,0.991148372116703,0.000736834448674219,25,32.8570799999998,32.523000000001,1.61303365639572,25,32.8570799999998,32.523000000001,1.61303365639572,25,28.2297600000008,27.9429999999993,0.899777809610201,25,0.764519999999902,0.773000000001048,0.050435701640702,25,3.86279999999912,3.14600000000064,1.24504574882397,25
"refined","estimated_Z","mixture_fastica_start","ifeval_min30","balanced_moderate_dense_signed_cross","Cross",400,500,10,"2-2-2-2-2-2-2-2-2-2",0.122520605573546,0.122802576492714,0.00133514501961626,25,0.0995801731219707,0.0992157834032662,0.00248005371371795,25,0.161836470398542,0.159487619090368,0.0134575341179102,25,0.0634400796106848,0.0635407220183259,0.000531877988181826,25,0.0536931885506608,0.0529652811237413,0.0123207087170177,25,0.0198258243495287,0.0198182103101879,0.000440576521592878,25,0.0223916207402967,0.0228582589021186,0.00539727166282695,25,0.432333087625201,0.432479884653945,0.00468731899493826,25,0.13503580848854,0.13453803806232,0.00515917839637611,25,0.452954109549791,0.453748512849058,0.0051828472600111,25,0.0693086806364465,0.0692728418893499,0.000514822127108164,25,0.154902542905683,0.15447776884388,0.00200275688896264,25,1.07447310706224,1.07462802320386,0.00238366916272243,25,0.975779401029083,0.975827175543172,0.00146685113121187,25,12.7841200000004,12.7249999999985,0.371815626352582,25,12.7841200000004,12.7249999999985,0.371815626352582,25,8.23840000000084,8.2019999999975,0.356553642527528,25,0.940159999999742,0.940999999998894,0.0283353136564016,25,3.60555999999982,3.60100000000239,0.0456162251830056,25
"refined","estimated_Z","mixture_fastica_start","ifeval_min30","balanced_moderate_dense_signed_cross","Cross",400,500,10,"3-3-3-3-3-3-3-3-3-3",0.153645387059317,0.153457187507161,0.00244620044380082,25,0.0880183973244805,0.0878395594850777,0.00183367959896809,25,0.131288378370243,0.130271877196298,0.0119054182417568,25,0.0713857672118996,0.0715791527475141,0.000756405277387281,25,0.0636462941994092,0.0651295060941614,0.0105065867201332,25,0.0304849795967639,0.030060143311752,0.00242694840658798,25,0.0284494636566312,0.028730773145215,0.00564871674354501,25,0.413652405341205,0.412001414819785,0.00831461876425561,25,0.0957342809525318,0.0965213177460835,0.0038974279912539,25,0.424598940935888,0.423752447097938,0.00854243495255325,25,0.0722969875316616,0.0721121620063994,0.000726982995002711,25,0.157701289090268,0.157123500813847,0.0033038271668916,25,1.06349527143034,1.06290683623748,0.00371924185350367,25,0.976550260271942,0.976451685236373,0.00151888455339324,25,16.2202800000022,16.1010000000097,0.753115889709088,25,16.2202800000022,16.1010000000097,0.753115889709088,25,11.1050800000015,11.0880000000034,0.630714470528478,25,1.34308000000019,1.21300000000338,0.266004060119134,25,3.77212000000058,3.76900000000023,0.104215449910915,25
"refined","estimated_Z","mixture_fastica_start","ifeval_min30","balanced_moderate_dense_signed_cross","Cross",400,500,5,"2-2-2-2-2",0.108600012329483,0.108258149994785,0.00200874592154897,25,0.120003464806335,0.120546591417508,0.00408803127638787,25,0.172641752078504,0.170408156985475,0.0219105657364286,25,0.0477932711987413,0.0479605395143034,0.00065282665196166,25,0.0569616045007116,0.0617261702953555,0.0175562615033515,25,0.0200458314508577,0.0199654401930936,0.00070364205560433,25,0.0237970692207278,0.0255685353497518,0.0073844920870134,25,0.337023885626065,0.33778075408729,0.00637181485445256,25,0.154720677452021,0.151735812638257,0.009144039473518,25,0.370892015989737,0.369540646649253,0.00923900990747658,25,0.0470453069695262,0.0469779365504373,0.000418818520547589,25,0.122738645299233,0.123069481807063,0.00230327268767028,25,1.05431216649005,1.05448682493368,0.00331693419210528,25,0.98739161107541,0.987234379904176,0.00131272652092355,25,11.15516,11.1320000000014,0.376319310338249,25,11.15516,11.1320000000014,0.376319310338249,25,7.35632000000001,7.39400000000023,0.372336398077675,25,0.510559999999932,0.514000000000124,0.0310417460849772,25,3.28828000000009,3.27800000000025,0.0823197627142217,25
"refined","estimated_Z","mixture_fastica_start","ifeval_min30","balanced_moderate_dense_signed_cross","Cross",400,500,5,"3-3-3-3-3",0.127347211003006,0.127837831246433,0.00327393930171813,25,0.097645308766311,0.097226521126628,0.00443396011487047,25,0.132710091851653,0.129454526888532,0.0176537373483674,25,0.0526454024545117,0.0526119951966174,0.000739460241719468,25,0.0675851725203371,0.0633786960830976,0.0152304048361656,25,0.0295145734868959,0.0290779673896681,0.00452219554925357,25,0.0279567871253852,0.0272853277073802,0.00633209796501341,25,0.29138101993554,0.290960102877372,0.00493148783830449,25,0.0926899356797057,0.0935458600372313,0.00347306862359946,25,0.30578309973081,0.305642454048024,0.00519869583466574,25,0.0502291416688284,0.0501998729065835,0.000411181424291147,25,0.12747843923946,0.127578770848725,0.00298147662759731,25,1.03290354579698,1.03261950723974,0.0020102144936509,25,0.987099211095825,0.98693616289068,0.00194811306975175,25,24.2369999999997,24.0839999999989,0.857051534818245,25,24.2369999999997,24.0839999999989,0.857051534818245,25,16.0042800000001,15.9239999999991,0.709544837672072,25,0.997199999999721,1.0010000000002,0.0379319566240912,25,7.23551999999981,7.22200000000157,0.450518231225452,25
"refined","estimated_Z","mixture_identity_start","ifeval_min30","balanced_moderate_dense_signed_cross","Cross",100,1000,10,"2-2-2-2-2-2-2-2-2-2",0.134484842799572,0.134720099784602,0.00538585563101386,25,0.180326210763056,0.180286841341609,0.00337391807916717,25,0.283871298772072,0.276303675898314,0.0281494093460677,25,0.0972285175521633,0.0972363146648506,0.00125468325784299,25,0.107308415120525,0.104465180813432,0.0234972159667233,25,0.0804455987219243,0.0792214995367519,0.00433609637849066,25,0.0440341234155159,0.0433573498871141,0.0110140079897873,25,0.706786463906576,0.698156066696333,0.0267519510487588,25,0.221568698041698,0.220369809123347,0.00840112796734348,25,0.740721577927171,0.731527676373428,0.0275025284658501,25,0.111126495292446,0.110936957298058,0.00136279782377071,25,0.137561588158752,0.137342769692898,0.00548569284594712,25,1.19181203480549,1.18730220244246,0.0175957698972726,25,0.938319581939339,0.938249520214605,0.00245072886878339,25,6.14520000000019,6.01900000000751,0.324258513123948,25,6.14520000000019,6.01900000000751,0.324258513123948,25,1.29684000000096,1.26600000000326,0.15233780445643,25,0.569639999999781,0.548999999999069,0.130594435817458,25,4.27871999999945,4.21399999999994,0.222307317318182,25
"refined","estimated_Z","mixture_identity_start","ifeval_min30","balanced_moderate_dense_signed_cross","Cross",100,1000,10,"3-3-3-3-3-3-3-3-3-3",0.161742347378784,0.159680325083854,0.00977125574007614,25,0.170300079375442,0.170295400300107,0.00358078201362345,25,0.258598605031473,0.257142138593237,0.0253468757438268,25,0.102831876512698,0.102999101080836,0.00116892464080002,25,0.192758131312662,0.185630817432069,0.0545531604219995,25,0.180028088463771,0.181403110977306,0.0216597478055419,25,0.0611657143856827,0.0536173449425262,0.023634660325696,25,0.780762138697338,0.78199204262316,0.0268376809675444,25,0.240973346819714,0.241126827126966,0.0141030823105794,25,0.817139427696907,0.818568297679695,0.0292834305443309,25,0.117919710978672,0.118170615819202,0.000952751589448159,25,0.144001043989406,0.144204703317444,0.00639345750817457,25,1.24100674116261,1.24076302690834,0.0181623081839152,25,0.938840688370483,0.938759062289148,0.00234478463324848,25,7.08020000000048,6.65800000000309,0.915409380187256,25,7.08020000000048,6.65800000000309,0.915409380187256,25,1.63271999999968,1.63900000000285,0.114504555949991,25,0.872040000000561,0.796000000002095,0.363121017477678,25,4.57544000000023,4.04299999999785,0.816461372836621,25
"refined","estimated_Z","mixture_identity_start","ifeval_min30","balanced_moderate_dense_signed_cross","Cross",100,1000,5,"2-2-2-2-2",0.108130411252649,0.107772869449101,0.00737667553754702,25,0.199322645987724,0.200021228868099,0.00693168902129826,25,0.279242764673753,0.269489322806751,0.0443247230500293,25,0.0750456915991215,0.0751477816704208,0.001121911307414,25,0.108617785057507,0.107192466328887,0.0280926400775643,25,0.0752259463478969,0.0759550216394084,0.00414770868118097,25,0.0448320447551625,0.0444950821706587,0.0129925586269355,25,0.460400244298196,0.458052829954951,0.0100375141260055,25,0.21043114529708,0.209013095154886,0.0102380380220136,25,0.506273232942697,0.501898392923379,0.0118326796109477,25,0.0760164815580854,0.0757128984315994,0.00103120160891891,25,0.101742450299413,0.101549268785781,0.00565530610807132,25,1.09021160249677,1.0905135183903,0.00631610562531611,25,0.966876670162941,0.96715810393873,0.00262273215696896,25,4.66523999999999,4.66500000000008,0.0835659819144402,25,4.66523999999999,4.66500000000008,0.0835659819144402,25,0.988599999999992,0.974000000000046,0.0702121784307961,25,0.226680000000001,0.22300000000007,0.02059271715924,25,3.44996,3.45500000000015,0.0429733250594641,25
"refined","estimated_Z","mixture_identity_start","ifeval_min30","balanced_moderate_dense_signed_cross","Cross",100,1000,5,"3-3-3-3-3",0.157207797087182,0.159977302706305,0.0157149283493853,25,0.18853000290346,0.188579717582908,0.00835173400495,25,0.267266103755812,0.267970112052556,0.0488387218457824,25,0.0816179195536131,0.0815911757991125,0.00148605862338097,25,0.191324214799292,0.178634872502999,0.0610593329154672,25,0.174051298379705,0.166841786633421,0.0255427203098881,25,0.0641386205308968,0.0523516272688516,0.0389853553307375,25,0.4926441411123,0.493521014764611,0.0182414676421916,25,0.191397844304266,0.191231743649556,0.00932092107978949,25,0.528545803765562,0.528942454166196,0.0197263408254545,25,0.083760641364169,0.0836747978619678,0.00099208432314754,25,0.111702310493349,0.113269530356179,0.00649223540486803,25,1.10048556440347,1.10092246408735,0.00991989027642554,25,0.96675803763654,0.966397242014245,0.00205064915221567,25,4.10587999999982,3.78199999999924,0.91813376476447,25,4.10587999999982,3.78199999999924,0.91813376476447,25,1.47572,1.47600000000057,0.133462391706329,25,0.438319999999949,0.337999999999738,0.229948313033104,25,2.19183999999987,1.80400000000009,0.833250196519608,25
"refined","estimated_Z","mixture_identity_start","ifeval_min30","balanced_moderate_dense_signed_cross","Cross",100,1500,10,"2-2-2-2-2-2-2-2-2-2",0.126701509289892,0.124911846396679,0.00703459127025803,25,0.18094873191816,0.180808405289751,0.00403024298360264,25,0.28752411432681,0.28508990544605,0.0306939972184937,25,0.0959271877055179,0.0960365388984658,0.000748172305372282,25,0.115150984807911,0.117070338825139,0.0220965566847286,25,0.0827583838524799,0.0812932470104047,0.00597361474415783,25,0.047290587688637,0.0475171338478514,0.0100841333842317,25,0.675160206971822,0.673380459117128,0.0169595209962477,25,0.217301007974062,0.217992953743603,0.00729620940375926,25,0.709288955227445,0.707985223474493,0.0176019873481092,25,0.108373925367094,0.10842859361821,0.000845603611049999,25,0.124095098401241,0.123419121989577,0.00441602484091409,25,1.1744616277353,1.17319207238932,0.0110149867600196,25,0.940224167327969,0.940636779905809,0.00167572155838761,25,6.75651999999973,6.63099999999395,0.365332510644837,25,6.75651999999973,6.63099999999395,0.365332510644837,25,1.69004000000015,1.66000000000349,0.170998167631865,25,0.531119999999646,0.550999999999476,0.100398505965089,25,4.53535999999993,4.4210000000021,0.292729807159717,25
"refined","estimated_Z","mixture_identity_start","ifeval_min30","balanced_moderate_dense_signed_cross","Cross",100,1500,10,"3-3-3-3-3-3-3-3-3-3",0.159698505638457,0.158501519585031,0.00980713801284165,25,0.171716717988648,0.170855708758871,0.00323537683364264,25,0.262540928575397,0.254968055920438,0.0344980419648678,25,0.101400334125385,0.101523230753918,0.00100692607869891,25,0.199048175509361,0.194716119098091,0.0450573521914872,25,0.183908519003225,0.181412603213437,0.0198429326613889,25,0.0635098996023832,0.0576897866946557,0.0220998910390383,25,0.755969990880082,0.755895202065734,0.0242493500611439,25,0.235903822869503,0.234916766953279,0.0121357023276054,25,0.791950436944159,0.791033191112161,0.0262527811826242,25,0.115883840008274,0.116018552130549,0.000949186321473313,25,0.12747171355896,0.125838104743417,0.00656785993224657,25,1.22611312022203,1.22531512159206,0.0169571596696688,25,0.940198452105276,0.94066143020525,0.00202770757799338,25,7.97603999999992,7.86299999999756,0.663033463207145,25,7.97603999999992,7.86299999999756,0.663033463207145,25,2.35112000000052,2.38100000000122,0.175570099960158,25,1.01376000000047,1.02900000000227,0.329500161862003,25,4.61115999999893,4.53899999999703,0.566560505741486,25
"refined","estimated_Z","mixture_identity_start","ifeval_min30","balanced_moderate_dense_signed_cross","Cross",100,1500,5,"2-2-2-2-2",0.104431319816146,0.101589872717721,0.0111165880421657,25,0.20910485332443,0.206660927584607,0.0111276105863423,25,0.30132774216113,0.284311451702023,0.0665662840848508,25,0.0752738374910182,0.0753615399081627,0.000980365194605383,25,0.11125512896954,0.0987607399121627,0.0417186534860472,25,0.0778360176783326,0.0770845627954217,0.00436174563330377,25,0.0450241376894711,0.0402497767033778,0.0161187714342379,25,0.446737625156551,0.448344869337992,0.0119925876587273,25,0.208767132732985,0.211201677530987,0.011238931507426,25,0.49315713347032,0.496201725600572,0.0149162054623028,25,0.0747272914301649,0.074533079777729,0.000875037506134782,25,0.0889439992376298,0.0897233845743237,0.00443908595157655,25,1.08539448529631,1.08749017780577,0.00649896455853584,25,0.968019978672067,0.968545724950885,0.00232934438530845,25,5.27616000000002,5.57399999999984,0.776125455924065,25,5.27616000000002,5.57399999999984,0.776125455924065,25,1.33120000000003,1.32199999999989,0.0998799279134669,25,0.245319999999992,0.2349999999999,0.0314850758296631,25,3.69964,4.00799999999981,0.779879578311085,25
"refined","estimated_Z","mixture_identity_start","ifeval_min30","balanced_moderate_dense_signed_cross","Cross",100,1500,5,"3-3-3-3-3",0.151022679261831,0.153140485313807,0.0158949414874407,25,0.189861450976485,0.190463983003698,0.00526429769964246,25,0.252968656379143,0.250616783733502,0.030850471281389,25,0.07998616642697,0.0797928813274618,0.00124900668060075,25,0.210070489803202,0.19508137431156,0.0601340272024375,25,0.171616702378078,0.178198755457947,0.031916984251399,25,0.061522894941097,0.0530534329876798,0.0260383535481085,25,0.472721370792852,0.47224490821853,0.0152110823139497,25,0.188447900699497,0.188510068489848,0.00745902933668727,25,0.508922709857365,0.507225262287374,0.0161798051791859,25,0.0817868881626037,0.0817930520897878,0.000809298901926069,25,0.0960358873876232,0.095849124997704,0.00495853768819251,25,1.0923815936821,1.09201380984561,0.0068418783073102,25,0.967794753997068,0.968542196335143,0.00203858561785743,25,4.51820000000043,4.40899999999965,0.484276780365037,25,4.51820000000043,4.40899999999965,0.484276780365037,25,2.02480000000018,2.00400000000081,0.163991107482884,25,0.380720000000219,0.34900000000016,0.0704388150571346,25,2.11268000000004,2.01399999999921,0.40109763150667,25
"refined","estimated_Z","mixture_identity_start","ifeval_min30","balanced_moderate_dense_signed_cross","Cross",100,2000,10,"2-2-2-2-2-2-2-2-2-2",0.137519834944161,0.123159210823588,0.0720113861891946,25,0.185186122171077,0.180999843440601,0.0212588639603358,25,0.29107392356588,0.284492559490703,0.0375098967930416,25,0.0953556431422077,0.0954297176471025,0.00105944098974501,25,0.119074040179365,0.108061038124678,0.0583451596373033,25,0.0881947682174313,0.082661536027738,0.0259158654921517,25,0.0504477581391908,0.0448360541531453,0.0309412946376608,25,0.651524063305905,0.64829988761496,0.014186499488825,25,0.214367150084675,0.214181205521949,0.00654101956142582,25,0.685907115454371,0.681637268758857,0.0145268826802423,25,0.106909077923583,0.106657350551436,0.000978161807457721,25,0.113681427517083,0.113230925427703,0.00552446336723217,25,1.16177076834937,1.15927621643214,0.00871663345707974,25,0.94129023078453,0.941396695493697,0.00161082451223676,25,7.64315999999904,7.65099999999802,0.23996730332817,25,7.64315999999904,7.65099999999802,0.23996730332817,25,2.08247999999847,2.0570000000007,0.179171965812076,25,0.576520000000019,0.575000000004366,0.114752312976109,25,4.98416000000056,4.95700000000215,0.0873897781970158,25
"refined","estimated_Z","mixture_identity_start","ifeval_min30","balanced_moderate_dense_signed_cross","Cross",100,2000,10,"3-3-3-3-3-3-3-3-3-3",0.154299742080741,0.152421289379403,0.0113511609345314,25,0.17176950861775,0.170965086540616,0.00299018191421586,25,0.26061904804777,0.254561984284442,0.0248836779063587,25,0.100382370936082,0.100243908777156,0.000939541794919141,25,0.201418510010474,0.201552079158662,0.0483895812336071,25,0.188479176223315,0.186546069707772,0.0239728858246521,25,0.0661487400009495,0.0592116363419221,0.0263583779462348,25,0.723912344121375,0.722345992456275,0.0207709402074539,25,0.225570496927262,0.224238954680296,0.00878401564350875,25,0.75825942986888,0.758121206029914,0.0219377747524673,25,0.114390955922827,0.114351910112784,0.00076123771072204,25,0.115608483022746,0.11411084482696,0.00608709665245273,25,1.20562006258951,1.20556129264715,0.013893701196134,25,0.940879636799295,0.941009051213551,0.00125041599202094,25,8.34171999999991,8.23699999999371,0.87471826512124,25,8.34171999999991,8.23699999999371,0.87471826512124,25,2.88260000000038,2.87699999999313,0.216802521509901,25,0.865640000000421,0.756000000001222,0.288753193345655,25,4.59347999999911,4.84100000000035,0.8772096917685,25
"refined","estimated_Z","mixture_identity_start","ifeval_min30","balanced_moderate_dense_signed_cross","Cross",100,2000,5,"2-2-2-2-2",0.106067654646473,0.101888935094704,0.0163618608679307,25,0.208490532770254,0.208903901008805,0.00868975182219679,25,0.300315932298852,0.311165585323301,0.0522205884987138,25,0.0748421369325771,0.0747235312995419,0.00111657521243159,25,0.109581963985982,0.107035947475884,0.0307938725843601,25,0.0780206300078579,0.0777328347513044,0.00508544282884305,25,0.0450411573309818,0.0441038695191478,0.0139655340820137,25,0.440919119909942,0.439451741831334,0.00926549232407793,25,0.207600419066279,0.207484076324286,0.0123359079469566,25,0.487425246128951,0.486865408312241,0.0126135157648351,25,0.0741967253117954,0.0741519683175513,0.000691057649347318,25,0.0805924473599935,0.0812432378103017,0.00483802747017865,25,1.0835096001322,1.08324961034252,0.00593628519763851,25,0.968742076626734,0.968680559458818,0.00158843373019051,25,5.65436,6.47199999999975,1.20175166874576,25,5.65436,6.47199999999975,1.20175166874576,25,1.73635999999997,1.69799999999987,0.126714534814823,25,0.266279999999997,0.245999999999867,0.0452221553370985,25,3.65172000000003,4.53999999999996,1.17908716528223,25
"refined","estimated_Z","mixture_identity_start","ifeval_min30","balanced_moderate_dense_signed_cross","Cross",100,2000,5,"3-3-3-3-3",0.14274888903315,0.14135625083068,0.0138427025287433,25,0.190971141102608,0.191410337859222,0.00702430294342918,25,0.248089181120227,0.245096194326761,0.0319663571955458,25,0.0787676402353417,0.0785568725637469,0.00127926050458514,25,0.243932929200404,0.255513919689274,0.0747279853754953,25,0.184357296341183,0.182776645459585,0.0269419177221829,25,0.0781108267882558,0.0701346895060805,0.0412910871368204,25,0.46792646924484,0.467423317706255,0.0103362368980989,25,0.189066570651887,0.190329074934855,0.00600598895339362,25,0.504707243865822,0.505037669948885,0.0106624367931886,25,0.0812246505584188,0.0811957642759893,0.000778740570257728,25,0.0890158860381729,0.0894709079303827,0.00493870613575987,25,1.09114217648877,1.09114181651732,0.00418975392422926,25,0.968595432758312,0.968479033860645,0.00211982784624081,25,5.72704000000027,5.68700000000536,0.225363314080716,25,5.72704000000027,5.68700000000536,0.225363314080716,25,2.67968000000008,2.66300000000047,0.152597979453352,25,0.484400000000314,0.444999999999709,0.137205745749073,25,2.56295999999988,2.53999999999724,0.172091661622483,25
"refined","estimated_Z","mixture_identity_start","ifeval_min30","balanced_moderate_dense_signed_cross","Cross",100,500,10,"2-2-2-2-2-2-2-2-2-2",0.14746089282823,0.147468237919329,0.00367752037191664,25,0.174455519301273,0.174496541518412,0.00351682981380111,25,0.289298722655976,0.284199850709776,0.0244814026888633,25,0.0993184573629634,0.0999353452382819,0.00161095566641577,25,0.118451651479941,0.116136220482811,0.023149124377403,25,0.0767649414734065,0.0769933546815749,0.00304322979165309,25,0.0487041306112638,0.0479577401661887,0.0093202214662328,25,0.826445998759809,0.829034310753819,0.0303308366396535,25,0.242370090844606,0.24432458396959,0.0124884011511526,25,0.861288967596766,0.863512281267597,0.0317943771268428,25,0.118184666938286,0.118473449429707,0.00125860818750983,25,0.179512425829394,0.177526488318524,0.00708160131854482,25,1.26522891218357,1.26944766273685,0.0216369131380674,25,0.934084257082276,0.933751789189018,0.00279673662240344,25,5.1037200000009,5.01299999999901,0.513445430402467,25,5.1037200000009,5.01299999999901,0.513445430402467,25,0.856840000000084,0.865000000005239,0.0705216751554773,25,0.480040000000445,0.460999999995693,0.0818624252433805,25,3.76684000000037,3.6730000000025,0.461304552330102,25
"refined","estimated_Z","mixture_identity_start","ifeval_min30","balanced_moderate_dense_signed_cross","Cross",100,500,10,"3-3-3-3-3-3-3-3-3-3",0.1863376363075,0.187279557838094,0.00612835362543056,25,0.166245549567596,0.166199623144357,0.00478927699558974,25,0.260871841518625,0.251064497911667,0.0378021752175268,25,0.107657738988674,0.107319951816695,0.00168714383572465,25,0.25249614564399,0.246656867818391,0.0881254730225589,25,0.192271109366457,0.189356538495363,0.0271830667832389,25,0.0855093894724263,0.0673716768066163,0.0401226636556915,25,0.872807183776602,0.869512069254311,0.0122580589400124,25,0.251949368893429,0.250522414813618,0.00920845070062446,25,0.908483610251335,0.909642971244183,0.0126675353139498,25,0.124543650090022,0.124701992348367,0.000975016357186578,25,0.183389880040657,0.183090785592609,0.00771702907484043,25,1.29692256799786,1.29703077350279,0.00975110614859836,25,0.933804011250893,0.933563689734113,0.00272870237653356,25,5.95631999999838,5.88700000000244,1.00116322845025,25,5.95631999999838,5.88700000000244,1.00116322845025,25,0.968959999999497,0.963999999999942,0.0118970584596644,25,0.760799999999581,0.777000000001863,0.209063985420781,25,4.2265599999993,4.1820000000007,0.939012738642634,25
"refined","estimated_Z","mixture_identity_start","ifeval_min30","balanced_moderate_dense_signed_cross","Cross",100,500,5,"2-2-2-2-2",0.124344851177085,0.123369077595972,0.00493873832776818,25,0.203334884833156,0.200281351580209,0.00959413851439545,25,0.292876547010998,0.273218511119868,0.0530013067785228,25,0.0768782367779174,0.0770832811171588,0.00154853607777774,25,0.114773386228098,0.114256355044891,0.0493187723351962,25,0.0750911216018261,0.0751000352118146,0.00480112327394441,25,0.0464030964878709,0.0481657054973966,0.0185838368826481,25,0.495702991416488,0.495209468893965,0.015175244723843,25,0.207125478864037,0.206655591263634,0.0102475881561973,25,0.53731025831237,0.53518039667102,0.015876970909002,25,0.0795301520147517,0.0794240863266863,0.00128382253212516,25,0.133115590792111,0.131669609403275,0.00597006658397694,25,1.1029067075602,1.1017987885178,0.00765448608855102,25,0.965020327312643,0.965297846651056,0.00298405128178146,25,3.81431999999998,3.77599999999995,0.177111480900216,25,3.81431999999998,3.77599999999995,0.177111480900216,25,0.628359999999997,0.635999999999967,0.0611656766495753,25,0.221919999999995,0.216999999999985,0.0224702024912976,25,2.96403999999999,2.93699999999995,0.156660588534577,25
"refined","estimated_Z","mixture_identity_start","ifeval_min30","balanced_moderate_dense_signed_cross","Cross",100,500,5,"3-3-3-3-3",0.152431494117427,0.15169178902786,0.00707327735142863,25,0.178162032256767,0.178001131962945,0.00661944055787538,25,0.239830564738735,0.236072792890215,0.0255412824872119,25,0.0831438177727248,0.0835654657626153,0.00172091336734239,25,0.199906660322265,0.184177550017404,0.0653559466771178,25,0.167150911802739,0.16525007832832,0.0299009605284314,25,0.0607725788950006,0.0544317864155064,0.0207547879154028,25,0.548720366308802,0.545280536325081,0.0159567275008504,25,0.200343332070618,0.201729559345612,0.00721170872221843,25,0.584189723642426,0.582709203425275,0.0160798384770864,25,0.0874107538706294,0.0874850435632684,0.00130800527109305,25,0.142696969507666,0.142784942070988,0.00665157011394826,25,1.12572085753137,1.12498084406168,0.00844651676483682,25,0.96447514303628,0.965473763620456,0.0037606066130912,25,4.53587999999996,4.46499999999833,0.433321793436965,25,4.53587999999996,4.46499999999833,0.433321793436965,25,0.926559999999954,0.953999999999724,0.0519351197811013,25,0.416800000000148,0.338999999999942,0.145730058670304,25,3.19251999999986,3.14799999999923,0.381844767761641,25
"refined","estimated_Z","mixture_identity_start","ifeval_min30","balanced_moderate_dense_signed_cross","Cross",200,1000,10,"2-2-2-2-2-2-2-2-2-2",0.108914175499595,0.109017977139631,0.00219365393447392,25,0.149817446544406,0.149291844236195,0.00319487657243483,25,0.229423122607796,0.228088591154949,0.0248592338570352,25,0.0700144637230102,0.0702253334315527,0.000679167526412762,25,0.079056918816663,0.0755759328269163,0.0189202779434846,25,0.0388771325959434,0.038400094922771,0.00191439434624933,25,0.032919987743165,0.032287767418216,0.00758791717512113,25,0.483727708440423,0.484635256387348,0.00474222996012836,25,0.167970354513414,0.167798783014526,0.0063060034220949,25,0.512088490327924,0.51135059376558,0.00574440209759605,25,0.080428856876641,0.0805023803625629,0.00050568622618208,25,0.121358052151655,0.121028724327487,0.00249348023503188,25,1.09231687753459,1.09242159162675,0.00295240196510838,25,0.966665932110543,0.966322223469791,0.001199956432913,25,8.33520000000048,8.3289999999979,0.340307214145335,25,8.33520000000048,8.3289999999979,0.340307214145335,25,3.47944000000047,3.43600000000151,0.210126168447216,25,0.839839999999967,0.794000000001688,0.190806114507553,25,4.01592000000004,3.9910000000018,0.107754319325952,25
"refined","estimated_Z","mixture_identity_start","ifeval_min30","balanced_moderate_dense_signed_cross","Cross",200,1000,10,"3-3-3-3-3-3-3-3-3-3",0.136908124280049,0.128132034788443,0.0470627460147795,25,0.134195001695722,0.131587095065871,0.0140492069237557,25,0.188046946024533,0.18590176518352,0.0187231657371522,25,0.0749650396336069,0.0749718359779447,0.000809310713584754,25,0.0983133199083117,0.095470521597978,0.0170153061182283,25,0.0778687062124096,0.0772604577338216,0.0158791039401864,25,0.0375301454427045,0.0379190515120586,0.00645550762508728,25,0.482034172023129,0.483124419288171,0.0100520280903903,25,0.137801620491407,0.136877088217379,0.00574292262239755,25,0.501359269747574,0.502019724930937,0.0108865215824496,25,0.0855374822852695,0.0855911481724958,0.000591659592482784,25,0.125277908701028,0.125703409787796,0.0037514008603988,25,1.08770111141623,1.08806088284653,0.00550584756731483,25,0.967105876737504,0.966952736318906,0.0014821584612808,25,10.1999599999975,10.0840000000026,0.460122400380628,25,10.1999599999975,10.0840000000026,0.460122400380628,25,4.94683999999834,4.90899999999965,0.339121743134752,25,1.09296000000031,0.983000000007451,0.316255234475264,25,4.16015999999887,4.06500000000233,0.325903958246232,25
"refined","estimated_Z","mixture_identity_start","ifeval_min30","balanced_moderate_dense_signed_cross","Cross",200,1000,5,"2-2-2-2-2",0.0932491329460352,0.0929833211117335,0.00281295752856638,25,0.171658914976975,0.171148255435378,0.00650095667608341,25,0.231265398042119,0.217892587156864,0.0377001502827,25,0.0545707662146482,0.0546165899563146,0.000660130721219192,25,0.0767772760741276,0.0789262747908121,0.0258073896354901,25,0.03848189040351,0.0382847046057433,0.00255750725064077,25,0.0317349882983985,0.0317804938404072,0.0111845561852035,25,0.367510897378608,0.366636807539348,0.00938148842914368,25,0.18598912668843,0.186303138345268,0.0119345322212567,25,0.411958855236675,0.411717200909254,0.0132029076480946,25,0.0556453139650116,0.055713973813323,0.000590358928377402,25,0.0957211908418692,0.095918295197511,0.00264790424626169,25,1.06446129317694,1.06381457318076,0.00571020811036279,25,0.982071023480152,0.982072751442364,0.00165296486025681,25,7.0924399999999,7.14199999999983,0.186084676066231,25,7.0924399999999,7.14199999999983,0.186084676066231,25,3.04403999999995,3.07299999999987,0.176529383767473,25,0.365759999999991,0.333999999999833,0.0928229856591061,25,3.68263999999996,3.67500000000018,0.0652832801463102,25
"refined","estimated_Z","mixture_identity_start","ifeval_min30","balanced_moderate_dense_signed_cross","Cross",200,1000,5,"3-3-3-3-3",0.125614219811433,0.109805954932215,0.0729765534323819,25,0.148620491313655,0.141453694360736,0.0327409852695524,25,0.185383130072645,0.177356631172829,0.0295669665819298,25,0.0590625852496262,0.0588614649576888,0.000776498123961892,25,0.103822029334063,0.089074232363961,0.0359801939989201,25,0.0827465241083866,0.0766849882627077,0.03128125894247,25,0.0365185270986306,0.0329067005026026,0.0108788360745972,25,0.33287185473199,0.33306676229353,0.00546245240978388,25,0.128595313982097,0.127691915422542,0.00394253238751401,25,0.356861617548886,0.357880148422694,0.00593182108237661,25,0.0602823288752034,0.0602868069643936,0.000564714190698347,25,0.100494563135998,0.100019987621166,0.00367244736541427,25,1.04487342045813,1.04548221882902,0.00227942857409746,25,0.982680213944123,0.982500931865109,0.00117379355146592,25,31.3939200000001,14.5040000000045,66.3887418768675,25,31.3939200000001,14.5040000000045,66.3887418768675,25,18.1956399999996,6.80299999999988,59.6737309883789,25,0.644120000000112,0.656000000002678,0.104195857243781,25,12.5541600000004,6.69900000000052,31.715472589206,25
"refined","estimated_Z","mixture_identity_start","ifeval_min30","balanced_moderate_dense_signed_cross","Cross",200,1500,10,"2-2-2-2-2-2-2-2-2-2",0.0988427242175206,0.0990177057289561,0.00242372316428455,25,0.152208306604588,0.1524021510461,0.00338509751348818,25,0.244367568722243,0.238058731677185,0.0291483968668935,25,0.0684632123129584,0.0685311441408162,0.000627222203430352,25,0.0819324070755375,0.0821671873539463,0.0186992641590325,25,0.0408116372362871,0.0403885005522879,0.00181327478874649,25,0.0342194282179915,0.0338008871192995,0.00836867076354842,25,0.467899150311131,0.469097830399825,0.00644612506400104,25,0.169156776713673,0.169029804338982,0.00805155139772288,25,0.497574336196099,0.500192195915679,0.00826228485415365,25,0.0778741943170835,0.0777900033150806,0.00063768792144797,25,0.10549360903476,0.105774339402847,0.00279422602971348,25,1.08815334011971,1.08934996297805,0.00425637310373853,25,0.969191932060012,0.969091903306528,0.00142056792212304,25,10.1954399999999,10.1980000000112,0.342916666260642,25,10.1954399999999,10.1980000000112,0.342916666260642,25,4.72267999999982,4.81899999999587,0.26543952858153,25,0.843360000000685,0.817999999999302,0.171784719925094,25,4.62939999999944,4.59200000000419,0.102814557983092,25
"refined","estimated_Z","mixture_identity_start","ifeval_min30","balanced_moderate_dense_signed_cross","Cross",200,1500,10,"3-3-3-3-3-3-3-3-3-3",0.111444635891054,0.111707798491064,0.00357009516903334,25,0.132283878327903,0.132431931407951,0.00341621509598804,25,0.194191554106824,0.191525304912551,0.019520068056768,25,0.0723101236649523,0.0723785318591425,0.00050630969686057,25,0.100199385783025,0.100084783352954,0.0121389934504721,25,0.0749996208566686,0.0748018758718378,0.00557639856459678,25,0.0382834902857164,0.0390962860269544,0.00631850469153999,25,0.455611107230247,0.457723843980189,0.00627478485456251,25,0.135775512468962,0.135312697489279,0.00339012388851269,25,0.475419461776341,0.477144051302441,0.00658576530197966,25,0.0826753459518607,0.0827348282064493,0.000503741838241099,25,0.106459667362208,0.106151348730954,0.00283098932140972,25,1.07770869159077,1.07812507618018,0.00291294297574049,25,0.968668782857164,0.968623266077226,0.00134756124101723,25,12.2221999999986,12.093000000008,0.480428801517245,25,12.2221999999986,12.093000000008,0.480428801517245,25,6.35400000000023,6.34600000000501,0.334712687738722,25,1.08308000000077,1.01000000000931,0.19989287130773,25,4.78511999999755,4.73799999999756,0.252909456787966,25
"refined","estimated_Z","mixture_identity_start","ifeval_min30","balanced_moderate_dense_signed_cross","Cross",200,1500,5,"2-2-2-2-2",0.0813225416029363,0.0809415983502618,0.00305888974679443,25,0.175450944611261,0.177017761489164,0.00568341027899095,25,0.236269138359028,0.236610899531534,0.0317407637579593,25,0.0536912011385228,0.0537573475478472,0.000648846763800633,25,0.0758015413021692,0.0799144104562347,0.020738079660631,25,0.0395722177288714,0.0394732365666864,0.00249570858487983,25,0.0313880786907914,0.033466397680772,0.00907079262954043,25,0.367451547609815,0.364607773829803,0.00894621820598591,25,0.191114629212166,0.188735493442906,0.0116854078556791,25,0.414244547492236,0.411185834906071,0.0126990996469227,25,0.0542553175615404,0.0542235375261621,0.000419768407291935,25,0.0815646787789466,0.0813900104280748,0.0019428949597042,25,1.0663928178596,1.06541772886755,0.00492939198494024,25,0.983118881898231,0.983129579764511,0.00104178601905608,25,8.55852000000006,8.5590000000002,0.181594126190035,25,8.55852000000006,8.5590000000002,0.181594126190035,25,3.93415999999994,3.94700000000012,0.176193473204897,25,0.351240000000071,0.338999999999942,0.0408281765451644,25,4.27312000000005,4.27299999999923,0.0572263925123952,25
"refined","estimated_Z","mixture_identity_start","ifeval_min30","balanced_moderate_dense_signed_cross","Cross",200,1500,5,"3-3-3-3-3",0.108633879776601,0.110428399157612,0.0114283418848658,25,0.147435736761199,0.145557153703529,0.00766635718085317,25,0.18630976462568,0.180953646915123,0.0265939602442561,25,0.0577708010777488,0.0580324845342048,0.000833104002250328,25,0.0951985450335423,0.0950166569278161,0.0168149406352152,25,0.0799472760483088,0.080295469532231,0.00705242960701957,25,0.032944889610516,0.0322727920652026,0.00620382879964894,25,0.320430763762224,0.320544193458334,0.00492973501258296,25,0.12792810342947,0.127484985010829,0.00419841110499686,25,0.345037296005692,0.345162332455857,0.00568167400880661,25,0.0586815651030639,0.0586933321124454,0.000306602063438054,25,0.0862205183360288,0.0862401332682308,0.00332136485252085,25,1.04158237971663,1.04203947748266,0.00220075069828742,25,0.983295139188394,0.98319423215749,0.00124223698068426,25,16.4750399999999,15.1899999999951,2.33935016760348,25,16.4750399999999,15.1899999999951,2.33935016760348,25,9.51836000000025,9.55599999999686,0.360664996915492,25,0.731399999999412,0.684000000001106,0.137969501460491,25,6.2252800000002,4.61300000000119,2.23082173798555,25
"refined","estimated_Z","mixture_identity_start","ifeval_min30","balanced_moderate_dense_signed_cross","Cross",200,2000,10,"2-2-2-2-2-2-2-2-2-2",0.1018355813712,0.0914008496428574,0.051174407242794,25,0.153919940369348,0.151020403253959,0.0128480067188224,25,0.242815066063504,0.244383101978504,0.0274344342473214,25,0.0674814679872433,0.0673456017002649,0.000760916281352785,25,0.0849899313608669,0.0771002272263962,0.0305094609791636,25,0.0450823556242859,0.0414200109148338,0.0184097421296345,25,0.036240694678185,0.032287762088046,0.0158477543727349,25,0.460534685995996,0.458660858444856,0.00605082626401346,25,0.170185616889192,0.168491782186432,0.00761511093243288,25,0.491001575349846,0.489287011383072,0.00814021151868343,25,0.076697653505345,0.0766664881524717,0.00040993753884298,25,0.0959084999599886,0.0957579479509384,0.0021614905366633,25,1.08600369297752,1.0849098553801,0.00371292755919703,25,0.96994704140821,0.969952388083884,0.00115023295449844,25,12.142760000001,12.0699999999997,0.431711543354915,25,12.142760000001,12.0699999999997,0.431711543354915,25,6.00839999999967,5.96699999999691,0.342972059115385,25,0.88820000000007,0.849999999998545,0.173667786305135,25,5.24616000000125,5.23600000000442,0.100838435132413,25
"refined","estimated_Z","mixture_identity_start","ifeval_min30","balanced_moderate_dense_signed_cross","Cross",200,2000,10,"3-3-3-3-3-3-3-3-3-3",0.121673705978333,0.103022946164959,0.0648909137802401,25,0.137050381920651,0.132225545402657,0.0169793674210877,25,0.193890942505447,0.18922712907905,0.0246091184936917,25,0.0709652911338253,0.0709479167739415,0.000552178273940987,25,0.100184926417199,0.0938863007355863,0.0322316795964587,25,0.0868887840687702,0.0771410753780509,0.0334969239433476,25,0.035684432461022,0.0363196908703201,0.00861962610911615,25,0.441669640940852,0.441941411607575,0.00469710817160983,25,0.133472515052038,0.133075863486382,0.00355098387438174,25,0.461404749307933,0.460956170181868,0.00519682779908051,25,0.0812478968469767,0.0812151823711865,0.000518501575691688,25,0.0963514444226316,0.0955102093099193,0.00250638973283033,25,1.07257848363718,1.07275626689469,0.0026035571055348,25,0.96955311713461,0.969625115456188,0.00122165630469883,25,14.6493199999986,14.6910000000062,0.580758463848627,25,14.6493199999986,14.6910000000062,0.580758463848627,25,7.95239999999991,7.9890000000014,0.34848756553532,25,1.23547999999893,1.25199999999313,0.350806347339023,25,5.46143999999971,5.36900000000605,0.326844647093044,25
"refined","estimated_Z","mixture_identity_start","ifeval_min30","balanced_moderate_dense_signed_cross","Cross",200,2000,5,"2-2-2-2-2",0.0775498383911666,0.0749730355703624,0.0072464364892358,25,0.177736976346421,0.176231129856543,0.00801904915054947,25,0.245123888060801,0.237069809917312,0.0440019575516852,25,0.0531167072681066,0.0530852752771441,0.000520018541663097,25,0.0823940130319531,0.0772979364491568,0.0286256197743248,25,0.0412215047004885,0.0415795770025441,0.00248905104643825,25,0.0340502766012392,0.0330151184816356,0.0115728949967132,25,0.361981446505918,0.362826816119519,0.00904608907699671,25,0.187651064541368,0.191500813426578,0.0129154163631753,25,0.407804841336852,0.40946707459072,0.0135936236345495,25,0.0535816419187787,0.05362469484489,0.000418962057458606,25,0.074228050719458,0.074334738594759,0.00195010324193347,25,1.06421402352566,1.06457871727308,0.00519837597811285,25,0.983373889877573,0.98332713443942,0.00110758425290328,25,9.97263999999992,10.3010000000004,1.07199140543803,25,9.97263999999992,10.3010000000004,1.07199140543803,25,5.15396000000001,5.08199999999943,0.23681453361932,25,0.362359999999971,0.350000000000364,0.0429222941293943,25,4.45631999999994,4.81700000000001,0.925968219397027,25
"refined","estimated_Z","mixture_identity_start","ifeval_min30","balanced_moderate_dense_signed_cross","Cross",200,2000,5,"3-3-3-3-3",0.109500638720999,0.113447024837974,0.0132707816873736,25,0.148374115667435,0.148559978812283,0.00607010468719691,25,0.180710736006331,0.171499455551434,0.0303250522393729,25,0.0568872158092196,0.0568946116194157,0.000712761180954475,25,0.103390829203182,0.102462365958976,0.0214277311959238,25,0.0744440480462399,0.0748621711021005,0.00889648073136716,25,0.0371045850255309,0.0364732966527118,0.0113463405627135,25,0.317363843104334,0.314858367762338,0.00718439416644564,25,0.129342476338327,0.128368609187306,0.00562910940466056,25,0.342725787686798,0.339596284502067,0.00843417195392503,25,0.0579425548894361,0.0578715862601091,0.00033174853679531,25,0.0793454924950337,0.0791993003613466,0.002659033862711,25,1.04141975122519,1.04024413681544,0.00292086787455913,25,0.983874555443308,0.983788867591035,0.00112029762064924,25,18.3194,17.7769999999946,2.00615801969823,25,18.3194,17.7769999999946,2.00615801969823,25,11.7158800000002,11.7769999999982,0.518387107607094,25,0.713039999999455,0.66899999999805,0.107232022580147,25,5.89048000000039,5.26699999999983,1.85847809869638,25
"refined","estimated_Z","mixture_identity_start","ifeval_min30","balanced_moderate_dense_signed_cross","Cross",200,500,10,"2-2-2-2-2-2-2-2-2-2",0.13604169645309,0.127051605075838,0.0449037562611277,25,0.145045721789578,0.142199029745564,0.0148134580044367,25,0.223538256980621,0.225486085093656,0.0230538276564441,25,0.0734664087854447,0.0732980965322426,0.00112910160492232,25,0.0821710345266099,0.0764981676760687,0.0275055212144441,25,0.0408084641255813,0.0359599337721681,0.0241209034085605,25,0.0348347903763879,0.0322102462451772,0.0129274974230158,25,0.541667304671492,0.540063530237903,0.011183251883791,25,0.163217708442966,0.165033186635514,0.00527293355923674,25,0.565739438874391,0.563721683686806,0.0115978982703409,25,0.0877808077482149,0.0878848576987184,0.000943453622527558,25,0.162039543438577,0.162563078992967,0.00381566038729594,25,1.11357148381507,1.11319871121234,0.00642810115959491,25,0.962099609899862,0.962621341648046,0.00231179427398818,25,6.72800000000047,6.6990000000078,0.283661329758775,25,6.72800000000047,6.6990000000078,0.283661329758775,25,2.53616000000038,2.50900000000547,0.158387099643184,25,0.813160000000498,0.75,0.212270205163956,25,3.37867999999959,3.3640000000014,0.0723991942866691,25
"refined","estimated_Z","mixture_identity_start","ifeval_min30","balanced_moderate_dense_signed_cross","Cross",200,500,10,"3-3-3-3-3-3-3-3-3-3",0.167616231138542,0.159873786976621,0.0416750549570499,25,0.128886054890008,0.125295514269887,0.017121084219542,25,0.184541699987342,0.184734766510601,0.0160335768851674,25,0.0817117701388614,0.0816628147473671,0.000704768268554454,25,0.107025175261472,0.105579861693972,0.019211373409378,25,0.0692686463937407,0.0665765963140106,0.0153681282446809,25,0.0409782583630094,0.0419481754030461,0.00726190319353323,25,0.566789368897829,0.568094295210944,0.012690841715196,25,0.147712608428562,0.147580759738414,0.00586116821938987,25,0.585741924121206,0.585331890692,0.0130382465126278,25,0.0930543134431535,0.0930898257229635,0.000854930859150909,25,0.167893763185479,0.167801799251269,0.00501966946415846,25,1.12349893486374,1.12324201235054,0.00633933375273567,25,0.961865948815618,0.962133614570766,0.00217169998850843,25,8.0353600000008,8.02099999999336,0.383368717210339,25,8.0353600000008,8.02099999999336,0.383368717210339,25,3.48336000000068,3.48600000000442,0.177230518441061,25,0.967679999999818,0.937000000005355,0.2388272946438,25,3.5843200000003,3.6530000000057,0.222588132360382,25
"refined","estimated_Z","mixture_identity_start","ifeval_min30","balanced_moderate_dense_signed_cross","Cross",200,500,5,"2-2-2-2-2",0.111553855463775,0.111609024549738,0.00259199889778353,25,0.173477789156137,0.172516439397958,0.00616838089890374,25,0.233190374789741,0.234110147597572,0.0339572681927896,25,0.0571591875769793,0.0570118295975028,0.000870593993197843,25,0.0742802706899378,0.0717634111156653,0.0239935609481678,25,0.0362445921228778,0.036287438865137,0.00183056645248331,25,0.0309284733775993,0.0292403862900895,0.0101770501713745,25,0.386816197776583,0.387474048945584,0.00571780171447612,25,0.170639145317177,0.172921720667481,0.0114409277454229,25,0.42287127733523,0.422208139360132,0.00920915206788643,25,0.0596569493678955,0.0595285388716435,0.000729190449938004,25,0.126328578668739,0.126179491404862,0.00278679313473974,25,1.06583926878827,1.06618781870564,0.004049585606193,25,0.97925123771377,0.978973617254588,0.00224861177130177,25,5.58176000000003,5.58500000000004,0.122311855516915,25,5.58176000000003,5.58500000000004,0.122311855516915,25,2.13407999999999,2.13599999999997,0.0974093253578575,25,0.347400000000052,0.324999999999818,0.0474622657136036,25,3.10027999999998,3.09799999999996,0.0429005827466408,25
"refined","estimated_Z","mixture_identity_start","ifeval_min30","balanced_moderate_dense_signed_cross","Cross",200,500,5,"3-3-3-3-3",0.130677254220861,0.130359156274519,0.00492344676475815,25,0.137985599653919,0.138916599534737,0.00653183676609678,25,0.17577966354955,0.172755845065728,0.023686275224498,25,0.0625359176014736,0.0627550944356615,0.000830080589953817,25,0.0969037046784333,0.0943548937072958,0.0150279476785396,25,0.0661465040956654,0.0622225496930961,0.00891552914992731,25,0.0380065622506678,0.0370074871859019,0.00800100895126625,25,0.377161076333466,0.376493137330252,0.00872995929180433,25,0.129566169520905,0.129218220422516,0.00468306607877278,25,0.398809893391319,0.398150315672508,0.0092846358186026,25,0.0648068781593731,0.0649504147706999,0.000733581267337631,25,0.132358270243932,0.132016219227538,0.00457924229275471,25,1.05663547704045,1.05657969455185,0.00415497492518295,25,0.979455121165544,0.979016499207328,0.00210933775120988,25,7.31659999999989,7.27000000000044,0.223825825140203,25,7.31659999999989,7.27000000000044,0.223825825140203,25,3.25643999999942,3.22599999999875,0.194595966041945,25,0.50160000000018,0.488999999997759,0.0474464610551379,25,3.55856000000029,3.5480000000025,0.0595693433458473,25
"refined","estimated_Z","mixture_identity_start","ifeval_min30","balanced_moderate_dense_signed_cross","Cross",400,1000,10,"2-2-2-2-2-2-2-2-2-2",0.113144650295802,0.103635439764636,0.048894413119385,25,0.10584676956993,0.10322840573818,0.0151838138420954,25,0.159764140954753,0.154661617819427,0.0159556841475741,25,0.0584015178057502,0.0583448658775113,0.000524647542431607,25,0.057868403101851,0.0516638912567273,0.0298912664124185,25,0.0250528239959454,0.0206232631303989,0.0220815717883481,25,0.0245926237656741,0.021808828481832,0.0152375347953053,25,0.407224843064614,0.408374243906137,0.00629922951562401,25,0.158344909063588,0.159840559481971,0.00720512099559552,25,0.43695323770371,0.439521093128197,0.00822732959725883,25,0.060933470727821,0.0608774946545211,0.000314096925603474,25,0.114819494445946,0.114813675608775,0.00106031797828583,25,1.07281963317905,1.07336467858751,0.00324627463279367,25,0.980679785519031,0.980528242737399,0.00122594608674117,25,18.4476399999982,18.4590000000026,0.537114581195522,25,18.4476399999982,18.4590000000026,0.537114581195522,25,12.6517599999995,12.476999999999,0.460013974424615,25,1.4819200000001,1.52500000000146,0.331072741252185,25,4.31395999999862,4.30499999999302,0.0704405659639856,25
"refined","estimated_Z","mixture_identity_start","ifeval_min30","balanced_moderate_dense_signed_cross","Cross",400,1000,10,"3-3-3-3-3-3-3-3-3-3",0.128737464477138,0.11915946172765,0.0472489201733757,25,0.0943124461121234,0.0906439581764943,0.0187581866046158,25,0.135574888254958,0.134291829791715,0.0135262724858409,25,0.0624066696367655,0.062337805198918,0.000428882757718111,25,0.0691779482687524,0.0664615217588981,0.0171683713877706,25,0.0389821840707681,0.0352022829008019,0.0204279540282044,25,0.0276044679978801,0.025925057975009,0.00479536088704719,25,0.352218360247662,0.352528662517539,0.00338364053227438,25,0.0965888367166625,0.0969593900949881,0.00298594171979967,25,0.365232395056297,0.365291374315862,0.00353914885424553,25,0.064146964403932,0.064212589616563,0.000307593243973812,25,0.115385746978686,0.115211878870408,0.00175640792175712,25,1.0460526424623,1.04579595550274,0.00151699846968688,25,0.981086408861444,0.981265355979626,0.00106418866832894,25,24.425959999995,24.1370000000024,0.957009817087604,25,24.425959999995,24.1370000000024,0.957009817087604,25,17.8548399999971,17.8349999999919,0.529039670851254,25,1.90416000000085,1.8289999999979,0.652113913871618,25,4.66695999999705,4.60099999999511,0.259891400397765,25
"refined","estimated_Z","mixture_identity_start","ifeval_min30","balanced_moderate_dense_signed_cross","Cross",400,1000,5,"2-2-2-2-2",0.0893482907233163,0.0886967970277801,0.00144029790912086,25,0.11983868374392,0.120173396595542,0.00332298572094708,25,0.165811816484338,0.160485488702424,0.0198190553682337,25,0.0438267992144825,0.0438473658561899,0.000382519265231955,25,0.0568387257111082,0.0597597935684751,0.0159259287560355,25,0.0210900756785285,0.0211568605651702,0.000745213147111102,25,0.0237851718437964,0.0238746727722544,0.00694589800492403,25,0.334876372400304,0.335301431943936,0.00652626899766879,25,0.181200884600304,0.182816291641688,0.00860570937409323,25,0.380791715576988,0.38183310157942,0.00944276199226054,25,0.0421708431635707,0.0422342109422894,0.000259127457161937,25,0.0923303529678947,0.0924520822494571,0.00194644230803129,25,1.06087327369928,1.06158139916859,0.00349507833778047,25,0.990467251038427,0.990626513339013,0.00100259824383603,25,15.9652400000001,15.9120000000012,0.455465080988879,25,15.9652400000001,15.9120000000012,0.455465080988879,25,11.3822399999998,11.4250000000002,0.436749096545587,25,0.574079999999958,0.529000000000451,0.138816401528494,25,4.00892000000029,3.98199999999997,0.111929635634689,25
"refined","estimated_Z","mixture_identity_start","ifeval_min30","balanced_moderate_dense_signed_cross","Cross",400,1000,5,"3-3-3-3-3",0.0996038375872226,0.0999073553395167,0.00205166651418255,25,0.0992098057723626,0.0981612260605992,0.00418502535624295,25,0.127204929396863,0.124448185765656,0.014867554645686,25,0.0470137990150157,0.0471339960321664,0.000407833066950423,25,0.062906686439204,0.061074982392108,0.013656897103629,25,0.0346491023025869,0.0339608233964742,0.00379345389335539,25,0.0257163754403088,0.0249415948432451,0.00614945747028861,25,0.257489125772237,0.257202561184067,0.00429092950671014,25,0.0971632153759783,0.0984915301075488,0.00381914913124526,25,0.275225623516732,0.274746250988758,0.00498691308670604,25,0.0453037116827487,0.0452819488830207,0.000295220226086508,25,0.0959578519727277,0.0959118972054592,0.0017388235205715,25,1.02763869871895,1.02759497760592,0.00186737207124206,25,0.990405306245073,0.990609620287446,0.0012603617262456,25,73.2710000000015,35.8450000000048,181.600255682178,25,73.2710000000015,35.8450000000048,181.600255682178,25,64.7545599999995,26.0910000000003,182.44494183088,25,1.03320000000123,1.02400000000125,0.201568019950603,25,7.48324000000081,8.21600000000035,1.97945460249402,25
"refined","estimated_Z","mixture_identity_start","ifeval_min30","balanced_moderate_dense_signed_cross","Cross",400,1500,10,"2-2-2-2-2-2-2-2-2-2",0.102523411391487,0.0930026499645326,0.04864883959058,25,0.108149275161301,0.105187274145191,0.0144820619545733,25,0.170753333505022,0.161587904710435,0.0245610026836629,25,0.0560088184017659,0.0559619967624534,0.000439639927617891,25,0.0670939558042544,0.0566827379427435,0.051825972740323,25,0.0267549948912853,0.0217843524949147,0.0247746335877829,25,0.0291472074685368,0.0239008367968068,0.0272372173035456,25,0.395955564149968,0.394907367710262,0.00662603715012597,25,0.159537227849329,0.157652199015143,0.00717185157498785,25,0.426909836300703,0.426245308224997,0.00868750007618708,25,0.0580750778368221,0.0580340065765907,0.000269345302891837,25,0.0995780373403552,0.0994736449435655,0.00137710298503512,25,1.07105089100895,1.07073004678221,0.00357429081803868,25,0.9829650425913,0.982785375422485,0.000811530817607764,25,23.0988400000002,23.0889999999999,0.787584740412586,25,23.0988400000002,23.0889999999999,0.787584740412586,25,16.2630400000006,16.5060000000012,0.388968130657165,25,1.8538400000002,1.85900000000402,0.591770907248272,25,4.98195999999938,4.99699999999575,0.0940826232621354,25
"refined","estimated_Z","mixture_identity_start","ifeval_min30","balanced_moderate_dense_signed_cross","Cross",400,1500,10,"3-3-3-3-3-3-3-3-3-3",0.112509742857921,0.103167832148347,0.0467542782636662,25,0.0949714390570972,0.0915284623237543,0.0158019179654298,25,0.136029916741043,0.139008104483343,0.0108300364673321,25,0.0590756189215369,0.058970683542695,0.000393584539881167,25,0.0696095983508563,0.0671304458304331,0.0261699604237199,25,0.042382684393946,0.0367624530830646,0.026324136259953,25,0.0280309864613155,0.026461035595719,0.00868183515837416,25,0.336689463840761,0.337200665873803,0.00450407588037633,25,0.0992117385147057,0.0994129114386613,0.00423518805265343,25,0.35101937429503,0.351504827217656,0.00508854582799417,25,0.0610268571830701,0.0610674467395789,0.000306519934164032,25,0.0989452342166277,0.0988222920160579,0.00168538838745375,25,1.04293685781968,1.04353630136266,0.0019332122204456,25,0.982762220969668,0.982623319357456,0.000800184086969996,25,29.1408800000063,29.1720000000059,0.882482167905766,25,29.1408800000063,29.1720000000059,0.882482167905766,25,21.6678400000022,21.6500000000087,0.638130908723779,25,2.04008000000089,1.90499999999884,0.633972917403062,25,5.43296000000322,5.28300000001036,0.588750334749071,25
"refined","estimated_Z","mixture_identity_start","ifeval_min30","balanced_moderate_dense_signed_cross","Cross",400,1500,5,"2-2-2-2-2",0.078371878438961,0.0782399665539578,0.0014217956628274,25,0.123787648398134,0.123963135805624,0.0039126223395467,25,0.174242813523312,0.176255056012891,0.0211758109010121,25,0.0424838498352299,0.0425717056979633,0.000381497078451151,25,0.0586440330134423,0.05635739612279,0.0185979579361711,25,0.0213876013474497,0.0213759683773767,0.000728860662067276,25,0.0245630156015796,0.0237697286337966,0.0078400853370144,25,0.332600364759922,0.334248674206978,0.00666599613642287,25,0.180592159757877,0.181050708913297,0.00819562328093789,25,0.378500519908317,0.379682125257791,0.00918710765696648,25,0.0408005996084953,0.0408230619274384,0.000285156249257597,25,0.0798469007040324,0.0799480169113482,0.00142973073228443,25,1.0604244014751,1.06080750877848,0.00341328760269941,25,0.990806758570272,0.990551702068047,0.00107500570019351,25,19.8909200000001,19.8700000000008,0.571113088625937,25,19.8909200000001,19.8700000000008,0.571113088625937,25,14.5160400000001,14.505000000001,0.506096456550672,25,0.580760000000009,0.540000000000873,0.0951114609285678,25,4.79412000000004,4.67900000000009,0.444382935465951,25
"refined","estimated_Z","mixture_identity_start","ifeval_min30","balanced_moderate_dense_signed_cross","Cross",400,1500,5,"3-3-3-3-3",0.0876938952790676,0.0867517017809257,0.00357391801650364,25,0.100241817661643,0.0996239979111036,0.00349823846701909,25,0.129598945129376,0.123616673598484,0.0246543167247657,25,0.0447891529400989,0.0447961096508668,0.000396081189211359,25,0.0606440729375849,0.0579033170008412,0.0172715344269526,25,0.0380842032343642,0.037891362993714,0.00422570153707829,25,0.0231599233981355,0.0236993639701589,0.0066354013126405,25,0.247034498256092,0.246308059153071,0.00375846894332337,25,0.0974131875459884,0.097788428229159,0.00315904481839323,25,0.265559631876251,0.264387590446387,0.00415779652968514,25,0.0432862059537281,0.043241564874977,0.000295580201351625,25,0.0822002171267603,0.082515509013888,0.00205031810235349,25,1.02551257981713,1.02526008379932,0.00142137012352463,25,0.990790736755473,0.990476247252175,0.0010802077217026,25,32.4729999999984,33.1109999999971,3.69228057348568,25,32.4729999999984,33.1109999999971,3.69228057348568,25,23.0719199999989,23.0119999999952,0.767303662182799,25,1.05456000000035,1.20999999999913,0.239935595525431,25,8.34651999999915,8.79000000000087,3.5656446252163,25
"refined","estimated_Z","mixture_identity_start","ifeval_min30","balanced_moderate_dense_signed_cross","Cross",400,2000,10,"2-2-2-2-2-2-2-2-2-2",0.0957060998148429,0.085004834044129,0.0528582283751774,25,0.109393523181399,0.106486558302664,0.0146136821430634,25,0.178409514900447,0.174109582097509,0.0244307620527923,25,0.0546910966190831,0.0546829580850437,0.000400271814071299,25,0.0675110209100291,0.0583562731461692,0.0523379302910946,25,0.0271253589805521,0.0219702102048065,0.0255782852688486,25,0.0295006203595252,0.0250624220569162,0.026939719986155,25,0.386808513953911,0.388127069411285,0.0069424095657882,25,0.157427056953154,0.156747882873516,0.00892332903407538,25,0.417659795318801,0.417875684865815,0.00952573487900903,25,0.0565427367938653,0.0565688098554205,0.000283500028501563,25,0.0896056059965765,0.0896045469287312,0.0016372720353666,25,1.06811158644772,1.06827599690904,0.00394338950488392,25,0.983627841789251,0.983401037219039,0.000838732538448595,25,27.7550400000013,27.836000000003,0.936427274271707,25,27.7550400000013,27.836000000003,0.936427274271707,25,20.3712800000006,20.5829999999987,0.748832620373122,25,1.62635999999882,1.61699999999837,0.361706704388975,25,5.75740000000194,5.70100000000093,0.241045638831292,25
"refined","estimated_Z","mixture_identity_start","ifeval_min30","balanced_moderate_dense_signed_cross","Cross",400,2000,10,"3-3-3-3-3-3-3-3-3-3",0.133895156804906,0.0952004053195019,0.0918681324768976,25,0.104577500786964,0.0924080068352309,0.0289494732971863,25,0.130885563276318,0.129088882140546,0.0105323809306169,25,0.0572431653992635,0.0571675738773503,0.000360273960318171,25,0.0807798289407606,0.0627974461890206,0.0465418547430255,25,0.0586051013162337,0.0385141979803465,0.0480745967325085,25,0.0312624929522487,0.0273464488329206,0.0131120196193908,25,0.328266159455947,0.329504847380899,0.0053661347938494,25,0.100669560928934,0.100247928126679,0.0039478558759169,25,0.343365550611969,0.344406628021342,0.00610125707829763,25,0.0595625848019384,0.0596310969079497,0.000325124454827443,25,0.0895415126151157,0.0897636882165921,0.00197965856591287,25,1.04144925253658,1.04176299800178,0.00218508508841959,25,0.983796651287138,0.983801445149727,0.000910912536983807,25,34.6533200000034,34.6640000000189,0.924671866122821,25,34.6533200000034,34.6640000000189,0.924671866122821,25,26.6114800000004,26.9349999999977,0.956402291574726,25,1.96392000000225,1.99099999999453,0.471299349315681,25,6.07792000000074,6.05500000000757,0.145807498664457,25
"refined","estimated_Z","mixture_identity_start","ifeval_min30","balanced_moderate_dense_signed_cross","Cross",400,2000,5,"2-2-2-2-2",0.0706075721649911,0.0703360324264827,0.00146910478510137,25,0.125327433588884,0.125893074744075,0.00495001097062031,25,0.180877068163644,0.173742827690561,0.0303821463955078,25,0.0416303717253428,0.0416515841338556,0.000330047720883077,25,0.0550448880622275,0.0514622910004016,0.0199713069610286,25,0.0222104336822304,0.0219634263465253,0.000876979982120371,25,0.0231056176039188,0.021476731581028,0.00850431471425587,25,0.333294266162945,0.333230654185084,0.00816497161964938,25,0.180740979357072,0.177544472605031,0.0111138528572645,25,0.379203566986405,0.377346177304875,0.0120589424047383,25,0.0399477663312036,0.0399470139284215,0.000249519184984801,25,0.0727083986826351,0.0725487675666059,0.00134805475381008,25,1.06121677699287,1.06059978491393,0.00439666556367286,25,0.99133318469917,0.991213431101912,0.000752221967629054,25,23.8172000000004,24.021999999999,0.899346012388594,25,23.8172000000004,24.021999999999,0.899346012388594,25,17.81408,17.652,0.602756440584888,25,0.579400000000242,0.56800000000112,0.051768716422149,25,5.42372000000018,5.38900000000103,0.551084122435047,25
"refined","estimated_Z","mixture_identity_start","ifeval_min30","balanced_moderate_dense_signed_cross","Cross",400,2000,5,"3-3-3-3-3",0.0882463322633757,0.091503349522998,0.00783424047812503,25,0.103228679059395,0.102280843114607,0.0039711005986866,25,0.13576069903118,0.128160442890042,0.0256139791001825,25,0.0439229146181125,0.0438285927804911,0.000449623754875841,25,0.0651864656313845,0.0677875787520026,0.015240052249726,25,0.041203252061985,0.0411862985233455,0.00336163691259354,25,0.0250328131708432,0.0252121574732962,0.00672297141190946,25,0.2438317270091,0.243847823833387,0.00476323666560364,25,0.09949235564354,0.0993901524615923,0.00403842026591027,25,0.263364408173069,0.26285286370304,0.00552134180319981,25,0.0424659210061183,0.0424291431165885,0.000293810392203655,25,0.0750818390665668,0.0748635591677884,0.00209584951049213,25,1.02544368241529,1.025053238325,0.00158639249618276,25,0.991268282993402,0.991148372116703,0.000736834448674219,25,32.9624800000005,32.6169999999984,1.71411999093963,25,32.9624800000005,32.6169999999984,1.71411999093963,25,28.2297600000008,27.9429999999993,0.899777809610201,25,0.791760000000068,0.777000000001863,0.0739291778212211,25,3.94095999999961,3.20100000000093,1.32487488340111,25
"refined","estimated_Z","mixture_identity_start","ifeval_min30","balanced_moderate_dense_signed_cross","Cross",400,500,10,"2-2-2-2-2-2-2-2-2-2",0.131278254377829,0.122894573034828,0.0436311516760197,25,0.103351789403359,0.0995390758132464,0.0182272473647753,25,0.16188180987044,0.159482245275438,0.0134950627084877,25,0.0635132768602873,0.0635525373765934,0.000655731689342711,25,0.0643433524705883,0.052965219303758,0.0580980266245096,25,0.0247943281883404,0.0198639200687473,0.0247381784829398,25,0.0279897590625525,0.0228582589021147,0.0299919521333843,25,0.432333087625201,0.432479884653945,0.00468731899493826,25,0.13503580848854,0.13453803806232,0.00515917839637611,25,0.452954109549791,0.453748512849058,0.0051828472600111,25,0.0693086806364465,0.0692728418893499,0.000514822127108164,25,0.154902542905683,0.15447776884388,0.00200275688896264,25,1.07447310706224,1.07462802320386,0.00238366916272243,25,0.975779401029083,0.975827175543172,0.00146685113121187,25,13.4498400000026,13.275999999998,0.611932163995091,25,13.4498400000026,13.275999999998,0.611932163995091,25,8.23840000000084,8.2019999999975,0.356553642527528,25,1.56948000000091,1.4429999999993,0.464241596584865,25,3.64196000000084,3.63100000000122,0.0927251673851195,25
"refined","estimated_Z","mixture_identity_start","ifeval_min30","balanced_moderate_dense_signed_cross","Cross",400,500,10,"3-3-3-3-3-3-3-3-3-3",0.171259142559649,0.154174718478196,0.0601346483451009,25,0.0963337078104863,0.0880751336968303,0.028693060976431,25,0.131341336183829,0.130439680137869,0.0118769681992867,25,0.0714642326793497,0.0716495866989594,0.000738875627763125,25,0.0677860839929292,0.0665981277763462,0.0146130130399641,25,0.0370249949129162,0.0306023985306064,0.0223254687935669,25,0.0290834358077933,0.0290085208493243,0.00512246540063538,25,0.413652405341205,0.412001414819785,0.00831461876425561,25,0.0957342809525318,0.0965213177460835,0.0038974279912539,25,0.424598940935888,0.423752447097938,0.00854243495255325,25,0.0722969875316616,0.0721121620063994,0.000726982995002711,25,0.157701289090268,0.157123500813847,0.0033038271668916,25,1.06349527143034,1.06290683623748,0.00371924185350367,25,0.976550260271942,0.976451685236373,0.00151888455339324,25,16.4895599999983,16.3759999999747,0.698388864935879,25,16.4895599999983,16.3759999999747,0.698388864935879,25,11.1050800000015,11.0880000000034,0.630714470528478,25,1.53799999999814,1.44699999998556,0.357763422763819,25,3.8464799999987,3.84299999999348,0.121401922004197,25
"refined","estimated_Z","mixture_identity_start","ifeval_min30","balanced_moderate_dense_signed_cross","Cross",400,500,5,"2-2-2-2-2",0.108599649688785,0.108257612023739,0.00200903819803687,25,0.120002921753081,0.120547675603029,0.00408719034486979,25,0.172640334827458,0.17040447254129,0.0219113820530594,25,0.0477935781038016,0.0479610211598967,0.000652667246080064,25,0.05696157398504,0.0617261285423913,0.0175562374830602,25,0.0200459279309683,0.0199647759598448,0.000703671691358261,25,0.0237970692207095,0.0255685353497515,0.00738449208691386,25,0.337023885626065,0.33778075408729,0.00637181485445256,25,0.154720677452021,0.151735812638257,0.009144039473518,25,0.370892015989737,0.369540646649253,0.00923900990747658,25,0.0470453069695262,0.0469779365504373,0.000418818520547589,25,0.122738645299233,0.123069481807063,0.00230327268767028,25,1.05431216649005,1.05448682493368,0.00331693419210528,25,0.98739161107541,0.987234379904176,0.00131272652092355,25,11.3251999999999,11.3920000000007,0.434326298229002,25,11.3251999999999,11.3920000000007,0.434326298229002,25,7.35632000000001,7.39400000000023,0.372336398077675,25,0.676920000000064,0.667000000000371,0.19178197690765,25,3.29195999999985,3.29799999999977,0.0672547891727271,25
"refined","estimated_Z","mixture_identity_start","ifeval_min30","balanced_moderate_dense_signed_cross","Cross",400,500,5,"3-3-3-3-3",0.127355528052953,0.12784072647412,0.00327531441626605,25,0.097648664561941,0.097227330073851,0.00444158578162531,25,0.132709000990475,0.12945314162974,0.01765401719187,25,0.0526459132800677,0.0526129030683837,0.000739594647581815,25,0.0675836867261185,0.0633854680256642,0.0152325065892687,25,0.0295220224201705,0.0290788329451941,0.00453028817850651,25,0.0279546679760887,0.0272818962823542,0.00633188061003163,25,0.29138101993554,0.290960102877372,0.00493148783830449,25,0.0926899356797057,0.0935458600372313,0.00347306862359946,25,0.30578309973081,0.305642454048024,0.00519869583466574,25,0.0502291416688284,0.0501998729065835,0.000411181424291147,25,0.12747843923946,0.127578770848725,0.00298147662759731,25,1.03290354579698,1.03261950723974,0.0020102144936509,25,0.987099211095825,0.98693616289068,0.00194811306975175,25,24.4711200000005,24.367000000002,1.02762384979447,25,24.4711200000005,24.367000000002,1.02762384979447,25,16.0042800000001,15.9239999999991,0.709544837672072,25,1.21548000000039,1.02900000000227,0.525336647620687,25,7.25135999999999,7.32300000000032,0.400463989225991,25
"refined","oracle_Z","fastica_only","ifeval_min30","balanced_moderate_dense_signed_cross","Cross",100,1000,10,"2-2-2-2-2-2-2-2-2-2",0.240732347259552,0.253786694755446,0.115884731228619,25,0.210404223011601,0.200355399055355,0.0338639820830429,25,0.286921157404564,0.276916973008659,0.0306243335652626,25,0.0984669812051871,0.0982768302923984,0.00200302871644195,25,0.172842793984285,0.153488318190584,0.0931454760403086,25,0.16240221124458,0.117832445098903,0.119632819961537,25,0.059659501978858,0.0625069628885002,0.0208649009990638,25,0.706786463906576,0.698156066696333,0.0267519510487588,25,0.221568698041698,0.220369809123347,0.00840112796734348,25,0.740721577927171,0.731527676373428,0.0275025284658501,25,0.111126495292446,0.110936957298058,0.00136279782377071,25,0.137561588158752,0.137342769692898,0.00548569284594712,25,1.19181203480549,1.18730220244246,0.0175957698972726,25,0.938319581939339,0.938249520214605,0.00245072886878339,25,6.57624000000156,5.46600000000035,3.4243263361823,25,6.57624000000156,5.46600000000035,3.4243263361823,25,0.0112400000006892,0.010999999998603,0.000435889894665432,25,0.0588400000013644,0.0570000000006985,0.0130661139340242,25,6.50615999999951,5.39099999999598,3.41679581479473,25
"refined","oracle_Z","fastica_only","ifeval_min30","balanced_moderate_dense_signed_cross","Cross",100,1000,10,"3-3-3-3-3-3-3-3-3-3",0.391512673516875,0.374688402034535,0.113448971026612,25,0.239310861716878,0.230521564518321,0.0471695567754935,25,0.259296323486149,0.255162566689091,0.023881701551069,25,0.107580316243458,0.106829484414025,0.00359739559284827,25,0.586463549105431,0.405993212469566,0.353618713544017,25,0.281527801841174,0.285789799558372,0.0513017779870953,25,0.115882751753056,0.0998790664103161,0.0425046893683461,25,0.780762138697338,0.78199204262316,0.0268376809675444,25,0.240973346819714,0.241126827126966,0.0141030823105794,25,0.817139427696907,0.818568297679695,0.0292834305443309,25,0.117919710978672,0.118170615819202,0.000952751589448159,25,0.144001043989406,0.144204703317444,0.00639345750817457,25,1.24100674116261,1.24076302690834,0.0181623081839152,25,0.938840688370483,0.938759062289148,0.00234478463324848,25,32.093960000001,29.5090000000127,8.59978534364037,25,32.093960000001,29.5090000000127,8.59978534364037,25,0.0112400000015623,0.011000000005879,0.000435889894164667,25,0.0976399999999558,0.0990000000019791,0.00996610923752567,25,31.9850799999994,29.4020000000019,8.60085288367754,25
"refined","oracle_Z","fastica_only","ifeval_min30","balanced_moderate_dense_signed_cross","Cross",100,1000,5,"2-2-2-2-2",0.144890476539357,0.106523208683373,0.106313209628565,25,0.217081803648919,0.200592626455696,0.0534641206506472,25,0.28046469809549,0.270118563040156,0.0451691374775161,25,0.0755548563627903,0.0753172316444319,0.00177050583866598,25,0.132540432751478,0.108804624795634,0.0813636262649737,25,0.0908655466716896,0.0754051338512682,0.0461319380267043,25,0.0569484406490612,0.0464756267806448,0.0409934836303686,25,0.460400244298196,0.458052829954951,0.0100375141260055,25,0.21043114529708,0.209013095154886,0.0102380380220136,25,0.506273232942697,0.501898392923379,0.0118326796109477,25,0.0760164815580854,0.0757128984315994,0.00103120160891891,25,0.101742450299413,0.101549268785781,0.00565530610807132,25,1.09021160249677,1.0905135183903,0.00631610562531611,25,0.966876670162941,0.96715810393873,0.00262273215696896,25,3.59380000000001,3.51299999999992,0.273614844870178,25,3.59380000000001,3.51299999999992,0.273614844870178,25,0.0109999999999945,0.0109999999999673,0.000408248290465812,25,0.0238800000000037,0.0219999999999345,0.00635295206970484,25,3.55892000000002,3.48000000000002,0.267993768584276,25
"refined","oracle_Z","fastica_only","ifeval_min30","balanced_moderate_dense_signed_cross","Cross",100,1000,5,"3-3-3-3-3",0.360769704117595,0.374508860047874,0.17233511767112,25,0.289302495812343,0.275020004242193,0.100199216779179,25,0.261774709660959,0.262802343923444,0.0404875159190963,25,0.0855964706327196,0.0844732772707509,0.00405020887873849,25,0.40576873687154,0.338109195982684,0.261122743917859,25,0.263039370920543,0.261931686739358,0.0723169736369456,25,0.116417174953102,0.103320049673533,0.0542255081154954,25,0.4926441411123,0.493521014764611,0.0182414676421916,25,0.191397844304266,0.191231743649556,0.00932092107978949,25,0.528545803765562,0.528942454166196,0.0197263408254545,25,0.083760641364169,0.0836747978619678,0.00099208432314754,25,0.111702310493349,0.113269530356179,0.00649223540486803,25,1.10048556440347,1.10092246408735,0.00991989027642554,25,0.96675803763654,0.966397242014245,0.00205064915221567,25,11.4937599999997,9.73899999999776,4.64803981336941,25,11.4937599999997,9.73899999999776,4.64803981336941,25,0.0109999999999854,0.011000000000422,0.000408248290547034,25,0.0593599999996513,0.0559999999986758,0.009054832963705,25,11.4234000000001,9.67399999999907,4.64536548615934,25
"refined","oracle_Z","fastica_only","ifeval_min30","balanced_moderate_dense_signed_cross","Cross",100,1500,10,"2-2-2-2-2-2-2-2-2-2",0.261419027587969,0.275016927314567,0.140057283451863,25,0.223911202231057,0.207186819823202,0.0551929104770711,25,0.291627560279324,0.287046339315871,0.0344669205997686,25,0.0978816850953919,0.0970024701084905,0.00308886404414253,25,0.220962206692305,0.167888502837458,0.140652778300299,25,0.190515791199877,0.147718943970204,0.139228061612388,25,0.079148193314899,0.0673535411547483,0.0391896006707106,25,0.675160206971822,0.673380459117128,0.0169595209962477,25,0.217301007974062,0.217992953743603,0.00729620940375926,25,0.709288955227445,0.707985223474493,0.0176019873481092,25,0.108373925367094,0.10842859361821,0.000845603611049999,25,0.124095098401241,0.123419121989577,0.00441602484091409,25,1.1744616277353,1.17319207238932,0.0110149867600196,25,0.940224167327969,0.940636779905809,0.00167572155838761,25,8.58703999999969,6.76500000000669,4.89385819573985,25,8.58703999999969,6.76500000000669,4.89385819573985,25,0.0159599999999045,0.0160000000032596,0.000454606056685486,25,0.0611999999999534,0.0570000000006985,0.0261629509045695,25,8.50987999999983,6.69000000000233,4.88238990591019,25
"refined","oracle_Z","fastica_only","ifeval_min30","balanced_moderate_dense_signed_cross","Cross",100,1500,10,"3-3-3-3-3-3-3-3-3-3",0.413524577387103,0.447165680497093,0.162935698947023,25,0.242880463530898,0.233836136679525,0.062474102394941,25,0.262825543702575,0.254924424960025,0.0362512870324675,25,0.107263363173908,0.107074967870068,0.00436862960624052,25,0.772009672506471,0.740094603596423,0.431614420798735,25,0.311731755945415,0.33206199642269,0.0943546772702449,25,0.135103013826044,0.13094776191066,0.0488500892338138,25,0.755969990880082,0.755895202065734,0.0242493500611439,25,0.235903822869503,0.234916766953279,0.0121357023276054,25,0.791950436944159,0.791033191112161,0.0262527811826242,25,0.115883840008274,0.116018552130549,0.000949186321473313,25,0.12747171355896,0.125838104743417,0.00656785993224657,25,1.22611312022203,1.22531512159206,0.0169571596696688,25,0.940198452105276,0.94066143020525,0.00202770757799338,25,34.3342800000001,35.0819999999949,8.59223405911897,25,34.3342800000001,35.0819999999949,8.59223405911897,25,0.0159200000000419,0.0160000000032596,0.00040000000017244,25,0.109599999999627,0.108000000000175,0.017124543789559,25,34.2087600000005,34.9619999999995,8.59231530826651,25
"refined","oracle_Z","fastica_only","ifeval_min30","balanced_moderate_dense_signed_cross","Cross",100,1500,5,"2-2-2-2-2",0.141084997794344,0.098576433143596,0.121491705714096,25,0.228377055718379,0.206974578243084,0.0639786573838571,25,0.301923172773195,0.284591971846541,0.0686270905662263,25,0.0759031536001762,0.0757017664727033,0.00236144409417864,25,0.126872361359038,0.0998362613787936,0.0690806958779284,25,0.0963610743061274,0.0766791905923237,0.055156007662192,25,0.0525155958560335,0.0414720705498113,0.0300468161094834,25,0.446737625156551,0.448344869337992,0.0119925876587273,25,0.208767132732985,0.211201677530987,0.011238931507426,25,0.49315713347032,0.496201725600572,0.0149162054623028,25,0.0747272914301649,0.074533079777729,0.000875037506134782,25,0.0889439992376298,0.0897233845743237,0.00443908595157655,25,1.08539448529631,1.08749017780577,0.00649896455853584,25,0.968019978672067,0.968545724950885,0.00232934438530845,25,4.15743999999998,4.07599999999979,0.316770300585991,25,4.15743999999998,4.07599999999979,0.316770300585991,25,0.0156800000000203,0.0160000000000764,0.000476095228593288,25,0.0292799999999625,0.025000000000091,0.010849423947826,25,4.11248,4.03599999999983,0.313975996959426,25
"refined","oracle_Z","fastica_only","ifeval_min30","balanced_moderate_dense_signed_cross","Cross",100,1500,5,"3-3-3-3-3",0.371369903702828,0.393401727731835,0.195760152916136,25,0.302177615823483,0.280020888768863,0.118775303653543,25,0.246503328845566,0.245370095503572,0.0281590247678601,25,0.0848402518856413,0.0843440054320336,0.00500783815847053,25,0.461627918443596,0.33707518848614,0.336460667345496,25,0.286681833531604,0.294929994820417,0.0658742290167815,25,0.115113871750303,0.104955796340603,0.0534299450305297,25,0.472721370792852,0.47224490821853,0.0152110823139497,25,0.188447900699497,0.188510068489848,0.00745902933668727,25,0.508922709857365,0.507225262287374,0.0161798051791859,25,0.0817868881626037,0.0817930520897878,0.000809298901926069,25,0.0960358873876232,0.095849124997704,0.00495853768819251,25,1.0923815936821,1.09201380984561,0.0068418783073102,25,0.967794753997068,0.968542196335143,0.00203858561785743,25,12.2945599999997,12.6409999999996,5.0131580622066,25,12.2945599999997,12.6409999999996,5.0131580622066,25,0.0157599999996455,0.0159999999996217,0.0004358898944846,25,0.0648400000001129,0.0609999999996944,0.01589989517796,25,12.2139599999999,12.5709999999999,5.01499692156785,25
"refined","oracle_Z","fastica_only","ifeval_min30","balanced_moderate_dense_signed_cross","Cross",100,2000,10,"2-2-2-2-2-2-2-2-2-2",0.212671698507315,0.162997683919537,0.0965742645723703,25,0.208061753464114,0.189711323361888,0.0329220918733636,25,0.293864652237361,0.286861697765748,0.0390589306073379,25,0.0965747239327656,0.0964408909799631,0.00187381178954323,25,0.161355276197973,0.131810936269684,0.0858093878916054,25,0.139295888755217,0.106102675117639,0.0896134403222553,25,0.0645390902493746,0.0543357879383241,0.0321463957755542,25,0.651524063305905,0.64829988761496,0.014186499488825,25,0.214367150084675,0.214181205521949,0.00654101956142582,25,0.685907115454371,0.681637268758857,0.0145268826802423,25,0.106909077923583,0.106657350551436,0.000978161807457721,25,0.113681427517083,0.113230925427703,0.00552446336723217,25,1.16177076834937,1.15927621643214,0.00871663345707974,25,0.94129023078453,0.941396695493697,0.00161082451223676,25,9.97848000000085,7.60199999999895,6.04949896768248,25,9.97848000000085,7.60199999999895,6.04949896768248,25,0.0206800000002841,0.0210000000006403,0.000556776436222193,25,0.061720000000787,0.0619999999980791,0.0186402789688723,25,9.89607999999978,7.51900000000023,6.04548706281562,25
"refined","oracle_Z","fastica_only","ifeval_min30","balanced_moderate_dense_signed_cross","Cross",100,2000,10,"3-3-3-3-3-3-3-3-3-3",0.43976458321753,0.465741091748689,0.197999662711178,25,0.263158261520302,0.253250129052355,0.0813528620291118,25,0.261594647685435,0.252150140380896,0.0254879301330236,25,0.106821974137501,0.105644048886506,0.00587957333470464,25,0.758512029714466,0.809383399015477,0.444798648981379,25,0.337151992192595,0.311989811614503,0.157408834023905,25,0.141867169534709,0.136607353401192,0.0588086370106416,25,0.723912344121375,0.722345992456275,0.0207709402074539,25,0.225570496927262,0.224238954680296,0.00878401564350875,25,0.75825942986888,0.758121206029914,0.0219377747524673,25,0.114390955922827,0.114351910112784,0.00076123771072204,25,0.115608483022746,0.11411084482696,0.00608709665245273,25,1.20562006258951,1.20556129264715,0.013893701196134,25,0.940879636799295,0.941009051213551,0.00125041599202094,25,37.4710800000009,36.4669999999896,13.8003357293692,25,37.4710800000009,36.4669999999896,13.8003357293692,25,0.0208400000008987,0.0210000000006403,0.000553774923300046,25,0.110480000000389,0.11200000000099,0.0115221525765277,25,37.3397599999997,36.3529999999882,13.7990570549827,25
"refined","oracle_Z","fastica_only","ifeval_min30","balanced_moderate_dense_signed_cross","Cross",100,2000,5,"2-2-2-2-2",0.142969450083992,0.0911506296966661,0.123191061238751,25,0.23121783792103,0.205233729665216,0.0674791505981783,25,0.29913096440254,0.310003157553132,0.0518692247666882,25,0.0750613571922718,0.0744274041441046,0.00208066255582277,25,0.152098340193494,0.117116522848478,0.114932957466434,25,0.129371974256744,0.0773035882964146,0.148537779133292,25,0.0545308682033823,0.0466820704148968,0.0269401479413959,25,0.440919119909942,0.439451741831334,0.00926549232407793,25,0.207600419066279,0.207484076324286,0.0123359079469566,25,0.487425246128951,0.486865408312241,0.0126135157648351,25,0.0741967253117954,0.0741519683175513,0.000691057649347318,25,0.0805924473599935,0.0812432378103017,0.00483802747017865,25,1.0835096001322,1.08324961034252,0.00593628519763851,25,0.968742076626734,0.968680559458818,0.00158843373019051,25,4.64556000000001,4.63099999999986,0.103668976394541,25,4.64556000000001,4.63099999999986,0.103668976394541,25,0.0204400000000078,0.0199999999999818,0.00050662280514893,25,0.0352000000000498,0.0289999999999964,0.0105987420637242,25,4.58991999999996,4.5630000000001,0.103404916066274,25
"refined","oracle_Z","fastica_only","ifeval_min30","balanced_moderate_dense_signed_cross","Cross",100,2000,5,"3-3-3-3-3",0.32700390586424,0.33952607163992,0.188742923615668,25,0.26731371724975,0.25821859210711,0.0905496562737278,25,0.243279455222401,0.237248292453455,0.0270435213676431,25,0.0823170640386101,0.0816621733734772,0.00362732878623507,25,0.455407460387814,0.356499716065448,0.313028754977691,25,0.273457087686042,0.29679704154496,0.0750604974016764,25,0.117721667120427,0.132538702300595,0.0542514414128589,25,0.46792646924484,0.467423317706255,0.0103362368980989,25,0.189066570651887,0.190329074934855,0.00600598895339362,25,0.504707243865822,0.505037669948885,0.0106624367931886,25,0.0812246505584188,0.0811957642759893,0.000778740570257728,25,0.0890158860381729,0.0894709079303827,0.00493870613575987,25,1.09114217648877,1.09114181651732,0.00418975392422926,25,0.968595432758312,0.968479033860645,0.00211982784624081,25,14.98624,13.4470000000001,5.97818203469937,25,14.98624,13.4470000000001,5.97818203469937,25,0.0208800000001793,0.0210000000006403,0.000525991127650544,25,0.0795600000000559,0.077000000001135,0.0143645396726916,25,14.8857999999997,13.3600000000006,5.98019880522382,25
"refined","oracle_Z","fastica_only","ifeval_min30","balanced_moderate_dense_signed_cross","Cross",100,500,10,"2-2-2-2-2-2-2-2-2-2",0.25556842302552,0.222206331829249,0.118147997357163,25,0.208042966845154,0.188290201543886,0.0392749841483262,25,0.292922608575451,0.289675678121193,0.0262829432760335,25,0.100814209888748,0.101251460072123,0.00285130097575277,25,0.20023008814958,0.158244479320939,0.112917387417111,25,0.174647325043797,0.109916187089006,0.15677615369534,25,0.0736891275806215,0.0627177359842111,0.038523830312278,25,0.826445998759809,0.829034310753819,0.0303308366396535,25,0.242370090844606,0.24432458396959,0.0124884011511526,25,0.861288967596766,0.863512281267597,0.0317943771268428,25,0.118184666938286,0.118473449429707,0.00125860818750983,25,0.179512425829394,0.177526488318524,0.00708160131854482,25,1.26522891218357,1.26944766273685,0.0216369131380674,25,0.934084257082276,0.933751789189018,0.00279673662240344,25,6.67012000000046,4.96500000000378,5.36340989421014,25,6.67012000000046,4.96500000000378,5.36340989421014,25,0.00652000000001863,0.00600000000122236,0.000585946528262215,25,0.0575200000003679,0.0540000000037253,0.0150474804085706,25,6.60608000000008,4.91400000000431,5.3533993477663,25
"refined","oracle_Z","fastica_only","ifeval_min30","balanced_moderate_dense_signed_cross","Cross",100,500,10,"3-3-3-3-3-3-3-3-3-3",0.350441323017935,0.32904197467355,0.143445250627844,25,0.226297477450227,0.207089634984465,0.062583079696124,25,0.261003920125031,0.25444223537053,0.0378347374844957,25,0.111062765373547,0.110385027625127,0.00364079652099632,25,0.46807768518271,0.384080469570439,0.238554995419349,25,0.251243385979134,0.254843069442573,0.0493536343184093,25,0.122238924581524,0.125780727233393,0.0408798195972172,25,0.872807183776602,0.869512069254311,0.0122580589400124,25,0.251949368893429,0.250522414813618,0.00920845070062446,25,0.908483610251335,0.909642971244183,0.0126675353139498,25,0.124543650090022,0.124701992348367,0.000975016357186578,25,0.183389880040657,0.183090785592609,0.00771702907484043,25,1.29692256799786,1.29703077350279,0.00975110614859836,25,0.933804011250893,0.933563689734113,0.00272870237653356,25,28.533599999999,28.4739999999947,8.16081807582378,25,28.533599999999,28.4739999999947,8.16081807582378,25,0.00632000000070548,0.00600000000122236,0.000476095229074052,25,0.0992399999994086,0.0990000000019791,0.0199797397386731,25,28.4280399999989,28.3819999999978,8.15908264594333,25
"refined","oracle_Z","fastica_only","ifeval_min30","balanced_moderate_dense_signed_cross","Cross",100,500,5,"2-2-2-2-2",0.218101925860499,0.124995198337439,0.163540037787088,25,0.24855463764112,0.201217030116512,0.0858313116497105,25,0.295963980896109,0.274414598457223,0.0555483535105658,25,0.0782286714266678,0.0780710167037889,0.0035827671950888,25,0.188346432468467,0.138779127557905,0.149601055375184,25,0.184371008138275,0.0765980217282983,0.223603381957362,25,0.0617290646482778,0.0558564454673182,0.0337889890353882,25,0.495702991416488,0.495209468893965,0.015175244723843,25,0.207125478864037,0.206655591263634,0.0102475881561973,25,0.53731025831237,0.53518039667102,0.015876970909002,25,0.0795301520147517,0.0794240863266863,0.00128382253212516,25,0.133115590792111,0.131669609403275,0.00597006658397694,25,1.1029067075602,1.1017987885178,0.00765448608855102,25,0.965020327312643,0.965297846651056,0.00298405128178146,25,3.22428,2.98199999999997,0.723692816969552,25,3.22428,2.98199999999997,0.723692816969552,25,0.00631999999999777,0.00600000000000023,0.000476095228573345,25,0.0239200000000031,0.0200000000000102,0.00759341820262901,25,3.19404,2.95400000000001,0.718780186612472,25
"refined","oracle_Z","fastica_only","ifeval_min30","balanced_moderate_dense_signed_cross","Cross",100,500,5,"3-3-3-3-3",0.349269653256381,0.415097894129809,0.186103066994331,25,0.27786499049153,0.284054827540929,0.102705083263224,25,0.237965936658244,0.231767450025262,0.0255399672705122,25,0.0871518828051259,0.0865589515635396,0.00423183386516297,25,0.332752205336722,0.300822330139286,0.189249736518139,25,0.243001190983847,0.265795728665435,0.0646573277165,25,0.109022930498662,0.0995596590175204,0.0517365257616847,25,0.548720366308802,0.545280536325081,0.0159567275008504,25,0.200343332070618,0.201729559345612,0.00721170872221843,25,0.584189723642426,0.582709203425275,0.0160798384770864,25,0.0874107538706294,0.0874850435632684,0.00130800527109305,25,0.142696969507666,0.142784942070988,0.00665157011394826,25,1.12572085753137,1.12498084406168,0.00844651676483682,25,0.96447514303628,0.965473763620456,0.0037606066130912,25,11.0721599999999,9.02900000000045,5.00609425833533,25,11.0721599999999,9.02900000000045,5.00609425833533,25,0.00631999999990512,0.00599999999940337,0.000476095228679252,25,0.0584399999999732,0.0540000000000873,0.00934112769779273,25,11.0074,8.96900000000096,5.00290620539703,25
"refined","oracle_Z","fastica_only","ifeval_min30","balanced_moderate_dense_signed_cross","Cross",200,1000,10,"2-2-2-2-2-2-2-2-2-2",0.116257235220185,0.10824601599162,0.0400121728265164,25,0.153744011663429,0.149537481241349,0.0195958188468601,25,0.229865395151486,0.228154825573261,0.0251714311107911,25,0.0701210032039799,0.0702411470860231,0.00087733382384958,25,0.0832501954757447,0.0766457330531305,0.0270907616514356,25,0.0427106828168554,0.0378430152362994,0.0222726566116777,25,0.0351605796117408,0.0325576403004325,0.0128415597167386,25,0.483727708440423,0.484635256387348,0.00474222996012836,25,0.167970354513414,0.167798783014526,0.0063060034220949,25,0.512088490327924,0.51135059376558,0.00574440209759605,25,0.080428856876641,0.0805023803625629,0.00050568622618208,25,0.121358052151655,0.121028724327487,0.00249348023503188,25,1.09231687753459,1.09242159162675,0.00295240196510838,25,0.966665932110543,0.966322223469791,0.001199956432913,25,4.21416000000056,4.13700000000244,0.433364807831443,25,4.21416000000056,4.13700000000244,0.433364807831443,25,0.0490800000002491,0.0489999999990687,0.00027688746180331,25,0.0573199999993085,0.055000000000291,0.00999049548371395,25,4.107760000001,4.03100000000268,0.427675527316897,25
"refined","oracle_Z","fastica_only","ifeval_min30","balanced_moderate_dense_signed_cross","Cross",200,1000,10,"3-3-3-3-3-3-3-3-3-3",0.330461718878858,0.333019596971714,0.143649873254659,25,0.20474911364703,0.206963169101656,0.0604196794244558,25,0.188796540773945,0.188211876753445,0.0182620014539253,25,0.0779253438290117,0.0775541889838205,0.00233607921691423,25,0.200915142633425,0.178381136751376,0.0808307529129794,25,0.180858464965789,0.172227400851966,0.073009481401206,25,0.0678270569295742,0.0586920217626194,0.0288099580930812,25,0.482034172023129,0.483124419288171,0.0100520280903903,25,0.137801620491407,0.136877088217379,0.00574292262239755,25,0.501359269747574,0.502019724930937,0.0108865215824496,25,0.0855374822852695,0.0855911481724958,0.000591659592482784,25,0.125277908701028,0.125703409787796,0.0037514008603988,25,1.08770111141623,1.08806088284653,0.00550584756731483,25,0.967105876737504,0.966952736318906,0.0014821584612808,25,24.6421600000007,22.8829999999871,8.81529510604408,25,24.6421600000007,22.8829999999871,8.81529510604408,25,0.0485600000002887,0.0489999999990687,0.000506622804911065,25,0.137440000000643,0.138999999995576,0.0267909810663461,25,24.4561599999998,22.7020000000048,8.81819835472785,25
"refined","oracle_Z","fastica_only","ifeval_min30","balanced_moderate_dense_signed_cross","Cross",200,1000,5,"2-2-2-2-2",0.107817004335265,0.0928045399334675,0.0749711184301266,25,0.178300280090999,0.171282967547612,0.0332806923601156,25,0.231531555115228,0.217916232688098,0.0377306416821121,25,0.0547026004270485,0.0546254843682956,0.00094981247330097,25,0.0843515209229741,0.0823059703639092,0.0443064092991607,25,0.0450641273715468,0.0381128562133533,0.0350979615775338,25,0.035598716475832,0.033391616779554,0.0216752253979143,25,0.367510897378608,0.366636807539348,0.00938148842914368,25,0.18598912668843,0.186303138345268,0.0119345322212567,25,0.411958855236675,0.411717200909254,0.0132029076480946,25,0.0556453139650116,0.055713973813323,0.000590358928377402,25,0.0957211908418692,0.095918295197511,0.00264790424626169,25,1.06446129317694,1.06381457318076,0.00571020811036279,25,0.982071023480152,0.982072751442364,0.00165296486025681,25,3.84915999999997,3.8159999999998,0.0744835999845733,25,3.84915999999997,3.8159999999998,0.0744835999845733,25,0.0494800000000032,0.0489999999999782,0.00161038297717478,25,0.0323999999999796,0.0320000000001528,0.00377491721757422,25,3.76727999999999,3.73700000000008,0.0734401797383279,25
"refined","oracle_Z","fastica_only","ifeval_min30","balanced_moderate_dense_signed_cross","Cross",200,1000,5,"3-3-3-3-3",0.148296913889688,0.113013417196008,0.0930500427494186,25,0.158902041931495,0.143593428557306,0.0512778753667538,25,0.183526826653939,0.175982737478246,0.0281280824936222,25,0.0597142391572713,0.059555359601095,0.0014042444520105,25,0.111720901496606,0.102734471579201,0.036329549202649,25,0.0959992712779693,0.0764658485603632,0.0530540014260342,25,0.0374519376329536,0.0350256859586584,0.0106176791397486,25,0.33287185473199,0.33306676229353,0.00546245240978388,25,0.128595313982097,0.127691915422542,0.00394253238751401,25,0.356861617548886,0.357880148422694,0.00593182108237661,25,0.0602823288752034,0.0602868069643936,0.000564714190698347,25,0.100494563135998,0.100019987621166,0.00367244736541427,25,1.04487342045813,1.04548221882902,0.00227942857409746,25,0.982680213944123,0.982500931865109,0.00117379355146592,25,27.0305999999995,16.6110000000008,46.1442165254769,25,27.0305999999995,16.6110000000008,46.1442165254769,25,0.0689599999999336,0.0740000000005239,0.0143569959719692,25,0.110039999999426,0.0999999999985448,0.0559601644033373,25,26.8516000000002,16.4230000000025,46.0869478648786,25
"refined","oracle_Z","fastica_only","ifeval_min30","balanced_moderate_dense_signed_cross","Cross",200,1500,10,"2-2-2-2-2-2-2-2-2-2",0.136557657858243,0.0991392321503166,0.0898965334443569,25,0.167649578168594,0.153982893802886,0.0376331592568809,25,0.245942703983822,0.238070958948917,0.0305055126894002,25,0.0688701517577213,0.068780283194986,0.00108222851835602,25,0.0977328982599292,0.0854403297077624,0.0377837653323847,25,0.056928439971844,0.0410632313327359,0.0393294326373003,25,0.0423909662210715,0.0351781395768267,0.0192602876359434,25,0.467899150311131,0.469097830399825,0.00644612506400104,25,0.169156776713673,0.169029804338982,0.00805155139772288,25,0.497574336196099,0.500192195915679,0.00826228485415365,25,0.0778741943170835,0.0777900033150806,0.00063768792144797,25,0.10549360903476,0.105774339402847,0.00279422602971348,25,1.08815334011971,1.08934996297805,0.00425637310373853,25,0.969191932060012,0.969091903306528,0.00142056792212304,25,4.91892000000109,4.75600000000122,0.420950701783412,25,4.91892000000109,4.75600000000122,0.420950701783412,25,0.0676800000004005,0.0679999999993015,0.000556776436004392,25,0.0599200000008568,0.0560000000041327,0.00841090561932695,25,4.79131999999983,4.61700000000565,0.416766693325794,25
"refined","oracle_Z","fastica_only","ifeval_min30","balanced_moderate_dense_signed_cross","Cross",200,1500,10,"3-3-3-3-3-3-3-3-3-3",0.277847101955816,0.230630523686878,0.162800976323842,25,0.193019312447205,0.173446677728132,0.0704485328656056,25,0.194712946143181,0.195137704804221,0.0192472861321818,25,0.0755003530438182,0.0745263482488758,0.00326774059949506,25,0.209251985633991,0.146793918112969,0.121068914282868,25,0.16836957909495,0.138470356585699,0.0922082751159627,25,0.0694759468783619,0.0567480512344476,0.0345582602512802,25,0.455611107230247,0.457723843980189,0.00627478485456251,25,0.135775512468962,0.135312697489279,0.00339012388851269,25,0.475419461776341,0.477144051302441,0.00658576530197966,25,0.0826753459518607,0.0827348282064493,0.000503741838241099,25,0.106459667362208,0.106151348730954,0.00283098932140972,25,1.07770869159077,1.07812507618018,0.00291294297574049,25,0.968668782857164,0.968623266077226,0.00134756124101723,25,24.8420399999979,23.4419999999955,11.5064507432436,25,24.8420399999979,23.4419999999955,11.5064507432436,25,0.0669999999983702,0.0669999999954598,0.000816496581094068,25,0.13844000000041,0.136000000013155,0.020798798042125,25,24.6365999999992,23.2239999999874,11.5056481057491,25
"refined","oracle_Z","fastica_only","ifeval_min30","balanced_moderate_dense_signed_cross","Cross",200,1500,5,"2-2-2-2-2",0.0966289470472371,0.0810325493069153,0.0787705596590588,25,0.184239881416985,0.177388307557154,0.0441215527417309,25,0.236810493778452,0.236652424381279,0.0324070567901771,25,0.0538488512070224,0.0537795698596109,0.0010325381394186,25,0.0819447800307913,0.0800020190641053,0.0394802897412465,25,0.0453973855888429,0.0395614908278675,0.030076924972636,25,0.0345658878074835,0.033466399195981,0.0193330156252109,25,0.367451547609815,0.364607773829803,0.00894621820598591,25,0.191114629212166,0.188735493442906,0.0116854078556791,25,0.414244547492236,0.411185834906071,0.0126990996469227,25,0.0542553175615404,0.0542235375261621,0.000419768407291935,25,0.0815646787789466,0.0813900104280748,0.0019428949597042,25,1.0663928178596,1.06541772886755,0.00492939198494024,25,0.983118881898231,0.983129579764511,0.00104178601905608,25,4.44160000000003,4.41400000000067,0.112821392770498,25,4.44160000000003,4.41400000000067,0.112821392770498,25,0.0675600000000122,0.0679999999993015,0.000506622805123498,25,0.0371600000000763,0.0370000000002619,0.00274893918935774,25,4.33687999999995,4.3090000000002,0.11209234288453,25
"refined","oracle_Z","fastica_only","ifeval_min30","balanced_moderate_dense_signed_cross","Cross",200,1500,5,"3-3-3-3-3",0.172103288264383,0.102735229071395,0.127787951094199,25,0.172243424704471,0.145990868544236,0.0506340857659224,25,0.181628373911487,0.176490085772136,0.024000853264828,25,0.0586522882872512,0.058083785965982,0.00161993712467174,25,0.12364303070363,0.0957422114366981,0.0715451480909948,25,0.121584265925225,0.0826544930023765,0.0802646306112002,25,0.0411863897971944,0.0360026867513206,0.0197182783725044,25,0.320430763762224,0.320544193458334,0.00492973501258296,25,0.12792810342947,0.127484985010829,0.00419841110499686,25,0.345037296005692,0.345162332455857,0.00568167400880661,25,0.0586815651030639,0.0586933321124454,0.000306602063438054,25,0.0862205183360288,0.0862401332682308,0.00332136485252085,25,1.04158237971663,1.04203947748266,0.00220075069828742,25,0.983295139188394,0.98319423215749,0.00124223698068426,25,20.037279999999,16.9649999999965,9.79556660569701,25,20.037279999999,16.9649999999965,9.79556660569701,25,0.102319999999891,0.101999999998952,0.0011445523153968,25,0.115239999999612,0.106999999999971,0.0210718611735917,25,19.8197199999995,16.7479999999996,9.79352750766229,25
"refined","oracle_Z","fastica_only","ifeval_min30","balanced_moderate_dense_signed_cross","Cross",200,2000,10,"2-2-2-2-2-2-2-2-2-2",0.125109125115546,0.0909611520303945,0.0820445642906325,25,0.158874166656102,0.152184095370528,0.0165219336186045,25,0.243162647481143,0.244530775823709,0.0274455864956081,25,0.0676911632005383,0.0674639239246295,0.000758177714700033,25,0.107713891472483,0.0792582869236285,0.0740329793117146,25,0.0705577956506759,0.0414076753131633,0.0892580166436864,25,0.0438787309577615,0.033391608124179,0.0284319172432011,25,0.460534685995996,0.458660858444856,0.00605082626401346,25,0.170185616889192,0.168491782186432,0.00761511093243288,25,0.491001575349846,0.489287011383072,0.00814021151868343,25,0.076697653505345,0.0766664881524717,0.00040993753884298,25,0.0959084999599886,0.0957579479509384,0.0021614905366633,25,1.08600369297752,1.0849098553801,0.00371292755919703,25,0.96994704140821,0.969952388083884,0.00115023295449844,25,5.55368000000162,5.4149999999936,0.62149971305934,25,5.55368000000162,5.4149999999936,0.62149971305934,25,0.0862400000009802,0.0860000000029686,0.000435889893524799,25,0.0643600000004517,0.0630000000019209,0.0079366239670425,25,5.40308000000019,5.27100000000064,0.617618876546054,25
"refined","oracle_Z","fastica_only","ifeval_min30","balanced_moderate_dense_signed_cross","Cross",200,2000,10,"3-3-3-3-3-3-3-3-3-3",0.269596069781645,0.238153954429378,0.160068520405079,25,0.187927650122819,0.161998320458733,0.067128240785325,25,0.195328959469447,0.189692859553103,0.0242827791133637,25,0.0738230986201997,0.0727030578938315,0.00315114909658024,25,0.182409933027271,0.135550659774034,0.106380582522829,25,0.162710318300444,0.162592753644932,0.077124796141734,25,0.0599395135149561,0.0493342662397803,0.028686437992077,25,0.441669640940852,0.441941411607575,0.00469710817160983,25,0.133472515052038,0.133075863486382,0.00355098387438174,25,0.461404749307933,0.460956170181868,0.00519682779908051,25,0.0812478968469767,0.0812151823711865,0.000518501575691688,25,0.0963514444226316,0.0955102093099193,0.00250638973283033,25,1.07257848363718,1.07275626689469,0.0026035571055348,25,0.96955311713461,0.969625115456188,0.00122165630469883,25,31.5856000000017,30.9350000000122,12.1240381508539,25,31.5856000000017,30.9350000000122,12.1240381508539,25,0.0848800000012852,0.0850000000064028,0.000725718033879875,25,0.140240000000922,0.14100000000326,0.0173620275299257,25,31.3604799999995,30.721000000005,12.1186249327216,25
"refined","oracle_Z","fastica_only","ifeval_min30","balanced_moderate_dense_signed_cross","Cross",200,2000,5,"2-2-2-2-2",0.0835548255919276,0.074130381525917,0.0474734728147626,25,0.181519444246091,0.175482366422285,0.0287450786821969,25,0.244562008272211,0.237062115019966,0.0452937800931537,25,0.0531782782230986,0.0530755353851926,0.000949889348957387,25,0.083573339259241,0.0776616482799428,0.032817288869709,25,0.0466368871429367,0.0405432238066356,0.0306126797967719,25,0.0347848863267872,0.0330151466878349,0.0137330168255917,25,0.361981446505918,0.362826816119519,0.00904608907699671,25,0.187651064541368,0.191500813426578,0.0129154163631753,25,0.407804841336852,0.40946707459072,0.0135936236345495,25,0.0535816419187787,0.05362469484489,0.000418962057458606,25,0.074228050719458,0.074334738594759,0.00195010324193347,25,1.06421402352566,1.06457871727308,0.00519837597811285,25,0.983373889877573,0.98332713443942,0.00110758425290328,25,5.00628000000004,5.00200000000041,0.0662643192074142,25,5.00628000000004,5.00200000000041,0.0662643192074142,25,0.0863999999999942,0.0860000000002401,0.000707106781201982,25,0.0444000000000597,0.0399999999999636,0.00744423714476367,25,4.87547999999999,4.86999999999989,0.064375927177782,25
"refined","oracle_Z","fastica_only","ifeval_min30","balanced_moderate_dense_signed_cross","Cross",200,2000,5,"3-3-3-3-3",0.135397480036679,0.0997086631721753,0.0908515318186658,25,0.158962688216526,0.145246650340655,0.0451973659689486,25,0.172635641951753,0.167923685092901,0.0253098840608087,25,0.0574991667377423,0.0574280612076836,0.00133354263213124,25,0.110449359599009,0.0976111299199368,0.058053396747763,25,0.0971768919487019,0.079368528415778,0.0490965445774909,25,0.0405116201429124,0.0367764196483609,0.020753106923236,25,0.317363843104334,0.314858367762338,0.00718439416644564,25,0.129342476338327,0.128368609187306,0.00562910940466056,25,0.342725787686798,0.339596284502067,0.00843417195392503,25,0.0579425548894361,0.0578715862601091,0.00033174853679531,25,0.0793454924950337,0.0791993003613466,0.002659033862711,25,1.04141975122519,1.04024413681544,0.00292086787455913,25,0.983874555443308,0.983788867591035,0.00112029762064924,25,24.2288400000001,19.6089999999967,12.0638004745609,25,24.2288400000001,19.6089999999967,12.0638004745609,25,0.131839999999793,0.130000000001019,0.00498062914401157,25,0.123440000000119,0.114000000001397,0.0205143851967219,25,23.9735600000001,19.3019999999997,12.0619362979863,25
"refined","oracle_Z","fastica_only","ifeval_min30","balanced_moderate_dense_signed_cross","Cross",200,500,10,"2-2-2-2-2-2-2-2-2-2",0.160566729526907,0.12653230742973,0.081282568528941,25,0.153606014653823,0.143331843623771,0.0263509368292137,25,0.223980396098602,0.225528815214081,0.0230118016966465,25,0.0736412481390718,0.0734565700060044,0.00136474489797742,25,0.108656305854852,0.0801120804299469,0.0794480462228844,25,0.0802698399978285,0.0352847911078483,0.128615351446029,25,0.0413628243683956,0.0332791221654961,0.0211988765926316,25,0.541667304671492,0.540063530237903,0.011183251883791,25,0.163217708442966,0.165033186635514,0.00527293355923674,25,0.565739438874391,0.563721683686806,0.0115978982703409,25,0.0877808077482149,0.0878848576987184,0.000943453622527558,25,0.162039543438577,0.162563078992967,0.00381566038729594,25,1.11357148381507,1.11319871121234,0.00642810115959491,25,0.962099609899862,0.962621341648046,0.00231179427398818,25,3.52267999999982,3.4910000000018,0.193279961022024,25,3.52267999999982,3.4910000000018,0.193279961022024,25,0.030559999999823,0.0309999999954016,0.000583095189769698,25,0.0493600000004517,0.0500000000029104,0.00580143660403233,25,3.44275999999954,3.40999999999622,0.191806821220411,25
"refined","oracle_Z","fastica_only","ifeval_min30","balanced_moderate_dense_signed_cross","Cross",200,500,10,"3-3-3-3-3-3-3-3-3-3",0.318780293567018,0.277980151603736,0.157824274774567,25,0.189822186059092,0.16527769871794,0.0682600076392534,25,0.18510136307806,0.184935663160255,0.0156183631103088,25,0.0847512494482112,0.0842342422410879,0.00299283747771815,25,0.191416956497253,0.19642301418721,0.0877664634951738,25,0.151244240372909,0.144088227035724,0.0810078140164182,25,0.0761746678425314,0.0648016345196751,0.0410549103211498,25,0.566789368897829,0.568094295210944,0.012690841715196,25,0.147712608428562,0.147580759738414,0.00586116821938987,25,0.585741924121206,0.585331890692,0.0130382465126278,25,0.0930543134431535,0.0930898257229635,0.000854930859150909,25,0.167893763185479,0.167801799251269,0.00501966946415846,25,1.12349893486374,1.12324201235054,0.00633933375273567,25,0.961865948815618,0.962133614570766,0.00217169998850843,25,20.7413200000022,18.6089999999967,9.14753859752934,25,20.7413200000022,18.6089999999967,9.14753859752934,25,0.0302800000022398,0.0299999999988358,0.00045825756845106,25,0.125920000000624,0.131000000008498,0.0171365107302024,25,20.5851199999993,18.4660000000003,9.15112129431752,25
"refined","oracle_Z","fastica_only","ifeval_min30","balanced_moderate_dense_signed_cross","Cross",200,500,5,"2-2-2-2-2",0.138595401208776,0.111893966857703,0.0949986845947318,25,0.186913482254066,0.172535781923524,0.0478825850849669,25,0.233879117646484,0.23414023862542,0.0346158734683593,25,0.0574252604314477,0.0571450432715021,0.00125921103817665,25,0.0849082200587597,0.0726583750748961,0.0467389478267703,25,0.0475179250603687,0.0359960345385608,0.0409859795032091,25,0.0362089312668333,0.0302489660349137,0.0223130966356945,25,0.386816197776583,0.387474048945584,0.00571780171447612,25,0.170639145317177,0.172921720667481,0.0114409277454229,25,0.42287127733523,0.422208139360132,0.00920915206788643,25,0.0596569493678955,0.0595285388716435,0.000729190449938004,25,0.126328578668739,0.126179491404862,0.00278679313473974,25,1.06583926878827,1.06618781870564,0.004049585606193,25,0.97925123771377,0.978973617254588,0.00224861177130177,25,3.18464000000007,3.16400000000021,0.095243494965985,25,3.18464000000007,3.16400000000021,0.095243494965985,25,0.0304400000000533,0.0300000000002001,0.000506622805099562,25,0.0293200000000434,0.0270000000000437,0.00563264295574563,25,3.12487999999998,3.10599999999977,0.0948601250964939,25
"refined","oracle_Z","fastica_only","ifeval_min30","balanced_moderate_dense_signed_cross","Cross",200,500,5,"3-3-3-3-3",0.203792388724464,0.137009767196479,0.128042484680985,25,0.180260011387257,0.140405782849896,0.0824133280225919,25,0.175848836303895,0.172143076926998,0.0238387067538502,25,0.0640938411805585,0.0633340776345959,0.0024992769655713,25,0.147657400577396,0.103419939457526,0.0979166888749167,25,0.109628831020189,0.0691474929346797,0.075069690099576,25,0.0539103935557743,0.0403149473503072,0.0280338137795651,25,0.377161076333466,0.376493137330252,0.00872995929180433,25,0.129566169520905,0.129218220422516,0.00468306607877278,25,0.398809893391319,0.398150315672508,0.0092846358186026,25,0.0648068781593731,0.0649504147706999,0.000733581267337631,25,0.132358270243932,0.132016219227538,0.00457924229275471,25,1.05663547704045,1.05657969455185,0.00415497492518295,25,0.979455121165544,0.979016499207328,0.00210933775120988,25,7.30295999999929,6.43099999999686,3.37499663555478,25,7.30295999999929,6.43099999999686,3.37499663555478,25,0.0311199999999371,0.0309999999990396,0.000331662479231079,25,0.0880799999994633,0.0859999999993306,0.011496086290768,25,7.18375999999989,6.32200000000012,3.37167050930758,25
"refined","oracle_Z","fastica_only","ifeval_min30","balanced_moderate_dense_signed_cross","Cross",400,1000,10,"2-2-2-2-2-2-2-2-2-2",0.103241062615155,0.103220796904983,0.00106205074045269,25,0.103143784462101,0.10327365517319,0.00242037149297501,25,0.159926604223094,0.154781618859351,0.0160491685489055,25,0.0583843503538413,0.0583784951924382,0.000451928879790123,25,0.0525041165630689,0.0498246619569794,0.0140483409838695,25,0.0203581141190785,0.0203690026199495,0.000423320895982523,25,0.0217573406740528,0.0205091443339051,0.00617396752426345,25,0.407224843064614,0.408374243906137,0.00629922951562401,25,0.158344909063588,0.159840559481971,0.00720512099559552,25,0.43695323770371,0.439521093128197,0.00822732959725883,25,0.060933470727821,0.0608774946545211,0.000314096925603474,25,0.114819494445946,0.114813675608775,0.00106031797828583,25,1.07281963317905,1.07336467858751,0.00324627463279367,25,0.980679785519031,0.980528242737399,0.00122594608674117,25,4.70671999999991,4.70899999999529,0.104202335226808,25,4.70671999999991,4.70899999999529,0.104202335226808,25,0.223079999999609,0.222999999998137,0.00210000000037008,25,0.0706399999998393,0.0709999999962747,0.00412189276876793,25,4.41300000000047,4.41199999999662,0.102493089197509,25
"refined","oracle_Z","fastica_only","ifeval_min30","balanced_moderate_dense_signed_cross","Cross",400,1000,10,"3-3-3-3-3-3-3-3-3-3",0.171859908074493,0.133067087498197,0.0688849650122007,25,0.111442349459659,0.0951761384416019,0.0310093110706052,25,0.135957469765468,0.134159986750505,0.0135527929602045,25,0.0635379480934415,0.0631771591443102,0.00105699216149666,25,0.0856236325986024,0.0715001687083136,0.0362639955403191,25,0.0649963119298355,0.0395474936066401,0.0448940289680192,25,0.0315512306528295,0.0277848862345644,0.00994760928706831,25,0.352218360247662,0.352528662517539,0.00338364053227438,25,0.0965888367166625,0.0969593900949881,0.00298594171979967,25,0.365232395056297,0.365291374315862,0.00353914885424553,25,0.064146964403932,0.064212589616563,0.000307593243973812,25,0.115385746978686,0.115211878870408,0.00175640792175712,25,1.0460526424623,1.04579595550274,0.00151699846968688,25,0.981086408861444,0.981265355979626,0.00106418866832894,25,12.4594399999996,11.4519999999902,3.29923633941862,25,12.4594399999996,11.4519999999902,3.29923633941862,25,0.218159999998752,0.217999999993481,0.00321039976686029,25,0.181359999999404,0.169000000008964,0.0264950938871451,25,12.0599200000014,11.0749999999971,3.30206455519419,25
"refined","oracle_Z","fastica_only","ifeval_min30","balanced_moderate_dense_signed_cross","Cross",400,1000,5,"2-2-2-2-2",0.0894217573880389,0.0888178347391556,0.00143381138048888,25,0.120072521694636,0.1203886188598,0.0032658866239787,25,0.165861408649648,0.160498882201068,0.0198276040209192,25,0.0438625196754485,0.0438550825659681,0.000388808165053287,25,0.0568347709372697,0.0597427410843924,0.0159302334662613,25,0.0209753429497507,0.0210319315775082,0.000705473399914522,25,0.0237851719851855,0.0238746727722746,0.00694589816776275,25,0.334876372400304,0.335301431943936,0.00652626899766879,25,0.181200884600304,0.182816291641688,0.00860570937409323,25,0.380791715576988,0.38183310157942,0.00944276199226054,25,0.0421708431635707,0.0422342109422894,0.000259127457161937,25,0.0923303529678947,0.0924520822494571,0.00194644230803129,25,1.06087327369928,1.06158139916859,0.00349507833778047,25,0.990467251038427,0.990626513339013,0.00100259824383603,25,4.33167999999998,4.31300000000101,0.133179302696242,25,4.33167999999998,4.31300000000101,0.133179302696242,25,0.223680000000022,0.222999999999956,0.0040178767195587,25,0.049519999999975,0.0499999999992724,0.00288848287758862,25,4.05847999999998,4.03800000000047,0.132341452311679,25
"refined","oracle_Z","fastica_only","ifeval_min30","balanced_moderate_dense_signed_cross","Cross",400,1000,5,"3-3-3-3-3",0.12235225940083,0.114988749478884,0.0319216176499808,25,0.111589701768484,0.104106175112456,0.0225960694511483,25,0.126765391687984,0.125501667409111,0.0146885984746225,25,0.0480797699013312,0.0479122577291519,0.000868954964412059,25,0.0687007392345652,0.0614290956695913,0.0226626136474057,25,0.0409019730617898,0.0379990067026137,0.0141397691190193,25,0.0269770605082621,0.025614604489295,0.0079499356560886,25,0.257489125772237,0.257202561184067,0.00429092950671014,25,0.0971632153759783,0.0984915301075488,0.00381914913124526,25,0.275225623516732,0.274746250988758,0.00498691308670604,25,0.0453037116827487,0.0452819488830207,0.000295220226086508,25,0.0959578519727277,0.0959118972054592,0.0017388235205715,25,1.02763869871895,1.02759497760592,0.00186737207124206,25,0.990405306245073,0.990609620287446,0.0012603617262456,25,54.6023600000015,9.49599999999919,182.060522452444,25,54.6023600000015,9.49599999999919,182.060522452444,25,36.2792800000003,0.336999999999534,179.698817344355,25,0.138640000000887,0.138000000002648,0.0264620482952726,25,18.1844400000003,8.98799999999756,42.7507075527021,25
"refined","oracle_Z","fastica_only","ifeval_min30","balanced_moderate_dense_signed_cross","Cross",400,1500,10,"2-2-2-2-2-2-2-2-2-2",0.0926276101241384,0.0928387726399015,0.00138634604858033,25,0.105701779697734,0.105464493385465,0.00221222274196796,25,0.170909200857126,0.161711121127371,0.0247640375270486,25,0.0560484422093196,0.0559994717151006,0.000426407584593894,25,0.0572931149930272,0.05668718175456,0.0116633962614443,25,0.0214670523042979,0.021359179025434,0.000673144557990946,25,0.0239796571643779,0.0239008368000254,0.00499750369389181,25,0.395955564149968,0.394907367710262,0.00662603715012597,25,0.159537227849329,0.157652199015143,0.00717185157498785,25,0.426909836300703,0.426245308224997,0.00868750007618708,25,0.0580750778368221,0.0580340065765907,0.000269345302891837,25,0.0995780373403552,0.0994736449435655,0.00137710298503512,25,1.07105089100895,1.07073004678221,0.00357429081803868,25,0.9829650425913,0.982785375422485,0.000811530817607764,25,5.47107999999978,5.44699999998556,0.147454207582465,25,5.47107999999978,5.44699999998556,0.147454207582465,25,0.289839999999385,0.288999999997031,0.00489625707369439,25,0.0804399999999441,0.0769999999974971,0.0108515743857182,25,5.10080000000045,5.08399999999529,0.147496892623057,25
"refined","oracle_Z","fastica_only","ifeval_min30","balanced_moderate_dense_signed_cross","Cross",400,1500,10,"3-3-3-3-3-3-3-3-3-3",0.150201194677959,0.118918977333693,0.0635266681025462,25,0.113114006223327,0.0969853970387314,0.0376230657838439,25,0.136339186962151,0.139592673183362,0.010978618170713,25,0.0601160139935368,0.0598412677102671,0.000823674388341044,25,0.0786703734131139,0.0711893755363389,0.0236594170709395,25,0.0591089785476993,0.0397704164720007,0.0369881567925684,25,0.0286504466604094,0.0271196650705751,0.006863457101745,25,0.336689463840761,0.337200665873803,0.00450407588037633,25,0.0992117385147057,0.0994129114386613,0.00423518805265343,25,0.35101937429503,0.351504827217656,0.00508854582799417,25,0.0610268571830701,0.0610674467395789,0.000306519934164032,25,0.0989452342166277,0.0988222920160579,0.00168538838745375,25,1.04293685781968,1.04353630136266,0.0019332122204456,25,0.982762220969668,0.982623319357456,0.000800184086969996,25,14.1001999999984,13.0760000000009,4.79394462664791,25,14.1001999999984,13.0760000000009,4.79394462664791,25,0.285559999999241,0.284999999988941,0.00556087523088252,25,0.190439999998198,0.176999999996042,0.0353707506285154,25,13.624200000001,12.5890000000072,4.78782640314633,25
"refined","oracle_Z","fastica_only","ifeval_min30","balanced_moderate_dense_signed_cross","Cross",400,1500,5,"2-2-2-2-2",0.0901434774436026,0.0783390242302429,0.0590062285120442,25,0.128805593081856,0.124997012842666,0.0241232265375162,25,0.174306024218182,0.177095710126396,0.021177071229077,25,0.0425699671234944,0.0426088223321281,0.00038827242670117,25,0.0650256330206698,0.056344618883101,0.0440113723568945,25,0.0281632380792826,0.0213404972105104,0.034221540451155,25,0.0277138341465779,0.0237697286380214,0.0205388099886281,25,0.332600364759922,0.334248674206978,0.00666599613642287,25,0.180592159757877,0.181050708913297,0.00819562328093789,25,0.378500519908317,0.379682125257791,0.00918710765696648,25,0.0408005996084953,0.0408230619274384,0.000285156249257597,25,0.0798469007040324,0.0799480169113482,0.00142973073228443,25,1.0604244014751,1.06080750877848,0.00341328760269941,25,0.990806758570272,0.990551702068047,0.00107500570019351,25,5.13912000000011,5.06599999999708,0.202091010850795,25,5.13912000000011,5.06599999999708,0.202091010850795,25,0.291320000000269,0.290999999999258,0.00377182537613332,25,0.0612399999998161,0.0580000000009022,0.0107443008146042,25,4.78656000000003,4.71299999999974,0.194723539066694,25
"refined","oracle_Z","fastica_only","ifeval_min30","balanced_moderate_dense_signed_cross","Cross",400,1500,5,"3-3-3-3-3",0.105904157243393,0.104273036676859,0.0123719622831826,25,0.107013996347933,0.105821653306444,0.00570139388510157,25,0.12864274761948,0.124002704896614,0.0214120855876573,25,0.0459457531918745,0.045943417145123,0.000596147766351574,25,0.0611113454983685,0.0609515588610706,0.0164542618487136,25,0.0403695821900034,0.0402097581506591,0.00540816894029076,25,0.0233793860153318,0.0243555899157785,0.00669116249651022,25,0.247034498256092,0.246308059153071,0.00375846894332337,25,0.0974131875459884,0.097788428229159,0.00315904481839323,25,0.265559631876251,0.264387590446387,0.00415779652968514,25,0.0432862059537281,0.043241564874977,0.000295580201351625,25,0.0822002171267603,0.082515509013888,0.00205031810235349,25,1.02551257981713,1.02526008379932,0.00142137012352463,25,0.990790736755473,0.990476247252175,0.0010802077217026,25,12.1454000000021,12.3410000000003,4.97895239985242,25,12.1454000000021,12.3410000000003,4.97895239985242,25,0.296080000000075,0.296000000002095,0.00610273162978758,25,0.152840000000433,0.163000000000466,0.0268354243489555,25,11.6964800000016,11.8819999999978,4.95588064088188,25
"refined","oracle_Z","fastica_only","ifeval_min30","balanced_moderate_dense_signed_cross","Cross",400,2000,10,"2-2-2-2-2-2-2-2-2-2",0.0850451420367944,0.0850074678439167,0.00116233051236413,25,0.106842610647998,0.106737322395487,0.00234203248461692,25,0.178572331184733,0.174095072528821,0.0245297700049552,25,0.0547401806725431,0.0547497631322428,0.000389085496899624,25,0.05717113542416,0.0583281225443384,0.0115502772073437,25,0.0217131712313118,0.0215323063811225,0.000699889335861938,25,0.0241433813065352,0.0246981781023181,0.00497359063196882,25,0.386808513953911,0.388127069411285,0.0069424095657882,25,0.157427056953154,0.156747882873516,0.00892332903407538,25,0.417659795318801,0.417875684865815,0.00952573487900903,25,0.0565427367938653,0.0565688098554205,0.000283500028501563,25,0.0896056059965765,0.0896045469287312,0.0016372720353666,25,1.06811158644772,1.06827599690904,0.00394338950488392,25,0.983627841789251,0.983401037219039,0.000838732538448595,25,6.34603999999992,6.31299999999464,0.331818158033146,25,6.34603999999992,6.31299999999464,0.331818158033146,25,0.354919999999984,0.355000000003201,0.00331561960035336,25,0.0873599999997532,0.0860000000029686,0.00708213715480115,25,5.90376000000018,5.87199999999575,0.327553593578998,25
"refined","oracle_Z","fastica_only","ifeval_min30","balanced_moderate_dense_signed_cross","Cross",400,2000,10,"3-3-3-3-3-3-3-3-3-3",0.170893816626366,0.110165436287773,0.0946506926270305,25,0.122605524828283,0.100624845287772,0.0425907613792105,25,0.131285994188511,0.130114231047294,0.0105742760391413,25,0.0585752765768834,0.058358642386247,0.000985478940316533,25,0.0902148803734063,0.0700142618576822,0.050788482192986,25,0.078262979300048,0.0425620771983447,0.0574658875315451,25,0.0333065613497881,0.027150933832766,0.0163815424749706,25,0.328266159455947,0.329504847380899,0.0053661347938494,25,0.100669560928934,0.100247928126679,0.0039478558759169,25,0.343365550611969,0.344406628021342,0.00610125707829763,25,0.0595625848019384,0.0596310969079497,0.000325124454827443,25,0.0895415126151157,0.0897636882165921,0.00197965856591287,25,1.04144925253658,1.04176299800178,0.00218508508841959,25,0.983796651287138,0.983801445149727,0.000910912536983807,25,15.1020400000003,14.6919999999809,2.9332542860537,25,15.1020400000003,14.6919999999809,2.9332542860537,25,0.353559999999707,0.353000000002794,0.00411379792071068,25,0.201720000000205,0.209999999991851,0.0278695173984934,25,14.5467600000004,14.1399999999994,2.91921315425831,25
"refined","oracle_Z","fastica_only","ifeval_min30","balanced_moderate_dense_signed_cross","Cross",400,2000,5,"2-2-2-2-2",0.10088720296928,0.0704546663654857,0.10555789388498,25,0.141167585113991,0.125826323191426,0.0579623811685959,25,0.181483212351497,0.173659261170367,0.0314900119172499,25,0.0417776764247143,0.04169161960134,0.000565980742478682,25,0.0692921815432933,0.0514549224100657,0.056803088152907,25,0.035882731413162,0.0223701039183946,0.0479213469679271,25,0.0302548978660185,0.0214767315677375,0.027899093217765,25,0.333294266162945,0.333230654185084,0.00816497161964938,25,0.180740979357072,0.177544472605031,0.0111138528572645,25,0.379203566986405,0.377346177304875,0.0120589424047383,25,0.0399477663312036,0.0399470139284215,0.000249519184984801,25,0.0727083986826351,0.0725487675666059,0.00134805475381008,25,1.06121677699287,1.06059978491393,0.00439666556367286,25,0.99133318469917,0.991213431101912,0.000752221967629054,25,6.11628000000012,5.97099999999955,0.345563370936886,25,6.11628000000012,5.97099999999955,0.345563370936886,25,0.360839999999953,0.359999999998763,0.00783517708803041,25,0.0728800000000774,0.0679999999993015,0.0129528632613611,25,5.68256000000008,5.55099999999948,0.334999761193935,25
"refined","oracle_Z","fastica_only","ifeval_min30","balanced_moderate_dense_signed_cross","Cross",400,2000,5,"3-3-3-3-3",0.107230987832303,0.104879513592038,0.0227376286043192,25,0.110567032785648,0.106820224951407,0.0129387003287156,25,0.130469297015023,0.122393140516105,0.0197101332447033,25,0.0449996020413113,0.045016812796385,0.00083381200859113,25,0.0660842941033314,0.0670478588582194,0.0156556139143153,25,0.0460115706093197,0.0446140591130269,0.00758818775409511,25,0.0258721688048567,0.0260708425224978,0.0071542198301313,25,0.2438317270091,0.243847823833387,0.00476323666560364,25,0.09949235564354,0.0993901524615923,0.00403842026591027,25,0.263364408173069,0.26285286370304,0.00552134180319981,25,0.0424659210061183,0.0424291431165885,0.000293810392203655,25,0.0750818390665668,0.0748635591677884,0.00209584951049213,25,1.02544368241529,1.025053238325,0.00158639249618276,25,0.991268282993402,0.991148372116703,0.000736834448674219,25,7.20748000000021,6.70400000000518,1.33907371965369,25,7.20748000000021,6.70400000000518,1.33907371965369,25,0.363080000000191,0.365000000005239,0.00786299349237332,25,0.128159999999916,0.129000000000815,0.0102497154428496,25,6.71624000000011,6.22100000000501,1.32981920074435,25
"refined","oracle_Z","fastica_only","ifeval_min30","balanced_moderate_dense_signed_cross","Cross",400,500,10,"2-2-2-2-2-2-2-2-2-2",0.122194613917594,0.122327275270536,0.00130435348845451,25,0.099734007555397,0.099152160458646,0.00252022604239997,25,0.161950671490733,0.159836767908744,0.0135578290041085,25,0.0633924093608416,0.0634225872123339,0.000536538368721415,25,0.0536805967989535,0.0530256729261346,0.012368820825473,25,0.0195349101172639,0.0194756308218725,0.00032920702868049,25,0.0223825970713686,0.022858258901911,0.0054097091585922,25,0.432333087625201,0.432479884653945,0.00468731899493826,25,0.13503580848854,0.13453803806232,0.00515917839637611,25,0.452954109549791,0.453748512849058,0.0051828472600111,25,0.0693086806364465,0.0692728418893499,0.000514822127108164,25,0.154902542905683,0.15447776884388,0.00200275688896264,25,1.07447310706224,1.07462802320386,0.00238366916272243,25,0.975779401029083,0.975827175543172,0.00146685113121187,25,3.83404000000097,3.83100000000559,0.057717328420897,25,3.83404000000097,3.83100000000559,0.057717328420897,25,0.119520000000775,0.119000000006054,0.000822597511793469,25,0.0657199999995646,0.065999999998894,0.00345832329256527,25,3.64880000000063,3.64500000000407,0.056884385671705,25
"refined","oracle_Z","fastica_only","ifeval_min30","balanced_moderate_dense_signed_cross","Cross",400,500,10,"3-3-3-3-3-3-3-3-3-3",0.221047667532647,0.164764885890183,0.104231652752396,25,0.122785135989493,0.0937289956458845,0.0573085215568653,25,0.131187087003537,0.129911746965144,0.0119673860121812,25,0.0726661693782985,0.0725146577168684,0.00141484828743029,25,0.0981463252448913,0.0700326723774022,0.062355659474347,25,0.0660669695389464,0.031871405009711,0.0581701786340594,25,0.0384086739587807,0.0313085301878486,0.0186816413091485,25,0.413652405341205,0.412001414819785,0.00831461876425561,25,0.0957342809525318,0.0965213177460835,0.0038974279912539,25,0.424598940935888,0.423752447097938,0.00854243495255325,25,0.0722969875316616,0.0721121620063994,0.000726982995002711,25,0.157701289090268,0.157123500813847,0.0033038271668916,25,1.06349527143034,1.06290683623748,0.00371924185350367,25,0.976550260271942,0.976451685236373,0.00151888455339324,25,10.4421200000017,9.22499999999127,3.39977146682964,25,10.4421200000017,9.22499999999127,3.39977146682964,25,0.11792000000074,0.11699999999837,0.00399916657895968,25,0.172120000000577,0.161000000007334,0.0254809078849721,25,10.1520800000004,8.92200000000594,3.40097115934123,25
"refined","oracle_Z","fastica_only","ifeval_min30","balanced_moderate_dense_signed_cross","Cross",400,500,5,"2-2-2-2-2",0.136972970174612,0.10836565875912,0.0983082589987925,25,0.140440691612118,0.120673946693333,0.0718474622806526,25,0.173850988754324,0.170428175560794,0.0241243962619482,25,0.0479796269778479,0.0479714713813425,0.000944595660051624,25,0.0720874256945038,0.0622835833321614,0.0541032381468216,25,0.0329119834531169,0.0198767606615581,0.0450219428200196,25,0.0313189863460259,0.0258843582123627,0.0268133918532044,25,0.337023885626065,0.33778075408729,0.00637181485445256,25,0.154720677452021,0.151735812638257,0.009144039473518,25,0.370892015989737,0.369540646649253,0.00923900990747658,25,0.0470453069695262,0.0469779365504373,0.000418818520547589,25,0.122738645299233,0.123069481807063,0.00230327268767028,25,1.05431216649005,1.05448682493368,0.00331693419210528,25,0.98739161107541,0.987234379904176,0.00131272652092355,25,3.49752000000004,3.49700000000121,0.0857909863176634,25,3.49752000000004,3.49700000000121,0.0857909863176634,25,0.120120000000024,0.119999999999891,0.000927361849519468,25,0.0466399999999339,0.0419999999994616,0.012165114056182,25,3.33076000000008,3.33200000000033,0.084735018341684,25
"refined","oracle_Z","fastica_only","ifeval_min30","balanced_moderate_dense_signed_cross","Cross",400,500,5,"3-3-3-3-3",0.13559272261566,0.134061906825301,0.00700040199162399,25,0.102403723870671,0.102139473869118,0.00566908710505181,25,0.132785685375659,0.129101339439779,0.0175968285467288,25,0.0533594529759174,0.0531393688564612,0.000747604137715486,25,0.0689958514949929,0.0651184300902766,0.0150050754119527,25,0.0304925056370952,0.0293850009141053,0.00538052269370389,25,0.0286145688291437,0.0278050252185061,0.00648808743702279,25,0.29138101993554,0.290960102877372,0.00493148783830449,25,0.0926899356797057,0.0935458600372313,0.00347306862359946,25,0.30578309973081,0.305642454048024,0.00519869583466574,25,0.0502291416688284,0.0501998729065835,0.000411181424291147,25,0.12747843923946,0.127578770848725,0.00298147662759731,25,1.03290354579698,1.03261950723974,0.0020102144936509,25,0.987099211095825,0.98693616289068,0.00194811306975175,25,10.3565199999999,9.75400000000081,2.4764419725353,25,10.3565199999999,9.75400000000081,2.4764419725353,25,0.1823199999996,0.181000000000495,0.00282429932282907,25,0.134320000000444,0.137000000002445,0.0114007309711011,25,10.0398799999998,9.4439999999995,2.47067066333553,25
"refined","oracle_Z","mixture_fastica_start","ifeval_min30","balanced_moderate_dense_signed_cross","Cross",100,1000,10,"2-2-2-2-2-2-2-2-2-2",0.141319259391675,0.132564620682734,0.0445559075665195,25,0.182245401074338,0.180178267074705,0.0107985056293869,25,0.28383646304694,0.27645993378881,0.0281479709018599,25,0.0970967299969607,0.0971259052769131,0.00127087444717462,25,0.119069232297868,0.110770266737517,0.0551653096598942,25,0.094108814529535,0.0787011130508229,0.0725030711591619,25,0.0458785589669608,0.0475358189644259,0.0119018003157913,25,0.706786463906576,0.698156066696333,0.0267519510487588,25,0.221568698041698,0.220369809123347,0.00840112796734348,25,0.740721577927171,0.731527676373428,0.0275025284658501,25,0.111126495292446,0.110936957298058,0.00136279782377071,25,0.137561588158752,0.137342769692898,0.00548569284594712,25,1.19181203480549,1.18730220244246,0.0175957698972726,25,0.938319581939339,0.938249520214605,0.00245072886878339,25,4.8667200000005,4.76299999999901,0.276615183965028,25,4.8667200000005,4.76299999999901,0.276615183965028,25,0.0112400000006892,0.010999999998603,0.000435889894665432,25,0.500359999999928,0.439999999995052,0.166917115160082,25,4.35511999999988,4.28100000000268,0.251950775615735,25
"refined","oracle_Z","mixture_fastica_start","ifeval_min30","balanced_moderate_dense_signed_cross","Cross",100,1000,10,"3-3-3-3-3-3-3-3-3-3",0.171262046232836,0.154671607356718,0.0566577137686805,25,0.173778112804217,0.170592070921372,0.0142838255707478,25,0.258724953886049,0.257368847651006,0.0246354906842589,25,0.102591088292488,0.102644965458853,0.00123956729852064,25,0.187632065125904,0.185464600498507,0.0491558639417926,25,0.176588368215106,0.171989559092335,0.0277692856998107,25,0.0607769217464679,0.0514959413830928,0.0228436332905094,25,0.780762138697338,0.78199204262316,0.0268376809675444,25,0.240973346819714,0.241126827126966,0.0141030823105794,25,0.817139427696907,0.818568297679695,0.0292834305443309,25,0.117919710978672,0.118170615819202,0.000952751589448159,25,0.144001043989406,0.144204703317444,0.00639345750817457,25,1.24100674116261,1.24076302690834,0.0181623081839152,25,0.938840688370483,0.938759062289148,0.00234478463324848,25,5.32340000000084,5.0089999999982,0.748639265599454,25,5.32340000000084,5.0089999999982,0.748639265599454,25,0.0112400000015623,0.011000000005879,0.000435889894164667,25,0.94527999999962,0.828000000001339,0.430132103739079,25,4.36687999999966,4.03199999999924,0.610807342784746,25
"refined","oracle_Z","mixture_fastica_start","ifeval_min30","balanced_moderate_dense_signed_cross","Cross",100,1000,5,"2-2-2-2-2",0.10771568376049,0.106785211881187,0.00771537400979132,25,0.199245277203101,0.200420868482637,0.00695580361536593,25,0.279197210470561,0.269560839454179,0.0442977322979124,25,0.075001070428964,0.0750846622122984,0.00112758653989327,25,0.108567596695632,0.107031951131648,0.0280696259933685,25,0.0750763083278859,0.0757200937060934,0.00405343010098805,25,0.0448319226068466,0.0444953522745374,0.0129925051823352,25,0.460400244298196,0.458052829954951,0.0100375141260055,25,0.21043114529708,0.209013095154886,0.0102380380220136,25,0.506273232942697,0.501898392923379,0.0118326796109477,25,0.0760164815580854,0.0757128984315994,0.00103120160891891,25,0.101742450299413,0.101549268785781,0.00565530610807132,25,1.09021160249677,1.0905135183903,0.00631610562531611,25,0.966876670162941,0.96715810393873,0.00262273215696896,25,3.71348000000002,3.70600000000002,0.047099292280573,25,3.71348000000002,3.70600000000002,0.047099292280573,25,0.0109999999999945,0.0109999999999673,0.000408248290465812,25,0.218440000000023,0.210000000000036,0.0420565888614965,25,3.48404,3.48300000000006,0.0264991823773329,25
"refined","oracle_Z","mixture_fastica_start","ifeval_min30","balanced_moderate_dense_signed_cross","Cross",100,1000,5,"3-3-3-3-3",0.129817329016593,0.127525360404204,0.0160747281033215,25,0.182649671810932,0.182302359679173,0.00792283410205197,25,0.261176746772507,0.258909453053879,0.0395367565141519,25,0.0807046063965441,0.0807053053796813,0.0015405125917166,25,0.159811002284934,0.153126357714124,0.0427322576375093,25,0.155008882968575,0.151763140048709,0.0198633184567996,25,0.0503212656507398,0.0497731865892042,0.0141075759292091,25,0.4926441411123,0.493521014764611,0.0182414676421916,25,0.191397844304266,0.191231743649556,0.00932092107978949,25,0.528545803765562,0.528942454166196,0.0197263408254545,25,0.083760641364169,0.0836747978619678,0.00099208432314754,25,0.111702310493349,0.113269530356179,0.00649223540486803,25,1.10048556440347,1.10092246408735,0.00991989027642554,25,0.96675803763654,0.966397242014245,0.00205064915221567,25,3.92455999999991,4.04199999999946,0.530593777448365,25,3.92455999999991,4.04199999999946,0.530593777448365,25,0.0109999999999854,0.011000000000422,0.000408248290547034,25,0.401239999999962,0.356999999999971,0.10407700674676,25,3.51231999999996,3.67999999999847,0.557057052733314,25
"refined","oracle_Z","mixture_fastica_start","ifeval_min30","balanced_moderate_dense_signed_cross","Cross",100,1500,10,"2-2-2-2-2-2-2-2-2-2",0.143709924047089,0.124768163348595,0.0634667140422785,25,0.185296313708407,0.181363309613516,0.0161170380121918,25,0.287628487176101,0.284980734061907,0.0306247241438827,25,0.0958888181399861,0.0960617280415974,0.000823578640708907,25,0.12729020944655,0.11934193320296,0.0545312346077627,25,0.101352332498972,0.0805313597067263,0.0788884090879093,25,0.0498752078564908,0.0479662307483139,0.014311225080078,25,0.675160206971822,0.673380459117128,0.0169595209962477,25,0.217301007974062,0.217992953743603,0.00729620940375926,25,0.709288955227445,0.707985223474493,0.0176019873481092,25,0.108373925367094,0.10842859361821,0.000845603611049999,25,0.124095098401241,0.123419121989577,0.00441602484091409,25,1.1744616277353,1.17319207238932,0.0110149867600196,25,0.940224167327969,0.940636779905809,0.00167572155838761,25,5.13164000000048,4.97699999999895,0.377970444171609,25,5.13164000000048,4.97699999999895,0.377970444171609,25,0.0159599999999045,0.0160000000032596,0.000454606056685486,25,0.550920000000042,0.458999999995285,0.192355339584328,25,4.56476000000053,4.47299999999814,0.273607273295615,25
"refined","oracle_Z","mixture_fastica_start","ifeval_min30","balanced_moderate_dense_signed_cross","Cross",100,1500,10,"3-3-3-3-3-3-3-3-3-3",0.158363906986648,0.149579842158421,0.043419336833681,25,0.172886111833018,0.169952904271776,0.010973405389395,25,0.262051439993505,0.255272971586429,0.0336786050112321,25,0.100951369114471,0.100817283918932,0.0011194703096394,25,0.186078419777423,0.181976355236463,0.042554523169339,25,0.176029964095507,0.176702711771969,0.0172298521165172,25,0.056558638931775,0.0493134101496476,0.0211721720597516,25,0.755969990880082,0.755895202065734,0.0242493500611439,25,0.235903822869503,0.234916766953279,0.0121357023276054,25,0.791950436944159,0.791033191112161,0.0262527811826242,25,0.115883840008274,0.116018552130549,0.000949186321473313,25,0.12747171355896,0.125838104743417,0.00656785993224657,25,1.22611312022203,1.22531512159206,0.0169571596696688,25,0.940198452105276,0.94066143020525,0.00202770757799338,25,6.1375199999995,5.88299999999435,0.810437490907281,25,6.1375199999995,5.88299999999435,0.810437490907281,25,0.0159200000000419,0.0160000000032596,0.00040000000017244,25,1.10575999999943,1.03800000000047,0.448457939313634,25,5.01584000000003,4.59500000000116,0.729871717038858,25
"refined","oracle_Z","mixture_fastica_start","ifeval_min30","balanced_moderate_dense_signed_cross","Cross",100,1500,5,"2-2-2-2-2",0.100327620159841,0.0988194008822995,0.00887833221648532,25,0.208084820484171,0.206368795884239,0.00961134578663239,25,0.300038027280952,0.284127018066175,0.0647544380002797,25,0.0750793881445358,0.0749815101346958,0.000846265663832458,25,0.111450400921163,0.0987751794921927,0.042078030009402,25,0.0779177712747751,0.07717564331794,0.00419785856887766,25,0.0450249127321512,0.0402502267346609,0.0161191558776116,25,0.446737625156551,0.448344869337992,0.0119925876587273,25,0.208767132732985,0.211201677530987,0.011238931507426,25,0.49315713347032,0.496201725600572,0.0149162054623028,25,0.0747272914301649,0.074533079777729,0.000875037506134782,25,0.0889439992376298,0.0897233845743237,0.00443908595157655,25,1.08539448529631,1.08749017780577,0.00649896455853584,25,0.968019978672067,0.968545724950885,0.00232934438530845,25,4.30148000000001,4.28500000000008,0.0875481391388059,25,4.30148000000001,4.28500000000008,0.0875481391388059,25,0.0156800000000203,0.0160000000000764,0.000476095228593288,25,0.235079999999989,0.228999999999814,0.02611819289307,25,4.05072,4.04200000000014,0.0745142715636914,25
"refined","oracle_Z","mixture_fastica_start","ifeval_min30","balanced_moderate_dense_signed_cross","Cross",100,1500,5,"3-3-3-3-3",0.134056532449061,0.119293992003317,0.0784699077534605,25,0.188946352783934,0.181765495430594,0.0327755116794422,25,0.247381069578255,0.243218595514436,0.0264608948171126,25,0.0792378574206931,0.0791669810602455,0.00149665024997961,25,0.167242180563738,0.148204406865931,0.0534092147349496,25,0.1626421763605,0.158289065439187,0.0337942877772108,25,0.0531541677343803,0.0480716826578801,0.0199363421969278,25,0.472721370792852,0.47224490821853,0.0152110823139497,25,0.188447900699497,0.188510068489848,0.00745902933668727,25,0.508922709857365,0.507225262287374,0.0161798051791859,25,0.0817868881626037,0.0817930520897878,0.000809298901926069,25,0.0960358873876232,0.095849124997704,0.00495853768819251,25,1.0923815936821,1.09201380984561,0.0068418783073102,25,0.967794753997068,0.968542196335143,0.00203858561785743,25,4.28939999999959,4.50299999999697,0.615192314104604,25,4.28939999999959,4.50299999999697,0.615192314104604,25,0.0157599999996455,0.0159999999996217,0.0004358898944846,25,0.405439999999799,0.360000000000582,0.0922483423517224,25,3.86820000000014,4.11199999999917,0.594843046525744,25
"refined","oracle_Z","mixture_fastica_start","ifeval_min30","balanced_moderate_dense_signed_cross","Cross",100,2000,10,"2-2-2-2-2-2-2-2-2-2",0.121277493231468,0.12132115149304,0.0082239407232055,25,0.180625165494847,0.180617088212035,0.00376083319301721,25,0.290752075082067,0.284561753692189,0.0374595688339866,25,0.0951062085157589,0.0952417772189608,0.000963698772618146,25,0.107331322582748,0.103897764083603,0.0236210853265339,25,0.0824515708431382,0.08194546259401,0.0030925272584182,25,0.0441101695844551,0.0423061424203458,0.0103813537384377,25,0.651524063305905,0.64829988761496,0.014186499488825,25,0.214367150084675,0.214181205521949,0.00654101956142582,25,0.685907115454371,0.681637268758857,0.0145268826802423,25,0.106909077923583,0.106657350551436,0.000978161807457721,25,0.113681427517083,0.113230925427703,0.00552446336723217,25,1.16177076834937,1.15927621643214,0.00871663345707974,25,0.94129023078453,0.941396695493697,0.00161082451223676,25,5.62643999999913,5.56600000000617,0.316485528894427,25,5.62643999999913,5.56600000000617,0.316485528894427,25,0.0206800000002841,0.0210000000006403,0.000556776436222193,25,0.529359999998997,0.443000000006577,0.145292486613984,25,5.07639999999985,4.98999999999796,0.281208404330987,25
"refined","oracle_Z","mixture_fastica_start","ifeval_min30","balanced_moderate_dense_signed_cross","Cross",100,2000,10,"3-3-3-3-3-3-3-3-3-3",0.142073299386694,0.141415556971489,0.0100863714770211,25,0.170079283659071,0.169869755507202,0.0031414908098706,25,0.259384610415324,0.253364334033259,0.0240962650978975,25,0.0997665825969755,0.0999532944752922,0.000940705141891962,25,0.179558799431835,0.173247656882431,0.0324338864740404,25,0.172986536699015,0.174987382369489,0.0186617829853333,25,0.0539244603754804,0.0483591534967381,0.0185592604473854,25,0.723912344121375,0.722345992456275,0.0207709402074539,25,0.225570496927262,0.224238954680296,0.00878401564350875,25,0.75825942986888,0.758121206029914,0.0219377747524673,25,0.114390955922827,0.114351910112784,0.00076123771072204,25,0.115608483022746,0.11411084482696,0.00608709665245273,25,1.20562006258951,1.20556129264715,0.013893701196134,25,0.940879636799295,0.941009051213551,0.00125041599202094,25,6.46588000000338,6.12900000001537,0.70403588450151,25,6.46588000000338,6.12900000001537,0.70403588450151,25,0.0208400000008987,0.0210000000006403,0.000553774923300046,25,1.04524000000034,0.92500000000291,0.466991638040363,25,5.39980000000214,5.18899999999849,0.558215460194769,25
"refined","oracle_Z","mixture_fastica_start","ifeval_min30","balanced_moderate_dense_signed_cross","Cross",100,2000,5,"2-2-2-2-2",0.0932554994528311,0.0935564748195263,0.00845110048079786,25,0.205929085319443,0.205108088788232,0.00739039181242168,25,0.297477663484916,0.3063985957483,0.0507832451349087,25,0.0743707448024428,0.0743068543643422,0.000898032066717552,25,0.109449799086818,0.106896251587032,0.0308839177822629,25,0.0782517978749332,0.0783846812624576,0.00484843128471992,25,0.0450020428888307,0.0442683203455371,0.0140208814944423,25,0.440919119909942,0.439451741831334,0.00926549232407793,25,0.207600419066279,0.207484076324286,0.0123359079469566,25,0.487425246128951,0.486865408312241,0.0126135157648351,25,0.0741967253117954,0.0741519683175513,0.000691057649347318,25,0.0805924473599935,0.0812432378103017,0.00483802747017865,25,1.0835096001322,1.08324961034252,0.00593628519763851,25,0.968742076626734,0.968680559458818,0.00158843373019051,25,4.86579999999995,4.85299999999961,0.0924504371722624,25,4.86579999999995,4.85299999999961,0.0924504371722624,25,0.0204400000000078,0.0199999999999818,0.00050662280514893,25,0.255919999999987,0.239999999999782,0.0547828440298263,25,4.58943999999995,4.58899999999994,0.0753658189544333,25
"refined","oracle_Z","mixture_fastica_start","ifeval_min30","balanced_moderate_dense_signed_cross","Cross",100,2000,5,"3-3-3-3-3",0.111902019481785,0.112570479830916,0.0113786367095372,25,0.183966132138345,0.184931641098511,0.00530788754214208,25,0.244163144803657,0.242319917432929,0.0275107789793656,25,0.0780987596835619,0.0779867919095769,0.00116908721374442,25,0.180009601186152,0.158361488824793,0.0589145524602687,25,0.162394973943479,0.157243155665646,0.0301477878969138,25,0.0626229011562844,0.0539818097519649,0.0394059409100544,25,0.46792646924484,0.467423317706255,0.0103362368980989,25,0.189066570651887,0.190329074934855,0.00600598895339362,25,0.504707243865822,0.505037669948885,0.0106624367931886,25,0.0812246505584188,0.0811957642759893,0.000778740570257728,25,0.0890158860381729,0.0894709079303827,0.00493870613575987,25,1.09114217648877,1.09114181651732,0.00418975392422926,25,0.968595432758312,0.968479033860645,0.00211982784624081,25,5.11552000000098,4.43000000000393,1.05477103044488,25,5.11552000000098,4.43000000000393,1.05477103044488,25,0.0208800000001793,0.0210000000006403,0.000525991127650544,25,0.523400000000402,0.444999999999709,0.208136173373076,25,4.5712400000004,3.95100000000093,0.960680283271404,25
"refined","oracle_Z","mixture_fastica_start","ifeval_min30","balanced_moderate_dense_signed_cross","Cross",100,500,10,"2-2-2-2-2-2-2-2-2-2",0.144486568134471,0.144373000858274,0.00375232685389261,25,0.174257163047272,0.174654811075961,0.00349195077407577,25,0.289125577268018,0.283456815515343,0.0245449733874449,25,0.0990541360709744,0.0996340306451208,0.00158266469767866,25,0.118405777349185,0.116187797719816,0.0231553198909473,25,0.0755005321848093,0.0754688853045422,0.00310406807926609,25,0.0487063206161192,0.0479579138464614,0.00932261457011503,25,0.826445998759809,0.829034310753819,0.0303308366396535,25,0.242370090844606,0.24432458396959,0.0124884011511526,25,0.861288967596766,0.863512281267597,0.0317943771268428,25,0.118184666938286,0.118473449429707,0.00125860818750983,25,0.179512425829394,0.177526488318524,0.00708160131854482,25,1.26522891218357,1.26944766273685,0.0216369131380674,25,0.934084257082276,0.933751789189018,0.00279673662240344,25,4.20836000000039,4.24400000000605,0.4044618729446,25,4.20836000000039,4.24400000000605,0.4044618729446,25,0.00652000000001863,0.00600000000122236,0.000585946528262215,25,0.501800000000221,0.460000000006403,0.125048657196676,25,3.70004000000015,3.67700000000332,0.398925795104817,25
"refined","oracle_Z","mixture_fastica_start","ifeval_min30","balanced_moderate_dense_signed_cross","Cross",100,500,10,"3-3-3-3-3-3-3-3-3-3",0.185466045059012,0.177848603630595,0.0344886419468518,25,0.167897064537669,0.16563529994444,0.0134068349571847,25,0.260789798352555,0.250312124824162,0.0380023737754624,25,0.107221677972623,0.10685751153802,0.00178461866500505,25,0.226888621935803,0.231649044393489,0.0534770939992088,25,0.178298151554861,0.172519126336145,0.024810138556082,25,0.0796939731751514,0.07044731789511,0.0357087906985604,25,0.872807183776602,0.869512069254311,0.0122580589400124,25,0.251949368893429,0.250522414813618,0.00920845070062446,25,0.908483610251335,0.909642971244183,0.0126675353139498,25,0.124543650090022,0.124701992348367,0.000975016357186578,25,0.183389880040657,0.183090785592609,0.00771702907484043,25,1.29692256799786,1.29703077350279,0.00975110614859836,25,0.933804011250893,0.933563689734113,0.00272870237653356,25,5.20672000000224,5.03600000000006,1.13588150496881,25,5.20672000000224,5.03600000000006,1.13588150496881,25,0.00632000000070548,0.00600000000122236,0.000476095229074052,25,0.881360000000568,0.792999999997846,0.335050727501497,25,4.31904000000097,4.28100000000268,1.11133476354659,25
"refined","oracle_Z","mixture_fastica_start","ifeval_min30","balanced_moderate_dense_signed_cross","Cross",100,500,5,"2-2-2-2-2",0.123756630410014,0.12309499759669,0.00516518192922313,25,0.203252813806767,0.200143230261232,0.00962914157487682,25,0.292792836102899,0.272995879167416,0.052998195290442,25,0.0768105565131597,0.0770081721712873,0.001563978819411,25,0.114759696350152,0.114331170180226,0.049319287475753,25,0.0748579887979588,0.0750015411655838,0.00489962725533033,25,0.0464030648773373,0.0481656903454836,0.0185837238042485,25,0.495702991416488,0.495209468893965,0.015175244723843,25,0.207125478864037,0.206655591263634,0.0102475881561973,25,0.53731025831237,0.53518039667102,0.015876970909002,25,0.0795301520147517,0.0794240863266863,0.00128382253212516,25,0.133115590792111,0.131669609403275,0.00597006658397694,25,1.1029067075602,1.1017987885178,0.00765448608855102,25,0.965020327312643,0.965297846651056,0.00298405128178146,25,3.22412,3.17500000000001,0.177912974981215,25,3.22412,3.17500000000001,0.177912974981215,25,0.00631999999999777,0.00600000000000023,0.000476095228573345,25,0.219600000000002,0.206000000000017,0.0416423262238524,25,2.9982,2.949,0.173715764013132,25
"refined","oracle_Z","mixture_fastica_start","ifeval_min30","balanced_moderate_dense_signed_cross","Cross",100,500,5,"3-3-3-3-3",0.14697537453719,0.146674659637694,0.00712588996451863,25,0.177787254148598,0.177502980804814,0.00646971275034452,25,0.239308321801666,0.235902065841143,0.0255611215066164,25,0.0829011857578325,0.0831545366785486,0.00165208493250083,25,0.178116164248309,0.169250294609549,0.0500597742700732,25,0.152849798725319,0.144898078503759,0.0243759368788531,25,0.0576542945418454,0.0534820164896849,0.0187475517193005,25,0.548720366308802,0.545280536325081,0.0159567275008504,25,0.200343332070618,0.201729559345612,0.00721170872221843,25,0.584189723642426,0.582709203425275,0.0160798384770864,25,0.0874107538706294,0.0874850435632684,0.00130800527109305,25,0.142696969507666,0.142784942070988,0.00665157011394826,25,1.12572085753137,1.12498084406168,0.00844651676483682,25,0.96447514303628,0.965473763620456,0.0037606066130912,25,3.57911999999989,3.54199999999946,0.224604526520493,25,3.57911999999989,3.54199999999946,0.224604526520493,25,0.00631999999990512,0.00599999999940337,0.000476095228679252,25,0.391080000000074,0.350000000000364,0.0810313313890572,25,3.18171999999991,3.13700000000063,0.18264823203819,25
"refined","oracle_Z","mixture_fastica_start","ifeval_min30","balanced_moderate_dense_signed_cross","Cross",200,1000,10,"2-2-2-2-2-2-2-2-2-2",0.11664761864569,0.108474966067495,0.0415147788879048,25,0.152027102457193,0.149251607083991,0.01212919650465,25,0.229489971660691,0.22806820536845,0.024979328553238,25,0.0700148800591041,0.0701579712557092,0.000768801625068068,25,0.0905923793208893,0.076727946036709,0.0600947890900774,25,0.0550850104881994,0.0379126769612202,0.0827821501069757,25,0.0348003704232116,0.0325576415497929,0.0119789605646269,25,0.483727708440423,0.484635256387348,0.00474222996012836,25,0.167970354513414,0.167798783014526,0.0063060034220949,25,0.512088490327924,0.51135059376558,0.00574440209759605,25,0.080428856876641,0.0805023803625629,0.00050568622618208,25,0.121358052151655,0.121028724327487,0.00249348023503188,25,1.09231687753459,1.09242159162675,0.00295240196510838,25,0.966665932110543,0.966322223469791,0.001199956432913,25,4.70488000000041,4.70000000000437,0.105042182003176,25,4.70488000000041,4.70000000000437,0.105042182003176,25,0.0490800000002491,0.0489999999990687,0.00027688746180331,25,0.618800000000338,0.593999999997322,0.0854902528565403,25,4.03699999999982,4.04899999999907,0.0709829791800947,25
"refined","oracle_Z","mixture_fastica_start","ifeval_min30","balanced_moderate_dense_signed_cross","Cross",200,1000,10,"3-3-3-3-3-3-3-3-3-3",0.12681568795102,0.127412838535144,0.00307643093927756,25,0.131416547881864,0.131197105288656,0.00409565228095729,25,0.187923152748391,0.185882122118748,0.0186129605186378,25,0.0748590140347947,0.0749297921092998,0.000729089433860351,25,0.0955620040516719,0.0936613893989332,0.0128912122138917,25,0.0740890348139646,0.0732382171856217,0.00703398393122341,25,0.0372733557982535,0.0379594688775061,0.00628164618114163,25,0.482034172023129,0.483124419288171,0.0100520280903903,25,0.137801620491407,0.136877088217379,0.00574292262239755,25,0.501359269747574,0.502019724930937,0.0108865215824496,25,0.0855374822852695,0.0855911481724958,0.000591659592482784,25,0.125277908701028,0.125703409787796,0.0037514008603988,25,1.08770111141623,1.08806088284653,0.00550584756731483,25,0.967105876737504,0.966952736318906,0.0014821584612808,25,5.29351999999955,5.31599999999162,0.317038525525152,25,5.29351999999955,5.31599999999162,0.317038525525152,25,0.0485600000002887,0.0489999999990687,0.000506622804911065,25,1.1106799999997,1.01499999999942,0.31142089953463,25,4.13427999999956,4.12699999999313,0.152286604795885,25
"refined","oracle_Z","mixture_fastica_start","ifeval_min30","balanced_moderate_dense_signed_cross","Cross",200,1000,5,"2-2-2-2-2",0.0931263489256685,0.0929358824494153,0.00288570636951223,25,0.171586992976114,0.171094162943055,0.00650732614748663,25,0.231201489267209,0.217817254219938,0.0376972574277267,25,0.0545554777804016,0.0545879117919043,0.000660988253603945,25,0.0767744625251014,0.0789180255956509,0.0258137223757419,25,0.0384448166161751,0.0381616411418497,0.00254352771000459,25,0.0317349883317578,0.0317804942822951,0.0111845561263479,25,0.367510897378608,0.366636807539348,0.00938148842914368,25,0.18598912668843,0.186303138345268,0.0119345322212567,25,0.411958855236675,0.411717200909254,0.0132029076480946,25,0.0556453139650116,0.055713973813323,0.000590358928377402,25,0.0957211908418692,0.095918295197511,0.00264790424626169,25,1.06446129317694,1.06381457318076,0.00571020811036279,25,0.982071023480152,0.982072751442364,0.00165296486025681,25,4.13944000000009,4.10999999999967,0.0926305745061135,25,4.13944000000009,4.10999999999967,0.0926305745061135,25,0.0494800000000032,0.0489999999999782,0.00161038297717478,25,0.349240000000045,0.326000000000022,0.0755790314836278,25,3.74072000000004,3.73500000000013,0.0555431663963482,25
"refined","oracle_Z","mixture_fastica_start","ifeval_min30","balanced_moderate_dense_signed_cross","Cross",200,1000,5,"3-3-3-3-3",0.105934032728207,0.106442899600343,0.00428854972266269,25,0.140129041877153,0.140229635282381,0.00551600679020429,25,0.183243095983644,0.173917709052836,0.0284388948386317,25,0.0587549190863986,0.0587609381724536,0.000789817324919402,25,0.0977201512566169,0.0876704172907594,0.0222287742568481,25,0.0735019385079003,0.0730762881570202,0.00669282800511979,25,0.0354353088284728,0.0328742331537897,0.00881033568858183,25,0.33287185473199,0.33306676229353,0.00546245240978388,25,0.128595313982097,0.127691915422542,0.00394253238751401,25,0.356861617548886,0.357880148422694,0.00593182108237661,25,0.0602823288752034,0.0602868069643936,0.000564714190698347,25,0.100494563135998,0.100019987621166,0.00367244736541427,25,1.04487342045813,1.04548221882902,0.00227942857409746,25,0.982680213944123,0.982500931865109,0.00117379355146592,25,17.6421999999993,8.88999999999942,47.7105183651017,25,17.6421999999993,8.88999999999942,47.7105183651017,25,0.0689599999999336,0.0740000000005239,0.0143569959719692,25,0.737879999999714,0.643000000000029,0.500189407458778,25,16.8353599999996,8.16700000000128,47.2208156853519,25
"refined","oracle_Z","mixture_fastica_start","ifeval_min30","balanced_moderate_dense_signed_cross","Cross",200,1500,10,"2-2-2-2-2-2-2-2-2-2",0.117485537241844,0.098738222773125,0.0665397872911764,25,0.156466653069317,0.152323199397696,0.0161521099417805,25,0.244373143935219,0.238030263679768,0.029080480762683,25,0.068520117979449,0.0684956136599776,0.000794812757438376,25,0.0961516214348214,0.0831364858903233,0.0614542381399494,25,0.0623712114721544,0.0402503266236741,0.0878493208605406,25,0.0369645637453196,0.0338008870978725,0.0140953663243938,25,0.467899150311131,0.469097830399825,0.00644612506400104,25,0.169156776713673,0.169029804338982,0.00805155139772288,25,0.497574336196099,0.500192195915679,0.00826228485415365,25,0.0778741943170835,0.0777900033150806,0.00063768792144797,25,0.10549360903476,0.105774339402847,0.00279422602971348,25,1.08815334011971,1.08934996297805,0.00425637310373853,25,0.969191932060012,0.969091903306528,0.00142056792212304,25,5.40340000000055,5.3440000000046,0.151079449298189,25,5.40340000000055,5.3440000000046,0.151079449298189,25,0.0676800000004005,0.0679999999993015,0.000556776436004392,25,0.662120000000286,0.615999999994528,0.110145857843079,25,4.67359999999986,4.64299999999639,0.0820015243769766,25
"refined","oracle_Z","mixture_fastica_start","ifeval_min30","balanced_moderate_dense_signed_cross","Cross",200,1500,10,"3-3-3-3-3-3-3-3-3-3",0.111128902548927,0.111166579036014,0.00344276256709984,25,0.132258718333035,0.132275975356872,0.00341995510082766,25,0.194071677656932,0.191235321833532,0.0193383492049134,25,0.072289578057896,0.0723403977183895,0.000496309902500195,25,0.100126878605688,0.0999560144163637,0.0121972624877236,25,0.0745442956994993,0.0743429009847727,0.00544456444917658,25,0.0382943152604028,0.0391038639228045,0.00631825719812695,25,0.455611107230247,0.457723843980189,0.00627478485456251,25,0.135775512468962,0.135312697489279,0.00339012388851269,25,0.475419461776341,0.477144051302441,0.00658576530197966,25,0.0826753459518607,0.0827348282064493,0.000503741838241099,25,0.106459667362208,0.106151348730954,0.00283098932140972,25,1.07770869159077,1.07812507618018,0.00291294297574049,25,0.968668782857164,0.968623266077226,0.00134756124101723,25,5.8976399999985,5.80500000000757,0.369973183719383,25,5.8976399999985,5.80500000000757,0.369973183719383,25,0.0669999999983702,0.0669999999954598,0.000816496581094068,25,0.981360000000568,0.828999999997905,0.283368264516373,25,4.84927999999956,4.75599999999395,0.284003303972948,25
"refined","oracle_Z","mixture_fastica_start","ifeval_min30","balanced_moderate_dense_signed_cross","Cross",200,1500,5,"2-2-2-2-2",0.081552809605738,0.0807843343216961,0.00342451574665241,25,0.175413557940178,0.176935544380062,0.00566402776945361,25,0.236219359400816,0.236570531233261,0.0317200130892076,25,0.0536941587277942,0.0537404514547495,0.000649124546924185,25,0.0758083672049066,0.0799571326836282,0.0207273149338926,25,0.0396169253553256,0.0394793232185156,0.00249576760108017,25,0.0313880779264815,0.0334663965539905,0.00907079411111596,25,0.367451547609815,0.364607773829803,0.00894621820598591,25,0.191114629212166,0.188735493442906,0.0116854078556791,25,0.414244547492236,0.411185834906071,0.0126990996469227,25,0.0542553175615404,0.0542235375261621,0.000419768407291935,25,0.0815646787789466,0.0813900104280748,0.0019428949597042,25,1.0663928178596,1.06541772886755,0.00492939198494024,25,0.983118881898231,0.983129579764511,0.00104178601905608,25,4.74912000000011,4.75800000000072,0.0740744670359186,25,4.74912000000011,4.75800000000072,0.0740744670359186,25,0.0675600000000122,0.0679999999993015,0.000506622805123498,25,0.350560000000041,0.342999999999847,0.0416263938705907,25,4.33100000000006,4.33300000000054,0.0610204883625397,25
"refined","oracle_Z","mixture_fastica_start","ifeval_min30","balanced_moderate_dense_signed_cross","Cross",200,1500,5,"3-3-3-3-3",0.0936052337422468,0.0927763799545457,0.00592881799006118,25,0.142599888063889,0.141205812991388,0.00688550862553412,25,0.181624457599345,0.175474653396934,0.0242178498149301,25,0.0572075086933375,0.0571357926400935,0.000614806437663662,25,0.0886005607999641,0.089900936345404,0.0163365356999866,25,0.0779266785412433,0.0792822811761149,0.00747904941000847,25,0.03203610936409,0.0330000428966558,0.00605524330197404,25,0.320430763762224,0.320544193458334,0.00492973501258296,25,0.12792810342947,0.127484985010829,0.00419841110499686,25,0.345037296005692,0.345162332455857,0.00568167400880661,25,0.0586815651030639,0.0586933321124454,0.000306602063438054,25,0.0862205183360288,0.0862401332682308,0.00332136485252085,25,1.04158237971663,1.04203947748266,0.00220075069828742,25,0.983295139188394,0.98319423215749,0.00124223698068426,25,10.1445199999998,9.9429999999993,0.970507174968856,25,10.1445199999998,9.9429999999993,0.970507174968856,25,0.102319999999891,0.101999999998952,0.0011445523153968,25,0.68627999999997,0.669999999998254,0.0562016607110024,25,9.3559199999999,9.16800000000148,0.962432504992564,25
"refined","oracle_Z","mixture_fastica_start","ifeval_min30","balanced_moderate_dense_signed_cross","Cross",200,2000,10,"2-2-2-2-2-2-2-2-2-2",0.0914883183103846,0.0911008494337253,0.00216156643677117,25,0.151413927147851,0.150978418248298,0.0027181316699683,25,0.242718430605275,0.244291031872604,0.0274043414697834,25,0.067405118678738,0.0673309718873994,0.000680762798282337,25,0.08071336917522,0.0770771763955297,0.0140009515940025,25,0.0413882415217858,0.0414188225826829,0.00181572294482703,25,0.0338176523435783,0.0322877627110653,0.00614610615178645,25,0.460534685995996,0.458660858444856,0.00605082626401346,25,0.170185616889192,0.168491782186432,0.00761511093243288,25,0.491001575349846,0.489287011383072,0.00814021151868343,25,0.076697653505345,0.0766664881524717,0.00040993753884298,25,0.0959084999599886,0.0957579479509384,0.0021614905366633,25,1.08600369297752,1.0849098553801,0.00371292755919703,25,0.96994704140821,0.969952388083884,0.00115023295449844,25,6.10476000000141,6.02599999999802,0.21893440417946,25,6.10476000000141,6.02599999999802,0.21893440417946,25,0.0862400000009802,0.0860000000029686,0.000435889893524799,25,0.705040000000445,0.639999999999418,0.206071686555784,25,5.31347999999998,5.27900000000227,0.113785294889989,25
"refined","oracle_Z","mixture_fastica_start","ifeval_min30","balanced_moderate_dense_signed_cross","Cross",200,2000,10,"3-3-3-3-3-3-3-3-3-3",0.132563504041048,0.10288403894037,0.0812495725486317,25,0.140625857725021,0.132341188030958,0.0242450199849793,25,0.193654049019407,0.188830259101563,0.0244136976695124,25,0.071037376911785,0.0709603076082359,0.000638938449818008,25,0.102252266846106,0.0958643397863225,0.0274431182628314,25,0.0896363512367546,0.0773290392047137,0.0351788920970929,25,0.0371526047389262,0.0375007368053213,0.00885411257006699,25,0.441669640940852,0.441941411607575,0.00469710817160983,25,0.133472515052038,0.133075863486382,0.00355098387438174,25,0.461404749307933,0.460956170181868,0.00519682779908051,25,0.0812478968469767,0.0812151823711865,0.000518501575691688,25,0.0963514444226316,0.0955102093099193,0.00250638973283033,25,1.07257848363718,1.07275626689469,0.0026035571055348,25,0.96955311713461,0.969625115456188,0.00122165630469883,25,6.72084000000148,6.56500000000233,0.400168160488135,25,6.72084000000148,6.56500000000233,0.400168160488135,25,0.0848800000012852,0.0850000000064028,0.000725718033879875,25,1.22012000000163,1.06299999999464,0.395383391997039,25,5.41583999999857,5.40399999999499,0.0884918451984133,25
"refined","oracle_Z","mixture_fastica_start","ifeval_min30","balanced_moderate_dense_signed_cross","Cross",200,2000,5,"2-2-2-2-2",0.0743900871202135,0.0743917407808695,0.0028941171393456,25,0.176893431699156,0.175317596108487,0.00782077398082835,25,0.244128485024876,0.237029082009854,0.0439416999528093,25,0.0529905635905673,0.0530454754432259,0.000530029655268556,25,0.0822529340051834,0.0776419268355648,0.0286877574577127,25,0.0410220388127121,0.0408419675522113,0.0025834088340684,25,0.0340502799655938,0.0330151465180907,0.0115728896110605,25,0.361981446505918,0.362826816119519,0.00904608907699671,25,0.187651064541368,0.191500813426578,0.0129154163631753,25,0.407804841336852,0.40946707459072,0.0135936236345495,25,0.0535816419187787,0.05362469484489,0.000418962057458606,25,0.074228050719458,0.074334738594759,0.00195010324193347,25,1.06421402352566,1.06457871727308,0.00519837597811285,25,0.983373889877573,0.98332713443942,0.00110758425290328,25,5.37868000000006,5.37400000000071,0.118587773400136,25,5.37868000000006,5.37400000000071,0.118587773400136,25,0.0863999999999942,0.0860000000002401,0.000707106781201982,25,0.353400000000074,0.353000000000065,0.0120692446600348,25,4.93887999999999,4.92399999999998,0.118315369528443,25
"refined","oracle_Z","mixture_fastica_start","ifeval_min30","balanced_moderate_dense_signed_cross","Cross",200,2000,5,"3-3-3-3-3",0.115273038444367,0.0854416608917582,0.104358086478632,25,0.152802608186085,0.141179069497539,0.0408969661372589,25,0.172570482458051,0.167163773278063,0.0254428982918036,25,0.0564056992682335,0.0561714685994073,0.000847497102052616,25,0.107316031279457,0.0944978313061558,0.0577674836934252,25,0.0853174630723749,0.0732536747517818,0.0443145677028867,25,0.0402550929115556,0.0354702229517287,0.0245134761491138,25,0.317363843104334,0.314858367762338,0.00718439416644564,25,0.129342476338327,0.128368609187306,0.00562910940466056,25,0.342725787686798,0.339596284502067,0.00843417195392503,25,0.0579425548894361,0.0578715862601091,0.00033174853679531,25,0.0793454924950337,0.0791993003613466,0.002659033862711,25,1.04141975122519,1.04024413681544,0.00292086787455913,25,0.983874555443308,0.983788867591035,0.00112029762064924,25,11.0544400000002,11.3549999999996,1.4126668066696,25,11.0544400000002,11.3549999999996,1.4126668066696,25,0.131839999999793,0.130000000001019,0.00498062914401157,25,0.71760000000053,0.69800000000032,0.0870234642686076,25,10.2049999999999,10.5469999999987,1.39171614682495,25
"refined","oracle_Z","mixture_fastica_start","ifeval_min30","balanced_moderate_dense_signed_cross","Cross",200,500,10,"2-2-2-2-2-2-2-2-2-2",0.126110975261734,0.126035487077316,0.00263334034302995,25,0.142174310580003,0.141830189342553,0.00289519246314737,25,0.223336816645262,0.225236264643774,0.0231361495112945,25,0.0732535006160587,0.0732015891180148,0.000958205695386776,25,0.0772960738886119,0.0758508252995583,0.0165663527083321,25,0.0352512498464278,0.035267836355993,0.00160414659050856,25,0.0325340528439469,0.0308625980786218,0.00719774240908207,25,0.541667304671492,0.540063530237903,0.011183251883791,25,0.163217708442966,0.165033186635514,0.00527293355923674,25,0.565739438874391,0.563721683686806,0.0115978982703409,25,0.0877808077482149,0.0878848576987184,0.000943453622527558,25,0.162039543438577,0.162563078992967,0.00381566038729594,25,1.11357148381507,1.11319871121234,0.00642810115959491,25,0.962099609899862,0.962621341648046,0.00231179427398818,25,4.1192399999997,4.02100000000064,0.252949645845736,25,4.1192399999997,4.02100000000064,0.252949645845736,25,0.030559999999823,0.0309999999954016,0.000583095189769698,25,0.687199999999721,0.583999999995285,0.271340653055033,25,3.40148000000016,3.39699999999721,0.054652020395356,25
"refined","oracle_Z","mixture_fastica_start","ifeval_min30","balanced_moderate_dense_signed_cross","Cross",200,500,10,"3-3-3-3-3-3-3-3-3-3",0.166299765754485,0.158171872514871,0.0442430466368974,25,0.129213530833479,0.126066985398298,0.0175377213407308,25,0.184634460917048,0.185466359249157,0.0159405872222967,25,0.0815499922529742,0.08150888103474,0.000737654554430311,25,0.103771629364235,0.102504955340333,0.0149763695737595,25,0.0665352605428346,0.0641569728530762,0.0152964715216294,25,0.0408201388945955,0.0423613567691892,0.00679200118678009,25,0.566789368897829,0.568094295210944,0.012690841715196,25,0.147712608428562,0.147580759738414,0.00586116821938987,25,0.585741924121206,0.585331890692,0.0130382465126278,25,0.0930543134431535,0.0930898257229635,0.000854930859150909,25,0.167893763185479,0.167801799251269,0.00501966946415846,25,1.12349893486374,1.12324201235054,0.00633933375273567,25,0.961865948815618,0.962133614570766,0.00217169998850843,25,4.43564000000537,4.35600000001432,0.369333169375367,25,4.43564000000537,4.35600000001432,0.369333169375367,25,0.0302800000022398,0.0299999999988358,0.00045825756845106,25,1.00740000000282,0.946000000010827,0.278844042432718,25,3.39796000000031,3.38999999999942,0.230481467080659,25
"refined","oracle_Z","mixture_fastica_start","ifeval_min30","balanced_moderate_dense_signed_cross","Cross",200,500,5,"2-2-2-2-2",0.111136351341029,0.111166726292349,0.00254273924365171,25,0.173444737324436,0.172507010316756,0.00615242070342358,25,0.233101392456405,0.234109184390962,0.0339264623122877,25,0.0571225368527201,0.0569879840314598,0.000870543891553433,25,0.0742731592870404,0.0716209792564915,0.0240185524202022,25,0.0359969673587794,0.0360617751433841,0.00178791454376419,25,0.0309284735912268,0.0292403856054139,0.0101770501099027,25,0.386816197776583,0.387474048945584,0.00571780171447612,25,0.170639145317177,0.172921720667481,0.0114409277454229,25,0.42287127733523,0.422208139360132,0.00920915206788643,25,0.0596569493678955,0.0595285388716435,0.000729190449938004,25,0.126328578668739,0.126179491404862,0.00278679313473974,25,1.06583926878827,1.06618781870564,0.004049585606193,25,0.97925123771377,0.978973617254588,0.00224861177130177,25,3.4812400000002,3.45300000000043,0.132845235769614,25,3.4812400000002,3.45300000000043,0.132845235769614,25,0.0304400000000533,0.0300000000002001,0.000506622805099562,25,0.34700000000008,0.316000000000258,0.0905584525781,25,3.10380000000006,3.0890000000004,0.0666564575516575,25
"refined","oracle_Z","mixture_fastica_start","ifeval_min30","balanced_moderate_dense_signed_cross","Cross",200,500,5,"3-3-3-3-3",0.130060270108556,0.130071237741508,0.00509217688433487,25,0.137925777651035,0.138810225952602,0.0065974112695998,25,0.175505974269618,0.171989776916489,0.0234879058982746,25,0.0625195727480723,0.0627511361737655,0.000843611055941989,25,0.09602079122732,0.0929571035033266,0.0147625772004474,25,0.0650956670126163,0.0614291203025502,0.00868490755651421,25,0.0379368319209247,0.0369605242895248,0.00796571800267105,25,0.377161076333466,0.376493137330252,0.00872995929180433,25,0.129566169520905,0.129218220422516,0.00468306607877278,25,0.398809893391319,0.398150315672508,0.0092846358186026,25,0.0648068781593731,0.0649504147706999,0.000733581267337631,25,0.132358270243932,0.132016219227538,0.00457924229275471,25,1.05663547704045,1.05657969455185,0.00415497492518295,25,0.979455121165544,0.979016499207328,0.00210933775120988,25,4.10180000000008,4.1150000000016,0.0719560050776872,25,4.10180000000008,4.1150000000016,0.0719560050776872,25,0.0311199999999371,0.0309999999990396,0.000331662479231079,25,0.510079999999871,0.495999999999185,0.0442652233703111,25,3.56060000000027,3.55900000000111,0.0557815680433084,25
"refined","oracle_Z","mixture_fastica_start","ifeval_min30","balanced_moderate_dense_signed_cross","Cross",400,1000,10,"2-2-2-2-2-2-2-2-2-2",0.10302310012263,0.103224289227801,0.00104666431359264,25,0.102806598701855,0.103155343286862,0.00232444484105213,25,0.159732141231558,0.154637448902684,0.0158994323718583,25,0.0583232676587361,0.0583079274024462,0.000446197236880975,25,0.0525093255028251,0.0498414254958569,0.0140459456720971,25,0.0204456457696926,0.0204348223817897,0.000435154548013232,25,0.0217573405630316,0.020509144364614,0.00617396733768817,25,0.407224843064614,0.408374243906137,0.00629922951562401,25,0.158344909063588,0.159840559481971,0.00720512099559552,25,0.43695323770371,0.439521093128197,0.00822732959725883,25,0.060933470727821,0.0608774946545211,0.000314096925603474,25,0.114819494445946,0.114813675608775,0.00106031797828583,25,1.07281963317905,1.07336467858751,0.00324627463279367,25,0.980679785519031,0.980528242737399,0.00122594608674117,25,5.66180000000168,5.64799999999377,0.107166148265158,25,5.66180000000168,5.64799999999377,0.107166148265158,25,0.223079999999609,0.222999999998137,0.00210000000037008,25,0.99788000000146,0.983000000000175,0.0675890277090134,25,4.44084000000061,4.43099999999686,0.0951414210536527,25
"refined","oracle_Z","mixture_fastica_start","ifeval_min30","balanced_moderate_dense_signed_cross","Cross",400,1000,10,"3-3-3-3-3-3-3-3-3-3",0.118953915007227,0.118820427353209,0.00217850809582236,25,0.0904857480988994,0.0904744710455741,0.00159764298310136,25,0.135635143751294,0.134477318951362,0.0134113296978676,25,0.0623516446706667,0.0622426103771992,0.000414163861761221,25,0.0658159806098055,0.0658666783016351,0.00851047286897293,25,0.0343413608451388,0.0346235992135408,0.00298367601858195,25,0.026973035707281,0.02590401886917,0.00340197169027561,25,0.352218360247662,0.352528662517539,0.00338364053227438,25,0.0965888367166625,0.0969593900949881,0.00298594171979967,25,0.365232395056297,0.365291374315862,0.00353914885424553,25,0.064146964403932,0.064212589616563,0.000307593243973812,25,0.115385746978686,0.115211878870408,0.00175640792175712,25,1.0460526424623,1.04579595550274,0.00151699846968688,25,0.981086408861444,0.981265355979626,0.00106418866832894,25,6.1403999999963,6.08599999998114,0.214899007285645,25,6.1403999999963,6.08599999998114,0.214899007285645,25,0.218159999998752,0.217999999993481,0.00321039976686029,25,1.26451999999874,1.21300000000338,0.166654362878045,25,4.65771999999881,4.6310000000085,0.099759093151816,25
"refined","oracle_Z","mixture_fastica_start","ifeval_min30","balanced_moderate_dense_signed_cross","Cross",400,1000,5,"2-2-2-2-2",0.0893060014686349,0.0887663603530655,0.00146183170224795,25,0.119784853317349,0.120036701641302,0.00332792006637888,25,0.165776026386606,0.160421334979375,0.0197911708360195,25,0.0438154634939877,0.0438416852847803,0.000380440055943727,25,0.0568382335585086,0.0597427329086289,0.0159295322549612,25,0.0210631556125504,0.02112646986627,0.000731885908371385,25,0.0237851718332193,0.0238746727722932,0.0069458979925357,25,0.334876372400304,0.335301431943936,0.00652626899766879,25,0.181200884600304,0.182816291641688,0.00860570937409323,25,0.380791715576988,0.38183310157942,0.00944276199226054,25,0.0421708431635707,0.0422342109422894,0.000259127457161937,25,0.0923303529678947,0.0924520822494571,0.00194644230803129,25,1.06087327369928,1.06158139916859,0.00349507833778047,25,0.990467251038427,0.990626513339013,0.00100259824383603,25,4.84808000000012,4.83099999999831,0.104355530120376,25,4.84808000000012,4.83099999999831,0.104355530120376,25,0.223680000000022,0.222999999999956,0.0040178767195587,25,0.55919999999991,0.539999999999054,0.0975696332540639,25,4.06520000000019,4.0619999999999,0.0775193524227176,25
"refined","oracle_Z","mixture_fastica_start","ifeval_min30","balanced_moderate_dense_signed_cross","Cross",400,1000,5,"3-3-3-3-3",0.0990365147748025,0.0986730632430518,0.00200350130835172,25,0.0988517783098866,0.0981554079465004,0.00402200352345577,25,0.126752469505939,0.125157520375295,0.0147913467837184,25,0.0470052628104932,0.0470930888259067,0.000417351402452111,25,0.0622410976505574,0.060894926343735,0.0139585291819594,25,0.0340800606502238,0.0338408213866438,0.00349077428286404,25,0.0256672732562986,0.0249968873829616,0.00614564371034446,25,0.257489125772237,0.257202561184067,0.00429092950671014,25,0.0971632153759783,0.0984915301075488,0.00381914913124526,25,0.275225623516732,0.274746250988758,0.00498691308670604,25,0.0453037116827487,0.0452819488830207,0.000295220226086508,25,0.0959578519727277,0.0959118972054592,0.0017388235205715,25,1.02763869871895,1.02759497760592,0.00186737207124206,25,0.990405306245073,0.990609620287446,0.0012603617262456,25,46.151480000001,10.3890000000029,178.798165364171,25,46.151480000001,10.3890000000029,178.798165364171,25,36.2792800000003,0.336999999999534,179.698817344355,25,0.987720000000554,1.0089999999982,0.1397439682655,25,8.88448000000018,8.60399999999936,4.63184431517286,25
"refined","oracle_Z","mixture_fastica_start","ifeval_min30","balanced_moderate_dense_signed_cross","Cross",400,1500,10,"2-2-2-2-2-2-2-2-2-2",0.0925376237036511,0.0926946702457763,0.00142464019711465,25,0.105231629636448,0.105161494702526,0.0020111296887427,25,0.170654407582139,0.161534643463523,0.0244897021570722,25,0.0559554945134639,0.0559356544471845,0.000397999465117469,25,0.0573177752047842,0.0566821350178871,0.0116781219703962,25,0.0216838143824923,0.0215960317601759,0.000712398054025904,25,0.0239796571849204,0.0239008367983947,0.00499750367466391,25,0.395955564149968,0.394907367710262,0.00662603715012597,25,0.159537227849329,0.157652199015143,0.00717185157498785,25,0.426909836300703,0.426245308224997,0.00868750007618708,25,0.0580750778368221,0.0580340065765907,0.000269345302891837,25,0.0995780373403552,0.0994736449435655,0.00137710298503512,25,1.07105089100895,1.07073004678221,0.00357429081803868,25,0.9829650425913,0.982785375422485,0.000811530817607764,25,6.46699999999808,6.4210000000021,0.159803003726285,25,6.46699999999808,6.4210000000021,0.159803003726285,25,0.289839999999385,0.288999999997031,0.00489625707369439,25,1.00147999999899,0.998999999996158,0.0199167433751595,25,5.1756799999997,5.14099999999598,0.158589543582069,25
"refined","oracle_Z","mixture_fastica_start","ifeval_min30","balanced_moderate_dense_signed_cross","Cross",400,1500,10,"3-3-3-3-3-3-3-3-3-3",0.103323418554307,0.103018729492389,0.00163923667467629,25,0.0919482713587212,0.0915445067956179,0.00255362888449487,25,0.136057412458456,0.139747395406991,0.0108725212145177,25,0.0590422193655801,0.0589588133021927,0.000344385161716541,25,0.0643652870240145,0.0666563685924733,0.00645158153787024,25,0.0370694778884384,0.0369052906871256,0.00294102661281972,25,0.0263827867189099,0.0262309455747838,0.00403252776355292,25,0.336689463840761,0.337200665873803,0.00450407588037633,25,0.0992117385147057,0.0994129114386613,0.00423518805265343,25,0.35101937429503,0.351504827217656,0.00508854582799417,25,0.0610268571830701,0.0610674467395789,0.000306519934164032,25,0.0989452342166277,0.0988222920160579,0.00168538838745375,25,1.04293685781968,1.04353630136266,0.0019332122204456,25,0.982762220969668,0.982623319357456,0.000800184086969996,25,7.05387999999977,6.92699999999604,0.377828700160544,25,7.05387999999977,6.92699999999604,0.377828700160544,25,0.285559999999241,0.284999999988941,0.00556087523088252,25,1.37743999999948,1.24700000000303,0.368284432648558,25,5.39088000000105,5.35700000000361,0.154999010750095,25
"refined","oracle_Z","mixture_fastica_start","ifeval_min30","balanced_moderate_dense_signed_cross","Cross",400,1500,5,"2-2-2-2-2",0.0785395963927653,0.0782196492137125,0.00155994906399422,25,0.123741567756666,0.123886025311279,0.00390146665401983,25,0.174180843344218,0.176306796613289,0.0211357529055691,25,0.0424819376651933,0.0425524895968681,0.000384967392202714,25,0.0586422813088197,0.0563401768286912,0.0185983692854728,25,0.0214197939658938,0.0213820667657559,0.000738258571331641,25,0.0245630156027983,0.023769728626964,0.00784008533831577,25,0.332600364759922,0.334248674206978,0.00666599613642287,25,0.180592159757877,0.181050708913297,0.00819562328093789,25,0.378500519908317,0.379682125257791,0.00918710765696648,25,0.0408005996084953,0.0408230619274384,0.000285156249257597,25,0.0798469007040324,0.0799480169113482,0.00142973073228443,25,1.0604244014751,1.06080750877848,0.00341328760269941,25,0.990806758570272,0.990551702068047,0.00107500570019351,25,5.71459999999999,5.62400000000162,0.277969722571923,25,5.71459999999999,5.62400000000162,0.277969722571923,25,0.291320000000269,0.290999999999258,0.00377182537613332,25,0.55304000000011,0.55199999999968,0.0274749582952946,25,4.87023999999961,4.78999999999905,0.262059357143908,25
"refined","oracle_Z","mixture_fastica_start","ifeval_min30","balanced_moderate_dense_signed_cross","Cross",400,1500,5,"3-3-3-3-3",0.0856762027398802,0.085363458659466,0.00235995629960688,25,0.099171652212998,0.0988758168086454,0.00321283375750258,25,0.128317342389843,0.123208566175065,0.0212988175222971,25,0.0447300775458703,0.0447232946488229,0.000341819670991958,25,0.0597923283058071,0.0583208848414292,0.0162247714422399,25,0.0377374872856939,0.0370931677366962,0.00437031092679118,25,0.0230796083148045,0.0237021952709219,0.00670311966175686,25,0.247034498256092,0.246308059153071,0.00375846894332337,25,0.0974131875459884,0.097788428229159,0.00315904481839323,25,0.265559631876251,0.264387590446387,0.00415779652968514,25,0.0432862059537281,0.043241564874977,0.000295580201351625,25,0.0822002171267603,0.082515509013888,0.00205031810235349,25,1.02551257981713,1.02526008379932,0.00142137012352463,25,0.990790736755473,0.990476247252175,0.0010802077217026,25,10.9972800000012,13.4830000000002,3.72031291828937,25,10.9972800000012,13.4830000000002,3.72031291828937,25,0.296080000000075,0.296000000002095,0.00610273162978758,25,1.05812000000005,1.21100000000297,0.224110523327919,25,9.64308000000106,12.0020000000004,3.49756865455583,25
"refined","oracle_Z","mixture_fastica_start","ifeval_min30","balanced_moderate_dense_signed_cross","Cross",400,2000,10,"2-2-2-2-2-2-2-2-2-2",0.0850678261460544,0.0848118373116038,0.00140693581393682,25,0.106406562590691,0.106350291013147,0.00219755125223155,25,0.178303211867574,0.173985335726739,0.0243902432354005,25,0.0546495456314557,0.0546495475888516,0.000378405725011211,25,0.0571963175740574,0.0583476723654176,0.011554088058028,25,0.0219828582392286,0.0218741869153219,0.000752260815606333,25,0.0241433813840274,0.0246981780982658,0.00497359071614447,25,0.386808513953911,0.388127069411285,0.0069424095657882,25,0.157427056953154,0.156747882873516,0.00892332903407538,25,0.417659795318801,0.417875684865815,0.00952573487900903,25,0.0565427367938653,0.0565688098554205,0.000283500028501563,25,0.0896056059965765,0.0896045469287312,0.0016372720353666,25,1.06811158644772,1.06827599690904,0.00394338950488392,25,0.983627841789251,0.983401037219039,0.000838732538448595,25,7.36787999999826,7.30900000000111,0.38825295877767,25,7.36787999999826,7.30900000000111,0.38825295877767,25,0.354919999999984,0.355000000003201,0.00331561960035336,25,1.09367999999929,1.04099999999744,0.251326102901899,25,5.91927999999898,5.91700000000128,0.169489803035909,25
"refined","oracle_Z","mixture_fastica_start","ifeval_min30","balanced_moderate_dense_signed_cross","Cross",400,2000,10,"3-3-3-3-3-3-3-3-3-3",0.104321192857034,0.0949940434327415,0.0490953274655406,25,0.0954444507879144,0.0922109738212574,0.0171026623203377,25,0.130961627892685,0.129298438828891,0.0104574280654843,25,0.0571779768997907,0.0570834649860994,0.000308572060202728,25,0.0644287321288567,0.0605499388434469,0.0246879923635628,25,0.0431311349467698,0.0378646355790483,0.0247088405342476,25,0.0270275764739125,0.0260608858837705,0.00945794502316965,25,0.328266159455947,0.329504847380899,0.0053661347938494,25,0.100669560928934,0.100247928126679,0.0039478558759169,25,0.343365550611969,0.344406628021342,0.00610125707829763,25,0.0595625848019384,0.0596310969079497,0.000325124454827443,25,0.0895415126151157,0.0897636882165921,0.00197965856591287,25,1.04144925253658,1.04176299800178,0.00218508508841959,25,0.983796651287138,0.983801445149727,0.000910912536983807,25,8.11823999999848,7.88999999999942,0.691208559939085,25,8.11823999999848,7.88999999999942,0.691208559939085,25,0.353559999999707,0.353000000002794,0.00411379792071068,25,1.66088000000105,1.32600000000093,0.72868273388853,25,6.10379999999772,6.05299999999988,0.129246212066927,25
"refined","oracle_Z","mixture_fastica_start","ifeval_min30","balanced_moderate_dense_signed_cross","Cross",400,2000,5,"2-2-2-2-2",0.0703720963175181,0.070241417178829,0.00112834319065585,25,0.125158577327354,0.125439207868668,0.00499535885333375,25,0.180785645980212,0.173609710471285,0.0302478830725283,25,0.041615403717128,0.0416498385844818,0.000328764384565571,25,0.0550405059626967,0.0514590022281654,0.0199694561715202,25,0.0222308020236167,0.0219726610131934,0.00088410028731754,25,0.0231056175912941,0.0214767315805288,0.00850431469771777,25,0.333294266162945,0.333230654185084,0.00816497161964938,25,0.180740979357072,0.177544472605031,0.0111138528572645,25,0.379203566986405,0.377346177304875,0.0120589424047383,25,0.0399477663312036,0.0399470139284215,0.000249519184984801,25,0.0727083986826351,0.0725487675666059,0.00134805475381008,25,1.06121677699287,1.06059978491393,0.00439666556367286,25,0.99133318469917,0.991213431101912,0.000752221967629054,25,6.67451999999983,6.51800000000185,0.311033240452945,25,6.67451999999983,6.51800000000185,0.311033240452945,25,0.360839999999953,0.359999999998763,0.00783517708803041,25,0.596840000000011,0.590000000000146,0.0350828543117835,25,5.71683999999987,5.57200000000012,0.284088554269051,25
"refined","oracle_Z","mixture_fastica_start","ifeval_min30","balanced_moderate_dense_signed_cross","Cross",400,2000,5,"3-3-3-3-3",0.0938332690353538,0.0771852200267134,0.0811253572443756,25,0.106176747059722,0.0996735398884875,0.0355176595893977,25,0.130358932781436,0.123465042013584,0.0195954743934681,25,0.0436648023604526,0.04363068793748,0.000460106411822989,25,0.0712705970206443,0.0632364441854998,0.0465617718722481,25,0.0490076336948721,0.0402239301194063,0.0439882386103394,25,0.0274550175995533,0.0259365206763167,0.012400370395999,25,0.2438317270091,0.243847823833387,0.00476323666560364,25,0.09949235564354,0.0993901524615923,0.00403842026591027,25,0.263364408173069,0.26285286370304,0.00552134180319981,25,0.0424659210061183,0.0424291431165885,0.000293810392203655,25,0.0750818390665668,0.0748635591677884,0.00209584951049213,25,1.02544368241529,1.025053238325,0.00158639249618276,25,0.991268282993402,0.991148372116703,0.000736834448674219,25,7.3602800000002,7.28199999999924,0.901857459173733,25,7.3602800000002,7.28199999999924,0.901857459173733,25,0.363080000000191,0.365000000005239,0.00786299349237332,25,0.835639999999839,0.830999999998312,0.0610367921838123,25,6.16156000000017,6.09300000000076,0.846438276938476,25
"refined","oracle_Z","mixture_fastica_start","ifeval_min30","balanced_moderate_dense_signed_cross","Cross",400,500,10,"2-2-2-2-2-2-2-2-2-2",0.122028076949915,0.122160216452985,0.0013307257157024,25,0.0995943126206387,0.0992159791195158,0.00248324811289608,25,0.161933915852243,0.159820987373648,0.0134816900365333,25,0.0633723545748624,0.0634043813683438,0.000535478221318792,25,0.0536799374557223,0.0530215387751471,0.0123672657751309,25,0.0195604253680713,0.0194890172681189,0.000339797595712032,25,0.0223825970858674,0.0228582589021061,0.00540970913765527,25,0.432333087625201,0.432479884653945,0.00468731899493826,25,0.13503580848854,0.13453803806232,0.00515917839637611,25,0.452954109549791,0.453748512849058,0.0051828472600111,25,0.0693086806364465,0.0692728418893499,0.000514822127108164,25,0.154902542905683,0.15447776884388,0.00200275688896264,25,1.07447310706224,1.07462802320386,0.00238366916272243,25,0.975779401029083,0.975827175543172,0.00146685113121187,25,4.83696000000142,4.75399999999354,0.441192369230137,25,4.83696000000142,4.75399999999354,0.441192369230137,25,0.119520000000775,0.119000000006054,0.000822597511793469,25,1.04016000000091,0.94999999999709,0.442044085282343,25,3.67727999999974,3.66399999999703,0.067479330169454,25
"refined","oracle_Z","mixture_fastica_start","ifeval_min30","balanced_moderate_dense_signed_cross","Cross",400,500,10,"3-3-3-3-3-3-3-3-3-3",0.161240715136984,0.152668756261665,0.0426104043410643,25,0.0922438966564731,0.0878132946321742,0.0217231739296896,25,0.131178133404728,0.13025663382277,0.0118059737524585,25,0.0713636425778564,0.0716354316994361,0.000777327423675701,25,0.0632767768294593,0.0629031052687999,0.0135795715629391,25,0.0318753366361589,0.0279888308063142,0.0178139214639004,25,0.0281081134630217,0.0280716847461181,0.00557601922489846,25,0.413652405341205,0.412001414819785,0.00831461876425561,25,0.0957342809525318,0.0965213177460835,0.0038974279912539,25,0.424598940935888,0.423752447097938,0.00854243495255325,25,0.0722969875316616,0.0721121620063994,0.000726982995002711,25,0.157701289090268,0.157123500813847,0.0033038271668916,25,1.06349527143034,1.06290683623748,0.00371924185350367,25,0.976550260271942,0.976451685236373,0.00151888455339324,25,5.16575999999943,5.10599999999977,0.275772140244546,25,5.16575999999943,5.10599999999977,0.275772140244546,25,0.11792000000074,0.11699999999837,0.00399916657895968,25,1.24043999999936,1.21499999999651,0.13280784364505,25,3.80739999999932,3.78299999999581,0.214490870047718,25
"refined","oracle_Z","mixture_fastica_start","ifeval_min30","balanced_moderate_dense_signed_cross","Cross",400,500,5,"2-2-2-2-2",0.108416282198442,0.108061938284317,0.00201917735746146,25,0.119939424250236,0.120471668920764,0.00407159451783567,25,0.172596785289977,0.170414468799216,0.0218856435496724,25,0.0477718030125908,0.0479408726641766,0.000651916764151067,25,0.0569645094137771,0.0617013800311762,0.0175657313687686,25,0.0199316537558094,0.0199148169053916,0.000631850640962761,25,0.0237970692290222,0.0255685353499574,0.00738449209573725,25,0.337023885626065,0.33778075408729,0.00637181485445256,25,0.154720677452021,0.151735812638257,0.009144039473518,25,0.370892015989737,0.369540646649253,0.00923900990747658,25,0.0470453069695262,0.0469779365504373,0.000418818520547589,25,0.122738645299233,0.123069481807063,0.00230327268767028,25,1.05431216649005,1.05448682493368,0.00331693419210528,25,0.98739161107541,0.987234379904176,0.00131272652092355,25,4.04016,4.02800000000116,0.0907573137549375,25,4.04016,4.02800000000116,0.0907573137549375,25,0.120120000000024,0.119999999999891,0.000927361849519468,25,0.521119999999973,0.518000000000029,0.0176288589155809,25,3.39892,3.38000000000011,0.0851772270034884,25
"refined","oracle_Z","mixture_fastica_start","ifeval_min30","balanced_moderate_dense_signed_cross","Cross",400,500,5,"3-3-3-3-3",0.126963715327641,0.127021429087415,0.00344751344354211,25,0.0975205773147934,0.0968765860926799,0.00443349762480787,25,0.13234012406112,0.128445846106377,0.0176822293996949,25,0.0526295951561114,0.0525795510569382,0.000739066819541824,25,0.0662648961720797,0.062830675251723,0.0151161355543075,25,0.0287647548485632,0.0284675082658057,0.00438327107644489,25,0.0276555461608063,0.0271323445039066,0.00646638739252082,25,0.29138101993554,0.290960102877372,0.00493148783830449,25,0.0926899356797057,0.0935458600372313,0.00347306862359946,25,0.30578309973081,0.305642454048024,0.00519869583466574,25,0.0502291416688284,0.0501998729065835,0.000411181424291147,25,0.12747843923946,0.127578770848725,0.00298147662759731,25,1.03290354579698,1.03261950723974,0.0020102144936509,25,0.987099211095825,0.98693616289068,0.00194811306975175,25,8.50967999999964,8.38499999999476,0.58266419145175,25,8.50967999999964,8.38499999999476,0.58266419145175,25,0.1823199999996,0.181000000000495,0.00282429932282907,25,0.982360000000044,0.989000000001397,0.0386758753405179,25,7.345,7.25,0.558629125627932,25
"refined","oracle_Z","mixture_identity_start","ifeval_min30","balanced_moderate_dense_signed_cross","Cross",100,1000,10,"2-2-2-2-2-2-2-2-2-2",0.14105078075635,0.132478801761377,0.0446861287202899,25,0.182653803398803,0.180181394964627,0.0125733640253286,25,0.283792063405297,0.276455872671336,0.0281555228911592,25,0.0970978462742936,0.0971284851549385,0.00123276743340369,25,0.117319680027505,0.111017800551288,0.0521665484281596,25,0.0839257237313685,0.0787022843069174,0.0216751895229837,25,0.0496027914619019,0.0475358438377944,0.0282368111444145,25,0.706786463906576,0.698156066696333,0.0267519510487588,25,0.221568698041698,0.220369809123347,0.00840112796734348,25,0.740721577927171,0.731527676373428,0.0275025284658501,25,0.111126495292446,0.110936957298058,0.00136279782377071,25,0.137561588158752,0.137342769692898,0.00548569284594712,25,1.19181203480549,1.18730220244246,0.0175957698972726,25,0.938319581939339,0.938249520214605,0.00245072886878339,25,5.03407999999996,4.94999999999709,0.31222093139259,25,5.03407999999996,4.94999999999709,0.31222093139259,25,0.0112400000006892,0.010999999998603,0.000435889894665432,25,0.693600000000151,0.597000000001572,0.227692592471858,25,4.32923999999912,4.25,0.257853039539086,25
"refined","oracle_Z","mixture_identity_start","ifeval_min30","balanced_moderate_dense_signed_cross","Cross",100,1000,10,"3-3-3-3-3-3-3-3-3-3",0.163536525215282,0.154649725666798,0.0406666690798807,25,0.17245670302562,0.170002923231328,0.0140457078144381,25,0.258895594204825,0.257357256580947,0.024854784427984,25,0.102534966564253,0.102642086749659,0.00121154983118565,25,0.184232669108685,0.179282490233417,0.0464394114563373,25,0.173496582557192,0.172374539082727,0.0239733488366338,25,0.0541855102483053,0.0489940065374046,0.0163695911003439,25,0.780762138697338,0.78199204262316,0.0268376809675444,25,0.240973346819714,0.241126827126966,0.0141030823105794,25,0.817139427696907,0.818568297679695,0.0292834305443309,25,0.117919710978672,0.118170615819202,0.000952751589448159,25,0.144001043989406,0.144204703317444,0.00639345750817457,25,1.24100674116261,1.24076302690834,0.0181623081839152,25,0.938840688370483,0.938759062289148,0.00234478463324848,25,5.7449600000013,5.28600000000733,1.22971102567378,25,5.7449600000013,5.28600000000733,1.22971102567378,25,0.0112400000015623,0.011000000005879,0.000435889894164667,25,1.08444000000018,0.983000000000175,0.3519903028959,25,4.64927999999956,4.03699999999662,1.10229455833448,25
"refined","oracle_Z","mixture_identity_start","ifeval_min30","balanced_moderate_dense_signed_cross","Cross",100,1000,5,"2-2-2-2-2",0.107795443321907,0.106795061119526,0.00782367413553465,25,0.19925486324111,0.200478504130008,0.00695693783795708,25,0.279197674546432,0.269547364416217,0.0442990984353362,25,0.0750039590577501,0.07508627364149,0.00112954871013107,25,0.108570868835381,0.107031773445927,0.028071943144958,25,0.0750959197687486,0.0757187703045014,0.00404299695548731,25,0.0448319225906,0.0444953852463026,0.0129925025344564,25,0.460400244298196,0.458052829954951,0.0100375141260055,25,0.21043114529708,0.209013095154886,0.0102380380220136,25,0.506273232942697,0.501898392923379,0.0118326796109477,25,0.0760164815580854,0.0757128984315994,0.00103120160891891,25,0.101742450299413,0.101549268785781,0.00565530610807132,25,1.09021160249677,1.0905135183903,0.00631610562531611,25,0.966876670162941,0.96715810393873,0.00262273215696896,25,3.76488000000002,3.74499999999989,0.0819010174947112,25,3.76488000000002,3.74499999999989,0.0819010174947112,25,0.0109999999999945,0.0109999999999673,0.000408248290465812,25,0.286160000000009,0.23599999999999,0.0878391901905795,25,3.46772000000002,3.48300000000006,0.0510494204994655,25
"refined","oracle_Z","mixture_identity_start","ifeval_min30","balanced_moderate_dense_signed_cross","Cross",100,1000,5,"3-3-3-3-3",0.129943530261847,0.127479473495226,0.0163233796329642,25,0.182639698019616,0.182301499420819,0.00789376575522304,25,0.261144926124427,0.258907748785363,0.0394911948205711,25,0.0807107035893992,0.0807053187227685,0.00154988979441604,25,0.160501472892365,0.15403053886441,0.0427922291797814,25,0.155580774154421,0.151790897019496,0.0205624961365317,25,0.0553492411719316,0.0498908392991215,0.0278916582996381,25,0.4926441411123,0.493521014764611,0.0182414676421916,25,0.191397844304266,0.191231743649556,0.00932092107978949,25,0.528545803765562,0.528942454166196,0.0197263408254545,25,0.083760641364169,0.0836747978619678,0.00099208432314754,25,0.111702310493349,0.113269530356179,0.00649223540486803,25,1.10048556440347,1.10092246408735,0.00991989027642554,25,0.96675803763654,0.966397242014245,0.00205064915221567,25,4.01276000000034,4.06099999999969,0.711741893760654,25,4.01276000000034,4.06099999999969,0.711741893760654,25,0.0109999999999854,0.011000000000422,0.000408248290547034,25,0.41556000000026,0.3700000000008,0.107231867154284,25,3.5862000000001,3.6969999999983,0.655109278416042,25
"refined","oracle_Z","mixture_identity_start","ifeval_min30","balanced_moderate_dense_signed_cross","Cross",100,1500,10,"2-2-2-2-2-2-2-2-2-2",0.125034948928951,0.123332971288972,0.00812238331635457,25,0.180766743152352,0.180533333971951,0.00406785276750822,25,0.287429555761887,0.284978998535178,0.0306080831772008,25,0.0957711261101083,0.095875602523211,0.000766759472715508,25,0.115105474430606,0.117406229799292,0.0220841721702084,25,0.0820162259919692,0.0805704614540308,0.00583478192001197,25,0.0472894764840752,0.0474949686458447,0.0100834822382665,25,0.675160206971822,0.673380459117128,0.0169595209962477,25,0.217301007974062,0.217992953743603,0.00729620940375926,25,0.709288955227445,0.707985223474493,0.0176019873481092,25,0.108373925367094,0.10842859361821,0.000845603611049999,25,0.124095098401241,0.123419121989577,0.00441602484091409,25,1.1744616277353,1.17319207238932,0.0110149867600196,25,0.940224167327969,0.940636779905809,0.00167572155838761,25,5.3218399999995,5.19599999999627,0.392527884359196,25,5.3218399999995,5.19599999999627,0.392527884359196,25,0.0159599999999045,0.0160000000032596,0.000454606056685486,25,0.742479999999632,0.750999999996566,0.176400141723476,25,4.56339999999997,4.42599999999948,0.298333985102151,25
"refined","oracle_Z","mixture_identity_start","ifeval_min30","balanced_moderate_dense_signed_cross","Cross",100,1500,10,"3-3-3-3-3-3-3-3-3-3",0.150138640159934,0.150846901407396,0.00861773054355726,25,0.170836900126876,0.169997558049208,0.00317431303959237,25,0.26207828193747,0.254975814558132,0.0336191001937714,25,0.100900132831553,0.100818217081876,0.00105617895073256,25,0.18247941138251,0.189931490210483,0.0339334432713563,25,0.173702810646827,0.173469571555033,0.0167350441001907,25,0.0571847303307179,0.0515577075092295,0.0184914635577636,25,0.755969990880082,0.755895202065734,0.0242493500611439,25,0.235903822869503,0.234916766953279,0.0121357023276054,25,0.791950436944159,0.791033191112161,0.0262527811826242,25,0.115883840008274,0.116018552130549,0.000949186321473313,25,0.12747171355896,0.125838104743417,0.00656785993224657,25,1.22611312022203,1.22531512159206,0.0169571596696688,25,0.940198452105276,0.94066143020525,0.00202770757799338,25,5.95087999999931,5.66599999999744,0.810397706890986,25,5.95087999999931,5.66599999999744,0.810397706890986,25,0.0159200000000419,0.0160000000032596,0.00040000000017244,25,1.10043999999965,0.989000000001397,0.428522469265912,25,4.83451999999961,4.56599999999889,0.683249595682533,25
"refined","oracle_Z","mixture_identity_start","ifeval_min30","balanced_moderate_dense_signed_cross","Cross",100,1500,5,"2-2-2-2-2",0.100331659265672,0.0988315793564646,0.00887619113462017,25,0.20808477666867,0.206371284081761,0.00961157861367696,25,0.300039336823112,0.284129485832865,0.064754070787716,25,0.0750801802842593,0.0749829128193239,0.000846277764243405,25,0.111451405411554,0.0987774256675981,0.0420796112646418,25,0.0779211733131431,0.0771775868837778,0.00419685177741096,25,0.0450249227481826,0.0402502299796448,0.0161191608803826,25,0.446737625156551,0.448344869337992,0.0119925876587273,25,0.208767132732985,0.211201677530987,0.011238931507426,25,0.49315713347032,0.496201725600572,0.0149162054623028,25,0.0747272914301649,0.074533079777729,0.000875037506134782,25,0.0889439992376298,0.0897233845743237,0.00443908595157655,25,1.08539448529631,1.08749017780577,0.00649896455853584,25,0.968019978672067,0.968545724950885,0.00232934438530845,25,4.35348000000001,4.34899999999993,0.109017246342067,25,4.35348000000001,4.34899999999993,0.109017246342067,25,0.0156800000000203,0.0160000000000764,0.000476095228593288,25,0.285759999999991,0.259999999999991,0.073923541581844,25,4.05204,4.05899999999997,0.0728580125998747,25
"refined","oracle_Z","mixture_identity_start","ifeval_min30","balanced_moderate_dense_signed_cross","Cross",100,1500,5,"3-3-3-3-3",0.118771878128283,0.11873794906438,0.013182156809445,25,0.182631954440137,0.181801688989413,0.00469776243227909,25,0.247533724498156,0.24402223031032,0.0265917304036829,25,0.0791261497283049,0.079168877190915,0.00127003003951792,25,0.158055495605435,0.146806103450258,0.0388350091609609,25,0.15766839574621,0.151102308421952,0.0265114059304122,25,0.0510309437392883,0.0457704746818504,0.0186060535438359,25,0.472721370792852,0.47224490821853,0.0152110823139497,25,0.188447900699497,0.188510068489848,0.00745902933668727,25,0.508922709857365,0.507225262287374,0.0161798051791859,25,0.0817868881626037,0.0817930520897878,0.000809298901926069,25,0.0960358873876232,0.095849124997704,0.00495853768819251,25,1.0923815936821,1.09201380984561,0.0068418783073102,25,0.967794753997068,0.968542196335143,0.00203858561785743,25,4.23039999999943,4.51699999999983,0.618048676615816,25,4.23039999999943,4.51699999999983,0.618048676615816,25,0.0157599999996455,0.0159999999996217,0.0004358898944846,25,0.448640000000159,0.436000000001513,0.126306795805388,25,3.76599999999962,4.07500000000073,0.590033332391787,25
"refined","oracle_Z","mixture_identity_start","ifeval_min30","balanced_moderate_dense_signed_cross","Cross",100,2000,10,"2-2-2-2-2-2-2-2-2-2",0.121244540743886,0.121336765656962,0.00828866732079088,25,0.180626006778545,0.180622778628362,0.00375862621314205,25,0.290751233091806,0.284561513398002,0.0374590837556348,25,0.0951071197375527,0.0952495567257549,0.000962793778598252,25,0.10733213526403,0.103929833737415,0.0236181926572901,25,0.0824591354424808,0.0819539414451748,0.00310954068379725,25,0.044109826066465,0.0423060643649937,0.0103811707321004,25,0.651524063305905,0.64829988761496,0.014186499488825,25,0.214367150084675,0.214181205521949,0.00654101956142582,25,0.685907115454371,0.681637268758857,0.0145268826802423,25,0.106909077923583,0.106657350551436,0.000978161807457721,25,0.113681427517083,0.113230925427703,0.00552446336723217,25,1.16177076834937,1.15927621643214,0.00871663345707974,25,0.94129023078453,0.941396695493697,0.00161082451223676,25,5.86567999999999,5.77599999999802,0.28494001123016,25,5.86567999999999,5.77599999999802,0.28494001123016,25,0.0206800000002841,0.0210000000006403,0.000556776436222193,25,0.792999999999884,0.728000000002794,0.172085976573529,25,5.05199999999983,4.96799999999348,0.251210734909086,25
"refined","oracle_Z","mixture_identity_start","ifeval_min30","balanced_moderate_dense_signed_cross","Cross",100,2000,10,"3-3-3-3-3-3-3-3-3-3",0.142112734600366,0.141525369200707,0.0101547273383629,25,0.170094094793736,0.169875922731888,0.0031512489761978,25,0.259385329939634,0.25337697374073,0.0240926797182043,25,0.0997688002332741,0.0999492715660943,0.000940293452095786,25,0.181780367705329,0.176776010353165,0.0347101714572058,25,0.17361408381099,0.174305473310954,0.0181809108413257,25,0.0539825671823486,0.0483317930246893,0.0145516488062813,25,0.723912344121375,0.722345992456275,0.0207709402074539,25,0.225570496927262,0.224238954680296,0.00878401564350875,25,0.75825942986888,0.758121206029914,0.0219377747524673,25,0.114390955922827,0.114351910112784,0.00076123771072204,25,0.115608483022746,0.11411084482696,0.00608709665245273,25,1.20562006258951,1.20556129264715,0.013893701196134,25,0.940879636799295,0.941009051213551,0.00125041599202094,25,6.59227999999974,6.38699999999517,0.662077696850002,25,6.59227999999974,6.38699999999517,0.662077696850002,25,0.0208400000008987,0.0210000000006403,0.000553774923300046,25,1.18156000000075,1.05400000000373,0.423553723472607,25,5.38987999999808,5.00100000000384,0.6456988023319,25
"refined","oracle_Z","mixture_identity_start","ifeval_min30","balanced_moderate_dense_signed_cross","Cross",100,2000,5,"2-2-2-2-2",0.108677553036722,0.0943397849820579,0.0768610253770379,25,0.210691207706789,0.206184847795155,0.0247313658078327,25,0.297473781255375,0.306396945423722,0.0507854004473914,25,0.074461639597764,0.0743506697813976,0.000986230431316983,25,0.11737436102157,0.110903270493223,0.0483886863362719,25,0.0845169390155352,0.0786469863607966,0.0310239282405426,25,0.0494912104795674,0.044270757200786,0.025285146767732,25,0.440919119909942,0.439451741831334,0.00926549232407793,25,0.207600419066279,0.207484076324286,0.0123359079469566,25,0.487425246128951,0.486865408312241,0.0126135157648351,25,0.0741967253117954,0.0741519683175513,0.000691057649347318,25,0.0805924473599935,0.0812432378103017,0.00483802747017865,25,1.0835096001322,1.08324961034252,0.00593628519763851,25,0.968742076626734,0.968680559458818,0.00158843373019051,25,4.97672000000004,4.96299999999974,0.133133867466796,25,4.97672000000004,4.96299999999974,0.133133867466796,25,0.0204400000000078,0.0199999999999818,0.00050662280514893,25,0.316880000000019,0.274000000000342,0.116223678023566,25,4.63940000000001,4.63699999999972,0.0878659016152976,25
"refined","oracle_Z","mixture_identity_start","ifeval_min30","balanced_moderate_dense_signed_cross","Cross",100,2000,5,"3-3-3-3-3",0.112049534120204,0.112572037563547,0.0113173137874261,25,0.183991099658269,0.184962729419321,0.00530678190276565,25,0.244158390042157,0.242326937646904,0.0274934738503631,25,0.0781050945819222,0.0779875491314437,0.00117630855595725,25,0.177247151140455,0.158365155778937,0.0537699760887577,25,0.161733994499515,0.157246181181282,0.0285373416427361,25,0.0631202817508381,0.0539848622581019,0.0381573498000566,25,0.46792646924484,0.467423317706255,0.0103362368980989,25,0.189066570651887,0.190329074934855,0.00600598895339362,25,0.504707243865822,0.505037669948885,0.0106624367931886,25,0.0812246505584188,0.0811957642759893,0.000778740570257728,25,0.0890158860381729,0.0894709079303827,0.00493870613575987,25,1.09114217648877,1.09114181651732,0.00418975392422926,25,0.968595432758312,0.968479033860645,0.00211982784624081,25,4.98664000000062,4.56899999999587,0.80739699446194,25,4.98664000000062,4.56899999999587,0.80739699446194,25,0.0208800000001793,0.0210000000006403,0.000525991127650544,25,0.459080000000395,0.43999999999869,0.0751852822484011,25,4.50668000000005,4.05500000000029,0.789946449661765,25
"refined","oracle_Z","mixture_identity_start","ifeval_min30","balanced_moderate_dense_signed_cross","Cross",100,500,10,"2-2-2-2-2-2-2-2-2-2",0.144494671843765,0.144390018393954,0.00377332835721162,25,0.174252445168739,0.174634002409238,0.00348470757905979,25,0.289112658556808,0.283455357925216,0.0245516756448078,25,0.099054749384839,0.0996318353580724,0.00158411199913624,25,0.118422966027937,0.116195473352459,0.0231591065908917,25,0.0755030998524122,0.0754571235384618,0.00308787129594851,25,0.0487063988789854,0.0479579155904341,0.00932264051837249,25,0.826445998759809,0.829034310753819,0.0303308366396535,25,0.242370090844606,0.24432458396959,0.0124884011511526,25,0.861288967596766,0.863512281267597,0.0317943771268428,25,0.118184666938286,0.118473449429707,0.00125860818750983,25,0.179512425829394,0.177526488318524,0.00708160131854482,25,1.26522891218357,1.26944766273685,0.0216369131380674,25,0.934084257082276,0.933751789189018,0.00279673662240344,25,4.27464000000182,4.30299999999261,0.402691453430371,25,4.27464000000182,4.30299999999261,0.402691453430371,25,0.00652000000001863,0.00600000000122236,0.000585946528262215,25,0.554920000000857,0.553999999996449,0.109900303304819,25,3.71320000000094,3.60900000000402,0.366242633600779,25
"refined","oracle_Z","mixture_identity_start","ifeval_min30","balanced_moderate_dense_signed_cross","Cross",100,500,10,"3-3-3-3-3-3-3-3-3-3",0.191457181433947,0.180466778278379,0.043329540457286,25,0.170085508242558,0.165931961485194,0.0149963565930059,25,0.260769558120216,0.250371294601569,0.0380464576537189,25,0.107294595657995,0.10696136076163,0.0015702638755332,25,0.226498959390905,0.235458565662065,0.05073820243116,25,0.179727224503578,0.177306898702366,0.0231388910937024,25,0.0789867164655863,0.0662101934878283,0.0320079743738825,25,0.872807183776602,0.869512069254311,0.0122580589400124,25,0.251949368893429,0.250522414813618,0.00920845070062446,25,0.908483610251335,0.909642971244183,0.0126675353139498,25,0.124543650090022,0.124701992348367,0.000975016357186578,25,0.183389880040657,0.183090785592609,0.00771702907484043,25,1.29692256799786,1.29703077350279,0.00975110614859836,25,0.933804011250893,0.933563689734113,0.00272870237653356,25,5.18132000000158,5.03800000000774,1.03317531264793,25,5.18132000000158,5.03800000000774,1.03317531264793,25,0.00632000000070548,0.00600000000122236,0.000476095229074052,25,0.795160000000615,0.699000000000524,0.281954588542596,25,4.37984000000026,4.28399999999965,0.956475024939243,25
"refined","oracle_Z","mixture_identity_start","ifeval_min30","balanced_moderate_dense_signed_cross","Cross",100,500,5,"2-2-2-2-2",0.123774887830309,0.123094760893163,0.00518810207568715,25,0.203248879540748,0.20014374862333,0.00962903958050255,25,0.292791606680299,0.27299677050304,0.0529990503961403,25,0.0768114770622001,0.0770082772805907,0.00156378135134062,25,0.114761086030625,0.11433111773688,0.0493182074776274,25,0.0748625502403368,0.0750087293893443,0.00490111057672511,25,0.0464030783131855,0.0481656927840607,0.0185837069592848,25,0.495702991416488,0.495209468893965,0.015175244723843,25,0.207125478864037,0.206655591263634,0.0102475881561973,25,0.53731025831237,0.53518039667102,0.015876970909002,25,0.0795301520147517,0.0794240863266863,0.00128382253212516,25,0.133115590792111,0.131669609403275,0.00597006658397694,25,1.1029067075602,1.1017987885178,0.00765448608855102,25,0.965020327312643,0.965297846651056,0.00298405128178146,25,3.28239999999999,3.22500000000002,0.201610184927902,25,3.28239999999999,3.22500000000002,0.201610184927902,25,0.00631999999999777,0.00600000000000023,0.000476095228573345,25,0.278039999999999,0.266999999999996,0.0818934673829251,25,2.99804,2.96500000000003,0.181842532611778,25
"refined","oracle_Z","mixture_identity_start","ifeval_min30","balanced_moderate_dense_signed_cross","Cross",100,500,5,"3-3-3-3-3",0.146607399624923,0.146683759604825,0.00612708763480496,25,0.177598583694498,0.177442409862299,0.00639384858673248,25,0.23948118247386,0.235887912612537,0.0255940677346388,25,0.082886798117503,0.0831572425048954,0.00164322821150961,25,0.179206826585847,0.169079093693971,0.052371275829367,25,0.152703016414372,0.144916010625965,0.0242353989180493,25,0.0605111061862692,0.0534830742023489,0.0293756508663017,25,0.548720366308802,0.545280536325081,0.0159567275008504,25,0.200343332070618,0.201729559345612,0.00721170872221843,25,0.584189723642426,0.582709203425275,0.0160798384770864,25,0.0874107538706294,0.0874850435632684,0.00130800527109305,25,0.142696969507666,0.142784942070988,0.00665157011394826,25,1.12572085753137,1.12498084406168,0.00844651676483682,25,0.96447514303628,0.965473763620456,0.0037606066130912,25,3.72891999999963,3.58899999999994,0.426360168558397,25,3.72891999999963,3.58899999999994,0.426360168558397,25,0.00631999999990512,0.00599999999940337,0.000476095228679252,25,0.427559999999794,0.396999999999025,0.128056003373758,25,3.29503999999994,3.14099999999962,0.41457292080711,25
"refined","oracle_Z","mixture_identity_start","ifeval_min30","balanced_moderate_dense_signed_cross","Cross",200,1000,10,"2-2-2-2-2-2-2-2-2-2",0.108292227647735,0.10844443782493,0.00232958462461278,25,0.149774641247621,0.149252397854429,0.00319650418903269,25,0.229348118323889,0.228059022136633,0.0248482327738789,25,0.0699578812951297,0.0701589649189102,0.000675530879635332,25,0.0790414393482725,0.075536791456595,0.0189637110787221,25,0.0385432776587808,0.0379370269030905,0.00187374727817016,25,0.0329199909579053,0.0322877680178301,0.00758792004142412,25,0.483727708440423,0.484635256387348,0.00474222996012836,25,0.167970354513414,0.167798783014526,0.0063060034220949,25,0.512088490327924,0.51135059376558,0.00574440209759605,25,0.080428856876641,0.0805023803625629,0.00050568622618208,25,0.121358052151655,0.121028724327487,0.00249348023503188,25,1.09231687753459,1.09242159162675,0.00295240196510838,25,0.966665932110543,0.966322223469791,0.001199956432913,25,5.1985999999987,5.1820000000007,0.282509439370403,25,5.1985999999987,5.1820000000007,0.282509439370403,25,0.0490800000002491,0.0489999999990687,0.00027688746180331,25,1.08763999999937,1.15299999999843,0.239435078188504,25,4.06187999999907,4.04399999999441,0.129185048153524,25
"refined","oracle_Z","mixture_identity_start","ifeval_min30","balanced_moderate_dense_signed_cross","Cross",200,1000,10,"3-3-3-3-3-3-3-3-3-3",0.126771896409362,0.127390002464447,0.00308493251200302,25,0.131402580855096,0.131186304126961,0.00411084838272479,25,0.187906021685167,0.185879109402111,0.0186268432376151,25,0.074855018841443,0.0749282507224496,0.000737659030911504,25,0.0955612730234147,0.0936703798568992,0.0128992039207432,25,0.0740803938099878,0.0732403421646764,0.0070581293138169,25,0.0372610166225075,0.0378874081667768,0.00628319187684979,25,0.482034172023129,0.483124419288171,0.0100520280903903,25,0.137801620491407,0.136877088217379,0.00574292262239755,25,0.501359269747574,0.502019724930937,0.0108865215824496,25,0.0855374822852695,0.0855911481724958,0.000591659592482784,25,0.125277908701028,0.125703409787796,0.0037514008603988,25,1.08770111141623,1.08806088284653,0.00550584756731483,25,0.967105876737504,0.966952736318906,0.0014821584612808,25,5.61956000000006,5.4890000000014,0.452431770179869,25,5.61956000000006,5.4890000000014,0.452431770179869,25,0.0485600000002887,0.0489999999990687,0.000506622804911065,25,1.48868000000191,1.41800000000512,0.414516457252594,25,4.08231999999785,4.01699999999255,0.287699455452632,25
"refined","oracle_Z","mixture_identity_start","ifeval_min30","balanced_moderate_dense_signed_cross","Cross",200,1000,5,"2-2-2-2-2",0.107749988709673,0.0929425587533707,0.0735151628291174,25,0.177323170157384,0.172461408688016,0.028537093866604,25,0.231239724048374,0.218794146538678,0.0376831547875858,25,0.0546595921784362,0.0547536839958884,0.000822675694655001,25,0.0852745893640536,0.0823174285338334,0.0487097931555922,25,0.0459008102772101,0.0381617013003297,0.0376079287289565,25,0.0363779382002195,0.0333916168767017,0.0250092430834243,25,0.367510897378608,0.366636807539348,0.00938148842914368,25,0.18598912668843,0.186303138345268,0.0119345322212567,25,0.411958855236675,0.411717200909254,0.0132029076480946,25,0.0556453139650116,0.055713973813323,0.000590358928377402,25,0.0957211908418692,0.095918295197511,0.00264790424626169,25,1.06446129317694,1.06381457318076,0.00571020811036279,25,0.982071023480152,0.982072751442364,0.00165296486025681,25,4.19407999999994,4.17299999999886,0.105871352751015,25,4.19407999999994,4.17299999999886,0.105871352751015,25,0.0494800000000032,0.0489999999999782,0.00161038297717478,25,0.403720000000012,0.347000000000207,0.105477296135255,25,3.74087999999992,3.74900000000025,0.0490478677756063,25
"refined","oracle_Z","mixture_identity_start","ifeval_min30","balanced_moderate_dense_signed_cross","Cross",200,1000,5,"3-3-3-3-3",0.105943334622663,0.106417017408508,0.0042930896793435,25,0.140129947785277,0.140249686100804,0.00551545527606072,25,0.183243288310809,0.173916771853808,0.0284390465215988,25,0.0587556178975238,0.0587646065635066,0.000789714043737901,25,0.0977329508097892,0.087666326333908,0.0222245845614408,25,0.0735098531931388,0.0730580714495855,0.00671089811947869,25,0.035442910638202,0.0328746764859406,0.008812377324151,25,0.33287185473199,0.33306676229353,0.00546245240978388,25,0.128595313982097,0.127691915422542,0.00394253238751401,25,0.356861617548886,0.357880148422694,0.00593182108237661,25,0.0602823288752034,0.0602868069643936,0.000564714190698347,25,0.100494563135998,0.100019987621166,0.00367244736541427,25,1.04487342045813,1.04548221882902,0.00227942857409746,25,0.982680213944123,0.982500931865109,0.00117379355146592,25,9.31628000000026,9.020999999997,6.41279031519597,25,9.31628000000026,9.020999999997,6.41279031519597,25,0.0689599999999336,0.0740000000005239,0.0143569959719692,25,0.767599999999948,0.644000000000233,0.564891656279225,25,8.47972000000038,8.15699999999924,5.86974108969026,25
"refined","oracle_Z","mixture_identity_start","ifeval_min30","balanced_moderate_dense_signed_cross","Cross",200,1500,10,"2-2-2-2-2-2-2-2-2-2",0.108141943052441,0.0987357092005379,0.0485997611899315,25,0.154647180484126,0.152322983045356,0.0132039855688317,25,0.244352817215917,0.23803243440712,0.0290707757430328,25,0.0684782908369581,0.0684960580883273,0.000750391475108871,25,0.086610242284564,0.0831379235099699,0.0299839505994413,25,0.0445116094143942,0.040247961625099,0.0192308269969433,25,0.0367062028161944,0.0338008870194966,0.015152740566022,25,0.467899150311131,0.469097830399825,0.00644612506400104,25,0.169156776713673,0.169029804338982,0.00805155139772288,25,0.497574336196099,0.500192195915679,0.00826228485415365,25,0.0778741943170835,0.0777900033150806,0.00063768792144797,25,0.10549360903476,0.105774339402847,0.00279422602971348,25,1.08815334011971,1.08934996297805,0.00425637310373853,25,0.969191932060012,0.969091903306528,0.00142056792212304,25,5.94855999999883,5.95500000000175,0.276066881992475,25,5.94855999999883,5.95500000000175,0.276066881992475,25,0.0676800000004005,0.0679999999993015,0.000556776436004392,25,1.17435999999958,1.22799999999552,0.249055027386046,25,4.70651999999885,4.66700000000128,0.1415815783687,25
"refined","oracle_Z","mixture_identity_start","ifeval_min30","balanced_moderate_dense_signed_cross","Cross",200,1500,10,"3-3-3-3-3-3-3-3-3-3",0.139128433395163,0.111670364474153,0.0778605355864325,25,0.140314057781552,0.132277927115651,0.0232171413754371,25,0.194111681047224,0.191233705036918,0.0193211823549557,25,0.072444888403982,0.072469890557207,0.000589772948024353,25,0.114859317061288,0.101283886553822,0.0411435835754164,25,0.0866705256917701,0.0745377130830893,0.0352042509077882,25,0.0429548816801452,0.0395914074670513,0.0145420070783353,25,0.455611107230247,0.457723843980189,0.00627478485456251,25,0.135775512468962,0.135312697489279,0.00339012388851269,25,0.475419461776341,0.477144051302441,0.00658576530197966,25,0.0826753459518607,0.0827348282064493,0.000503741838241099,25,0.106459667362208,0.106151348730954,0.00283098932140972,25,1.07770869159077,1.07812507618018,0.00291294297574049,25,0.968668782857164,0.968623266077226,0.00134756124101723,25,6.33383999999845,6.27999999999884,0.539871101902453,25,6.33383999999845,6.27999999999884,0.539871101902453,25,0.0669999999983702,0.0669999999954598,0.000816496581094068,25,1.36148000000045,1.42900000000373,0.310586155520145,25,4.90535999999964,4.75400000000081,0.447266687784886,25
"refined","oracle_Z","mixture_identity_start","ifeval_min30","balanced_moderate_dense_signed_cross","Cross",200,1500,5,"2-2-2-2-2",0.0815595231581148,0.0807872765039754,0.00342707876103468,25,0.175414290882622,0.176934928725599,0.00566413107826027,25,0.23621954859651,0.236572039044199,0.0317198635091943,25,0.0536948922245257,0.0537407444039468,0.000649015156829757,25,0.0758083639692085,0.0799570103992748,0.020726875509105,25,0.039617853597002,0.0394796105706695,0.00249621200510394,25,0.0313880779203603,0.0334663965427251,0.00907079411825028,25,0.367451547609815,0.364607773829803,0.00894621820598591,25,0.191114629212166,0.188735493442906,0.0116854078556791,25,0.414244547492236,0.411185834906071,0.0126990996469227,25,0.0542553175615404,0.0542235375261621,0.000419768407291935,25,0.0815646787789466,0.0813900104280748,0.0019428949597042,25,1.0663928178596,1.06541772886755,0.00492939198494024,25,0.983118881898231,0.983129579764511,0.00104178601905608,25,4.86220000000016,4.84200000000055,0.161452779474559,25,4.86220000000016,4.84200000000055,0.161452779474559,25,0.0675600000000122,0.0679999999993015,0.000506622805123498,25,0.440080000000089,0.368000000000393,0.152615508167851,25,4.35456000000006,4.35099999999966,0.0763288281056864,25
"refined","oracle_Z","mixture_identity_start","ifeval_min30","balanced_moderate_dense_signed_cross","Cross",200,1500,5,"3-3-3-3-3",0.1072980266961,0.0927593679776369,0.0726531676468368,25,0.147869681527702,0.141207437242028,0.0276921998511595,25,0.181665218559706,0.175474080873176,0.0241662221657967,25,0.0572791002689435,0.057217009059302,0.000691806331203972,25,0.0943082901113666,0.0925664912701962,0.0305833538230715,25,0.08318987451076,0.0793249267566168,0.0292232589965915,25,0.0332238016823977,0.033065077039874,0.00833586224960874,25,0.320430763762224,0.320544193458334,0.00492973501258296,25,0.12792810342947,0.127484985010829,0.00419841110499686,25,0.345037296005692,0.345162332455857,0.00568167400880661,25,0.0586815651030639,0.0586933321124454,0.000306602063438054,25,0.0862205183360288,0.0862401332682308,0.00332136485252085,25,1.04158237971663,1.04203947748266,0.00220075069828742,25,0.983295139188394,0.98319423215749,0.00124223698068426,25,10.3591600000006,10.143,1.06622483088743,25,10.3591600000006,10.143,1.06622483088743,25,0.102319999999891,0.101999999998952,0.0011445523153968,25,0.777520000000368,0.672999999998865,0.186865174212408,25,9.4793200000003,9.31499999999869,1.0357325797074,25
"refined","oracle_Z","mixture_identity_start","ifeval_min30","balanced_moderate_dense_signed_cross","Cross",200,2000,10,"2-2-2-2-2-2-2-2-2-2",0.0915005926245079,0.0911334082997026,0.00215671371462613,25,0.151415107563088,0.150979458385695,0.0027184672969556,25,0.242717125875425,0.244291693197966,0.0274056765679089,25,0.0674068651194775,0.0673322831281989,0.000680767580790441,25,0.0807191423130155,0.0770787314852764,0.0140015764469283,25,0.041392085065386,0.0414232638925511,0.00181621102017348,25,0.0338176528868868,0.0322877627028895,0.00614610650475343,25,0.460534685995996,0.458660858444856,0.00605082626401346,25,0.170185616889192,0.168491782186432,0.00761511093243288,25,0.491001575349846,0.489287011383072,0.00814021151868343,25,0.076697653505345,0.0766664881524717,0.00040993753884298,25,0.0959084999599886,0.0957579479509384,0.0021614905366633,25,1.08600369297752,1.0849098553801,0.00371292755919703,25,0.96994704140821,0.969952388083884,0.00115023295449844,25,6.70488000000099,6.69299999999203,0.326331288723775,25,6.70488000000099,6.69299999999203,0.326331288723775,25,0.0862400000009802,0.0860000000029686,0.000435889893524799,25,1.34219999999972,1.28600000000006,0.301749758353438,25,5.27644000000029,5.25200000000041,0.0930304967913832,25
"refined","oracle_Z","mixture_identity_start","ifeval_min30","balanced_moderate_dense_signed_cross","Cross",200,2000,10,"3-3-3-3-3-3-3-3-3-3",0.102991451889044,0.102541582036985,0.0031416263033791,25,0.132094904543671,0.131490368706069,0.0030056989427564,25,0.193649808284344,0.188823999537287,0.0244506456722364,25,0.0708572596174735,0.0709048775765143,0.000511618627258344,25,0.0928064884353031,0.0939665691188103,0.0142790868119102,25,0.0778414832045845,0.0773185952949539,0.00741857531159109,25,0.0346787522036392,0.0363010860845761,0.00684879841304458,25,0.441669640940852,0.441941411607575,0.00469710817160983,25,0.133472515052038,0.133075863486382,0.00355098387438174,25,0.461404749307933,0.460956170181868,0.00519682779908051,25,0.0812478968469767,0.0812151823711865,0.000518501575691688,25,0.0963514444226316,0.0955102093099193,0.00250638973283033,25,1.07257848363718,1.07275626689469,0.0026035571055348,25,0.96955311713461,0.969625115456188,0.00122165630469883,25,7.30660000000207,7.30399999998917,0.536211245684455,25,7.30660000000207,7.30399999998917,0.536211245684455,25,0.0848800000012852,0.0850000000064028,0.000725718033879875,25,1.84956000000122,1.7670000000071,0.524112112688697,25,5.37215999999957,5.33199999999488,0.128226908254144,25
"refined","oracle_Z","mixture_identity_start","ifeval_min30","balanced_moderate_dense_signed_cross","Cross",200,2000,5,"2-2-2-2-2",0.0901410324897219,0.0743930024988994,0.0797431868548366,25,0.181954681966711,0.175635628274262,0.0258927526272751,25,0.24419434818569,0.23702952459722,0.0439484919603346,25,0.0530546232099938,0.0530463112485822,0.000731247056009914,25,0.0992405606437523,0.0794187119212287,0.0881769593709412,25,0.048362030379976,0.0408422218350832,0.037415851820868,25,0.0425478244310134,0.0340587702220253,0.0434313147914619,25,0.361981446505918,0.362826816119519,0.00904608907699671,25,0.187651064541368,0.191500813426578,0.0129154163631753,25,0.407804841336852,0.40946707459072,0.0135936236345495,25,0.0535816419187787,0.05362469484489,0.000418962057458606,25,0.074228050719458,0.074334738594759,0.00195010324193347,25,1.06421402352566,1.06457871727308,0.00519837597811285,25,0.983373889877573,0.98332713443942,0.00110758425290328,25,5.40272000000023,5.39000000000033,0.112033670534012,25,5.40272000000023,5.39000000000033,0.112033670534012,25,0.0863999999999942,0.0860000000002401,0.000707106781201982,25,0.396600000000108,0.361000000000786,0.0879194707293867,25,4.91972000000013,4.92399999999998,0.0828369482778663,25
"refined","oracle_Z","mixture_identity_start","ifeval_min30","balanced_moderate_dense_signed_cross","Cross",200,2000,5,"3-3-3-3-3",0.0854351138218112,0.0850312798631749,0.00374800958669309,25,0.141582018368817,0.141180033122905,0.00513204768604391,25,0.172437110076691,0.167160247798693,0.0254646404087907,25,0.0562351951354323,0.0560443478504465,0.000658070438413134,25,0.0928171750629789,0.092765255935274,0.0219923886429351,25,0.0735979610625257,0.0725794598544845,0.00887375208575299,25,0.0358837351179751,0.035457138744261,0.0108958600658762,25,0.317363843104334,0.314858367762338,0.00718439416644564,25,0.129342476338327,0.128368609187306,0.00562910940466056,25,0.342725787686798,0.339596284502067,0.00843417195392503,25,0.0579425548894361,0.0578715862601091,0.00033174853679531,25,0.0793454924950337,0.0791993003613466,0.002659033862711,25,1.04141975122519,1.04024413681544,0.00292086787455913,25,0.983874555443308,0.983788867591035,0.00112029762064924,25,11.14048,11.5589999999938,1.2739934301237,25,11.14048,11.5589999999938,1.2739934301237,25,0.131839999999793,0.130000000001019,0.00498062914401157,25,0.831240000000253,0.712999999999738,0.243610734574823,25,10.1773999999999,10.4779999999992,1.25525339407322,25
"refined","oracle_Z","mixture_identity_start","ifeval_min30","balanced_moderate_dense_signed_cross","Cross",200,500,10,"2-2-2-2-2-2-2-2-2-2",0.135040690747814,0.126049671681568,0.044584140334344,25,0.145030120216889,0.142238251845573,0.014216706194357,25,0.223418352800092,0.225533398118686,0.0231474325930865,25,0.0733248644836135,0.0734402347998295,0.000939905034476151,25,0.0866898535446503,0.0763029789775476,0.0476027852401556,25,0.0392572965515002,0.035322798314887,0.0198819458746722,25,0.0375487656043719,0.032210246435346,0.0251563594117869,25,0.541667304671492,0.540063530237903,0.011183251883791,25,0.163217708442966,0.165033186635514,0.00527293355923674,25,0.565739438874391,0.563721683686806,0.0115978982703409,25,0.0877808077482149,0.0878848576987184,0.000943453622527558,25,0.162039543438577,0.162563078992967,0.00381566038729594,25,1.11357148381507,1.11319871121234,0.00642810115959491,25,0.962099609899862,0.962621341648046,0.00231179427398818,25,4.41739999999903,4.33699999999953,0.318997779510891,25,4.41739999999903,4.33699999999953,0.318997779510891,25,0.030559999999823,0.0309999999954016,0.000583095189769698,25,0.987119999999122,0.944999999999709,0.265690659727627,25,3.39972000000009,3.38799999999901,0.0909466510292464,25
"refined","oracle_Z","mixture_identity_start","ifeval_min30","balanced_moderate_dense_signed_cross","Cross",200,500,10,"3-3-3-3-3-3-3-3-3-3",0.157660700133426,0.158342350055512,0.00297744447842604,25,0.125562620472643,0.125284657133204,0.00323399941395334,25,0.184577028933972,0.185483341418216,0.0160509322206858,25,0.0814928458062414,0.0815057776289459,0.0007565767302167,25,0.103042139727198,0.102448660484466,0.0139893666787209,25,0.0635446156882557,0.0638133980376811,0.00420953001260757,25,0.0410533964127143,0.0423718504844082,0.00718576820961259,25,0.566789368897829,0.568094295210944,0.012690841715196,25,0.147712608428562,0.147580759738414,0.00586116821938987,25,0.585741924121206,0.585331890692,0.0130382465126278,25,0.0930543134431535,0.0930898257229635,0.000854930859150909,25,0.167893763185479,0.167801799251269,0.00501966946415846,25,1.12349893486374,1.12324201235054,0.00633933375273567,25,0.961865948815618,0.962133614570766,0.00217169998850843,25,4.34724000000104,4.3240000000078,0.210490751975112,25,4.34724000000104,4.3240000000078,0.210490751975112,25,0.0302800000022398,0.0299999999988358,0.00045825756845106,25,0.939319999999134,0.92500000000291,0.205330570871126,25,3.37763999999966,3.38300000000163,0.115791076225274,25
"refined","oracle_Z","mixture_identity_start","ifeval_min30","balanced_moderate_dense_signed_cross","Cross",200,500,5,"2-2-2-2-2",0.11114120326118,0.111168948091481,0.00254511411801507,25,0.173443932441383,0.172506819787467,0.00615089672067907,25,0.23310103541124,0.234108244849745,0.0339262449268507,25,0.0571232034798814,0.0569884054023975,0.000870451323732932,25,0.074272742937573,0.0716215029157093,0.0240179396286286,25,0.0359988531517552,0.0360653205671755,0.001789011365222,25,0.0309284735899493,0.0292403856165008,0.0101770501093151,25,0.386816197776583,0.387474048945584,0.00571780171447612,25,0.170639145317177,0.172921720667481,0.0114409277454229,25,0.42287127733523,0.422208139360132,0.00920915206788643,25,0.0596569493678955,0.0595285388716435,0.000729190449938004,25,0.126328578668739,0.126179491404862,0.00278679313473974,25,1.06583926878827,1.06618781870564,0.004049585606193,25,0.97925123771377,0.978973617254588,0.00224861177130177,25,3.59727999999996,3.56099999999969,0.202199884602687,25,3.59727999999996,3.56099999999969,0.202199884602687,25,0.0304400000000533,0.0300000000002001,0.000506622805099562,25,0.463679999999931,0.416000000000167,0.180820057884419,25,3.10315999999997,3.08699999999999,0.049188142202536,25
"refined","oracle_Z","mixture_identity_start","ifeval_min30","balanced_moderate_dense_signed_cross","Cross",200,500,5,"3-3-3-3-3",0.130059845399737,0.130071155901232,0.00509730567761671,25,0.137925510767892,0.138808274690902,0.00659892348372567,25,0.175504637823236,0.171987022452495,0.0234875943000867,25,0.0625197604178463,0.0627515358517255,0.000843658775091472,25,0.0960277846369988,0.0929533117275033,0.0147610409576575,25,0.06509260315097,0.0614299960347331,0.00868138894508511,25,0.037937885030754,0.0369575903216768,0.00795913300788692,25,0.377161076333466,0.376493137330252,0.00872995929180433,25,0.129566169520905,0.129218220422516,0.00468306607877278,25,0.398809893391319,0.398150315672508,0.0092846358186026,25,0.0648068781593731,0.0649504147706999,0.000733581267337631,25,0.132358270243932,0.132016219227538,0.00457924229275471,25,1.05663547704045,1.05657969455185,0.00415497492518295,25,0.979455121165544,0.979016499207328,0.00210933775120988,25,4.20291999999943,4.14100000000326,0.18932047785034,25,4.20291999999943,4.14100000000326,0.18932047785034,25,0.0311199999999371,0.0309999999990396,0.000331662479231079,25,0.609279999999708,0.547999999998865,0.180714673818971,25,3.56251999999979,3.55199999999968,0.0434819119488589,25
"refined","oracle_Z","mixture_identity_start","ifeval_min30","balanced_moderate_dense_signed_cross","Cross",400,1000,10,"2-2-2-2-2-2-2-2-2-2",0.103026801837016,0.103226208132361,0.00104695575839101,25,0.10280770595078,0.103159696124104,0.0023241303090135,25,0.159731206130741,0.154631474210352,0.0159012123461709,25,0.0583245750420026,0.0583090233241805,0.0004461784293422,25,0.0525093787989299,0.0498416054891377,0.0140459228428407,25,0.0204462883552972,0.0204357363354103,0.000434671993414548,25,0.0217573405678649,0.0205091443644094,0.00617396734703709,25,0.407224843064614,0.408374243906137,0.00629922951562401,25,0.158344909063588,0.159840559481971,0.00720512099559552,25,0.43695323770371,0.439521093128197,0.00822732959725883,25,0.060933470727821,0.0608774946545211,0.000314096925603474,25,0.114819494445946,0.114813675608775,0.00106031797828583,25,1.07281963317905,1.07336467858751,0.00324627463279367,25,0.980679785519031,0.980528242737399,0.00122594608674117,25,6.52395999999979,6.2100000000064,0.744631815059435,25,6.52395999999979,6.2100000000064,0.744631815059435,25,0.223079999999609,0.222999999998137,0.00210000000037008,25,1.84392000000022,1.57800000000134,0.71239688844554,25,4.45695999999996,4.45600000000559,0.112733269269994,25
"refined","oracle_Z","mixture_identity_start","ifeval_min30","balanced_moderate_dense_signed_cross","Cross",400,1000,10,"3-3-3-3-3-3-3-3-3-3",0.128397719441647,0.118821517894547,0.047981848868433,25,0.0936080029209036,0.0904809936366854,0.0159888148658176,25,0.13564587565161,0.134479301739467,0.0134124532110049,25,0.0623762780971797,0.0622422432546616,0.000445830548472472,25,0.072297258079446,0.0662312558295798,0.0330905028164302,25,0.040289779993027,0.0346395769573461,0.0302182640033039,25,0.0293583572938491,0.0263461638383255,0.0118741184364251,25,0.352218360247662,0.352528662517539,0.00338364053227438,25,0.0965888367166625,0.0969593900949881,0.00298594171979967,25,0.365232395056297,0.365291374315862,0.00353914885424553,25,0.064146964403932,0.064212589616563,0.000307593243973812,25,0.115385746978686,0.115211878870408,0.00175640792175712,25,1.0460526424623,1.04579595550274,0.00151699846968688,25,0.981086408861444,0.981265355979626,0.00106418866832894,25,7.41039999999863,7.42499999998836,0.811932365821094,25,7.41039999999863,7.42499999998836,0.811932365821094,25,0.218159999998752,0.217999999993481,0.00321039976686029,25,2.56624000000127,2.54899999999907,0.812260645769339,25,4.6259999999986,4.63499999999476,0.0946374661529364,25
"refined","oracle_Z","mixture_identity_start","ifeval_min30","balanced_moderate_dense_signed_cross","Cross",400,1000,5,"2-2-2-2-2",0.104504566015314,0.0894035594121956,0.0756702536828529,25,0.127220374368658,0.120522612325127,0.0361300439653103,25,0.165784433004849,0.160420278337798,0.0197864024088785,25,0.0438660398279768,0.0438421094573464,0.000467318021522866,25,0.0711440184622913,0.0597426948054838,0.0756018795355568,25,0.0281506989655477,0.0211371649694852,0.0354415399650866,25,0.0313224073884384,0.0238746727722928,0.0393282344372724,25,0.334876372400304,0.335301431943936,0.00652626899766879,25,0.181200884600304,0.182816291641688,0.00860570937409323,25,0.380791715576988,0.38183310157942,0.00944276199226054,25,0.0421708431635707,0.0422342109422894,0.000259127457161937,25,0.0923303529678947,0.0924520822494571,0.00194644230803129,25,1.06087327369928,1.06158139916859,0.00349507833778047,25,0.990467251038427,0.990626513339013,0.00100259824383603,25,4.97804000000004,4.9419999999991,0.176127671496596,25,4.97804000000004,4.9419999999991,0.176127671496596,25,0.223680000000022,0.222999999999956,0.0040178767195587,25,0.664760000000133,0.662000000000262,0.168375889010543,25,4.08959999999988,4.08600000000115,0.0755000000002121,25
"refined","oracle_Z","mixture_identity_start","ifeval_min30","balanced_moderate_dense_signed_cross","Cross",400,1000,5,"3-3-3-3-3",0.0990364212486651,0.0986740729736984,0.00200374017736298,25,0.0988516555101844,0.0981593852275728,0.00402254578213513,25,0.126751677410161,0.125159095660713,0.0147903710807723,25,0.0470054288663291,0.0470940100318191,0.000417248525682142,25,0.062238470349857,0.0608772235881485,0.0139581443565056,25,0.0340807524508444,0.0338484754767319,0.00349034029033457,25,0.0256655799317255,0.0249971150724744,0.00614584671841398,25,0.257489125772237,0.257202561184067,0.00429092950671014,25,0.0971632153759783,0.0984915301075488,0.00381914913124526,25,0.275225623516732,0.274746250988758,0.00498691308670604,25,0.0453037116827487,0.0452819488830207,0.000295220226086508,25,0.0959578519727277,0.0959118972054592,0.0017388235205715,25,1.02763869871895,1.02759497760592,0.00186737207124206,25,0.990405306245073,0.990609620287446,0.0012603617262456,25,60.2246800000011,10.377999999997,189.138802725608,25,60.2246800000011,10.377999999997,189.138802725608,25,36.2792800000003,0.336999999999534,179.698817344355,25,1.66940000000002,1.20699999999488,1.74547197533094,25,22.2760000000008,8.66500000000087,68.1404358842826,25
"refined","oracle_Z","mixture_identity_start","ifeval_min30","balanced_moderate_dense_signed_cross","Cross",400,1500,10,"2-2-2-2-2-2-2-2-2-2",0.102397533261922,0.0929233995410037,0.0488398245690884,25,0.108571696653321,0.105162190492954,0.0169300773162539,25,0.17066842208349,0.161534425890071,0.0245050711194573,25,0.0559846208607439,0.0559373088556828,0.000444484458312498,25,0.0668747746689165,0.0566823551256475,0.0507661146270124,25,0.026517701058205,0.0216617198422786,0.0240125645295174,25,0.0290926142123793,0.0239008367983791,0.0269687597410405,25,0.395955564149968,0.394907367710262,0.00662603715012597,25,0.159537227849329,0.157652199015143,0.00717185157498785,25,0.426909836300703,0.426245308224997,0.00868750007618708,25,0.0580750778368221,0.0580340065765907,0.000269345302891837,25,0.0995780373403552,0.0994736449435655,0.00137710298503512,25,1.07105089100895,1.07073004678221,0.00357429081803868,25,0.9829650425913,0.982785375422485,0.000811530817607764,25,8.0013999999981,7.99699999999575,0.765090354138866,25,8.0013999999981,7.99699999999575,0.765090354138866,25,0.289839999999385,0.288999999997031,0.00489625707369439,25,2.59163999999932,2.58499999999913,0.752261583492599,25,5.1199199999994,5.11499999999796,0.139381646327935,25
"refined","oracle_Z","mixture_identity_start","ifeval_min30","balanced_moderate_dense_signed_cross","Cross",400,1500,10,"3-3-3-3-3-3-3-3-3-3",0.122246356413585,0.103018629653087,0.0656846536921083,25,0.0986662934253776,0.0916133746738843,0.0233321044822374,25,0.136124876813152,0.139752500155955,0.0108623225807611,25,0.0590980822103543,0.0589601674046074,0.00044650110643592,25,0.0719957667721034,0.0673463609776185,0.0300209061970732,25,0.0450861781024507,0.0369344942762947,0.0299665370494777,25,0.0287728240369471,0.0264114030177206,0.00962852523903081,25,0.336689463840761,0.337200665873803,0.00450407588037633,25,0.0992117385147057,0.0994129114386613,0.00423518805265343,25,0.35101937429503,0.351504827217656,0.00508854582799417,25,0.0610268571830701,0.0610674467395789,0.000306519934164032,25,0.0989452342166277,0.0988222920160579,0.00168538838745375,25,1.04293685781968,1.04353630136266,0.0019332122204456,25,0.982762220969668,0.982623319357456,0.000800184086969996,25,8.62852000000072,8.52400000001944,1.10538753083417,25,8.62852000000072,8.52400000001944,1.10538753083417,25,0.285559999999241,0.284999999988941,0.00556087523088252,25,3.03776000000187,2.98099999999977,1.09430561240142,25,5.3051999999996,5.28399999999965,0.162160157456587,25
"refined","oracle_Z","mixture_identity_start","ifeval_min30","balanced_moderate_dense_signed_cross","Cross",400,1500,5,"2-2-2-2-2",0.0785436195177397,0.0782195054613215,0.00155970099946814,25,0.123743232180164,0.123886337224542,0.00390096042914962,25,0.17418056729084,0.176301947658394,0.0211360560931224,25,0.0424828992394158,0.0425524773495925,0.000385087357653161,25,0.0586424625427455,0.0563401413304451,0.0185983774815557,25,0.0214200889982199,0.0213823723664403,0.000738414531925557,25,0.0245630156029335,0.023769728626732,0.00784008533860424,25,0.332600364759922,0.334248674206978,0.00666599613642287,25,0.180592159757877,0.181050708913297,0.00819562328093789,25,0.378500519908317,0.379682125257791,0.00918710765696648,25,0.0408005996084953,0.0408230619274384,0.000285156249257597,25,0.0798469007040324,0.0799480169113482,0.00142973073228443,25,1.0604244014751,1.06080750877848,0.00341328760269941,25,0.990806758570272,0.990551702068047,0.00107500570019351,25,5.79752000000037,5.72299999999996,0.226598970283288,25,5.79752000000037,5.72299999999996,0.226598970283288,25,0.291320000000269,0.290999999999258,0.00377182537613332,25,0.641639999999898,0.57300000000032,0.142401100182814,25,4.8645600000002,4.8130000000001,0.182416209075315,25
"refined","oracle_Z","mixture_identity_start","ifeval_min30","balanced_moderate_dense_signed_cross","Cross",400,1500,5,"3-3-3-3-3",0.0856832929819974,0.0853659879881266,0.00236583944709423,25,0.0991732024824404,0.0988764763956216,0.00321215179982958,25,0.128316496056076,0.123207320317022,0.0212975982396641,25,0.0447306616188957,0.0447233494657569,0.000341721829004627,25,0.0597952110515378,0.0583186990985072,0.0162226394683183,25,0.0377427047162694,0.037091927264277,0.00436958573604979,25,0.0230814754630499,0.0237029445837851,0.00670232592027356,25,0.247034498256092,0.246308059153071,0.00375846894332337,25,0.0974131875459884,0.097788428229159,0.00315904481839323,25,0.265559631876251,0.264387590446387,0.00415779652968514,25,0.0432862059537281,0.043241564874977,0.000295580201351625,25,0.0822002171267603,0.082515509013888,0.00205031810235349,25,1.02551257981713,1.02526008379932,0.00142137012352463,25,0.990790736755473,0.990476247252175,0.0010802077217026,25,11.0624000000014,13.3010000000068,3.85372127516732,25,11.0624000000014,13.3010000000068,3.85372127516732,25,0.296080000000075,0.296000000002095,0.00610273162978758,25,1.26616000000067,1.24199999999837,0.410012670536477,25,9.50016000000062,11.8190000000031,3.5210616495604,25
"refined","oracle_Z","mixture_identity_start","ifeval_min30","balanced_moderate_dense_signed_cross","Cross",400,2000,10,"2-2-2-2-2-2-2-2-2-2",0.0957613405570841,0.0849376944914737,0.0531827672969224,25,0.10958877148005,0.106413109552043,0.0157913468281461,25,0.178316680333347,0.173989045061257,0.0243784275973743,25,0.0546727181348023,0.0546699870770542,0.000373252968716336,25,0.0681201640155311,0.0583500619310511,0.0547429502963761,25,0.026475196653328,0.0218961132271893,0.0223725109478299,25,0.0297945953881543,0.0250624220589225,0.0282696865225797,25,0.386808513953911,0.388127069411285,0.0069424095657882,25,0.157427056953154,0.156747882873516,0.00892332903407538,25,0.417659795318801,0.417875684865815,0.00952573487900903,25,0.0565427367938653,0.0565688098554205,0.000283500028501563,25,0.0896056059965765,0.0896045469287312,0.0016372720353666,25,1.06811158644772,1.06827599690904,0.00394338950488392,25,0.983627841789251,0.983401037219039,0.000838732538448595,25,8.95520000000077,8.83000000000175,0.758682904775639,25,8.95520000000077,8.83000000000175,0.758682904775639,25,0.354919999999984,0.355000000003201,0.00331561960035336,25,2.68292000000016,2.67499999999563,0.745574941459606,25,5.91736000000063,5.86100000000442,0.182435349280521,25
"refined","oracle_Z","mixture_identity_start","ifeval_min30","balanced_moderate_dense_signed_cross","Cross",400,2000,10,"3-3-3-3-3-3-3-3-3-3",0.113722309990999,0.0950709635743343,0.0655532043004155,25,0.0979530544440051,0.092350703064582,0.020340878189949,25,0.130967904414778,0.129321262245938,0.0104547864916647,25,0.0572039262916349,0.0571919262057822,0.000300427778509595,25,0.0691129087235872,0.0606911377484206,0.0345523497981324,25,0.04845880381016,0.0378642841084811,0.036201893754935,25,0.0280233502328246,0.0259814704254613,0.0124226161487688,25,0.328266159455947,0.329504847380899,0.0053661347938494,25,0.100669560928934,0.100247928126679,0.0039478558759169,25,0.343365550611969,0.344406628021342,0.00610125707829763,25,0.0595625848019384,0.0596310969079497,0.000325124454827443,25,0.0895415126151157,0.0897636882165921,0.00197965856591287,25,1.04144925253658,1.04176299800178,0.00218508508841959,25,0.983796651287138,0.983801445149727,0.000910912536983807,25,9.0094000000006,8.9539999999979,0.814277849790008,25,9.0094000000006,8.9539999999979,0.814277849790008,25,0.353559999999707,0.353000000002794,0.00411379792071068,25,2.56856000000029,2.34900000000198,0.830692436061547,25,6.08728000000061,6.01299999999173,0.176060718692816,25
"refined","oracle_Z","mixture_identity_start","ifeval_min30","balanced_moderate_dense_signed_cross","Cross",400,2000,5,"2-2-2-2-2",0.0703729167511677,0.0702481737226684,0.00112835559108035,25,0.125159698447578,0.125441979771279,0.00499519928960202,25,0.180785572402674,0.173607515700505,0.0302479597125106,25,0.0416163211458701,0.0416500986454407,0.000328822826100825,25,0.0550405294350888,0.051459041803924,0.0199694353462877,25,0.0222308693984759,0.0219715757078239,0.000884241519289185,25,0.0231056175913727,0.0214767315805585,0.00850431469780699,25,0.333294266162945,0.333230654185084,0.00816497161964938,25,0.180740979357072,0.177544472605031,0.0111138528572645,25,0.379203566986405,0.377346177304875,0.0120589424047383,25,0.0399477663312036,0.0399470139284215,0.000249519184984801,25,0.0727083986826351,0.0725487675666059,0.00134805475381008,25,1.06121677699287,1.06059978491393,0.00439666556367286,25,0.99133318469917,0.991213431101912,0.000752221967629054,25,6.75419999999955,6.60100000000239,0.42347589463093,25,6.75419999999955,6.60100000000239,0.42347589463093,25,0.360839999999953,0.359999999998763,0.00783517708803041,25,0.707159999999931,0.604999999999563,0.268818042549471,25,5.68619999999966,5.52299999999923,0.26634438859009,25
"refined","oracle_Z","mixture_identity_start","ifeval_min30","balanced_moderate_dense_signed_cross","Cross",400,2000,5,"3-3-3-3-3",0.0935963250329331,0.0771842206983039,0.0801433049708734,25,0.10717091888768,0.0997262314427929,0.0397685506628828,25,0.130361714478358,0.122932654301307,0.019625516900615,25,0.0436680698277045,0.0436313780427017,0.000451577414384091,25,0.0675420052095853,0.0607415315517668,0.0361458768469616,25,0.0471029659712154,0.0403303724473412,0.0344607862093462,25,0.026280719749636,0.0253481768820892,0.0109904244999252,25,0.2438317270091,0.243847823833387,0.00476323666560364,25,0.09949235564354,0.0993901524615923,0.00403842026591027,25,0.263364408173069,0.26285286370304,0.00552134180319981,25,0.0424659210061183,0.0424291431165885,0.000293810392203655,25,0.0750818390665668,0.0748635591677884,0.00209584951049213,25,1.02544368241529,1.025053238325,0.00158639249618276,25,0.991268282993402,0.991148372116703,0.000736834448674219,25,7.39656000000075,7.40700000000652,0.557566295010764,25,7.39656000000075,7.40700000000652,0.557566295010764,25,0.363080000000191,0.365000000005239,0.00786299349237332,25,0.93024000000034,0.856000000007043,0.271399963153865,25,6.10324000000022,6.19499999999971,0.405698911345526,25
"refined","oracle_Z","mixture_identity_start","ifeval_min30","balanced_moderate_dense_signed_cross","Cross",400,500,10,"2-2-2-2-2-2-2-2-2-2",0.12202806740289,0.122161615891715,0.00133048609563773,25,0.0995931965710536,0.0992167879050905,0.00248279438914505,25,0.161932206685961,0.159817733530938,0.0134817034761093,25,0.0633728547950263,0.0634051198840193,0.000535440554593971,25,0.0536799845385511,0.0530215403469955,0.0123673550499348,25,0.0195604097028082,0.0194889495750462,0.00033943931459108,25,0.0223825970860475,0.0228582589021007,0.00540970913741329,25,0.432333087625201,0.432479884653945,0.00468731899493826,25,0.13503580848854,0.13453803806232,0.00515917839637611,25,0.452954109549791,0.453748512849058,0.0051828472600111,25,0.0693086806364465,0.0692728418893499,0.000514822127108164,25,0.154902542905683,0.15447776884388,0.00200275688896264,25,1.07447310706224,1.07462802320386,0.00238366916272243,25,0.975779401029083,0.975827175543172,0.00146685113121187,25,5.89692000000185,5.8640000000014,0.67025063222577,25,5.89692000000185,5.8640000000014,0.67025063222577,25,0.119520000000775,0.119000000006054,0.000822597511793469,25,2.05500000000058,2.07500000000437,0.658951629483949,25,3.72240000000049,3.65299999999843,0.141483803549567,25
"refined","oracle_Z","mixture_identity_start","ifeval_min30","balanced_moderate_dense_signed_cross","Cross",400,500,10,"3-3-3-3-3-3-3-3-3-3",0.169342608305289,0.153314142011306,0.0571893118408423,25,0.0955992823486128,0.0881980420346088,0.0257112652448716,25,0.131360387474753,0.130251146228156,0.0120432063550625,25,0.0713906744679116,0.0713101697939081,0.000791951433012425,25,0.0669899514919498,0.0629087889168133,0.025981529289087,25,0.0370385726712098,0.0279795736064107,0.0308741736880838,25,0.029153766097823,0.0280692984117056,0.00809032819370591,25,0.413652405341205,0.412001414819785,0.00831461876425561,25,0.0957342809525318,0.0965213177460835,0.0038974279912539,25,0.424598940935888,0.423752447097938,0.00854243495255325,25,0.0722969875316616,0.0721121620063994,0.000726982995002711,25,0.157701289090268,0.157123500813847,0.0033038271668916,25,1.06349527143034,1.06290683623748,0.00371924185350367,25,0.976550260271942,0.976451685236373,0.00151888455339324,25,6.24164000000164,6.1420000000071,0.812643211995447,25,6.24164000000164,6.1420000000071,0.812643211995447,25,0.11792000000074,0.11699999999837,0.00399916657895968,25,2.32552000000083,2.10500000001048,0.809397209862504,25,3.79820000000007,3.82399999999325,0.118043071236781,25
"refined","oracle_Z","mixture_identity_start","ifeval_min30","balanced_moderate_dense_signed_cross","Cross",400,500,5,"2-2-2-2-2",0.108416061944659,0.108062169918265,0.00201981126352844,25,0.119940759124693,0.12047368829716,0.00407098331069643,25,0.172596764950882,0.170415051780307,0.0218862266964862,25,0.0477724762992067,0.0479429553420245,0.000651916133504976,25,0.0569645188751736,0.0617013673148155,0.0175657407335741,25,0.0199320177611248,0.0199144117515185,0.000632057750852742,25,0.0237970692290359,0.0255685353499582,0.00738449209572276,25,0.337023885626065,0.33778075408729,0.00637181485445256,25,0.154720677452021,0.151735812638257,0.009144039473518,25,0.370892015989737,0.369540646649253,0.00923900990747658,25,0.0470453069695262,0.0469779365504373,0.000418818520547589,25,0.122738645299233,0.123069481807063,0.00230327268767028,25,1.05431216649005,1.05448682493368,0.00331693419210528,25,0.98739161107541,0.987234379904176,0.00131272652092355,25,4.25176000000029,4.21000000000004,0.250032211258241,25,4.25176000000029,4.21000000000004,0.250032211258241,25,0.120120000000024,0.119999999999891,0.000927361849519468,25,0.752160000000149,0.701000000000022,0.271083578747802,25,3.37948000000011,3.38200000000052,0.0778519535186196,25
"refined","oracle_Z","mixture_identity_start","ifeval_min30","balanced_moderate_dense_signed_cross","Cross",400,500,5,"3-3-3-3-3",0.155565882194074,0.127421833127203,0.0985793731163338,25,0.113955714172912,0.0973252355715824,0.0567872107752039,25,0.132320595986913,0.128445249168632,0.0176521305801934,25,0.0527170128112457,0.0525979548815182,0.000822890256868579,25,0.0758681281781737,0.0630397949774375,0.0338111149082569,25,0.0412916167478322,0.0287429716195968,0.0443829328372109,25,0.0288602874697097,0.0271339320129103,0.00831869210631077,25,0.29138101993554,0.290960102877372,0.00493148783830449,25,0.0926899356797057,0.0935458600372313,0.00347306862359946,25,0.30578309973081,0.305642454048024,0.00519869583466574,25,0.0502291416688284,0.0501998729065835,0.000411181424291147,25,0.12747843923946,0.127578770848725,0.00298147662759731,25,1.03290354579698,1.03261950723974,0.0020102144936509,25,0.987099211095825,0.98693616289068,0.00194811306975175,25,8.69747999999963,8.57900000000154,0.69603311223928,25,8.69747999999963,8.57900000000154,0.69603311223928,25,0.1823199999996,0.181000000000495,0.00282429932282907,25,1.45667999999991,1.29699999999866,0.5129294720849,25,7.05848000000013,7.00500000000102,0.434639900760881,25
