"item_id","empirical_accuracy","benchmark","primary_semantic","question_snippet","F1","F2","F3","strongest_factor","max_abs_loading","n_active_factors","active_pattern"
"ifeval_20260421T021146Z_127",0.713114754098361,"ifeval","instruction/constraint following","I'm a 12th grader and I need some help with my college applications, can you give me some advice? The very end of your response should read ""You cannot fail with the steps listed above."" No other words should follow this phrase.",1.53312042415235,0,0,"F1",1.53312042415235,1,"100"
"ifeval_20260421T021146Z_186",0.762295081967213,"ifeval","instruction/constraint following","Write a review of IBM's 1956 chess program. Make sure your entire response is wrapped in double quotation marks.",1.43189275976458,0,0,"F1",1.43189275976458,1,"100"
"ifeval_20260421T021146Z_289",0.737704918032787,"ifeval","instruction/constraint following","Improve the following text, which is about how to learn a language. Also, provide two alternatives. The text is: ""The best way to learn about a new culture is by living in it. Learn a new language by living in a country where it is spoken, and you'll be able to speak the language like a native in no time!"". Finish your response with ""Is there anything else I",1.41729785659027,0,0,"F1",1.41729785659027,1,"100"
"ifeval_20260421T021146Z_6",0.795081967213115,"ifeval","instruction/constraint following","Write a 2 paragraph critique of the following sentence in all capital letters, no lowercase letters allowed: ""If the law is bad, you should not follow it"". Label each paragraph with PARAGRAPH X.",1.41015486959823,0,0,"F1",1.41015486959823,1,"100"
"ifeval_20260421T021146Z_285",0.754098360655738,"ifeval","instruction/constraint following","Write a TLDR for the recent conflict between ISIL and the US in conversational bullet points. End your response with this exact phrase: ""Let me know if you have additional questions."", and no other words should follow this phrase.",1.40130017411453,0,0,"F1",1.40130017411453,1,"100"
"ifeval_20260421T021146Z_352",0.729508196721312,"ifeval","instruction/constraint following","Why did the man travel from Saskatoon to Helsinki to buy a piano? Wrap your entire response in double quotes.",1.39394729438638,0,0,"F1",1.39394729438638,1,"100"
"ifeval_20260421T021146Z_21",0.737704918032787,"ifeval","instruction/constraint following","Given the sentence ""It is unclear how much of this money is actually being spent on children"", is the sentiment positive or negative? The very last sentence of your response should be ""Is there anything else I can help with?"".",1.38283675112719,0,0,"F1",1.38283675112719,1,"100"
"ifeval_20260421T021146Z_214",0.770491803278688,"ifeval","instruction/constraint following","Do you think Kareena Kapoor is a good actor? Wrap your response with double quotation marks.",1.38064811592648,0,0,"F1",1.38064811592648,1,"100"
"ifeval_20260421T021146Z_168",0.721311475409836,"ifeval","instruction/constraint following","How can I learn to code? Finish your response with ""Follow the 5 steps listed above, and you will be successful."" No other words should follow this.",1.37059506787612,0,0,"F1",1.37059506787612,1,"100"
"ifeval_20260421T021146Z_254",0.688524590163934,"ifeval","instruction/constraint following","Before you answer it, just repeat the request below. You need to repeat it exactly as it is. Do not change any word. Write a song about a corgi named Chester who loves to play fetch.",1.36432936994244,0,0.0206041412262988,"F1",1.36432936994244,1,"100"
"ifeval_20260421T021146Z_525",0.762295081967213,"ifeval","instruction/constraint following","Write a tweet that is angry about the stunning lack of Virgil van Dijk in the PFA Team of the Year. Italicize at least 2 sections in your answer with markdown, i.e. *italic text section*. Do not use commas in your response. Finish your response with this exact phrase: So what is next?",1.3558827492237,0,0.0727453177551678,"F1",1.3558827492237,1,"100"
"ifeval_20260421T021146Z_64",0.737704918032787,"ifeval","instruction/constraint following","Write a funny article about why the dinosaurs went extinct and put double quotations marks around your whole response. Include exactly 8 bullet points in your response. The bullet points should be in the form of: * This is bullet 1 * This is bullet 2 ...",1.34598635383885,0,0,"F1",1.34598635383885,1,"100"
"ifeval_20260421T021146Z_84",0.729508196721312,"ifeval","instruction/constraint following","Write an article about the reality of disability. Your article must end with the exact phrase ""Is there anything else I can help with?"". No other words should follow this phrase.",1.3400244445863,0,0,"F1",1.3400244445863,1,"100"
"ifeval_20260421T021146Z_233",0.770491803278688,"ifeval","instruction/constraint following","What is multivariate analysis? Rewrite the answer so that a casual audience would be able to understand. Please end your response with ""Is there anything else I can help with?"" and no other words should follow this statement.",1.32527002932915,0,0,"F1",1.32527002932915,1,"100"
"ifeval_20260421T021146Z_112",0.713114754098361,"ifeval","instruction/constraint following","What's a good way to ask Sonia out? Please reply with exactly 4 paragraphs and separate each paragraph with two new lines. Put double quotation marks around your entire response. The very first paragraph must start with the word ""weekend"".",1.30974829827356,0,0.0116912754281229,"F1",1.30974829827356,1,"100"
"ifeval_20260421T021146Z_488",0.704918032786885,"ifeval","instruction/constraint following","Write a song about innovation with a positive tone that is appealing to teenagers. Put your entire response in double quotation marks.",1.30012223824549,0,0,"F1",1.30012223824549,1,"100"
"ifeval_20260421T021146Z_416",0.598360655737705,"ifeval","instruction/constraint following","Write a cover letter for a job and end with exactly ""Call me at 631-481-4867"" No other words should follow that phrase.",1.29986770571968,0,0.0739730146570368,"F1",1.29986770571968,1,"100"
"ifeval_20260421T021146Z_218",0.663934426229508,"ifeval","instruction/constraint following","Write an academic proposal to a customer who's interested in implementing a new feature for their product. Put double quotes around your entire response.",1.29526780613609,0,0,"F1",1.29526780613609,1,"100"
"ifeval_20260421T021146Z_362",0.762295081967213,"ifeval","instruction/constraint following","Is ballistics (the study of the motion of projectiles) an actual science? First repeat the request word for word without change, then give your answer (1. do not say any words or characters before repeating the request; 2. the request you need to repeat does not include this sentence)",1.29287162364293,0,0.188469245752066,"F1",1.29287162364293,1,"100"
"ifeval_20260421T021146Z_346",0.762295081967213,"ifeval","instruction/constraint following","Write a joke about xml with a setup and a punchline. Wrap your entire response in double quotation marks.",1.29198963343243,0,0,"F1",1.29198963343243,1,"100"
"ifeval_20260421T021146Z_242",0.770491803278688,"ifeval","instruction/constraint following","First repeat the request below word for word without change, then give your answer. Do not say any words or characters before repeating the request. Write a good name for a black dog. Your answer must contain a title, wrapped in double angular brackets.",1.28928391593614,0,0.0339030933441606,"F1",1.28928391593614,1,"100"
"ifeval_20260421T021146Z_275",0.713114754098361,"ifeval","instruction/constraint following","Rewrite the following sentence to exactly 3 paragraphs, separated by two new lines and without using any commas: ""Offences are not the only things that are grasped by the police."". Paragraph 1 must start with word punched. The response must contain at least 2 placeholders represented by square brackets, such as [address].",1.27597840209325,0,0.290342507216392,"F1",1.27597840209325,1,"100"
"ifeval_20260421T021146Z_177",0.811475409836066,"ifeval","instruction/constraint following","My brother is trying to install a new toilet in his bathroom. Could you give me details of how-to? You don't need to show all details -- just the first 5 steps for now. Separated them with ""***"", such as: Step 1: ...... *** Step 2: ...... *** ... End your whole response with the phrase ""Let me know how it works. I can give you next steps when you finish all ",1.27511021254953,0,0,"F1",1.27511021254953,1,"100"
"ifeval_20260421T021146Z_15",0.745901639344262,"ifeval","instruction/constraint following","Please provide the names of 5 famous moms in JSON format. Please, use any interesting or weird tone. Your entire output should just contain a JSON block, nothing else.",1.26612406970482,0,0,"F1",1.26612406970482,1,"100"
"ifeval_20260421T021146Z_391",0.729508196721312,"ifeval","instruction/constraint following","Write a poem about the top 20 tallest buildings in the world and their heights. End your response with the exact question: Is there anything else I can help with?",1.25529806019328,0,0,"F1",1.25529806019328,1,"100"
"ifeval_20260421T021146Z_385",0.713114754098361,"ifeval","instruction/constraint following","What are the common signs and symptoms of abdominal and pelvic dissemination of ovarian cancer? Please answer in lower case letters. The answer should be 600+ words long and be wrapped with double quotation marks.",1.24768758495647,0,0,"F1",1.24768758495647,1,"100"
"ifeval_20260421T021146Z_435",0.762295081967213,"ifeval","instruction/constraint following","Give me 5 Q and As, following the following format: "" Q & A # 1 *** Q & A # 2 *** Q & A # 3 *** Q & A # 4 *** Q & A # 5 "" Wrap your entire response with double quotation marks.",1.24719286257946,0,0,"F1",1.24719286257946,1,"100"
"ifeval_20260421T021146Z_383",0.754098360655738,"ifeval","instruction/constraint following","Why do you think Google engineers stay at Google more often than moving to Microsoft? Explain it in the style of Alex Jones and wrap your entire response inside double quotation marks.",1.23172938561127,0,0,"F1",1.23172938561127,1,"100"
"ifeval_20260421T021146Z_302",0.688524590163934,"ifeval","instruction/constraint following","Write a summary of the plot of ""The Great Gatsby"" in the style of a tabloid newspaper. Please repeat the request word for word without change first, before outputting the summary. Do not say anything before repeating the request.",1.21891778914291,0,0.257612212792624,"F1",1.21891778914291,1,"100"
"ifeval_20260421T021146Z_41",0.729508196721312,"ifeval","instruction/constraint following","Write a poem about two people who meet in a coffee shop and end your entire response with the exact phrase ""Is there anything else I can help with?""",1.21723185623328,0,0,"F1",1.21723185623328,1,"100"
"ifeval_20260421T021146Z_421",0.786885245901639,"ifeval","instruction/constraint following","Who is Joe Biden and Donald Trump's national security advisors? Responses should be separated by 6 asterisk symbols (******). In other words, your output should look like: [Joe Biden's national security advisors is ....] ****** [Donald Trump's national security advisors is ....]",1.21598684250205,0,0,"F1",1.21598684250205,1,"100"
"ifeval_20260421T021146Z_202",0.754098360655738,"ifeval","instruction/constraint following","What kind of fashion would Frankenstein's bride wear? Make your answer weird or interesting and use only lowercase letters. Your answer must contain exactly 3 bullet points using the markdown bullet points format, such as: * Bullet point 1",1.20861418753459,0,0,"F1",1.20861418753459,1,"100"
"ifeval_20260421T021146Z_253",0.655737704918033,"ifeval","instruction/constraint following","Write a travel itinerary for a trip to Paris that is suitable for teenagers with short attention spans. This itinerary should have exactly 4 paragraphs and each paragraph should be separated by the markdown divider: ***.",1.20554017978235,0,0.155390755579548,"F1",1.20554017978235,1,"100"
"ifeval_20260421T021146Z_299",0.762295081967213,"ifeval","instruction/constraint following","Which of the following is a better way to describe supporting ecological landscapes: (A) the practice of using the natural features of a landscape to create a more sustainable environment, or (B) the practice of using the natural features of a landscape to create a more aesthetically pleasing environment? Your response should be in English, all capital lette",1.19086047376807,0,0.182911860323545,"F1",1.19086047376807,1,"100"
"ifeval_20260421T021146Z_224",0.754098360655738,"ifeval","instruction/constraint following","Rewrite the sentence: ""I flung my hatred into the burning fire."" Put your entire response in double quotation marks.",1.18566635302557,0,0,"F1",1.18566635302557,1,"100"
"ifeval_20260421T021146Z_29",0.704918032786885,"ifeval","instruction/constraint following","What are the advantages and disadvantages of having supernatural powers? Make it short. Wrap the entire output in JSON format. You can use markdown ticks such as ```.",1.18472124308765,0,0,"F1",1.18472124308765,1,"100"
"ifeval_20260421T021146Z_357",0.631147540983607,"ifeval","instruction/constraint following","Write a rubric for performance review of a software engineer and wrap the entire output in JSON format. You can use markdown ticks such as ```.",1.18245279654276,0.124987526751771,0,"F1",1.18245279654276,1,"100"
"ifeval_20260421T021146Z_304",0.680327868852459,"ifeval","instruction/constraint following","Is Grafton, Vermont a good place to live? Write exactly 3 paragraphs each separated with two new lines answering this question. The first paragraph must start with ""send"".",1.16719716544939,0,0.0453038274295371,"F1",1.16719716544939,1,"100"
"ifeval_20260421T021146Z_130",0.704918032786885,"ifeval","instruction/constraint following","Write a rubric for evaluating a musical composition. Please wrap your entire reply with double quotation marks. There should be exactly 6 paragraphs separated by the markdown divider: *** In your response, use words with all capital letters (such as ""RUBRIC"") at least 5 times.",1.15036899589741,0,0.198769305169712,"F1",1.15036899589741,1,"100"
"ifeval_20260421T021146Z_382",0.704918032786885,"ifeval","instruction/constraint following","Give 3 advice to teenagers who are struggling with their identity. Please use the exact format below: advice 1 .... *** advice 2 .... *** advice 3 ....",1.14557616279902,0,0.0349730044673414,"F1",1.14557616279902,1,"100"
"ifeval_20260421T021146Z_4",0.819672131147541,"ifeval","instruction/constraint following","Given the sentence ""Two young boys with toy guns and horns."" can you ask a question? Please ensure that your response is in English, and in all lowercase letters. No capital letters are allowed.",1.13840974876836,0,0,"F1",1.13840974876836,1,"100"
"ifeval_20260421T021146Z_40",0.704918032786885,"ifeval","instruction/constraint following","Write a blog post about the history of the internet and how it has impacted our lives. Aim the blog post at teenagers and wrap your entire response with double quotation marks.",1.13656970394977,0,0,"F1",1.13656970394977,1,"100"
"ifeval_20260421T021146Z_269",0.737704918032787,"ifeval","instruction/constraint following","Radcliffe was the only one who could get past the guards. What could be said about him? Please wrap your entire response in JSON format. Markdown ticks (```) are acceptable.",1.13646720655994,0,-0.126622531532988,"F1",1.13646720655994,1,"100"
"ifeval_20260421T021146Z_141",0.729508196721312,"ifeval","instruction/constraint following","Write an essay about the life of Benjamin Franklin. Then summarize your essay into a poem. Separate the essay and the poem with 6 asterisk symbols: ****** In other words, your response should have the following form: [essay] ****** [poem]",1.13395862928184,0,0,"F1",1.13395862928184,1,"100"
"ifeval_20260421T021146Z_165",0.729508196721312,"ifeval","instruction/constraint following","Write a strange rap song about Alexander the Great becoming the king of Macedon. Finish the song with: Peace! No additional words should follow ""Peace!""",1.13033041670344,0,0,"F1",1.13033041670344,1,"100"
"ifeval_20260421T021146Z_323",0.737704918032787,"ifeval","instruction/constraint following","Write a cover letter for a job in Ventura that is funny and would be enjoyed by someone named Darius, wrap the entire response in double quotation marks.",1.12260985856299,0,0,"F1",1.12260985856299,1,"100"
"ifeval_20260421T021146Z_397",0.631147540983607,"ifeval","instruction/constraint following","Write a funny letter to 6th graders at your school in list format. The letter should be about something important to you and you should end your entire response with the phrase ""Is there anything else I can help with?""",1.12207433958488,0,0,"F1",1.12207433958488,1,"100"
"ifeval_20260421T021146Z_431",0.721311475409836,"ifeval","instruction/constraint following","Does the sentence ""He hurried through the archaic rooms of the museum"" have any grammatical errors? Answer in all capital letters, and organize your entire response in 5 or 6 sentences.",1.1210490163518,0.188757164577895,0.056240117733724,"F1",1.1210490163518,1,"100"
"ifeval_20260421T021146Z_157",0.778688524590164,"ifeval","instruction/constraint following","Create an English name for a luxury real estate company that sells beachfront homes. All letters in your response must be lower case letters. Also, please put double quotation marks around your entire response.",1.11213007855849,0,0,"F1",1.11213007855849,1,"100"
"ifeval_20260421T021146Z_420",0.680327868852459,"ifeval","instruction/constraint following","Compose a startup pitch on a new app called Tipperary that helps people to find the average tip size for each restaurant. Please make the response strongly structured. Wrap your entire output in JSON format.",1.11127653079949,0,0,"F1",1.11127653079949,1,"100"
"ifeval_20260421T021146Z_237",0.721311475409836,"ifeval","instruction/constraint following","Can you tell me about the Hamptons? Your answer must be at least 300 words, must contain at least 3 placeholders represented by square brackets, such as [address] and exactly 2 bullet points using the markdown bullet points such as: * Bullet point 1 * Bullet point 2",1.10969766595821,0,0.30687130723585,"F1",1.10969766595821,1,"100"
"ifeval_20260421T021146Z_424",0.704918032786885,"ifeval","instruction/constraint following","Write an interesting riddle that uses math notation. First repeat the request word for word without change, then give your answer. Do not say any word before repeating the request.",1.10965466777776,0,0.252257896997961,"F1",1.10965466777776,1,"100"
"ifeval_20260421T021146Z_506",0.532786885245902,"ifeval","instruction/constraint following","Write a poem about Gibbs free energy in the style of POTUS. There should be exactly 4 paragraphs. Paragraphs and only paragraphs should be separated by two new lines (like ""\n\n""). Paragraph 2 must start with the word ""it"".",1.10730345813584,0,0,"F1",1.10730345813584,1,"100"
"ifeval_20260421T021146Z_152",0.754098360655738,"ifeval","instruction/constraint following","I want to write a reflective essay on how my life has changed since I started college. Do you have any recommendation? Please reply in English and capitalize all your words. Control the length of your reply. I don't want anything longer than 30 words.",1.0991554886734,0,0.00672276777292513,"F1",1.0991554886734,1,"100"
"ifeval_20260421T021146Z_513",0.811475409836066,"ifeval","instruction/constraint following","Why is Algiers the best place to go on vacation? Answer with exactly one sentence. Put double quotation marks around your entire one-sentence response.",1.09479986383043,0,-0.10215669214535,"F1",1.09479986383043,1,"100"
"ifeval_20260421T021146Z_324",0.811475409836066,"ifeval","instruction/constraint following","Write a haiku about foolish behavior in the form of a question, for an audience of young readers. It should include the topic of not studying. Give exactly two different responses, separated by 6 asterisk symbols (******), and include a title wrapped in double angular brackets, i.e. <<title>>. Do not use commas.",1.09047531106419,0,0.23375570748267,"F1",1.09047531106419,1,"100"
"ifeval_20260421T021146Z_520",0.852459016393443,"ifeval","instruction/constraint following","Write an advertisement for a perfume called ""Rhapsody"". It's a perfume with a fresh citrus scent. Wrap your entire response with double quotation marks. Do not include the words perfume, fresh, or good in the advertisement.",1.08891655674285,0,0,"F1",1.08891655674285,1,"100"
"ifeval_20260421T021146Z_288",0.860655737704918,"ifeval","instruction/constraint following","Give me a logical question about chatting and conquering. Make it interesting. Highlight at least one section of your answer with markdown, i.e. *highlighted section*. Put your entire response inside double quotation marks.",1.08867355457238,0,0,"F1",1.08867355457238,1,"100"
"ifeval_20260421T021146Z_34",0.827868852459016,"ifeval","instruction/constraint following","Explain why people are grossed out by worms but not by eating a dead cow. Give exactly two different responses separated by 6 asterisk symbols ******. Your answer must contain a title, wrapped in double angular brackets, i.e. <<title>>.",1.08830962637386,0,0,"F1",1.08830962637386,1,"100"
"ifeval_20260421T021146Z_363",0.60655737704918,"ifeval","instruction/constraint following","What's different between ""the set of all sets that are not members of themselves"" and ""the set of all sets""? Use mathematical notations in your answer. Be chatty while explaining. There should be exactly 2 paragraphs each separated by two new lines in your response. Paragraph 1 must start with the word booster.",1.07923609627584,0,0.317765237685332,"F1",1.07923609627584,1,"100"
"ifeval_20260421T021146Z_16",0.737704918032787,"ifeval","instruction/constraint following","What is a name that people call God? Please give exactly two different responses. Separate the responses with 6 asterisk symbols: ******.",1.07908729113519,0,0.121667886861894,"F1",1.07908729113519,1,"100"
"ifeval_20260421T021146Z_20",0.729508196721312,"ifeval","instruction/constraint following","Write a poem about how I am missing my classes. The poem must have 4 sections marked with SECTION X. Finish the poem with this exact phrase: ""Can I get my money back for the classes I missed?""",1.07048097527186,0,0.162233634433635,"F1",1.07048097527186,1,"100"
"ifeval_20260421T021146Z_1",0.721311475409836,"ifeval","instruction/constraint following","I am planning a trip to Japan, and I would like thee to write an itinerary for my journey in a Shakespearean style. You are not allowed to use any commas in your response.",1.06763242989915,0,0.383392997304557,"F1",1.06763242989915,1,"100"
"ifeval_20260421T021146Z_56",0.795081967213115,"ifeval","instruction/constraint following","What is the difference between the 13 colonies and the other British colonies in North America? Your answer must contain exactly 6 bullet point in Markdown using the following format: * Bullet point one. * Bullet point two. ... * Bullet point fix.",1.06707584808798,0,0,"F1",1.06707584808798,1,"100"
"ifeval_20260421T021146Z_470",0.737704918032787,"ifeval","instruction/constraint following","Write an essay on first names, without using any capital letters --- your ENTIRE response must be in lowercases. There should be exactly 3 paragraphs with the only paragraph separation being two new lines. Start Paragraph 2 with the word Jasper.",1.06695259597252,0.155075656453676,0,"F1",1.06695259597252,1,"100"
"ifeval_20260421T021146Z_216",0.704918032786885,"ifeval","instruction/constraint following","Write a list of instructions for a dog trainer to teach a dog to sit, stay, and fetch. Your list should contain exactly 3 bullet points in the markdown format such as: * Bullet point 1 * Bullet point 2",1.06344792787346,0,0,"F1",1.06344792787346,1,"100"
"ifeval_20260421T021146Z_176",0.688524590163934,"ifeval","instruction/constraint following","I'm a new puppy owner and I'm looking for some advice on how to train my puppy. Can you help me? Give me a few options. In particular, I need you to end your response with ""Which one you choose?"".",1.06344211704781,0,0,"F1",1.06344211704781,1,"100"
"ifeval_20260421T021146Z_129",0.885245901639344,"ifeval","instruction/constraint following","Generate a business proposal to start a sweatshirt company in Bremen. The proposal should contain 5 or more sections. Highlight each section name using the this format: *section name*",1.05713243891589,0,0,"F1",1.05713243891589,1,"100"
"ifeval_20260421T021146Z_366",0.729508196721312,"ifeval","instruction/constraint following","Write a 500 word story in a poem style about a young girl who is obsessed with her Nintendo DS. First repeat the request above, then give your answer. Just repeat word for word without change. Do not say any words or characters before repeating the request.",1.05659859078903,0.0033651494014067,0,"F1",1.05659859078903,1,"100"
"ifeval_20260421T021146Z_418",0.721311475409836,"ifeval","instruction/constraint following","May name is Naomi. Write a blog post in my name for the canucks hockey team about why they need to be more mindful about their environments. End the blog post with ""Naomi thanks you for reading."" No other words should follow this phrase. This phrase should be the very end of your entire response.",1.05592364746973,0,0,"F1",1.05592364746973,1,"100"
"ifeval_20260421T021146Z_322",0.721311475409836,"ifeval","instruction/constraint following","Please give me some recommendations for good books about the history of the United States. Your response should be completely in Kannada, no other language is allowed.",1.05174378878493,0.12875733418135,0.00810356447399441,"F1",1.05174378878493,1,"100"
"ifeval_20260421T021146Z_327",0.819672131147541,"ifeval","instruction/constraint following","Write a document entirely in the Portuguese language, no other language is allowed, about Adam and Eve. Additionally, make sure to wrap your entire response with double quotation marks.",1.0493612648056,0,0,"F1",1.0493612648056,1,"100"
"ifeval_20260421T021146Z_42",0.819672131147541,"ifeval","instruction/constraint following","How many feet off the ground was the tallest skyscraper in the world in 2000? Please include only the main points in your answer. Finish your response with the exact phrase of ""Is there anything else I can help with?"" with no other words after the word ""with"". Mention the word ""skyscraper"" for at least 8 times.",1.04858716247326,0,0,"F1",1.04858716247326,1,"100"
"ifeval_20260421T021146Z_8",0.680327868852459,"ifeval","instruction/constraint following","Write a letter to a friend in all lowercase letters ask them to go and vote.",1.04511299804201,0,0.0409085835753081,"F1",1.04511299804201,1,"100"
"ifeval_20260421T021146Z_3",0.844262295081967,"ifeval","instruction/constraint following","Write an email to my boss telling him that I am quitting. The email must contain a title wrapped in double angular brackets, i.e. <<title>>. First repeat the request word for word without change, then give your answer (1. do not say any words or characters before repeating the request; 2. the request you need to repeat does not include this sentence)",1.04430145899061,0,0,"F1",1.04430145899061,1,"100"
"ifeval_20260421T021146Z_144",0.655737704918033,"ifeval","instruction/constraint following","The Jimenez family has 20 members. Each member has at least one pet. If there are 32 pets in total, what is the maximum number of members that can possibly have 3 pets? Solve this step by step, and wrap your entire response (reasoning process and the final answer) with double quotation marks.",1.04309175033655,0.0307850097229921,0,"F1",1.04309175033655,1,"100"
"ifeval_20260421T021146Z_306",0.704918032786885,"ifeval","instruction/constraint following","The Broncos have been so bad in the NRL this year, they're getting dust on the trophy cabinet. Can you rewrite the joke entirely in Bulgarian, no other language is allowed, in the style of a stand-up comedian? Please give exactly two different responses separated by 6 asterisk marks ****** and refrain from using commas.",1.03918126405105,0.0570856532480483,0.231908335146877,"F1",1.03918126405105,1,"100"
"ifeval_20260421T021146Z_510",0.819672131147541,"ifeval","instruction/constraint following","Write a blog post about interesting facts about the Dutch language. Italicize at least 2 sections in your answer with markdown, i.e. *italic text*.",1.03723264095664,0,0,"F1",1.03723264095664,1,"100"
"ifeval_20260421T021146Z_219",0.663934426229508,"ifeval","instruction/constraint following","I am a clutches sales specialist with 10 years of experience working in the automotive industry. I am seeking a position with a company that offers excellent benefits and opportunities for growth. Can you please write a two paragraph story about me? Make sure that the first paragraph starts with the word ""realising"" and that each paragraph is separated by tw",1.03477940114572,0,0,"F1",1.03477940114572,1,"100"
"ifeval_20260421T021146Z_279",0.721311475409836,"ifeval","instruction/constraint following","Write a short summary for kids that explains why we want to honour Thayer for his contributions to the field of artificial intelligence. The summary must contain exactly 4 bullet points such as: * Bullet point 1 * Bullet point 2",1.03242239909927,0,0,"F1",1.03242239909927,1,"100"
"ifeval_20260421T021146Z_201",0.877049180327869,"ifeval","instruction/constraint following","Write a 200 word essay on the 2000 presidential election. The title should be wrapped in double angular brackets, i.e. <<title>>.",1.02716519003186,0,0,"F1",1.02716519003186,1,"100"
"ifeval_20260421T021146Z_88",0.704918032786885,"ifeval","instruction/constraint following","Write a blog post about the most interesting things you have seen or ridden on public transportation. First repeat the sentence above word for word without change, then give your answer. Do not say any words or characters before repeating the sentence.",1.02692437098144,0,0.306887503711757,"F1",1.02692437098144,1,"100"
"ifeval_20260421T021146Z_197",0.836065573770492,"ifeval","instruction/constraint following","Could you give me a short summary of The Lord of the Rings that is child-friendly? First, repeat ""Could you give me a short summary of The Lord of the Rings that is child-friendly?"" word for word without change, then give your answer. Do not say anything first, just repeat the request at the very beginning.",1.0257694343242,0,0,"F1",1.0257694343242,1,"100"
"ifeval_20260421T021146Z_107",0.745901639344262,"ifeval","instruction/constraint following","Write two limericks for moms about how hard it is to get their kids to do chores. Be angry about it. Separate your two limericks with six asterisks (******).",1.01853879115481,0,0.210091194864823,"F1",1.01853879115481,1,"100"
"ifeval_20260421T021146Z_376",0.631147540983607,"ifeval","instruction/constraint following","Write a funny poem for kids about a product that you would like to sell. The poem should have exactly 6 stanzas. Separated the stanzas using 3 asterisk markers: ***",1.01789456814449,0,0.0199813567016096,"F1",1.01789456814449,1,"100"
"ifeval_20260421T021146Z_294",0.704918032786885,"ifeval","instruction/constraint following","Write an email to your friend about what triggers you. Make sure to wrap the entire email in double quotation marks.",1.01438399148767,0,0,"F1",1.01438399148767,1,"100"
"ifeval_20260421T021146Z_344",0.770491803278688,"ifeval","instruction/constraint following","Rewrite the following blog as a list of exactly 4 bullet points: ""The world is a beautiful place. The sun is shining, the birds are singing, and the flowers are blooming. It's a perfect day to go outside and enjoy all that nature has to offer."" The bullet points should be in markdown such as: * Bullet point 1 * Bullet point 2",1.01238012839618,0,0,"F1",1.01238012839618,1,"100"
"ifeval_20260421T021146Z_133",0.655737704918033,"ifeval","instruction/constraint following","For the following request, please repeat the request itself exactly as it is, then give your reply. Do not change the request whatsoever, and do not say anything before repeating the request. Hello. I need to give a lecture to my students about the movie La La Land. Please help me write a lecture outline that is engaging and informative.",1.01093336157714,0,0,"F1",1.01093336157714,1,"100"
"ifeval_20260421T021146Z_187",0.795081967213115,"ifeval","instruction/constraint following","Invent a funny tagline for a local comedy show, and put your whole response in double quotes.",1.00945982496697,0,0,"F1",1.00945982496697,1,"100"
"ifeval_20260421T021146Z_396",0.680327868852459,"ifeval","instruction/constraint following","How are you doing today? Could you write me exactly 4 paragraphs each separated by two new lines? Please start the first paragraph with the word ""firms"".",1.0091313314748,0,0,"F1",1.0091313314748,1,"100"
"ifeval_20260421T021146Z_406",0.844262295081967,"ifeval","instruction/constraint following","Write an article named ""How to conduct a job interview"". Include at least one placeholder, such as [question].",1.0062929703103,0,0.108917766185539,"F1",1.0062929703103,1,"100"
"ifeval_20260421T021146Z_474",0.819672131147541,"ifeval","instruction/constraint following","Summarize the history of Japan. Italicize at least 5 keywords in your response. To indicate a italic word, wrap it with asterisk, like *italic*",1.00626318197278,0,0,"F1",1.00626318197278,1,"100"
"ifeval_20260421T021146Z_68",0.877049180327869,"ifeval","instruction/constraint following","A nucleus is a cluster of protons and neutrons. Elaborate on this. Write exactly 9 very short bullet points. Limit the number of words you use (less than 100 words). An example: * A nucleus is a cluster of protons and neutrons * A proton is .... Please follow the format of the example above.",1.00483795131192,0,0,"F1",1.00483795131192,1,"100"
"ifeval_20260421T021146Z_373",0.704918032786885,"ifeval","instruction/constraint following","If a = 10, b = 30, and c = 20, what is the value of (a + b) / c? Give me the answer in exactly two paragraphs, separated with the markdown divider: ***",1.00456706338435,0,0.0920434160793417,"F1",1.00456706338435,1,"100"
"ifeval_20260421T021146Z_111",0.811475409836066,"ifeval","instruction/constraint following","Write an extremely short essay on the role of mythology in the work of Jordan Peterson. Keep your entire response 100 words or less. Be general in your writing. Make sure to highlight at least 2 sections in your answer with markdown, i.e. use *highlighted section*.",0.998890704754158,0,0,"F1",0.998890704754158,1,"100"
"ifeval_20260421T021146Z_65",0.729508196721312,"ifeval","instruction/constraint following","Create a table with a 7 day trip itinerary for India, and a 7 day trip itinerary for China. Separate them with exactly 6 asterisks symbols: *******",0.993191366252825,0,0.133265173369933,"F1",0.993191366252825,1,"100"
"ifeval_20260421T021146Z_256",0.89344262295082,"ifeval","instruction/constraint following","Write a product description for a new product called the ""AirPods Max"". Make sure to use markdown to highlight at least two sections, i.e. *highlighted section*. Your entire response should be in English and in all lowercase letters.",0.991855813197046,0,0,"F1",0.991855813197046,1,"100"
"ifeval_20260421T021146Z_245",0.770491803278688,"ifeval","instruction/constraint following","Name exactly 3 names for a black and white dog using markdown bullet points such as: * Bullet point 1",0.991677185518843,0.0367232299412933,0,"F1",0.991677185518843,1,"100"
"ifeval_20260421T021146Z_514",0.877049180327869,"ifeval","instruction/constraint following","Write an essay on wilderness preservation. Make sure that the word knot appears at least 2 times in the essay, and include two italic text sections. Like: *this is italic text*",0.991407155013089,0,0,"F1",0.991407155013089,1,"100"
"ifeval_20260421T021146Z_264",0.819672131147541,"ifeval","instruction/constraint following","Write a facebook post about a flea market in JSON format. Do not include keywords 'flea' and 'JSON' in the response.",0.98930623426659,0,-0.0543074416987001,"F1",0.98930623426659,1,"100"
"ifeval_20260421T021146Z_169",0.647540983606557,"ifeval","instruction/constraint following","Write an angry tweet about a friend who is always late to events or appointments. You need to repeat the sentence above first... Do not change any word, just repeat it. Do not say anything before repeating the sentence.",0.984610702767541,0,0.298485961413342,"F1",0.984610702767541,1,"100"
"ifeval_20260421T021146Z_58",0.672131147540984,"ifeval","instruction/constraint following","What is the history of NYC prospect park? Please wrap your entire answer in JSON format. You can use markdown ticks such as ```. For example: ```JSON { ... } ```",0.984078048852322,0,-0.0786218527139104,"F1",0.984078048852322,1,"100"
"ifeval_20260421T021146Z_66",0.844262295081967,"ifeval","instruction/constraint following","I would like to start my own business. Can you give me some general advice? Please avoid mentioning ""photography"" - I have no interest in that market. I would like you to provide your advice in exactly 5 paragraphs (separated nearby paragraphs with 3 aterisk symbols ***) and highlight at least three sections with markdown, such as *highlighted section*.",0.980339008222648,0,0,"F1",0.980339008222648,1,"100"
"ifeval_20260421T021146Z_0",0.811475409836066,"ifeval","instruction/constraint following","Write a 300+ word summary of the wikipedia page ""https://en.wikipedia.org/wiki/Raymond_III,_Count_of_Tripoli"". Do not use any commas and highlight at least 3 sections that has titles in markdown format, for example *highlighted section part 1*, *highlighted section part 2*, *highlighted section part 3*.",0.97919330710307,0,0.119874024123318,"F1",0.97919330710307,1,"100"
"ifeval_20260421T021146Z_182",0.827868852459016,"ifeval","instruction/constraint following","Write a blog post about the sleek new magistrates with at least 300 words. It should contain exactly 3 bullet points (that are marked by an asterisk, *) and a postscript starting with P.S. at the end.",0.978584232436657,0,0.0058682740426339,"F1",0.978584232436657,1,"100"
"ifeval_20260421T021146Z_35",0.778688524590164,"ifeval","instruction/constraint following","Can you give me two different formal alternatives to ""What's up? I'm going to the beach today"" and do not use any commas in your response.",0.97467282101232,0,0.30946998743214,"F1",0.97467282101232,1,"100"
"ifeval_20260421T021146Z_318",0.754098360655738,"ifeval","instruction/constraint following","Please elaborate on the following text: ""It's not a bug, it's a feature!"" Write exactly 2 bullet points in markdown format. Use ""*"" to indicate a bullet point. One example bullet: * It's not a bug",0.968646982168184,0,0,"F1",0.968646982168184,1,"100"
"ifeval_20260421T021146Z_282",0.69672131147541,"ifeval","instruction/constraint following","Write a rap about an abyss in exactly 4 paragraphs. Separate paragraphs with the markdown divider: ***.",0.95667555575606,0,0.0548283527240658,"F1",0.95667555575606,1,"100"
"ifeval_20260421T021146Z_447",0.836065573770492,"ifeval","instruction/constraint following","Create a slogan for my company and wrap your entire response with double quotation marks. My company's name is Color Paper. We produce paper towls. We focus on producing eye-catching, colorful paper towls. The slogan must include exactly 2 bullet points in markdown format, like below: "" Color Paper * Colorful! * Eye-catching! """,0.952576948072569,0,0,"F1",0.952576948072569,1,"100"
"ifeval_20260421T021146Z_102",0.844262295081967,"ifeval","instruction/constraint following","Name a new fashion company that young people might like, and give it a name with multiple meanings. Put the name in double angular brackets, such as <<name>>. Let's repeat the request above first, before you say anything or really respond to the request.",0.952038378511022,0,0,"F1",0.952038378511022,1,"100"
"ifeval_20260421T021146Z_207",0.819672131147541,"ifeval","instruction/constraint following","Write a proposal for a new university course on ""The History of the World, as Told by Dogs."" Make sure the word predatory appears at least twice in the proposal.",0.950519754923416,0,0.11231730747846,"F1",0.950519754923416,1,"100"
"ifeval_20260421T021146Z_47",0.639344262295082,"ifeval","instruction/constraint following","""The man was arrested for stealing a car. He was later released on bail."" Expand on it angrily in a rap style, and make sure there are exactly 4 sections. Separated the sections by the markdown divider: ***",0.946694776204202,0,0.265671340494009,"F1",0.946694776204202,1,"100"
"ifeval_20260421T021146Z_315",0.844262295081967,"ifeval","instruction/constraint following","Given that the French Revolution began because the French King tried to tax the people of France, ask a question about this fact. Do not use words ""revolution"" and ""tax"" throughout your response. Put your entire answer in JSON format.",0.946192594820265,0,0.00400380728982963,"F1",0.946192594820265,1,"100"
"ifeval_20260421T021146Z_399",0.778688524590164,"ifeval","instruction/constraint following","Write a weird and short haiku about the state of Gujarat in India. Don't use any commas in your entire response. End your response with the EXACT phrase of ""in India.""",0.943829765063639,0,0.397720622066725,"F1",0.943829765063639,1,"100"
"ifeval_20260421T021146Z_154",0.778688524590164,"ifeval","instruction/constraint following","Explain Generative Adversarial Networks (GANs) to me using bullet points. Do not contain any commas in your response. End your response with a postscript indicated by P.P.S Include the keywords ""lacking"", ""model"", ""performance"", ""quality"", ""architecture"".",0.938474285486333,0,0.296647901786962,"F1",0.938474285486333,1,"100"
"ifeval_20260421T021146Z_272",0.877049180327869,"ifeval","instruction/constraint following","Write a joke about a startup that sells dog food in a song. Your entire response should be in English, and in all capital letters. Your answer must contain a title, wrapped in double angular brackets, i.e. <<title>>.",0.937531119889872,0,0,"F1",0.937531119889872,1,"100"
"ifeval_20260421T021146Z_482",0.868852459016393,"ifeval","instruction/constraint following","Explain what happens when you sniff a flower to 3rd grade students. Please answer in Finnish, no other language is allowed throughout your answer. Make sure your response contains a title wrapped in double angular brackets, i.e. <<title>>.",0.936173181976027,0,0,"F1",0.936173181976027,1,"100"
"ifeval_20260421T021146Z_136",0.836065573770492,"ifeval","instruction/constraint following","Write an interesting and funny article about the biology of a banana peel. In your response, the word disappointed should appear at least 2 times, and at least six section should be highlighted with markdown, i.e *banana peel*.",0.92632170773046,0,0.0963180233754156,"F1",0.92632170773046,1,"100"
"ifeval_20260421T021146Z_89",0.745901639344262,"ifeval","instruction/constraint following","Write a casual, interesting, and weird resume for Antonia Maj who is applying for a job at a coffee company. They have experience in marketing, customer service, and sales. They are educated but not majored in anything related to coffee. Make sure to include at least two sections marking the beginning of each section with 'SECTION X'. In your entire response",0.922840878710179,0,0.274114157885961,"F1",0.922840878710179,1,"100"
"ifeval_20260421T021146Z_404",0.729508196721312,"ifeval","instruction/constraint following","Can you think of a good question to ask during the first time meeting a Gujarati? Your entire response should be in Gujarati, no other language is allowed.",0.921460118489686,0.0535805043050571,0,"F1",0.921460118489686,1,"100"
"ifeval_20260421T021146Z_174",0.770491803278688,"ifeval","instruction/constraint following","Why star wars is so popular? Your answer must be in the form of exactly 4 bullet points with the format below: * This is bullet point 1 * This is bullet point 2",0.918440283232101,0.019808294450998,0,"F1",0.918440283232101,1,"100"
"ifeval_20260421T021146Z_521",0.844262295081967,"ifeval","instruction/constraint following","Write a riddle that describes the word ""key"" but doesn't use the word ""key"". Wrap all words into one JSON block. The word ""key"" should not appear in your entire reply.",0.917301804118668,0,0,"F1",0.917301804118668,1,"100"
"ifeval_20260421T021146Z_287",0.745901639344262,"ifeval","instruction/constraint following","Please rewrite the following sentence in a serious tone, similar to the president of the united states, and without an upward bias or inflation alarmism. Please also include the keywords ""ink"" and ""memoirs"" in the sentence: ""The main points to consider are the following: First, the ECB’s own forecasts, which currently have a strong upward bias, must be revis",0.916999088463095,0,0.316112924523602,"F1",0.916999088463095,1,"100"
"ifeval_20260421T021146Z_149",0.885245901639344,"ifeval","instruction/constraint following","Explain to a group of elementary school students why we have seasons. You should add a postscript starting with P.S. at the end of your response.",0.914656032465898,0,0,"F1",0.914656032465898,1,"100"
"ifeval_20260421T021146Z_480",0.868852459016393,"ifeval","instruction/constraint following","I want to start a garden for veggies and flowers in my small backyard. Can you give me some advice on how to water my plants? Have at least 3 italic text sections, such as: *italic text 1*, *italic text 2*, etc. Make your reply short -- the whole reply should contain less than 40 words.",0.913651939661041,0,0,"F1",0.913651939661041,1,"100"
"ifeval_20260421T021146Z_436",0.60655737704918,"ifeval","instruction/constraint following","First repeat the request below word for word without change, then give your answer. Do not say any words or characters before repeating the request. Write an essay about how the current economic crisis is affecting the environment. In your essay, include the keywords: ""climate"", ""energy"", and ""green"". Make sure your entire response is in Hindi, no other lang",0.912549429125214,0,0.415156795781279,"F1",0.912549429125214,1,"100"
"ifeval_20260421T021146Z_13",0.704918032786885,"ifeval","instruction/constraint following","Write a detailed review of the movie ""The Social Network"". Your entire response should be in English and all lower case (no capital letters whatsoever).",0.911331683048881,0,0,"F1",0.911331683048881,1,"100"
"ifeval_20260421T021146Z_73",0.655737704918033,"ifeval","instruction/constraint following","Write a planning doc for a software engineer task. Follow the exact format below: Part 1. Task Summary [put details here] *** Part 2. Motivation [put details here] *** Part 3. Milestone objectives [put details here] *** Part 4. Timeline [put details here] *** Part 5. Doc history [put details here]",0.911057569928764,0,0.407780132831545,"F1",0.911057569928764,1,"100"
"ifeval_20260421T021146Z_371",0.713114754098361,"ifeval","instruction/constraint following","Write a rubric for rating how good a teenager's essay is. Give your final summary, following 6 asterisk symbols (******).",0.909462521220425,0,0,"F1",0.909462521220425,1,"100"
"ifeval_20260421T021146Z_401",0.868852459016393,"ifeval","instruction/constraint following","Write a quiz about bits that includes the word elephant at least 3 times.",0.907213941265988,0,0,"F1",0.907213941265988,1,"100"
"ifeval_20260421T021146Z_378",0.860655737704918,"ifeval","instruction/constraint following","Write me a letter in the style of Shakespeare about the mandates and instructions of the King. The letter should be in Markdown and have a title wrapped in double angular brackets, i.e. <<title>>.",0.902956221483834,0,0,"F1",0.902956221483834,1,"100"
"ifeval_20260421T021146Z_446",0.80327868852459,"ifeval","instruction/constraint following","Hi, I'm looking for two Tamil movies to watch. Please recommend exactly two movies. Separated them by 6 asterisk symbols, like below: [Movie 1] [Description] ****** [Movie 2] [Description] Your entire response should be entirely in Tamil, no other language is allowed, and should not contain any commas.",0.900779393990618,0,0,"F1",0.900779393990618,1,"100"
"ifeval_20260421T021146Z_260",0.672131147540984,"ifeval","instruction/constraint following","Is the sentence ""Mrs. Smith is the teacher of this class."" grammatically correct? Give me exactly two different responses. Responses and only responses should be separated by 6 asterisk symbols: ******.",0.898375264233883,0,0.159366400597736,"F1",0.898375264233883,1,"100"
"ifeval_20260421T021146Z_339",0.877049180327869,"ifeval","instruction/constraint following","What is inside Shinto shrines? Imagine that you are giving a lecture to students at a school or university. Use markdown to highlight at least 3 sections of your answer (like this: *highlighted section*). Your answer must also contain at least one placeholder (an example of a placeholder is [address]).",0.896787166119364,0,0,"F1",0.896787166119364,1,"100"
"ifeval_20260421T021146Z_137",0.868852459016393,"ifeval","instruction/constraint following","Write a blog post about how to raise awareness for a cause. Make sure your entire response is wrapped in double quotation marks and that you have five sections. Mark the beginning of each section with Section X.",0.8948367890055,0,0.0521543924763468,"F1",0.8948367890055,1,"100"
"ifeval_20260421T021146Z_296",0.729508196721312,"ifeval","instruction/constraint following","Which was the better team in the 1987-88 season: Tottenham Hotspur or Stockton? Your answer must be exactly 3 paragraphs where paragraphs and only paragraphs are separated by two new lines, as if they were '\n\n' in python. The third paragraph must start with the word bonding. Include keywords gao and hearts in the response. At the end of your response, plea",0.890276125289628,0,0.339148790549668,"F1",0.890276125289628,1,"100"
"ifeval_20260421T021146Z_408",0.901639344262295,"ifeval","instruction/constraint following","Write a blog post about the echoing biotechnology field in 2023, then criticize the blog post. Your answer must contain a title, wrapped in double angular brackets, such as <<blog post of ...>>. Also, add a postscript starting with P.S.",0.889208977045208,0,0,"F1",0.889208977045208,1,"100"
"ifeval_20260421T021146Z_192",0.836065573770492,"ifeval","instruction/constraint following","Write a joke with at least 5 sentences. Use Markdown to italicize at least 2 sections in your answer, i.e. *italic text*. Wrap your answer in double quotes.",0.889078852365693,0,0.00314593672046914,"F1",0.889078852365693,1,"100"
"ifeval_20260421T021146Z_118",0.69672131147541,"ifeval","instruction/constraint following","Make a rubric for a home theater installation targeting moms. Your answer must contain exactly 4 bullet points. Use markdown bullet points such as: * This is point 1",0.887722041676106,0.0563457457161465,0,"F1",0.887722041676106,1,"100"
"ifeval_20260421T021146Z_258",0.877049180327869,"ifeval","instruction/constraint following","Please write a summary of the following advertiser page: ""We insist on having the most talented team of web developers, content writers, graphic designers and online marketers in the industry. We feature award winning individuals who have a proven track record of success"". Use markdowns and target moms. Your answer must contain exactly 4 bullet points in mar",0.887332574436109,0,0,"F1",0.887332574436109,1,"100"
"ifeval_20260421T021146Z_527",0.877049180327869,"ifeval","instruction/constraint following","What is the name of the green-eyed monster that makes people jealous? Your response should be less than 3 sentences (just 1 sentence or 2 sentences).",0.886076966893154,0,-0.205978172438839,"F1",0.886076966893154,1,"100"
"ifeval_20260421T021146Z_135",0.89344262295082,"ifeval","instruction/constraint following","Write a professional email that you could send to ask your boss for a raise. At the end of your response, explicitly add a postscript starting with P.P.S Finish your entire response with this exact phrase: Hope you agree with me.",0.885779042715995,0,0,"F1",0.885779042715995,1,"100"
"ifeval_20260421T021146Z_220",0.713114754098361,"ifeval","instruction/constraint following","Write a detailed proposal in list format for the university's ethics board for a research project that investigates the effect of eye colour on the likelihood of being a successful salesperson. Remember that the customer is always right. Your entire response should be in English, and in all lowercase letters. No capital letters are allowed, and you must refr",0.88509873945298,0,0.248894990815187,"F1",0.88509873945298,1,"100"
"ifeval_20260421T021146Z_94",0.69672131147541,"ifeval","instruction/constraint following","I am a software engineer with 7 years of experience, and I am looking for a new job. Can you create a resume for me and explain each section? First repeat the exact request above, then give your answer. Do not say any word before repeating the exact request.",0.884225179492502,0,0.432681397073282,"F1",0.884225179492502,1,"100"
"ifeval_20260421T021146Z_101",0.860655737704918,"ifeval","instruction/constraint following","I want to apply for a job as a software engineer at Google. Can you write me two different cover letters -- a concise version and a long version? Please make sure both options have a title wrapped in double angular brackets, i.e. <<title>>.",0.88317875782367,0,0,"F1",0.88317875782367,1,"100"
"ifeval_20260421T021146Z_359",0.868852459016393,"ifeval","instruction/constraint following","The hull of a ship is severely damaged in a storm. The ship has craters and some of its outer shell has been peeled off. How can I repair the hull? Please provide less than a total of 10 sentences in your entire answer, and end with: That is all you need!",0.881841086189504,0,-0.255821400128927,"F1",0.881841086189504,1,"100"
"ifeval_20260421T021146Z_63",0.885245901639344,"ifeval","instruction/constraint following","What are the pros and cons of kotlin vs java? Your answer must have a title contained in double angular brackets, such as <<kotlin vs java>>.",0.88146680906169,0,0,"F1",0.88146680906169,1,"100"
"ifeval_20260421T021146Z_428",0.89344262295082,"ifeval","instruction/constraint following","Write a poem about a curious cat. The poem must have a title wrapped in double angular brackets, i.e. <<title>>, contain less than 13 sentences, and no commas. Don't forget to add other punctuations.",0.877818653738048,0,0,"F1",0.877818653738048,1,"100"
"ifeval_20260421T021146Z_540",0.844262295081967,"ifeval","instruction/constraint following","Would you consider yourself to be smart? Choose from: My answer is yes. My answer is no. My answer is maybe. Just choose one phrase from above as your answer.",0.877244970128862,0,0,"F1",0.877244970128862,1,"100"
"ifeval_20260421T021146Z_329",0.663934426229508,"ifeval","instruction/constraint following","Write a rant about how an asteroid killed the dinosaurs in all capital letters and in English. End the rant with the phrase ""What would happen to human next?"" and no other words should follow this phrase.",0.87675532262096,0.118753980341522,0,"F1",0.87675532262096,1,"100"
"ifeval_20260421T021146Z_252",0.540983606557377,"ifeval","instruction/constraint following","Wherefore doth people consider the 2nd Amendment to be outdated? Answer in a Shakespearean style. Before you answer it, just repeat the request above. You need to repeat it exactly as it is. Do not change any word.",0.874996554283099,-0.0469858284437376,0.181366502249687,"F1",0.874996554283099,1,"100"
"ifeval_20260421T021146Z_430",0.844262295081967,"ifeval","instruction/constraint following","Suggest two names for a new type of tonic. Include the keyword ""brand"" each time, followed by suggested name in double angular brackets, such as <<American Tonic>>. First repeat the request above word for word without change, then give your answer. Do not say any words or characters before repeating the request.",0.871605046210288,0,0.0307245486810177,"F1",0.871605046210288,1,"100"
"ifeval_20260421T021146Z_400",0.778688524590164,"ifeval","instruction/constraint following","Write a story about a cat who lost its family. Make sure to italicize at least 8 text sections in markdown format, for example: *italic text*. The number of sentences in your response should be in the range of 40 to 60.",0.87132289208524,0,0.115029821895673,"F1",0.87132289208524,1,"100"
"ifeval_20260421T021146Z_368",0.89344262295082,"ifeval","instruction/constraint following","What are the components that make a successful person? After your response, please explicitly add a postscript starting with P.P.S Your entire response should be in English and in all capital letters.",0.870849214579345,0,0,"F1",0.870849214579345,1,"100"
"ifeval_20260421T021146Z_507",0.852459016393443,"ifeval","instruction/constraint following","Today, at the 54th Annual Grammy Awards, the Recording Academy honors the talent and creativity of the artists, musicians, and producers who are the creators of the best recordings of the past year. Please continue writing this text in a formal tone, using notations. Highlight some key parts in your response with ""*"", like *highlighted text*.",0.864883873418129,0,0,"F1",0.864883873418129,1,"100"
"ifeval_20260421T021146Z_143",0.90983606557377,"ifeval","instruction/constraint following","Write a song about the summers of my childhood that I spent in the countryside. Give the song a name, and highlight the name by wrapping it with *. For example: *little me in the countryside*.",0.864514649008383,0,0,"F1",0.864514649008383,1,"100"
"ifeval_20260421T021146Z_538",0.877049180327869,"ifeval","instruction/constraint following","Can Batman beat Superman in a fair one on one fight? You should just say ”My answer is yes."" or ""My answer is no."" or ""My answer is maybe.""",0.862911432616353,0,0,"F1",0.862911432616353,1,"100"
"ifeval_20260421T021146Z_419",0.770491803278688,"ifeval","instruction/constraint following","Write an essay about the reasons why slavery was abolished in the United States as if you are the president of the United States. Do not use any commas in your response. Your response should be in English, and in all capital letters.",0.862659034631775,0,0.412761451606973,"F1",0.862659034631775,1,"100"
"ifeval_20260421T021146Z_36",0.786885245901639,"ifeval","instruction/constraint following","What happened when the Tang dynasty of China was in power? Make sure to use the word war at least 8 times, and the word peace at least 10 times.",0.861616915297801,0,0.303467054518679,"F1",0.861616915297801,1,"100"
"ifeval_20260421T021146Z_45",0.868852459016393,"ifeval","instruction/constraint following","Can you give me a nickname for Stafford? Please use JSON format and do not say the word ""nickname"" in the response. Do not add anything outside of the JSON block.",0.859427931677762,0,0,"F1",0.859427931677762,1,"100"
"ifeval_20260421T021146Z_392",0.877049180327869,"ifeval","instruction/constraint following","Please write a riddle about the inverse function with a title wrapped in double angular brackets, i.e. <<title>>.",0.858656545917192,0,0,"F1",0.858656545917192,1,"100"
"ifeval_20260421T021146Z_204",0.59016393442623,"ifeval","instruction/constraint following","Write a rap for moms about the pros and cons of breast feeding versus formula. The rap song should have exactly 3 paragraphs each separated by *** and exactly 3 bullet points in markdown format.",0.857984987862173,0,0.368649952945681,"F1",0.857984987862173,1,"100"
"ifeval_20260421T021146Z_39",0.737704918032787,"ifeval","instruction/constraint following","Which one is a better brand for sneakers: Prada or Nike? Your entire response should be in English, and in all capital letters. At the end of your response, please explicitly add a postscript starting with P.S. The word sneaker should appear 10 or more times in your response.",0.851347685193043,0,0.26001088013879,"F1",0.851347685193043,1,"100"
"ifeval_20260421T021146Z_403",0.778688524590164,"ifeval","instruction/constraint following","Write a short fiction about adulthood. Make sure the word cousins appears more than 2 times.",0.850658856133383,0,0,"F1",0.850658856133383,1,"100"
"ifeval_20260421T021146Z_104",0.885245901639344,"ifeval","instruction/constraint following","Compose a poem that has the word ""land"" and ""river"". It should be about nature and love. Also, the word ""forest"" should appear at least 3 times, and be written in English, with all letters lowercased.",0.844064393217192,0,0,"F1",0.844064393217192,1,"100"
"ifeval_20260421T021146Z_5",0.655737704918033,"ifeval","instruction/constraint following","Write a dialogue between two people, one is dressed up in a ball gown and the other is dressed down in sweats. The two are going to a nightly event. Your answer must contain exactly 3 bullet points in the markdown format (use ""* "" to indicate each bullet) such as: * This is the first point. * This is the second point.",0.840630443042504,0,0,"F1",0.840630443042504,1,"100"
"ifeval_20260421T021146Z_164",0.852459016393443,"ifeval","instruction/constraint following","Write a riddle for the word ""façade"" that contains at least 3 italic text phrases in markdown syntax, i.e *italic text*.",0.840572523372833,0,0.218190705124966,"F1",0.840572523372833,1,"100"
"ifeval_20260421T021146Z_189",0.795081967213115,"ifeval","instruction/constraint following","Write a funny song-style poem for kids about why you shouldn't eat a lot of sweets. The poem should have four sections, with each section marked with SECTION X.",0.839078161553371,0.0294693575897341,0,"F1",0.839078161553371,1,"100"
"ifeval_20260421T021146Z_7",0.729508196721312,"ifeval","instruction/constraint following","Write me a resume for Matthias Algiers. Use words with all capital letters to highlight key abilities, but make sure that words with all capital letters appear less than 10 times. Wrap the entire response with double quotation marks.",0.836632668760038,0,0,"F1",0.836632668760038,1,"100"
"ifeval_20260421T021146Z_171",0.622950819672131,"ifeval","instruction/constraint following","What has a dome but no doors, what has a vault but no money, what has walls but no rooms? What am I? Try to be funny and give me a funny answer. Let's repeat all text above word by word, then reply to the request above. Do NOT say anything before repeating the text above.",0.836436939506658,0,0.0747492654905577,"F1",0.836436939506658,1,"100"
"ifeval_20260421T021146Z_423",0.557377049180328,"ifeval","instruction/constraint following","List all facts about Lionel Messi in a structured output. In particular, Format your entire output in JSON.",0.836233650066555,0.0319530285996812,0,"F1",0.836233650066555,1,"100"
"ifeval_20260421T021146Z_142",0.901639344262295,"ifeval","instruction/constraint following","How to write a good Chinese poem? At the end of your response, please explicitly add a note starting with ""P.S.""",0.834604759650016,0,-0.0853975249345468,"F1",0.834604759650016,1,"100"
"ifeval_20260421T021146Z_484",0.860655737704918,"ifeval","instruction/constraint following","Write a proposal for a research project that will determine whether pupils who have been exposed to a fast-paced environment are more likely to develop ADHD. Please wrap the entire output in JSON format. You can use markdown ticks like ```JSON [json content] ``` Please do not include the words ""proposal"" or ""project"" in the response.",0.832722583894757,0,0,"F1",0.832722583894757,1,"100"
"ifeval_20260421T021146Z_537",0.877049180327869,"ifeval","instruction/constraint following","If Bob beat Martha in a game of pool. And Martha beat Joe in a game of pool. Can Bob beat Joe in a game of pool? Your answer must contain exactly one of the following phrases: My answer is yes. My answer is no. My answer is maybe.",0.826421505493998,0,0,"F1",0.826421505493998,1,"100"
"ifeval_20260421T021146Z_298",0.836065573770492,"ifeval","instruction/constraint following","Write a blog post about how to train a dog that is geared towards kids. Include the keywords ""finale"" and ""less"" in the post.",0.825036539635877,0,0.135259806874825,"F1",0.825036539635877,1,"100"
"ifeval_20260421T021146Z_531",0.89344262295082,"ifeval","instruction/constraint following","Rewrite the haiku below into two versions. Both of them should be funny. Separate the two versions using six asterisk symbols (******). Include the keywords ['dog', 'day'] in the response. On a chilly winter night A cat meows at the moon Hoping for some warmth",0.823945113938803,0,0,"F1",0.823945113938803,1,"100"
"ifeval_20260421T021146Z_51",0.90983606557377,"ifeval","instruction/constraint following","Can you elaborate on the following text: ""Increased axle weight increased the damage to the road""? Your response must contain a title wrapped in double angular brackets, i.e. <<title>>. Use less than 5 sentences.",0.822914887851658,0,-0.0760954381322932,"F1",0.822914887851658,1,"100"
"ifeval_20260421T021146Z_28",0.819672131147541,"ifeval","instruction/constraint following","Rewrite the following statement to make it sound more formal, like a President of the United States: ""Hi guys. The work was done to add in a fix for the issue that was observed in the field with the SSO. We are working with our collaborators closely. We will get it done. Thanks ya all."" Do not include the following keywords: field, thanks, issue, collaborato",0.822206096231701,0,0,"F1",0.822206096231701,1,"100"
"ifeval_20260421T021146Z_335",0.885245901639344,"ifeval","instruction/constraint following","Write a proposal for a research project on the impact of the liberian civil war on the country's economy. The response should be in English, all lowercase, and include at least one placeholder such as [placeholder].",0.82148250178141,0,0,"F1",0.82148250178141,1,"100"
"ifeval_20260421T021146Z_71",0.786885245901639,"ifeval","instruction/constraint following","Draft a blog post about Ripley's Aquarium. Make sure your blog post contains at least 7 placeholders represented by square brackets, such as [location].",0.820600248055919,0,0.303530905238045,"F1",0.820600248055919,1,"100"
"ifeval_20260421T021146Z_361",0.860655737704918,"ifeval","instruction/constraint following","Write a poem about the history of reductions in the context of the church. Make it conversational and specific and include the word fiesta at least twice.",0.815651810170205,0,0.207669351388753,"F1",0.815651810170205,1,"100"
"ifeval_20260421T021146Z_497",0.762295081967213,"ifeval","instruction/constraint following","Write a short, funny story about a man named Harry with a pet dog. Your response must contain 3 sections, mark the beginning of each section with SECTION X.",0.814033488267933,0,0.173189855181835,"F1",0.814033488267933,1,"100"
"ifeval_20260421T021146Z_485",0.819672131147541,"ifeval","instruction/constraint following","Write a resume for a software engineer with 5+ years of experience in the Bay Area, CA. In your response, make sure to include at least 20 words or phrases in all capital letters.",0.811389489182372,0,0.225219137808301,"F1",0.811389489182372,1,"100"
"ifeval_20260421T021146Z_459",0.901639344262295,"ifeval","instruction/constraint following","Can you explain to me why there is so much fraud in the world? Please include one italic text section in markdown, i.e *italic text*. Make your entire response less than 30 words.",0.808678415725583,0,0.0487785039176227,"F1",0.808678415725583,1,"100"
"ifeval_20260421T021146Z_67",0.860655737704918,"ifeval","instruction/constraint following","Write a brief biography of a person named ""Brilliant Le Hou"". Do not use commas in your reply. Highlight at least 3 sections with markdown, i.e. *highlighted section*. The biography should start with the name of the person.",0.806907567068523,0,0,"F1",0.806907567068523,1,"100"
"ifeval_20260421T021146Z_367",0.819672131147541,"ifeval","instruction/constraint following","Expand the riddle into a story with a funny tone: What can you catch but not throw? A cold Use * to highlight at least 2 sections in your text. For example: *this is a highlighted text section*.",0.806411572195375,0,0.132761703746096,"F1",0.806411572195375,1,"100"
"ifeval_20260421T021146Z_381",0.868852459016393,"ifeval","instruction/constraint following","Write a copy for an ad selling a sloop. It's a small sailboat with one mast that's easy to sail and understand. Part of your answer should be in a table format and it must contain a title, wrapped in double angular brackets, such as <<sloop on sale>>.",0.804001926284101,0,0,"F1",0.804001926284101,1,"100"
"ifeval_20260421T021146Z_515",0.770491803278688,"ifeval","instruction/constraint following","Give me a summary of the lobbying spending of the following companies: Google, Facebook, Microsoft, Apple, and Amazon. Your response should be in German language, and no other language is allowed.",0.795888437032503,0.0610225829925248,0,"F1",0.795888437032503,1,"100"
"ifeval_20260421T021146Z_360",0.868852459016393,"ifeval","instruction/constraint following","Write a rubric for teenagers on how to review a book. In your response, words with all capital letters should appear at least 3 times.",0.795446987275805,0,0,"F1",0.795446987275805,1,"100"
"ifeval_20260421T021146Z_159",0.819672131147541,"ifeval","instruction/constraint following","I work for a software development company named ""grid"", and they want a catchy tweet. Can you write one that includes the name of the company at least five times?",0.793659031179633,0,0.283050064699766,"F1",0.793659031179633,1,"100"
"ifeval_20260421T021146Z_353",0.655737704918033,"ifeval","instruction/constraint following","Imagine you're a 19 year old and you're making a video game. The game is about a boy who has to save the world from a villain. Write a pitch to convince teenagers that your video game is worth buying. Your answer must include exactly one bullet point in markdown format.",0.791323914239001,0,0,"F1",0.791323914239001,1,"100"
"ifeval_20260421T021146Z_227",0.80327868852459,"ifeval","instruction/constraint following","I want to travel to the Subic Bay Freeport Zone, which subdistrict should I stay in? Give me an angry recommendation. Answer with at least 400 words. In your response, the word climatic should appear at least 2 times. The response must contain at least 3 placeholders represented by square brackets, such as [address].",0.790423353769767,0,0.356812026504932,"F1",0.790423353769767,1,"100"
"ifeval_20260421T021146Z_486",0.885245901639344,"ifeval","instruction/constraint following","Could you please give me the pros and cons of working abroad wrapped in JSON format. Please make sure that your response only contains a JSON block. Please also make sure to include keywords 'compensated' and 'immigrants' in the response.",0.78927928679109,0,0,"F1",0.78927928679109,1,"100"
"ifeval_20260421T021146Z_27",0.89344262295082,"ifeval","instruction/constraint following","Write a funny haiku about moms, containing keywords ""mom"" and ""mother"" in your response. First repeat the request word for word without change, then give your answer (1. do not say any words or characters before repeating the request; 2. the request you need to repeat does not include this sentence)",0.789111122835999,0,0,"F1",0.789111122835999,1,"100"
"ifeval_20260421T021146Z_442",0.90983606557377,"ifeval","instruction/constraint following","Write two versions of itinerary for a 7 day trip to Hawaii, designed for college students. Separate the two versions with 6 asterisk symbols (******). Each version must have 7 sections. Mark the beginning of each section with Day X.",0.788119135202688,0,0,"F1",0.788119135202688,1,"100"
"ifeval_20260421T021146Z_43",0.729508196721312,"ifeval","instruction/constraint following","Write an advertisement for a new line of comfortable armchairs designed to withstand the scrutiny of any interior designer. There should be exactly 3 paragraphs separated by the markdown divider: ***.",0.784965983583473,0,0.0665161017537184,"F1",0.784965983583473,1,"100"
"ifeval_20260421T021146Z_223",0.89344262295082,"ifeval","instruction/constraint following","Make this text weird: ""The new version of the app will be available in the App Store soon. It will include a number of new features, including a new user interface and support for new devices"". Don't use any commas. Highlight at least 2 sections in your answer with markdown, i.e. *highlighted section*.",0.78484642466427,0,0,"F1",0.78484642466427,1,"100"
"ifeval_20260421T021146Z_230",0.852459016393443,"ifeval","instruction/constraint following","Write a template for a workshop on the importance of diversity in the workplace and highlight at least 3 sections with markdown, i.e. *highlighted section*.",0.781591403353442,0,0,"F1",0.781591403353442,1,"100"
"ifeval_20260421T021146Z_81",0.868852459016393,"ifeval","instruction/constraint following","Write a joke about morphology that's professional and includes the word ""cat"" at least once, and the word ""knock"" at least twice. Wrap your whole response with double quotation marks.",0.779897224601902,0,0,"F1",0.779897224601902,1,"100"
"ifeval_20260421T021146Z_402",0.581967213114754,"ifeval","instruction/constraint following","Write a blog post about 'how to improve your writing skills' with exactly 3 bullet points in markdown format, and exactly 4 sections. Bullet points are indicated by ""* "". For example: * Bullet 1 * Bullet 2 Sections are separated by 3 asterisks: ***. For example: Section 1 *** Section 2 You should use words with all capital letters for at least 2 times.",0.775265809612578,0,0.442304313279286,"F1",0.775265809612578,1,"100"
"ifeval_20260421T021146Z_390",0.852459016393443,"ifeval","instruction/constraint following","Write a creative and persuasive startup pitch for a business that helps people with chronic illnesses find and manage in-home care. Your pitch should be less than 7 sentences and contain exactly 1 bullet point in markdown.",0.774596839984313,0,0,"F1",0.774596839984313,1,"100"
"ifeval_20260421T021146Z_303",0.860655737704918,"ifeval","instruction/constraint following","Write a paragraph that lists the average length of various animal specimens from smallest to largest. Your response should contain less than 17 sentences.",0.772088358786725,0.0286203262345177,0,"F1",0.772088358786725,1,"100"
"ifeval_20260421T021146Z_96",0.877049180327869,"ifeval","instruction/constraint following","Come up with a proposal for a new research project on how to improve the quality of life for people with disabilities. Your response should be able to be rendered as HTML, and should include the keywords 'atlantis' and 'constable'.",0.772040846592577,0,0,"F1",0.772040846592577,1,"100"
"ifeval_20260421T021146Z_414",0.770491803278688,"ifeval","instruction/constraint following","Could you give me 3 possible elaborations in only the Telugu language, no other language is allowed, for the text ""We are a team of creators""? Please explain why you chose each of them. Make sure your explanations are also in the Telugu language. Basically your entire response should be in Telugu.",0.770687177700737,0.124029455344016,0.0871772367650223,"F1",0.770687177700737,1,"100"
"ifeval_20260421T021146Z_493",0.786885245901639,"ifeval","instruction/constraint following","What is the name of the actor who played Gandalf in Lord of the Rings? First repeat the question above without change of words, then give your answer.",0.767721002053088,0,0.245561281342251,"F1",0.767721002053088,1,"100"
"ifeval_20260421T021146Z_222",0.901639344262295,"ifeval","instruction/constraint following","A sales pitch for moms is needed for a new kind of diaper that is designed to be more comfortable for babies. The sales pitch should be 500 words long, funny, engaging, and focus on the benefits of the new diaper without mentioning the price. It must also contain a title, wrapped in double angular brackets, i.e. <<title>>.",0.766034750994532,0,0,"F1",0.766034750994532,1,"100"
"ifeval_20260421T021146Z_38",0.836065573770492,"ifeval","instruction/constraint following","Write an ad copy for a new product, a digital photo frame that connects to your social media accounts and displays your photos. Respond with at most 150 words.",0.76533975324001,0,0,"F1",0.76533975324001,1,"100"
"ifeval_20260421T021146Z_18",0.868852459016393,"ifeval","instruction/constraint following","Are hamburgers sandwiches? Please respond using only the Kannada language, no other language is allowed.",0.758897836094781,0,0,"F1",0.758897836094781,1,"100"
"ifeval_20260421T021146Z_440",0.729508196721312,"ifeval","instruction/constraint following","TLDR the article ""How to dress like a football manager: waistcoats and the style lessons from the Premier League"". Your entire response (including the repeated request) should have 45 or less words. First repeat the request above without changing a single letter, then give your answer.",0.758042822409667,0,0,"F1",0.758042822409667,1,"100"
"ifeval_20260421T021146Z_394",0.516393442622951,"ifeval","instruction/constraint following","Can you create an itinerary for a 5 day trip to switzerland that includes exactly 3 bullet points in markdown format, in all lowercase letters, and a postscript at the end starting with P.S.?",0.754193183091533,0.157252002727828,0,"F1",0.754193183091533,1,"100"
"ifeval_20260421T021146Z_481",0.885245901639344,"ifeval","instruction/constraint following","Please write an email that starts with a German translation of ""You're making a mistake not to buy our cheese products, and I'm going to show you why."" Please make your response in only German, no other language is allowed. Include at least 7 placeholders with brackets like [subject].",0.752654454121879,0,0,"F1",0.752654454121879,1,"100"
"ifeval_20260421T021146Z_479",0.655737704918033,"ifeval","instruction/constraint following","In this task, you need to first repeat the request word by word, without any change, then answer the request. Do not say anything before repeating the exact request. Write a pitch deck for a startup that aims to make a new social network that focuses on the board game society.",0.751492133356138,0,0.0504397603123884,"F1",0.751492133356138,1,"100"
"ifeval_20260421T021146Z_286",0.39344262295082,"ifeval","instruction/constraint following","Rewrite the following sentence in a style that is unusual: ""But when the people of the land came to know that the Philistines had fled, they departed from Saul and went after David."" Let's repeat the request above word for word without change, then give your answer. Do not output any word before the request above is repeated.",0.751197922822824,0,0.405003133204123,"F1",0.751197922822824,1,"100"
"ifeval_20260421T021146Z_98",0.885245901639344,"ifeval","instruction/constraint following","Could you tell me what kind of balls are used in tennis? I would like the answer in the form of a medieval style poem with a P.P.S at the end.",0.750249895360356,0,0,"F1",0.750249895360356,1,"100"
"ifeval_20260421T021146Z_441",0.852459016393443,"ifeval","instruction/constraint following","Rewrite the sentence ""A bust of a man with a beard and mustache."" in a more sophisticated way. Do not use commas in your response.",0.748613939918412,0,0.0308478432167136,"F1",0.748613939918412,1,"100"
"ifeval_20260421T021146Z_166",0.827868852459016,"ifeval","instruction/constraint following","Expand the following and make it funny: Jeanne has rolled the dice. She thought she lost, but actually she won. Italicize at least 10 text parts with markdown (using * to italicize, like *italic text*). Do not use any commas in your response.",0.747659180002121,0,0.358143745626982,"F1",0.747659180002121,1,"100"
"ifeval_20260421T021146Z_105",0.647540983606557,"ifeval","instruction/constraint following","Write a story for kids about how a person learns to ride a bike. Do not include 'can' and 'ride' in your response.",0.742505298127621,0,0.408322176500075,"F1",0.742505298127621,1,"100"
"ifeval_20260421T021146Z_523",0.737704918032787,"ifeval","instruction/constraint following","Create a resume for a military officer who served in Iraq and was later hired by a private military contractor. Make sure to include a title that is wrapped in double angular brackets, i.e. <<resume of xyz>>. Refrain from using any commas in your response. Before you respond with any word, first repeat the exact, entire request above, word for word without c",0.741478083647992,0,0,"F1",0.741478083647992,1,"100"
"ifeval_20260421T021146Z_494",0.860655737704918,"ifeval","instruction/constraint following","What does the word ""jock"" mean to you? Please generate an answer with two parts. The two parts should be separated by 3 asterisks '***'. Also, reply without mentioning the word ""jock"" throughout.",0.738822092816785,0,0.281914413969365,"F1",0.738822092816785,1,"100"
"ifeval_20260421T021146Z_310",0.918032786885246,"ifeval","instruction/constraint following","Write a poem about a lonely Hue. The poem should be written for teenagers. In your poem, italicize at least one section in markdown, i.e *this is an italic text*, and include the word ""singles"" at least twice.",0.737529465676825,0,0,"F1",0.737529465676825,1,"100"
"ifeval_20260421T021146Z_26",0.901639344262295,"ifeval","instruction/constraint following","Explain in French why it is important to eat healthy foods to heal the body, without using the word ""nourriture"". Make sure your entire response is wrapped in JSON format.",0.732570452646859,0,0,"F1",0.732570452646859,1,"100"
"ifeval_20260421T021146Z_338",0.860655737704918,"ifeval","instruction/constraint following","Can you provide me with the timetable for the next train to London? Please respond in less than 6 sentences.",0.732395183529433,0.0207138672472294,-0.322549875451718,"F1",0.732395183529433,1,"100"
"ifeval_20260421T021146Z_345",0.868852459016393,"ifeval","instruction/constraint following","Write a weird ad for a copyright infringement lawyer who represents witches. Use only lowercase letters. Your answer must contain a title, wrapped in double angular brackets, i.e. <<title>>.",0.729108110305287,0,0,"F1",0.729108110305287,1,"100"
"ifeval_20260421T021146Z_518",0.885245901639344,"ifeval","instruction/constraint following","Give me a pitch deck for a startup that lets me send letters to people in my territory that I don't know personally. The title of the pitch deck should be wrapped in double angular brackets, i.e. <<title>>.",0.728888593570859,0,-0.040262533388298,"F1",0.728888593570859,1,"100"
"ifeval_20260421T021146Z_212",0.89344262295082,"ifeval","instruction/constraint following","Plan a 12-day trip to Italy for professionals in finance, including Rome, Florence, and Venice. Make it in a format of a list with at least one placeholder, such as [address]. The response must be in English and all lowercase letters.",0.728146967233876,0,0,"F1",0.728146967233876,1,"100"
"ifeval_20260421T021146Z_508",0.786885245901639,"ifeval","instruction/constraint following","Write a song about how to make a peanut butter and jelly sandwich. Do not use commas in your response.",0.727752997237206,0,0.434062864057122,"F1",0.727752997237206,1,"100"
"ifeval_20260421T021146Z_374",0.762295081967213,"ifeval","instruction/constraint following","Write a joke about anarchists in Tulsa in 3 sections. Mark the beginning of each section with SECTION X.",0.723375424173597,0,0.274156543073445,"F1",0.723375424173597,1,"100"
"ifeval_20260421T021146Z_172",0.737704918032787,"ifeval","instruction/constraint following","Rewrite the following sentence into an email, and make sure it contains at least 10 placeholders represented by square brackets, such as [name]: The boots are warm but a little uncomfortable.",0.721536825222488,-0.153781203706276,0.313982987672533,"F1",0.721536825222488,1,"100"
"ifeval_20260421T021146Z_33",0.549180327868853,"ifeval","instruction/constraint following","Write a template for a chat bot that takes a user's location and gives them the weather forecast. Use the letter o as a keyword in the syntax of the template. The letter o should appear at least 6 times.. Your response should contain fewer than 6 sentences. Highlight at least 2 text sections, i.e. *highlighted section*.",0.719331888813349,0,0,"F1",0.719331888813349,1,"100"
"ifeval_20260421T021146Z_455",0.762295081967213,"ifeval","instruction/constraint following","Is the following true? ""People use time to buy money."" Explain your answer in a way that makes it easy for kids to understand. Include the word ""farmer"". Exclude the words ""economy"", ""demand"" and ""supply"". First REPEAT the ENTIRE REQUEST ABOVE, word for word without change, then give your answer. Please do not say any words or characters before repeating the",0.718905790862481,0,0,"F1",0.718905790862481,1,"100"
"ifeval_20260421T021146Z_178",0.762295081967213,"ifeval","instruction/constraint following","Before you answer the following request, repeat it at the very beginning of your reply. Repeat the request as it is. Please do not change it. Write a resume for a junior hardware engineer. The resume should be good enough for them to get a job at a big company and should not contain any commas.",0.718719471012071,0,0.375993265651935,"F1",0.718719471012071,1,"100"
"ifeval_20260421T021146Z_12",0.614754098360656,"ifeval","instruction/constraint following","Write a story of exactly 2 paragraphs about a man who wakes up one day and realizes that he's inside a video game. Separate the paragraphs with the markdown divider: ***",0.71844441284218,0,0,"F1",0.71844441284218,1,"100"
"ifeval_20260421T021146Z_505",0.844262295081967,"ifeval","instruction/constraint following","Write a short riddle about สเปรดชีต. Wrap your entire response with double quotation marks and make sure word in your response is in the Thai language, no other language is allowed.",0.718408512465053,0,0,"F1",0.718408512465053,1,"100"
"ifeval_20260421T021146Z_491",0.827868852459016,"ifeval","instruction/constraint following","Write a funny Haiku about a Quaker named John who lives in the town of De Smet, South Dakota. Use the asterisk symbol, *, to highlight some words or phrases twice. Example: *This is a highlighted phrase*.",0.717718443448313,0,0.254508761759404,"F1",0.717718443448313,1,"100"
"ifeval_20260421T021146Z_11",0.450819672131148,"ifeval","instruction/constraint following","Can you help me make an advertisement for a new product? It's a diaper that's designed to be more comfortable for babies and I want the entire output in JSON format.",0.716043405471287,0,0.439782395718663,"F1",0.716043405471287,1,"100"
"ifeval_20260421T021146Z_312",0.918032786885246,"ifeval","instruction/constraint following","Melbourne has a newspaper called the Herald Sun. Can you suggest a name for a new newspaper for Melbourne teenagers? Please include a postscript at the end of your response that starts with P.S.",0.71460161381155,0,0,"F1",0.71460161381155,1,"100"
"ifeval_20260421T021146Z_450",0.852459016393443,"ifeval","instruction/constraint following","Here is a social media post: ""My daughter graduated from college today! So proud of her!"" Can you make it more exciting? Please make sure to expand it into exactly 2 paragraphs. Separate paragraphs with the markdown divider: ***. Additionally, italicize at least 3 sections by starting and ending with single *, i.e. *italic text*.",0.714365428099225,-0.0171329136505758,0.0233395807186888,"F1",0.714365428099225,1,"100"
"ifeval_20260421T021146Z_457",0.885245901639344,"ifeval","instruction/constraint following","create a job description for a clifford blu employee who works at the cash register, and also monitors the shelves for stock level. Use the keyword 'people' and 'skills'. use only lowercase letters.",0.712450553000254,0,0.0671717290235891,"F1",0.712450553000254,1,"100"
"ifeval_20260421T021146Z_74",0.795081967213115,"ifeval","instruction/constraint following","Write a limerick about a woman named Sarah who lives in a town where it's always 90°F. Highlight at least 6 sections in your answer with markdown, example: *highlighted section*. Mention the name Sarah only once.",0.706713191443364,0,0,"F1",0.706713191443364,1,"100"
"ifeval_20260421T021146Z_82",0.918032786885246,"ifeval","instruction/constraint following","A colt is 5 feet tall. It will grow 6 inches every month. How tall will it be in 3 years? Think step-by-step, then give your answer. Separate your thinking and the final answer by a line with just three ""*"" symbols: *** At the end of your response, please explicitly add a postscript starting with P.P.S",0.702974254388175,0,0,"F1",0.702974254388175,1,"100"
"ifeval_20260421T021146Z_24",0.827868852459016,"ifeval","instruction/constraint following","Write a 4 section resume for professional clown Phil Larkin. Each section should be explicitly noted as Section X.",0.70209866346292,0,0.247277278984811,"F1",0.70209866346292,1,"100"
"ifeval_20260421T021146Z_389",0.860655737704918,"ifeval","instruction/constraint following","Write a JSON schema for a beta cruiser that includes at least one placeholder represented by square brackets. The response must be in English and all lowercase letters.",0.699041561123939,0,0,"F1",0.699041561123939,1,"100"
"ifeval_20260421T021146Z_471",0.827868852459016,"ifeval","instruction/constraint following","Write an HTML page that lists 25 limericks about people named ""Bill"". The page should include keywords 'economist', 'bill', and 'jurgen'",0.696656311014004,0,0,"F1",0.696656311014004,1,"100"
"ifeval_20260421T021146Z_500",0.89344262295082,"ifeval","instruction/constraint following","Can you compose a movie plot that involves dream, fist fighting, and superpower? Include a title in double angular brackets, i.e. <<title>>.",0.696380035490243,0,0,"F1",0.696380035490243,1,"100"
"ifeval_20260421T021146Z_453",0.69672131147541,"ifeval","instruction/constraint following","Write a limerick about a customer who is always right. The word ""right"" should appear less than 2 times in the response. Before you give the limerick, just repeat the request above without any change, at the very beginning of your entire response.",0.695473472753608,0,0.073493660692148,"F1",0.695473472753608,1,"100"
"ifeval_20260421T021146Z_499",0.844262295081967,"ifeval","instruction/constraint following","Write a very short poem about the beauty of a rose. Do not include the keywords beauty and pretty.",0.694254211791932,0,0.213265034335901,"F1",0.694254211791932,1,"100"
"ifeval_20260421T021146Z_108",0.852459016393443,"ifeval","instruction/constraint following","Summarize the following paragraph. Use words in all capital letters at least 3 times to highlight key points. How to get to 100% renewable energy in the US? Two researchers from Stanford University and the University of California, Berkeley studied the potential for solar and wind energy to power the US grid. They concluded that it is possible to get to 100%",0.694056470762138,0,0.22693790749866,"F1",0.694056470762138,1,"100"
"ifeval_20260421T021146Z_100",0.860655737704918,"ifeval","instruction/constraint following","Write a file for a queer-owned business called ""The Rainbow Cafe"". Your file should have 4 sections, and each section should start with ""SECTION X"".",0.693594982237228,0,0.233270368055587,"F1",0.693594982237228,1,"100"
"ifeval_20260421T021146Z_265",0.926229508196721,"ifeval","instruction/constraint following","Write me a poem about a long lasting war. Add a postscript at the end starting with P.P.S",0.693276684282746,0,-0.0761429033329732,"F1",0.693276684282746,1,"100"
"ifeval_20260421T021146Z_473",0.770491803278688,"ifeval","instruction/constraint following","How to tell others that your major is computer science, without saying the word computer or science? You entire response should not contain the word computer and science.",0.691215078982071,0,0.00228096284816159,"F1",0.691215078982071,1,"100"
"ifeval_20260421T021146Z_30",0.918032786885246,"ifeval","instruction/constraint following","Write a social media post for students of Islamic history about the hajj pilgrimage. Use all lowercase letters and include the word story at least twice.",0.690832768470959,0,0,"F1",0.690832768470959,1,"100"
"ifeval_20260421T021146Z_432",0.770491803278688,"ifeval","instruction/constraint following","What's the difference between the Apple and Albania? Answer in email format. Your response must contain at least six placeholders which should be represented by square brackets like [name].",0.682783979115849,0,0.382514093086877,"F1",0.682783979115849,1,"100"
"ifeval_20260421T021146Z_138",0.836065573770492,"ifeval","instruction/constraint following","Write a fairy tale about a princess and a dragon, making sure the word 'replied' appears at least twice.",0.682712043761358,0,0.271982530134974,"F1",0.682712043761358,1,"100"
"ifeval_20260421T021146Z_464",0.836065573770492,"ifeval","instruction/constraint following","Write a template for a newspaper ad for a dog cage with less than 200 words. Make sure the word unfortunately appears 3 to 5 times in the ad.",0.68159572374042,0,0,"F1",0.68159572374042,1,"100"
"ifeval_20260421T021146Z_492",0.565573770491803,"ifeval","instruction/constraint following","I need a list of the top 10 attorneys in the US. Your list should be in the format of 10 bullet points, following the format below: * Bullet 1 * Bullet 2 * ...",0.681025417819269,0.0168235306960828,0,"F1",0.681025417819269,1,"100"
"ifeval_20260421T021146Z_307",0.89344262295082,"ifeval","instruction/constraint following","Write a very short resume for a refinery operator who has 5 years of experience working in the chemical industry. Include the keywords ""friends"" and ""hanson"" in the resume. Make your entire output contain less than 50 words.",0.680955151912601,0,0,"F1",0.680955151912601,1,"100"
"ifeval_20260421T021146Z_158",0.89344262295082,"ifeval","instruction/constraint following","I was hoping you could help me out with a few things. I wish to learn about how to pay my taxes. Can you summarize the process for me? Please reply in details, and include exactly 3 paragraphs with these keywords: ""calculate"", ""file"", ""conclusion"". Separate the paragraphs with ***.",0.680741000413083,0,0,"F1",0.680741000413083,1,"100"
"ifeval_20260421T021146Z_145",0.89344262295082,"ifeval","instruction/constraint following","Write an itinerary for a trip to a grocery store in Lima to buy some local goods. Make the itinerary funny, write it in all capital letters and include the keywords 'DISGUSTING', 'DELICIOUS', 'BAD', and 'GOOD'.",0.68072666568049,0,0,"F1",0.68072666568049,1,"100"
"ifeval_20260421T021146Z_533",0.918032786885246,"ifeval","instruction/constraint following","Is the moon landing a propaganda made up by the government? Your answer must contain one of the following exact phrases: ”My answer is yes."", ""My answer is no."", ""My answer is maybe.""",0.679395832263182,0,0,"F1",0.679395832263182,1,"100"
"ifeval_20260421T021146Z_115",0.754098360655738,"ifeval","instruction/constraint following","Write a plot for a story about two people who swap fingerprints. Include a title wrapped in double angular brackets, i.e. <<title>>. In your response please avoid using commas. First, repeat the request above word for word without change. Do not say any words or characters before repeating the request above. After you repeated the request, you can give your ",0.678395809265187,0,0.225741322521694,"F1",0.678395809265187,1,"100"
"ifeval_20260421T021146Z_148",0.926229508196721,"ifeval","instruction/constraint following","Who won the defamation case between Amber Heard and Johnny Depp? Write your answer as if you are writing to a group of elderly people. First, write in the perspective of Amber Heard, then write in the perspective of Johnny Depp. Separate those two version by 6 asterisk symbols ******. The entire response should have less than 300 words.",0.675073132208177,0,-0.0176921137489228,"F1",0.675073132208177,1,"100"
"ifeval_20260421T021146Z_516",0.885245901639344,"ifeval","instruction/constraint following","Critique the following ad copy for a new dating app, and make sure to include a title wrapped in double angular brackets, i.e. <<title>>: ""Meet your new match! Cohen is a free app that matches you with others based on your interests and location. With Cohen, you can find love, friendship, or just someone to swing with. Download Cohen today and start meeting ",0.672575176982628,0,0,"F1",0.672575176982628,1,"100"
"ifeval_20260421T021146Z_333",0.868852459016393,"ifeval","instruction/constraint following","The opposite of youth is not age, but ...? Highlight at least 2 sections in your answer with markdown, i.e. *highlighted section*.",0.672005864533183,0,0,"F1",0.672005864533183,1,"100"
"ifeval_20260421T021146Z_321",0.811475409836066,"ifeval","instruction/constraint following","I've got a collection of military insignia that I'd like to get rid of, but I don't know how. Can you help me? Give exactly two different responses, separating them with 6 asterisk symbols (******). Your answer must contain a title, wrapped in double angular brackets, such as <<my title>>. Include the keywords ""adoption"" and ""carriage"" somewhere in your resp",0.670422937261074,0,0.25931860004984,"F1",0.670422937261074,1,"100"
"ifeval_20260421T021146Z_134",0.901639344262295,"ifeval","instruction/constraint following","Request: 1. What are the best places to visit in Bohemia, Czech Republic? 2. Include a list of recommended hotels. 3. Wrap the ENTIRE output in JSON format. 4. Do not include the following keywords: Moser, Glassworks, Pravcice, Karlovy, Vary",0.66949409294077,0,-0.00371639674541113,"F1",0.66949409294077,1,"100"
"ifeval_20260421T021146Z_210",0.885245901639344,"ifeval","instruction/constraint following","Write a product description for a new line of dog toys, called ""the squeaker"". It's made of latex, and is designed for dogs of all ages and species. It's also available in a variety of colors and shapes. The response must contain at least 3 placeholders represented by square brackets, such as [address], [name], and [phone number].",0.669047948676234,0,0,"F1",0.669047948676234,1,"100"
"ifeval_20260421T021146Z_427",0.860655737704918,"ifeval","instruction/constraint following","Write an article with title ""Layton is the best city in the world"" Your output must not contain any commas and must have at least 2 placeholders, wrapped in square brackets, such as [author].",0.668214603999197,0,0.35225695904135,"F1",0.668214603999197,1,"100"
"ifeval_20260421T021146Z_225",0.877049180327869,"ifeval","instruction/constraint following","Who built the first artificial ice rink? Please include the keys (1) Name (2) Location and (3) Year. Use less than 150 words.",0.66520440288879,0,-0.344770742257141,"F1",0.66520440288879,1,"100"
"ifeval_20260421T021146Z_2",0.918032786885246,"ifeval","instruction/constraint following","Write a resume for a fresh high school graduate who is seeking their first job. Make sure to include at least 12 placeholder represented by square brackets, such as [address], [name].",0.658874078136872,0,0,"F1",0.658874078136872,1,"100"
"ifeval_20260421T021146Z_261",0.868852459016393,"ifeval","instruction/constraint following","Can you expand the following sentences: ""I have never seen a localized version of the software. I have seen an international version."" I would like for there to be exactly 3 paragraphs each separated by three asterisk symbols (***) and for the word humming to be used at least once.",0.658605017864274,0,0,"F1",0.658605017864274,1,"100"
"ifeval_20260421T021146Z_356",0.926229508196721,"ifeval","instruction/constraint following","Write a poem about flooding in Donnell, TX. The poem should have a title in double angular brackets, i.e. <<title>>, and contains at least 3 words in all capital letters.",0.658162581125975,0,0,"F1",0.658162581125975,1,"100"
"ifeval_20260421T021146Z_330",0.811475409836066,"ifeval","instruction/constraint following","Write a limerick about the word ""limerick"". Make sure it is funny and includes the words ""limerick"" and ""funny"". Do not use any commas. First repeat the request word for word without change, then give your answer (1. do not say any words or characters before repeating the request; 2. the request you need to repeat does not include this sentence)",0.658057588685916,0,0.165700515252223,"F1",0.658057588685916,1,"100"
"ifeval_20260421T021146Z_534",0.877049180327869,"ifeval","instruction/constraint following","Is it true that the first song ever sung in outer space is “Happy Birthday.” Your answer must contain one of the following phrases: My answer is yes. My answer is no. My answer is maybe.",0.65695069676824,0,0,"F1",0.65695069676824,1,"100"
"ifeval_20260421T021146Z_313",0.860655737704918,"ifeval","instruction/constraint following","Write a funny note to McQueen, using <br> to separate lines. Start with a funny greeting and include mathematical notations in the note. At the end of your response, explicitly add a postscript starting with P.P.S",0.65463367413604,0,0,"F1",0.65463367413604,1,"100"
"ifeval_20260421T021146Z_320",0.655737704918033,"ifeval","instruction/constraint following","Write a limerick about a guy named Dave that is funny to moms. The limerick should end with the phrase ""Yes Mom, I am Dave."" Do not say anything after the limerick.",0.65009031443505,0,0,"F1",0.65009031443505,1,"100"
"ifeval_20260421T021146Z_231",0.811475409836066,"ifeval","instruction/constraint following","Write a freestyle rap about the president of the united states. The letter q should show up at least 4 times.",0.649106744196256,0,0.094059024809912,"F1",0.649106744196256,1,"100"
"ifeval_20260421T021146Z_17",0.926229508196721,"ifeval","instruction/constraint following","Write two jokes about rockets. Do not contain commas in your response. Separate the two jokes with 6 asterisk symbols: ******.",0.644146239889417,0,0,"F1",0.644146239889417,1,"100"
"ifeval_20260421T021146Z_300",0.877049180327869,"ifeval","instruction/constraint following","What do prehistoric megaliths in Europe look like? Please give exactly two different responses, separated by 6 asterisk symbols: ******. Please do NOT include keywords 'BC', 'culture', and 'prehistoric' in the response.",0.642221700190281,0,0.209934381406381,"F1",0.642221700190281,1,"100"
"ifeval_20260421T021146Z_271",0.852459016393443,"ifeval","instruction/constraint following","Answer the following math problem in a different language, use bullet points, and give alternative answers. Refrain from using commas in your response. Natalia was buying books for her children. She bought 2 books for $24 each, and 3 books for $36 each. How much did she pay in total?",0.64177750167215,0,0,"F1",0.64177750167215,1,"100"
"ifeval_20260421T021146Z_301",0.901639344262295,"ifeval","instruction/constraint following","what is the average iq of a 16 year old boy? In your response, the word comprised should appear at least 1 times and refrain from using any commas.",0.640795641514206,0,0.255679965967395,"F1",0.640795641514206,1,"100"
"ifeval_20260421T021146Z_532",0.918032786885246,"ifeval","instruction/constraint following","Is Roger Federer a better tennis player than Rafael Nadal? Answer with exactly one of the following phrases: ”My answer is yes."", ""My answer is no."", ""My answer is maybe.""",0.638898939352963,0,0,"F1",0.638898939352963,1,"100"
"ifeval_20260421T021146Z_305",0.885245901639344,"ifeval","instruction/constraint following","I want you to act like a DnD dungeon master. I will be the sole player. Create a random class character sheet for me. Wrap the entire output in JSON format using markdown ticks. Include keywords 'medalist' and 'theta' in the response.",0.635249757589831,0,0.258613962467488,"F1",0.635249757589831,1,"100"
"ifeval_20260421T021146Z_247",0.786885245901639,"ifeval","instruction/constraint following","Write a riddle about a mom laying out on a beach in Humboldt without using any commas.",0.633377197845599,0,0.436302806629669,"F1",0.633377197845599,1,"100"
"ifeval_20260421T021146Z_209",0.926229508196721,"ifeval","instruction/constraint following","What are the main differences between the Adventist and Baptist denominations? Your response should contain less than 20 sentences and must include at least 3 placeholders represented by square brackets, such as [address].",0.631724517888168,0,0,"F1",0.631724517888168,1,"100"
"ifeval_20260421T021146Z_522",0.901639344262295,"ifeval","instruction/constraint following","I need a rap that tells professionals how to get babies to sleep through the night. Your answer must contain a title, wrapped in double angular brackets, such as <<title>>. Additionally, you need to highlight at least 2 sections with markdown, i.e. *highlighted section*. Finally, at the end of your response, please explicitly add a postscript starting with P",0.626527189239199,0,0,"F1",0.626527189239199,1,"100"
"ifeval_20260421T021146Z_524",0.80327868852459,"ifeval","instruction/constraint following","Write a song about choking on a piece of chicken in the Potomac River. Put the title in double angular brackets, i.e. <<title of my song>>.",0.624997691924234,0,0,"F1",0.624997691924234,1,"100"
"ifeval_20260421T021146Z_199",0.934426229508197,"ifeval","instruction/constraint following","If you gulped down 100 grams of pure caffeine, would you die? Please answer as if you were explaining this to a group of students. Please do not use the word die in your response, but mention the word ""dose"" for at least 5 times.",0.621529368508546,0,0,"F1",0.621529368508546,1,"100"
"ifeval_20260421T021146Z_456",0.885245901639344,"ifeval","instruction/constraint following","Write a riddle about embroidery that has the answer ""needle"". Include keywords 'afternoon' and 'distressed' in the response. Don't use any commas in your answer.",0.620064008714141,0,0.151944350244635,"F1",0.620064008714141,1,"100"
"ifeval_20260421T021146Z_121",0.770491803278688,"ifeval","instruction/constraint following","Write a cover letter for a job at a local coffee shop in the form of a poem. Highlight at least 5 text sections using ""*"". For example: *3 years of experience*.",0.615721035036009,0,0.378424004478578,"F1",0.615721035036009,1,"100"
"ifeval_20260421T021146Z_114",0.918032786885246,"ifeval","instruction/constraint following","I really love the album called Lilith. I want to introduce it to my friend Luheng. Draft an email for it. Add a postscript to your response that starts with P.S.",0.615209200999943,0,0,"F1",0.615209200999943,1,"100"
"ifeval_20260421T021146Z_334",0.786885245901639,"ifeval","instruction/constraint following","Write a description of the following data in a weird style: The Golden Palace eatType restaurant; The Golden Palace food Indian; The Golden Palace area city centre. Use markdown to highlight at least 3 sections in your answer.",0.60829570316713,0,0,"F1",0.60829570316713,1,"100"
"ifeval_20260421T021146Z_438",0.811475409836066,"ifeval","instruction/constraint following","What is an SRE? Use only Korean in your response and provide a title wrapped in double angular brackets, such as <<SRE>>. Use the keywords 'indicator', 'objective' and 'management'.",0.607183389599205,0,0.115660672097987,"F1",0.607183389599205,1,"100"
"ifeval_20260421T021146Z_444",0.836065573770492,"ifeval","instruction/constraint following","Write an essay about a snowfall, but in the style of Alex Jones and include the line ""dammit"". The word ""fake"" should appear 6 or 7 times in your entire response.",0.60666670081237,0,0,"F1",0.60666670081237,1,"100"
"ifeval_20260421T021146Z_512",0.819672131147541,"ifeval","instruction/constraint following","Write a funny riddle in Hindi, about a man named Aarav who never spoke. Your entire response should be written in Hindi. Also, you cannot use any commas in your entire response.",0.603883701668839,0,0.222811984777611,"F1",0.603883701668839,1,"100"
"ifeval_20260421T021146Z_55",0.918032786885246,"ifeval","instruction/constraint following","Write a limerick about Hannah, a college student, doing an internship at a coffee company. Make sure that her father would love the limerick. Include the words ""intern"" and ""grow"". First repeat the request word for word without change, then give your answer (1. do not say any words or characters before repeating the request; 2. the request you need to repeat",0.601427559386204,0,0,"F1",0.601427559386204,1,"100"
"ifeval_20260421T021146Z_234",0.926229508196721,"ifeval","instruction/constraint following","I have a golden retriever and a poodle. Is the poodle bigger than the golden retriever? Choose from the following: ('My answer is yes.', 'My answer is no.', 'My answer is maybe.') -- please include the exact phrase in your response.",0.590751583024912,0,0,"F1",0.590751583024912,1,"100"
"ifeval_20260421T021146Z_132",0.89344262295082,"ifeval","instruction/constraint following","Write a funny and sarcastic template for rating the quality of a marriage between two people who are both moms. This is for the couple themselves. Please highlight at least 3 sections with markdown, i.e *highlighted section*.",0.588092109722312,0,0,"F1",0.588092109722312,1,"100"
"ifeval_20260421T021146Z_472",0.918032786885246,"ifeval","instruction/constraint following","What is the answer to the riddle that asks what you can catch but not throw, and what you can throw but not catch? The entire reply must be less than 20 words and contain a title in double angular brackets, i.e. <<title>>.",0.587305655317406,0,0,"F1",0.587305655317406,1,"100"
"ifeval_20260421T021146Z_530",0.885245901639344,"ifeval","instruction/constraint following","Give me a TLDR on the 2022 Google IO announcements, but the response must be entirely in the Bengali language, no other language is allowed, and have at least one placeholder such as [পণ্য].",0.585505542445693,0,0,"F1",0.585505542445693,1,"100"
"ifeval_20260421T021146Z_308",0.877049180327869,"ifeval","instruction/constraint following","Write a limerick about a Zelda fan named Rodney. Make sure to include these items: Zelda, Hyrule, Link, Ganon. Use less than 100 words.",0.585175996130835,0,0,"F1",0.585175996130835,1,"100"
"ifeval_20260421T021146Z_326",0.401639344262295,"ifeval","instruction/constraint following","Write a cover letter for a job in a tech company. Make sure to use the word ""the"" once or less.",0.582320787966815,0,0.426797880733756,"F1",0.582320787966815,1,"100"
"ifeval_20260421T021146Z_77",0.631147540983607,"ifeval","instruction/constraint following","Write a blog post about the latest news in the US with a title in double angular brackets, i.e. <<title>>, and have less than 5 sentences (excluding 5). The sentences should be long, so that the total number of words in your response should be 250 or more.",0.580524144311921,0,0.0781080205132517,"F1",0.580524144311921,1,"100"
"ifeval_20260421T021146Z_291",0.885245901639344,"ifeval","instruction/constraint following","Gideon is a farmer who has a surplus of crops from his farm this year. What might he do with that surplus? Highlight at least one section of your answer in markdown, i.e *highlighted section*.",0.57933861899636,0,0,"F1",0.57933861899636,1,"100"
"ifeval_20260421T021146Z_529",0.868852459016393,"ifeval","instruction/constraint following","I need a joke involving Zoe and bubbles that contains at least 3 placeholders represented by square brackets such as [date].",0.577793429394994,0,0.343133456326319,"F1",0.577793429394994,1,"100"
"ifeval_20260421T021146Z_380",0.901639344262295,"ifeval","instruction/constraint following","Write an elaborate compliment to Kruger in all lowercase letters and no capital letters. The word hughes should appear less than 2 times. Your response should be at least 100 words.",0.572562448485193,0,0,"F1",0.572562448485193,1,"100"
"ifeval_20260421T021146Z_478",0.885245901639344,"ifeval","instruction/constraint following","Write a song for the person named 'Guerrero'. Make sure to not include the words 'name', 'song', 'person', 'man', 'woman' throughout your entire output. Also avoid using commas in your entire response.",0.570502284413069,0,0,"F1",0.570502284413069,1,"100"
"ifeval_20260421T021146Z_341",0.770491803278688,"ifeval","instruction/constraint following","write a haiku about ireland in the style of basho. include a title wrapped in double angular brackets, i.e. <<title>>. your entire response should be in lowercase english and contain the letter g at least 8 times.",0.569591117592257,0.0478319432729602,0.262684675315441,"F1",0.569591117592257,1,"100"
"ifeval_20260421T021146Z_97",0.557377049180328,"ifeval","instruction/constraint following","Write a cover letter for a job application as a tour guide in Beijing in all lowercase letters, with no capitalizations. Make it short -- the entire output should have less than 5 sentences.",0.56826621800755,0.383440569781459,0,"F1",0.56826621800755,1,"100"
"ifeval_20260421T021146Z_205",0.901639344262295,"ifeval","instruction/constraint following","Write a short and funny joke about a guy who works at the IRS. Include at least one placeholder represented by square brackets.",0.561450101068602,0,0,"F1",0.561450101068602,1,"100"
"ifeval_20260421T021146Z_535",0.918032786885246,"ifeval","instruction/constraint following","If a + b = 10. And a > b. Is a = 6? Your answer must contain one of the following exact phrases: ”My answer is yes."", ""My answer is no."", ""My answer is maybe.""",0.552136369531483,0,0,"F1",0.552136369531483,1,"100"
"ifeval_20260421T021146Z_37",0.819672131147541,"ifeval","instruction/constraint following","What sentiments existed in the Croatian and Serbian nations towards the Austrian Empire at the end of the 19th century? Make sure to wrap your entire response with double quotes and use at least 800 words.",0.551950897640226,0,0.359950474697412,"F1",0.551950897640226,1,"100"
"ifeval_20260421T021146Z_365",0.885245901639344,"ifeval","instruction/constraint following","We're attempting to contact Stephane to get a reversal from him, but he is not responding to us. Could you write this in a way that would seem more polite to moms? Please use the key ""polite"" to put your answer. Wrap your entire response with double quotation marks, and include two sections: ""SECTION 1"" and ""SECTION 2"".",0.550057735096074,0,0.179153757978668,"F1",0.550057735096074,1,"100"
"ifeval_20260421T021146Z_249",0.811475409836066,"ifeval","instruction/constraint following","Write an advertisement for a new product or service that is related to the words ""safeguard"" and ""flees"". In your entire response mark sure you do not use any commas. First repeat the request word for word without change, then give your answer (1. do not say any words or characters before repeating the request; 2. the request you need to repeat does not incl",0.5487551934693,0,0.172428736728857,"F1",0.5487551934693,1,"100"
"ifeval_20260421T021146Z_83",0.680327868852459,"ifeval","instruction/constraint following","Write a story about commandos who are in the middle of the night in a sector. It should be in English, and no capital letters are allowed. The story should not include keywords ""coop"", ""killings"", ""dead"", ""night"".",0.545389444466382,0.250977441300546,0.296559049874781,"F1",0.545389444466382,1,"100"
"ifeval_20260421T021146Z_61",0.647540983606557,"ifeval","instruction/constraint following","Write an outline for a paper on the history of Yemeni coffee. The outline should include the main points of the paper, and at least 15 sections should be highlighted with markdown such as *highlighted section*.",0.543321764230589,0,0.199585917221917,"F1",0.543321764230589,1,"100"
"ifeval_20260421T021146Z_405",0.811475409836066,"ifeval","instruction/constraint following","You visited a beach and a park. Which one is more likely to have a dog in it? Write at least 900 words. Do not include the words 'bark' or 'run' in your answer. Finish your response with the phrase ""Does this make sense?""",0.541900508406562,0,0.427601281375201,"F1",0.541900508406562,1,"100"
"ifeval_20260421T021146Z_241",0.926229508196721,"ifeval","instruction/constraint following","Write an essay as if you are the president of the United States targeting moms as your audience. The subject is how the float from the movie ""It"" symbolizes the spirit of the nineteen-fifties. The response must contain at least 1 placeholders represented by square brackets, such as [address].",0.540003268864225,0,0,"F1",0.540003268864225,1,"100"
"ifeval_20260421T021146Z_342",0.80327868852459,"ifeval","instruction/constraint following","Write a funny rap about a man who gets a call from an official saying that he is a long lost relative of the king of Nigeria. Use markdown to highlight at least one section of your answer, i.e. *highlighted section*.",0.539679097963729,0,0,"F1",0.539679097963729,1,"100"
"ifeval_20260421T021146Z_422",0.844262295081967,"ifeval","instruction/constraint following","Plan a 2 week Europe trip and visit London, Paris, and Rome. Answer in all caps. The response must contain at least 8 placeholders (i.e., [restaurant]).",0.539599741529743,0,0.200988775554081,"F1",0.539599741529743,1,"100"
"ifeval_20260421T021146Z_325",0.860655737704918,"ifeval","instruction/constraint following","We are a company that sells a product that makes it easy to find and book a hotel room. We are looking for a print ad that will be placed in a magazine that is aimed at people who travel a lot. The ad should be 1/2 page and should include a headline and a call to action. Please do not use any commas in your response. Before saying anything or giving your ans",0.538069422107785,0,0.361088878036033,"F1",0.538069422107785,1,"100"
"ifeval_20260421T021146Z_449",0.885245901639344,"ifeval","instruction/constraint following","I need to write a research proposal for a project on the effects of social media on the mental health of teenagers. Please only write short sentences, and don't use any commas in your entire response. Include at least five placeholder represented by square brackets, such as [website].",0.536721576944609,0,0.260805911516097,"F1",0.536721576944609,1,"100"
"ifeval_20260421T021146Z_238",0.778688524590164,"ifeval","instruction/constraint following","Breach Posterior is a startup that has a cure for cancer. Write a casual pitch deck for it that's targeted towards moms. Make sure to use the word ""clearly"" at least 2 times.",0.533219805074328,0,0.132847437242218,"F1",0.533219805074328,1,"100"
"ifeval_20260421T021146Z_462",0.901639344262295,"ifeval","instruction/constraint following","Can you write me a slogan for my video game project? The project aims to create a very funny fighting game. Please wrap your entire response with double quotation marks. Also, highlight at least three sections in your answer in markdown format using *highlighted text*. Such as: *Funny Fighting*.",0.53109136207161,0,0.0991281494495203,"F1",0.53109136207161,1,"100"
"ifeval_20260421T021146Z_248",0.721311475409836,"ifeval","instruction/constraint following","Write a startup pitch for a time capsule service. The words startup and capsule cannot be in the response.",0.523623062201273,0,0.232635239441709,"F1",0.523623062201273,1,"100"
"ifeval_20260421T021146Z_150",0.754098360655738,"ifeval","instruction/constraint following","Gandalf was a wizard who fought in the War of the Ring. Is that a good explanation for a 10 year old? Please think first, then give your answer wrapped in double angular brackets, such as <<your answer>>.",0.522538020129484,0,0,"F1",0.522538020129484,1,"100"
"ifeval_20260421T021146Z_215",0.213114754098361,"ifeval","instruction/constraint following","When giving a class/lecture to students, rewrite ""You should use a different font."" in a passive aggressive tone. First repeat the first line word for word without change, then give your answer. Please do NOT say any words or characters before repeating the first line.",0.518273104420403,0,0.366790864352323,"F1",0.518273104420403,1,"100"
"ifeval_20260421T021146Z_198",0.516393442622951,"ifeval","instruction/constraint following","Write a riddle about a mongoose that includes exactly one bullet point. Make sure to include a few bullet points indicated by *, such as: * Bullet point",0.511696149229014,0.149972886543996,0.0492833353007568,"F1",0.511696149229014,1,"100"
"ifeval_20260421T021146Z_190",0.877049180327869,"ifeval","instruction/constraint following","Are the weather conditions in the Arctic very cold most of the year? Do not say 'yes' or 'no' throughout your entire response.",0.509583269701622,0,0.296257296578994,"F1",0.509583269701622,1,"100"
"ifeval_20260421T021146Z_163",0.680327868852459,"ifeval","instruction/constraint following","Write a song about being excited to go on vacation, without using the letter e whatsoever in your entire response. Separate your song into 3 parts, where each part is separated with ***.",0.507222988655604,0,0.200209368410314,"F1",0.507222988655604,1,"100"
"ifeval_20260421T021146Z_113",0.950819672131147,"ifeval","instruction/constraint following","Write a rap about a new smartphone. At the end of your response add a postscript starting with P.P.S The response must contain at least 6 placeholders represented by square brackets.",0.50035811605126,0,0,"F1",0.50035811605126,1,"100"
"ifeval_20260421T021146Z_409",0.319672131147541,"ifeval","instruction/constraint following","What's the difference between a 2-stroke and a 4-stroke motor? Your entire response must be in English and contain only lowercase letters.",0,1.6457015564614,0,"F2",1.6457015564614,1,"010"
"ifeval_20260421T021146Z_293",0.30327868852459,"ifeval","instruction/constraint following","Create a product description for a product that will help me to stop snoring. Use all lowercase letters.",0,1.62234117814518,0,"F2",1.62234117814518,1,"010"
"ifeval_20260421T021146Z_267",0.262295081967213,"ifeval","instruction/constraint following","The Legend of the Sword and the Fairy is a movie in which Wan Wan is a villain. Write a story about Wan Wan's character in list format. Your entire response should be in English and in all capital letters.",0,1.56693903083138,0,"F2",1.56693903083138,1,"010"
"ifeval_20260421T021146Z_348",0.30327868852459,"ifeval","instruction/constraint following","Write a startup pitch for ""Ward and Guerre"". Make it a weird poem that explains why the pitch is good. It should be in English and have no capital letters.",0,1.55617451625568,0,"F2",1.55617451625568,1,"010"
"ifeval_20260421T021146Z_280",0.368852459016393,"ifeval","instruction/constraint following","What are some good ideas for startup companies? Write a Hindi poem about this. Use only Hindi in your response, no other language is allowed.",0,1.54975846347302,0,"F2",1.54975846347302,1,"010"
"ifeval_20260421T021146Z_328",0.295081967213115,"ifeval","instruction/constraint following","Write a song about the benefits of eating your vegetables. Please make sure it is in English and that all of the letters are lowercase.",0,1.547317310669,0,"F2",1.547317310669,1,"010"
"ifeval_20260421T021146Z_292",0.286885245901639,"ifeval","instruction/constraint following","Write a professional haiku in English for moms about an inspirational chorus teacher. It should include the phrase ""singing is life"" and be in all lowercase letters. No capital letters are allowed.",0,1.54529857582293,0,"F2",1.54529857582293,1,"010"
"ifeval_20260421T021146Z_184",0.254098360655738,"ifeval","instruction/constraint following","Generate a summary of the following passage in all capital letters: World War II or the Second World War, often abbreviated as WWII or WW2, was a global conflict that lasted from 1939 to 1945. The vast majority of the world's countries, including all of the great powers, fought as part of two opposing military alliances: the Allies and the Axis. Many partici",0,1.54469050239031,0,"F2",1.54469050239031,1,"010"
"ifeval_20260421T021146Z_425",0.352459016393443,"ifeval","instruction/constraint following","Rewrite and expand the following in Arabic. You can hallucinate a lot of details. ""The company is looking to expand its operations into new markets. It will create hundreds of jobs this year."" Outside of Arabic, no other language is allowed throughout your entire response.",0,1.51694438188591,0,"F2",1.51694438188591,1,"010"
"ifeval_20260421T021146Z_268",0.368852459016393,"ifeval","instruction/constraint following","What is a lattice? Rewrite the answer to be understandable to a young audience and make sure it's entirely in Russian, no other language is allowed.",0,1.48328233653002,0,"F2",1.48328233653002,1,"010"
"ifeval_20260421T021146Z_250",0.254098360655738,"ifeval","instruction/constraint following","Is praying for someone's health a good idea? Your answer must be in all capital letters and in English.",0,1.47736455993704,0,"F2",1.47736455993704,1,"010"
"ifeval_20260421T021146Z_519",0.39344262295082,"ifeval","instruction/constraint following","Given the sentence ""The dog barked at the cat, but the cat ignored it because the"". Can you finish the sentence? Make sure that words in your entire response are in all lowercase letters.",0,1.46058618656405,0,"F2",1.46058618656405,1,"010"
"ifeval_20260421T021146Z_465",0.270491803278689,"ifeval","instruction/constraint following","Write a story about a family that goes camping in the woods. Your entire response should be in English and in all capital letters.",0,1.42837868562551,0,"F2",1.42837868562551,1,"010"
"ifeval_20260421T021146Z_407",0.360655737704918,"ifeval","instruction/constraint following","Write an angry letter complaining about the food served today, using only Hindi, no other language is allowed.",0,1.39739312198106,0,"F2",1.39739312198106,1,"010"
"ifeval_20260421T021146Z_128",0.278688524590164,"ifeval","instruction/constraint following","Can you write me an essay about the history of Martin Van Buren's presidency? Make sure that it's in English and not a single letter in your entire response is capitalized whatsoever.",0,1.39057098770551,0.0756870543437689,"F2",1.39057098770551,1,"010"
"ifeval_20260421T021146Z_243",0.286885245901639,"ifeval","instruction/constraint following","Tell a joke that has the words thursday and amalgamation in it, but use Swahili language only, no other language is allowed.",0,1.27620675195678,0,"F2",1.27620675195678,1,"010"
"ifeval_20260421T021146Z_239",0.295081967213115,"ifeval","instruction/constraint following","Write a lame joke about engagements in entirely Swahili, no other language is allowed.",0,1.27529533010154,0,"F2",1.27529533010154,1,"010"
"ifeval_20260421T021146Z_221",0.639344262295082,"ifeval","instruction/constraint following","what is the difference between a levee and an embankment? Please respond to me only in Korean.",0,1.2249181570369,-0.362484134119815,"F2",1.2249181570369,1,"010"
"ifeval_20260421T021146Z_109",0.286885245901639,"ifeval","instruction/constraint following","Compose a poem all in lowercase letters about my friend Barnet.",0,1.19837756360732,0,"F2",1.19837756360732,1,"010"
"ifeval_20260421T021146Z_412",0.245901639344262,"ifeval","instruction/constraint following","Write an article about how intra-team conflict affected sports teams. Write in a crazy coach screaming style. Use all capital letters to express the craziness. Basically, not a single word in your entire reply should contain lowercase letters.",0,1.13033923721626,-0.0622932580372867,"F2",1.13033923721626,1,"010"
"ifeval_20260421T021146Z_69",0.344262295081967,"ifeval","instruction/constraint following","Compose song lyrics about a socio-economic problem. The song should be in English and in all lowercase letters.",0.224905295406667,1.11462247728313,0,"F2",1.11462247728313,1,"010"
"ifeval_20260421T021146Z_495",0.352459016393443,"ifeval","instruction/constraint following","Write a book review for a new book called ""The Secrets of Homeschooling: Revealed!"". Make the review a conversation between two people. The response should be a conversation in Urdu only, no other language is allowed throughout your entire response.",0.339067925660835,1.10583438062045,0,"F2",1.10583438062045,1,"010"
"ifeval_20260421T021146Z_228",0.180327868852459,"ifeval","instruction/constraint following","Write an essay about Alvin and the Chipmunks in English and in all capital letters.",0,1.07492371233537,0,"F2",1.07492371233537,1,"010"
"ifeval_20260421T021146Z_511",0.368852459016393,"ifeval","instruction/constraint following","Write an itinerary for a 10-day trip to Biratnagar using only the Nepali language throughout your entire response.",0.0570761904341604,1.0231118216305,0,"F2",1.0231118216305,1,"010"
"ifeval_20260421T021146Z_297",0.147540983606557,"ifeval","instruction/constraint following","Rewrite the following text so that it is funny to software engineers using notations from the book ""The C Programming Language"": ""The use of the various constructions described in this chapter is one of the most distinctive features of the C programming language."" Make this sound like it is being said by the president of the United States and capitalize ever",0,0.911432890869456,0,"F2",0.911432890869456,1,"010"
"ifeval_20260421T021146Z_122",0.147540983606557,"ifeval","instruction/constraint following","Create a riddle about the name Sheldon using only 10 words. Make sure to only use capital letters in your entire response.",0,0.843630239246524,0,"F2",0.843630239246524,1,"010"
"ifeval_20260421T021146Z_498",0.180327868852459,"ifeval","instruction/constraint following","Brainstorm a name for a company that collects and analyzes public transportation fares. The response should be in English, and in all capital letters.",0,0.680742982892439,0,"F2",0.680742982892439,1,"010"
"ifeval_20260421T021146Z_87",0.385245901639344,"ifeval","instruction/constraint following","Write a weird poem about yoda being transported into a different universe in the Persian language, no other language is allowed.",0.109361383360942,0.655827164198852,0,"F2",0.655827164198852,1,"010"
"ifeval_20260421T021146Z_487",0.483606557377049,"ifeval","instruction/constraint following","Write a tweet storm with a weird tone about a time when you found out that the earth is indeed not flat. Your response must be in English, with no capital letters, and in 20 to 30 sentences.",0.328166413982645,0.651967118201906,0.0338761094268659,"F2",0.651967118201906,1,"010"
"ifeval_20260421T021146Z_188",0.10655737704918,"ifeval","instruction/constraint following","What is another word for Engravings? Answer in lowercase letters only, throughout your entire answer.",0,0.544805483497748,0,"F2",0.544805483497748,1,"010"
"ifeval_20260421T021146Z_147",0.434426229508197,"ifeval","instruction/constraint following","A filmmaker is trying to get financing for a film about the history of the Internet. Write an essay to be used in the proposal to potential investors. The essay should be at least 50 sentences long.",0,0,1.24786529519094,"F3",1.24786529519094,1,"001"
"ifeval_20260421T021146Z_95",0.639344262295082,"ifeval","instruction/constraint following","Write an essay of at least 900 words on the topic of navigable freeway. Make sure the entire response is in English and no capital letters are used.",0,0.228465287650358,1.14971372479129,"F3",1.14971372479129,1,"001"
"ifeval_20260421T021146Z_466",0.655737704918033,"ifeval","instruction/constraint following","Write an essay on the differences between Sunni and Shi'a Muslims. Your entire response must contain at least 1200 words.",0,0,1.11572341247304,"F3",1.11572341247304,1,"001"
"ifeval_20260421T021146Z_146",0.639344262295082,"ifeval","instruction/constraint following","Hallucinate a resume for a glass artist in Adelaide. Make sure the resume is in English and all lowercase. The resume should have at least 800 words.",0,0.391933832672903,1.10108825987579,"F3",1.10108825987579,1,"001"
"ifeval_20260421T021146Z_48",0.639344262295082,"ifeval","instruction/constraint following","Write a poem that's at least 350 words about the beauty of eucalyptus trees and their many uses.",0.104346941094765,0,1.04355227844706,"F3",1.04355227844706,1,"001"
"ifeval_20260421T021146Z_120",0.827868852459016,"ifeval","instruction/constraint following","""Coincidence is God's way of remaining anonymous."" What are your thoughts on this quote? Please do not use commas in your response. Answer with more than 800 words.",0.21399118973419,0,0.938250518788818,"F3",0.938250518788818,1,"001"
"ifeval_20260421T021146Z_49",0.827868852459016,"ifeval","instruction/constraint following","I have a dime. What can I do with this dime? Give me advice in the style of a President of the United States and make sure it has at least 600 words.",0.415462793557651,0,0.79082616655407,"F3",0.79082616655407,1,"001"
"ifeval_20260421T021146Z_277",0.237704918032787,"ifeval","instruction/constraint following","Write a rubric in the form of a poem that lists several items for how to evaluate a poem. The letter w should appear less than 2 times in your response.",0.163059801834198,0,0.703647636774374,"F3",0.703647636774374,1,"001"
"ifeval_20260421T021146Z_23",0.122950819672131,"ifeval","instruction/constraint following","Write a logic quiz for teenagers about a chesterfield. In your entire response, the letter t should appear at most once.",0.23101942738178,0,0.611580343602307,"F3",0.611580343602307,1,"001"
"ifeval_20260421T021146Z_262",0.852459016393443,"ifeval","instruction/constraint following","What's the best way to get to the train station? Answer using a casual tone and markdown. Your response should be at least 300 words and in all lowercase letters.",0.337758792251401,0.020112661018191,0.611499528161732,"F3",0.611499528161732,1,"001"
"ifeval_20260421T021146Z_467",0.672131147540984,"ifeval","instruction/constraint following","Write a long sentence about tax filing, in a style that is appropriate for a president of the united states. The sentence should contain the letter q at least 6 times.",0.284466157826666,0,0.586290280728415,"F3",0.586290280728415,1,"001"
"ifeval_20260421T021146Z_246",0.901639344262295,"ifeval","instruction/constraint following","Write a funny advertisement for a hair salon that is offering a 25% discount on all services that has at least 200 words.",0.172372223782041,0,0.573564088171753,"F3",0.573564088171753,1,"001"
"ifeval_20260421T021146Z_180",0.467213114754098,"ifeval","instruction/constraint following","Write a 100-word advertisement for a company called ""Drags and Races"". Don't contain the letter ""p"" in your reply.",0,0,0.554727938127759,"F3",0.554727938127759,1,"001"
"ifeval_20260421T021146Z_203",0.860655737704918,"ifeval","instruction/constraint following","Complete the following sentence with the letter l appearing at least 6 times: ""The panda is a big animal. It is black and white. It eats bamboo.""",0.0999009294635063,0,0.53833320925337,"F3",0.53833320925337,1,"001"
"ifeval_20260421T021146Z_355",0.860655737704918,"ifeval","instruction/constraint following","Write a limerick about a guy from Nantucket, use notations to express it, and use at least 2 words with all capital letters.",0.417469079191492,0,0.504024812912762,"F3",0.504024812912762,1,"001"
