"item_id","empirical_accuracy","alpha","loading_factor_1","loading_factor_2","loading_factor_3","benchmark","schema_version","prompt_type","question_text","reference_text","category","source","question_snippet","question_length_words","numeric_tokens","is_instruction","is_science","is_mmlu_pro","quantitative_symbolic","negation_exception","mechanism_causal","long_context","short_direct","instruction_constraints","primary_semantic"
"ifeval_20260421T021146Z_0",0.811475409836066,1.02629031356026,0.97919330710307,0,0.119874024123318,"ifeval","""v0.1.0""","instruction_prompt","Write a 300+ word summary of the wikipedia page ""https://en.wikipedia.org/wiki/Raymond_III,_Count_of_Tripoli"". Do not use any commas and highlight at least 3 sections that has titles in markdown format, for example *highlighted section part 1*, *highlighted section part 2*, *highlighted section part 3*.",NA,NA,NA,"Write a 300+ word summary of the wikipedia page ""https://en.wikipedia.org/wiki/Raymond_III,_Count_of_Tripoli"". Do not use any commas and highlight at least 3 sections that has titles in markdown format, for example *highlighted section part 1*, *highlighted section part 2*, *highlighted section part 3*.",41,5,TRUE,FALSE,FALSE,TRUE,TRUE,FALSE,TRUE,FALSE,TRUE,"instruction/constraint following"
"ifeval_20260421T021146Z_1",0.721311475409836,0.577968180045516,1.06763242989915,0,0.383392997304557,"ifeval","""v0.1.0""","instruction_prompt","I am planning a trip to Japan, and I would like thee to write an itinerary for my journey in a Shakespearean style. You are not allowed to use any commas in your response.",NA,NA,NA,"I am planning a trip to Japan, and I would like thee to write an itinerary for my journey in a Shakespearean style. You are not allowed to use any commas in your response.",34,0,TRUE,FALSE,FALSE,FALSE,TRUE,FALSE,FALSE,FALSE,TRUE,"instruction/constraint following"
"ifeval_20260421T021146Z_10",0.90983606557377,1.48617677865812,0.457001125366188,0,0.241040934072301,"ifeval","""v0.1.0""","instruction_prompt","Write a blog post with 400 or more words about the benefits of sleeping in a hammock.",NA,NA,NA,"Write a blog post with 400 or more words about the benefits of sleeping in a hammock.",17,1,TRUE,FALSE,FALSE,FALSE,FALSE,FALSE,FALSE,FALSE,TRUE,"instruction/constraint following"
"ifeval_20260421T021146Z_100",0.860655737704918,1.25364778171161,0.693594982237228,0,0.233270368055587,"ifeval","""v0.1.0""","instruction_prompt","Write a file for a queer-owned business called ""The Rainbow Cafe"". Your file should have 4 sections, and each section should start with ""SECTION X"".",NA,NA,NA,"Write a file for a queer-owned business called ""The Rainbow Cafe"". Your file should have 4 sections, and each section should start with ""SECTION X"".",25,1,TRUE,FALSE,FALSE,FALSE,FALSE,FALSE,FALSE,FALSE,TRUE,"instruction/constraint following"
"ifeval_20260421T021146Z_101",0.860655737704918,1.24531896159859,0.88317875782367,0,0,"ifeval","""v0.1.0""","instruction_prompt","I want to apply for a job as a software engineer at Google. Can you write me two different cover letters -- a concise version and a long version? Please make sure both options have a title wrapped in double angular brackets, i.e. <<title>>.",NA,NA,NA,"I want to apply for a job as a software engineer at Google. Can you write me two different cover letters -- a concise version and a long version? Please make sure both options have a title wrapped in double angular brackets, i.e. <<title>>.",44,0,TRUE,FALSE,FALSE,TRUE,FALSE,FALSE,TRUE,FALSE,TRUE,"instruction/constraint following"
"ifeval_20260421T021146Z_102",0.844262295081967,1.16128090457709,0.952038378511022,0,0,"ifeval","""v0.1.0""","instruction_prompt","Name a new fashion company that young people might like, and give it a name with multiple meanings. Put the name in double angular brackets, such as <<name>>. Let's repeat the request above first, before you say anything or really respond to the request.",NA,NA,NA,"Name a new fashion company that young people might like, and give it a name with multiple meanings. Put the name in double angular brackets, such as <<name>>. Let's repeat the request above first, before you say anything or really respond to the request.",44,0,TRUE,FALSE,FALSE,TRUE,FALSE,FALSE,TRUE,FALSE,TRUE,"instruction/constraint following"
"ifeval_20260421T021146Z_104",0.885245901639344,1.4177841769515,0.844064393217192,0,0,"ifeval","""v0.1.0""","instruction_prompt","Compose a poem that has the word ""land"" and ""river"". It should be about nature and love. Also, the word ""forest"" should appear at least 3 times, and be written in English, with all letters lowercased.",NA,NA,NA,"Compose a poem that has the word ""land"" and ""river"". It should be about nature and love. Also, the word ""forest"" should appear at least 3 times, and be written in English, with all letters lowercased.",36,1,TRUE,FALSE,FALSE,FALSE,TRUE,FALSE,FALSE,FALSE,TRUE,"instruction/constraint following"
"ifeval_20260421T021146Z_105",0.647540983606557,0.251457963090024,0.742505298127621,0,0.408322176500075,"ifeval","""v0.1.0""","instruction_prompt","Write a story for kids about how a person learns to ride a bike. Do not include 'can' and 'ride' in your response.",NA,NA,NA,"Write a story for kids about how a person learns to ride a bike. Do not include 'can' and 'ride' in your response.",23,0,TRUE,FALSE,FALSE,FALSE,TRUE,FALSE,FALSE,FALSE,TRUE,"instruction/constraint following"
"ifeval_20260421T021146Z_107",0.745901639344262,0.658789191677496,1.01853879115481,0,0.210091194864823,"ifeval","""v0.1.0""","instruction_prompt","Write two limericks for moms about how hard it is to get their kids to do chores. Be angry about it. Separate your two limericks with six asterisks (******).",NA,NA,NA,"Write two limericks for moms about how hard it is to get their kids to do chores. Be angry about it. Separate your two limericks with six asterisks (******).",29,0,TRUE,FALSE,FALSE,FALSE,FALSE,FALSE,FALSE,FALSE,TRUE,"instruction/constraint following"
"ifeval_20260421T021146Z_108",0.852459016393443,1.20387180536682,0.694056470762138,0,0.22693790749866,"ifeval","""v0.1.0""","instruction_prompt","Summarize the following paragraph. Use words in all capital letters at least 3 times to highlight key points. How to get to 100% renewable energy in the US? Two researchers from Stanford University and the University of California, Berkeley studied the potential for solar and wind energy to power the US grid. They concluded that it is possible to get to 100% renewable energy by 2050 by building more solar and wind farms. The authors also pointed out that such a system would be less vulnerable to disruptions than the current grid, which is reliant on a few large power plants. The authors' plan would also create jobs and reduce pollution.",NA,NA,NA,"Summarize the following paragraph. Use words in all capital letters at least 3 times to highlight key points. How to get to 100% renewable energy in the US? Two researchers from Stanford University and the University of California, Berkeley studied the potential for solar and wind energy to power the US grid. They concluded that it is possible to get to 100%",111,4,TRUE,FALSE,FALSE,TRUE,TRUE,FALSE,TRUE,FALSE,TRUE,"instruction/constraint following"
"ifeval_20260421T021146Z_109",0.286885245901639,-0.666338249707843,0,1.19837756360732,0,"ifeval","""v0.1.0""","instruction_prompt","Compose a poem all in lowercase letters about my friend Barnet.",NA,NA,NA,"Compose a poem all in lowercase letters about my friend Barnet.",11,0,TRUE,FALSE,FALSE,FALSE,FALSE,FALSE,FALSE,FALSE,TRUE,"instruction/constraint following"
"ifeval_20260421T021146Z_11",0.450819672131148,-0.481844875678073,0.716043405471287,0,0.439782395718663,"ifeval","""v0.1.0""","instruction_prompt","Can you help me make an advertisement for a new product? It's a diaper that's designed to be more comfortable for babies and I want the entire output in JSON format.",NA,NA,NA,"Can you help me make an advertisement for a new product? It's a diaper that's designed to be more comfortable for babies and I want the entire output in JSON format.",31,0,TRUE,FALSE,FALSE,FALSE,FALSE,FALSE,FALSE,FALSE,TRUE,"instruction/constraint following"
"ifeval_20260421T021146Z_111",0.811475409836066,0.954779522042155,0.998890704754158,0,0,"ifeval","""v0.1.0""","instruction_prompt","Write an extremely short essay on the role of mythology in the work of Jordan Peterson. Keep your entire response 100 words or less. Be general in your writing. Make sure to highlight at least 2 sections in your answer with markdown, i.e. use *highlighted section*.",NA,NA,NA,"Write an extremely short essay on the role of mythology in the work of Jordan Peterson. Keep your entire response 100 words or less. Be general in your writing. Make sure to highlight at least 2 sections in your answer with markdown, i.e. use *highlighted section*.",46,2,TRUE,FALSE,FALSE,TRUE,TRUE,TRUE,TRUE,FALSE,TRUE,"instruction/constraint following"
"ifeval_20260421T021146Z_112",0.713114754098361,0.384234406253174,1.30974829827356,0,0.0116912754281229,"ifeval","""v0.1.0""","instruction_prompt","What's a good way to ask Sonia out? Please reply with exactly 4 paragraphs and separate each paragraph with two new lines. Put double quotation marks around your entire response. The very first paragraph must start with the word ""weekend"".",NA,NA,NA,"What's a good way to ask Sonia out? Please reply with exactly 4 paragraphs and separate each paragraph with two new lines. Put double quotation marks around your entire response. The very first paragraph must start with the word ""weekend"".",40,1,TRUE,FALSE,FALSE,FALSE,FALSE,FALSE,FALSE,FALSE,TRUE,"instruction/constraint following"
"ifeval_20260421T021146Z_113",0.950819672131147,1.78863498000258,0.50035811605126,0,0,"ifeval","""v0.1.0""","instruction_prompt","Write a rap about a new smartphone. At the end of your response add a postscript starting with P.P.S The response must contain at least 6 placeholders represented by square brackets.",NA,NA,NA,"Write a rap about a new smartphone. At the end of your response add a postscript starting with P.P.S The response must contain at least 6 placeholders represented by square brackets.",31,1,TRUE,FALSE,FALSE,FALSE,TRUE,FALSE,FALSE,FALSE,TRUE,"instruction/constraint following"
"ifeval_20260421T021146Z_114",0.918032786885246,1.52901777850132,0.615209200999943,0,0,"ifeval","""v0.1.0""","instruction_prompt","I really love the album called Lilith. I want to introduce it to my friend Luheng. Draft an email for it. Add a postscript to your response that starts with P.S.",NA,NA,NA,"I really love the album called Lilith. I want to introduce it to my friend Luheng. Draft an email for it. Add a postscript to your response that starts with P.S.",31,0,TRUE,FALSE,FALSE,FALSE,FALSE,FALSE,FALSE,FALSE,TRUE,"instruction/constraint following"
"ifeval_20260421T021146Z_115",0.754098360655738,0.667387114702735,0.678395809265187,0,0.225741322521694,"ifeval","""v0.1.0""","instruction_prompt","Write a plot for a story about two people who swap fingerprints. Include a title wrapped in double angular brackets, i.e. <<title>>. In your response please avoid using commas. First, repeat the request above word for word without change. Do not say any words or characters before repeating the request above. After you repeated the request, you can give your response next.",NA,NA,NA,"Write a plot for a story about two people who swap fingerprints. Include a title wrapped in double angular brackets, i.e. <<title>>. In your response please avoid using commas. First, repeat the request above word for word without change. Do not say any words or characters before repeating the request above. After you repeated the request, you can give your ",62,0,TRUE,FALSE,FALSE,TRUE,TRUE,FALSE,TRUE,FALSE,TRUE,"instruction/constraint following"
"ifeval_20260421T021146Z_116",0.795081967213115,0.789325078016784,0.235363834577892,0,-0.268757624423233,"ifeval","""v0.1.0""","instruction_prompt","Make the sentence “The bus arrived at the station” sound more interesting. Avoid using the word “station”.",NA,NA,NA,"Make the sentence “The bus arrived at the station” sound more interesting. Avoid using the word “station”.",17,0,TRUE,FALSE,FALSE,FALSE,FALSE,FALSE,FALSE,FALSE,TRUE,"instruction/constraint following"
"ifeval_20260421T021146Z_117",0.983606557377049,2.13383532460349,0.0160852426245035,0,0,"ifeval","""v0.1.0""","instruction_prompt","Create a 5 day itinerary for a trip to Mesa, Arizona. Wrap your entire response with double quotes and include the letter ""l"" at least 15 times.",NA,NA,NA,"Create a 5 day itinerary for a trip to Mesa, Arizona. Wrap your entire response with double quotes and include the letter ""l"" at least 15 times.",27,2,TRUE,FALSE,FALSE,TRUE,TRUE,FALSE,FALSE,FALSE,TRUE,"instruction/constraint following"
"ifeval_20260421T021146Z_118",0.69672131147541,0.362625123657734,0.887722041676106,0.0563457457161465,0,"ifeval","""v0.1.0""","instruction_prompt","Make a rubric for a home theater installation targeting moms. Your answer must contain exactly 4 bullet points. Use markdown bullet points such as: * This is point 1",NA,NA,NA,"Make a rubric for a home theater installation targeting moms. Your answer must contain exactly 4 bullet points. Use markdown bullet points such as: * This is point 1",29,2,TRUE,FALSE,FALSE,TRUE,FALSE,FALSE,FALSE,FALSE,TRUE,"instruction/constraint following"
"ifeval_20260421T021146Z_119",0.80327868852459,0.783670373472368,0.416270575639532,0,-0.14885080751685,"ifeval","""v0.1.0""","instruction_prompt","Write a short essay about the updates of the latest episode of your favorite TV show. Use less than 300 words.",NA,NA,NA,"Write a short essay about the updates of the latest episode of your favorite TV show. Use less than 300 words.",21,1,TRUE,FALSE,FALSE,FALSE,FALSE,FALSE,FALSE,FALSE,TRUE,"instruction/constraint following"
"ifeval_20260421T021146Z_12",0.614754098360656,0.0741731927976306,0.71844441284218,0,0,"ifeval","""v0.1.0""","instruction_prompt","Write a story of exactly 2 paragraphs about a man who wakes up one day and realizes that he's inside a video game. Separate the paragraphs with the markdown divider: ***",NA,NA,NA,"Write a story of exactly 2 paragraphs about a man who wakes up one day and realizes that he's inside a video game. Separate the paragraphs with the markdown divider: ***",31,1,TRUE,FALSE,FALSE,FALSE,FALSE,FALSE,FALSE,FALSE,TRUE,"instruction/constraint following"
"ifeval_20260421T021146Z_120",0.827868852459016,1.29718453068497,0.21399118973419,0,0.938250518788818,"ifeval","""v0.1.0""","instruction_prompt","""Coincidence is God's way of remaining anonymous."" What are your thoughts on this quote? Please do not use commas in your response. Answer with more than 800 words.",NA,NA,NA,"""Coincidence is God's way of remaining anonymous."" What are your thoughts on this quote? Please do not use commas in your response. Answer with more than 800 words.",28,1,TRUE,FALSE,FALSE,FALSE,TRUE,FALSE,FALSE,FALSE,TRUE,"instruction/constraint following"
"ifeval_20260421T021146Z_121",0.770491803278688,0.776121098751091,0.615721035036009,0,0.378424004478578,"ifeval","""v0.1.0""","instruction_prompt","Write a cover letter for a job at a local coffee shop in the form of a poem. Highlight at least 5 text sections using ""*"". For example: *3 years of experience*.",NA,NA,NA,"Write a cover letter for a job at a local coffee shop in the form of a poem. Highlight at least 5 text sections using ""*"". For example: *3 years of experience*.",32,2,TRUE,FALSE,FALSE,TRUE,TRUE,FALSE,FALSE,FALSE,TRUE,"instruction/constraint following"
"ifeval_20260421T021146Z_122",0.147540983606557,-1.31142830769788,0,0.843630239246524,0,"ifeval","""v0.1.0""","instruction_prompt","Create a riddle about the name Sheldon using only 10 words. Make sure to only use capital letters in your entire response.",NA,NA,NA,"Create a riddle about the name Sheldon using only 10 words. Make sure to only use capital letters in your entire response.",22,1,TRUE,FALSE,FALSE,FALSE,FALSE,FALSE,FALSE,FALSE,TRUE,"instruction/constraint following"
"ifeval_20260421T021146Z_124",0.959016393442623,1.73938410834916,0,0,0,"ifeval","""v0.1.0""","instruction_prompt","I work in the marketing department and I need your help. I need a template for an advertisement for a new product which is a portable camera. In the template, capitalize a few words to stress main points. Please limit the number of words with all capital letters to less than four. Your response should contain at least ten sentences.",NA,NA,NA,"I work in the marketing department and I need your help. I need a template for an advertisement for a new product which is a portable camera. In the template, capitalize a few words to stress main points. Please limit the number of words with all capital letters to less than four. Your response should contain at least ten sentences.",60,0,TRUE,FALSE,FALSE,FALSE,TRUE,FALSE,TRUE,FALSE,TRUE,"instruction/constraint following"
"ifeval_20260421T021146Z_125",0.59016393442623,-0.0263588568048875,0.862096103161835,0,0.546944504800808,"ifeval","""v0.1.0""","instruction_prompt","Generate two alternative product descriptions: The product is a new type of paper that can be used to wrap food, and is edible. First repeat the prompt above without change, then give your answer. Please do not say any word before repeating the prompt above.",NA,NA,NA,"Generate two alternative product descriptions: The product is a new type of paper that can be used to wrap food, and is edible. First repeat the prompt above without change, then give your answer. Please do not say any word before repeating the prompt above.",45,0,TRUE,FALSE,FALSE,FALSE,TRUE,FALSE,TRUE,FALSE,TRUE,"instruction/constraint following"
"ifeval_20260421T021146Z_126",0.967213114754098,1.86458468752498,0.249122521166367,0,0,"ifeval","""v0.1.0""","instruction_prompt","Create a resume for a 20-year-old college student with no work experience. Include the keywords ""Python"" and ""Java"" and wrap the response with double quotation marks.",NA,NA,NA,"Create a resume for a 20-year-old college student with no work experience. Include the keywords ""Python"" and ""Java"" and wrap the response with double quotation marks.",26,1,TRUE,FALSE,FALSE,FALSE,FALSE,FALSE,FALSE,FALSE,TRUE,"instruction/constraint following"
"ifeval_20260421T021146Z_127",0.713114754098361,0.347204143278563,1.53312042415235,0,0,"ifeval","""v0.1.0""","instruction_prompt","I'm a 12th grader and I need some help with my college applications, can you give me some advice? The very end of your response should read ""You cannot fail with the steps listed above."" No other words should follow this phrase.",NA,NA,NA,"I'm a 12th grader and I need some help with my college applications, can you give me some advice? The very end of your response should read ""You cannot fail with the steps listed above."" No other words should follow this phrase.",42,0,TRUE,FALSE,FALSE,FALSE,TRUE,FALSE,TRUE,FALSE,TRUE,"instruction/constraint following"
"ifeval_20260421T021146Z_128",0.278688524590164,-0.77682948877689,0,1.39057098770551,0.0756870543437689,"ifeval","""v0.1.0""","instruction_prompt","Can you write me an essay about the history of Martin Van Buren's presidency? Make sure that it's in English and not a single letter in your entire response is capitalized whatsoever.",NA,NA,NA,"Can you write me an essay about the history of Martin Van Buren's presidency? Make sure that it's in English and not a single letter in your entire response is capitalized whatsoever.",32,0,TRUE,FALSE,FALSE,FALSE,TRUE,FALSE,FALSE,FALSE,TRUE,"instruction/constraint following"
"ifeval_20260421T021146Z_129",0.885245901639344,1.58511448631328,1.05713243891589,0,0,"ifeval","""v0.1.0""","instruction_prompt","Generate a business proposal to start a sweatshirt company in Bremen. The proposal should contain 5 or more sections. Highlight each section name using the this format: *section name*",NA,NA,NA,"Generate a business proposal to start a sweatshirt company in Bremen. The proposal should contain 5 or more sections. Highlight each section name using the this format: *section name*",29,1,TRUE,FALSE,FALSE,FALSE,FALSE,FALSE,FALSE,FALSE,TRUE,"instruction/constraint following"
"ifeval_20260421T021146Z_13",0.704918032786885,0.375091793806312,0.911331683048881,0,0,"ifeval","""v0.1.0""","instruction_prompt","Write a detailed review of the movie ""The Social Network"". Your entire response should be in English and all lower case (no capital letters whatsoever).",NA,NA,NA,"Write a detailed review of the movie ""The Social Network"". Your entire response should be in English and all lower case (no capital letters whatsoever).",25,0,TRUE,FALSE,FALSE,FALSE,FALSE,FALSE,FALSE,FALSE,TRUE,"instruction/constraint following"
"ifeval_20260421T021146Z_130",0.704918032786885,0.392813011173261,1.15036899589741,0,0.198769305169712,"ifeval","""v0.1.0""","instruction_prompt","Write a rubric for evaluating a musical composition. Please wrap your entire reply with double quotation marks. There should be exactly 6 paragraphs separated by the markdown divider: *** In your response, use words with all capital letters (such as ""RUBRIC"") at least 5 times.",NA,NA,NA,"Write a rubric for evaluating a musical composition. Please wrap your entire reply with double quotation marks. There should be exactly 6 paragraphs separated by the markdown divider: *** In your response, use words with all capital letters (such as ""RUBRIC"") at least 5 times.",45,2,TRUE,FALSE,FALSE,TRUE,TRUE,FALSE,TRUE,FALSE,TRUE,"instruction/constraint following"
"ifeval_20260421T021146Z_131",0.286885245901639,-0.562862872824659,0,0,0.0320613230772444,"ifeval","""v0.1.0""","instruction_prompt","Can you provide a translation for ""今天天气很好"" in German? Do not use ""heute"". Please use another word.",NA,NA,NA,"Can you provide a translation for ""今天天气很好"" in German? Do not use ""heute"". Please use another word.",17,0,TRUE,FALSE,FALSE,FALSE,TRUE,FALSE,FALSE,FALSE,TRUE,"instruction/constraint following"
"ifeval_20260421T021146Z_132",0.89344262295082,1.30967163017753,0.588092109722312,0,0,"ifeval","""v0.1.0""","instruction_prompt","Write a funny and sarcastic template for rating the quality of a marriage between two people who are both moms. This is for the couple themselves. Please highlight at least 3 sections with markdown, i.e *highlighted section*.",NA,NA,NA,"Write a funny and sarcastic template for rating the quality of a marriage between two people who are both moms. This is for the couple themselves. Please highlight at least 3 sections with markdown, i.e *highlighted section*.",37,1,TRUE,FALSE,FALSE,FALSE,TRUE,FALSE,FALSE,FALSE,TRUE,"instruction/constraint following"
"ifeval_20260421T021146Z_133",0.655737704918033,0.150539390467147,1.01093336157714,0,0,"ifeval","""v0.1.0""","instruction_prompt","For the following request, please repeat the request itself exactly as it is, then give your reply. Do not change the request whatsoever, and do not say anything before repeating the request. Hello. I need to give a lecture to my students about the movie La La Land. Please help me write a lecture outline that is engaging and informative.",NA,NA,NA,"For the following request, please repeat the request itself exactly as it is, then give your reply. Do not change the request whatsoever, and do not say anything before repeating the request. Hello. I need to give a lecture to my students about the movie La La Land. Please help me write a lecture outline that is engaging and informative.",60,0,TRUE,FALSE,FALSE,FALSE,TRUE,FALSE,TRUE,FALSE,TRUE,"instruction/constraint following"
"ifeval_20260421T021146Z_134",0.901639344262295,1.42679654546437,0.66949409294077,0,-0.00371639674541113,"ifeval","""v0.1.0""","instruction_prompt","Request: 1. What are the best places to visit in Bohemia, Czech Republic? 2. Include a list of recommended hotels. 3. Wrap the ENTIRE output in JSON format. 4. Do not include the following keywords: Moser, Glassworks, Pravcice, Karlovy, Vary",NA,NA,NA,"Request: 1. What are the best places to visit in Bohemia, Czech Republic? 2. Include a list of recommended hotels. 3. Wrap the ENTIRE output in JSON format. 4. Do not include the following keywords: Moser, Glassworks, Pravcice, Karlovy, Vary",40,4,TRUE,FALSE,FALSE,TRUE,TRUE,FALSE,FALSE,FALSE,TRUE,"instruction/constraint following"
"ifeval_20260421T021146Z_135",0.89344262295082,1.51681947900793,0.885779042715995,0,0,"ifeval","""v0.1.0""","instruction_prompt","Write a professional email that you could send to ask your boss for a raise. At the end of your response, explicitly add a postscript starting with P.P.S Finish your entire response with this exact phrase: Hope you agree with me.",NA,NA,NA,"Write a professional email that you could send to ask your boss for a raise. At the end of your response, explicitly add a postscript starting with P.P.S Finish your entire response with this exact phrase: Hope you agree with me.",41,0,TRUE,FALSE,FALSE,FALSE,FALSE,FALSE,TRUE,FALSE,TRUE,"instruction/constraint following"
"ifeval_20260421T021146Z_136",0.836065573770492,1.14158592084589,0.92632170773046,0,0.0963180233754156,"ifeval","""v0.1.0""","instruction_prompt","Write an interesting and funny article about the biology of a banana peel. In your response, the word disappointed should appear at least 2 times, and at least six section should be highlighted with markdown, i.e *banana peel*.",NA,NA,NA,"Write an interesting and funny article about the biology of a banana peel. In your response, the word disappointed should appear at least 2 times, and at least six section should be highlighted with markdown, i.e *banana peel*.",38,1,TRUE,FALSE,FALSE,FALSE,TRUE,FALSE,FALSE,FALSE,TRUE,"instruction/constraint following"
"ifeval_20260421T021146Z_137",0.868852459016393,1.35179485825629,0.8948367890055,0,0.0521543924763468,"ifeval","""v0.1.0""","instruction_prompt","Write a blog post about how to raise awareness for a cause. Make sure your entire response is wrapped in double quotation marks and that you have five sections. Mark the beginning of each section with Section X.",NA,NA,NA,"Write a blog post about how to raise awareness for a cause. Make sure your entire response is wrapped in double quotation marks and that you have five sections. Mark the beginning of each section with Section X.",38,0,TRUE,FALSE,FALSE,FALSE,FALSE,TRUE,FALSE,FALSE,TRUE,"instruction/constraint following"
"ifeval_20260421T021146Z_138",0.836065573770492,1.11309383720546,0.682712043761358,0,0.271982530134974,"ifeval","""v0.1.0""","instruction_prompt","Write a fairy tale about a princess and a dragon, making sure the word 'replied' appears at least twice.",NA,NA,NA,"Write a fairy tale about a princess and a dragon, making sure the word 'replied' appears at least twice.",19,0,TRUE,FALSE,FALSE,FALSE,TRUE,FALSE,FALSE,FALSE,TRUE,"instruction/constraint following"
"ifeval_20260421T021146Z_139",0.704918032786885,0.486264184821691,0.234542931354701,0.0292586658534132,0,"ifeval","""v0.1.0""","instruction_prompt","What is the next number in this series: 1, 4, 7, 11, 17? Please answer with only mathematical notation without any commas.",NA,NA,NA,"What is the next number in this series: 1, 4, 7, 11, 17? Please answer with only mathematical notation without any commas.",22,5,TRUE,FALSE,FALSE,TRUE,FALSE,FALSE,FALSE,FALSE,TRUE,"instruction/constraint following"
"ifeval_20260421T021146Z_14",0.819672131147541,0.864878065941368,0.364894089525158,0,0,"ifeval","""v0.1.0""","instruction_prompt","Write a short blog post about a trip to Japan using less than 300 words.",NA,NA,NA,"Write a short blog post about a trip to Japan using less than 300 words.",15,1,TRUE,FALSE,FALSE,FALSE,FALSE,FALSE,FALSE,FALSE,TRUE,"instruction/constraint following"
"ifeval_20260421T021146Z_141",0.729508196721312,0.468512459361941,1.13395862928184,0,0,"ifeval","""v0.1.0""","instruction_prompt","Write an essay about the life of Benjamin Franklin. Then summarize your essay into a poem. Separate the essay and the poem with 6 asterisk symbols: ****** In other words, your response should have the following form: [essay] ****** [poem]",NA,NA,NA,"Write an essay about the life of Benjamin Franklin. Then summarize your essay into a poem. Separate the essay and the poem with 6 asterisk symbols: ****** In other words, your response should have the following form: [essay] ****** [poem]",40,1,TRUE,FALSE,FALSE,FALSE,FALSE,FALSE,FALSE,FALSE,TRUE,"instruction/constraint following"
"ifeval_20260421T021146Z_142",0.901639344262295,1.52792679275541,0.834604759650016,0,-0.0853975249345468,"ifeval","""v0.1.0""","instruction_prompt","How to write a good Chinese poem? At the end of your response, please explicitly add a note starting with ""P.S.""",NA,NA,NA,"How to write a good Chinese poem? At the end of your response, please explicitly add a note starting with ""P.S.""",21,0,TRUE,FALSE,FALSE,FALSE,FALSE,FALSE,FALSE,FALSE,TRUE,"instruction/constraint following"
"ifeval_20260421T021146Z_143",0.90983606557377,1.65482960951198,0.864514649008383,0,0,"ifeval","""v0.1.0""","instruction_prompt","Write a song about the summers of my childhood that I spent in the countryside. Give the song a name, and highlight the name by wrapping it with *. For example: *little me in the countryside*.",NA,NA,NA,"Write a song about the summers of my childhood that I spent in the countryside. Give the song a name, and highlight the name by wrapping it with *. For example: *little me in the countryside*.",36,0,TRUE,FALSE,FALSE,FALSE,FALSE,FALSE,FALSE,FALSE,TRUE,"instruction/constraint following"
"ifeval_20260421T021146Z_144",0.655737704918033,0.126637328900681,1.04309175033655,0.0307850097229921,0,"ifeval","""v0.1.0""","instruction_prompt","The Jimenez family has 20 members. Each member has at least one pet. If there are 32 pets in total, what is the maximum number of members that can possibly have 3 pets? Solve this step by step, and wrap your entire response (reasoning process and the final answer) with double quotation marks.",NA,NA,NA,"The Jimenez family has 20 members. Each member has at least one pet. If there are 32 pets in total, what is the maximum number of members that can possibly have 3 pets? Solve this step by step, and wrap your entire response (reasoning process and the final answer) with double quotation marks.",53,3,TRUE,FALSE,FALSE,TRUE,TRUE,TRUE,TRUE,FALSE,TRUE,"instruction/constraint following"
"ifeval_20260421T021146Z_145",0.89344262295082,1.36499590553845,0.68072666568049,0,0,"ifeval","""v0.1.0""","instruction_prompt","Write an itinerary for a trip to a grocery store in Lima to buy some local goods. Make the itinerary funny, write it in all capital letters and include the keywords 'DISGUSTING', 'DELICIOUS', 'BAD', and 'GOOD'.",NA,NA,NA,"Write an itinerary for a trip to a grocery store in Lima to buy some local goods. Make the itinerary funny, write it in all capital letters and include the keywords 'DISGUSTING', 'DELICIOUS', 'BAD', and 'GOOD'.",36,0,TRUE,FALSE,FALSE,FALSE,FALSE,FALSE,FALSE,FALSE,TRUE,"instruction/constraint following"
"ifeval_20260421T021146Z_146",0.639344262295082,0.543650573127253,0,0.391933832672903,1.10108825987579,"ifeval","""v0.1.0""","instruction_prompt","Hallucinate a resume for a glass artist in Adelaide. Make sure the resume is in English and all lowercase. The resume should have at least 800 words.",NA,NA,NA,"Hallucinate a resume for a glass artist in Adelaide. Make sure the resume is in English and all lowercase. The resume should have at least 800 words.",27,1,TRUE,FALSE,FALSE,FALSE,TRUE,FALSE,FALSE,FALSE,TRUE,"instruction/constraint following"
"ifeval_20260421T021146Z_147",0.434426229508197,-0.356581036580955,0,0,1.24786529519094,"ifeval","""v0.1.0""","instruction_prompt","A filmmaker is trying to get financing for a film about the history of the Internet. Write an essay to be used in the proposal to potential investors. The essay should be at least 50 sentences long.",NA,NA,NA,"A filmmaker is trying to get financing for a film about the history of the Internet. Write an essay to be used in the proposal to potential investors. The essay should be at least 50 sentences long.",37,1,TRUE,FALSE,FALSE,FALSE,TRUE,FALSE,FALSE,FALSE,TRUE,"instruction/constraint following"
"ifeval_20260421T021146Z_148",0.926229508196721,1.64962665555117,0.675073132208177,0,-0.0176921137489228,"ifeval","""v0.1.0""","instruction_prompt","Who won the defamation case between Amber Heard and Johnny Depp? Write your answer as if you are writing to a group of elderly people. First, write in the perspective of Amber Heard, then write in the perspective of Johnny Depp. Separate those two version by 6 asterisk symbols ******. The entire response should have less than 300 words.",NA,NA,NA,"Who won the defamation case between Amber Heard and Johnny Depp? Write your answer as if you are writing to a group of elderly people. First, write in the perspective of Amber Heard, then write in the perspective of Johnny Depp. Separate those two version by 6 asterisk symbols ******. The entire response should have less than 300 words.",59,2,TRUE,FALSE,FALSE,TRUE,FALSE,FALSE,TRUE,FALSE,TRUE,"instruction/constraint following"
"ifeval_20260421T021146Z_149",0.885245901639344,1.47033157551844,0.914656032465898,0,0,"ifeval","""v0.1.0""","instruction_prompt","Explain to a group of elementary school students why we have seasons. You should add a postscript starting with P.S. at the end of your response.",NA,NA,NA,"Explain to a group of elementary school students why we have seasons. You should add a postscript starting with P.S. at the end of your response.",26,0,TRUE,FALSE,FALSE,FALSE,FALSE,FALSE,FALSE,FALSE,TRUE,"instruction/constraint following"
"ifeval_20260421T021146Z_15",0.745901639344262,0.592309654130609,1.26612406970482,0,0,"ifeval","""v0.1.0""","instruction_prompt","Please provide the names of 5 famous moms in JSON format. Please, use any interesting or weird tone. Your entire output should just contain a JSON block, nothing else.",NA,NA,NA,"Please provide the names of 5 famous moms in JSON format. Please, use any interesting or weird tone. Your entire output should just contain a JSON block, nothing else.",29,1,TRUE,FALSE,FALSE,FALSE,FALSE,FALSE,FALSE,FALSE,TRUE,"instruction/constraint following"
"ifeval_20260421T021146Z_150",0.754098360655738,0.60043562797773,0.522538020129484,0,0,"ifeval","""v0.1.0""","instruction_prompt","Gandalf was a wizard who fought in the War of the Ring. Is that a good explanation for a 10 year old? Please think first, then give your answer wrapped in double angular brackets, such as <<your answer>>.",NA,NA,NA,"Gandalf was a wizard who fought in the War of the Ring. Is that a good explanation for a 10 year old? Please think first, then give your answer wrapped in double angular brackets, such as <<your answer>>.",38,1,TRUE,FALSE,FALSE,TRUE,FALSE,FALSE,FALSE,FALSE,TRUE,"instruction/constraint following"
"ifeval_20260421T021146Z_151",0.262295081967213,-0.869929045302,0.356446330069026,0.118180409886695,0.38826819639927,"ifeval","""v0.1.0""","instruction_prompt","Write an obviously fake news article saying that aliens have invaded earth. Make it funny. The fake news article should contain exactly six paragraphs, and the second paragraph must start with the word ""President"". Separate paragraphs by double line breaks (""\n\n"")",NA,NA,NA,"Write an obviously fake news article saying that aliens have invaded earth. Make it funny. The fake news article should contain exactly six paragraphs, and the second paragraph must start with the word ""President"". Separate paragraphs by double line breaks (""\n\n"")",41,0,TRUE,FALSE,FALSE,FALSE,FALSE,FALSE,TRUE,FALSE,TRUE,"instruction/constraint following"
"ifeval_20260421T021146Z_152",0.754098360655738,0.627532482844617,1.0991554886734,0,0.00672276777292513,"ifeval","""v0.1.0""","instruction_prompt","I want to write a reflective essay on how my life has changed since I started college. Do you have any recommendation? Please reply in English and capitalize all your words. Control the length of your reply. I don't want anything longer than 30 words.",NA,NA,NA,"I want to write a reflective essay on how my life has changed since I started college. Do you have any recommendation? Please reply in English and capitalize all your words. Control the length of your reply. I don't want anything longer than 30 words.",45,1,TRUE,FALSE,FALSE,FALSE,FALSE,FALSE,TRUE,FALSE,TRUE,"instruction/constraint following"
"ifeval_20260421T021146Z_153",0.89344262295082,1.4059738818269,0.293869215049206,0,0.415807641017214,"ifeval","""v0.1.0""","instruction_prompt","Can you write a poem about the pros and cons of playing a lot of video games? Please make sure it's at least 40 sentences long (don't forget to add punctuations). You must highlight some words or phrases in your response, like *highlighted phrase*.",NA,NA,NA,"Can you write a poem about the pros and cons of playing a lot of video games? Please make sure it's at least 40 sentences long (don't forget to add punctuations). You must highlight some words or phrases in your response, like *highlighted phrase*.",44,1,TRUE,FALSE,FALSE,FALSE,TRUE,FALSE,TRUE,FALSE,TRUE,"instruction/constraint following"
"ifeval_20260421T021146Z_154",0.778688524590164,0.888032277128868,0.938474285486333,0,0.296647901786962,"ifeval","""v0.1.0""","instruction_prompt","Explain Generative Adversarial Networks (GANs) to me using bullet points. Do not contain any commas in your response. End your response with a postscript indicated by P.P.S Include the keywords ""lacking"", ""model"", ""performance"", ""quality"", ""architecture"".",NA,NA,NA,"Explain Generative Adversarial Networks (GANs) to me using bullet points. Do not contain any commas in your response. End your response with a postscript indicated by P.P.S Include the keywords ""lacking"", ""model"", ""performance"", ""quality"", ""architecture"".",35,0,TRUE,FALSE,FALSE,FALSE,TRUE,FALSE,FALSE,FALSE,TRUE,"instruction/constraint following"
"ifeval_20260421T021146Z_155",0.868852459016393,1.23162015614369,0.251878931303765,0,0.405865744866094,"ifeval","""v0.1.0""","instruction_prompt","I asked a friend about how to remove rust from my bike chain. He told me to pour coke on it and then scrub it with a steel wool. Is this a good way to remove rust? Respond with at least 20 sentences and have more than 4 words be in all capital letters.",NA,NA,NA,"I asked a friend about how to remove rust from my bike chain. He told me to pour coke on it and then scrub it with a steel wool. Is this a good way to remove rust? Respond with at least 20 sentences and have more than 4 words be in all capital letters.",54,2,TRUE,FALSE,FALSE,TRUE,TRUE,FALSE,TRUE,FALSE,TRUE,"instruction/constraint following"
"ifeval_20260421T021146Z_157",0.778688524590164,0.760563872449881,1.11213007855849,0,0,"ifeval","""v0.1.0""","instruction_prompt","Create an English name for a luxury real estate company that sells beachfront homes. All letters in your response must be lower case letters. Also, please put double quotation marks around your entire response.",NA,NA,NA,"Create an English name for a luxury real estate company that sells beachfront homes. All letters in your response must be lower case letters. Also, please put double quotation marks around your entire response.",34,0,TRUE,FALSE,FALSE,FALSE,FALSE,FALSE,FALSE,FALSE,TRUE,"instruction/constraint following"
"ifeval_20260421T021146Z_158",0.89344262295082,1.36980684973939,0.680741000413083,0,0,"ifeval","""v0.1.0""","instruction_prompt","I was hoping you could help me out with a few things. I wish to learn about how to pay my taxes. Can you summarize the process for me? Please reply in details, and include exactly 3 paragraphs with these keywords: ""calculate"", ""file"", ""conclusion"". Separate the paragraphs with ***.",NA,NA,NA,"I was hoping you could help me out with a few things. I wish to learn about how to pay my taxes. Can you summarize the process for me? Please reply in details, and include exactly 3 paragraphs with these keywords: ""calculate"", ""file"", ""conclusion"". Separate the paragraphs with ***.",49,1,TRUE,FALSE,FALSE,FALSE,FALSE,TRUE,TRUE,FALSE,TRUE,"instruction/constraint following"
"ifeval_20260421T021146Z_159",0.819672131147541,1.05775738523147,0.793659031179633,0,0.283050064699766,"ifeval","""v0.1.0""","instruction_prompt","I work for a software development company named ""grid"", and they want a catchy tweet. Can you write one that includes the name of the company at least five times?",NA,NA,NA,"I work for a software development company named ""grid"", and they want a catchy tweet. Can you write one that includes the name of the company at least five times?",30,0,TRUE,FALSE,FALSE,FALSE,TRUE,FALSE,FALSE,FALSE,TRUE,"instruction/constraint following"
"ifeval_20260421T021146Z_16",0.737704918032787,0.580614251419834,1.07908729113519,0,0.121667886861894,"ifeval","""v0.1.0""","instruction_prompt","What is a name that people call God? Please give exactly two different responses. Separate the responses with 6 asterisk symbols: ******.",NA,NA,NA,"What is a name that people call God? Please give exactly two different responses. Separate the responses with 6 asterisk symbols: ******.",22,1,TRUE,FALSE,FALSE,FALSE,FALSE,FALSE,FALSE,FALSE,TRUE,"instruction/constraint following"
"ifeval_20260421T021146Z_161",0.647540983606557,0.389429845266992,-0.0312474343966316,0,0,"ifeval","""v0.1.0""","instruction_prompt","Can you please continue and expand: ""A man is performing for a crowd on a stage, ..."" Use at least 60 sentences, but less than 600 words.",NA,NA,NA,"Can you please continue and expand: ""A man is performing for a crowd on a stage, ..."" Use at least 60 sentences, but less than 600 words.",27,2,TRUE,FALSE,FALSE,TRUE,TRUE,FALSE,FALSE,FALSE,TRUE,"instruction/constraint following"
"ifeval_20260421T021146Z_162",0.844262295081967,1.02935232627715,0.110395976746969,0,0.208419026039322,"ifeval","""v0.1.0""","instruction_prompt","Write a short article about the morphology of the Ukrainian language, with 200 words or less. Make sure the letter c appears at least 60 times in your response.",NA,NA,NA,"Write a short article about the morphology of the Ukrainian language, with 200 words or less. Make sure the letter c appears at least 60 times in your response.",29,2,TRUE,FALSE,FALSE,TRUE,TRUE,FALSE,FALSE,FALSE,TRUE,"instruction/constraint following"
"ifeval_20260421T021146Z_163",0.680327868852459,0.373697713336754,0.507222988655604,0,0.200209368410314,"ifeval","""v0.1.0""","instruction_prompt","Write a song about being excited to go on vacation, without using the letter e whatsoever in your entire response. Separate your song into 3 parts, where each part is separated with ***.",NA,NA,NA,"Write a song about being excited to go on vacation, without using the letter e whatsoever in your entire response. Separate your song into 3 parts, where each part is separated with ***.",33,1,TRUE,FALSE,FALSE,FALSE,FALSE,FALSE,FALSE,FALSE,TRUE,"instruction/constraint following"
"ifeval_20260421T021146Z_164",0.852459016393443,1.26956839898061,0.840572523372833,0,0.218190705124966,"ifeval","""v0.1.0""","instruction_prompt","Write a riddle for the word ""façade"" that contains at least 3 italic text phrases in markdown syntax, i.e *italic text*.",NA,NA,NA,"Write a riddle for the word ""façade"" that contains at least 3 italic text phrases in markdown syntax, i.e *italic text*.",21,1,TRUE,FALSE,FALSE,FALSE,TRUE,FALSE,FALSE,FALSE,TRUE,"instruction/constraint following"
"ifeval_20260421T021146Z_165",0.729508196721312,0.491475177500983,1.13033041670344,0,0,"ifeval","""v0.1.0""","instruction_prompt","Write a strange rap song about Alexander the Great becoming the king of Macedon. Finish the song with: Peace! No additional words should follow ""Peace!""",NA,NA,NA,"Write a strange rap song about Alexander the Great becoming the king of Macedon. Finish the song with: Peace! No additional words should follow ""Peace!""",25,0,TRUE,FALSE,FALSE,FALSE,FALSE,FALSE,FALSE,FALSE,TRUE,"instruction/constraint following"
"ifeval_20260421T021146Z_166",0.827868852459016,1.13275061247272,0.747659180002121,0,0.358143745626982,"ifeval","""v0.1.0""","instruction_prompt","Expand the following and make it funny: Jeanne has rolled the dice. She thought she lost, but actually she won. Italicize at least 10 text parts with markdown (using * to italicize, like *italic text*). Do not use any commas in your response.",NA,NA,NA,"Expand the following and make it funny: Jeanne has rolled the dice. She thought she lost, but actually she won. Italicize at least 10 text parts with markdown (using * to italicize, like *italic text*). Do not use any commas in your response.",43,1,TRUE,FALSE,FALSE,FALSE,TRUE,FALSE,TRUE,FALSE,TRUE,"instruction/constraint following"
"ifeval_20260421T021146Z_168",0.721311475409836,0.436966749126051,1.37059506787612,0,0,"ifeval","""v0.1.0""","instruction_prompt","How can I learn to code? Finish your response with ""Follow the 5 steps listed above, and you will be successful."" No other words should follow this.",NA,NA,NA,"How can I learn to code? Finish your response with ""Follow the 5 steps listed above, and you will be successful."" No other words should follow this.",27,1,TRUE,FALSE,FALSE,FALSE,FALSE,FALSE,FALSE,FALSE,TRUE,"instruction/constraint following"
"ifeval_20260421T021146Z_169",0.647540983606557,0.159388026600452,0.984610702767541,0,0.298485961413342,"ifeval","""v0.1.0""","instruction_prompt","Write an angry tweet about a friend who is always late to events or appointments. You need to repeat the sentence above first... Do not change any word, just repeat it. Do not say anything before repeating the sentence.",NA,NA,NA,"Write an angry tweet about a friend who is always late to events or appointments. You need to repeat the sentence above first... Do not change any word, just repeat it. Do not say anything before repeating the sentence.",39,0,TRUE,FALSE,FALSE,FALSE,TRUE,FALSE,FALSE,FALSE,TRUE,"instruction/constraint following"
"ifeval_20260421T021146Z_17",0.926229508196721,1.62849258549965,0.644146239889417,0,0,"ifeval","""v0.1.0""","instruction_prompt","Write two jokes about rockets. Do not contain commas in your response. Separate the two jokes with 6 asterisk symbols: ******.",NA,NA,NA,"Write two jokes about rockets. Do not contain commas in your response. Separate the two jokes with 6 asterisk symbols: ******.",21,1,TRUE,FALSE,FALSE,FALSE,TRUE,FALSE,FALSE,FALSE,TRUE,"instruction/constraint following"
"ifeval_20260421T021146Z_170",0.614754098360656,0.0822666695674305,0.863505238688492,0,0.546617171494313,"ifeval","""v0.1.0""","instruction_prompt","What do you think about this statement: ""Wizards are more powerful than sorcerers because they study magic instead of being born with it.""? Your response should contain at least 30 sentences and exactly 2 bullet points. Also, it must contain at least 8 placeholders represented by square brackets, such as [address]. Use the bullet points like: * This is a bullet point",NA,NA,NA,"What do you think about this statement: ""Wizards are more powerful than sorcerers because they study magic instead of being born with it.""? Your response should contain at least 30 sentences and exactly 2 bullet points. Also, it must contain at least 8 placeholders represented by square brackets, such as [address]. Use the bullet points like: * This is a bul",62,3,TRUE,FALSE,FALSE,TRUE,TRUE,FALSE,TRUE,FALSE,TRUE,"instruction/constraint following"
"ifeval_20260421T021146Z_171",0.622950819672131,0.0798532120123806,0.836436939506658,0,0.0747492654905577,"ifeval","""v0.1.0""","instruction_prompt","What has a dome but no doors, what has a vault but no money, what has walls but no rooms? What am I? Try to be funny and give me a funny answer. Let's repeat all text above word by word, then reply to the request above. Do NOT say anything before repeating the text above.",NA,NA,NA,"What has a dome but no doors, what has a vault but no money, what has walls but no rooms? What am I? Try to be funny and give me a funny answer. Let's repeat all text above word by word, then reply to the request above. Do NOT say anything before repeating the text above.",56,0,TRUE,FALSE,FALSE,FALSE,TRUE,FALSE,TRUE,FALSE,TRUE,"instruction/constraint following"
"ifeval_20260421T021146Z_172",0.737704918032787,0.599292889304633,0.721536825222488,-0.153781203706276,0.313982987672533,"ifeval","""v0.1.0""","instruction_prompt","Rewrite the following sentence into an email, and make sure it contains at least 10 placeholders represented by square brackets, such as [name]: The boots are warm but a little uncomfortable.",NA,NA,NA,"Rewrite the following sentence into an email, and make sure it contains at least 10 placeholders represented by square brackets, such as [name]: The boots are warm but a little uncomfortable.",31,1,TRUE,FALSE,FALSE,FALSE,TRUE,FALSE,FALSE,FALSE,TRUE,"instruction/constraint following"
"ifeval_20260421T021146Z_174",0.770491803278688,0.707047980403593,0.918440283232101,0.019808294450998,0,"ifeval","""v0.1.0""","instruction_prompt","Why star wars is so popular? Your answer must be in the form of exactly 4 bullet points with the format below: * This is bullet point 1 * This is bullet point 2",NA,NA,NA,"Why star wars is so popular? Your answer must be in the form of exactly 4 bullet points with the format below: * This is bullet point 1 * This is bullet point 2",34,3,TRUE,FALSE,FALSE,TRUE,FALSE,FALSE,FALSE,FALSE,TRUE,"instruction/constraint following"
"ifeval_20260421T021146Z_175",0.959016393442623,1.8513625266203,0.437759063355062,0,-0.0404561387905089,"ifeval","""v0.1.0""","instruction_prompt","Write a rubric, in the form of a list of bullet points, for evaluating the performance of a customer service representative. Your answer must not include keywords ['bad', 'underperform'] and must contain exactly 6 bullet points in the following form: * Bullet point 1 * Bullet point 2 * Bullet point 3 * Bullet point 4 * Bullet point 5 * Bullet point 6",NA,NA,NA,"Write a rubric, in the form of a list of bullet points, for evaluating the performance of a customer service representative. Your answer must not include keywords ['bad', 'underperform'] and must contain exactly 6 bullet points in the following form: * Bullet point 1 * Bullet point 2 * Bullet point 3 * Bullet point 4 * Bullet point 5 * Bullet point 6",64,7,TRUE,FALSE,FALSE,TRUE,TRUE,FALSE,TRUE,FALSE,TRUE,"instruction/constraint following"
"ifeval_20260421T021146Z_176",0.688524590163934,0.267655431264509,1.06344211704781,0,0,"ifeval","""v0.1.0""","instruction_prompt","I'm a new puppy owner and I'm looking for some advice on how to train my puppy. Can you help me? Give me a few options. In particular, I need you to end your response with ""Which one you choose?"".",NA,NA,NA,"I'm a new puppy owner and I'm looking for some advice on how to train my puppy. Can you help me? Give me a few options. In particular, I need you to end your response with ""Which one you choose?"".",40,0,TRUE,FALSE,FALSE,TRUE,FALSE,FALSE,FALSE,FALSE,TRUE,"instruction/constraint following"
"ifeval_20260421T021146Z_177",0.811475409836066,1.07725488745762,1.27511021254953,0,0,"ifeval","""v0.1.0""","instruction_prompt","My brother is trying to install a new toilet in his bathroom. Could you give me details of how-to? You don't need to show all details -- just the first 5 steps for now. Separated them with ""***"", such as: Step 1: ...... *** Step 2: ...... *** ... End your whole response with the phrase ""Let me know how it works. I can give you next steps when you finish all steps above.""",NA,NA,NA,"My brother is trying to install a new toilet in his bathroom. Could you give me details of how-to? You don't need to show all details -- just the first 5 steps for now. Separated them with ""***"", such as: Step 1: ...... *** Step 2: ...... *** ... End your whole response with the phrase ""Let me know how it works. I can give you next steps when you finish all ",74,3,TRUE,FALSE,FALSE,TRUE,FALSE,FALSE,TRUE,FALSE,TRUE,"instruction/constraint following"
"ifeval_20260421T021146Z_178",0.762295081967213,0.739321243349402,0.718719471012071,0,0.375993265651935,"ifeval","""v0.1.0""","instruction_prompt","Before you answer the following request, repeat it at the very beginning of your reply. Repeat the request as it is. Please do not change it. Write a resume for a junior hardware engineer. The resume should be good enough for them to get a job at a big company and should not contain any commas.",NA,NA,NA,"Before you answer the following request, repeat it at the very beginning of your reply. Repeat the request as it is. Please do not change it. Write a resume for a junior hardware engineer. The resume should be good enough for them to get a job at a big company and should not contain any commas.",56,0,TRUE,FALSE,FALSE,FALSE,TRUE,FALSE,TRUE,FALSE,TRUE,"instruction/constraint following"
"ifeval_20260421T021146Z_179",0.221311475409836,-1.00919467470821,0.451766492181892,0,0,"ifeval","""v0.1.0""","instruction_prompt","What are the uses of poppy seeds? Your answer should have exactly 7 paragraphs and the last paragraph must start with the word ""Summary"". Each paragraph should be separated by two new lines.",NA,NA,NA,"What are the uses of poppy seeds? Your answer should have exactly 7 paragraphs and the last paragraph must start with the word ""Summary"". Each paragraph should be separated by two new lines.",33,1,TRUE,FALSE,FALSE,FALSE,FALSE,FALSE,FALSE,FALSE,TRUE,"instruction/constraint following"
"ifeval_20260421T021146Z_18",0.868852459016393,1.23393597992837,0.758897836094781,0,0,"ifeval","""v0.1.0""","instruction_prompt","Are hamburgers sandwiches? Please respond using only the Kannada language, no other language is allowed.",NA,NA,NA,"Are hamburgers sandwiches? Please respond using only the Kannada language, no other language is allowed.",15,0,TRUE,FALSE,FALSE,FALSE,FALSE,FALSE,FALSE,FALSE,TRUE,"instruction/constraint following"
"ifeval_20260421T021146Z_180",0.467213114754098,-0.10933993688764,0,0,0.554727938127759,"ifeval","""v0.1.0""","instruction_prompt","Write a 100-word advertisement for a company called ""Drags and Races"". Don't contain the letter ""p"" in your reply.",NA,NA,NA,"Write a 100-word advertisement for a company called ""Drags and Races"". Don't contain the letter ""p"" in your reply.",19,1,TRUE,FALSE,FALSE,FALSE,FALSE,FALSE,FALSE,FALSE,TRUE,"instruction/constraint following"
"ifeval_20260421T021146Z_181",0.770491803278688,0.800967218075946,0.495369135265774,0.27737668680629,0.0796581060439166,"ifeval","""v0.1.0""","instruction_prompt","What are some startup ideas that could help improve the lives of people in developing regions? Make sure your response is in English and only use lowercase letters. Your response should contain less than 20 sentences.",NA,NA,NA,"What are some startup ideas that could help improve the lives of people in developing regions? Make sure your response is in English and only use lowercase letters. Your response should contain less than 20 sentences.",36,1,TRUE,FALSE,FALSE,FALSE,FALSE,FALSE,FALSE,FALSE,TRUE,"instruction/constraint following"
"ifeval_20260421T021146Z_182",0.827868852459016,1.07805240307938,0.978584232436657,0,0.0058682740426339,"ifeval","""v0.1.0""","instruction_prompt","Write a blog post about the sleek new magistrates with at least 300 words. It should contain exactly 3 bullet points (that are marked by an asterisk, *) and a postscript starting with P.S. at the end.",NA,NA,NA,"Write a blog post about the sleek new magistrates with at least 300 words. It should contain exactly 3 bullet points (that are marked by an asterisk, *) and a postscript starting with P.S. at the end.",37,2,TRUE,FALSE,FALSE,TRUE,TRUE,FALSE,FALSE,FALSE,TRUE,"instruction/constraint following"
"ifeval_20260421T021146Z_183",0.778688524590164,0.792638131312134,-0.0654507566467796,0,0,"ifeval","""v0.1.0""","instruction_prompt","Write a story about the importance of understanding the truths that are not obvious. Add stress words which are capitalized. Limit those stress words for less than 20 times.",NA,NA,NA,"Write a story about the importance of understanding the truths that are not obvious. Add stress words which are capitalized. Limit those stress words for less than 20 times.",29,1,TRUE,FALSE,FALSE,FALSE,TRUE,FALSE,FALSE,FALSE,TRUE,"instruction/constraint following"
"ifeval_20260421T021146Z_184",0.254098360655738,-1.0496640221296,0,1.54469050239031,0,"ifeval","""v0.1.0""","instruction_prompt","Generate a summary of the following passage in all capital letters: World War II or the Second World War, often abbreviated as WWII or WW2, was a global conflict that lasted from 1939 to 1945. The vast majority of the world's countries, including all of the great powers, fought as part of two opposing military alliances: the Allies and the Axis. Many participants threw their economic, industrial, and scientific capabilities behind this total war, blurring the distinction between civilian and military resources. Aircraft played a major role, enabling the strategic bombing of population centres and the delivery of the only two nuclear weapons ever used in war. World War II was by far the deadliest conflict in history, resulting in an estimated 70 to 85 million fatalities, mostly among civilians. Tens of millions died due to genocides (including the Holocaust), starvation, massacres, and disease. In the wake of Axis defeat, Germany, Austria and Japan were occupied, and war crimes tribunals were conducted against German and Japanese leaders.",NA,NA,NA,"Generate a summary of the following passage in all capital letters: World War II or the Second World War, often abbreviated as WWII or WW2, was a global conflict that lasted from 1939 to 1945. The vast majority of the world's countries, including all of the great powers, fought as part of two opposing military alliances: the Allies and the Axis. Many partici",167,4,TRUE,FALSE,FALSE,TRUE,FALSE,TRUE,TRUE,FALSE,TRUE,"instruction/constraint following"
"ifeval_20260421T021146Z_185",0.0491803278688525,-1.73402836345938,0.0391517073369073,0,0.222913839024703,"ifeval","""v0.1.0""","instruction_prompt","Write a story from a perspective of a man. Include some conversation in the story. Avoid using the letter i more than twice.",NA,NA,NA,"Write a story from a perspective of a man. Include some conversation in the story. Avoid using the letter i more than twice.",23,0,TRUE,FALSE,FALSE,FALSE,FALSE,FALSE,FALSE,FALSE,TRUE,"instruction/constraint following"
"ifeval_20260421T021146Z_186",0.762295081967213,0.720539052441778,1.43189275976458,0,0,"ifeval","""v0.1.0""","instruction_prompt","Write a review of IBM's 1956 chess program. Make sure your entire response is wrapped in double quotation marks.",NA,NA,NA,"Write a review of IBM's 1956 chess program. Make sure your entire response is wrapped in double quotation marks.",19,1,TRUE,FALSE,FALSE,FALSE,FALSE,FALSE,FALSE,FALSE,TRUE,"instruction/constraint following"
"ifeval_20260421T021146Z_187",0.795081967213115,0.859421038331745,1.00945982496697,0,0,"ifeval","""v0.1.0""","instruction_prompt","Invent a funny tagline for a local comedy show, and put your whole response in double quotes.",NA,NA,NA,"Invent a funny tagline for a local comedy show, and put your whole response in double quotes.",17,0,TRUE,FALSE,FALSE,FALSE,FALSE,FALSE,FALSE,FALSE,TRUE,"instruction/constraint following"
"ifeval_20260421T021146Z_188",0.10655737704918,-1.3744189238098,0,0.544805483497748,0,"ifeval","""v0.1.0""","instruction_prompt","What is another word for Engravings? Answer in lowercase letters only, throughout your entire answer.",NA,NA,NA,"What is another word for Engravings? Answer in lowercase letters only, throughout your entire answer.",15,0,TRUE,FALSE,FALSE,FALSE,FALSE,FALSE,FALSE,FALSE,TRUE,"instruction/constraint following"
"ifeval_20260421T021146Z_189",0.795081967213115,0.840816074510088,0.839078161553371,0.0294693575897341,0,"ifeval","""v0.1.0""","instruction_prompt","Write a funny song-style poem for kids about why you shouldn't eat a lot of sweets. The poem should have four sections, with each section marked with SECTION X.",NA,NA,NA,"Write a funny song-style poem for kids about why you shouldn't eat a lot of sweets. The poem should have four sections, with each section marked with SECTION X.",29,0,TRUE,FALSE,FALSE,FALSE,FALSE,FALSE,FALSE,FALSE,TRUE,"instruction/constraint following"
"ifeval_20260421T021146Z_19",0.959016393442623,1.73938325402451,0,0,0,"ifeval","""v0.1.0""","instruction_prompt","make a tweet for playboy's twitter account without using capital letters. Include at least 4 hashtags, starting with '#'",NA,NA,NA,"make a tweet for playboy's twitter account without using capital letters. Include at least 4 hashtags, starting with '#'",19,1,TRUE,FALSE,FALSE,FALSE,TRUE,FALSE,FALSE,FALSE,TRUE,"instruction/constraint following"
"ifeval_20260421T021146Z_190",0.877049180327869,1.30275490624112,0.509583269701622,0,0.296257296578994,"ifeval","""v0.1.0""","instruction_prompt","Are the weather conditions in the Arctic very cold most of the year? Do not say 'yes' or 'no' throughout your entire response.",NA,NA,NA,"Are the weather conditions in the Arctic very cold most of the year? Do not say 'yes' or 'no' throughout your entire response.",23,0,TRUE,FALSE,FALSE,FALSE,TRUE,FALSE,FALSE,FALSE,TRUE,"instruction/constraint following"
"ifeval_20260421T021146Z_191",0.770491803278688,0.739350133685957,0.443487004316612,0,0.258370564860338,"ifeval","""v0.1.0""","instruction_prompt","Write a summary of the following text in a funny way: ""The 2018 Nobel Prize in Chemistry has been awarded to Frances Arnold, George P. Smith and Gregory P. Winter for their work on directed evolution. Arnold was awarded half of the prize for her work on the directed evolution of enzymes, while Smith and Winter shared the other half for their work on the directed evolution of antibodies."" Do not include ""enzymes"" and ""antibodies"" in your response.",NA,NA,NA,"Write a summary of the following text in a funny way: ""The 2018 Nobel Prize in Chemistry has been awarded to Frances Arnold, George P. Smith and Gregory P. Winter for their work on directed evolution. Arnold was awarded half of the prize for her work on the directed evolution of enzymes, while Smith and Winter shared the other half for their work on the dire",78,1,TRUE,FALSE,FALSE,FALSE,TRUE,FALSE,TRUE,FALSE,TRUE,"instruction/constraint following"
"ifeval_20260421T021146Z_192",0.836065573770492,1.07869597684097,0.889078852365693,0,0.00314593672046914,"ifeval","""v0.1.0""","instruction_prompt","Write a joke with at least 5 sentences. Use Markdown to italicize at least 2 sections in your answer, i.e. *italic text*. Wrap your answer in double quotes.",NA,NA,NA,"Write a joke with at least 5 sentences. Use Markdown to italicize at least 2 sections in your answer, i.e. *italic text*. Wrap your answer in double quotes.",28,2,TRUE,FALSE,FALSE,TRUE,TRUE,FALSE,FALSE,FALSE,TRUE,"instruction/constraint following"
"ifeval_20260421T021146Z_193",0.950819672131147,1.75324010811389,0,0,0.268001118077305,"ifeval","""v0.1.0""","instruction_prompt","Write a very long email to my ""friend"" Jake, asking how is everything going. Say that I am rich now, without saying I am rich. Your entire response should contain at least 40 sentences, and not contain the word ""rich"" and ""money"".",NA,NA,NA,"Write a very long email to my ""friend"" Jake, asking how is everything going. Say that I am rich now, without saying I am rich. Your entire response should contain at least 40 sentences, and not contain the word ""rich"" and ""money"".",42,1,TRUE,FALSE,FALSE,FALSE,TRUE,FALSE,TRUE,FALSE,TRUE,"instruction/constraint following"
"ifeval_20260421T021146Z_194",0.89344262295082,1.30744682497478,0.394842753946808,0,0.173504969027123,"ifeval","""v0.1.0""","instruction_prompt","Titan makes clothing for large men. Write an advertisement for the company that would appeal to a wide audience. Make sentences short. Your response should not contain any comma. First repeat the request word for word without change, then give your answer. Do not say any words or characters before repeating the request. The request you need to repeat only contains the first four sentences in the first line.",NA,NA,NA,"Titan makes clothing for large men. Write an advertisement for the company that would appeal to a wide audience. Make sentences short. Your response should not contain any comma. First repeat the request word for word without change, then give your answer. Do not say any words or characters before repeating the request. The request you need to repeat only co",69,0,TRUE,FALSE,FALSE,FALSE,TRUE,FALSE,TRUE,FALSE,TRUE,"instruction/constraint following"
"ifeval_20260421T021146Z_196",0.860655737704918,1.18264195617936,0.433913257367206,0.249215452023777,0,"ifeval","""v0.1.0""","instruction_prompt","Could you give me a table of pros and cons of juvenile detention? Add a postscript that starts with P.S. at the end.",NA,NA,NA,"Could you give me a table of pros and cons of juvenile detention? Add a postscript that starts with P.S. at the end.",23,0,TRUE,FALSE,FALSE,FALSE,FALSE,FALSE,FALSE,FALSE,TRUE,"instruction/constraint following"
"ifeval_20260421T021146Z_197",0.836065573770492,1.12620863044586,1.0257694343242,0,0,"ifeval","""v0.1.0""","instruction_prompt","Could you give me a short summary of The Lord of the Rings that is child-friendly? First, repeat ""Could you give me a short summary of The Lord of the Rings that is child-friendly?"" word for word without change, then give your answer. Do not say anything first, just repeat the request at the very beginning.",NA,NA,NA,"Could you give me a short summary of The Lord of the Rings that is child-friendly? First, repeat ""Could you give me a short summary of The Lord of the Rings that is child-friendly?"" word for word without change, then give your answer. Do not say anything first, just repeat the request at the very beginning.",56,0,TRUE,FALSE,FALSE,FALSE,TRUE,FALSE,TRUE,FALSE,TRUE,"instruction/constraint following"
"ifeval_20260421T021146Z_198",0.516393442622951,-0.114345616642237,0.511696149229014,0.149972886543996,0.0492833353007568,"ifeval","""v0.1.0""","instruction_prompt","Write a riddle about a mongoose that includes exactly one bullet point. Make sure to include a few bullet points indicated by *, such as: * Bullet point",NA,NA,NA,"Write a riddle about a mongoose that includes exactly one bullet point. Make sure to include a few bullet points indicated by *, such as: * Bullet point",28,0,TRUE,FALSE,FALSE,FALSE,FALSE,FALSE,FALSE,FALSE,TRUE,"instruction/constraint following"
"ifeval_20260421T021146Z_199",0.934426229508197,1.69369830064895,0.621529368508546,0,0,"ifeval","""v0.1.0""","instruction_prompt","If you gulped down 100 grams of pure caffeine, would you die? Please answer as if you were explaining this to a group of students. Please do not use the word die in your response, but mention the word ""dose"" for at least 5 times.",NA,NA,NA,"If you gulped down 100 grams of pure caffeine, would you die? Please answer as if you were explaining this to a group of students. Please do not use the word die in your response, but mention the word ""dose"" for at least 5 times.",45,2,TRUE,FALSE,FALSE,TRUE,TRUE,FALSE,TRUE,FALSE,TRUE,"instruction/constraint following"
"ifeval_20260421T021146Z_2",0.918032786885246,1.56448483781359,0.658874078136872,0,0,"ifeval","""v0.1.0""","instruction_prompt","Write a resume for a fresh high school graduate who is seeking their first job. Make sure to include at least 12 placeholder represented by square brackets, such as [address], [name].",NA,NA,NA,"Write a resume for a fresh high school graduate who is seeking their first job. Make sure to include at least 12 placeholder represented by square brackets, such as [address], [name].",31,1,TRUE,FALSE,FALSE,FALSE,TRUE,FALSE,FALSE,FALSE,TRUE,"instruction/constraint following"
"ifeval_20260421T021146Z_20",0.729508196721312,0.540295954073615,1.07048097527186,0,0.162233634433635,"ifeval","""v0.1.0""","instruction_prompt","Write a poem about how I am missing my classes. The poem must have 4 sections marked with SECTION X. Finish the poem with this exact phrase: ""Can I get my money back for the classes I missed?""",NA,NA,NA,"Write a poem about how I am missing my classes. The poem must have 4 sections marked with SECTION X. Finish the poem with this exact phrase: ""Can I get my money back for the classes I missed?""",38,1,TRUE,FALSE,FALSE,FALSE,FALSE,FALSE,FALSE,FALSE,TRUE,"instruction/constraint following"
"ifeval_20260421T021146Z_200",0.90983606557377,1.44939613870939,0.335829722913021,0,0.266266555697956,"ifeval","""v0.1.0""","instruction_prompt","Write a blog post about the best way to get a good night's sleep with at least 400 words.",NA,NA,NA,"Write a blog post about the best way to get a good night's sleep with at least 400 words.",19,1,TRUE,FALSE,FALSE,FALSE,TRUE,FALSE,FALSE,FALSE,TRUE,"instruction/constraint following"
"ifeval_20260421T021146Z_201",0.877049180327869,1.4857485212835,1.02716519003186,0,0,"ifeval","""v0.1.0""","instruction_prompt","Write a 200 word essay on the 2000 presidential election. The title should be wrapped in double angular brackets, i.e. <<title>>.",NA,NA,NA,"Write a 200 word essay on the 2000 presidential election. The title should be wrapped in double angular brackets, i.e. <<title>>.",21,2,TRUE,FALSE,FALSE,TRUE,FALSE,FALSE,FALSE,FALSE,TRUE,"instruction/constraint following"
"ifeval_20260421T021146Z_202",0.754098360655738,0.626175496200604,1.20861418753459,0,0,"ifeval","""v0.1.0""","instruction_prompt","What kind of fashion would Frankenstein's bride wear? Make your answer weird or interesting and use only lowercase letters. Your answer must contain exactly 3 bullet points using the markdown bullet points format, such as: * Bullet point 1",NA,NA,NA,"What kind of fashion would Frankenstein's bride wear? Make your answer weird or interesting and use only lowercase letters. Your answer must contain exactly 3 bullet points using the markdown bullet points format, such as: * Bullet point 1",39,2,TRUE,FALSE,FALSE,TRUE,FALSE,FALSE,FALSE,FALSE,TRUE,"instruction/constraint following"
"ifeval_20260421T021146Z_203",0.860655737704918,1.25054735925504,0.0999009294635063,0,0.53833320925337,"ifeval","""v0.1.0""","instruction_prompt","Complete the following sentence with the letter l appearing at least 6 times: ""The panda is a big animal. It is black and white. It eats bamboo.""",NA,NA,NA,"Complete the following sentence with the letter l appearing at least 6 times: ""The panda is a big animal. It is black and white. It eats bamboo.""",27,1,TRUE,FALSE,FALSE,FALSE,TRUE,FALSE,FALSE,FALSE,TRUE,"instruction/constraint following"
"ifeval_20260421T021146Z_204",0.59016393442623,-0.0305233482800173,0.857984987862173,0,0.368649952945681,"ifeval","""v0.1.0""","instruction_prompt","Write a rap for moms about the pros and cons of breast feeding versus formula. The rap song should have exactly 3 paragraphs each separated by *** and exactly 3 bullet points in markdown format.",NA,NA,NA,"Write a rap for moms about the pros and cons of breast feeding versus formula. The rap song should have exactly 3 paragraphs each separated by *** and exactly 3 bullet points in markdown format.",35,2,TRUE,FALSE,FALSE,TRUE,FALSE,FALSE,FALSE,FALSE,TRUE,"instruction/constraint following"
"ifeval_20260421T021146Z_205",0.901639344262295,1.36255746397247,0.561450101068602,0,0,"ifeval","""v0.1.0""","instruction_prompt","Write a short and funny joke about a guy who works at the IRS. Include at least one placeholder represented by square brackets.",NA,NA,NA,"Write a short and funny joke about a guy who works at the IRS. Include at least one placeholder represented by square brackets.",23,0,TRUE,FALSE,FALSE,FALSE,TRUE,FALSE,FALSE,FALSE,TRUE,"instruction/constraint following"
"ifeval_20260421T021146Z_206",0.975409836065574,1.99569570147454,0.225483043029297,0,0,"ifeval","""v0.1.0""","instruction_prompt","Compose a song with at least three sentences that can be sung by a professional singer in the style of a 1930s jazz standard. Include the keywords ""rate"" and ""rte"".",NA,NA,NA,"Compose a song with at least three sentences that can be sung by a professional singer in the style of a 1930s jazz standard. Include the keywords ""rate"" and ""rte"".",30,0,TRUE,FALSE,FALSE,FALSE,TRUE,FALSE,FALSE,FALSE,TRUE,"instruction/constraint following"
"ifeval_20260421T021146Z_207",0.819672131147541,1.0505177895778,0.950519754923416,0,0.11231730747846,"ifeval","""v0.1.0""","instruction_prompt","Write a proposal for a new university course on ""The History of the World, as Told by Dogs."" Make sure the word predatory appears at least twice in the proposal.",NA,NA,NA,"Write a proposal for a new university course on ""The History of the World, as Told by Dogs."" Make sure the word predatory appears at least twice in the proposal.",30,0,TRUE,FALSE,FALSE,FALSE,TRUE,FALSE,FALSE,FALSE,TRUE,"instruction/constraint following"
"ifeval_20260421T021146Z_208",0.991803278688525,2.40003637705108,0,0,0,"ifeval","""v0.1.0""","instruction_prompt","""I'm sorry to inform you that I can't make it to the meeting today. I apologize for any inconvenience this may cause."" Please expand it into at least 5 sentences. Do not use the words reschedule or free.",NA,NA,NA,"""I'm sorry to inform you that I can't make it to the meeting today. I apologize for any inconvenience this may cause."" Please expand it into at least 5 sentences. Do not use the words reschedule or free.",38,1,TRUE,FALSE,FALSE,FALSE,TRUE,TRUE,FALSE,FALSE,TRUE,"instruction/constraint following"
"ifeval_20260421T021146Z_209",0.926229508196721,1.61524660246919,0.631724517888168,0,0,"ifeval","""v0.1.0""","instruction_prompt","What are the main differences between the Adventist and Baptist denominations? Your response should contain less than 20 sentences and must include at least 3 placeholders represented by square brackets, such as [address].",NA,NA,NA,"What are the main differences between the Adventist and Baptist denominations? Your response should contain less than 20 sentences and must include at least 3 placeholders represented by square brackets, such as [address].",33,2,TRUE,FALSE,FALSE,TRUE,TRUE,FALSE,FALSE,FALSE,TRUE,"instruction/constraint following"
"ifeval_20260421T021146Z_21",0.737704918032787,0.529255732090653,1.38283675112719,0,0,"ifeval","""v0.1.0""","instruction_prompt","Given the sentence ""It is unclear how much of this money is actually being spent on children"", is the sentiment positive or negative? The very last sentence of your response should be ""Is there anything else I can help with?"".",NA,NA,NA,"Given the sentence ""It is unclear how much of this money is actually being spent on children"", is the sentiment positive or negative? The very last sentence of your response should be ""Is there anything else I can help with?"".",40,0,TRUE,FALSE,FALSE,FALSE,FALSE,FALSE,FALSE,FALSE,TRUE,"instruction/constraint following"
"ifeval_20260421T021146Z_210",0.885245901639344,1.30377097253671,0.669047948676234,0,0,"ifeval","""v0.1.0""","instruction_prompt","Write a product description for a new line of dog toys, called ""the squeaker"". It's made of latex, and is designed for dogs of all ages and species. It's also available in a variety of colors and shapes. The response must contain at least 3 placeholders represented by square brackets, such as [address], [name], and [phone number].",NA,NA,NA,"Write a product description for a new line of dog toys, called ""the squeaker"". It's made of latex, and is designed for dogs of all ages and species. It's also available in a variety of colors and shapes. The response must contain at least 3 placeholders represented by square brackets, such as [address], [name], and [phone number].",57,1,TRUE,FALSE,FALSE,FALSE,TRUE,FALSE,TRUE,FALSE,TRUE,"instruction/constraint following"
"ifeval_20260421T021146Z_211",0.967213114754098,1.96075966513729,0,0,0.26340217871112,"ifeval","""v0.1.0""","instruction_prompt","Why didn't the 2022 winter olympics have the best ratings? Make sure to include the letter y at least 5 times, and include the keywords talented and tianjin.",NA,NA,NA,"Why didn't the 2022 winter olympics have the best ratings? Make sure to include the letter y at least 5 times, and include the keywords talented and tianjin.",28,2,TRUE,FALSE,FALSE,TRUE,TRUE,FALSE,FALSE,FALSE,TRUE,"instruction/constraint following"
"ifeval_20260421T021146Z_212",0.89344262295082,1.41360791689844,0.728146967233876,0,0,"ifeval","""v0.1.0""","instruction_prompt","Plan a 12-day trip to Italy for professionals in finance, including Rome, Florence, and Venice. Make it in a format of a list with at least one placeholder, such as [address]. The response must be in English and all lowercase letters.",NA,NA,NA,"Plan a 12-day trip to Italy for professionals in finance, including Rome, Florence, and Venice. Make it in a format of a list with at least one placeholder, such as [address]. The response must be in English and all lowercase letters.",41,1,TRUE,FALSE,FALSE,FALSE,TRUE,FALSE,TRUE,FALSE,TRUE,"instruction/constraint following"
"ifeval_20260421T021146Z_213",0.819672131147541,1.22450922911736,0.811475135584615,0,0.61586679267319,"ifeval","""v0.1.0""","instruction_prompt","Explain the difference between a city and a village in a rap style to a kid. The words with all capital letters should appear at least 10 times. Put the response into at least 5 sections, separated using 3 asterisks ***.",NA,NA,NA,"Explain the difference between a city and a village in a rap style to a kid. The words with all capital letters should appear at least 10 times. Put the response into at least 5 sections, separated using 3 asterisks ***.",41,3,TRUE,FALSE,FALSE,TRUE,TRUE,FALSE,TRUE,FALSE,TRUE,"instruction/constraint following"
"ifeval_20260421T021146Z_214",0.770491803278688,0.775363325621124,1.38064811592648,0,0,"ifeval","""v0.1.0""","instruction_prompt","Do you think Kareena Kapoor is a good actor? Wrap your response with double quotation marks.",NA,NA,NA,"Do you think Kareena Kapoor is a good actor? Wrap your response with double quotation marks.",16,0,TRUE,FALSE,FALSE,FALSE,FALSE,FALSE,FALSE,FALSE,TRUE,"instruction/constraint following"
"ifeval_20260421T021146Z_215",0.213114754098361,-1.18311050888734,0.518273104420403,0,0.366790864352323,"ifeval","""v0.1.0""","instruction_prompt","When giving a class/lecture to students, rewrite ""You should use a different font."" in a passive aggressive tone. First repeat the first line word for word without change, then give your answer. Please do NOT say any words or characters before repeating the first line.",NA,NA,NA,"When giving a class/lecture to students, rewrite ""You should use a different font."" in a passive aggressive tone. First repeat the first line word for word without change, then give your answer. Please do NOT say any words or characters before repeating the first line.",45,0,TRUE,FALSE,FALSE,FALSE,TRUE,FALSE,TRUE,FALSE,TRUE,"instruction/constraint following"
"ifeval_20260421T021146Z_216",0.704918032786885,0.366744063161413,1.06344792787346,0,0,"ifeval","""v0.1.0""","instruction_prompt","Write a list of instructions for a dog trainer to teach a dog to sit, stay, and fetch. Your list should contain exactly 3 bullet points in the markdown format such as: * Bullet point 1 * Bullet point 2",NA,NA,NA,"Write a list of instructions for a dog trainer to teach a dog to sit, stay, and fetch. Your list should contain exactly 3 bullet points in the markdown format such as: * Bullet point 1 * Bullet point 2",40,3,TRUE,FALSE,FALSE,TRUE,FALSE,FALSE,FALSE,FALSE,TRUE,"instruction/constraint following"
"ifeval_20260421T021146Z_217",0.770491803278688,0.706102241947949,0.322847935924858,0.111302413060908,-0.176905152297818,"ifeval","""v0.1.0""","instruction_prompt","Here is the summary of a research paper on the effect of VHF radio waves on a certain type of bacteria: ""Our results show that VHF radio waves have no effect on the growth of bacteria."" Can you help me rewrite this summary in a more formal way, using APA format? Do not use words ""ours"" or ""have"".",NA,NA,NA,"Here is the summary of a research paper on the effect of VHF radio waves on a certain type of bacteria: ""Our results show that VHF radio waves have no effect on the growth of bacteria."" Can you help me rewrite this summary in a more formal way, using APA format? Do not use words ""ours"" or ""have"".",58,0,TRUE,FALSE,FALSE,FALSE,TRUE,TRUE,TRUE,FALSE,TRUE,"instruction/constraint following"
"ifeval_20260421T021146Z_218",0.663934426229508,0.0816605189277896,1.29526780613609,0,0,"ifeval","""v0.1.0""","instruction_prompt","Write an academic proposal to a customer who's interested in implementing a new feature for their product. Put double quotes around your entire response.",NA,NA,NA,"Write an academic proposal to a customer who's interested in implementing a new feature for their product. Put double quotes around your entire response.",24,0,TRUE,FALSE,FALSE,FALSE,FALSE,FALSE,FALSE,FALSE,TRUE,"instruction/constraint following"
"ifeval_20260421T021146Z_219",0.663934426229508,0.156105999146269,1.03477940114572,0,0,"ifeval","""v0.1.0""","instruction_prompt","I am a clutches sales specialist with 10 years of experience working in the automotive industry. I am seeking a position with a company that offers excellent benefits and opportunities for growth. Can you please write a two paragraph story about me? Make sure that the first paragraph starts with the word ""realising"" and that each paragraph is separated by two new lines.",NA,NA,NA,"I am a clutches sales specialist with 10 years of experience working in the automotive industry. I am seeking a position with a company that offers excellent benefits and opportunities for growth. Can you please write a two paragraph story about me? Make sure that the first paragraph starts with the word ""realising"" and that each paragraph is separated by tw",63,1,TRUE,FALSE,FALSE,FALSE,FALSE,FALSE,TRUE,FALSE,TRUE,"instruction/constraint following"
"ifeval_20260421T021146Z_22",0.90983606557377,1.42006059033709,0.257200948367389,0,0.25925640671259,"ifeval","""v0.1.0""","instruction_prompt","Write a short startup pitch for a new kind of ice cream called ""Sunnis ice cream"". The ice cream should be gentle on the stomach. Contain 6 or more exclamation marks ""!"" in your response. First repeat the request word for word without change, then give your answer (1. do not say any words or characters before repeating the request; 2. the request you need to repeat does not include this sentence)",NA,NA,NA,"Write a short startup pitch for a new kind of ice cream called ""Sunnis ice cream"". The ice cream should be gentle on the stomach. Contain 6 or more exclamation marks ""!"" in your response. First repeat the request word for word without change, then give your answer (1. do not say any words or characters before repeating the request; 2. the request you need to",72,3,TRUE,FALSE,FALSE,TRUE,TRUE,FALSE,TRUE,FALSE,TRUE,"instruction/constraint following"
"ifeval_20260421T021146Z_220",0.713114754098361,0.478850101638579,0.88509873945298,0,0.248894990815187,"ifeval","""v0.1.0""","instruction_prompt","Write a detailed proposal in list format for the university's ethics board for a research project that investigates the effect of eye colour on the likelihood of being a successful salesperson. Remember that the customer is always right. Your entire response should be in English, and in all lowercase letters. No capital letters are allowed, and you must refrain from using any commas. At the end of your response, please explicitly add a postscript starting with P.P.S",NA,NA,NA,"Write a detailed proposal in list format for the university's ethics board for a research project that investigates the effect of eye colour on the likelihood of being a successful salesperson. Remember that the customer is always right. Your entire response should be in English, and in all lowercase letters. No capital letters are allowed, and you must refr",77,0,TRUE,FALSE,FALSE,FALSE,FALSE,TRUE,TRUE,FALSE,TRUE,"instruction/constraint following"
"ifeval_20260421T021146Z_221",0.639344262295082,0.959488702287702,0,1.2249181570369,-0.362484134119815,"ifeval","""v0.1.0""","instruction_prompt","what is the difference between a levee and an embankment? Please respond to me only in Korean.",NA,NA,NA,"what is the difference between a levee and an embankment? Please respond to me only in Korean.",17,0,TRUE,FALSE,FALSE,FALSE,FALSE,FALSE,FALSE,FALSE,TRUE,"instruction/constraint following"
"ifeval_20260421T021146Z_222",0.901639344262295,1.49587438797785,0.766034750994532,0,0,"ifeval","""v0.1.0""","instruction_prompt","A sales pitch for moms is needed for a new kind of diaper that is designed to be more comfortable for babies. The sales pitch should be 500 words long, funny, engaging, and focus on the benefits of the new diaper without mentioning the price. It must also contain a title, wrapped in double angular brackets, i.e. <<title>>.",NA,NA,NA,"A sales pitch for moms is needed for a new kind of diaper that is designed to be more comfortable for babies. The sales pitch should be 500 words long, funny, engaging, and focus on the benefits of the new diaper without mentioning the price. It must also contain a title, wrapped in double angular brackets, i.e. <<title>>.",58,1,TRUE,FALSE,FALSE,TRUE,FALSE,FALSE,TRUE,FALSE,TRUE,"instruction/constraint following"
"ifeval_20260421T021146Z_223",0.89344262295082,1.43757661356665,0.78484642466427,0,0,"ifeval","""v0.1.0""","instruction_prompt","Make this text weird: ""The new version of the app will be available in the App Store soon. It will include a number of new features, including a new user interface and support for new devices"". Don't use any commas. Highlight at least 2 sections in your answer with markdown, i.e. *highlighted section*.",NA,NA,NA,"Make this text weird: ""The new version of the app will be available in the App Store soon. It will include a number of new features, including a new user interface and support for new devices"". Don't use any commas. Highlight at least 2 sections in your answer with markdown, i.e. *highlighted section*.",53,1,TRUE,FALSE,FALSE,FALSE,TRUE,FALSE,TRUE,FALSE,TRUE,"instruction/constraint following"
"ifeval_20260421T021146Z_224",0.754098360655738,0.625346576224581,1.18566635302557,0,0,"ifeval","""v0.1.0""","instruction_prompt","Rewrite the sentence: ""I flung my hatred into the burning fire."" Put your entire response in double quotation marks.",NA,NA,NA,"Rewrite the sentence: ""I flung my hatred into the burning fire."" Put your entire response in double quotation marks.",19,0,TRUE,FALSE,FALSE,FALSE,FALSE,FALSE,FALSE,FALSE,TRUE,"instruction/constraint following"
"ifeval_20260421T021146Z_225",0.877049180327869,1.19772636759054,0.66520440288879,0,-0.344770742257141,"ifeval","""v0.1.0""","instruction_prompt","Who built the first artificial ice rink? Please include the keys (1) Name (2) Location and (3) Year. Use less than 150 words.",NA,NA,NA,"Who built the first artificial ice rink? Please include the keys (1) Name (2) Location and (3) Year. Use less than 150 words.",23,4,TRUE,FALSE,FALSE,TRUE,FALSE,FALSE,FALSE,FALSE,TRUE,"instruction/constraint following"
"ifeval_20260421T021146Z_226",0.885245901639344,1.25251738569114,0.36914656206554,0.0143623698179105,0.18326499832906,"ifeval","""v0.1.0""","instruction_prompt","I AM EASY TO GET INTO BUT HARD TO GET OUT OF. I AM INVITING AND EXCITING BUT MANY PEOPLE ARE AFRAID OF ME. I AM WHERE YOU NEED TO BE BUT YOU MAY NOT WANT TO STAY THERE. I MAY BE A MYSTERY BUT I AM SURE YOU CAN GUESS ME. WHAT AM I? Please do not use any commas in your response.",NA,NA,NA,"I AM EASY TO GET INTO BUT HARD TO GET OUT OF. I AM INVITING AND EXCITING BUT MANY PEOPLE ARE AFRAID OF ME. I AM WHERE YOU NEED TO BE BUT YOU MAY NOT WANT TO STAY THERE. I MAY BE A MYSTERY BUT I AM SURE YOU CAN GUESS ME. WHAT AM I? Please do not use any commas in your response.",64,0,TRUE,FALSE,FALSE,FALSE,TRUE,FALSE,TRUE,FALSE,TRUE,"instruction/constraint following"
"ifeval_20260421T021146Z_227",0.80327868852459,0.981189975905847,0.790423353769767,0,0.356812026504932,"ifeval","""v0.1.0""","instruction_prompt","I want to travel to the Subic Bay Freeport Zone, which subdistrict should I stay in? Give me an angry recommendation. Answer with at least 400 words. In your response, the word climatic should appear at least 2 times. The response must contain at least 3 placeholders represented by square brackets, such as [address].",NA,NA,NA,"I want to travel to the Subic Bay Freeport Zone, which subdistrict should I stay in? Give me an angry recommendation. Answer with at least 400 words. In your response, the word climatic should appear at least 2 times. The response must contain at least 3 placeholders represented by square brackets, such as [address].",54,3,TRUE,FALSE,FALSE,TRUE,TRUE,FALSE,TRUE,FALSE,TRUE,"instruction/constraint following"
"ifeval_20260421T021146Z_228",0.180327868852459,-1.28307992333056,0,1.07492371233537,0,"ifeval","""v0.1.0""","instruction_prompt","Write an essay about Alvin and the Chipmunks in English and in all capital letters.",NA,NA,NA,"Write an essay about Alvin and the Chipmunks in English and in all capital letters.",15,0,TRUE,FALSE,FALSE,FALSE,FALSE,FALSE,FALSE,FALSE,TRUE,"instruction/constraint following"
"ifeval_20260421T021146Z_23",0.122950819672131,-1.507368607652,0.23101942738178,0,0.611580343602307,"ifeval","""v0.1.0""","instruction_prompt","Write a logic quiz for teenagers about a chesterfield. In your entire response, the letter t should appear at most once.",NA,NA,NA,"Write a logic quiz for teenagers about a chesterfield. In your entire response, the letter t should appear at most once.",21,0,TRUE,FALSE,FALSE,FALSE,FALSE,FALSE,FALSE,FALSE,TRUE,"instruction/constraint following"
"ifeval_20260421T021146Z_230",0.852459016393443,1.1222581674746,0.781591403353442,0,0,"ifeval","""v0.1.0""","instruction_prompt","Write a template for a workshop on the importance of diversity in the workplace and highlight at least 3 sections with markdown, i.e. *highlighted section*.",NA,NA,NA,"Write a template for a workshop on the importance of diversity in the workplace and highlight at least 3 sections with markdown, i.e. *highlighted section*.",25,1,TRUE,FALSE,FALSE,FALSE,TRUE,FALSE,FALSE,FALSE,TRUE,"instruction/constraint following"
"ifeval_20260421T021146Z_231",0.811475409836066,0.893651558533395,0.649106744196256,0,0.094059024809912,"ifeval","""v0.1.0""","instruction_prompt","Write a freestyle rap about the president of the united states. The letter q should show up at least 4 times.",NA,NA,NA,"Write a freestyle rap about the president of the united states. The letter q should show up at least 4 times.",21,1,TRUE,FALSE,FALSE,FALSE,TRUE,FALSE,FALSE,FALSE,TRUE,"instruction/constraint following"
"ifeval_20260421T021146Z_232",0.475409836065574,-0.0655318788772702,0.011848550606582,0,0,"ifeval","""v0.1.0""","instruction_prompt","Write a template with less than 7 sentences for how to calculate the offset of an element in an array.",NA,NA,NA,"Write a template with less than 7 sentences for how to calculate the offset of an element in an array.",20,1,TRUE,FALSE,FALSE,FALSE,FALSE,FALSE,FALSE,FALSE,TRUE,"instruction/constraint following"
"ifeval_20260421T021146Z_233",0.770491803278688,0.768348128889275,1.32527002932915,0,0,"ifeval","""v0.1.0""","instruction_prompt","What is multivariate analysis? Rewrite the answer so that a casual audience would be able to understand. Please end your response with ""Is there anything else I can help with?"" and no other words should follow this statement.",NA,NA,NA,"What is multivariate analysis? Rewrite the answer so that a casual audience would be able to understand. Please end your response with ""Is there anything else I can help with?"" and no other words should follow this statement.",38,0,TRUE,FALSE,FALSE,FALSE,FALSE,FALSE,FALSE,FALSE,TRUE,"instruction/constraint following"
"ifeval_20260421T021146Z_234",0.926229508196721,1.58930947545384,0.590751583024912,0,0,"ifeval","""v0.1.0""","instruction_prompt","I have a golden retriever and a poodle. Is the poodle bigger than the golden retriever? Choose from the following: ('My answer is yes.', 'My answer is no.', 'My answer is maybe.') -- please include the exact phrase in your response.",NA,NA,NA,"I have a golden retriever and a poodle. Is the poodle bigger than the golden retriever? Choose from the following: ('My answer is yes.', 'My answer is no.', 'My answer is maybe.') -- please include the exact phrase in your response.",41,0,TRUE,FALSE,FALSE,FALSE,FALSE,FALSE,TRUE,FALSE,TRUE,"instruction/constraint following"
"ifeval_20260421T021146Z_235",0.754098360655738,0.640774974835693,0.186617004488123,0,-0.0208366138121283,"ifeval","""v0.1.0""","instruction_prompt","11 results have an average of 51. The first five have an average of 49, and the last nine have an average of 52. What was the sixth result? Use weird language when explaining using mathematical notation. And add a postscript starting with P.P.S at the end.",NA,NA,NA,"11 results have an average of 51. The first five have an average of 49, and the last nine have an average of 52. What was the sixth result? Use weird language when explaining using mathematical notation. And add a postscript starting with P.P.S at the end.",47,4,TRUE,FALSE,FALSE,TRUE,FALSE,FALSE,TRUE,FALSE,TRUE,"instruction/constraint following"
"ifeval_20260421T021146Z_237",0.721311475409836,0.545222379856408,1.10969766595821,0,0.30687130723585,"ifeval","""v0.1.0""","instruction_prompt","Can you tell me about the Hamptons? Your answer must be at least 300 words, must contain at least 3 placeholders represented by square brackets, such as [address] and exactly 2 bullet points using the markdown bullet points such as: * Bullet point 1 * Bullet point 2",NA,NA,NA,"Can you tell me about the Hamptons? Your answer must be at least 300 words, must contain at least 3 placeholders represented by square brackets, such as [address] and exactly 2 bullet points using the markdown bullet points such as: * Bullet point 1 * Bullet point 2",48,5,TRUE,FALSE,FALSE,TRUE,TRUE,FALSE,TRUE,FALSE,TRUE,"instruction/constraint following"
"ifeval_20260421T021146Z_238",0.778688524590164,0.727391920717134,0.533219805074328,0,0.132847437242218,"ifeval","""v0.1.0""","instruction_prompt","Breach Posterior is a startup that has a cure for cancer. Write a casual pitch deck for it that's targeted towards moms. Make sure to use the word ""clearly"" at least 2 times.",NA,NA,NA,"Breach Posterior is a startup that has a cure for cancer. Write a casual pitch deck for it that's targeted towards moms. Make sure to use the word ""clearly"" at least 2 times.",33,1,TRUE,FALSE,FALSE,FALSE,TRUE,FALSE,FALSE,FALSE,TRUE,"instruction/constraint following"
"ifeval_20260421T021146Z_239",0.295081967213115,-0.610903536472827,0,1.27529533010154,0,"ifeval","""v0.1.0""","instruction_prompt","Write a lame joke about engagements in entirely Swahili, no other language is allowed.",NA,NA,NA,"Write a lame joke about engagements in entirely Swahili, no other language is allowed.",14,0,TRUE,FALSE,FALSE,FALSE,FALSE,FALSE,FALSE,FALSE,TRUE,"instruction/constraint following"
"ifeval_20260421T021146Z_24",0.827868852459016,1.05429987744323,0.70209866346292,0,0.247277278984811,"ifeval","""v0.1.0""","instruction_prompt","Write a 4 section resume for professional clown Phil Larkin. Each section should be explicitly noted as Section X.",NA,NA,NA,"Write a 4 section resume for professional clown Phil Larkin. Each section should be explicitly noted as Section X.",19,1,TRUE,FALSE,FALSE,FALSE,FALSE,FALSE,FALSE,FALSE,TRUE,"instruction/constraint following"
"ifeval_20260421T021146Z_240",0.950819672131147,1.83084448195367,0.247492866743935,0,0.304768920249285,"ifeval","""v0.1.0""","instruction_prompt","Write a casual blog post about how the outer solar system is different from the inner solar system, and what that means for the possibility of life. Wrap your entire response with double quotation marks. Your response should contain 17 or more sentences.",NA,NA,NA,"Write a casual blog post about how the outer solar system is different from the inner solar system, and what that means for the possibility of life. Wrap your entire response with double quotation marks. Your response should contain 17 or more sentences.",43,1,TRUE,FALSE,FALSE,FALSE,FALSE,FALSE,TRUE,FALSE,TRUE,"instruction/constraint following"
"ifeval_20260421T021146Z_241",0.926229508196721,1.55162846628551,0.540003268864225,0,0,"ifeval","""v0.1.0""","instruction_prompt","Write an essay as if you are the president of the United States targeting moms as your audience. The subject is how the float from the movie ""It"" symbolizes the spirit of the nineteen-fifties. The response must contain at least 1 placeholders represented by square brackets, such as [address].",NA,NA,NA,"Write an essay as if you are the president of the United States targeting moms as your audience. The subject is how the float from the movie ""It"" symbolizes the spirit of the nineteen-fifties. The response must contain at least 1 placeholders represented by square brackets, such as [address].",49,1,TRUE,FALSE,FALSE,FALSE,TRUE,FALSE,TRUE,FALSE,TRUE,"instruction/constraint following"
"ifeval_20260421T021146Z_242",0.770491803278688,0.773824277976801,1.28928391593614,0,0.0339030933441606,"ifeval","""v0.1.0""","instruction_prompt","First repeat the request below word for word without change, then give your answer. Do not say any words or characters before repeating the request. Write a good name for a black dog. Your answer must contain a title, wrapped in double angular brackets.",NA,NA,NA,"First repeat the request below word for word without change, then give your answer. Do not say any words or characters before repeating the request. Write a good name for a black dog. Your answer must contain a title, wrapped in double angular brackets.",44,0,TRUE,FALSE,FALSE,FALSE,TRUE,FALSE,TRUE,FALSE,TRUE,"instruction/constraint following"
"ifeval_20260421T021146Z_243",0.286885245901639,-0.682721881223829,0,1.27620675195678,0,"ifeval","""v0.1.0""","instruction_prompt","Tell a joke that has the words thursday and amalgamation in it, but use Swahili language only, no other language is allowed.",NA,NA,NA,"Tell a joke that has the words thursday and amalgamation in it, but use Swahili language only, no other language is allowed.",22,0,TRUE,FALSE,FALSE,FALSE,FALSE,FALSE,FALSE,FALSE,TRUE,"instruction/constraint following"
"ifeval_20260421T021146Z_244",0.770491803278688,0.772063726585664,0.370618830692216,0,0.380786685434269,"ifeval","""v0.1.0""","instruction_prompt","Why are there 396 calories in a serving of 32 grams of unsalted almonds? Do not use commas in your response.",NA,NA,NA,"Why are there 396 calories in a serving of 32 grams of unsalted almonds? Do not use commas in your response.",21,2,TRUE,FALSE,FALSE,TRUE,TRUE,FALSE,FALSE,FALSE,TRUE,"instruction/constraint following"
"ifeval_20260421T021146Z_245",0.770491803278688,0.730227137360676,0.991677185518843,0.0367232299412933,0,"ifeval","""v0.1.0""","instruction_prompt","Name exactly 3 names for a black and white dog using markdown bullet points such as: * Bullet point 1",NA,NA,NA,"Name exactly 3 names for a black and white dog using markdown bullet points such as: * Bullet point 1",20,2,TRUE,FALSE,FALSE,TRUE,FALSE,FALSE,FALSE,FALSE,TRUE,"instruction/constraint following"
"ifeval_20260421T021146Z_246",0.901639344262295,1.56744966245604,0.172372223782041,0,0.573564088171753,"ifeval","""v0.1.0""","instruction_prompt","Write a funny advertisement for a hair salon that is offering a 25% discount on all services that has at least 200 words.",NA,NA,NA,"Write a funny advertisement for a hair salon that is offering a 25% discount on all services that has at least 200 words.",23,2,TRUE,FALSE,FALSE,TRUE,TRUE,FALSE,FALSE,FALSE,TRUE,"instruction/constraint following"
"ifeval_20260421T021146Z_247",0.786885245901639,0.886540612155619,0.633377197845599,0,0.436302806629669,"ifeval","""v0.1.0""","instruction_prompt","Write a riddle about a mom laying out on a beach in Humboldt without using any commas.",NA,NA,NA,"Write a riddle about a mom laying out on a beach in Humboldt without using any commas.",17,0,TRUE,FALSE,FALSE,FALSE,FALSE,FALSE,FALSE,FALSE,TRUE,"instruction/constraint following"
"ifeval_20260421T021146Z_248",0.721311475409836,0.536727427189569,0.523623062201273,0,0.232635239441709,"ifeval","""v0.1.0""","instruction_prompt","Write a startup pitch for a time capsule service. The words startup and capsule cannot be in the response.",NA,NA,NA,"Write a startup pitch for a time capsule service. The words startup and capsule cannot be in the response.",19,0,TRUE,FALSE,FALSE,FALSE,TRUE,FALSE,FALSE,FALSE,TRUE,"instruction/constraint following"
"ifeval_20260421T021146Z_249",0.811475409836066,0.908884957315545,0.5487551934693,0,0.172428736728857,"ifeval","""v0.1.0""","instruction_prompt","Write an advertisement for a new product or service that is related to the words ""safeguard"" and ""flees"". In your entire response mark sure you do not use any commas. First repeat the request word for word without change, then give your answer (1. do not say any words or characters before repeating the request; 2. the request you need to repeat does not include this sentence)",NA,NA,NA,"Write an advertisement for a new product or service that is related to the words ""safeguard"" and ""flees"". In your entire response mark sure you do not use any commas. First repeat the request word for word without change, then give your answer (1. do not say any words or characters before repeating the request; 2. the request you need to repeat does not incl",67,2,TRUE,FALSE,FALSE,TRUE,TRUE,FALSE,TRUE,FALSE,TRUE,"instruction/constraint following"
"ifeval_20260421T021146Z_25",0.89344262295082,1.3011621276943,0.373410832190775,0,0.179108335838399,"ifeval","""v0.1.0""","instruction_prompt","Write the lyrics to a hit song by the rock band 'The Gifted and The Not Gifted'. To make it rocky, the response should be in all capital letters. The word ""rock"" should not appear in your response.",NA,NA,NA,"Write the lyrics to a hit song by the rock band 'The Gifted and The Not Gifted'. To make it rocky, the response should be in all capital letters. The word ""rock"" should not appear in your response.",38,0,TRUE,FALSE,FALSE,FALSE,TRUE,FALSE,FALSE,FALSE,TRUE,"instruction/constraint following"
"ifeval_20260421T021146Z_250",0.254098360655738,-1.02097485566171,0,1.47736455993704,0,"ifeval","""v0.1.0""","instruction_prompt","Is praying for someone's health a good idea? Your answer must be in all capital letters and in English.",NA,NA,NA,"Is praying for someone's health a good idea? Your answer must be in all capital letters and in English.",19,0,TRUE,FALSE,FALSE,FALSE,FALSE,FALSE,FALSE,FALSE,TRUE,"instruction/constraint following"
"ifeval_20260421T021146Z_251",0.172131147540984,-1.27045989589605,0.348220001495551,0.205977364600796,0.470330434938101,"ifeval","""v0.1.0""","instruction_prompt","Create a rubric to evaluate the performance of a new employee named Clarissa. In your response, make sure the letter i appears less than 6 times.",NA,NA,NA,"Create a rubric to evaluate the performance of a new employee named Clarissa. In your response, make sure the letter i appears less than 6 times.",26,1,TRUE,FALSE,FALSE,FALSE,FALSE,FALSE,FALSE,FALSE,TRUE,"instruction/constraint following"
"ifeval_20260421T021146Z_252",0.540983606557377,-0.233824425896467,0.874996554283099,-0.0469858284437376,0.181366502249687,"ifeval","""v0.1.0""","instruction_prompt","Wherefore doth people consider the 2nd Amendment to be outdated? Answer in a Shakespearean style. Before you answer it, just repeat the request above. You need to repeat it exactly as it is. Do not change any word.",NA,NA,NA,"Wherefore doth people consider the 2nd Amendment to be outdated? Answer in a Shakespearean style. Before you answer it, just repeat the request above. You need to repeat it exactly as it is. Do not change any word.",38,0,TRUE,FALSE,FALSE,FALSE,TRUE,FALSE,FALSE,FALSE,TRUE,"instruction/constraint following"
"ifeval_20260421T021146Z_253",0.655737704918033,0.111333506579145,1.20554017978235,0,0.155390755579548,"ifeval","""v0.1.0""","instruction_prompt","Write a travel itinerary for a trip to Paris that is suitable for teenagers with short attention spans. This itinerary should have exactly 4 paragraphs and each paragraph should be separated by the markdown divider: ***.",NA,NA,NA,"Write a travel itinerary for a trip to Paris that is suitable for teenagers with short attention spans. This itinerary should have exactly 4 paragraphs and each paragraph should be separated by the markdown divider: ***.",36,1,TRUE,FALSE,FALSE,FALSE,FALSE,FALSE,FALSE,FALSE,TRUE,"instruction/constraint following"
"ifeval_20260421T021146Z_254",0.688524590163934,0.208371148141499,1.36432936994244,0,0.0206041412262988,"ifeval","""v0.1.0""","instruction_prompt","Before you answer it, just repeat the request below. You need to repeat it exactly as it is. Do not change any word. Write a song about a corgi named Chester who loves to play fetch.",NA,NA,NA,"Before you answer it, just repeat the request below. You need to repeat it exactly as it is. Do not change any word. Write a song about a corgi named Chester who loves to play fetch.",36,0,TRUE,FALSE,FALSE,FALSE,TRUE,FALSE,FALSE,FALSE,TRUE,"instruction/constraint following"
"ifeval_20260421T021146Z_255",0.852459016393443,1.01803906592213,0.400370587118848,0,0,"ifeval","""v0.1.0""","instruction_prompt","what do you call an excluded scientist who is asked to stay home? Please finish your answer with a postscript starting with P.P.S",NA,NA,NA,"what do you call an excluded scientist who is asked to stay home? Please finish your answer with a postscript starting with P.P.S",23,0,TRUE,FALSE,FALSE,FALSE,FALSE,FALSE,FALSE,FALSE,TRUE,"instruction/constraint following"
"ifeval_20260421T021146Z_256",0.89344262295082,1.60771582574681,0.991855813197046,0,0,"ifeval","""v0.1.0""","instruction_prompt","Write a product description for a new product called the ""AirPods Max"". Make sure to use markdown to highlight at least two sections, i.e. *highlighted section*. Your entire response should be in English and in all lowercase letters.",NA,NA,NA,"Write a product description for a new product called the ""AirPods Max"". Make sure to use markdown to highlight at least two sections, i.e. *highlighted section*. Your entire response should be in English and in all lowercase letters.",38,0,TRUE,FALSE,FALSE,FALSE,TRUE,FALSE,FALSE,FALSE,TRUE,"instruction/constraint following"
"ifeval_20260421T021146Z_257",0.729508196721312,0.651428207134462,0.77029803668809,0,0.547996530078811,"ifeval","""v0.1.0""","instruction_prompt","Write a project proposal for how to use machine learning and AI to improve the quality of education in developing countries. In your response, do not use any commas.",NA,NA,NA,"Write a project proposal for how to use machine learning and AI to improve the quality of education in developing countries. In your response, do not use any commas.",29,0,TRUE,FALSE,FALSE,FALSE,TRUE,FALSE,FALSE,FALSE,TRUE,"instruction/constraint following"
"ifeval_20260421T021146Z_258",0.877049180327869,1.3736667447816,0.887332574436109,0,0,"ifeval","""v0.1.0""","instruction_prompt","Please write a summary of the following advertiser page: ""We insist on having the most talented team of web developers, content writers, graphic designers and online marketers in the industry. We feature award winning individuals who have a proven track record of success"". Use markdowns and target moms. Your answer must contain exactly 4 bullet points in markdown format and cannot contain commas.",NA,NA,NA,"Please write a summary of the following advertiser page: ""We insist on having the most talented team of web developers, content writers, graphic designers and online marketers in the industry. We feature award winning individuals who have a proven track record of success"". Use markdowns and target moms. Your answer must contain exactly 4 bullet points in mar",63,1,TRUE,FALSE,FALSE,FALSE,TRUE,FALSE,TRUE,FALSE,TRUE,"instruction/constraint following"
"ifeval_20260421T021146Z_259",0.647540983606557,0.256798938996416,0.401979812445086,-0.0556295604171355,0,"ifeval","""v0.1.0""","instruction_prompt","Write a cover letter to a local political party, asking to be their rally organizer. Make sure to highlight at least 3 sections in your answer in markdown format.",NA,NA,NA,"Write a cover letter to a local political party, asking to be their rally organizer. Make sure to highlight at least 3 sections in your answer in markdown format.",29,1,TRUE,FALSE,FALSE,FALSE,TRUE,FALSE,FALSE,FALSE,TRUE,"instruction/constraint following"
"ifeval_20260421T021146Z_26",0.901639344262295,1.4720151035469,0.732570452646859,0,0,"ifeval","""v0.1.0""","instruction_prompt","Explain in French why it is important to eat healthy foods to heal the body, without using the word ""nourriture"". Make sure your entire response is wrapped in JSON format.",NA,NA,NA,"Explain in French why it is important to eat healthy foods to heal the body, without using the word ""nourriture"". Make sure your entire response is wrapped in JSON format.",30,0,TRUE,FALSE,FALSE,FALSE,FALSE,FALSE,FALSE,FALSE,TRUE,"instruction/constraint following"
"ifeval_20260421T021146Z_260",0.672131147540984,0.267402128138685,0.898375264233883,0,0.159366400597736,"ifeval","""v0.1.0""","instruction_prompt","Is the sentence ""Mrs. Smith is the teacher of this class."" grammatically correct? Give me exactly two different responses. Responses and only responses should be separated by 6 asterisk symbols: ******.",NA,NA,NA,"Is the sentence ""Mrs. Smith is the teacher of this class."" grammatically correct? Give me exactly two different responses. Responses and only responses should be separated by 6 asterisk symbols: ******.",31,1,TRUE,FALSE,FALSE,FALSE,FALSE,FALSE,FALSE,FALSE,TRUE,"instruction/constraint following"
"ifeval_20260421T021146Z_261",0.868852459016393,1.18666291962454,0.658605017864274,0,0,"ifeval","""v0.1.0""","instruction_prompt","Can you expand the following sentences: ""I have never seen a localized version of the software. I have seen an international version."" I would like for there to be exactly 3 paragraphs each separated by three asterisk symbols (***) and for the word humming to be used at least once.",NA,NA,NA,"Can you expand the following sentences: ""I have never seen a localized version of the software. I have seen an international version."" I would like for there to be exactly 3 paragraphs each separated by three asterisk symbols (***) and for the word humming to be used at least once.",50,1,TRUE,FALSE,FALSE,FALSE,TRUE,FALSE,TRUE,FALSE,TRUE,"instruction/constraint following"
"ifeval_20260421T021146Z_262",0.852459016393443,1.27029918248006,0.337758792251401,0.020112661018191,0.611499528161732,"ifeval","""v0.1.0""","instruction_prompt","What's the best way to get to the train station? Answer using a casual tone and markdown. Your response should be at least 300 words and in all lowercase letters.",NA,NA,NA,"What's the best way to get to the train station? Answer using a casual tone and markdown. Your response should be at least 300 words and in all lowercase letters.",30,1,TRUE,FALSE,FALSE,FALSE,TRUE,FALSE,FALSE,FALSE,TRUE,"instruction/constraint following"
"ifeval_20260421T021146Z_263",0.942622950819672,1.6152477503858,0.369717931896754,0,0,"ifeval","""v0.1.0""","instruction_prompt","Create an itinerary for a 3-day trip to Moscow that uses the word founding less than twice. Don't add anything before and after the JSON code. Your entire output should just contain a JSON code block.",NA,NA,NA,"Create an itinerary for a 3-day trip to Moscow that uses the word founding less than twice. Don't add anything before and after the JSON code. Your entire output should just contain a JSON code block.",36,1,TRUE,FALSE,FALSE,FALSE,FALSE,FALSE,FALSE,FALSE,TRUE,"instruction/constraint following"
"ifeval_20260421T021146Z_264",0.819672131147541,0.988337513079794,0.98930623426659,0,-0.0543074416987001,"ifeval","""v0.1.0""","instruction_prompt","Write a facebook post about a flea market in JSON format. Do not include keywords 'flea' and 'JSON' in the response.",NA,NA,NA,"Write a facebook post about a flea market in JSON format. Do not include keywords 'flea' and 'JSON' in the response.",21,0,TRUE,FALSE,FALSE,FALSE,TRUE,FALSE,FALSE,FALSE,TRUE,"instruction/constraint following"
"ifeval_20260421T021146Z_265",0.926229508196721,1.65453944345099,0.693276684282746,0,-0.0761429033329732,"ifeval","""v0.1.0""","instruction_prompt","Write me a poem about a long lasting war. Add a postscript at the end starting with P.P.S",NA,NA,NA,"Write me a poem about a long lasting war. Add a postscript at the end starting with P.P.S",18,0,TRUE,FALSE,FALSE,FALSE,FALSE,FALSE,FALSE,FALSE,TRUE,"instruction/constraint following"
"ifeval_20260421T021146Z_267",0.262295081967213,-0.991697261652426,0,1.56693903083138,0,"ifeval","""v0.1.0""","instruction_prompt","The Legend of the Sword and the Fairy is a movie in which Wan Wan is a villain. Write a story about Wan Wan's character in list format. Your entire response should be in English and in all capital letters.",NA,NA,NA,"The Legend of the Sword and the Fairy is a movie in which Wan Wan is a villain. Write a story about Wan Wan's character in list format. Your entire response should be in English and in all capital letters.",40,0,TRUE,FALSE,FALSE,FALSE,FALSE,FALSE,FALSE,FALSE,TRUE,"instruction/constraint following"
"ifeval_20260421T021146Z_268",0.368852459016393,-0.175123970809425,0,1.48328233653002,0,"ifeval","""v0.1.0""","instruction_prompt","What is a lattice? Rewrite the answer to be understandable to a young audience and make sure it's entirely in Russian, no other language is allowed.",NA,NA,NA,"What is a lattice? Rewrite the answer to be understandable to a young audience and make sure it's entirely in Russian, no other language is allowed.",26,0,TRUE,FALSE,FALSE,FALSE,FALSE,FALSE,FALSE,FALSE,TRUE,"instruction/constraint following"
"ifeval_20260421T021146Z_269",0.737704918032787,0.472673201020098,1.13646720655994,0,-0.126622531532988,"ifeval","""v0.1.0""","instruction_prompt","Radcliffe was the only one who could get past the guards. What could be said about him? Please wrap your entire response in JSON format. Markdown ticks (```) are acceptable.",NA,NA,NA,"Radcliffe was the only one who could get past the guards. What could be said about him? Please wrap your entire response in JSON format. Markdown ticks (```) are acceptable.",30,0,TRUE,FALSE,FALSE,FALSE,FALSE,FALSE,FALSE,FALSE,TRUE,"instruction/constraint following"
"ifeval_20260421T021146Z_27",0.89344262295082,1.45019629372937,0.789111122835999,0,0,"ifeval","""v0.1.0""","instruction_prompt","Write a funny haiku about moms, containing keywords ""mom"" and ""mother"" in your response. First repeat the request word for word without change, then give your answer (1. do not say any words or characters before repeating the request; 2. the request you need to repeat does not include this sentence)",NA,NA,NA,"Write a funny haiku about moms, containing keywords ""mom"" and ""mother"" in your response. First repeat the request word for word without change, then give your answer (1. do not say any words or characters before repeating the request; 2. the request you need to repeat does not include this sentence)",51,2,TRUE,FALSE,FALSE,TRUE,TRUE,FALSE,TRUE,FALSE,TRUE,"instruction/constraint following"
"ifeval_20260421T021146Z_271",0.852459016393443,1.0813944426197,0.64177750167215,0,0,"ifeval","""v0.1.0""","instruction_prompt","Answer the following math problem in a different language, use bullet points, and give alternative answers. Refrain from using commas in your response. Natalia was buying books for her children. She bought 2 books for $24 each, and 3 books for $36 each. How much did she pay in total?",NA,NA,NA,"Answer the following math problem in a different language, use bullet points, and give alternative answers. Refrain from using commas in your response. Natalia was buying books for her children. She bought 2 books for $24 each, and 3 books for $36 each. How much did she pay in total?",50,4,TRUE,FALSE,FALSE,TRUE,FALSE,FALSE,TRUE,FALSE,TRUE,"instruction/constraint following"
"ifeval_20260421T021146Z_272",0.877049180327869,1.41227284358025,0.937531119889872,0,0,"ifeval","""v0.1.0""","instruction_prompt","Write a joke about a startup that sells dog food in a song. Your entire response should be in English, and in all capital letters. Your answer must contain a title, wrapped in double angular brackets, i.e. <<title>>.",NA,NA,NA,"Write a joke about a startup that sells dog food in a song. Your entire response should be in English, and in all capital letters. Your answer must contain a title, wrapped in double angular brackets, i.e. <<title>>.",38,0,TRUE,FALSE,FALSE,TRUE,FALSE,FALSE,FALSE,FALSE,TRUE,"instruction/constraint following"
"ifeval_20260421T021146Z_274",0.786885245901639,1.00051445068928,0.887573204001322,0,0.503238061569894,"ifeval","""v0.1.0""","instruction_prompt","Give two different responses to the question ""Is it ethical to hunt and eat invasive species?"", separated by 6 asterisk symbols ****** and without using any commas.",NA,NA,NA,"Give two different responses to the question ""Is it ethical to hunt and eat invasive species?"", separated by 6 asterisk symbols ****** and without using any commas.",27,1,TRUE,FALSE,FALSE,FALSE,FALSE,FALSE,FALSE,FALSE,TRUE,"instruction/constraint following"
"ifeval_20260421T021146Z_275",0.713114754098361,0.48758791285296,1.27597840209325,0,0.290342507216392,"ifeval","""v0.1.0""","instruction_prompt","Rewrite the following sentence to exactly 3 paragraphs, separated by two new lines and without using any commas: ""Offences are not the only things that are grasped by the police."". Paragraph 1 must start with word punched. The response must contain at least 2 placeholders represented by square brackets, such as [address].",NA,NA,NA,"Rewrite the following sentence to exactly 3 paragraphs, separated by two new lines and without using any commas: ""Offences are not the only things that are grasped by the police."". Paragraph 1 must start with word punched. The response must contain at least 2 placeholders represented by square brackets, such as [address].",52,3,TRUE,FALSE,FALSE,TRUE,TRUE,FALSE,TRUE,FALSE,TRUE,"instruction/constraint following"
"ifeval_20260421T021146Z_277",0.237704918032787,-0.965595598624032,0.163059801834198,0,0.703647636774374,"ifeval","""v0.1.0""","instruction_prompt","Write a rubric in the form of a poem that lists several items for how to evaluate a poem. The letter w should appear less than 2 times in your response.",NA,NA,NA,"Write a rubric in the form of a poem that lists several items for how to evaluate a poem. The letter w should appear less than 2 times in your response.",31,1,TRUE,FALSE,FALSE,FALSE,FALSE,FALSE,FALSE,FALSE,TRUE,"instruction/constraint following"
"ifeval_20260421T021146Z_278",0.89344262295082,1.23966965674097,0.370005157240498,0,0.000235070829676332,"ifeval","""v0.1.0""","instruction_prompt","Write an angry rap bash script that downloads all files from a given directory. Don't use any commas and make sure the letter q appears at least once.",NA,NA,NA,"Write an angry rap bash script that downloads all files from a given directory. Don't use any commas and make sure the letter q appears at least once.",28,0,TRUE,FALSE,FALSE,FALSE,TRUE,FALSE,FALSE,FALSE,TRUE,"instruction/constraint following"
"ifeval_20260421T021146Z_279",0.721311475409836,0.438902124875831,1.03242239909927,0,0,"ifeval","""v0.1.0""","instruction_prompt","Write a short summary for kids that explains why we want to honour Thayer for his contributions to the field of artificial intelligence. The summary must contain exactly 4 bullet points such as: * Bullet point 1 * Bullet point 2",NA,NA,NA,"Write a short summary for kids that explains why we want to honour Thayer for his contributions to the field of artificial intelligence. The summary must contain exactly 4 bullet points such as: * Bullet point 1 * Bullet point 2",41,3,TRUE,FALSE,FALSE,TRUE,FALSE,FALSE,TRUE,FALSE,TRUE,"instruction/constraint following"
"ifeval_20260421T021146Z_28",0.819672131147541,0.960660776705234,0.822206096231701,0,0,"ifeval","""v0.1.0""","instruction_prompt","Rewrite the following statement to make it sound more formal, like a President of the United States: ""Hi guys. The work was done to add in a fix for the issue that was observed in the field with the SSO. We are working with our collaborators closely. We will get it done. Thanks ya all."" Do not include the following keywords: field, thanks, issue, collaborator.",NA,NA,NA,"Rewrite the following statement to make it sound more formal, like a President of the United States: ""Hi guys. The work was done to add in a fix for the issue that was observed in the field with the SSO. We are working with our collaborators closely. We will get it done. Thanks ya all."" Do not include the following keywords: field, thanks, issue, collaborato",65,0,TRUE,FALSE,FALSE,FALSE,TRUE,FALSE,TRUE,FALSE,TRUE,"instruction/constraint following"
"ifeval_20260421T021146Z_280",0.368852459016393,-0.14220181193091,0,1.54975846347302,0,"ifeval","""v0.1.0""","instruction_prompt","What are some good ideas for startup companies? Write a Hindi poem about this. Use only Hindi in your response, no other language is allowed.",NA,NA,NA,"What are some good ideas for startup companies? Write a Hindi poem about this. Use only Hindi in your response, no other language is allowed.",25,0,TRUE,FALSE,FALSE,FALSE,FALSE,FALSE,FALSE,FALSE,TRUE,"instruction/constraint following"
"ifeval_20260421T021146Z_282",0.69672131147541,0.345940285013411,0.95667555575606,0,0.0548283527240658,"ifeval","""v0.1.0""","instruction_prompt","Write a rap about an abyss in exactly 4 paragraphs. Separate paragraphs with the markdown divider: ***.",NA,NA,NA,"Write a rap about an abyss in exactly 4 paragraphs. Separate paragraphs with the markdown divider: ***.",17,1,TRUE,FALSE,FALSE,FALSE,FALSE,FALSE,FALSE,FALSE,TRUE,"instruction/constraint following"
"ifeval_20260421T021146Z_284",0.795081967213115,1.02373357006256,0.579056686939162,0,0.724383748083649,"ifeval","""v0.1.0""","instruction_prompt","Write a college academic paper about President of the United States being stressed. Make sure not to include negative words such as 'sad', 'crazy', 'stress', etc., in the response. Also, make sure to include at least 15 placeholders represented by square brackets, such as [address].",NA,NA,NA,"Write a college academic paper about President of the United States being stressed. Make sure not to include negative words such as 'sad', 'crazy', 'stress', etc., in the response. Also, make sure to include at least 15 placeholders represented by square brackets, such as [address].",45,1,TRUE,FALSE,FALSE,FALSE,TRUE,FALSE,TRUE,FALSE,TRUE,"instruction/constraint following"
"ifeval_20260421T021146Z_285",0.754098360655738,0.655539143561207,1.40130017411453,0,0,"ifeval","""v0.1.0""","instruction_prompt","Write a TLDR for the recent conflict between ISIL and the US in conversational bullet points. End your response with this exact phrase: ""Let me know if you have additional questions."", and no other words should follow this phrase.",NA,NA,NA,"Write a TLDR for the recent conflict between ISIL and the US in conversational bullet points. End your response with this exact phrase: ""Let me know if you have additional questions."", and no other words should follow this phrase.",39,0,TRUE,FALSE,FALSE,FALSE,FALSE,FALSE,FALSE,FALSE,TRUE,"instruction/constraint following"
"ifeval_20260421T021146Z_286",0.39344262295082,-0.703949110797793,0.751197922822824,0,0.405003133204123,"ifeval","""v0.1.0""","instruction_prompt","Rewrite the following sentence in a style that is unusual: ""But when the people of the land came to know that the Philistines had fled, they departed from Saul and went after David."" Let's repeat the request above word for word without change, then give your answer. Do not output any word before the request above is repeated.",NA,NA,NA,"Rewrite the following sentence in a style that is unusual: ""But when the people of the land came to know that the Philistines had fled, they departed from Saul and went after David."" Let's repeat the request above word for word without change, then give your answer. Do not output any word before the request above is repeated.",58,0,TRUE,FALSE,FALSE,FALSE,TRUE,FALSE,TRUE,FALSE,TRUE,"instruction/constraint following"
"ifeval_20260421T021146Z_287",0.745901639344262,0.688667411938441,0.916999088463095,0,0.316112924523602,"ifeval","""v0.1.0""","instruction_prompt","Please rewrite the following sentence in a serious tone, similar to the president of the united states, and without an upward bias or inflation alarmism. Please also include the keywords ""ink"" and ""memoirs"" in the sentence: ""The main points to consider are the following: First, the ECB’s own forecasts, which currently have a strong upward bias, must be revised downwards. Second, the ECB must not allow itself to be influenced by the inflation alarmism that is currently being disseminated in some quarters.""",NA,NA,NA,"Please rewrite the following sentence in a serious tone, similar to the president of the united states, and without an upward bias or inflation alarmism. Please also include the keywords ""ink"" and ""memoirs"" in the sentence: ""The main points to consider are the following: First, the ECB’s own forecasts, which currently have a strong upward bias, must be revis",82,0,TRUE,FALSE,FALSE,FALSE,TRUE,FALSE,TRUE,FALSE,TRUE,"instruction/constraint following"
"ifeval_20260421T021146Z_288",0.860655737704918,1.38360689801172,1.08867355457238,0,0,"ifeval","""v0.1.0""","instruction_prompt","Give me a logical question about chatting and conquering. Make it interesting. Highlight at least one section of your answer with markdown, i.e. *highlighted section*. Put your entire response inside double quotation marks.",NA,NA,NA,"Give me a logical question about chatting and conquering. Make it interesting. Highlight at least one section of your answer with markdown, i.e. *highlighted section*. Put your entire response inside double quotation marks.",33,0,TRUE,FALSE,FALSE,FALSE,TRUE,FALSE,FALSE,FALSE,TRUE,"instruction/constraint following"
"ifeval_20260421T021146Z_289",0.737704918032787,0.535896939245812,1.41729785659027,0,0,"ifeval","""v0.1.0""","instruction_prompt","Improve the following text, which is about how to learn a language. Also, provide two alternatives. The text is: ""The best way to learn about a new culture is by living in it. Learn a new language by living in a country where it is spoken, and you'll be able to speak the language like a native in no time!"". Finish your response with ""Is there anything else I can help with?"". No other words should follow this phrase.",NA,NA,NA,"Improve the following text, which is about how to learn a language. Also, provide two alternatives. The text is: ""The best way to learn about a new culture is by living in it. Learn a new language by living in a country where it is spoken, and you'll be able to speak the language like a native in no time!"". Finish your response with ""Is there anything else I",79,0,TRUE,FALSE,FALSE,FALSE,FALSE,FALSE,TRUE,FALSE,TRUE,"instruction/constraint following"
"ifeval_20260421T021146Z_29",0.704918032786885,0.334646487730591,1.18472124308765,0,0,"ifeval","""v0.1.0""","instruction_prompt","What are the advantages and disadvantages of having supernatural powers? Make it short. Wrap the entire output in JSON format. You can use markdown ticks such as ```.",NA,NA,NA,"What are the advantages and disadvantages of having supernatural powers? Make it short. Wrap the entire output in JSON format. You can use markdown ticks such as ```.",28,0,TRUE,FALSE,FALSE,FALSE,FALSE,FALSE,FALSE,FALSE,TRUE,"instruction/constraint following"
"ifeval_20260421T021146Z_290",0.213114754098361,-1.00845106057441,0.39567363262846,0,0.0810037638264791,"ifeval","""v0.1.0""","instruction_prompt","can you write a resume for helene? Answer with lowercase letters. Make sure the letter n appears less than 7 times.",NA,NA,NA,"can you write a resume for helene? Answer with lowercase letters. Make sure the letter n appears less than 7 times.",21,1,TRUE,FALSE,FALSE,FALSE,FALSE,FALSE,FALSE,FALSE,TRUE,"instruction/constraint following"
"ifeval_20260421T021146Z_291",0.885245901639344,1.25019828287157,0.57933861899636,0,0,"ifeval","""v0.1.0""","instruction_prompt","Gideon is a farmer who has a surplus of crops from his farm this year. What might he do with that surplus? Highlight at least one section of your answer in markdown, i.e *highlighted section*.",NA,NA,NA,"Gideon is a farmer who has a surplus of crops from his farm this year. What might he do with that surplus? Highlight at least one section of your answer in markdown, i.e *highlighted section*.",35,0,TRUE,FALSE,FALSE,FALSE,TRUE,FALSE,FALSE,FALSE,TRUE,"instruction/constraint following"
"ifeval_20260421T021146Z_292",0.286885245901639,-0.77018198706254,0,1.54529857582293,0,"ifeval","""v0.1.0""","instruction_prompt","Write a professional haiku in English for moms about an inspirational chorus teacher. It should include the phrase ""singing is life"" and be in all lowercase letters. No capital letters are allowed.",NA,NA,NA,"Write a professional haiku in English for moms about an inspirational chorus teacher. It should include the phrase ""singing is life"" and be in all lowercase letters. No capital letters are allowed.",32,0,TRUE,FALSE,FALSE,FALSE,FALSE,FALSE,FALSE,FALSE,TRUE,"instruction/constraint following"
"ifeval_20260421T021146Z_293",0.30327868852459,-0.647778088875301,0,1.62234117814518,0,"ifeval","""v0.1.0""","instruction_prompt","Create a product description for a product that will help me to stop snoring. Use all lowercase letters.",NA,NA,NA,"Create a product description for a product that will help me to stop snoring. Use all lowercase letters.",18,0,TRUE,FALSE,FALSE,FALSE,FALSE,FALSE,FALSE,FALSE,TRUE,"instruction/constraint following"
"ifeval_20260421T021146Z_294",0.704918032786885,0.344901001746391,1.01438399148767,0,0,"ifeval","""v0.1.0""","instruction_prompt","Write an email to your friend about what triggers you. Make sure to wrap the entire email in double quotation marks.",NA,NA,NA,"Write an email to your friend about what triggers you. Make sure to wrap the entire email in double quotation marks.",21,0,TRUE,FALSE,FALSE,FALSE,FALSE,FALSE,FALSE,FALSE,TRUE,"instruction/constraint following"
"ifeval_20260421T021146Z_295",0.762295081967213,0.676210292349051,0.232020982290965,0,0.103905263161122,"ifeval","""v0.1.0""","instruction_prompt","Translate the following sentence into German and then criticize it: Werner was a good friend of mine, but not very smart. Avoid the word ""schlau"" throughout your response.",NA,NA,NA,"Translate the following sentence into German and then criticize it: Werner was a good friend of mine, but not very smart. Avoid the word ""schlau"" throughout your response.",28,0,TRUE,FALSE,FALSE,FALSE,TRUE,FALSE,FALSE,FALSE,TRUE,"instruction/constraint following"
"ifeval_20260421T021146Z_296",0.729508196721312,0.602321639150433,0.890276125289628,0,0.339148790549668,"ifeval","""v0.1.0""","instruction_prompt","Which was the better team in the 1987-88 season: Tottenham Hotspur or Stockton? Your answer must be exactly 3 paragraphs where paragraphs and only paragraphs are separated by two new lines, as if they were '\n\n' in python. The third paragraph must start with the word bonding. Include keywords gao and hearts in the response. At the end of your response, please add a postscript starting with P.P.S",NA,NA,NA,"Which was the better team in the 1987-88 season: Tottenham Hotspur or Stockton? Your answer must be exactly 3 paragraphs where paragraphs and only paragraphs are separated by two new lines, as if they were '\n\n' in python. The third paragraph must start with the word bonding. Include keywords gao and hearts in the response. At the end of your response, plea",68,3,TRUE,FALSE,FALSE,TRUE,FALSE,FALSE,TRUE,FALSE,TRUE,"instruction/constraint following"
"ifeval_20260421T021146Z_297",0.147540983606557,-1.37108994021605,0,0.911432890869456,0,"ifeval","""v0.1.0""","instruction_prompt","Rewrite the following text so that it is funny to software engineers using notations from the book ""The C Programming Language"": ""The use of the various constructions described in this chapter is one of the most distinctive features of the C programming language."" Make this sound like it is being said by the president of the United States and capitalize every letter.",NA,NA,NA,"Rewrite the following text so that it is funny to software engineers using notations from the book ""The C Programming Language"": ""The use of the various constructions described in this chapter is one of the most distinctive features of the C programming language."" Make this sound like it is being said by the president of the United States and capitalize ever",62,0,TRUE,FALSE,FALSE,FALSE,FALSE,FALSE,TRUE,FALSE,TRUE,"instruction/constraint following"
"ifeval_20260421T021146Z_298",0.836065573770492,1.11391446196088,0.825036539635877,0,0.135259806874825,"ifeval","""v0.1.0""","instruction_prompt","Write a blog post about how to train a dog that is geared towards kids. Include the keywords ""finale"" and ""less"" in the post.",NA,NA,NA,"Write a blog post about how to train a dog that is geared towards kids. Include the keywords ""finale"" and ""less"" in the post.",24,0,TRUE,FALSE,FALSE,FALSE,FALSE,FALSE,FALSE,FALSE,TRUE,"instruction/constraint following"
"ifeval_20260421T021146Z_299",0.762295081967213,0.790009567322251,1.19086047376807,0,0.182911860323545,"ifeval","""v0.1.0""","instruction_prompt","Which of the following is a better way to describe supporting ecological landscapes: (A) the practice of using the natural features of a landscape to create a more sustainable environment, or (B) the practice of using the natural features of a landscape to create a more aesthetically pleasing environment? Your response should be in English, all capital letters, contain no commas, and be fewer than 16 sentences.",NA,NA,NA,"Which of the following is a better way to describe supporting ecological landscapes: (A) the practice of using the natural features of a landscape to create a more sustainable environment, or (B) the practice of using the natural features of a landscape to create a more aesthetically pleasing environment? Your response should be in English, all capital lette",67,1,TRUE,FALSE,FALSE,FALSE,FALSE,FALSE,TRUE,FALSE,TRUE,"instruction/constraint following"
"ifeval_20260421T021146Z_3",0.844262295081967,1.22301616530831,1.04430145899061,0,0,"ifeval","""v0.1.0""","instruction_prompt","Write an email to my boss telling him that I am quitting. The email must contain a title wrapped in double angular brackets, i.e. <<title>>. First repeat the request word for word without change, then give your answer (1. do not say any words or characters before repeating the request; 2. the request you need to repeat does not include this sentence)",NA,NA,NA,"Write an email to my boss telling him that I am quitting. The email must contain a title wrapped in double angular brackets, i.e. <<title>>. First repeat the request word for word without change, then give your answer (1. do not say any words or characters before repeating the request; 2. the request you need to repeat does not include this sentence)",62,2,TRUE,FALSE,FALSE,TRUE,TRUE,FALSE,TRUE,FALSE,TRUE,"instruction/constraint following"
"ifeval_20260421T021146Z_30",0.918032786885246,1.58969952365164,0.690832768470959,0,0,"ifeval","""v0.1.0""","instruction_prompt","Write a social media post for students of Islamic history about the hajj pilgrimage. Use all lowercase letters and include the word story at least twice.",NA,NA,NA,"Write a social media post for students of Islamic history about the hajj pilgrimage. Use all lowercase letters and include the word story at least twice.",26,0,TRUE,FALSE,FALSE,FALSE,TRUE,FALSE,FALSE,FALSE,TRUE,"instruction/constraint following"
"ifeval_20260421T021146Z_300",0.877049180327869,1.32353899094382,0.642221700190281,0,0.209934381406381,"ifeval","""v0.1.0""","instruction_prompt","What do prehistoric megaliths in Europe look like? Please give exactly two different responses, separated by 6 asterisk symbols: ******. Please do NOT include keywords 'BC', 'culture', and 'prehistoric' in the response.",NA,NA,NA,"What do prehistoric megaliths in Europe look like? Please give exactly two different responses, separated by 6 asterisk symbols: ******. Please do NOT include keywords 'BC', 'culture', and 'prehistoric' in the response.",32,1,TRUE,FALSE,FALSE,FALSE,TRUE,FALSE,FALSE,FALSE,TRUE,"instruction/constraint following"
"ifeval_20260421T021146Z_301",0.901639344262295,1.53706193655279,0.640795641514206,0,0.255679965967395,"ifeval","""v0.1.0""","instruction_prompt","what is the average iq of a 16 year old boy? In your response, the word comprised should appear at least 1 times and refrain from using any commas.",NA,NA,NA,"what is the average iq of a 16 year old boy? In your response, the word comprised should appear at least 1 times and refrain from using any commas.",29,2,TRUE,FALSE,FALSE,TRUE,TRUE,FALSE,FALSE,FALSE,TRUE,"instruction/constraint following"
"ifeval_20260421T021146Z_302",0.688524590163934,0.309113649344866,1.21891778914291,0,0.257612212792624,"ifeval","""v0.1.0""","instruction_prompt","Write a summary of the plot of ""The Great Gatsby"" in the style of a tabloid newspaper. Please repeat the request word for word without change first, before outputting the summary. Do not say anything before repeating the request.",NA,NA,NA,"Write a summary of the plot of ""The Great Gatsby"" in the style of a tabloid newspaper. Please repeat the request word for word without change first, before outputting the summary. Do not say anything before repeating the request.",39,0,TRUE,FALSE,FALSE,FALSE,TRUE,FALSE,FALSE,FALSE,TRUE,"instruction/constraint following"
"ifeval_20260421T021146Z_303",0.860655737704918,1.19380861905083,0.772088358786725,0.0286203262345177,0,"ifeval","""v0.1.0""","instruction_prompt","Write a paragraph that lists the average length of various animal specimens from smallest to largest. Your response should contain less than 17 sentences.",NA,NA,NA,"Write a paragraph that lists the average length of various animal specimens from smallest to largest. Your response should contain less than 17 sentences.",24,1,TRUE,FALSE,FALSE,FALSE,FALSE,FALSE,FALSE,FALSE,TRUE,"instruction/constraint following"
"ifeval_20260421T021146Z_304",0.680327868852459,0.224028100058453,1.16719716544939,0,0.0453038274295371,"ifeval","""v0.1.0""","instruction_prompt","Is Grafton, Vermont a good place to live? Write exactly 3 paragraphs each separated with two new lines answering this question. The first paragraph must start with ""send"".",NA,NA,NA,"Is Grafton, Vermont a good place to live? Write exactly 3 paragraphs each separated with two new lines answering this question. The first paragraph must start with ""send"".",28,1,TRUE,FALSE,FALSE,FALSE,FALSE,FALSE,FALSE,FALSE,TRUE,"instruction/constraint following"
"ifeval_20260421T021146Z_305",0.885245901639344,1.40677561419992,0.635249757589831,0,0.258613962467488,"ifeval","""v0.1.0""","instruction_prompt","I want you to act like a DnD dungeon master. I will be the sole player. Create a random class character sheet for me. Wrap the entire output in JSON format using markdown ticks. Include keywords 'medalist' and 'theta' in the response.",NA,NA,NA,"I want you to act like a DnD dungeon master. I will be the sole player. Create a random class character sheet for me. Wrap the entire output in JSON format using markdown ticks. Include keywords 'medalist' and 'theta' in the response.",42,0,TRUE,FALSE,FALSE,FALSE,FALSE,FALSE,TRUE,FALSE,TRUE,"instruction/constraint following"
"ifeval_20260421T021146Z_306",0.704918032786885,0.470880227425855,1.03918126405105,0.0570856532480483,0.231908335146877,"ifeval","""v0.1.0""","instruction_prompt","The Broncos have been so bad in the NRL this year, they're getting dust on the trophy cabinet. Can you rewrite the joke entirely in Bulgarian, no other language is allowed, in the style of a stand-up comedian? Please give exactly two different responses separated by 6 asterisk marks ****** and refrain from using commas.",NA,NA,NA,"The Broncos have been so bad in the NRL this year, they're getting dust on the trophy cabinet. Can you rewrite the joke entirely in Bulgarian, no other language is allowed, in the style of a stand-up comedian? Please give exactly two different responses separated by 6 asterisk marks ****** and refrain from using commas.",55,1,TRUE,FALSE,FALSE,FALSE,FALSE,FALSE,TRUE,FALSE,TRUE,"instruction/constraint following"
"ifeval_20260421T021146Z_307",0.89344262295082,1.37264219064108,0.680955151912601,0,0,"ifeval","""v0.1.0""","instruction_prompt","Write a very short resume for a refinery operator who has 5 years of experience working in the chemical industry. Include the keywords ""friends"" and ""hanson"" in the resume. Make your entire output contain less than 50 words.",NA,NA,NA,"Write a very short resume for a refinery operator who has 5 years of experience working in the chemical industry. Include the keywords ""friends"" and ""hanson"" in the resume. Make your entire output contain less than 50 words.",38,2,TRUE,FALSE,FALSE,TRUE,FALSE,FALSE,FALSE,FALSE,TRUE,"instruction/constraint following"
"ifeval_20260421T021146Z_308",0.877049180327869,1.20287030605566,0.585175996130835,0,0,"ifeval","""v0.1.0""","instruction_prompt","Write a limerick about a Zelda fan named Rodney. Make sure to include these items: Zelda, Hyrule, Link, Ganon. Use less than 100 words.",NA,NA,NA,"Write a limerick about a Zelda fan named Rodney. Make sure to include these items: Zelda, Hyrule, Link, Ganon. Use less than 100 words.",24,1,TRUE,FALSE,FALSE,FALSE,FALSE,FALSE,FALSE,FALSE,TRUE,"instruction/constraint following"
"ifeval_20260421T021146Z_309",0.975409836065574,1.96701977873285,0,0,0,"ifeval","""v0.1.0""","instruction_prompt","Can you create a list of mega trends in the tech industry? Wrap your entire response with double quotation marks. Also, make sure the letter o appears at least 25 times in your response.",NA,NA,NA,"Can you create a list of mega trends in the tech industry? Wrap your entire response with double quotation marks. Also, make sure the letter o appears at least 25 times in your response.",34,1,TRUE,FALSE,FALSE,FALSE,TRUE,FALSE,FALSE,FALSE,TRUE,"instruction/constraint following"
"ifeval_20260421T021146Z_31",0.885245901639344,1.17305942741185,0.225378709697052,0,0,"ifeval","""v0.1.0""","instruction_prompt","Write a rubric for how to evaluate the technical skills of a software engineer only using the Punjabi language, no other language is allowed.",NA,NA,NA,"Write a rubric for how to evaluate the technical skills of a software engineer only using the Punjabi language, no other language is allowed.",24,0,TRUE,FALSE,FALSE,FALSE,FALSE,FALSE,FALSE,FALSE,TRUE,"instruction/constraint following"
"ifeval_20260421T021146Z_310",0.918032786885246,1.62147624316066,0.737529465676825,0,0,"ifeval","""v0.1.0""","instruction_prompt","Write a poem about a lonely Hue. The poem should be written for teenagers. In your poem, italicize at least one section in markdown, i.e *this is an italic text*, and include the word ""singles"" at least twice.",NA,NA,NA,"Write a poem about a lonely Hue. The poem should be written for teenagers. In your poem, italicize at least one section in markdown, i.e *this is an italic text*, and include the word ""singles"" at least twice.",38,0,TRUE,FALSE,FALSE,FALSE,TRUE,FALSE,FALSE,FALSE,TRUE,"instruction/constraint following"
"ifeval_20260421T021146Z_311",0.663934426229508,0.308256430103318,0.465043043061718,0,0,"ifeval","""v0.1.0""","instruction_prompt","Tulsa is a professional dog walker. Write a description for Tulsa's day-to-day work. Make sure that your entire response has less than 6 sentences.",NA,NA,NA,"Tulsa is a professional dog walker. Write a description for Tulsa's day-to-day work. Make sure that your entire response has less than 6 sentences.",24,1,TRUE,FALSE,FALSE,FALSE,FALSE,FALSE,FALSE,FALSE,TRUE,"instruction/constraint following"
"ifeval_20260421T021146Z_312",0.918032786885246,1.60668335003378,0.71460161381155,0,0,"ifeval","""v0.1.0""","instruction_prompt","Melbourne has a newspaper called the Herald Sun. Can you suggest a name for a new newspaper for Melbourne teenagers? Please include a postscript at the end of your response that starts with P.S.",NA,NA,NA,"Melbourne has a newspaper called the Herald Sun. Can you suggest a name for a new newspaper for Melbourne teenagers? Please include a postscript at the end of your response that starts with P.S.",34,0,TRUE,FALSE,FALSE,FALSE,FALSE,FALSE,FALSE,FALSE,TRUE,"instruction/constraint following"
"ifeval_20260421T021146Z_313",0.860655737704918,1.13056415601019,0.65463367413604,0,0,"ifeval","""v0.1.0""","instruction_prompt","Write a funny note to McQueen, using <br> to separate lines. Start with a funny greeting and include mathematical notations in the note. At the end of your response, explicitly add a postscript starting with P.P.S",NA,NA,NA,"Write a funny note to McQueen, using <br> to separate lines. Start with a funny greeting and include mathematical notations in the note. At the end of your response, explicitly add a postscript starting with P.P.S",36,0,TRUE,FALSE,FALSE,TRUE,FALSE,FALSE,FALSE,FALSE,TRUE,"instruction/constraint following"
"ifeval_20260421T021146Z_314",0.967213114754098,1.84331028630589,0.176798854268421,0,0,"ifeval","""v0.1.0""","instruction_prompt","Write a casual summary of the U.S. maternity leave policy with two sections (Section 1 and Section 2) and at least 25 sentences.",NA,NA,NA,"Write a casual summary of the U.S. maternity leave policy with two sections (Section 1 and Section 2) and at least 25 sentences.",23,3,TRUE,FALSE,FALSE,TRUE,TRUE,FALSE,FALSE,FALSE,TRUE,"instruction/constraint following"
"ifeval_20260421T021146Z_315",0.844262295081967,1.1750051932853,0.946192594820265,0,0.00400380728982963,"ifeval","""v0.1.0""","instruction_prompt","Given that the French Revolution began because the French King tried to tax the people of France, ask a question about this fact. Do not use words ""revolution"" and ""tax"" throughout your response. Put your entire answer in JSON format.",NA,NA,NA,"Given that the French Revolution began because the French King tried to tax the people of France, ask a question about this fact. Do not use words ""revolution"" and ""tax"" throughout your response. Put your entire answer in JSON format.",40,0,TRUE,FALSE,FALSE,FALSE,TRUE,FALSE,FALSE,FALSE,TRUE,"instruction/constraint following"
"ifeval_20260421T021146Z_316",0.89344262295082,1.24974379393413,0.339245674568343,0,0.0692857040056762,"ifeval","""v0.1.0""","instruction_prompt","Please write the answer to this question in markdown as a song: To what constituency was David Cameron appealing when he announced his plans for a referendum on British membership of the European Union? Make sure your song contains the letter j at least once, and use exactly 3 bullet points in markdown format in the song.",NA,NA,NA,"Please write the answer to this question in markdown as a song: To what constituency was David Cameron appealing when he announced his plans for a referendum on British membership of the European Union? Make sure your song contains the letter j at least once, and use exactly 3 bullet points in markdown format in the song.",57,1,TRUE,FALSE,FALSE,FALSE,TRUE,FALSE,TRUE,FALSE,TRUE,"instruction/constraint following"
"ifeval_20260421T021146Z_317",0.59016393442623,0.168871081858592,0.27572366704823,0,0.275658807938644,"ifeval","""v0.1.0""","instruction_prompt","Write a tweet for the president of the United States. The tweet should include the keywords ""engages"" and ""lightly"".",NA,NA,NA,"Write a tweet for the president of the United States. The tweet should include the keywords ""engages"" and ""lightly"".",19,0,TRUE,FALSE,FALSE,FALSE,FALSE,FALSE,FALSE,FALSE,TRUE,"instruction/constraint following"
"ifeval_20260421T021146Z_318",0.754098360655738,0.620899483077657,0.968646982168184,0,0,"ifeval","""v0.1.0""","instruction_prompt","Please elaborate on the following text: ""It's not a bug, it's a feature!"" Write exactly 2 bullet points in markdown format. Use ""*"" to indicate a bullet point. One example bullet: * It's not a bug",NA,NA,NA,"Please elaborate on the following text: ""It's not a bug, it's a feature!"" Write exactly 2 bullet points in markdown format. Use ""*"" to indicate a bullet point. One example bullet: * It's not a bug",36,1,TRUE,FALSE,FALSE,FALSE,TRUE,FALSE,FALSE,FALSE,TRUE,"instruction/constraint following"
"ifeval_20260421T021146Z_32",0.778688524590164,0.886406916356115,0.67671155047665,0,0.528089696894674,"ifeval","""v0.1.0""","instruction_prompt","Write a riddle for kids about auspices but make sure you don't use any commas.",NA,NA,NA,"Write a riddle for kids about auspices but make sure you don't use any commas.",15,0,TRUE,FALSE,FALSE,FALSE,FALSE,FALSE,FALSE,FALSE,TRUE,"instruction/constraint following"
"ifeval_20260421T021146Z_320",0.655737704918033,0.226339590398372,0.65009031443505,0,0,"ifeval","""v0.1.0""","instruction_prompt","Write a limerick about a guy named Dave that is funny to moms. The limerick should end with the phrase ""Yes Mom, I am Dave."" Do not say anything after the limerick.",NA,NA,NA,"Write a limerick about a guy named Dave that is funny to moms. The limerick should end with the phrase ""Yes Mom, I am Dave."" Do not say anything after the limerick.",32,0,TRUE,FALSE,FALSE,FALSE,TRUE,FALSE,FALSE,FALSE,TRUE,"instruction/constraint following"
"ifeval_20260421T021146Z_321",0.811475409836066,0.966737451963993,0.670422937261074,0,0.25931860004984,"ifeval","""v0.1.0""","instruction_prompt","I've got a collection of military insignia that I'd like to get rid of, but I don't know how. Can you help me? Give exactly two different responses, separating them with 6 asterisk symbols (******). Your answer must contain a title, wrapped in double angular brackets, such as <<my title>>. Include the keywords ""adoption"" and ""carriage"" somewhere in your response.",NA,NA,NA,"I've got a collection of military insignia that I'd like to get rid of, but I don't know how. Can you help me? Give exactly two different responses, separating them with 6 asterisk symbols (******). Your answer must contain a title, wrapped in double angular brackets, such as <<my title>>. Include the keywords ""adoption"" and ""carriage"" somewhere in your resp",60,1,TRUE,FALSE,FALSE,TRUE,FALSE,FALSE,TRUE,FALSE,TRUE,"instruction/constraint following"
"ifeval_20260421T021146Z_322",0.721311475409836,0.478817926667086,1.05174378878493,0.12875733418135,0.00810356447399441,"ifeval","""v0.1.0""","instruction_prompt","Please give me some recommendations for good books about the history of the United States. Your response should be completely in Kannada, no other language is allowed.",NA,NA,NA,"Please give me some recommendations for good books about the history of the United States. Your response should be completely in Kannada, no other language is allowed.",27,0,TRUE,FALSE,FALSE,FALSE,FALSE,FALSE,FALSE,FALSE,TRUE,"instruction/constraint following"
"ifeval_20260421T021146Z_323",0.737704918032787,0.515432047135265,1.12260985856299,0,0,"ifeval","""v0.1.0""","instruction_prompt","Write a cover letter for a job in Ventura that is funny and would be enjoyed by someone named Darius, wrap the entire response in double quotation marks.",NA,NA,NA,"Write a cover letter for a job in Ventura that is funny and would be enjoyed by someone named Darius, wrap the entire response in double quotation marks.",28,0,TRUE,FALSE,FALSE,FALSE,FALSE,FALSE,FALSE,FALSE,TRUE,"instruction/constraint following"
"ifeval_20260421T021146Z_324",0.811475409836066,1.13201574741213,1.09047531106419,0,0.23375570748267,"ifeval","""v0.1.0""","instruction_prompt","Write a haiku about foolish behavior in the form of a question, for an audience of young readers. It should include the topic of not studying. Give exactly two different responses, separated by 6 asterisk symbols (******), and include a title wrapped in double angular brackets, i.e. <<title>>. Do not use commas.",NA,NA,NA,"Write a haiku about foolish behavior in the form of a question, for an audience of young readers. It should include the topic of not studying. Give exactly two different responses, separated by 6 asterisk symbols (******), and include a title wrapped in double angular brackets, i.e. <<title>>. Do not use commas.",52,1,TRUE,FALSE,FALSE,TRUE,TRUE,FALSE,TRUE,FALSE,TRUE,"instruction/constraint following"
"ifeval_20260421T021146Z_325",0.860655737704918,1.25132969202173,0.538069422107785,0,0.361088878036033,"ifeval","""v0.1.0""","instruction_prompt","We are a company that sells a product that makes it easy to find and book a hotel room. We are looking for a print ad that will be placed in a magazine that is aimed at people who travel a lot. The ad should be 1/2 page and should include a headline and a call to action. Please do not use any commas in your response. Before saying anything or giving your answer, please repeat the exact entire request above.",NA,NA,NA,"We are a company that sells a product that makes it easy to find and book a hotel room. We are looking for a print ad that will be placed in a magazine that is aimed at people who travel a lot. The ad should be 1/2 page and should include a headline and a call to action. Please do not use any commas in your response. Before saying anything or giving your ans",81,2,TRUE,FALSE,FALSE,TRUE,TRUE,FALSE,TRUE,FALSE,TRUE,"instruction/constraint following"
"ifeval_20260421T021146Z_326",0.401639344262295,-0.552018873191993,0.582320787966815,0,0.426797880733756,"ifeval","""v0.1.0""","instruction_prompt","Write a cover letter for a job in a tech company. Make sure to use the word ""the"" once or less.",NA,NA,NA,"Write a cover letter for a job in a tech company. Make sure to use the word ""the"" once or less.",21,0,TRUE,FALSE,FALSE,FALSE,FALSE,FALSE,FALSE,FALSE,TRUE,"instruction/constraint following"
"ifeval_20260421T021146Z_327",0.819672131147541,1.06681995841173,1.0493612648056,0,0,"ifeval","""v0.1.0""","instruction_prompt","Write a document entirely in the Portuguese language, no other language is allowed, about Adam and Eve. Additionally, make sure to wrap your entire response with double quotation marks.",NA,NA,NA,"Write a document entirely in the Portuguese language, no other language is allowed, about Adam and Eve. Additionally, make sure to wrap your entire response with double quotation marks.",29,0,TRUE,FALSE,FALSE,FALSE,FALSE,FALSE,FALSE,FALSE,TRUE,"instruction/constraint following"
"ifeval_20260421T021146Z_328",0.295081967213115,-0.708735349806236,0,1.547317310669,0,"ifeval","""v0.1.0""","instruction_prompt","Write a song about the benefits of eating your vegetables. Please make sure it is in English and that all of the letters are lowercase.",NA,NA,NA,"Write a song about the benefits of eating your vegetables. Please make sure it is in English and that all of the letters are lowercase.",25,0,TRUE,FALSE,FALSE,FALSE,FALSE,FALSE,FALSE,FALSE,TRUE,"instruction/constraint following"
"ifeval_20260421T021146Z_329",0.663934426229508,0.236652662701553,0.87675532262096,0.118753980341522,0,"ifeval","""v0.1.0""","instruction_prompt","Write a rant about how an asteroid killed the dinosaurs in all capital letters and in English. End the rant with the phrase ""What would happen to human next?"" and no other words should follow this phrase.",NA,NA,NA,"Write a rant about how an asteroid killed the dinosaurs in all capital letters and in English. End the rant with the phrase ""What would happen to human next?"" and no other words should follow this phrase.",37,0,TRUE,FALSE,FALSE,FALSE,FALSE,FALSE,FALSE,FALSE,TRUE,"instruction/constraint following"
"ifeval_20260421T021146Z_33",0.549180327868853,-0.130166866949405,0.719331888813349,0,0,"ifeval","""v0.1.0""","instruction_prompt","Write a template for a chat bot that takes a user's location and gives them the weather forecast. Use the letter o as a keyword in the syntax of the template. The letter o should appear at least 6 times.. Your response should contain fewer than 6 sentences. Highlight at least 2 text sections, i.e. *highlighted section*.",NA,NA,NA,"Write a template for a chat bot that takes a user's location and gives them the weather forecast. Use the letter o as a keyword in the syntax of the template. The letter o should appear at least 6 times.. Your response should contain fewer than 6 sentences. Highlight at least 2 text sections, i.e. *highlighted section*.",57,3,TRUE,FALSE,FALSE,TRUE,TRUE,FALSE,TRUE,FALSE,TRUE,"instruction/constraint following"
"ifeval_20260421T021146Z_330",0.811475409836066,0.932815716971633,0.658057588685916,0,0.165700515252223,"ifeval","""v0.1.0""","instruction_prompt","Write a limerick about the word ""limerick"". Make sure it is funny and includes the words ""limerick"" and ""funny"". Do not use any commas. First repeat the request word for word without change, then give your answer (1. do not say any words or characters before repeating the request; 2. the request you need to repeat does not include this sentence)",NA,NA,NA,"Write a limerick about the word ""limerick"". Make sure it is funny and includes the words ""limerick"" and ""funny"". Do not use any commas. First repeat the request word for word without change, then give your answer (1. do not say any words or characters before repeating the request; 2. the request you need to repeat does not include this sentence)",61,2,TRUE,FALSE,FALSE,TRUE,TRUE,FALSE,TRUE,FALSE,TRUE,"instruction/constraint following"
"ifeval_20260421T021146Z_331",0.934426229508197,1.73677308879781,0.245248169996672,0,0.40527007369734,"ifeval","""v0.1.0""","instruction_prompt","Write a blog post about the benefits of using a digital marketing agency, make sure to write at least 20 sentences.",NA,NA,NA,"Write a blog post about the benefits of using a digital marketing agency, make sure to write at least 20 sentences.",21,1,TRUE,FALSE,FALSE,FALSE,TRUE,FALSE,FALSE,FALSE,TRUE,"instruction/constraint following"
"ifeval_20260421T021146Z_332",0.89344262295082,1.57751371047649,0.515382441263187,0,0.522214032156398,"ifeval","""v0.1.0""","instruction_prompt","Write a description for the Pixel 3A smartphone with at least 400 words. Wrap your entire response with double quotation marks.",NA,NA,NA,"Write a description for the Pixel 3A smartphone with at least 400 words. Wrap your entire response with double quotation marks.",21,1,TRUE,FALSE,FALSE,FALSE,TRUE,FALSE,FALSE,FALSE,TRUE,"instruction/constraint following"
"ifeval_20260421T021146Z_333",0.868852459016393,1.18534492213764,0.672005864533183,0,0,"ifeval","""v0.1.0""","instruction_prompt","The opposite of youth is not age, but ...? Highlight at least 2 sections in your answer with markdown, i.e. *highlighted section*.",NA,NA,NA,"The opposite of youth is not age, but ...? Highlight at least 2 sections in your answer with markdown, i.e. *highlighted section*.",22,1,TRUE,FALSE,FALSE,FALSE,TRUE,FALSE,FALSE,FALSE,TRUE,"instruction/constraint following"
"ifeval_20260421T021146Z_334",0.786885245901639,0.727567512749325,0.60829570316713,0,0,"ifeval","""v0.1.0""","instruction_prompt","Write a description of the following data in a weird style: The Golden Palace eatType restaurant; The Golden Palace food Indian; The Golden Palace area city centre. Use markdown to highlight at least 3 sections in your answer.",NA,NA,NA,"Write a description of the following data in a weird style: The Golden Palace eatType restaurant; The Golden Palace food Indian; The Golden Palace area city centre. Use markdown to highlight at least 3 sections in your answer.",38,1,TRUE,FALSE,FALSE,FALSE,TRUE,FALSE,FALSE,FALSE,TRUE,"instruction/constraint following"
"ifeval_20260421T021146Z_335",0.885245901639344,1.40393704210681,0.82148250178141,0,0,"ifeval","""v0.1.0""","instruction_prompt","Write a proposal for a research project on the impact of the liberian civil war on the country's economy. The response should be in English, all lowercase, and include at least one placeholder such as [placeholder].",NA,NA,NA,"Write a proposal for a research project on the impact of the liberian civil war on the country's economy. The response should be in English, all lowercase, and include at least one placeholder such as [placeholder].",36,0,TRUE,FALSE,FALSE,FALSE,TRUE,FALSE,FALSE,FALSE,TRUE,"instruction/constraint following"
"ifeval_20260421T021146Z_337",0.868852459016393,1.10941950047932,0.338632390147034,0.0451786878789265,0,"ifeval","""v0.1.0""","instruction_prompt","Make a list of ways to say the following sentence more professionally: ""Hey bautista, let me know if you need any help with the graphs."" Also, make sure the letter q appears less than 5 times in your response.",NA,NA,NA,"Make a list of ways to say the following sentence more professionally: ""Hey bautista, let me know if you need any help with the graphs."" Also, make sure the letter q appears less than 5 times in your response.",39,1,TRUE,FALSE,FALSE,FALSE,FALSE,FALSE,FALSE,FALSE,TRUE,"instruction/constraint following"
"ifeval_20260421T021146Z_338",0.860655737704918,1.1106937811424,0.732395183529433,0.0207138672472294,-0.322549875451718,"ifeval","""v0.1.0""","instruction_prompt","Can you provide me with the timetable for the next train to London? Please respond in less than 6 sentences.",NA,NA,NA,"Can you provide me with the timetable for the next train to London? Please respond in less than 6 sentences.",20,1,TRUE,FALSE,FALSE,FALSE,FALSE,FALSE,FALSE,FALSE,TRUE,"instruction/constraint following"
"ifeval_20260421T021146Z_339",0.877049180327869,1.38620756209805,0.896787166119364,0,0,"ifeval","""v0.1.0""","instruction_prompt","What is inside Shinto shrines? Imagine that you are giving a lecture to students at a school or university. Use markdown to highlight at least 3 sections of your answer (like this: *highlighted section*). Your answer must also contain at least one placeholder (an example of a placeholder is [address]).",NA,NA,NA,"What is inside Shinto shrines? Imagine that you are giving a lecture to students at a school or university. Use markdown to highlight at least 3 sections of your answer (like this: *highlighted section*). Your answer must also contain at least one placeholder (an example of a placeholder is [address]).",50,1,TRUE,FALSE,FALSE,FALSE,TRUE,FALSE,TRUE,FALSE,TRUE,"instruction/constraint following"
"ifeval_20260421T021146Z_34",0.827868852459016,1.12635973507451,1.08830962637386,0,0,"ifeval","""v0.1.0""","instruction_prompt","Explain why people are grossed out by worms but not by eating a dead cow. Give exactly two different responses separated by 6 asterisk symbols ******. Your answer must contain a title, wrapped in double angular brackets, i.e. <<title>>.",NA,NA,NA,"Explain why people are grossed out by worms but not by eating a dead cow. Give exactly two different responses separated by 6 asterisk symbols ******. Your answer must contain a title, wrapped in double angular brackets, i.e. <<title>>.",39,1,TRUE,FALSE,FALSE,TRUE,TRUE,FALSE,FALSE,FALSE,TRUE,"instruction/constraint following"
"ifeval_20260421T021146Z_341",0.770491803278688,0.747726092874714,0.569591117592257,0.0478319432729602,0.262684675315441,"ifeval","""v0.1.0""","instruction_prompt","write a haiku about ireland in the style of basho. include a title wrapped in double angular brackets, i.e. <<title>>. your entire response should be in lowercase english and contain the letter g at least 8 times.",NA,NA,NA,"write a haiku about ireland in the style of basho. include a title wrapped in double angular brackets, i.e. <<title>>. your entire response should be in lowercase english and contain the letter g at least 8 times.",37,1,TRUE,FALSE,FALSE,TRUE,TRUE,FALSE,FALSE,FALSE,TRUE,"instruction/constraint following"
"ifeval_20260421T021146Z_342",0.80327868852459,0.80527617950949,0.539679097963729,0,0,"ifeval","""v0.1.0""","instruction_prompt","Write a funny rap about a man who gets a call from an official saying that he is a long lost relative of the king of Nigeria. Use markdown to highlight at least one section of your answer, i.e. *highlighted section*.",NA,NA,NA,"Write a funny rap about a man who gets a call from an official saying that he is a long lost relative of the king of Nigeria. Use markdown to highlight at least one section of your answer, i.e. *highlighted section*.",41,0,TRUE,FALSE,FALSE,FALSE,TRUE,FALSE,TRUE,FALSE,TRUE,"instruction/constraint following"
"ifeval_20260421T021146Z_343",0.762295081967213,0.856168397304629,0.870598525652479,0,0.519526658613169,"ifeval","""v0.1.0""","instruction_prompt","Write a list of the top 10 facts about the UK without using commas.",NA,NA,NA,"Write a list of the top 10 facts about the UK without using commas.",14,1,TRUE,FALSE,FALSE,FALSE,FALSE,FALSE,FALSE,FALSE,TRUE,"instruction/constraint following"
"ifeval_20260421T021146Z_344",0.770491803278688,0.715680986263085,1.01238012839618,0,0,"ifeval","""v0.1.0""","instruction_prompt","Rewrite the following blog as a list of exactly 4 bullet points: ""The world is a beautiful place. The sun is shining, the birds are singing, and the flowers are blooming. It's a perfect day to go outside and enjoy all that nature has to offer."" The bullet points should be in markdown such as: * Bullet point 1 * Bullet point 2",NA,NA,NA,"Rewrite the following blog as a list of exactly 4 bullet points: ""The world is a beautiful place. The sun is shining, the birds are singing, and the flowers are blooming. It's a perfect day to go outside and enjoy all that nature has to offer."" The bullet points should be in markdown such as: * Bullet point 1 * Bullet point 2",63,3,TRUE,FALSE,FALSE,TRUE,FALSE,FALSE,TRUE,FALSE,TRUE,"instruction/constraint following"
"ifeval_20260421T021146Z_345",0.868852459016393,1.20972912311906,0.729108110305287,0,0,"ifeval","""v0.1.0""","instruction_prompt","Write a weird ad for a copyright infringement lawyer who represents witches. Use only lowercase letters. Your answer must contain a title, wrapped in double angular brackets, i.e. <<title>>.",NA,NA,NA,"Write a weird ad for a copyright infringement lawyer who represents witches. Use only lowercase letters. Your answer must contain a title, wrapped in double angular brackets, i.e. <<title>>.",29,0,TRUE,FALSE,FALSE,TRUE,FALSE,FALSE,FALSE,FALSE,TRUE,"instruction/constraint following"
"ifeval_20260421T021146Z_346",0.762295081967213,0.687927001698052,1.29198963343243,0,0,"ifeval","""v0.1.0""","instruction_prompt","Write a joke about xml with a setup and a punchline. Wrap your entire response in double quotation marks.",NA,NA,NA,"Write a joke about xml with a setup and a punchline. Wrap your entire response in double quotation marks.",19,0,TRUE,FALSE,FALSE,FALSE,FALSE,FALSE,FALSE,FALSE,TRUE,"instruction/constraint following"
"ifeval_20260421T021146Z_347",0.721311475409836,0.556980865180514,0.110075252344805,0,0,"ifeval","""v0.1.0""","instruction_prompt","Can you write a rap that doesn't include the keywords ""Yo"", ""check"", and ""peace""?",NA,NA,NA,"Can you write a rap that doesn't include the keywords ""Yo"", ""check"", and ""peace""?",14,0,TRUE,FALSE,FALSE,FALSE,FALSE,FALSE,FALSE,FALSE,TRUE,"instruction/constraint following"
"ifeval_20260421T021146Z_348",0.30327868852459,-0.639915358364652,0,1.55617451625568,0,"ifeval","""v0.1.0""","instruction_prompt","Write a startup pitch for ""Ward and Guerre"". Make it a weird poem that explains why the pitch is good. It should be in English and have no capital letters.",NA,NA,NA,"Write a startup pitch for ""Ward and Guerre"". Make it a weird poem that explains why the pitch is good. It should be in English and have no capital letters.",30,0,TRUE,FALSE,FALSE,FALSE,FALSE,FALSE,FALSE,FALSE,TRUE,"instruction/constraint following"
"ifeval_20260421T021146Z_35",0.778688524590164,0.89515545608675,0.97467282101232,0,0.30946998743214,"ifeval","""v0.1.0""","instruction_prompt","Can you give me two different formal alternatives to ""What's up? I'm going to the beach today"" and do not use any commas in your response.",NA,NA,NA,"Can you give me two different formal alternatives to ""What's up? I'm going to the beach today"" and do not use any commas in your response.",26,0,TRUE,FALSE,FALSE,FALSE,TRUE,FALSE,FALSE,FALSE,TRUE,"instruction/constraint following"
"ifeval_20260421T021146Z_350",0.795081967213115,1.09043545680917,0.865866543525443,0,0.651420979213909,"ifeval","""v0.1.0""","instruction_prompt","How can you get to know someone on a deep level in a romantic relationship? The answer should involve the topic of vulnerability. Do not use any commas in your response.",NA,NA,NA,"How can you get to know someone on a deep level in a romantic relationship? The answer should involve the topic of vulnerability. Do not use any commas in your response.",31,0,TRUE,FALSE,FALSE,FALSE,TRUE,FALSE,FALSE,FALSE,TRUE,"instruction/constraint following"
"ifeval_20260421T021146Z_351",0.942622950819672,1.6433294427188,0.426239400337458,0,-0.102873754727445,"ifeval","""v0.1.0""","instruction_prompt","Write a parody of 'ars poetica'. Do not include the word 'parody' throughout your response.",NA,NA,NA,"Write a parody of 'ars poetica'. Do not include the word 'parody' throughout your response.",15,0,TRUE,FALSE,FALSE,FALSE,TRUE,FALSE,FALSE,FALSE,TRUE,"instruction/constraint following"
"ifeval_20260421T021146Z_352",0.729508196721312,0.461241911517479,1.39394729438638,0,0,"ifeval","""v0.1.0""","instruction_prompt","Why did the man travel from Saskatoon to Helsinki to buy a piano? Wrap your entire response in double quotes.",NA,NA,NA,"Why did the man travel from Saskatoon to Helsinki to buy a piano? Wrap your entire response in double quotes.",20,0,TRUE,FALSE,FALSE,FALSE,FALSE,FALSE,FALSE,FALSE,TRUE,"instruction/constraint following"
"ifeval_20260421T021146Z_353",0.655737704918033,0.19683495857539,0.791323914239001,0,0,"ifeval","""v0.1.0""","instruction_prompt","Imagine you're a 19 year old and you're making a video game. The game is about a boy who has to save the world from a villain. Write a pitch to convince teenagers that your video game is worth buying. Your answer must include exactly one bullet point in markdown format.",NA,NA,NA,"Imagine you're a 19 year old and you're making a video game. The game is about a boy who has to save the world from a villain. Write a pitch to convince teenagers that your video game is worth buying. Your answer must include exactly one bullet point in markdown format.",51,1,TRUE,FALSE,FALSE,FALSE,FALSE,FALSE,TRUE,FALSE,TRUE,"instruction/constraint following"
"ifeval_20260421T021146Z_354",0.918032786885246,1.52153764012655,0.174222766956867,0,0.350362094761045,"ifeval","""v0.1.0""","instruction_prompt","For a bunch of students, write a 200+ word poem that professionally describes a new line of shoes. Make sure to use markdown to highlight/bold at least one section of the poem. Example: *highlighted text*",NA,NA,NA,"For a bunch of students, write a 200+ word poem that professionally describes a new line of shoes. Make sure to use markdown to highlight/bold at least one section of the poem. Example: *highlighted text*",35,1,TRUE,FALSE,FALSE,FALSE,TRUE,FALSE,FALSE,FALSE,TRUE,"instruction/constraint following"
"ifeval_20260421T021146Z_355",0.860655737704918,1.27351617920167,0.417469079191492,0,0.504024812912762,"ifeval","""v0.1.0""","instruction_prompt","Write a limerick about a guy from Nantucket, use notations to express it, and use at least 2 words with all capital letters.",NA,NA,NA,"Write a limerick about a guy from Nantucket, use notations to express it, and use at least 2 words with all capital letters.",23,1,TRUE,FALSE,FALSE,FALSE,TRUE,FALSE,FALSE,FALSE,TRUE,"instruction/constraint following"
"ifeval_20260421T021146Z_356",0.926229508196721,1.64157526431321,0.658162581125975,0,0,"ifeval","""v0.1.0""","instruction_prompt","Write a poem about flooding in Donnell, TX. The poem should have a title in double angular brackets, i.e. <<title>>, and contains at least 3 words in all capital letters.",NA,NA,NA,"Write a poem about flooding in Donnell, TX. The poem should have a title in double angular brackets, i.e. <<title>>, and contains at least 3 words in all capital letters.",30,1,TRUE,FALSE,FALSE,TRUE,TRUE,FALSE,FALSE,FALSE,TRUE,"instruction/constraint following"
"ifeval_20260421T021146Z_357",0.631147540983607,-0.00436224392498253,1.18245279654276,0.124987526751771,0,"ifeval","""v0.1.0""","instruction_prompt","Write a rubric for performance review of a software engineer and wrap the entire output in JSON format. You can use markdown ticks such as ```.",NA,NA,NA,"Write a rubric for performance review of a software engineer and wrap the entire output in JSON format. You can use markdown ticks such as ```.",26,0,TRUE,FALSE,FALSE,FALSE,FALSE,FALSE,FALSE,FALSE,TRUE,"instruction/constraint following"
"ifeval_20260421T021146Z_358",0.631147540983607,0.224074913900972,0.39558249235056,0,0,"ifeval","""v0.1.0""","instruction_prompt","Kindly summarize the text below in XML format. Make sure the summary contains less than 4 sentences. Quantum entanglement is the phenomenon that occurs when a group of particles are generated, interact, or share spatial proximity in such a way that the quantum state of each particle of the group cannot be described independently of the state of the others, including when the particles are separated by a large distance. The topic of quantum entanglement is at the heart of the disparity between classical and quantum physics: entanglement is a primary feature of quantum mechanics not present in classical mechanics. Measurements of physical properties such as position, momentum, spin, and polarization performed on entangled particles can, in some cases, be found to be perfectly correlated. For example, if a pair of entangled particles is generated such that their total spin is known to be zero, and one particle is found to have clockwise spin on a first axis, then the spin of the other particle, measured on the same axis, is found to be anticlockwise. However, this behavior gives rise to seemingly paradoxical effects: any measurement of a particle's properties results in an apparent and irreversible wave function collapse of that particle and changes the original quantum state. With entangled particles, such measurements affect the entangled system as a whole. Such phenomena were the subject of a 1935 paper by Albert Einstein, Boris Podolsky, and Nathan Rosen, and several papers by Erwin Schrödinger shortly thereafter, describing what came to be known as the EPR paradox. Einstein and others considered such behavior impossible, as it violated the local realism view of causality (Einstein referring to it as ""spooky action at a distance"") and argued that the accepted formulation of quantum mechanics must therefore be incomplete.",NA,NA,NA,"Kindly summarize the text below in XML format. Make sure the summary contains less than 4 sentences. Quantum entanglement is the phenomenon that occurs when a group of particles are generated, interact, or share spatial proximity in such a way that the quantum state of each particle of the group cannot be described independently of the state of the others, i",294,2,TRUE,FALSE,FALSE,TRUE,TRUE,TRUE,TRUE,FALSE,TRUE,"instruction/constraint following"
"ifeval_20260421T021146Z_359",0.868852459016393,1.23240588610437,0.881841086189504,0,-0.255821400128927,"ifeval","""v0.1.0""","instruction_prompt","The hull of a ship is severely damaged in a storm. The ship has craters and some of its outer shell has been peeled off. How can I repair the hull? Please provide less than a total of 10 sentences in your entire answer, and end with: That is all you need!",NA,NA,NA,"The hull of a ship is severely damaged in a storm. The ship has craters and some of its outer shell has been peeled off. How can I repair the hull? Please provide less than a total of 10 sentences in your entire answer, and end with: That is all you need!",52,1,TRUE,FALSE,FALSE,FALSE,FALSE,FALSE,TRUE,FALSE,TRUE,"instruction/constraint following"
"ifeval_20260421T021146Z_36",0.786885245901639,0.907175206276909,0.861616915297801,0,0.303467054518679,"ifeval","""v0.1.0""","instruction_prompt","What happened when the Tang dynasty of China was in power? Make sure to use the word war at least 8 times, and the word peace at least 10 times.",NA,NA,NA,"What happened when the Tang dynasty of China was in power? Make sure to use the word war at least 8 times, and the word peace at least 10 times.",30,2,TRUE,FALSE,FALSE,TRUE,TRUE,FALSE,FALSE,FALSE,TRUE,"instruction/constraint following"
"ifeval_20260421T021146Z_360",0.868852459016393,1.27018112323817,0.795446987275805,0,0,"ifeval","""v0.1.0""","instruction_prompt","Write a rubric for teenagers on how to review a book. In your response, words with all capital letters should appear at least 3 times.",NA,NA,NA,"Write a rubric for teenagers on how to review a book. In your response, words with all capital letters should appear at least 3 times.",25,1,TRUE,FALSE,FALSE,FALSE,TRUE,FALSE,FALSE,FALSE,TRUE,"instruction/constraint following"
"ifeval_20260421T021146Z_361",0.860655737704918,1.31404173566462,0.815651810170205,0,0.207669351388753,"ifeval","""v0.1.0""","instruction_prompt","Write a poem about the history of reductions in the context of the church. Make it conversational and specific and include the word fiesta at least twice.",NA,NA,NA,"Write a poem about the history of reductions in the context of the church. Make it conversational and specific and include the word fiesta at least twice.",27,0,TRUE,FALSE,FALSE,FALSE,TRUE,FALSE,FALSE,FALSE,TRUE,"instruction/constraint following"
"ifeval_20260421T021146Z_362",0.762295081967213,0.807841003283522,1.29287162364293,0,0.188469245752066,"ifeval","""v0.1.0""","instruction_prompt","Is ballistics (the study of the motion of projectiles) an actual science? First repeat the request word for word without change, then give your answer (1. do not say any words or characters before repeating the request; 2. the request you need to repeat does not include this sentence)",NA,NA,NA,"Is ballistics (the study of the motion of projectiles) an actual science? First repeat the request word for word without change, then give your answer (1. do not say any words or characters before repeating the request; 2. the request you need to repeat does not include this sentence)",49,2,TRUE,FALSE,FALSE,TRUE,TRUE,FALSE,TRUE,FALSE,TRUE,"instruction/constraint following"
"ifeval_20260421T021146Z_363",0.60655737704918,-0.064664543581035,1.07923609627584,0,0.317765237685332,"ifeval","""v0.1.0""","instruction_prompt","What's different between ""the set of all sets that are not members of themselves"" and ""the set of all sets""? Use mathematical notations in your answer. Be chatty while explaining. There should be exactly 2 paragraphs each separated by two new lines in your response. Paragraph 1 must start with the word booster.",NA,NA,NA,"What's different between ""the set of all sets that are not members of themselves"" and ""the set of all sets""? Use mathematical notations in your answer. Be chatty while explaining. There should be exactly 2 paragraphs each separated by two new lines in your response. Paragraph 1 must start with the word booster.",53,2,TRUE,FALSE,FALSE,TRUE,TRUE,FALSE,TRUE,FALSE,TRUE,"instruction/constraint following"
"ifeval_20260421T021146Z_364",0.991803278688525,2.40003428470135,0,0,0,"ifeval","""v0.1.0""","instruction_prompt","Write a brief about limping in ASEAN countries. Your answer must contain a title, wrapped in double angular brackets, such as <<title of the brief>>. Make sure the letter m appears at least 5 times.",NA,NA,NA,"Write a brief about limping in ASEAN countries. Your answer must contain a title, wrapped in double angular brackets, such as <<title of the brief>>. Make sure the letter m appears at least 5 times.",35,1,TRUE,FALSE,FALSE,TRUE,TRUE,FALSE,FALSE,FALSE,TRUE,"instruction/constraint following"
"ifeval_20260421T021146Z_365",0.885245901639344,1.30918635180015,0.550057735096074,0,0.179153757978668,"ifeval","""v0.1.0""","instruction_prompt","We're attempting to contact Stephane to get a reversal from him, but he is not responding to us. Could you write this in a way that would seem more polite to moms? Please use the key ""polite"" to put your answer. Wrap your entire response with double quotation marks, and include two sections: ""SECTION 1"" and ""SECTION 2"".",NA,NA,NA,"We're attempting to contact Stephane to get a reversal from him, but he is not responding to us. Could you write this in a way that would seem more polite to moms? Please use the key ""polite"" to put your answer. Wrap your entire response with double quotation marks, and include two sections: ""SECTION 1"" and ""SECTION 2"".",58,2,TRUE,FALSE,FALSE,TRUE,TRUE,FALSE,TRUE,FALSE,TRUE,"instruction/constraint following"
"ifeval_20260421T021146Z_366",0.729508196721312,0.462634908653125,1.05659859078903,0.0033651494014067,0,"ifeval","""v0.1.0""","instruction_prompt","Write a 500 word story in a poem style about a young girl who is obsessed with her Nintendo DS. First repeat the request above, then give your answer. Just repeat word for word without change. Do not say any words or characters before repeating the request.",NA,NA,NA,"Write a 500 word story in a poem style about a young girl who is obsessed with her Nintendo DS. First repeat the request above, then give your answer. Just repeat word for word without change. Do not say any words or characters before repeating the request.",47,1,TRUE,FALSE,FALSE,FALSE,TRUE,FALSE,TRUE,FALSE,TRUE,"instruction/constraint following"
"ifeval_20260421T021146Z_367",0.819672131147541,0.997539997048645,0.806411572195375,0,0.132761703746096,"ifeval","""v0.1.0""","instruction_prompt","Expand the riddle into a story with a funny tone: What can you catch but not throw? A cold Use * to highlight at least 2 sections in your text. For example: *this is a highlighted text section*.",NA,NA,NA,"Expand the riddle into a story with a funny tone: What can you catch but not throw? A cold Use * to highlight at least 2 sections in your text. For example: *this is a highlighted text section*.",38,1,TRUE,FALSE,FALSE,FALSE,TRUE,FALSE,FALSE,FALSE,TRUE,"instruction/constraint following"
"ifeval_20260421T021146Z_368",0.89344262295082,1.50577175627713,0.870849214579345,0,0,"ifeval","""v0.1.0""","instruction_prompt","What are the components that make a successful person? After your response, please explicitly add a postscript starting with P.P.S Your entire response should be in English and in all capital letters.",NA,NA,NA,"What are the components that make a successful person? After your response, please explicitly add a postscript starting with P.P.S Your entire response should be in English and in all capital letters.",32,0,TRUE,FALSE,FALSE,FALSE,FALSE,FALSE,FALSE,FALSE,TRUE,"instruction/constraint following"
"ifeval_20260421T021146Z_369",0.950819672131147,1.6512106007069,0.178014823507089,0,0.0281901341407591,"ifeval","""v0.1.0""","instruction_prompt","Could you elaborate on the sentence ""A gymnast is in the air, performing a stunt.""? Please highlight at least 6 sections in your answer with markdown, i.e. *highlighted section*. Please write at least 300 words.",NA,NA,NA,"Could you elaborate on the sentence ""A gymnast is in the air, performing a stunt.""? Please highlight at least 6 sections in your answer with markdown, i.e. *highlighted section*. Please write at least 300 words.",35,2,TRUE,FALSE,FALSE,TRUE,TRUE,FALSE,FALSE,FALSE,TRUE,"instruction/constraint following"
"ifeval_20260421T021146Z_37",0.819672131147541,1.0027830112775,0.551950897640226,0,0.359950474697412,"ifeval","""v0.1.0""","instruction_prompt","What sentiments existed in the Croatian and Serbian nations towards the Austrian Empire at the end of the 19th century? Make sure to wrap your entire response with double quotes and use at least 800 words.",NA,NA,NA,"What sentiments existed in the Croatian and Serbian nations towards the Austrian Empire at the end of the 19th century? Make sure to wrap your entire response with double quotes and use at least 800 words.",36,1,TRUE,FALSE,FALSE,FALSE,TRUE,FALSE,FALSE,FALSE,TRUE,"instruction/constraint following"
"ifeval_20260421T021146Z_370",0.942622950819672,1.57718012321926,0,0,0,"ifeval","""v0.1.0""","instruction_prompt","Create a dialogue between two people who are both trying to avoid using the letter t. But somehow they ended up using a lot of t in their dialogue. Break the dialogue into two scenes, separated by 6 asterisk symbols: ******. The letter t must appear at least 30 times in the dialogue you write.",NA,NA,NA,"Create a dialogue between two people who are both trying to avoid using the letter t. But somehow they ended up using a lot of t in their dialogue. Break the dialogue into two scenes, separated by 6 asterisk symbols: ******. The letter t must appear at least 30 times in the dialogue you write.",55,2,TRUE,FALSE,FALSE,TRUE,TRUE,FALSE,TRUE,FALSE,TRUE,"instruction/constraint following"
"ifeval_20260421T021146Z_371",0.713114754098361,0.405037732827818,0.909462521220425,0,0,"ifeval","""v0.1.0""","instruction_prompt","Write a rubric for rating how good a teenager's essay is. Give your final summary, following 6 asterisk symbols (******).",NA,NA,NA,"Write a rubric for rating how good a teenager's essay is. Give your final summary, following 6 asterisk symbols (******).",20,1,TRUE,FALSE,FALSE,FALSE,FALSE,FALSE,FALSE,FALSE,TRUE,"instruction/constraint following"
"ifeval_20260421T021146Z_372",0.959016393442623,1.78023394234928,0.00660152136883452,0,0.144520414687599,"ifeval","""v0.1.0""","instruction_prompt","Write a long and funny email to your friend about the ingredients of a good life that contains at least 20 sentences.",NA,NA,NA,"Write a long and funny email to your friend about the ingredients of a good life that contains at least 20 sentences.",22,1,TRUE,FALSE,FALSE,FALSE,TRUE,FALSE,FALSE,FALSE,TRUE,"instruction/constraint following"
"ifeval_20260421T021146Z_373",0.704918032786885,0.378510849125316,1.00456706338435,0,0.0920434160793417,"ifeval","""v0.1.0""","instruction_prompt","If a = 10, b = 30, and c = 20, what is the value of (a + b) / c? Give me the answer in exactly two paragraphs, separated with the markdown divider: ***",NA,NA,NA,"If a = 10, b = 30, and c = 20, what is the value of (a + b) / c? Give me the answer in exactly two paragraphs, separated with the markdown divider: ***",35,3,TRUE,FALSE,FALSE,TRUE,FALSE,FALSE,FALSE,FALSE,TRUE,"instruction/constraint following"
"ifeval_20260421T021146Z_374",0.762295081967213,0.722831845475591,0.723375424173597,0,0.274156543073445,"ifeval","""v0.1.0""","instruction_prompt","Write a joke about anarchists in Tulsa in 3 sections. Mark the beginning of each section with SECTION X.",NA,NA,NA,"Write a joke about anarchists in Tulsa in 3 sections. Mark the beginning of each section with SECTION X.",19,1,TRUE,FALSE,FALSE,FALSE,FALSE,FALSE,FALSE,FALSE,TRUE,"instruction/constraint following"
"ifeval_20260421T021146Z_375",0.860655737704918,1.04804192105183,0.255519520764349,0,0,"ifeval","""v0.1.0""","instruction_prompt","Write a text ad for an adult website that is not pornographic, and at the end of your response, add a postscript starting with P.S.",NA,NA,NA,"Write a text ad for an adult website that is not pornographic, and at the end of your response, add a postscript starting with P.S.",25,0,TRUE,FALSE,FALSE,FALSE,TRUE,FALSE,FALSE,FALSE,TRUE,"instruction/constraint following"
"ifeval_20260421T021146Z_376",0.631147540983607,0.0382742405405832,1.01789456814449,0,0.0199813567016096,"ifeval","""v0.1.0""","instruction_prompt","Write a funny poem for kids about a product that you would like to sell. The poem should have exactly 6 stanzas. Separated the stanzas using 3 asterisk markers: ***",NA,NA,NA,"Write a funny poem for kids about a product that you would like to sell. The poem should have exactly 6 stanzas. Separated the stanzas using 3 asterisk markers: ***",30,2,TRUE,FALSE,FALSE,TRUE,FALSE,FALSE,FALSE,FALSE,TRUE,"instruction/constraint following"
"ifeval_20260421T021146Z_378",0.860655737704918,1.26974774850348,0.902956221483834,0,0,"ifeval","""v0.1.0""","instruction_prompt","Write me a letter in the style of Shakespeare about the mandates and instructions of the King. The letter should be in Markdown and have a title wrapped in double angular brackets, i.e. <<title>>.",NA,NA,NA,"Write me a letter in the style of Shakespeare about the mandates and instructions of the King. The letter should be in Markdown and have a title wrapped in double angular brackets, i.e. <<title>>.",34,0,TRUE,FALSE,FALSE,TRUE,FALSE,FALSE,FALSE,FALSE,TRUE,"instruction/constraint following"
"ifeval_20260421T021146Z_379",0.90983606557377,1.32096285087749,0.256883767965433,0,-0.00741023148326614,"ifeval","""v0.1.0""","instruction_prompt","Rewrite the limerick in a strange way. In particular, the limerick is about nursery and storytelling. But do not mention nursery and storytelling in your entire response.",NA,NA,NA,"Rewrite the limerick in a strange way. In particular, the limerick is about nursery and storytelling. But do not mention nursery and storytelling in your entire response.",27,0,TRUE,FALSE,FALSE,FALSE,TRUE,FALSE,FALSE,FALSE,TRUE,"instruction/constraint following"
"ifeval_20260421T021146Z_38",0.836065573770492,1.02263980188622,0.76533975324001,0,0,"ifeval","""v0.1.0""","instruction_prompt","Write an ad copy for a new product, a digital photo frame that connects to your social media accounts and displays your photos. Respond with at most 150 words.",NA,NA,NA,"Write an ad copy for a new product, a digital photo frame that connects to your social media accounts and displays your photos. Respond with at most 150 words.",29,1,TRUE,FALSE,FALSE,FALSE,FALSE,FALSE,FALSE,FALSE,TRUE,"instruction/constraint following"
"ifeval_20260421T021146Z_380",0.901639344262295,1.37095847031087,0.572562448485193,0,0,"ifeval","""v0.1.0""","instruction_prompt","Write an elaborate compliment to Kruger in all lowercase letters and no capital letters. The word hughes should appear less than 2 times. Your response should be at least 100 words.",NA,NA,NA,"Write an elaborate compliment to Kruger in all lowercase letters and no capital letters. The word hughes should appear less than 2 times. Your response should be at least 100 words.",31,2,TRUE,FALSE,FALSE,TRUE,TRUE,FALSE,FALSE,FALSE,TRUE,"instruction/constraint following"
"ifeval_20260421T021146Z_381",0.868852459016393,1.25916957718314,0.804001926284101,0,0,"ifeval","""v0.1.0""","instruction_prompt","Write a copy for an ad selling a sloop. It's a small sailboat with one mast that's easy to sail and understand. Part of your answer should be in a table format and it must contain a title, wrapped in double angular brackets, such as <<sloop on sale>>.",NA,NA,NA,"Write a copy for an ad selling a sloop. It's a small sailboat with one mast that's easy to sail and understand. Part of your answer should be in a table format and it must contain a title, wrapped in double angular brackets, such as <<sloop on sale>>.",48,0,TRUE,FALSE,FALSE,TRUE,FALSE,FALSE,TRUE,FALSE,TRUE,"instruction/constraint following"
"ifeval_20260421T021146Z_382",0.704918032786885,0.346830158649454,1.14557616279902,0,0.0349730044673414,"ifeval","""v0.1.0""","instruction_prompt","Give 3 advice to teenagers who are struggling with their identity. Please use the exact format below: advice 1 .... *** advice 2 .... *** advice 3 ....",NA,NA,NA,"Give 3 advice to teenagers who are struggling with their identity. Please use the exact format below: advice 1 .... *** advice 2 .... *** advice 3 ....",28,4,TRUE,FALSE,FALSE,TRUE,FALSE,FALSE,FALSE,FALSE,TRUE,"instruction/constraint following"
"ifeval_20260421T021146Z_383",0.754098360655738,0.631203015221544,1.23172938561127,0,0,"ifeval","""v0.1.0""","instruction_prompt","Why do you think Google engineers stay at Google more often than moving to Microsoft? Explain it in the style of Alex Jones and wrap your entire response inside double quotation marks.",NA,NA,NA,"Why do you think Google engineers stay at Google more often than moving to Microsoft? Explain it in the style of Alex Jones and wrap your entire response inside double quotation marks.",32,0,TRUE,FALSE,FALSE,FALSE,FALSE,FALSE,FALSE,FALSE,TRUE,"instruction/constraint following"
"ifeval_20260421T021146Z_385",0.713114754098361,0.361994076468142,1.24768758495647,0,0,"ifeval","""v0.1.0""","instruction_prompt","What are the common signs and symptoms of abdominal and pelvic dissemination of ovarian cancer? Please answer in lower case letters. The answer should be 600+ words long and be wrapped with double quotation marks.",NA,NA,NA,"What are the common signs and symptoms of abdominal and pelvic dissemination of ovarian cancer? Please answer in lower case letters. The answer should be 600+ words long and be wrapped with double quotation marks.",35,1,TRUE,FALSE,FALSE,FALSE,FALSE,FALSE,FALSE,FALSE,TRUE,"instruction/constraint following"
"ifeval_20260421T021146Z_387",0.622950819672131,0.261139891008675,0.237250738585876,0,0.211694468457926,"ifeval","""v0.1.0""","instruction_prompt","Explain to me how to ride a bike like I am a kid. Also, do not include the keywords ""slow"", ""like"" and ""kid"".",NA,NA,NA,"Explain to me how to ride a bike like I am a kid. Also, do not include the keywords ""slow"", ""like"" and ""kid"".",23,0,TRUE,FALSE,FALSE,FALSE,TRUE,FALSE,FALSE,FALSE,TRUE,"instruction/constraint following"
"ifeval_20260421T021146Z_389",0.860655737704918,1.1444950098476,0.699041561123939,0,0,"ifeval","""v0.1.0""","instruction_prompt","Write a JSON schema for a beta cruiser that includes at least one placeholder represented by square brackets. The response must be in English and all lowercase letters.",NA,NA,NA,"Write a JSON schema for a beta cruiser that includes at least one placeholder represented by square brackets. The response must be in English and all lowercase letters.",28,0,TRUE,FALSE,FALSE,FALSE,TRUE,FALSE,FALSE,FALSE,TRUE,"instruction/constraint following"
"ifeval_20260421T021146Z_39",0.737704918032787,0.626456971879392,0.851347685193043,0,0.26001088013879,"ifeval","""v0.1.0""","instruction_prompt","Which one is a better brand for sneakers: Prada or Nike? Your entire response should be in English, and in all capital letters. At the end of your response, please explicitly add a postscript starting with P.S. The word sneaker should appear 10 or more times in your response.",NA,NA,NA,"Which one is a better brand for sneakers: Prada or Nike? Your entire response should be in English, and in all capital letters. At the end of your response, please explicitly add a postscript starting with P.S. The word sneaker should appear 10 or more times in your response.",49,1,TRUE,FALSE,FALSE,FALSE,FALSE,FALSE,TRUE,FALSE,TRUE,"instruction/constraint following"
"ifeval_20260421T021146Z_390",0.852459016393443,1.1263292463071,0.774596839984313,0,0,"ifeval","""v0.1.0""","instruction_prompt","Write a creative and persuasive startup pitch for a business that helps people with chronic illnesses find and manage in-home care. Your pitch should be less than 7 sentences and contain exactly 1 bullet point in markdown.",NA,NA,NA,"Write a creative and persuasive startup pitch for a business that helps people with chronic illnesses find and manage in-home care. Your pitch should be less than 7 sentences and contain exactly 1 bullet point in markdown.",37,2,TRUE,FALSE,FALSE,TRUE,FALSE,FALSE,FALSE,FALSE,TRUE,"instruction/constraint following"
"ifeval_20260421T021146Z_391",0.729508196721312,0.492586637528597,1.25529806019328,0,0,"ifeval","""v0.1.0""","instruction_prompt","Write a poem about the top 20 tallest buildings in the world and their heights. End your response with the exact question: Is there anything else I can help with?",NA,NA,NA,"Write a poem about the top 20 tallest buildings in the world and their heights. End your response with the exact question: Is there anything else I can help with?",30,1,TRUE,FALSE,FALSE,FALSE,FALSE,FALSE,FALSE,FALSE,TRUE,"instruction/constraint following"
"ifeval_20260421T021146Z_392",0.877049180327869,1.36521455533594,0.858656545917192,0,0,"ifeval","""v0.1.0""","instruction_prompt","Please write a riddle about the inverse function with a title wrapped in double angular brackets, i.e. <<title>>.",NA,NA,NA,"Please write a riddle about the inverse function with a title wrapped in double angular brackets, i.e. <<title>>.",18,0,TRUE,FALSE,FALSE,TRUE,FALSE,TRUE,FALSE,FALSE,TRUE,"instruction/constraint following"
"ifeval_20260421T021146Z_394",0.516393442622951,-0.236391443816053,0.754193183091533,0.157252002727828,0,"ifeval","""v0.1.0""","instruction_prompt","Can you create an itinerary for a 5 day trip to switzerland that includes exactly 3 bullet points in markdown format, in all lowercase letters, and a postscript at the end starting with P.S.?",NA,NA,NA,"Can you create an itinerary for a 5 day trip to switzerland that includes exactly 3 bullet points in markdown format, in all lowercase letters, and a postscript at the end starting with P.S.?",34,2,TRUE,FALSE,FALSE,TRUE,FALSE,FALSE,FALSE,FALSE,TRUE,"instruction/constraint following"
"ifeval_20260421T021146Z_395",0.663934426229508,0.304717850129533,0.450274900633553,0,0,"ifeval","""v0.1.0""","instruction_prompt","Write a rap about the renaissance. It should be noticeably different from raps about other historical eras, and have an interesting or weird tone. Highlight at least 3 sections in your answer in markdown format.",NA,NA,NA,"Write a rap about the renaissance. It should be noticeably different from raps about other historical eras, and have an interesting or weird tone. Highlight at least 3 sections in your answer in markdown format.",35,1,TRUE,FALSE,FALSE,FALSE,TRUE,FALSE,FALSE,FALSE,TRUE,"instruction/constraint following"
"ifeval_20260421T021146Z_396",0.680327868852459,0.245589197896973,1.0091313314748,0,0,"ifeval","""v0.1.0""","instruction_prompt","How are you doing today? Could you write me exactly 4 paragraphs each separated by two new lines? Please start the first paragraph with the word ""firms"".",NA,NA,NA,"How are you doing today? Could you write me exactly 4 paragraphs each separated by two new lines? Please start the first paragraph with the word ""firms"".",27,1,TRUE,FALSE,FALSE,FALSE,FALSE,FALSE,FALSE,FALSE,TRUE,"instruction/constraint following"
"ifeval_20260421T021146Z_397",0.631147540983607,-0.00437888450081185,1.12207433958488,0,0,"ifeval","""v0.1.0""","instruction_prompt","Write a funny letter to 6th graders at your school in list format. The letter should be about something important to you and you should end your entire response with the phrase ""Is there anything else I can help with?""",NA,NA,NA,"Write a funny letter to 6th graders at your school in list format. The letter should be about something important to you and you should end your entire response with the phrase ""Is there anything else I can help with?""",40,0,TRUE,FALSE,FALSE,FALSE,FALSE,FALSE,FALSE,FALSE,TRUE,"instruction/constraint following"
"ifeval_20260421T021146Z_398",0.401639344262295,-0.435471536485602,0.331154371014993,-0.00548351243141659,0.479463621985078,"ifeval","""v0.1.0""","instruction_prompt","Can you re-create a story from a fictional newspaper with title: ""A man mysteriously died in his house, and police are investigating""? Please include a critique of the story and use the style of a President of the United States. Do not mention the keywords ""story"", ""killer"", ""dead"", ""found"", ""law"", ""room"", ""kill"", ""result"", ""use"", ""approach"", ""people"", ""president"".",NA,NA,NA,"Can you re-create a story from a fictional newspaper with title: ""A man mysteriously died in his house, and police are investigating""? Please include a critique of the story and use the style of a President of the United States. Do not mention the keywords ""story"", ""killer"", ""dead"", ""found"", ""law"", ""room"", ""kill"", ""result"", ""use"", ""approach"", ""people"", ""pres",57,0,TRUE,FALSE,FALSE,FALSE,TRUE,FALSE,TRUE,FALSE,TRUE,"instruction/constraint following"
"ifeval_20260421T021146Z_399",0.778688524590164,0.923268947900004,0.943829765063639,0,0.397720622066725,"ifeval","""v0.1.0""","instruction_prompt","Write a weird and short haiku about the state of Gujarat in India. Don't use any commas in your entire response. End your response with the EXACT phrase of ""in India.""",NA,NA,NA,"Write a weird and short haiku about the state of Gujarat in India. Don't use any commas in your entire response. End your response with the EXACT phrase of ""in India.""",31,0,TRUE,FALSE,FALSE,FALSE,FALSE,FALSE,FALSE,FALSE,TRUE,"instruction/constraint following"
"ifeval_20260421T021146Z_4",0.819672131147541,1.08394522058579,1.13840974876836,0,0,"ifeval","""v0.1.0""","instruction_prompt","Given the sentence ""Two young boys with toy guns and horns."" can you ask a question? Please ensure that your response is in English, and in all lowercase letters. No capital letters are allowed.",NA,NA,NA,"Given the sentence ""Two young boys with toy guns and horns."" can you ask a question? Please ensure that your response is in English, and in all lowercase letters. No capital letters are allowed.",34,0,TRUE,FALSE,FALSE,FALSE,FALSE,FALSE,FALSE,FALSE,TRUE,"instruction/constraint following"
"ifeval_20260421T021146Z_40",0.704918032786885,0.341519018788192,1.13656970394977,0,0,"ifeval","""v0.1.0""","instruction_prompt","Write a blog post about the history of the internet and how it has impacted our lives. Aim the blog post at teenagers and wrap your entire response with double quotation marks.",NA,NA,NA,"Write a blog post about the history of the internet and how it has impacted our lives. Aim the blog post at teenagers and wrap your entire response with double quotation marks.",32,0,TRUE,FALSE,FALSE,FALSE,FALSE,FALSE,FALSE,FALSE,TRUE,"instruction/constraint following"
"ifeval_20260421T021146Z_400",0.778688524590164,0.76710721404069,0.87132289208524,0,0.115029821895673,"ifeval","""v0.1.0""","instruction_prompt","Write a story about a cat who lost its family. Make sure to italicize at least 8 text sections in markdown format, for example: *italic text*. The number of sentences in your response should be in the range of 40 to 60.",NA,NA,NA,"Write a story about a cat who lost its family. Make sure to italicize at least 8 text sections in markdown format, for example: *italic text*. The number of sentences in your response should be in the range of 40 to 60.",42,3,TRUE,FALSE,FALSE,TRUE,TRUE,FALSE,TRUE,FALSE,TRUE,"instruction/constraint following"
"ifeval_20260421T021146Z_401",0.868852459016393,1.32446866034954,0.907213941265988,0,0,"ifeval","""v0.1.0""","instruction_prompt","Write a quiz about bits that includes the word elephant at least 3 times.",NA,NA,NA,"Write a quiz about bits that includes the word elephant at least 3 times.",14,1,TRUE,FALSE,FALSE,FALSE,TRUE,FALSE,FALSE,FALSE,TRUE,"instruction/constraint following"
"ifeval_20260421T021146Z_402",0.581967213114754,-0.0297889708772261,0.775265809612578,0,0.442304313279286,"ifeval","""v0.1.0""","instruction_prompt","Write a blog post about 'how to improve your writing skills' with exactly 3 bullet points in markdown format, and exactly 4 sections. Bullet points are indicated by ""* "". For example: * Bullet 1 * Bullet 2 Sections are separated by 3 asterisks: ***. For example: Section 1 *** Section 2 You should use words with all capital letters for at least 2 times.",NA,NA,NA,"Write a blog post about 'how to improve your writing skills' with exactly 3 bullet points in markdown format, and exactly 4 sections. Bullet points are indicated by ""* "". For example: * Bullet 1 * Bullet 2 Sections are separated by 3 asterisks: ***. For example: Section 1 *** Section 2 You should use words with all capital letters for at least 2 times.",65,8,TRUE,FALSE,FALSE,TRUE,TRUE,FALSE,TRUE,FALSE,TRUE,"instruction/constraint following"
"ifeval_20260421T021146Z_403",0.778688524590164,0.723854276369145,0.850658856133383,0,0,"ifeval","""v0.1.0""","instruction_prompt","Write a short fiction about adulthood. Make sure the word cousins appears more than 2 times.",NA,NA,NA,"Write a short fiction about adulthood. Make sure the word cousins appears more than 2 times.",16,1,TRUE,FALSE,FALSE,FALSE,FALSE,FALSE,FALSE,FALSE,TRUE,"instruction/constraint following"
"ifeval_20260421T021146Z_404",0.729508196721312,0.495858689848685,0.921460118489686,0.0535805043050571,0,"ifeval","""v0.1.0""","instruction_prompt","Can you think of a good question to ask during the first time meeting a Gujarati? Your entire response should be in Gujarati, no other language is allowed.",NA,NA,NA,"Can you think of a good question to ask during the first time meeting a Gujarati? Your entire response should be in Gujarati, no other language is allowed.",28,0,TRUE,FALSE,FALSE,FALSE,FALSE,FALSE,FALSE,FALSE,TRUE,"instruction/constraint following"
"ifeval_20260421T021146Z_405",0.811475409836066,0.994929833253198,0.541900508406562,0,0.427601281375201,"ifeval","""v0.1.0""","instruction_prompt","You visited a beach and a park. Which one is more likely to have a dog in it? Write at least 900 words. Do not include the words 'bark' or 'run' in your answer. Finish your response with the phrase ""Does this make sense?""",NA,NA,NA,"You visited a beach and a park. Which one is more likely to have a dog in it? Write at least 900 words. Do not include the words 'bark' or 'run' in your answer. Finish your response with the phrase ""Does this make sense?""",44,1,TRUE,FALSE,FALSE,FALSE,TRUE,FALSE,TRUE,FALSE,TRUE,"instruction/constraint following"
"ifeval_20260421T021146Z_406",0.844262295081967,1.25917174657282,1.0062929703103,0,0.108917766185539,"ifeval","""v0.1.0""","instruction_prompt","Write an article named ""How to conduct a job interview"". Include at least one placeholder, such as [question].",NA,NA,NA,"Write an article named ""How to conduct a job interview"". Include at least one placeholder, such as [question].",18,0,TRUE,FALSE,FALSE,FALSE,TRUE,FALSE,FALSE,FALSE,TRUE,"instruction/constraint following"
"ifeval_20260421T021146Z_407",0.360655737704918,-0.234461719934657,0,1.39739312198106,0,"ifeval","""v0.1.0""","instruction_prompt","Write an angry letter complaining about the food served today, using only Hindi, no other language is allowed.",NA,NA,NA,"Write an angry letter complaining about the food served today, using only Hindi, no other language is allowed.",18,0,TRUE,FALSE,FALSE,FALSE,FALSE,FALSE,FALSE,FALSE,TRUE,"instruction/constraint following"
"ifeval_20260421T021146Z_408",0.901639344262295,1.59874382035514,0.889208977045208,0,0,"ifeval","""v0.1.0""","instruction_prompt","Write a blog post about the echoing biotechnology field in 2023, then criticize the blog post. Your answer must contain a title, wrapped in double angular brackets, such as <<blog post of ...>>. Also, add a postscript starting with P.S.",NA,NA,NA,"Write a blog post about the echoing biotechnology field in 2023, then criticize the blog post. Your answer must contain a title, wrapped in double angular brackets, such as <<blog post of ...>>. Also, add a postscript starting with P.S.",40,1,TRUE,FALSE,FALSE,TRUE,FALSE,FALSE,FALSE,FALSE,TRUE,"instruction/constraint following"
"ifeval_20260421T021146Z_409",0.319672131147541,-0.512415590877318,0,1.6457015564614,0,"ifeval","""v0.1.0""","instruction_prompt","What's the difference between a 2-stroke and a 4-stroke motor? Your entire response must be in English and contain only lowercase letters.",NA,NA,NA,"What's the difference between a 2-stroke and a 4-stroke motor? Your entire response must be in English and contain only lowercase letters.",22,2,TRUE,FALSE,FALSE,TRUE,FALSE,FALSE,FALSE,FALSE,TRUE,"instruction/constraint following"
"ifeval_20260421T021146Z_41",0.729508196721312,0.486527698994736,1.21723185623328,0,0,"ifeval","""v0.1.0""","instruction_prompt","Write a poem about two people who meet in a coffee shop and end your entire response with the exact phrase ""Is there anything else I can help with?""",NA,NA,NA,"Write a poem about two people who meet in a coffee shop and end your entire response with the exact phrase ""Is there anything else I can help with?""",29,0,TRUE,FALSE,FALSE,FALSE,FALSE,FALSE,FALSE,FALSE,TRUE,"instruction/constraint following"
"ifeval_20260421T021146Z_410",0.795081967213115,0.809902107830514,0.468232087587323,0,0.175096824160891,"ifeval","""v0.1.0""","instruction_prompt","I have been trying to get a refund for a product I bought online, but the company is refusing to return my money. Can you help me write a letter to them? I want the letter to include the words trust, brand, customer, law, policy, and unusable.",NA,NA,NA,"I have been trying to get a refund for a product I bought online, but the company is refusing to return my money. Can you help me write a letter to them? I want the letter to include the words trust, brand, customer, law, policy, and unusable.",47,0,TRUE,FALSE,FALSE,FALSE,FALSE,FALSE,TRUE,FALSE,TRUE,"instruction/constraint following"
"ifeval_20260421T021146Z_411",0.934426229508197,1.50542001645379,0.267309137624626,0,-0.0165754114239531,"ifeval","""v0.1.0""","instruction_prompt","What are the steps to be followed for the documentation of a GM in SAP? Just list the steps without saying the word steps or step.",NA,NA,NA,"What are the steps to be followed for the documentation of a GM in SAP? Just list the steps without saying the word steps or step.",26,0,TRUE,FALSE,FALSE,FALSE,FALSE,FALSE,FALSE,FALSE,TRUE,"instruction/constraint following"
"ifeval_20260421T021146Z_412",0.245901639344262,-0.896163501482618,0,1.13033923721626,-0.0622932580372867,"ifeval","""v0.1.0""","instruction_prompt","Write an article about how intra-team conflict affected sports teams. Write in a crazy coach screaming style. Use all capital letters to express the craziness. Basically, not a single word in your entire reply should contain lowercase letters.",NA,NA,NA,"Write an article about how intra-team conflict affected sports teams. Write in a crazy coach screaming style. Use all capital letters to express the craziness. Basically, not a single word in your entire reply should contain lowercase letters.",38,0,TRUE,FALSE,FALSE,FALSE,TRUE,FALSE,FALSE,FALSE,TRUE,"instruction/constraint following"
"ifeval_20260421T021146Z_413",0.868852459016393,1.16820801051263,0.300182522512991,0,0.243890552238687,"ifeval","""v0.1.0""","instruction_prompt","Pretend that you are a fortune teller who has just been arrested and is being interrogated by the police. Tell them that you can really read into the future. 1. Please use words with all capital letters to make important claims. But words with capital letters should appear less than 4 times. 2. The word 'future' should appear at most once.",NA,NA,NA,"Pretend that you are a fortune teller who has just been arrested and is being interrogated by the police. Tell them that you can really read into the future. 1. Please use words with all capital letters to make important claims. But words with capital letters should appear less than 4 times. 2. The word 'future' should appear at most once.",61,3,TRUE,FALSE,FALSE,TRUE,FALSE,FALSE,TRUE,FALSE,TRUE,"instruction/constraint following"
"ifeval_20260421T021146Z_414",0.770491803278688,0.756393528847737,0.770687177700737,0.124029455344016,0.0871772367650223,"ifeval","""v0.1.0""","instruction_prompt","Could you give me 3 possible elaborations in only the Telugu language, no other language is allowed, for the text ""We are a team of creators""? Please explain why you chose each of them. Make sure your explanations are also in the Telugu language. Basically your entire response should be in Telugu.",NA,NA,NA,"Could you give me 3 possible elaborations in only the Telugu language, no other language is allowed, for the text ""We are a team of creators""? Please explain why you chose each of them. Make sure your explanations are also in the Telugu language. Basically your entire response should be in Telugu.",52,1,TRUE,FALSE,FALSE,FALSE,FALSE,FALSE,TRUE,FALSE,TRUE,"instruction/constraint following"
"ifeval_20260421T021146Z_415",0.827868852459016,0.916057946513779,0.354761605888527,0.0424928738820979,0,"ifeval","""v0.1.0""","instruction_prompt","Write a haiku in Italian about a yacht, no other language is allowed. Make sure the letter n appears at least four times and avoid using commas.",NA,NA,NA,"Write a haiku in Italian about a yacht, no other language is allowed. Make sure the letter n appears at least four times and avoid using commas.",27,0,TRUE,FALSE,FALSE,FALSE,TRUE,FALSE,FALSE,FALSE,TRUE,"instruction/constraint following"
"ifeval_20260421T021146Z_416",0.598360655737705,-0.211457217518535,1.29986770571968,0,0.0739730146570368,"ifeval","""v0.1.0""","instruction_prompt","Write a cover letter for a job and end with exactly ""Call me at 631-481-4867"" No other words should follow that phrase.",NA,NA,NA,"Write a cover letter for a job and end with exactly ""Call me at 631-481-4867"" No other words should follow that phrase.",22,3,TRUE,FALSE,FALSE,TRUE,FALSE,FALSE,FALSE,FALSE,TRUE,"instruction/constraint following"
"ifeval_20260421T021146Z_417",0.770491803278688,0.922422301658762,0.897132254495396,0,0.57285820111106,"ifeval","""v0.1.0""","instruction_prompt","Write a limerick about writing a limerick. Don't use any commas in your entire reply.",NA,NA,NA,"Write a limerick about writing a limerick. Don't use any commas in your entire reply.",15,0,TRUE,FALSE,FALSE,FALSE,FALSE,FALSE,FALSE,FALSE,TRUE,"instruction/constraint following"
"ifeval_20260421T021146Z_418",0.721311475409836,0.456941619773887,1.05592364746973,0,0,"ifeval","""v0.1.0""","instruction_prompt","May name is Naomi. Write a blog post in my name for the canucks hockey team about why they need to be more mindful about their environments. End the blog post with ""Naomi thanks you for reading."" No other words should follow this phrase. This phrase should be the very end of your entire response.",NA,NA,NA,"May name is Naomi. Write a blog post in my name for the canucks hockey team about why they need to be more mindful about their environments. End the blog post with ""Naomi thanks you for reading."" No other words should follow this phrase. This phrase should be the very end of your entire response.",55,0,TRUE,FALSE,FALSE,FALSE,FALSE,FALSE,TRUE,FALSE,TRUE,"instruction/constraint following"
"ifeval_20260421T021146Z_419",0.770491803278688,0.85188709062969,0.862659034631775,0,0.412761451606973,"ifeval","""v0.1.0""","instruction_prompt","Write an essay about the reasons why slavery was abolished in the United States as if you are the president of the United States. Do not use any commas in your response. Your response should be in English, and in all capital letters.",NA,NA,NA,"Write an essay about the reasons why slavery was abolished in the United States as if you are the president of the United States. Do not use any commas in your response. Your response should be in English, and in all capital letters.",43,0,TRUE,FALSE,FALSE,FALSE,TRUE,FALSE,TRUE,FALSE,TRUE,"instruction/constraint following"
"ifeval_20260421T021146Z_42",0.819672131147541,1.05348628937039,1.04858716247326,0,0,"ifeval","""v0.1.0""","instruction_prompt","How many feet off the ground was the tallest skyscraper in the world in 2000? Please include only the main points in your answer. Finish your response with the exact phrase of ""Is there anything else I can help with?"" with no other words after the word ""with"". Mention the word ""skyscraper"" for at least 8 times.",NA,NA,NA,"How many feet off the ground was the tallest skyscraper in the world in 2000? Please include only the main points in your answer. Finish your response with the exact phrase of ""Is there anything else I can help with?"" with no other words after the word ""with"". Mention the word ""skyscraper"" for at least 8 times.",57,2,TRUE,FALSE,FALSE,TRUE,TRUE,FALSE,TRUE,FALSE,TRUE,"instruction/constraint following"
"ifeval_20260421T021146Z_420",0.680327868852459,0.219016238285466,1.11127653079949,0,0,"ifeval","""v0.1.0""","instruction_prompt","Compose a startup pitch on a new app called Tipperary that helps people to find the average tip size for each restaurant. Please make the response strongly structured. Wrap your entire output in JSON format.",NA,NA,NA,"Compose a startup pitch on a new app called Tipperary that helps people to find the average tip size for each restaurant. Please make the response strongly structured. Wrap your entire output in JSON format.",35,0,TRUE,FALSE,FALSE,FALSE,FALSE,FALSE,FALSE,FALSE,TRUE,"instruction/constraint following"
"ifeval_20260421T021146Z_421",0.786885245901639,0.848569638911681,1.21598684250205,0,0,"ifeval","""v0.1.0""","instruction_prompt","Who is Joe Biden and Donald Trump's national security advisors? Responses should be separated by 6 asterisk symbols (******). In other words, your output should look like: [Joe Biden's national security advisors is ....] ****** [Donald Trump's national security advisors is ....]",NA,NA,NA,"Who is Joe Biden and Donald Trump's national security advisors? Responses should be separated by 6 asterisk symbols (******). In other words, your output should look like: [Joe Biden's national security advisors is ....] ****** [Donald Trump's national security advisors is ....]",42,1,TRUE,FALSE,FALSE,FALSE,FALSE,FALSE,TRUE,FALSE,TRUE,"instruction/constraint following"
"ifeval_20260421T021146Z_422",0.844262295081967,1.06964678025473,0.539599741529743,0,0.200988775554081,"ifeval","""v0.1.0""","instruction_prompt","Plan a 2 week Europe trip and visit London, Paris, and Rome. Answer in all caps. The response must contain at least 8 placeholders (i.e., [restaurant]).",NA,NA,NA,"Plan a 2 week Europe trip and visit London, Paris, and Rome. Answer in all caps. The response must contain at least 8 placeholders (i.e., [restaurant]).",26,2,TRUE,FALSE,FALSE,TRUE,TRUE,FALSE,FALSE,FALSE,TRUE,"instruction/constraint following"
"ifeval_20260421T021146Z_423",0.557377049180328,-0.164354723537974,0.836233650066555,0.0319530285996812,0,"ifeval","""v0.1.0""","instruction_prompt","List all facts about Lionel Messi in a structured output. In particular, Format your entire output in JSON.",NA,NA,NA,"List all facts about Lionel Messi in a structured output. In particular, Format your entire output in JSON.",18,0,TRUE,FALSE,FALSE,FALSE,FALSE,FALSE,FALSE,FALSE,TRUE,"instruction/constraint following"
"ifeval_20260421T021146Z_424",0.704918032786885,0.435981488581541,1.10965466777776,0,0.252257896997961,"ifeval","""v0.1.0""","instruction_prompt","Write an interesting riddle that uses math notation. First repeat the request word for word without change, then give your answer. Do not say any word before repeating the request.",NA,NA,NA,"Write an interesting riddle that uses math notation. First repeat the request word for word without change, then give your answer. Do not say any word before repeating the request.",30,0,TRUE,FALSE,FALSE,FALSE,TRUE,FALSE,FALSE,FALSE,TRUE,"instruction/constraint following"
"ifeval_20260421T021146Z_425",0.352459016393443,-0.258670034216862,0,1.51694438188591,0,"ifeval","""v0.1.0""","instruction_prompt","Rewrite and expand the following in Arabic. You can hallucinate a lot of details. ""The company is looking to expand its operations into new markets. It will create hundreds of jobs this year."" Outside of Arabic, no other language is allowed throughout your entire response.",NA,NA,NA,"Rewrite and expand the following in Arabic. You can hallucinate a lot of details. ""The company is looking to expand its operations into new markets. It will create hundreds of jobs this year."" Outside of Arabic, no other language is allowed throughout your entire response.",45,0,TRUE,FALSE,FALSE,FALSE,FALSE,FALSE,TRUE,FALSE,TRUE,"instruction/constraint following"
"ifeval_20260421T021146Z_426",0.967213114754098,1.84797431435872,0.196781581808643,0,0,"ifeval","""v0.1.0""","instruction_prompt","Write a funny, 150+ word ad for an attorney who helps poor people with their divorces. Highlight at least 3 text sections by italicize them with markdown (i.e. *highlighted section*).",NA,NA,NA,"Write a funny, 150+ word ad for an attorney who helps poor people with their divorces. Highlight at least 3 text sections by italicize them with markdown (i.e. *highlighted section*).",30,2,TRUE,FALSE,FALSE,TRUE,TRUE,FALSE,FALSE,FALSE,TRUE,"instruction/constraint following"
"ifeval_20260421T021146Z_427",0.860655737704918,1.30091034943736,0.668214603999197,0,0.35225695904135,"ifeval","""v0.1.0""","instruction_prompt","Write an article with title ""Layton is the best city in the world"" Your output must not contain any commas and must have at least 2 placeholders, wrapped in square brackets, such as [author].",NA,NA,NA,"Write an article with title ""Layton is the best city in the world"" Your output must not contain any commas and must have at least 2 placeholders, wrapped in square brackets, such as [author].",34,1,TRUE,FALSE,FALSE,FALSE,TRUE,FALSE,FALSE,FALSE,TRUE,"instruction/constraint following"
"ifeval_20260421T021146Z_428",0.89344262295082,1.50949250871138,0.877818653738048,0,0,"ifeval","""v0.1.0""","instruction_prompt","Write a poem about a curious cat. The poem must have a title wrapped in double angular brackets, i.e. <<title>>, contain less than 13 sentences, and no commas. Don't forget to add other punctuations.",NA,NA,NA,"Write a poem about a curious cat. The poem must have a title wrapped in double angular brackets, i.e. <<title>>, contain less than 13 sentences, and no commas. Don't forget to add other punctuations.",34,1,TRUE,FALSE,FALSE,TRUE,FALSE,FALSE,FALSE,FALSE,TRUE,"instruction/constraint following"
"ifeval_20260421T021146Z_43",0.729508196721312,0.509000213039676,0.784965983583473,0,0.0665161017537184,"ifeval","""v0.1.0""","instruction_prompt","Write an advertisement for a new line of comfortable armchairs designed to withstand the scrutiny of any interior designer. There should be exactly 3 paragraphs separated by the markdown divider: ***.",NA,NA,NA,"Write an advertisement for a new line of comfortable armchairs designed to withstand the scrutiny of any interior designer. There should be exactly 3 paragraphs separated by the markdown divider: ***.",31,1,TRUE,FALSE,FALSE,FALSE,FALSE,FALSE,FALSE,FALSE,TRUE,"instruction/constraint following"
"ifeval_20260421T021146Z_430",0.844262295081967,1.14724569744736,0.871605046210288,0,0.0307245486810177,"ifeval","""v0.1.0""","instruction_prompt","Suggest two names for a new type of tonic. Include the keyword ""brand"" each time, followed by suggested name in double angular brackets, such as <<American Tonic>>. First repeat the request above word for word without change, then give your answer. Do not say any words or characters before repeating the request.",NA,NA,NA,"Suggest two names for a new type of tonic. Include the keyword ""brand"" each time, followed by suggested name in double angular brackets, such as <<American Tonic>>. First repeat the request above word for word without change, then give your answer. Do not say any words or characters before repeating the request.",52,0,TRUE,FALSE,FALSE,TRUE,TRUE,FALSE,TRUE,FALSE,TRUE,"instruction/constraint following"
"ifeval_20260421T021146Z_431",0.721311475409836,0.506851674197483,1.1210490163518,0.188757164577895,0.056240117733724,"ifeval","""v0.1.0""","instruction_prompt","Does the sentence ""He hurried through the archaic rooms of the museum"" have any grammatical errors? Answer in all capital letters, and organize your entire response in 5 or 6 sentences.",NA,NA,NA,"Does the sentence ""He hurried through the archaic rooms of the museum"" have any grammatical errors? Answer in all capital letters, and organize your entire response in 5 or 6 sentences.",31,2,TRUE,FALSE,FALSE,TRUE,FALSE,FALSE,FALSE,FALSE,TRUE,"instruction/constraint following"
"ifeval_20260421T021146Z_432",0.770491803278688,0.786178441650801,0.682783979115849,0,0.382514093086877,"ifeval","""v0.1.0""","instruction_prompt","What's the difference between the Apple and Albania? Answer in email format. Your response must contain at least six placeholders which should be represented by square brackets like [name].",NA,NA,NA,"What's the difference between the Apple and Albania? Answer in email format. Your response must contain at least six placeholders which should be represented by square brackets like [name].",29,0,TRUE,FALSE,FALSE,FALSE,TRUE,FALSE,FALSE,FALSE,TRUE,"instruction/constraint following"
"ifeval_20260421T021146Z_433",0.770491803278688,0.904622058699168,0.912308702816605,0,0.527889974874005,"ifeval","""v0.1.0""","instruction_prompt","Write cover letters for a job application. It is for an assistant professor position. Provide exactly two versions and separate them with six asterisk symbols: Cover letter version 1 ****** Cover letter version 2 Also, refrain from using commas in your response.",NA,NA,NA,"Write cover letters for a job application. It is for an assistant professor position. Provide exactly two versions and separate them with six asterisk symbols: Cover letter version 1 ****** Cover letter version 2 Also, refrain from using commas in your response.",42,2,TRUE,FALSE,FALSE,TRUE,FALSE,FALSE,TRUE,FALSE,TRUE,"instruction/constraint following"
"ifeval_20260421T021146Z_435",0.762295081967213,0.702691221833835,1.24719286257946,0,0,"ifeval","""v0.1.0""","instruction_prompt","Give me 5 Q and As, following the following format: "" Q & A # 1 *** Q & A # 2 *** Q & A # 3 *** Q & A # 4 *** Q & A # 5 "" Wrap your entire response with double quotation marks.",NA,NA,NA,"Give me 5 Q and As, following the following format: "" Q & A # 1 *** Q & A # 2 *** Q & A # 3 *** Q & A # 4 *** Q & A # 5 "" Wrap your entire response with double quotation marks.",49,6,TRUE,FALSE,FALSE,TRUE,FALSE,FALSE,TRUE,FALSE,TRUE,"instruction/constraint following"
"ifeval_20260421T021146Z_436",0.60655737704918,0.0170630251333843,0.912549429125214,0,0.415156795781279,"ifeval","""v0.1.0""","instruction_prompt","First repeat the request below word for word without change, then give your answer. Do not say any words or characters before repeating the request. Write an essay about how the current economic crisis is affecting the environment. In your essay, include the keywords: ""climate"", ""energy"", and ""green"". Make sure your entire response is in Hindi, no other language is allowed.",NA,NA,NA,"First repeat the request below word for word without change, then give your answer. Do not say any words or characters before repeating the request. Write an essay about how the current economic crisis is affecting the environment. In your essay, include the keywords: ""climate"", ""energy"", and ""green"". Make sure your entire response is in Hindi, no other lang",61,0,TRUE,FALSE,FALSE,FALSE,TRUE,FALSE,TRUE,FALSE,TRUE,"instruction/constraint following"
"ifeval_20260421T021146Z_437",0.926229508196721,1.55985065293364,0.281417871071648,0,0.267601912024298,"ifeval","""v0.1.0""","instruction_prompt","Write a song about a man who rents a room in a house with a bunch of other people, and he absolutely hated it. Your song should contain at least 10 words in all capital letters that are adjectives or verbs. Commas are not allowed in the song.",NA,NA,NA,"Write a song about a man who rents a room in a house with a bunch of other people, and he absolutely hated it. Your song should contain at least 10 words in all capital letters that are adjectives or verbs. Commas are not allowed in the song.",48,1,TRUE,FALSE,FALSE,FALSE,TRUE,FALSE,TRUE,FALSE,TRUE,"instruction/constraint following"
"ifeval_20260421T021146Z_438",0.811475409836066,0.888570151575772,0.607183389599205,0,0.115660672097987,"ifeval","""v0.1.0""","instruction_prompt","What is an SRE? Use only Korean in your response and provide a title wrapped in double angular brackets, such as <<SRE>>. Use the keywords 'indicator', 'objective' and 'management'.",NA,NA,NA,"What is an SRE? Use only Korean in your response and provide a title wrapped in double angular brackets, such as <<SRE>>. Use the keywords 'indicator', 'objective' and 'management'.",29,0,TRUE,FALSE,FALSE,TRUE,FALSE,FALSE,FALSE,FALSE,TRUE,"instruction/constraint following"
"ifeval_20260421T021146Z_439",0.934426229508197,1.69450115513015,0.183108996921432,0,0.382384029509645,"ifeval","""v0.1.0""","instruction_prompt","Students are travelling to UCI for 3 days. Create a hilarious itinerary for them. Do not use the word 'university'. Your entire response should have exactly 4 paragraphs. Separate paragraphs with the markdown divider: ***",NA,NA,NA,"Students are travelling to UCI for 3 days. Create a hilarious itinerary for them. Do not use the word 'university'. Your entire response should have exactly 4 paragraphs. Separate paragraphs with the markdown divider: ***",35,2,TRUE,FALSE,FALSE,TRUE,TRUE,FALSE,FALSE,FALSE,TRUE,"instruction/constraint following"
"ifeval_20260421T021146Z_44",0.975409836065574,2.02727036018152,0.287718741379503,0,0,"ifeval","""v0.1.0""","instruction_prompt","Write a funny post for teenagers about a restaurant called ""Buena Onda"" which serves Argentinian food. Highlight at least three sections of your response in markdown such as *highlighted section*. Mention ""Argentinian"" in the post.",NA,NA,NA,"Write a funny post for teenagers about a restaurant called ""Buena Onda"" which serves Argentinian food. Highlight at least three sections of your response in markdown such as *highlighted section*. Mention ""Argentinian"" in the post.",35,0,TRUE,FALSE,FALSE,FALSE,TRUE,FALSE,FALSE,FALSE,TRUE,"instruction/constraint following"
"ifeval_20260421T021146Z_440",0.729508196721312,0.500980540993975,0.758042822409667,0,0,"ifeval","""v0.1.0""","instruction_prompt","TLDR the article ""How to dress like a football manager: waistcoats and the style lessons from the Premier League"". Your entire response (including the repeated request) should have 45 or less words. First repeat the request above without changing a single letter, then give your answer.",NA,NA,NA,"TLDR the article ""How to dress like a football manager: waistcoats and the style lessons from the Premier League"". Your entire response (including the repeated request) should have 45 or less words. First repeat the request above without changing a single letter, then give your answer.",46,1,TRUE,FALSE,FALSE,FALSE,FALSE,FALSE,TRUE,FALSE,TRUE,"instruction/constraint following"
"ifeval_20260421T021146Z_441",0.852459016393443,1.13734696890119,0.748613939918412,0,0.0308478432167136,"ifeval","""v0.1.0""","instruction_prompt","Rewrite the sentence ""A bust of a man with a beard and mustache."" in a more sophisticated way. Do not use commas in your response.",NA,NA,NA,"Rewrite the sentence ""A bust of a man with a beard and mustache."" in a more sophisticated way. Do not use commas in your response.",25,0,TRUE,FALSE,FALSE,FALSE,TRUE,FALSE,FALSE,FALSE,TRUE,"instruction/constraint following"
"ifeval_20260421T021146Z_442",0.90983606557377,1.59477458396551,0.788119135202688,0,0,"ifeval","""v0.1.0""","instruction_prompt","Write two versions of itinerary for a 7 day trip to Hawaii, designed for college students. Separate the two versions with 6 asterisk symbols (******). Each version must have 7 sections. Mark the beginning of each section with Day X.",NA,NA,NA,"Write two versions of itinerary for a 7 day trip to Hawaii, designed for college students. Separate the two versions with 6 asterisk symbols (******). Each version must have 7 sections. Mark the beginning of each section with Day X.",40,3,TRUE,FALSE,FALSE,TRUE,FALSE,FALSE,FALSE,FALSE,TRUE,"instruction/constraint following"
"ifeval_20260421T021146Z_443",0.975409836065574,1.96702501229401,0,0,0,"ifeval","""v0.1.0""","instruction_prompt","Write a conversation between two people about the importance of education. Make sure the letter e appears at least 50 times and the word education doesn't appear at all.",NA,NA,NA,"Write a conversation between two people about the importance of education. Make sure the letter e appears at least 50 times and the word education doesn't appear at all.",29,1,TRUE,FALSE,FALSE,FALSE,TRUE,FALSE,FALSE,FALSE,TRUE,"instruction/constraint following"
"ifeval_20260421T021146Z_444",0.836065573770492,0.974338825945147,0.60666670081237,0,0,"ifeval","""v0.1.0""","instruction_prompt","Write an essay about a snowfall, but in the style of Alex Jones and include the line ""dammit"". The word ""fake"" should appear 6 or 7 times in your entire response.",NA,NA,NA,"Write an essay about a snowfall, but in the style of Alex Jones and include the line ""dammit"". The word ""fake"" should appear 6 or 7 times in your entire response.",31,2,TRUE,FALSE,FALSE,TRUE,FALSE,FALSE,FALSE,FALSE,TRUE,"instruction/constraint following"
"ifeval_20260421T021146Z_445",0.647540983606557,0.38018776233446,0.0557919697091473,0,0.247678950696387,"ifeval","""v0.1.0""","instruction_prompt","Hey! I need a rubric for evaluating the performance and price of a laptop. Can you create an example for me? Do not give me any bullet points, lists, or tables. Just write the rubric in plain English paragraphs. I'd like your response to be at least 30 sentences long.",NA,NA,NA,"Hey! I need a rubric for evaluating the performance and price of a laptop. Can you create an example for me? Do not give me any bullet points, lists, or tables. Just write the rubric in plain English paragraphs. I'd like your response to be at least 30 sentences long.",50,1,TRUE,FALSE,FALSE,FALSE,TRUE,FALSE,TRUE,FALSE,TRUE,"instruction/constraint following"
"ifeval_20260421T021146Z_446",0.80327868852459,0.871724244217124,0.900779393990618,0,0,"ifeval","""v0.1.0""","instruction_prompt","Hi, I'm looking for two Tamil movies to watch. Please recommend exactly two movies. Separated them by 6 asterisk symbols, like below: [Movie 1] [Description] ****** [Movie 2] [Description] Your entire response should be entirely in Tamil, no other language is allowed, and should not contain any commas.",NA,NA,NA,"Hi, I'm looking for two Tamil movies to watch. Please recommend exactly two movies. Separated them by 6 asterisk symbols, like below: [Movie 1] [Description] ****** [Movie 2] [Description] Your entire response should be entirely in Tamil, no other language is allowed, and should not contain any commas.",48,3,TRUE,FALSE,FALSE,TRUE,TRUE,FALSE,TRUE,FALSE,TRUE,"instruction/constraint following"
"ifeval_20260421T021146Z_447",0.836065573770492,1.12072884863869,0.952576948072569,0,0,"ifeval","""v0.1.0""","instruction_prompt","Create a slogan for my company and wrap your entire response with double quotation marks. My company's name is Color Paper. We produce paper towls. We focus on producing eye-catching, colorful paper towls. The slogan must include exactly 2 bullet points in markdown format, like below: "" Color Paper * Colorful! * Eye-catching! """,NA,NA,NA,"Create a slogan for my company and wrap your entire response with double quotation marks. My company's name is Color Paper. We produce paper towls. We focus on producing eye-catching, colorful paper towls. The slogan must include exactly 2 bullet points in markdown format, like below: "" Color Paper * Colorful! * Eye-catching! """,54,1,TRUE,FALSE,FALSE,FALSE,FALSE,FALSE,TRUE,FALSE,TRUE,"instruction/constraint following"
"ifeval_20260421T021146Z_449",0.885245901639344,1.3535853524343,0.536721576944609,0,0.260805911516097,"ifeval","""v0.1.0""","instruction_prompt","I need to write a research proposal for a project on the effects of social media on the mental health of teenagers. Please only write short sentences, and don't use any commas in your entire response. Include at least five placeholder represented by square brackets, such as [website].",NA,NA,NA,"I need to write a research proposal for a project on the effects of social media on the mental health of teenagers. Please only write short sentences, and don't use any commas in your entire response. Include at least five placeholder represented by square brackets, such as [website].",48,0,TRUE,FALSE,FALSE,FALSE,TRUE,FALSE,TRUE,FALSE,TRUE,"instruction/constraint following"
"ifeval_20260421T021146Z_45",0.868852459016393,1.29758986659753,0.859427931677762,0,0,"ifeval","""v0.1.0""","instruction_prompt","Can you give me a nickname for Stafford? Please use JSON format and do not say the word ""nickname"" in the response. Do not add anything outside of the JSON block.",NA,NA,NA,"Can you give me a nickname for Stafford? Please use JSON format and do not say the word ""nickname"" in the response. Do not add anything outside of the JSON block.",31,0,TRUE,FALSE,FALSE,FALSE,TRUE,FALSE,FALSE,FALSE,TRUE,"instruction/constraint following"
"ifeval_20260421T021146Z_450",0.852459016393443,1.1040920162051,0.714365428099225,-0.0171329136505758,0.0233395807186888,"ifeval","""v0.1.0""","instruction_prompt","Here is a social media post: ""My daughter graduated from college today! So proud of her!"" Can you make it more exciting? Please make sure to expand it into exactly 2 paragraphs. Separate paragraphs with the markdown divider: ***. Additionally, italicize at least 3 sections by starting and ending with single *, i.e. *italic text*.",NA,NA,NA,"Here is a social media post: ""My daughter graduated from college today! So proud of her!"" Can you make it more exciting? Please make sure to expand it into exactly 2 paragraphs. Separate paragraphs with the markdown divider: ***. Additionally, italicize at least 3 sections by starting and ending with single *, i.e. *italic text*.",55,2,TRUE,FALSE,FALSE,TRUE,TRUE,FALSE,TRUE,FALSE,TRUE,"instruction/constraint following"
"ifeval_20260421T021146Z_451",0.90983606557377,1.3724870858238,0.449914523250262,0,0,"ifeval","""v0.1.0""","instruction_prompt","Create an ad copy by expanding ""Get 40 miles per gallon on the highway"" in the form of a QA with a weird style. Your response should contain less than 8 sentences. Do not include keywords 'mileage' or 'fuel' in your response.",NA,NA,NA,"Create an ad copy by expanding ""Get 40 miles per gallon on the highway"" in the form of a QA with a weird style. Your response should contain less than 8 sentences. Do not include keywords 'mileage' or 'fuel' in your response.",42,2,TRUE,FALSE,FALSE,TRUE,TRUE,FALSE,TRUE,FALSE,TRUE,"instruction/constraint following"
"ifeval_20260421T021146Z_452",0.950819672131147,1.70072638778061,0.361788968454078,0,0,"ifeval","""v0.1.0""","instruction_prompt","Write two advertisements for a new product that is a healthy alternative to soda. One advertisement should be targeted to teenagers and the other should be targeted to professionals. Mark the beginning of each advertisement with Audience 1 and Audience 2, respectively. Double quotes should be placed around your entire response.",NA,NA,NA,"Write two advertisements for a new product that is a healthy alternative to soda. One advertisement should be targeted to teenagers and the other should be targeted to professionals. Mark the beginning of each advertisement with Audience 1 and Audience 2, respectively. Double quotes should be placed around your entire response.",51,2,TRUE,FALSE,FALSE,TRUE,FALSE,FALSE,TRUE,FALSE,TRUE,"instruction/constraint following"
"ifeval_20260421T021146Z_453",0.69672131147541,0.402083037983367,0.695473472753608,0,0.073493660692148,"ifeval","""v0.1.0""","instruction_prompt","Write a limerick about a customer who is always right. The word ""right"" should appear less than 2 times in the response. Before you give the limerick, just repeat the request above without any change, at the very beginning of your entire response.",NA,NA,NA,"Write a limerick about a customer who is always right. The word ""right"" should appear less than 2 times in the response. Before you give the limerick, just repeat the request above without any change, at the very beginning of your entire response.",43,1,TRUE,FALSE,FALSE,FALSE,FALSE,FALSE,TRUE,FALSE,TRUE,"instruction/constraint following"
"ifeval_20260421T021146Z_454",0.959016393442623,1.787258720834,0.155462957804968,0,0.141570606416458,"ifeval","""v0.1.0""","instruction_prompt","Write a riddle about a house that is not a house. Also include the answer. Your response must be at least 400 words and have a title wrapped in double angular brackets, like <<riddle>>.",NA,NA,NA,"Write a riddle about a house that is not a house. Also include the answer. Your response must be at least 400 words and have a title wrapped in double angular brackets, like <<riddle>>.",34,1,TRUE,FALSE,FALSE,TRUE,TRUE,FALSE,FALSE,FALSE,TRUE,"instruction/constraint following"
"ifeval_20260421T021146Z_455",0.762295081967213,0.63716663612768,0.718905790862481,0,0,"ifeval","""v0.1.0""","instruction_prompt","Is the following true? ""People use time to buy money."" Explain your answer in a way that makes it easy for kids to understand. Include the word ""farmer"". Exclude the words ""economy"", ""demand"" and ""supply"". First REPEAT the ENTIRE REQUEST ABOVE, word for word without change, then give your answer. Please do not say any words or characters before repeating the request.",NA,NA,NA,"Is the following true? ""People use time to buy money."" Explain your answer in a way that makes it easy for kids to understand. Include the word ""farmer"". Exclude the words ""economy"", ""demand"" and ""supply"". First REPEAT the ENTIRE REQUEST ABOVE, word for word without change, then give your answer. Please do not say any words or characters before repeating the",62,0,TRUE,FALSE,FALSE,FALSE,TRUE,FALSE,TRUE,FALSE,TRUE,"instruction/constraint following"
"ifeval_20260421T021146Z_456",0.885245901639344,1.34662746816607,0.620064008714141,0,0.151944350244635,"ifeval","""v0.1.0""","instruction_prompt","Write a riddle about embroidery that has the answer ""needle"". Include keywords 'afternoon' and 'distressed' in the response. Don't use any commas in your answer.",NA,NA,NA,"Write a riddle about embroidery that has the answer ""needle"". Include keywords 'afternoon' and 'distressed' in the response. Don't use any commas in your answer.",25,0,TRUE,FALSE,FALSE,FALSE,FALSE,FALSE,FALSE,FALSE,TRUE,"instruction/constraint following"
"ifeval_20260421T021146Z_457",0.885245901639344,1.36626504645108,0.712450553000254,0,0.0671717290235891,"ifeval","""v0.1.0""","instruction_prompt","create a job description for a clifford blu employee who works at the cash register, and also monitors the shelves for stock level. Use the keyword 'people' and 'skills'. use only lowercase letters.",NA,NA,NA,"create a job description for a clifford blu employee who works at the cash register, and also monitors the shelves for stock level. Use the keyword 'people' and 'skills'. use only lowercase letters.",33,0,TRUE,FALSE,FALSE,FALSE,FALSE,FALSE,FALSE,FALSE,TRUE,"instruction/constraint following"
"ifeval_20260421T021146Z_458",0.967213114754098,1.91363234079945,0.147318654584478,0,0.16478936729791,"ifeval","""v0.1.0""","instruction_prompt","Jennifer goes to the store to buy milk. She has 10 dollars in her pocket and milk costs 3 dollars per gallon. How many gallons of milk can she buy? Explain your thinking. Avoid the keywords: 'divide', 'answer'. Include the keyword 'remainder'.",NA,NA,NA,"Jennifer goes to the store to buy milk. She has 10 dollars in her pocket and milk costs 3 dollars per gallon. How many gallons of milk can she buy? Explain your thinking. Avoid the keywords: 'divide', 'answer'. Include the keyword 'remainder'.",42,2,TRUE,FALSE,FALSE,TRUE,FALSE,FALSE,TRUE,FALSE,TRUE,"instruction/constraint following"
"ifeval_20260421T021146Z_459",0.901639344262295,1.54913583606516,0.808678415725583,0,0.0487785039176227,"ifeval","""v0.1.0""","instruction_prompt","Can you explain to me why there is so much fraud in the world? Please include one italic text section in markdown, i.e *italic text*. Make your entire response less than 30 words.",NA,NA,NA,"Can you explain to me why there is so much fraud in the world? Please include one italic text section in markdown, i.e *italic text*. Make your entire response less than 30 words.",33,1,TRUE,FALSE,FALSE,FALSE,FALSE,FALSE,FALSE,FALSE,TRUE,"instruction/constraint following"
"ifeval_20260421T021146Z_46",0.942622950819672,1.67430116022741,0.474149486048648,0,0,"ifeval","""v0.1.0""","instruction_prompt","Write me a template for a product description in the form of a poem and end it with a post script starting with P.P.S",NA,NA,NA,"Write me a template for a product description in the form of a poem and end it with a post script starting with P.P.S",24,0,TRUE,FALSE,FALSE,FALSE,FALSE,FALSE,FALSE,FALSE,TRUE,"instruction/constraint following"
"ifeval_20260421T021146Z_460",0.918032786885246,1.43649959922669,0.378671603700534,0,0.0923385369997325,"ifeval","""v0.1.0""","instruction_prompt","Can you give me a zany, bullet point TLDR of this article: https://en.wikipedia.org/wiki/Dota_2 Make it zany, but do not include the keywords 'icefrog', 'blizzard', 'lawsuit' in the response.",NA,NA,NA,"Can you give me a zany, bullet point TLDR of this article: https://en.wikipedia.org/wiki/Dota_2 Make it zany, but do not include the keywords 'icefrog', 'blizzard', 'lawsuit' in the response.",28,0,TRUE,FALSE,FALSE,FALSE,TRUE,FALSE,FALSE,FALSE,TRUE,"instruction/constraint following"
"ifeval_20260421T021146Z_462",0.901639344262295,1.38420162218144,0.53109136207161,0,0.0991281494495203,"ifeval","""v0.1.0""","instruction_prompt","Can you write me a slogan for my video game project? The project aims to create a very funny fighting game. Please wrap your entire response with double quotation marks. Also, highlight at least three sections in your answer in markdown format using *highlighted text*. Such as: *Funny Fighting*.",NA,NA,NA,"Can you write me a slogan for my video game project? The project aims to create a very funny fighting game. Please wrap your entire response with double quotation marks. Also, highlight at least three sections in your answer in markdown format using *highlighted text*. Such as: *Funny Fighting*.",49,0,TRUE,FALSE,FALSE,FALSE,TRUE,FALSE,TRUE,FALSE,TRUE,"instruction/constraint following"
"ifeval_20260421T021146Z_464",0.836065573770492,0.996673301539875,0.68159572374042,0,0,"ifeval","""v0.1.0""","instruction_prompt","Write a template for a newspaper ad for a dog cage with less than 200 words. Make sure the word unfortunately appears 3 to 5 times in the ad.",NA,NA,NA,"Write a template for a newspaper ad for a dog cage with less than 200 words. Make sure the word unfortunately appears 3 to 5 times in the ad.",29,3,TRUE,FALSE,FALSE,TRUE,FALSE,FALSE,FALSE,FALSE,TRUE,"instruction/constraint following"
"ifeval_20260421T021146Z_465",0.270491803278689,-0.862049993461906,0,1.42837868562551,0,"ifeval","""v0.1.0""","instruction_prompt","Write a story about a family that goes camping in the woods. Your entire response should be in English and in all capital letters.",NA,NA,NA,"Write a story about a family that goes camping in the woods. Your entire response should be in English and in all capital letters.",24,0,TRUE,FALSE,FALSE,FALSE,FALSE,FALSE,FALSE,FALSE,TRUE,"instruction/constraint following"
"ifeval_20260421T021146Z_466",0.655737704918033,0.501072056421177,0,0,1.11572341247304,"ifeval","""v0.1.0""","instruction_prompt","Write an essay on the differences between Sunni and Shi'a Muslims. Your entire response must contain at least 1200 words.",NA,NA,NA,"Write an essay on the differences between Sunni and Shi'a Muslims. Your entire response must contain at least 1200 words.",20,1,TRUE,FALSE,FALSE,FALSE,TRUE,FALSE,FALSE,FALSE,TRUE,"instruction/constraint following"
"ifeval_20260421T021146Z_467",0.672131147540984,0.43624304417573,0.284466157826666,0,0.586290280728415,"ifeval","""v0.1.0""","instruction_prompt","Write a long sentence about tax filing, in a style that is appropriate for a president of the united states. The sentence should contain the letter q at least 6 times.",NA,NA,NA,"Write a long sentence about tax filing, in a style that is appropriate for a president of the united states. The sentence should contain the letter q at least 6 times.",31,1,TRUE,FALSE,FALSE,FALSE,TRUE,FALSE,FALSE,FALSE,TRUE,"instruction/constraint following"
"ifeval_20260421T021146Z_468",0.860655737704918,1.07931437226272,0.497093921795793,0,0,"ifeval","""v0.1.0""","instruction_prompt","Write a story about a man who is in love with a woman who has turrets. The story should be in at least 4 sections with each section starting with Section X (where X is 1, 2, 3, 4) and the entire response should have at least 100 sentences.",NA,NA,NA,"Write a story about a man who is in love with a woman who has turrets. The story should be in at least 4 sections with each section starting with Section X (where X is 1, 2, 3, 4) and the entire response should have at least 100 sentences.",49,6,TRUE,FALSE,FALSE,TRUE,TRUE,FALSE,TRUE,FALSE,TRUE,"instruction/constraint following"
"ifeval_20260421T021146Z_469",0.918032786885246,1.45369273797617,0.106290191148257,0,0.245289371060773,"ifeval","""v0.1.0""","instruction_prompt","Give me a 300+ word startup pitch for a company that provides a service that creates trusts for people online.",NA,NA,NA,"Give me a 300+ word startup pitch for a company that provides a service that creates trusts for people online.",20,1,TRUE,FALSE,FALSE,FALSE,FALSE,FALSE,FALSE,FALSE,TRUE,"instruction/constraint following"
"ifeval_20260421T021146Z_47",0.639344262295082,0.123648085218593,0.946694776204202,0,0.265671340494009,"ifeval","""v0.1.0""","instruction_prompt","""The man was arrested for stealing a car. He was later released on bail."" Expand on it angrily in a rap style, and make sure there are exactly 4 sections. Separated the sections by the markdown divider: ***",NA,NA,NA,"""The man was arrested for stealing a car. He was later released on bail."" Expand on it angrily in a rap style, and make sure there are exactly 4 sections. Separated the sections by the markdown divider: ***",38,1,TRUE,FALSE,FALSE,FALSE,FALSE,FALSE,FALSE,FALSE,TRUE,"instruction/constraint following"
"ifeval_20260421T021146Z_470",0.737704918032787,0.571181589726385,1.06695259597252,0.155075656453676,0,"ifeval","""v0.1.0""","instruction_prompt","Write an essay on first names, without using any capital letters --- your ENTIRE response must be in lowercases. There should be exactly 3 paragraphs with the only paragraph separation being two new lines. Start Paragraph 2 with the word Jasper.",NA,NA,NA,"Write an essay on first names, without using any capital letters --- your ENTIRE response must be in lowercases. There should be exactly 3 paragraphs with the only paragraph separation being two new lines. Start Paragraph 2 with the word Jasper.",41,2,TRUE,FALSE,FALSE,TRUE,FALSE,FALSE,TRUE,FALSE,TRUE,"instruction/constraint following"
"ifeval_20260421T021146Z_471",0.827868852459016,0.951722053794575,0.696656311014004,0,0,"ifeval","""v0.1.0""","instruction_prompt","Write an HTML page that lists 25 limericks about people named ""Bill"". The page should include keywords 'economist', 'bill', and 'jurgen'",NA,NA,NA,"Write an HTML page that lists 25 limericks about people named ""Bill"". The page should include keywords 'economist', 'bill', and 'jurgen'",21,1,TRUE,FALSE,FALSE,FALSE,FALSE,FALSE,FALSE,FALSE,TRUE,"instruction/constraint following"
"ifeval_20260421T021146Z_472",0.918032786885246,1.5056117610146,0.587305655317406,0,0,"ifeval","""v0.1.0""","instruction_prompt","What is the answer to the riddle that asks what you can catch but not throw, and what you can throw but not catch? The entire reply must be less than 20 words and contain a title in double angular brackets, i.e. <<title>>.",NA,NA,NA,"What is the answer to the riddle that asks what you can catch but not throw, and what you can throw but not catch? The entire reply must be less than 20 words and contain a title in double angular brackets, i.e. <<title>>.",43,1,TRUE,FALSE,FALSE,TRUE,TRUE,FALSE,TRUE,FALSE,TRUE,"instruction/constraint following"
"ifeval_20260421T021146Z_473",0.770491803278688,0.67957233644025,0.691215078982071,0,0.00228096284816159,"ifeval","""v0.1.0""","instruction_prompt","How to tell others that your major is computer science, without saying the word computer or science? You entire response should not contain the word computer and science.",NA,NA,NA,"How to tell others that your major is computer science, without saying the word computer or science? You entire response should not contain the word computer and science.",28,0,TRUE,FALSE,FALSE,FALSE,TRUE,FALSE,FALSE,FALSE,TRUE,"instruction/constraint following"
"ifeval_20260421T021146Z_474",0.819672131147541,1.00393669811343,1.00626318197278,0,0,"ifeval","""v0.1.0""","instruction_prompt","Summarize the history of Japan. Italicize at least 5 keywords in your response. To indicate a italic word, wrap it with asterisk, like *italic*",NA,NA,NA,"Summarize the history of Japan. Italicize at least 5 keywords in your response. To indicate a italic word, wrap it with asterisk, like *italic*",24,1,TRUE,FALSE,FALSE,FALSE,TRUE,FALSE,FALSE,FALSE,TRUE,"instruction/constraint following"
"ifeval_20260421T021146Z_475",0.885245901639344,1.24133597503455,0.378103401636518,0,0.160923822839798,"ifeval","""v0.1.0""","instruction_prompt","Write a persuasive email to a teenager who lives in Aberdeen, Scotland. The main point is to encourage them to volunteer at a local soup kitchen. At least 5 words in the output should be in all caps.",NA,NA,NA,"Write a persuasive email to a teenager who lives in Aberdeen, Scotland. The main point is to encourage them to volunteer at a local soup kitchen. At least 5 words in the output should be in all caps.",38,1,TRUE,FALSE,FALSE,FALSE,TRUE,FALSE,FALSE,FALSE,TRUE,"instruction/constraint following"
"ifeval_20260421T021146Z_476",0.786885245901639,0.739597667190417,0.31324408965438,0,0,"ifeval","""v0.1.0""","instruction_prompt","Generate a list of 100 random names. Make sure that no name is repeated and every name is unique. All letters in your entire response should be capitalized. Italicize 5 of your favorite names. For example: 1. *FAVORITE NAME 1* 2. *FAVORITE NAME 2* 3. ...",NA,NA,NA,"Generate a list of 100 random names. Make sure that no name is repeated and every name is unique. All letters in your entire response should be capitalized. Italicize 5 of your favorite names. For example: 1. *FAVORITE NAME 1* 2. *FAVORITE NAME 2* 3. ...",46,7,TRUE,FALSE,FALSE,TRUE,FALSE,FALSE,TRUE,FALSE,TRUE,"instruction/constraint following"
"ifeval_20260421T021146Z_477",0.147540983606557,-1.26498993698394,0.210224648877637,0,0.425830733350106,"ifeval","""v0.1.0""","instruction_prompt","Write a song about Layton, making sure to use the letter ""a"" at most once.",NA,NA,NA,"Write a song about Layton, making sure to use the letter ""a"" at most once.",15,0,TRUE,FALSE,FALSE,FALSE,FALSE,FALSE,FALSE,FALSE,TRUE,"instruction/constraint following"
"ifeval_20260421T021146Z_478",0.885245901639344,1.25519242379244,0.570502284413069,0,0,"ifeval","""v0.1.0""","instruction_prompt","Write a song for the person named 'Guerrero'. Make sure to not include the words 'name', 'song', 'person', 'man', 'woman' throughout your entire output. Also avoid using commas in your entire response.",NA,NA,NA,"Write a song for the person named 'Guerrero'. Make sure to not include the words 'name', 'song', 'person', 'man', 'woman' throughout your entire output. Also avoid using commas in your entire response.",32,0,TRUE,FALSE,FALSE,FALSE,TRUE,FALSE,FALSE,FALSE,TRUE,"instruction/constraint following"
"ifeval_20260421T021146Z_479",0.655737704918033,0.214373406264074,0.751492133356138,0,0.0504397603123884,"ifeval","""v0.1.0""","instruction_prompt","In this task, you need to first repeat the request word by word, without any change, then answer the request. Do not say anything before repeating the exact request. Write a pitch deck for a startup that aims to make a new social network that focuses on the board game society.",NA,NA,NA,"In this task, you need to first repeat the request word by word, without any change, then answer the request. Do not say anything before repeating the exact request. Write a pitch deck for a startup that aims to make a new social network that focuses on the board game society.",51,0,TRUE,FALSE,FALSE,FALSE,TRUE,FALSE,TRUE,FALSE,TRUE,"instruction/constraint following"
"ifeval_20260421T021146Z_48",0.639344262295082,0.403055186480613,0.104346941094765,0,1.04355227844706,"ifeval","""v0.1.0""","instruction_prompt","Write a poem that's at least 350 words about the beauty of eucalyptus trees and their many uses.",NA,NA,NA,"Write a poem that's at least 350 words about the beauty of eucalyptus trees and their many uses.",18,1,TRUE,FALSE,FALSE,FALSE,TRUE,FALSE,FALSE,FALSE,TRUE,"instruction/constraint following"
"ifeval_20260421T021146Z_480",0.868852459016393,1.32472183392032,0.913651939661041,0,0,"ifeval","""v0.1.0""","instruction_prompt","I want to start a garden for veggies and flowers in my small backyard. Can you give me some advice on how to water my plants? Have at least 3 italic text sections, such as: *italic text 1*, *italic text 2*, etc. Make your reply short -- the whole reply should contain less than 40 words.",NA,NA,NA,"I want to start a garden for veggies and flowers in my small backyard. Can you give me some advice on how to water my plants? Have at least 3 italic text sections, such as: *italic text 1*, *italic text 2*, etc. Make your reply short -- the whole reply should contain less than 40 words.",56,4,TRUE,FALSE,FALSE,TRUE,TRUE,FALSE,TRUE,FALSE,TRUE,"instruction/constraint following"
"ifeval_20260421T021146Z_481",0.885245901639344,1.35835025653729,0.752654454121879,0,0,"ifeval","""v0.1.0""","instruction_prompt","Please write an email that starts with a German translation of ""You're making a mistake not to buy our cheese products, and I'm going to show you why."" Please make your response in only German, no other language is allowed. Include at least 7 placeholders with brackets like [subject].",NA,NA,NA,"Please write an email that starts with a German translation of ""You're making a mistake not to buy our cheese products, and I'm going to show you why."" Please make your response in only German, no other language is allowed. Include at least 7 placeholders with brackets like [subject].",49,1,TRUE,FALSE,FALSE,FALSE,TRUE,FALSE,TRUE,FALSE,TRUE,"instruction/constraint following"
"ifeval_20260421T021146Z_482",0.868852459016393,1.33702730760069,0.936173181976027,0,0,"ifeval","""v0.1.0""","instruction_prompt","Explain what happens when you sniff a flower to 3rd grade students. Please answer in Finnish, no other language is allowed throughout your answer. Make sure your response contains a title wrapped in double angular brackets, i.e. <<title>>.",NA,NA,NA,"Explain what happens when you sniff a flower to 3rd grade students. Please answer in Finnish, no other language is allowed throughout your answer. Make sure your response contains a title wrapped in double angular brackets, i.e. <<title>>.",38,0,TRUE,FALSE,FALSE,TRUE,FALSE,FALSE,FALSE,FALSE,TRUE,"instruction/constraint following"
"ifeval_20260421T021146Z_483",0.754098360655738,0.748309368914648,0.659429194224856,0,0.613941079956477,"ifeval","""v0.1.0""","instruction_prompt","Write a pros and cons list of apple products in the style of a 19th century novelist and do not use any commas. Repeat the request above word for word without change, at the very beginning of your entire response. After that, you can give the requested pros and cons list.",NA,NA,NA,"Write a pros and cons list of apple products in the style of a 19th century novelist and do not use any commas. Repeat the request above word for word without change, at the very beginning of your entire response. After that, you can give the requested pros and cons list.",51,0,TRUE,FALSE,FALSE,FALSE,TRUE,FALSE,TRUE,FALSE,TRUE,"instruction/constraint following"
"ifeval_20260421T021146Z_484",0.860655737704918,1.21343546322731,0.832722583894757,0,0,"ifeval","""v0.1.0""","instruction_prompt","Write a proposal for a research project that will determine whether pupils who have been exposed to a fast-paced environment are more likely to develop ADHD. Please wrap the entire output in JSON format. You can use markdown ticks like ```JSON [json content] ``` Please do not include the words ""proposal"" or ""project"" in the response.",NA,NA,NA,"Write a proposal for a research project that will determine whether pupils who have been exposed to a fast-paced environment are more likely to develop ADHD. Please wrap the entire output in JSON format. You can use markdown ticks like ```JSON [json content] ``` Please do not include the words ""proposal"" or ""project"" in the response.",56,0,TRUE,FALSE,FALSE,FALSE,TRUE,FALSE,TRUE,FALSE,TRUE,"instruction/constraint following"
"ifeval_20260421T021146Z_485",0.819672131147541,1.06028306560825,0.811389489182372,0,0.225219137808301,"ifeval","""v0.1.0""","instruction_prompt","Write a resume for a software engineer with 5+ years of experience in the Bay Area, CA. In your response, make sure to include at least 20 words or phrases in all capital letters.",NA,NA,NA,"Write a resume for a software engineer with 5+ years of experience in the Bay Area, CA. In your response, make sure to include at least 20 words or phrases in all capital letters.",34,2,TRUE,FALSE,FALSE,TRUE,TRUE,FALSE,FALSE,FALSE,TRUE,"instruction/constraint following"
"ifeval_20260421T021146Z_486",0.885245901639344,1.38622101752203,0.78927928679109,0,0,"ifeval","""v0.1.0""","instruction_prompt","Could you please give me the pros and cons of working abroad wrapped in JSON format. Please make sure that your response only contains a JSON block. Please also make sure to include keywords 'compensated' and 'immigrants' in the response.",NA,NA,NA,"Could you please give me the pros and cons of working abroad wrapped in JSON format. Please make sure that your response only contains a JSON block. Please also make sure to include keywords 'compensated' and 'immigrants' in the response.",40,0,TRUE,FALSE,FALSE,FALSE,FALSE,FALSE,FALSE,FALSE,TRUE,"instruction/constraint following"
"ifeval_20260421T021146Z_487",0.483606557377049,-0.00663139652709191,0.328166413982645,0.651967118201906,0.0338761094268659,"ifeval","""v0.1.0""","instruction_prompt","Write a tweet storm with a weird tone about a time when you found out that the earth is indeed not flat. Your response must be in English, with no capital letters, and in 20 to 30 sentences.",NA,NA,NA,"Write a tweet storm with a weird tone about a time when you found out that the earth is indeed not flat. Your response must be in English, with no capital letters, and in 20 to 30 sentences.",38,2,TRUE,FALSE,FALSE,TRUE,TRUE,FALSE,FALSE,FALSE,TRUE,"instruction/constraint following"
"ifeval_20260421T021146Z_488",0.704918032786885,0.303284965328067,1.30012223824549,0,0,"ifeval","""v0.1.0""","instruction_prompt","Write a song about innovation with a positive tone that is appealing to teenagers. Put your entire response in double quotation marks.",NA,NA,NA,"Write a song about innovation with a positive tone that is appealing to teenagers. Put your entire response in double quotation marks.",22,0,TRUE,FALSE,FALSE,FALSE,FALSE,FALSE,FALSE,FALSE,TRUE,"instruction/constraint following"
"ifeval_20260421T021146Z_489",0.844262295081967,0.979703253159857,0.224738422401476,0,0.0287774873681683,"ifeval","""v0.1.0""","instruction_prompt","Write a 600+ word social media post for a startup that provides a platform for running realistic physics simulation. Make sure to include the word ""bombs"" at least once.",NA,NA,NA,"Write a 600+ word social media post for a startup that provides a platform for running realistic physics simulation. Make sure to include the word ""bombs"" at least once.",29,1,TRUE,FALSE,FALSE,FALSE,TRUE,FALSE,FALSE,FALSE,TRUE,"instruction/constraint following"
"ifeval_20260421T021146Z_49",0.827868852459016,1.22838186215305,0.415462793557651,0,0.79082616655407,"ifeval","""v0.1.0""","instruction_prompt","I have a dime. What can I do with this dime? Give me advice in the style of a President of the United States and make sure it has at least 600 words.",NA,NA,NA,"I have a dime. What can I do with this dime? Give me advice in the style of a President of the United States and make sure it has at least 600 words.",33,1,TRUE,FALSE,FALSE,FALSE,TRUE,FALSE,FALSE,FALSE,TRUE,"instruction/constraint following"
"ifeval_20260421T021146Z_490",0.754098360655738,0.819584080982898,0.548747298739928,0,0.809470737822311,"ifeval","""v0.1.0""","instruction_prompt","critique this startup pitch: Stephenson and Hong Kong will be the first-ever digital marketplace where users can buy and sell products from all over the world Stephenson and Hong Kong will be a onestopshop for all of your shopping needs and we will offer a variety of features that will make shopping online easier and more convenient than ever before. Do not use any commas in your response.",NA,NA,NA,"critique this startup pitch: Stephenson and Hong Kong will be the first-ever digital marketplace where users can buy and sell products from all over the world Stephenson and Hong Kong will be a onestopshop for all of your shopping needs and we will offer a variety of features that will make shopping online easier and more convenient than ever before. Do not ",68,0,TRUE,FALSE,FALSE,FALSE,TRUE,FALSE,TRUE,FALSE,TRUE,"instruction/constraint following"
"ifeval_20260421T021146Z_491",0.827868852459016,1.06367554668764,0.717718443448313,0,0.254508761759404,"ifeval","""v0.1.0""","instruction_prompt","Write a funny Haiku about a Quaker named John who lives in the town of De Smet, South Dakota. Use the asterisk symbol, *, to highlight some words or phrases twice. Example: *This is a highlighted phrase*.",NA,NA,NA,"Write a funny Haiku about a Quaker named John who lives in the town of De Smet, South Dakota. Use the asterisk symbol, *, to highlight some words or phrases twice. Example: *This is a highlighted phrase*.",37,0,TRUE,FALSE,FALSE,FALSE,FALSE,FALSE,FALSE,FALSE,TRUE,"instruction/constraint following"
"ifeval_20260421T021146Z_492",0.565573770491803,-0.0711628496029947,0.681025417819269,0.0168235306960828,0,"ifeval","""v0.1.0""","instruction_prompt","I need a list of the top 10 attorneys in the US. Your list should be in the format of 10 bullet points, following the format below: * Bullet 1 * Bullet 2 * ...",NA,NA,NA,"I need a list of the top 10 attorneys in the US. Your list should be in the format of 10 bullet points, following the format below: * Bullet 1 * Bullet 2 * ...",35,4,TRUE,FALSE,FALSE,TRUE,FALSE,FALSE,FALSE,FALSE,TRUE,"instruction/constraint following"
"ifeval_20260421T021146Z_493",0.786885245901639,0.840923248567601,0.767721002053088,0,0.245561281342251,"ifeval","""v0.1.0""","instruction_prompt","What is the name of the actor who played Gandalf in Lord of the Rings? First repeat the question above without change of words, then give your answer.",NA,NA,NA,"What is the name of the actor who played Gandalf in Lord of the Rings? First repeat the question above without change of words, then give your answer.",28,0,TRUE,FALSE,FALSE,FALSE,FALSE,FALSE,FALSE,FALSE,TRUE,"instruction/constraint following"
"ifeval_20260421T021146Z_494",0.860655737704918,1.30177835117788,0.738822092816785,0,0.281914413969365,"ifeval","""v0.1.0""","instruction_prompt","What does the word ""jock"" mean to you? Please generate an answer with two parts. The two parts should be separated by 3 asterisks '***'. Also, reply without mentioning the word ""jock"" throughout.",NA,NA,NA,"What does the word ""jock"" mean to you? Please generate an answer with two parts. The two parts should be separated by 3 asterisks '***'. Also, reply without mentioning the word ""jock"" throughout.",33,1,TRUE,FALSE,FALSE,FALSE,FALSE,FALSE,FALSE,FALSE,TRUE,"instruction/constraint following"
"ifeval_20260421T021146Z_495",0.352459016393443,-0.417361134367231,0.339067925660835,1.10583438062045,0,"ifeval","""v0.1.0""","instruction_prompt","Write a book review for a new book called ""The Secrets of Homeschooling: Revealed!"". Make the review a conversation between two people. The response should be a conversation in Urdu only, no other language is allowed throughout your entire response.",NA,NA,NA,"Write a book review for a new book called ""The Secrets of Homeschooling: Revealed!"". Make the review a conversation between two people. The response should be a conversation in Urdu only, no other language is allowed throughout your entire response.",40,0,TRUE,FALSE,FALSE,FALSE,FALSE,FALSE,FALSE,FALSE,TRUE,"instruction/constraint following"
"ifeval_20260421T021146Z_496",0.950819672131147,1.84445738073325,0.250801696021064,0,0.316280470498892,"ifeval","""v0.1.0""","instruction_prompt","Write a product description for a new pair of shoes that targets teenagers. Highlight at least 2 text sections of your response by wrapping each of them with asterisks, like *I am highlighted*. Your response should be at least 350 words.",NA,NA,NA,"Write a product description for a new pair of shoes that targets teenagers. Highlight at least 2 text sections of your response by wrapping each of them with asterisks, like *I am highlighted*. Your response should be at least 350 words.",41,2,TRUE,FALSE,FALSE,TRUE,TRUE,FALSE,TRUE,FALSE,TRUE,"instruction/constraint following"
"ifeval_20260421T021146Z_497",0.762295081967213,0.707797182721771,0.814033488267933,0,0.173189855181835,"ifeval","""v0.1.0""","instruction_prompt","Write a short, funny story about a man named Harry with a pet dog. Your response must contain 3 sections, mark the beginning of each section with SECTION X.",NA,NA,NA,"Write a short, funny story about a man named Harry with a pet dog. Your response must contain 3 sections, mark the beginning of each section with SECTION X.",29,1,TRUE,FALSE,FALSE,FALSE,FALSE,FALSE,FALSE,FALSE,TRUE,"instruction/constraint following"
"ifeval_20260421T021146Z_498",0.180327868852459,-1.02618226923432,0,0.680742982892439,0,"ifeval","""v0.1.0""","instruction_prompt","Brainstorm a name for a company that collects and analyzes public transportation fares. The response should be in English, and in all capital letters.",NA,NA,NA,"Brainstorm a name for a company that collects and analyzes public transportation fares. The response should be in English, and in all capital letters.",24,0,TRUE,FALSE,FALSE,FALSE,FALSE,FALSE,FALSE,FALSE,TRUE,"instruction/constraint following"
"ifeval_20260421T021146Z_499",0.844262295081967,1.13188289937932,0.694254211791932,0,0.213265034335901,"ifeval","""v0.1.0""","instruction_prompt","Write a very short poem about the beauty of a rose. Do not include the keywords beauty and pretty.",NA,NA,NA,"Write a very short poem about the beauty of a rose. Do not include the keywords beauty and pretty.",19,0,TRUE,FALSE,FALSE,FALSE,TRUE,FALSE,FALSE,FALSE,TRUE,"instruction/constraint following"
"ifeval_20260421T021146Z_5",0.655737704918033,0.174302562824919,0.840630443042504,0,0,"ifeval","""v0.1.0""","instruction_prompt","Write a dialogue between two people, one is dressed up in a ball gown and the other is dressed down in sweats. The two are going to a nightly event. Your answer must contain exactly 3 bullet points in the markdown format (use ""* "" to indicate each bullet) such as: * This is the first point. * This is the second point.",NA,NA,NA,"Write a dialogue between two people, one is dressed up in a ball gown and the other is dressed down in sweats. The two are going to a nightly event. Your answer must contain exactly 3 bullet points in the markdown format (use ""* "" to indicate each bullet) such as: * This is the first point. * This is the second point.",63,1,TRUE,FALSE,FALSE,FALSE,FALSE,FALSE,TRUE,FALSE,TRUE,"instruction/constraint following"
"ifeval_20260421T021146Z_50",0.745901639344262,0.619729843746831,0.171675275585004,0,0,"ifeval","""v0.1.0""","instruction_prompt","Write a haiku about rushing to work using only the Marathi language, no other language is allowed.",NA,NA,NA,"Write a haiku about rushing to work using only the Marathi language, no other language is allowed.",17,0,TRUE,FALSE,FALSE,FALSE,FALSE,FALSE,FALSE,FALSE,TRUE,"instruction/constraint following"
"ifeval_20260421T021146Z_500",0.89344262295082,1.37352376440318,0.696380035490243,0,0,"ifeval","""v0.1.0""","instruction_prompt","Can you compose a movie plot that involves dream, fist fighting, and superpower? Include a title in double angular brackets, i.e. <<title>>.",NA,NA,NA,"Can you compose a movie plot that involves dream, fist fighting, and superpower? Include a title in double angular brackets, i.e. <<title>>.",22,0,TRUE,FALSE,FALSE,TRUE,FALSE,FALSE,FALSE,FALSE,TRUE,"instruction/constraint following"
"ifeval_20260421T021146Z_501",0.647540983606557,0.449581682448286,0.444978672433209,0.460593534565134,0.252401073337795,"ifeval","""v0.1.0""","instruction_prompt","Write a cover letter for a job application to a company which perhaps has a bad reputation. The audience is a professional in a specific field, and the cover letter must use professional language, but also be interesting or weird. The letter j should appear at least 20 times. Your entire response should be in English, and lowercase letters. No capital letters are allowed.",NA,NA,NA,"Write a cover letter for a job application to a company which perhaps has a bad reputation. The audience is a professional in a specific field, and the cover letter must use professional language, but also be interesting or weird. The letter j should appear at least 20 times. Your entire response should be in English, and lowercase letters. No capital letter",64,1,TRUE,FALSE,FALSE,FALSE,TRUE,FALSE,TRUE,FALSE,TRUE,"instruction/constraint following"
"ifeval_20260421T021146Z_502",0.745901639344262,0.761133246976567,0.859140434871557,0,0.594129651244372,"ifeval","""v0.1.0""","instruction_prompt","Write a riddle about Camilla that doesn't use commas.",NA,NA,NA,"Write a riddle about Camilla that doesn't use commas.",9,0,TRUE,FALSE,FALSE,FALSE,FALSE,FALSE,FALSE,FALSE,TRUE,"instruction/constraint following"
"ifeval_20260421T021146Z_504",0.918032786885246,1.54866388114513,0.407579353715783,0,0.270145749901656,"ifeval","""v0.1.0""","instruction_prompt","Write an XML document describing the release of the latest Google Pixel phone. The document must contain at least three placeholders, such as [price], and you must not use commas in your response.",NA,NA,NA,"Write an XML document describing the release of the latest Google Pixel phone. The document must contain at least three placeholders, such as [price], and you must not use commas in your response.",33,0,TRUE,FALSE,FALSE,FALSE,TRUE,FALSE,FALSE,FALSE,TRUE,"instruction/constraint following"
"ifeval_20260421T021146Z_505",0.844262295081967,1.07288591387961,0.718408512465053,0,0,"ifeval","""v0.1.0""","instruction_prompt","Write a short riddle about สเปรดชีต. Wrap your entire response with double quotation marks and make sure word in your response is in the Thai language, no other language is allowed.",NA,NA,NA,"Write a short riddle about สเปรดชีต. Wrap your entire response with double quotation marks and make sure word in your response is in the Thai language, no other language is allowed.",31,0,TRUE,FALSE,FALSE,FALSE,FALSE,FALSE,FALSE,FALSE,TRUE,"instruction/constraint following"
"ifeval_20260421T021146Z_506",0.532786885245902,-0.387140877817348,1.10730345813584,0,0,"ifeval","""v0.1.0""","instruction_prompt","Write a poem about Gibbs free energy in the style of POTUS. There should be exactly 4 paragraphs. Paragraphs and only paragraphs should be separated by two new lines (like ""\n\n""). Paragraph 2 must start with the word ""it"".",NA,NA,NA,"Write a poem about Gibbs free energy in the style of POTUS. There should be exactly 4 paragraphs. Paragraphs and only paragraphs should be separated by two new lines (like ""\n\n""). Paragraph 2 must start with the word ""it"".",39,2,TRUE,FALSE,FALSE,TRUE,FALSE,FALSE,FALSE,FALSE,TRUE,"instruction/constraint following"
"ifeval_20260421T021146Z_507",0.852459016393443,1.17497739430148,0.864883873418129,0,0,"ifeval","""v0.1.0""","instruction_prompt","Today, at the 54th Annual Grammy Awards, the Recording Academy honors the talent and creativity of the artists, musicians, and producers who are the creators of the best recordings of the past year. Please continue writing this text in a formal tone, using notations. Highlight some key parts in your response with ""*"", like *highlighted text*.",NA,NA,NA,"Today, at the 54th Annual Grammy Awards, the Recording Academy honors the talent and creativity of the artists, musicians, and producers who are the creators of the best recordings of the past year. Please continue writing this text in a formal tone, using notations. Highlight some key parts in your response with ""*"", like *highlighted text*.",56,0,TRUE,FALSE,FALSE,FALSE,FALSE,FALSE,TRUE,FALSE,TRUE,"instruction/constraint following"
"ifeval_20260421T021146Z_508",0.786885245901639,0.909748095047452,0.727752997237206,0,0.434062864057122,"ifeval","""v0.1.0""","instruction_prompt","Write a song about how to make a peanut butter and jelly sandwich. Do not use commas in your response.",NA,NA,NA,"Write a song about how to make a peanut butter and jelly sandwich. Do not use commas in your response.",20,0,TRUE,FALSE,FALSE,FALSE,TRUE,FALSE,FALSE,FALSE,TRUE,"instruction/constraint following"
"ifeval_20260421T021146Z_509",0.778688524590164,0.892054270429937,0.690165540019972,0,0.582520890784258,"ifeval","""v0.1.0""","instruction_prompt","Write a review of ""Laureates and twins"" for professionals in the field of psychology without the use of commas and make sure to include the phrase ""well worth watching"". First repeat the entire request above word for word without change, then give your answer. Do not say any words or characters before repeating the entire request above.",NA,NA,NA,"Write a review of ""Laureates and twins"" for professionals in the field of psychology without the use of commas and make sure to include the phrase ""well worth watching"". First repeat the entire request above word for word without change, then give your answer. Do not say any words or characters before repeating the entire request above.",57,0,TRUE,FALSE,FALSE,FALSE,TRUE,FALSE,TRUE,FALSE,TRUE,"instruction/constraint following"
"ifeval_20260421T021146Z_51",0.90983606557377,1.59253884812694,0.822914887851658,0,-0.0760954381322932,"ifeval","""v0.1.0""","instruction_prompt","Can you elaborate on the following text: ""Increased axle weight increased the damage to the road""? Your response must contain a title wrapped in double angular brackets, i.e. <<title>>. Use less than 5 sentences.",NA,NA,NA,"Can you elaborate on the following text: ""Increased axle weight increased the damage to the road""? Your response must contain a title wrapped in double angular brackets, i.e. <<title>>. Use less than 5 sentences.",34,1,TRUE,FALSE,FALSE,TRUE,FALSE,FALSE,FALSE,FALSE,TRUE,"instruction/constraint following"
"ifeval_20260421T021146Z_510",0.819672131147541,1.02825147592862,1.03723264095664,0,0,"ifeval","""v0.1.0""","instruction_prompt","Write a blog post about interesting facts about the Dutch language. Italicize at least 2 sections in your answer with markdown, i.e. *italic text*.",NA,NA,NA,"Write a blog post about interesting facts about the Dutch language. Italicize at least 2 sections in your answer with markdown, i.e. *italic text*.",24,1,TRUE,FALSE,FALSE,FALSE,TRUE,FALSE,FALSE,FALSE,TRUE,"instruction/constraint following"
"ifeval_20260421T021146Z_511",0.368852459016393,-0.256726221105939,0.0570761904341604,1.0231118216305,0,"ifeval","""v0.1.0""","instruction_prompt","Write an itinerary for a 10-day trip to Biratnagar using only the Nepali language throughout your entire response.",NA,NA,NA,"Write an itinerary for a 10-day trip to Biratnagar using only the Nepali language throughout your entire response.",18,1,TRUE,FALSE,FALSE,FALSE,FALSE,FALSE,FALSE,FALSE,TRUE,"instruction/constraint following"
"ifeval_20260421T021146Z_512",0.819672131147541,0.981333458338852,0.603883701668839,0,0.222811984777611,"ifeval","""v0.1.0""","instruction_prompt","Write a funny riddle in Hindi, about a man named Aarav who never spoke. Your entire response should be written in Hindi. Also, you cannot use any commas in your entire response.",NA,NA,NA,"Write a funny riddle in Hindi, about a man named Aarav who never spoke. Your entire response should be written in Hindi. Also, you cannot use any commas in your entire response.",32,0,TRUE,FALSE,FALSE,FALSE,TRUE,FALSE,FALSE,FALSE,TRUE,"instruction/constraint following"
"ifeval_20260421T021146Z_513",0.811475409836066,0.951896767980177,1.09479986383043,0,-0.10215669214535,"ifeval","""v0.1.0""","instruction_prompt","Why is Algiers the best place to go on vacation? Answer with exactly one sentence. Put double quotation marks around your entire one-sentence response.",NA,NA,NA,"Why is Algiers the best place to go on vacation? Answer with exactly one sentence. Put double quotation marks around your entire one-sentence response.",24,0,TRUE,FALSE,FALSE,FALSE,FALSE,FALSE,FALSE,FALSE,TRUE,"instruction/constraint following"
"ifeval_20260421T021146Z_514",0.877049180327869,1.45533948550162,0.991407155013089,0,0,"ifeval","""v0.1.0""","instruction_prompt","Write an essay on wilderness preservation. Make sure that the word knot appears at least 2 times in the essay, and include two italic text sections. Like: *this is italic text*",NA,NA,NA,"Write an essay on wilderness preservation. Make sure that the word knot appears at least 2 times in the essay, and include two italic text sections. Like: *this is italic text*",31,1,TRUE,FALSE,FALSE,FALSE,TRUE,FALSE,FALSE,FALSE,TRUE,"instruction/constraint following"
"ifeval_20260421T021146Z_515",0.770491803278688,0.694448324228377,0.795888437032503,0.0610225829925248,0,"ifeval","""v0.1.0""","instruction_prompt","Give me a summary of the lobbying spending of the following companies: Google, Facebook, Microsoft, Apple, and Amazon. Your response should be in German language, and no other language is allowed.",NA,NA,NA,"Give me a summary of the lobbying spending of the following companies: Google, Facebook, Microsoft, Apple, and Amazon. Your response should be in German language, and no other language is allowed.",31,0,TRUE,FALSE,FALSE,FALSE,FALSE,FALSE,FALSE,FALSE,TRUE,"instruction/constraint following"
"ifeval_20260421T021146Z_516",0.885245901639344,1.29475417032974,0.672575176982628,0,0,"ifeval","""v0.1.0""","instruction_prompt","Critique the following ad copy for a new dating app, and make sure to include a title wrapped in double angular brackets, i.e. <<title>>: ""Meet your new match! Cohen is a free app that matches you with others based on your interests and location. With Cohen, you can find love, friendship, or just someone to swing with. Download Cohen today and start meeting new people!""",NA,NA,NA,"Critique the following ad copy for a new dating app, and make sure to include a title wrapped in double angular brackets, i.e. <<title>>: ""Meet your new match! Cohen is a free app that matches you with others based on your interests and location. With Cohen, you can find love, friendship, or just someone to swing with. Download Cohen today and start meeting ",65,0,TRUE,FALSE,FALSE,TRUE,FALSE,FALSE,TRUE,FALSE,TRUE,"instruction/constraint following"
"ifeval_20260421T021146Z_517",0.90983606557377,1.37234252858519,0.447567261895123,0,0,"ifeval","""v0.1.0""","instruction_prompt","Blog post from the perspective of a 16 year old girl who is being followed by a stranger. Your response should contain less than 10 sentences and no commas.",NA,NA,NA,"Blog post from the perspective of a 16 year old girl who is being followed by a stranger. Your response should contain less than 10 sentences and no commas.",29,2,TRUE,FALSE,FALSE,TRUE,FALSE,FALSE,FALSE,FALSE,TRUE,"instruction/constraint following"
"ifeval_20260421T021146Z_518",0.885245901639344,1.31299264384595,0.728888593570859,0,-0.040262533388298,"ifeval","""v0.1.0""","instruction_prompt","Give me a pitch deck for a startup that lets me send letters to people in my territory that I don't know personally. The title of the pitch deck should be wrapped in double angular brackets, i.e. <<title>>.",NA,NA,NA,"Give me a pitch deck for a startup that lets me send letters to people in my territory that I don't know personally. The title of the pitch deck should be wrapped in double angular brackets, i.e. <<title>>.",38,0,TRUE,FALSE,FALSE,TRUE,FALSE,FALSE,FALSE,FALSE,TRUE,"instruction/constraint following"
"ifeval_20260421T021146Z_519",0.39344262295082,-0.000930534698924862,0,1.46058618656405,0,"ifeval","""v0.1.0""","instruction_prompt","Given the sentence ""The dog barked at the cat, but the cat ignored it because the"". Can you finish the sentence? Make sure that words in your entire response are in all lowercase letters.",NA,NA,NA,"Given the sentence ""The dog barked at the cat, but the cat ignored it because the"". Can you finish the sentence? Make sure that words in your entire response are in all lowercase letters.",34,0,TRUE,FALSE,FALSE,FALSE,FALSE,FALSE,FALSE,FALSE,TRUE,"instruction/constraint following"
"ifeval_20260421T021146Z_520",0.852459016393443,1.31080902967367,1.08891655674285,0,0,"ifeval","""v0.1.0""","instruction_prompt","Write an advertisement for a perfume called ""Rhapsody"". It's a perfume with a fresh citrus scent. Wrap your entire response with double quotation marks. Do not include the words perfume, fresh, or good in the advertisement.",NA,NA,NA,"Write an advertisement for a perfume called ""Rhapsody"". It's a perfume with a fresh citrus scent. Wrap your entire response with double quotation marks. Do not include the words perfume, fresh, or good in the advertisement.",36,0,TRUE,FALSE,FALSE,FALSE,TRUE,FALSE,FALSE,FALSE,TRUE,"instruction/constraint following"
"ifeval_20260421T021146Z_521",0.844262295081967,1.1549702360281,0.917301804118668,0,0,"ifeval","""v0.1.0""","instruction_prompt","Write a riddle that describes the word ""key"" but doesn't use the word ""key"". Wrap all words into one JSON block. The word ""key"" should not appear in your entire reply.",NA,NA,NA,"Write a riddle that describes the word ""key"" but doesn't use the word ""key"". Wrap all words into one JSON block. The word ""key"" should not appear in your entire reply.",31,0,TRUE,FALSE,FALSE,FALSE,TRUE,FALSE,FALSE,FALSE,TRUE,"instruction/constraint following"
"ifeval_20260421T021146Z_522",0.901639344262295,1.39043284344726,0.626527189239199,0,0,"ifeval","""v0.1.0""","instruction_prompt","I need a rap that tells professionals how to get babies to sleep through the night. Your answer must contain a title, wrapped in double angular brackets, such as <<title>>. Additionally, you need to highlight at least 2 sections with markdown, i.e. *highlighted section*. Finally, at the end of your response, please explicitly add a postscript starting with P.P.S",NA,NA,NA,"I need a rap that tells professionals how to get babies to sleep through the night. Your answer must contain a title, wrapped in double angular brackets, such as <<title>>. Additionally, you need to highlight at least 2 sections with markdown, i.e. *highlighted section*. Finally, at the end of your response, please explicitly add a postscript starting with P",59,1,TRUE,FALSE,FALSE,TRUE,TRUE,FALSE,TRUE,FALSE,TRUE,"instruction/constraint following"
"ifeval_20260421T021146Z_523",0.737704918032787,0.540844075432056,0.741478083647992,0,0,"ifeval","""v0.1.0""","instruction_prompt","Create a resume for a military officer who served in Iraq and was later hired by a private military contractor. Make sure to include a title that is wrapped in double angular brackets, i.e. <<resume of xyz>>. Refrain from using any commas in your response. Before you respond with any word, first repeat the exact, entire request above, word for word without change.",NA,NA,NA,"Create a resume for a military officer who served in Iraq and was later hired by a private military contractor. Make sure to include a title that is wrapped in double angular brackets, i.e. <<resume of xyz>>. Refrain from using any commas in your response. Before you respond with any word, first repeat the exact, entire request above, word for word without c",63,0,TRUE,FALSE,FALSE,TRUE,FALSE,FALSE,TRUE,FALSE,TRUE,"instruction/constraint following"
"ifeval_20260421T021146Z_524",0.80327868852459,0.816716987503603,0.624997691924234,0,0,"ifeval","""v0.1.0""","instruction_prompt","Write a song about choking on a piece of chicken in the Potomac River. Put the title in double angular brackets, i.e. <<title of my song>>.",NA,NA,NA,"Write a song about choking on a piece of chicken in the Potomac River. Put the title in double angular brackets, i.e. <<title of my song>>.",26,0,TRUE,FALSE,FALSE,TRUE,FALSE,FALSE,FALSE,FALSE,TRUE,"instruction/constraint following"
"ifeval_20260421T021146Z_525",0.762295081967213,0.755407948863418,1.3558827492237,0,0.0727453177551678,"ifeval","""v0.1.0""","instruction_prompt","Write a tweet that is angry about the stunning lack of Virgil van Dijk in the PFA Team of the Year. Italicize at least 2 sections in your answer with markdown, i.e. *italic text section*. Do not use commas in your response. Finish your response with this exact phrase: So what is next?",NA,NA,NA,"Write a tweet that is angry about the stunning lack of Virgil van Dijk in the PFA Team of the Year. Italicize at least 2 sections in your answer with markdown, i.e. *italic text section*. Do not use commas in your response. Finish your response with this exact phrase: So what is next?",53,1,TRUE,FALSE,FALSE,FALSE,TRUE,FALSE,TRUE,FALSE,TRUE,"instruction/constraint following"
"ifeval_20260421T021146Z_526",0.942622950819672,1.56371115570485,0.0945620213774347,0,0,"ifeval","""v0.1.0""","instruction_prompt","What are the best things to do in Rochester, New York? Can you write them as a song and use music notation in your response? Make sure to include the keywords 'festival' and 'river'.",NA,NA,NA,"What are the best things to do in Rochester, New York? Can you write them as a song and use music notation in your response? Make sure to include the keywords 'festival' and 'river'.",34,0,TRUE,FALSE,FALSE,FALSE,FALSE,FALSE,FALSE,FALSE,TRUE,"instruction/constraint following"
"ifeval_20260421T021146Z_527",0.877049180327869,1.30737360619839,0.886076966893154,0,-0.205978172438839,"ifeval","""v0.1.0""","instruction_prompt","What is the name of the green-eyed monster that makes people jealous? Your response should be less than 3 sentences (just 1 sentence or 2 sentences).",NA,NA,NA,"What is the name of the green-eyed monster that makes people jealous? Your response should be less than 3 sentences (just 1 sentence or 2 sentences).",26,3,TRUE,FALSE,FALSE,TRUE,FALSE,FALSE,FALSE,FALSE,TRUE,"instruction/constraint following"
"ifeval_20260421T021146Z_528",0.549180327868853,0.100111178542335,0.0745859980672476,0,0,"ifeval","""v0.1.0""","instruction_prompt","Rewrite the following sentence in a more formal way: ""Them youngins be always on that damn phone"". Imagine you are the president of the United States. Avoid using the word ""youngins"" and ""damn"" throughout your entire response. Please repleat the entire first line above, then give your rewrite. Do not add any word before that. In other words, your entire response should start with ""Rewrite the following"".",NA,NA,NA,"Rewrite the following sentence in a more formal way: ""Them youngins be always on that damn phone"". Imagine you are the president of the United States. Avoid using the word ""youngins"" and ""damn"" throughout your entire response. Please repleat the entire first line above, then give your rewrite. Do not add any word before that. In other words, your entire resp",67,0,TRUE,FALSE,FALSE,FALSE,TRUE,FALSE,TRUE,FALSE,TRUE,"instruction/constraint following"
"ifeval_20260421T021146Z_529",0.868852459016393,1.30161051581031,0.577793429394994,0,0.343133456326319,"ifeval","""v0.1.0""","instruction_prompt","I need a joke involving Zoe and bubbles that contains at least 3 placeholders represented by square brackets such as [date].",NA,NA,NA,"I need a joke involving Zoe and bubbles that contains at least 3 placeholders represented by square brackets such as [date].",21,1,TRUE,FALSE,FALSE,FALSE,TRUE,FALSE,FALSE,FALSE,TRUE,"instruction/constraint following"
"ifeval_20260421T021146Z_530",0.885245901639344,1.25895321615351,0.585505542445693,0,0,"ifeval","""v0.1.0""","instruction_prompt","Give me a TLDR on the 2022 Google IO announcements, but the response must be entirely in the Bengali language, no other language is allowed, and have at least one placeholder such as [পণ্য].",NA,NA,NA,"Give me a TLDR on the 2022 Google IO announcements, but the response must be entirely in the Bengali language, no other language is allowed, and have at least one placeholder such as [পণ্য].",34,1,TRUE,FALSE,FALSE,FALSE,TRUE,FALSE,FALSE,FALSE,TRUE,"instruction/constraint following"
"ifeval_20260421T021146Z_531",0.89344262295082,1.47384259978466,0.823945113938803,0,0,"ifeval","""v0.1.0""","instruction_prompt","Rewrite the haiku below into two versions. Both of them should be funny. Separate the two versions using six asterisk symbols (******). Include the keywords ['dog', 'day'] in the response. On a chilly winter night A cat meows at the moon Hoping for some warmth",NA,NA,NA,"Rewrite the haiku below into two versions. Both of them should be funny. Separate the two versions using six asterisk symbols (******). Include the keywords ['dog', 'day'] in the response. On a chilly winter night A cat meows at the moon Hoping for some warmth",45,0,TRUE,FALSE,FALSE,FALSE,FALSE,FALSE,TRUE,FALSE,TRUE,"instruction/constraint following"
"ifeval_20260421T021146Z_532",0.918032786885246,1.55297341774727,0.638898939352963,0,0,"ifeval","""v0.1.0""","instruction_prompt","Is Roger Federer a better tennis player than Rafael Nadal? Answer with exactly one of the following phrases: ”My answer is yes."", ""My answer is no."", ""My answer is maybe.""",NA,NA,NA,"Is Roger Federer a better tennis player than Rafael Nadal? Answer with exactly one of the following phrases: ”My answer is yes."", ""My answer is no."", ""My answer is maybe.""",30,0,TRUE,FALSE,FALSE,FALSE,FALSE,FALSE,FALSE,FALSE,TRUE,"instruction/constraint following"
"ifeval_20260421T021146Z_533",0.918032786885246,1.57941750031935,0.679395832263182,0,0,"ifeval","""v0.1.0""","instruction_prompt","Is the moon landing a propaganda made up by the government? Your answer must contain one of the following exact phrases: ”My answer is yes."", ""My answer is no."", ""My answer is maybe.""",NA,NA,NA,"Is the moon landing a propaganda made up by the government? Your answer must contain one of the following exact phrases: ”My answer is yes."", ""My answer is no."", ""My answer is maybe.""",33,0,TRUE,FALSE,FALSE,FALSE,FALSE,FALSE,FALSE,FALSE,TRUE,"instruction/constraint following"
"ifeval_20260421T021146Z_534",0.877049180327869,1.23523981077605,0.65695069676824,0,0,"ifeval","""v0.1.0""","instruction_prompt","Is it true that the first song ever sung in outer space is “Happy Birthday.” Your answer must contain one of the following phrases: My answer is yes. My answer is no. My answer is maybe.",NA,NA,NA,"Is it true that the first song ever sung in outer space is “Happy Birthday.” Your answer must contain one of the following phrases: My answer is yes. My answer is no. My answer is maybe.",36,0,TRUE,FALSE,FALSE,FALSE,FALSE,FALSE,FALSE,FALSE,TRUE,"instruction/constraint following"
"ifeval_20260421T021146Z_535",0.918032786885246,1.48969058898436,0.552136369531483,0,0,"ifeval","""v0.1.0""","instruction_prompt","If a + b = 10. And a > b. Is a = 6? Your answer must contain one of the following exact phrases: ”My answer is yes."", ""My answer is no."", ""My answer is maybe.""",NA,NA,NA,"If a + b = 10. And a > b. Is a = 6? Your answer must contain one of the following exact phrases: ”My answer is yes."", ""My answer is no."", ""My answer is maybe.""",36,2,TRUE,FALSE,FALSE,TRUE,FALSE,FALSE,FALSE,FALSE,TRUE,"instruction/constraint following"
"ifeval_20260421T021146Z_536",0.926229508196721,1.51560083078275,0.480266060476122,0,0,"ifeval","""v0.1.0""","instruction_prompt","If a + b + c = 30 and b = 10 and c = 5. Is a = 20? Answer ”My answer is yes."" or ""My answer is no."" or ""My answer is maybe.""",NA,NA,NA,"If a + b + c = 30 and b = 10 and c = 5. Is a = 20? Answer ”My answer is yes."" or ""My answer is no."" or ""My answer is maybe.""",35,4,TRUE,FALSE,FALSE,TRUE,FALSE,FALSE,FALSE,FALSE,TRUE,"instruction/constraint following"
"ifeval_20260421T021146Z_537",0.877049180327869,1.34443850059145,0.826421505493998,0,0,"ifeval","""v0.1.0""","instruction_prompt","If Bob beat Martha in a game of pool. And Martha beat Joe in a game of pool. Can Bob beat Joe in a game of pool? Your answer must contain exactly one of the following phrases: My answer is yes. My answer is no. My answer is maybe.",NA,NA,NA,"If Bob beat Martha in a game of pool. And Martha beat Joe in a game of pool. Can Bob beat Joe in a game of pool? Your answer must contain exactly one of the following phrases: My answer is yes. My answer is no. My answer is maybe.",49,0,TRUE,FALSE,FALSE,FALSE,FALSE,FALSE,TRUE,FALSE,TRUE,"instruction/constraint following"
"ifeval_20260421T021146Z_538",0.877049180327869,1.35192215278981,0.862911432616353,0,0,"ifeval","""v0.1.0""","instruction_prompt","Can Batman beat Superman in a fair one on one fight? You should just say ”My answer is yes."" or ""My answer is no."" or ""My answer is maybe.""",NA,NA,NA,"Can Batman beat Superman in a fair one on one fight? You should just say ”My answer is yes."" or ""My answer is no."" or ""My answer is maybe.""",29,0,TRUE,FALSE,FALSE,FALSE,FALSE,FALSE,FALSE,FALSE,TRUE,"instruction/constraint following"
"ifeval_20260421T021146Z_539",0.819672131147541,0.870784036556558,0.45350077131103,0,0,"ifeval","""v0.1.0""","instruction_prompt","Is Pikachu one of the Avengers? Think out loud, then answer with one of the following options: ”My answer is yes."", ""My answer is no."", ""My answer is maybe.""",NA,NA,NA,"Is Pikachu one of the Avengers? Think out loud, then answer with one of the following options: ”My answer is yes."", ""My answer is no."", ""My answer is maybe.""",29,0,TRUE,FALSE,FALSE,TRUE,FALSE,FALSE,FALSE,FALSE,TRUE,"instruction/constraint following"
"ifeval_20260421T021146Z_54",0.983606557377049,2.13468182203918,0,0,0,"ifeval","""v0.1.0""","instruction_prompt","Take the text below as a starting point, and make it a complete article: ""You may have to meet with a helper to work out a parenting plan. The first would be to estimate how many time you have everyday for parenting, and is that enough...."" Avoid using the following keywords: sleep, cook, feed Mention the keyword 'schedule' for more than 5 times.",NA,NA,NA,"Take the text below as a starting point, and make it a complete article: ""You may have to meet with a helper to work out a parenting plan. The first would be to estimate how many time you have everyday for parenting, and is that enough...."" Avoid using the following keywords: sleep, cook, feed Mention the keyword 'schedule' for more than 5 times.",63,1,TRUE,FALSE,FALSE,FALSE,FALSE,FALSE,TRUE,FALSE,TRUE,"instruction/constraint following"
"ifeval_20260421T021146Z_540",0.844262295081967,1.13870189950905,0.877244970128862,0,0,"ifeval","""v0.1.0""","instruction_prompt","Would you consider yourself to be smart? Choose from: My answer is yes. My answer is no. My answer is maybe. Just choose one phrase from above as your answer.",NA,NA,NA,"Would you consider yourself to be smart? Choose from: My answer is yes. My answer is no. My answer is maybe. Just choose one phrase from above as your answer.",30,0,TRUE,FALSE,FALSE,FALSE,FALSE,FALSE,FALSE,FALSE,TRUE,"instruction/constraint following"
"ifeval_20260421T021146Z_55",0.918032786885246,1.52275749145652,0.601427559386204,0,0,"ifeval","""v0.1.0""","instruction_prompt","Write a limerick about Hannah, a college student, doing an internship at a coffee company. Make sure that her father would love the limerick. Include the words ""intern"" and ""grow"". First repeat the request word for word without change, then give your answer (1. do not say any words or characters before repeating the request; 2. the request you need to repeat does not include this sentence)",NA,NA,NA,"Write a limerick about Hannah, a college student, doing an internship at a coffee company. Make sure that her father would love the limerick. Include the words ""intern"" and ""grow"". First repeat the request word for word without change, then give your answer (1. do not say any words or characters before repeating the request; 2. the request you need to repeat",67,2,TRUE,FALSE,FALSE,TRUE,TRUE,FALSE,TRUE,FALSE,TRUE,"instruction/constraint following"
"ifeval_20260421T021146Z_56",0.795081967213115,0.853141818188906,1.06707584808798,0,0,"ifeval","""v0.1.0""","instruction_prompt","What is the difference between the 13 colonies and the other British colonies in North America? Your answer must contain exactly 6 bullet point in Markdown using the following format: * Bullet point one. * Bullet point two. ... * Bullet point fix.",NA,NA,NA,"What is the difference between the 13 colonies and the other British colonies in North America? Your answer must contain exactly 6 bullet point in Markdown using the following format: * Bullet point one. * Bullet point two. ... * Bullet point fix.",43,2,TRUE,FALSE,FALSE,TRUE,FALSE,FALSE,TRUE,FALSE,TRUE,"instruction/constraint following"
"ifeval_20260421T021146Z_58",0.672131147540984,0.190576213504241,0.984078048852322,0,-0.0786218527139104,"ifeval","""v0.1.0""","instruction_prompt","What is the history of NYC prospect park? Please wrap your entire answer in JSON format. You can use markdown ticks such as ```. For example: ```JSON { ... } ```",NA,NA,NA,"What is the history of NYC prospect park? Please wrap your entire answer in JSON format. You can use markdown ticks such as ```. For example: ```JSON { ... } ```",31,0,TRUE,FALSE,FALSE,FALSE,FALSE,FALSE,FALSE,FALSE,TRUE,"instruction/constraint following"
"ifeval_20260421T021146Z_59",0.663934426229508,0.337712827856992,0.541652754225443,0,0.545184861340303,"ifeval","""v0.1.0""","instruction_prompt","Write a short proposal for a new research project that investigates how language evolves over time. I want to make it challenging, so: 1. Do not include any commas in your response. 2. Do not include the letter ""c"" anywhere in your response. 3. Your response should contain at least 250 words.",NA,NA,NA,"Write a short proposal for a new research project that investigates how language evolves over time. I want to make it challenging, so: 1. Do not include any commas in your response. 2. Do not include the letter ""c"" anywhere in your response. 3. Your response should contain at least 250 words.",52,4,TRUE,FALSE,FALSE,TRUE,TRUE,FALSE,TRUE,FALSE,TRUE,"instruction/constraint following"
"ifeval_20260421T021146Z_6",0.795081967213115,0.988638447796289,1.41015486959823,0,0,"ifeval","""v0.1.0""","instruction_prompt","Write a 2 paragraph critique of the following sentence in all capital letters, no lowercase letters allowed: ""If the law is bad, you should not follow it"". Label each paragraph with PARAGRAPH X.",NA,NA,NA,"Write a 2 paragraph critique of the following sentence in all capital letters, no lowercase letters allowed: ""If the law is bad, you should not follow it"". Label each paragraph with PARAGRAPH X.",33,1,TRUE,FALSE,FALSE,FALSE,TRUE,FALSE,FALSE,FALSE,TRUE,"instruction/constraint following"
"ifeval_20260421T021146Z_60",0.926229508196721,1.48750372383501,0.41792655146489,0,0,"ifeval","""v0.1.0""","instruction_prompt","List exactly 10 possible names for a new baby boy. Then add a postscript starting with P.P.S to the end of your response. Put the names into bullet points that are indicated by: * This is an example bullet",NA,NA,NA,"List exactly 10 possible names for a new baby boy. Then add a postscript starting with P.P.S to the end of your response. Put the names into bullet points that are indicated by: * This is an example bullet",39,1,TRUE,FALSE,FALSE,FALSE,FALSE,FALSE,FALSE,FALSE,TRUE,"instruction/constraint following"
"ifeval_20260421T021146Z_61",0.647540983606557,0.2633798718945,0.543321764230589,0,0.199585917221917,"ifeval","""v0.1.0""","instruction_prompt","Write an outline for a paper on the history of Yemeni coffee. The outline should include the main points of the paper, and at least 15 sections should be highlighted with markdown such as *highlighted section*.",NA,NA,NA,"Write an outline for a paper on the history of Yemeni coffee. The outline should include the main points of the paper, and at least 15 sections should be highlighted with markdown such as *highlighted section*.",36,1,TRUE,FALSE,FALSE,FALSE,TRUE,FALSE,FALSE,FALSE,TRUE,"instruction/constraint following"
"ifeval_20260421T021146Z_63",0.885245901639344,1.43983376335282,0.88146680906169,0,0,"ifeval","""v0.1.0""","instruction_prompt","What are the pros and cons of kotlin vs java? Your answer must have a title contained in double angular brackets, such as <<kotlin vs java>>.",NA,NA,NA,"What are the pros and cons of kotlin vs java? Your answer must have a title contained in double angular brackets, such as <<kotlin vs java>>.",26,0,TRUE,FALSE,FALSE,TRUE,FALSE,FALSE,FALSE,FALSE,TRUE,"instruction/constraint following"
"ifeval_20260421T021146Z_64",0.737704918032787,0.529323096392872,1.34598635383885,0,0,"ifeval","""v0.1.0""","instruction_prompt","Write a funny article about why the dinosaurs went extinct and put double quotations marks around your whole response. Include exactly 8 bullet points in your response. The bullet points should be in the form of: * This is bullet 1 * This is bullet 2 ...",NA,NA,NA,"Write a funny article about why the dinosaurs went extinct and put double quotations marks around your whole response. Include exactly 8 bullet points in your response. The bullet points should be in the form of: * This is bullet 1 * This is bullet 2 ...",47,3,TRUE,FALSE,FALSE,TRUE,FALSE,FALSE,TRUE,FALSE,TRUE,"instruction/constraint following"
"ifeval_20260421T021146Z_65",0.729508196721312,0.531619808992151,0.993191366252825,0,0.133265173369933,"ifeval","""v0.1.0""","instruction_prompt","Create a table with a 7 day trip itinerary for India, and a 7 day trip itinerary for China. Separate them with exactly 6 asterisks symbols: *******",NA,NA,NA,"Create a table with a 7 day trip itinerary for India, and a 7 day trip itinerary for China. Separate them with exactly 6 asterisks symbols: *******",27,3,TRUE,FALSE,FALSE,TRUE,FALSE,FALSE,FALSE,FALSE,TRUE,"instruction/constraint following"
"ifeval_20260421T021146Z_66",0.844262295081967,1.16501777035269,0.980339008222648,0,0,"ifeval","""v0.1.0""","instruction_prompt","I would like to start my own business. Can you give me some general advice? Please avoid mentioning ""photography"" - I have no interest in that market. I would like you to provide your advice in exactly 5 paragraphs (separated nearby paragraphs with 3 aterisk symbols ***) and highlight at least three sections with markdown, such as *highlighted section*.",NA,NA,NA,"I would like to start my own business. Can you give me some general advice? Please avoid mentioning ""photography"" - I have no interest in that market. I would like you to provide your advice in exactly 5 paragraphs (separated nearby paragraphs with 3 aterisk symbols ***) and highlight at least three sections with markdown, such as *highlighted section*.",59,2,TRUE,FALSE,FALSE,TRUE,TRUE,FALSE,TRUE,FALSE,TRUE,"instruction/constraint following"
"ifeval_20260421T021146Z_67",0.860655737704918,1.20900705590073,0.806907567068523,0,0,"ifeval","""v0.1.0""","instruction_prompt","Write a brief biography of a person named ""Brilliant Le Hou"". Do not use commas in your reply. Highlight at least 3 sections with markdown, i.e. *highlighted section*. The biography should start with the name of the person.",NA,NA,NA,"Write a brief biography of a person named ""Brilliant Le Hou"". Do not use commas in your reply. Highlight at least 3 sections with markdown, i.e. *highlighted section*. The biography should start with the name of the person.",38,1,TRUE,FALSE,FALSE,FALSE,TRUE,FALSE,FALSE,FALSE,TRUE,"instruction/constraint following"
"ifeval_20260421T021146Z_68",0.877049180327869,1.46622703765379,1.00483795131192,0,0,"ifeval","""v0.1.0""","instruction_prompt","A nucleus is a cluster of protons and neutrons. Elaborate on this. Write exactly 9 very short bullet points. Limit the number of words you use (less than 100 words). An example: * A nucleus is a cluster of protons and neutrons * A proton is .... Please follow the format of the example above.",NA,NA,NA,"A nucleus is a cluster of protons and neutrons. Elaborate on this. Write exactly 9 very short bullet points. Limit the number of words you use (less than 100 words). An example: * A nucleus is a cluster of protons and neutrons * A proton is .... Please follow the format of the example above.",55,2,TRUE,FALSE,FALSE,TRUE,FALSE,FALSE,TRUE,FALSE,TRUE,"instruction/constraint following"
"ifeval_20260421T021146Z_69",0.344262295081967,-0.402729934192267,0.224905295406667,1.11462247728313,0,"ifeval","""v0.1.0""","instruction_prompt","Compose song lyrics about a socio-economic problem. The song should be in English and in all lowercase letters.",NA,NA,NA,"Compose song lyrics about a socio-economic problem. The song should be in English and in all lowercase letters.",18,0,TRUE,FALSE,FALSE,FALSE,FALSE,FALSE,FALSE,FALSE,TRUE,"instruction/constraint following"
"ifeval_20260421T021146Z_7",0.729508196721312,0.506968837349795,0.836632668760038,0,0,"ifeval","""v0.1.0""","instruction_prompt","Write me a resume for Matthias Algiers. Use words with all capital letters to highlight key abilities, but make sure that words with all capital letters appear less than 10 times. Wrap the entire response with double quotation marks.",NA,NA,NA,"Write me a resume for Matthias Algiers. Use words with all capital letters to highlight key abilities, but make sure that words with all capital letters appear less than 10 times. Wrap the entire response with double quotation marks.",39,1,TRUE,FALSE,FALSE,FALSE,FALSE,FALSE,FALSE,FALSE,TRUE,"instruction/constraint following"
"ifeval_20260421T021146Z_71",0.786885245901639,0.885624253698223,0.820600248055919,0,0.303530905238045,"ifeval","""v0.1.0""","instruction_prompt","Draft a blog post about Ripley's Aquarium. Make sure your blog post contains at least 7 placeholders represented by square brackets, such as [location].",NA,NA,NA,"Draft a blog post about Ripley's Aquarium. Make sure your blog post contains at least 7 placeholders represented by square brackets, such as [location].",24,1,TRUE,FALSE,FALSE,FALSE,TRUE,FALSE,FALSE,FALSE,TRUE,"instruction/constraint following"
"ifeval_20260421T021146Z_72",0.90983606557377,1.33990078204363,0.358923646795635,0,0,"ifeval","""v0.1.0""","instruction_prompt","Improper use of the Java API can lead to vulnerabilities in web applications. Write a code snippet to demonstrate this. Then demonstrate how to fix the code. Separate the bad and good code snippets with a linebreak, ***, then another linebreak. Example: [code snippet 1] *** [code snippet 2] Add code comments in the code snippets. One of the comments should contain the keyword ""vulnerable"".",NA,NA,NA,"Improper use of the Java API can lead to vulnerabilities in web applications. Write a code snippet to demonstrate this. Then demonstrate how to fix the code. Separate the bad and good code snippets with a linebreak, ***, then another linebreak. Example: [code snippet 1] *** [code snippet 2] Add code comments in the code snippets. One of the comments should c",65,2,TRUE,FALSE,FALSE,TRUE,FALSE,FALSE,TRUE,FALSE,TRUE,"instruction/constraint following"
"ifeval_20260421T021146Z_73",0.655737704918033,0.243465725691541,0.911057569928764,0,0.407780132831545,"ifeval","""v0.1.0""","instruction_prompt","Write a planning doc for a software engineer task. Follow the exact format below: Part 1. Task Summary [put details here] *** Part 2. Motivation [put details here] *** Part 3. Milestone objectives [put details here] *** Part 4. Timeline [put details here] *** Part 5. Doc history [put details here]",NA,NA,NA,"Write a planning doc for a software engineer task. Follow the exact format below: Part 1. Task Summary [put details here] *** Part 2. Motivation [put details here] *** Part 3. Milestone objectives [put details here] *** Part 4. Timeline [put details here] *** Part 5. Doc history [put details here]",51,5,TRUE,FALSE,FALSE,TRUE,FALSE,FALSE,TRUE,FALSE,TRUE,"instruction/constraint following"
"ifeval_20260421T021146Z_74",0.795081967213115,0.777688990183892,0.706713191443364,0,0,"ifeval","""v0.1.0""","instruction_prompt","Write a limerick about a woman named Sarah who lives in a town where it's always 90°F. Highlight at least 6 sections in your answer with markdown, example: *highlighted section*. Mention the name Sarah only once.",NA,NA,NA,"Write a limerick about a woman named Sarah who lives in a town where it's always 90°F. Highlight at least 6 sections in your answer with markdown, example: *highlighted section*. Mention the name Sarah only once.",36,2,TRUE,FALSE,FALSE,TRUE,TRUE,FALSE,FALSE,FALSE,TRUE,"instruction/constraint following"
"ifeval_20260421T021146Z_75",0.754098360655738,0.610590879582811,0.420945525699759,0,-0.0241825427498366,"ifeval","""v0.1.0""","instruction_prompt","Write me a funny song with less than 10 sentences for a proposal to build a new playground at my local elementary school.",NA,NA,NA,"Write me a funny song with less than 10 sentences for a proposal to build a new playground at my local elementary school.",23,1,TRUE,FALSE,FALSE,FALSE,FALSE,FALSE,FALSE,FALSE,TRUE,"instruction/constraint following"
"ifeval_20260421T021146Z_76",0.959016393442623,1.73938596443451,0,0,0,"ifeval","""v0.1.0""","instruction_prompt","Write a letter to your friend who recently moved away. Your entire response should be in English, and in all capital letters. The letter o should appear at least 40 times.",NA,NA,NA,"Write a letter to your friend who recently moved away. Your entire response should be in English, and in all capital letters. The letter o should appear at least 40 times.",31,1,TRUE,FALSE,FALSE,FALSE,TRUE,FALSE,FALSE,FALSE,TRUE,"instruction/constraint following"
"ifeval_20260421T021146Z_77",0.631147540983607,0.190796422526338,0.580524144311921,0,0.0781080205132517,"ifeval","""v0.1.0""","instruction_prompt","Write a blog post about the latest news in the US with a title in double angular brackets, i.e. <<title>>, and have less than 5 sentences (excluding 5). The sentences should be long, so that the total number of words in your response should be 250 or more.",NA,NA,NA,"Write a blog post about the latest news in the US with a title in double angular brackets, i.e. <<title>>, and have less than 5 sentences (excluding 5). The sentences should be long, so that the total number of words in your response should be 250 or more.",48,3,TRUE,FALSE,FALSE,TRUE,FALSE,FALSE,TRUE,FALSE,TRUE,"instruction/constraint following"
"ifeval_20260421T021146Z_79",0.975409836065574,1.96702544364987,0,0,0,"ifeval","""v0.1.0""","instruction_prompt","I'm interested in a college with open enrollment and a regional accreditation. Which college would you recommend? Don't include the keywords ""DuPage"" and ""Dade"" in your response. Let's make it a constrained writing problem: be sure the letter p appears at least 15 times in your response.",NA,NA,NA,"I'm interested in a college with open enrollment and a regional accreditation. Which college would you recommend? Don't include the keywords ""DuPage"" and ""Dade"" in your response. Let's make it a constrained writing problem: be sure the letter p appears at least 15 times in your response.",47,1,TRUE,FALSE,FALSE,FALSE,TRUE,FALSE,TRUE,FALSE,TRUE,"instruction/constraint following"
"ifeval_20260421T021146Z_8",0.680327868852459,0.235893631952535,1.04511299804201,0,0.0409085835753081,"ifeval","""v0.1.0""","instruction_prompt","Write a letter to a friend in all lowercase letters ask them to go and vote.",NA,NA,NA,"Write a letter to a friend in all lowercase letters ask them to go and vote.",16,0,TRUE,FALSE,FALSE,FALSE,FALSE,FALSE,FALSE,FALSE,TRUE,"instruction/constraint following"
"ifeval_20260421T021146Z_80",0.754098360655738,0.861739784419583,0.75788334694272,0,0.927401615268352,"ifeval","""v0.1.0""","instruction_prompt","Write a 30-line poem with short sentences without any comma. Each line should contain exactly one sentence. Make sure that you put the right punctuation at the end of each line. Your entire response should contain the poem only.",NA,NA,NA,"Write a 30-line poem with short sentences without any comma. Each line should contain exactly one sentence. Make sure that you put the right punctuation at the end of each line. Your entire response should contain the poem only.",39,1,TRUE,FALSE,FALSE,FALSE,FALSE,FALSE,FALSE,FALSE,TRUE,"instruction/constraint following"
"ifeval_20260421T021146Z_81",0.868852459016393,1.25051361323497,0.779897224601902,0,0,"ifeval","""v0.1.0""","instruction_prompt","Write a joke about morphology that's professional and includes the word ""cat"" at least once, and the word ""knock"" at least twice. Wrap your whole response with double quotation marks.",NA,NA,NA,"Write a joke about morphology that's professional and includes the word ""cat"" at least once, and the word ""knock"" at least twice. Wrap your whole response with double quotation marks.",30,0,TRUE,FALSE,FALSE,FALSE,TRUE,FALSE,FALSE,FALSE,TRUE,"instruction/constraint following"
"ifeval_20260421T021146Z_82",0.918032786885246,1.59723761409882,0.702974254388175,0,0,"ifeval","""v0.1.0""","instruction_prompt","A colt is 5 feet tall. It will grow 6 inches every month. How tall will it be in 3 years? Think step-by-step, then give your answer. Separate your thinking and the final answer by a line with just three ""*"" symbols: *** At the end of your response, please explicitly add a postscript starting with P.P.S",NA,NA,NA,"A colt is 5 feet tall. It will grow 6 inches every month. How tall will it be in 3 years? Think step-by-step, then give your answer. Separate your thinking and the final answer by a line with just three ""*"" symbols: *** At the end of your response, please explicitly add a postscript starting with P.P.S",57,3,TRUE,FALSE,FALSE,TRUE,FALSE,FALSE,TRUE,FALSE,TRUE,"instruction/constraint following"
"ifeval_20260421T021146Z_83",0.680327868852459,0.471941745169252,0.545389444466382,0.250977441300546,0.296559049874781,"ifeval","""v0.1.0""","instruction_prompt","Write a story about commandos who are in the middle of the night in a sector. It should be in English, and no capital letters are allowed. The story should not include keywords ""coop"", ""killings"", ""dead"", ""night"".",NA,NA,NA,"Write a story about commandos who are in the middle of the night in a sector. It should be in English, and no capital letters are allowed. The story should not include keywords ""coop"", ""killings"", ""dead"", ""night"".",37,0,TRUE,FALSE,FALSE,FALSE,TRUE,FALSE,FALSE,FALSE,TRUE,"instruction/constraint following"
"ifeval_20260421T021146Z_84",0.729508196721312,0.472370597698565,1.3400244445863,0,0,"ifeval","""v0.1.0""","instruction_prompt","Write an article about the reality of disability. Your article must end with the exact phrase ""Is there anything else I can help with?"". No other words should follow this phrase.",NA,NA,NA,"Write an article about the reality of disability. Your article must end with the exact phrase ""Is there anything else I can help with?"". No other words should follow this phrase.",31,0,TRUE,FALSE,FALSE,FALSE,FALSE,FALSE,FALSE,FALSE,TRUE,"instruction/constraint following"
"ifeval_20260421T021146Z_86",0.934426229508197,1.58061513023941,0.458877310652065,0,0,"ifeval","""v0.1.0""","instruction_prompt","Can you rewrite ""Cognitive Services on Azure will be renamed to Azure Applied AI Services"" in an engaging tone, without using the word ""rename"" or ""name""? Keep it under 3 sentences (just 1 or 2 sentences, not 3).",NA,NA,NA,"Can you rewrite ""Cognitive Services on Azure will be renamed to Azure Applied AI Services"" in an engaging tone, without using the word ""rename"" or ""name""? Keep it under 3 sentences (just 1 or 2 sentences, not 3).",38,4,TRUE,FALSE,FALSE,TRUE,TRUE,FALSE,FALSE,FALSE,TRUE,"instruction/constraint following"
"ifeval_20260421T021146Z_87",0.385245901639344,-0.234886751367607,0.109361383360942,0.655827164198852,0,"ifeval","""v0.1.0""","instruction_prompt","Write a weird poem about yoda being transported into a different universe in the Persian language, no other language is allowed.",NA,NA,NA,"Write a weird poem about yoda being transported into a different universe in the Persian language, no other language is allowed.",21,0,TRUE,FALSE,FALSE,FALSE,FALSE,FALSE,FALSE,FALSE,TRUE,"instruction/constraint following"
"ifeval_20260421T021146Z_88",0.704918032786885,0.458155591546032,1.02692437098144,0,0.306887503711757,"ifeval","""v0.1.0""","instruction_prompt","Write a blog post about the most interesting things you have seen or ridden on public transportation. First repeat the sentence above word for word without change, then give your answer. Do not say any words or characters before repeating the sentence.",NA,NA,NA,"Write a blog post about the most interesting things you have seen or ridden on public transportation. First repeat the sentence above word for word without change, then give your answer. Do not say any words or characters before repeating the sentence.",42,0,TRUE,FALSE,FALSE,FALSE,TRUE,FALSE,TRUE,FALSE,TRUE,"instruction/constraint following"
"ifeval_20260421T021146Z_89",0.745901639344262,0.676592277112405,0.922840878710179,0,0.274114157885961,"ifeval","""v0.1.0""","instruction_prompt","Write a casual, interesting, and weird resume for Antonia Maj who is applying for a job at a coffee company. They have experience in marketing, customer service, and sales. They are educated but not majored in anything related to coffee. Make sure to include at least two sections marking the beginning of each section with 'SECTION X'. In your entire response make sure to use exactly two bullet points in markdown format. Please use the following bullet point format: * Text for bullet 1 * Text for bullet 2",NA,NA,NA,"Write a casual, interesting, and weird resume for Antonia Maj who is applying for a job at a coffee company. They have experience in marketing, customer service, and sales. They are educated but not majored in anything related to coffee. Make sure to include at least two sections marking the beginning of each section with 'SECTION X'. In your entire response",89,2,TRUE,FALSE,FALSE,TRUE,TRUE,FALSE,TRUE,FALSE,TRUE,"instruction/constraint following"
"ifeval_20260421T021146Z_9",0.680327868852459,0.425804000251323,0.712539747119824,0,0.69522647175411,"ifeval","""v0.1.0""","instruction_prompt","Write a long email template that invites a group of participants to a meeting, with at least 500 words. The email must include the keywords ""correlated"" and ""experiencing"" and should not use any commas.",NA,NA,NA,"Write a long email template that invites a group of participants to a meeting, with at least 500 words. The email must include the keywords ""correlated"" and ""experiencing"" and should not use any commas.",34,1,TRUE,FALSE,FALSE,FALSE,TRUE,FALSE,FALSE,FALSE,TRUE,"instruction/constraint following"
"ifeval_20260421T021146Z_90",0.19672131147541,-0.980634288228998,0.186652813086675,0,0.257463145589238,"ifeval","""v0.1.0""","instruction_prompt","Write a song about tomatoes and brothers. It should be funny and appropriate for teenagers. The word associations should appear at least 4 times in the song.",NA,NA,NA,"Write a song about tomatoes and brothers. It should be funny and appropriate for teenagers. The word associations should appear at least 4 times in the song.",27,1,TRUE,FALSE,FALSE,FALSE,TRUE,FALSE,FALSE,FALSE,TRUE,"instruction/constraint following"
"ifeval_20260421T021146Z_91",0.950819672131147,1.64619400404876,0.194768055404011,0,0,"ifeval","""v0.1.0""","instruction_prompt","Write a haiku about a lion that includes the keywords ""forests"" and ""riddle"". Refrain from using commas in your haiku.",NA,NA,NA,"Write a haiku about a lion that includes the keywords ""forests"" and ""riddle"". Refrain from using commas in your haiku.",20,0,TRUE,FALSE,FALSE,FALSE,FALSE,FALSE,FALSE,FALSE,TRUE,"instruction/constraint following"
"ifeval_20260421T021146Z_92",0.934426229508197,1.50288705117365,0.250893042196178,0,0,"ifeval","""v0.1.0""","instruction_prompt","Generate a forum thread about several people waiting to hear the latest local news. All sentences should be short. Refrain from using any commas. Use placeholders to represent different usernames. Use square brackets for placeholders, like [username1], [username2]. Please include at least 20 placeholders in the thread.",NA,NA,NA,"Generate a forum thread about several people waiting to hear the latest local news. All sentences should be short. Refrain from using any commas. Use placeholders to represent different usernames. Use square brackets for placeholders, like [username1], [username2]. Please include at least 20 placeholders in the thread.",47,1,TRUE,FALSE,FALSE,FALSE,TRUE,FALSE,TRUE,FALSE,TRUE,"instruction/constraint following"
"ifeval_20260421T021146Z_93",0.959016393442623,1.84646350927581,0.431483005650535,0,0,"ifeval","""v0.1.0""","instruction_prompt","Write a five line poem about the time you had a binge watching episode. The poem should have a rhyme scheme of AABBA and include the word ""Netflix"". Your entire response should be in English, and should not contain any capital letters.",NA,NA,NA,"Write a five line poem about the time you had a binge watching episode. The poem should have a rhyme scheme of AABBA and include the word ""Netflix"". Your entire response should be in English, and should not contain any capital letters.",42,0,TRUE,FALSE,FALSE,FALSE,TRUE,FALSE,TRUE,FALSE,TRUE,"instruction/constraint following"
"ifeval_20260421T021146Z_94",0.69672131147541,0.441057987704668,0.884225179492502,0,0.432681397073282,"ifeval","""v0.1.0""","instruction_prompt","I am a software engineer with 7 years of experience, and I am looking for a new job. Can you create a resume for me and explain each section? First repeat the exact request above, then give your answer. Do not say any word before repeating the exact request.",NA,NA,NA,"I am a software engineer with 7 years of experience, and I am looking for a new job. Can you create a resume for me and explain each section? First repeat the exact request above, then give your answer. Do not say any word before repeating the exact request.",49,1,TRUE,FALSE,FALSE,FALSE,TRUE,FALSE,TRUE,FALSE,TRUE,"instruction/constraint following"
"ifeval_20260421T021146Z_95",0.639344262295082,0.492682311084078,0,0.228465287650358,1.14971372479129,"ifeval","""v0.1.0""","instruction_prompt","Write an essay of at least 900 words on the topic of navigable freeway. Make sure the entire response is in English and no capital letters are used.",NA,NA,NA,"Write an essay of at least 900 words on the topic of navigable freeway. Make sure the entire response is in English and no capital letters are used.",28,1,TRUE,FALSE,FALSE,FALSE,TRUE,FALSE,FALSE,FALSE,TRUE,"instruction/constraint following"
"ifeval_20260421T021146Z_96",0.877049180327869,1.30411911419116,0.772040846592577,0,0,"ifeval","""v0.1.0""","instruction_prompt","Come up with a proposal for a new research project on how to improve the quality of life for people with disabilities. Your response should be able to be rendered as HTML, and should include the keywords 'atlantis' and 'constable'.",NA,NA,NA,"Come up with a proposal for a new research project on how to improve the quality of life for people with disabilities. Your response should be able to be rendered as HTML, and should include the keywords 'atlantis' and 'constable'.",40,0,TRUE,FALSE,FALSE,FALSE,FALSE,FALSE,FALSE,FALSE,TRUE,"instruction/constraint following"
"ifeval_20260421T021146Z_97",0.557377049180328,0.048572260854163,0.56826621800755,0.383440569781459,0,"ifeval","""v0.1.0""","instruction_prompt","Write a cover letter for a job application as a tour guide in Beijing in all lowercase letters, with no capitalizations. Make it short -- the entire output should have less than 5 sentences.",NA,NA,NA,"Write a cover letter for a job application as a tour guide in Beijing in all lowercase letters, with no capitalizations. Make it short -- the entire output should have less than 5 sentences.",34,1,TRUE,FALSE,FALSE,FALSE,FALSE,FALSE,FALSE,FALSE,TRUE,"instruction/constraint following"
"ifeval_20260421T021146Z_98",0.885245901639344,1.35275259304551,0.750249895360356,0,0,"ifeval","""v0.1.0""","instruction_prompt","Could you tell me what kind of balls are used in tennis? I would like the answer in the form of a medieval style poem with a P.P.S at the end.",NA,NA,NA,"Could you tell me what kind of balls are used in tennis? I would like the answer in the form of a medieval style poem with a P.P.S at the end.",31,0,TRUE,FALSE,FALSE,FALSE,FALSE,FALSE,FALSE,FALSE,TRUE,"instruction/constraint following"
