"item","block","H","p","p_master","loading_seed","block_size_mode","primary_loading_min","primary_loading_max","cross_loading_min","cross_loading_max","cross_loading_prob","F1","F2","F3","F4","F5"
1,1,5,2000,2000,20771531,"ifeval_min30",2,3,2,3,0.05,2.86722185509279,0,0,0,-2.11773793981411
2,1,5,2000,2000,20771531,"ifeval_min30",2,3,2,3,0.05,2.73089766642079,0,0,0,0
3,1,5,2000,2000,20771531,"ifeval_min30",2,3,2,3,0.05,2.86686996580102,0,0,0,0
4,1,5,2000,2000,20771531,"ifeval_min30",2,3,2,3,0.05,2.3806239226833,0,0,0,0
5,1,5,2000,2000,20771531,"ifeval_min30",2,3,2,3,0.05,2.42512730229646,0,0,0,0
6,1,5,2000,2000,20771531,"ifeval_min30",2,3,2,3,0.05,2.95887841354124,0,0,0,0
7,1,5,2000,2000,20771531,"ifeval_min30",2,3,2,3,0.05,2.38539236132056,2.73668251838535,0,0,0
8,1,5,2000,2000,20771531,"ifeval_min30",2,3,2,3,0.05,2.09166830219328,0,0,0,0
9,1,5,2000,2000,20771531,"ifeval_min30",2,3,2,3,0.05,2.94601272349246,0,0,0,0
10,1,5,2000,2000,20771531,"ifeval_min30",2,3,2,3,0.05,2.71124924323522,0,0,0,0
11,1,5,2000,2000,20771531,"ifeval_min30",2,3,2,3,0.05,2.44508967897855,2.16243666270748,0,0,0
12,1,5,2000,2000,20771531,"ifeval_min30",2,3,2,3,0.05,2.36947371833958,0,-2.13547136262059,0,2.74893745803274
13,1,5,2000,2000,20771531,"ifeval_min30",2,3,2,3,0.05,2.1088259681128,0,-2.08346589002758,0,0
14,1,5,2000,2000,20771531,"ifeval_min30",2,3,2,3,0.05,2.98390831216238,0,0,0,0
15,1,5,2000,2000,20771531,"ifeval_min30",2,3,2,3,0.05,2.65873484523036,0,0,0,0
16,1,5,2000,2000,20771531,"ifeval_min30",2,3,2,3,0.05,2.90395844331942,0,0,2.47759966785088,0
17,1,5,2000,2000,20771531,"ifeval_min30",2,3,2,3,0.05,2.42769306129776,0,0,0,0
18,1,5,2000,2000,20771531,"ifeval_min30",2,3,2,3,0.05,2.91752960346639,0,0,0,0
19,1,5,2000,2000,20771531,"ifeval_min30",2,3,2,3,0.05,2.28639115137048,0,0,0,0
20,1,5,2000,2000,20771531,"ifeval_min30",2,3,2,3,0.05,2.22413006075658,0,0,0,0
21,1,5,2000,2000,20771531,"ifeval_min30",2,3,2,3,0.05,2.5732904439792,0,0,0,0
22,1,5,2000,2000,20771531,"ifeval_min30",2,3,2,3,0.05,2.45299893151969,0,-2.76903555379249,0,-2.1323214028962
23,1,5,2000,2000,20771531,"ifeval_min30",2,3,2,3,0.05,2.53979962738231,0,0,2.09226915612817,0
24,1,5,2000,2000,20771531,"ifeval_min30",2,3,2,3,0.05,2.45877927355468,0,0,0,0
25,1,5,2000,2000,20771531,"ifeval_min30",2,3,2,3,0.05,2.57161152688786,0,0,0,0
26,1,5,2000,2000,20771531,"ifeval_min30",2,3,2,3,0.05,2.10821361327544,0,0,0,0
27,1,5,2000,2000,20771531,"ifeval_min30",2,3,2,3,0.05,2.41058786376379,0,0,0,0
28,1,5,2000,2000,20771531,"ifeval_min30",2,3,2,3,0.05,2.50140771293081,-2.28247371199541,0,0,0
29,1,5,2000,2000,20771531,"ifeval_min30",2,3,2,3,0.05,2.90568510326557,0,0,0,0
30,1,5,2000,2000,20771531,"ifeval_min30",2,3,2,3,0.05,2.16465897415765,0,2.36880912212655,0,0
31,1,5,2000,2000,20771531,"ifeval_min30",2,3,2,3,0.05,2.46843455545604,0,0,0,0
32,1,5,2000,2000,20771531,"ifeval_min30",2,3,2,3,0.05,2.52632365492173,0,0,0,0
33,1,5,2000,2000,20771531,"ifeval_min30",2,3,2,3,0.05,2.21990227955393,0,0,0,0
34,1,5,2000,2000,20771531,"ifeval_min30",2,3,2,3,0.05,2.39176210947335,0,0,0,0
35,1,5,2000,2000,20771531,"ifeval_min30",2,3,2,3,0.05,2.00967457890511,0,0,0,0
36,1,5,2000,2000,20771531,"ifeval_min30",2,3,2,3,0.05,2.87745443801396,0,0,0,0
37,1,5,2000,2000,20771531,"ifeval_min30",2,3,2,3,0.05,2.81395979202352,0,0,2.28257742524147,0
38,1,5,2000,2000,20771531,"ifeval_min30",2,3,2,3,0.05,2.60477099544369,0,0,0,0
39,1,5,2000,2000,20771531,"ifeval_min30",2,3,2,3,0.05,2.73459719587117,0,0,0,0
40,1,5,2000,2000,20771531,"ifeval_min30",2,3,2,3,0.05,2.1287065281067,0,0,0,0
41,1,5,2000,2000,20771531,"ifeval_min30",2,3,2,3,0.05,2.73559286328964,0,0,-2.138887881767,0
42,1,5,2000,2000,20771531,"ifeval_min30",2,3,2,3,0.05,2.23118140990846,0,0,0,0
43,1,5,2000,2000,20771531,"ifeval_min30",2,3,2,3,0.05,2.04568941006437,0,0,0,0
44,1,5,2000,2000,20771531,"ifeval_min30",2,3,2,3,0.05,2.90996631490998,0,0,0,0
45,1,5,2000,2000,20771531,"ifeval_min30",2,3,2,3,0.05,2.15278400573879,0,0,0,0
46,1,5,2000,2000,20771531,"ifeval_min30",2,3,2,3,0.05,2.95222700247541,0,0,0,0
47,1,5,2000,2000,20771531,"ifeval_min30",2,3,2,3,0.05,2.95402866113,0,0,0,0
48,1,5,2000,2000,20771531,"ifeval_min30",2,3,2,3,0.05,2.04789732466452,0,0,0,0
49,1,5,2000,2000,20771531,"ifeval_min30",2,3,2,3,0.05,2.21543852635659,0,0,0,0
50,1,5,2000,2000,20771531,"ifeval_min30",2,3,2,3,0.05,2.40722127864137,0,0,0,0
51,1,5,2000,2000,20771531,"ifeval_min30",2,3,2,3,0.05,2.95609531505033,0,0,0,0
52,1,5,2000,2000,20771531,"ifeval_min30",2,3,2,3,0.05,2.14581705979072,0,0,0,0
53,1,5,2000,2000,20771531,"ifeval_min30",2,3,2,3,0.05,2.97916927514598,0,0,0,0
54,1,5,2000,2000,20771531,"ifeval_min30",2,3,2,3,0.05,2.2679344615899,0,0,0,0
55,1,5,2000,2000,20771531,"ifeval_min30",2,3,2,3,0.05,2.30307942465879,0,0,0,0
56,1,5,2000,2000,20771531,"ifeval_min30",2,3,2,3,0.05,2.82017940748483,0,0,0,0
57,1,5,2000,2000,20771531,"ifeval_min30",2,3,2,3,0.05,2.68830352742225,0,0,0,0
58,1,5,2000,2000,20771531,"ifeval_min30",2,3,2,3,0.05,2.92998463497497,0,2.21594117674977,0,0
59,1,5,2000,2000,20771531,"ifeval_min30",2,3,2,3,0.05,2.15209008799866,0,0,0,0
60,1,5,2000,2000,20771531,"ifeval_min30",2,3,2,3,0.05,2.46351503301412,0,0,0,0
61,1,5,2000,2000,20771531,"ifeval_min30",2,3,2,3,0.05,2.42208953597583,0,0,0,0
62,1,5,2000,2000,20771531,"ifeval_min30",2,3,2,3,0.05,2.31915178545751,0,0,0,0
63,1,5,2000,2000,20771531,"ifeval_min30",2,3,2,3,0.05,2.64605719107203,0,0,2.68853724771179,0
64,1,5,2000,2000,20771531,"ifeval_min30",2,3,2,3,0.05,2.83621402736753,0,0,0,0
65,1,5,2000,2000,20771531,"ifeval_min30",2,3,2,3,0.05,2.37771770032123,0,0,0,0
66,1,5,2000,2000,20771531,"ifeval_min30",2,3,2,3,0.05,2.20888809929602,0,0,0,-2.69835447054356
67,1,5,2000,2000,20771531,"ifeval_min30",2,3,2,3,0.05,2.55860299663618,-2.6021706701722,0,0,0
68,1,5,2000,2000,20771531,"ifeval_min30",2,3,2,3,0.05,2.40920642274432,0,0,0,0
69,1,5,2000,2000,20771531,"ifeval_min30",2,3,2,3,0.05,2.84596419590525,0,0,0,0
70,1,5,2000,2000,20771531,"ifeval_min30",2,3,2,3,0.05,2.31525120441802,0,2.11778744403273,0,0
71,1,5,2000,2000,20771531,"ifeval_min30",2,3,2,3,0.05,2.50024810247123,0,0,0,0
72,1,5,2000,2000,20771531,"ifeval_min30",2,3,2,3,0.05,2.6886569026392,0,0,0,0
73,1,5,2000,2000,20771531,"ifeval_min30",2,3,2,3,0.05,2.25212758360431,0,0,0,0
74,1,5,2000,2000,20771531,"ifeval_min30",2,3,2,3,0.05,2.25109101738781,0,0,-2.24035281175748,0
75,1,5,2000,2000,20771531,"ifeval_min30",2,3,2,3,0.05,2.23851720825769,0,0,-2.63903620629571,0
76,1,5,2000,2000,20771531,"ifeval_min30",2,3,2,3,0.05,2.98567861109041,0,0,0,0
77,1,5,2000,2000,20771531,"ifeval_min30",2,3,2,3,0.05,2.19849125063047,0,0,0,0
78,1,5,2000,2000,20771531,"ifeval_min30",2,3,2,3,0.05,2.1732380639296,0,0,0,0
79,1,5,2000,2000,20771531,"ifeval_min30",2,3,2,3,0.05,2.50067093875259,0,0,0,0
80,1,5,2000,2000,20771531,"ifeval_min30",2,3,2,3,0.05,2.5366135572549,0,0,0,0
81,1,5,2000,2000,20771531,"ifeval_min30",2,3,2,3,0.05,2.95005378150381,0,0,0,0
82,1,5,2000,2000,20771531,"ifeval_min30",2,3,2,3,0.05,2.21606243262067,0,0,0,0
83,1,5,2000,2000,20771531,"ifeval_min30",2,3,2,3,0.05,2.87786677060649,0,0,0,0
84,1,5,2000,2000,20771531,"ifeval_min30",2,3,2,3,0.05,2.01309548923746,0,0,2.87721885973588,0
85,1,5,2000,2000,20771531,"ifeval_min30",2,3,2,3,0.05,2.76506352145225,0,0,0,0
86,1,5,2000,2000,20771531,"ifeval_min30",2,3,2,3,0.05,2.63359459117055,0,0,0,0
87,1,5,2000,2000,20771531,"ifeval_min30",2,3,2,3,0.05,2.60818077623844,0,0,0,0
88,1,5,2000,2000,20771531,"ifeval_min30",2,3,2,3,0.05,2.97828690544702,0,0,0,0
89,1,5,2000,2000,20771531,"ifeval_min30",2,3,2,3,0.05,2.45729622524232,0,0,0,0
90,1,5,2000,2000,20771531,"ifeval_min30",2,3,2,3,0.05,2.25249126460403,0,0,0,0
91,1,5,2000,2000,20771531,"ifeval_min30",2,3,2,3,0.05,2.74412250937894,0,0,0,0
92,1,5,2000,2000,20771531,"ifeval_min30",2,3,2,3,0.05,2.54135559173301,0,0,0,0
93,1,5,2000,2000,20771531,"ifeval_min30",2,3,2,3,0.05,2.28031461406499,0,0,0,0
94,1,5,2000,2000,20771531,"ifeval_min30",2,3,2,3,0.05,2.06057817488909,0,2.45085399760865,0,0
95,1,5,2000,2000,20771531,"ifeval_min30",2,3,2,3,0.05,2.52794901584275,0,0,0,0
96,1,5,2000,2000,20771531,"ifeval_min30",2,3,2,3,0.05,2.35071373661049,0,0,0,0
97,1,5,2000,2000,20771531,"ifeval_min30",2,3,2,3,0.05,2.12676157569513,0,0,0,0
98,1,5,2000,2000,20771531,"ifeval_min30",2,3,2,3,0.05,2.24753459263593,0,0,0,0
99,1,5,2000,2000,20771531,"ifeval_min30",2,3,2,3,0.05,2.26882765605114,0,-2.94595771818422,0,0
100,1,5,2000,2000,20771531,"ifeval_min30",2,3,2,3,0.05,2.77735605160706,0,0,0,0
101,1,5,2000,2000,20771531,"ifeval_min30",2,3,2,3,0.05,2.47245696745813,0,0,0,0
102,1,5,2000,2000,20771531,"ifeval_min30",2,3,2,3,0.05,2.20138741261326,2.75967716053128,0,0,0
103,1,5,2000,2000,20771531,"ifeval_min30",2,3,2,3,0.05,2.80438514100388,0,0,0,0
104,1,5,2000,2000,20771531,"ifeval_min30",2,3,2,3,0.05,2.98068124148995,0,0,0,0
105,1,5,2000,2000,20771531,"ifeval_min30",2,3,2,3,0.05,2.2522537750192,0,0,0,0
106,1,5,2000,2000,20771531,"ifeval_min30",2,3,2,3,0.05,2.98164367279969,0,0,0,0
107,1,5,2000,2000,20771531,"ifeval_min30",2,3,2,3,0.05,2.18472277000546,0,0,0,0
108,1,5,2000,2000,20771531,"ifeval_min30",2,3,2,3,0.05,2.19259232701734,0,0,0,0
109,1,5,2000,2000,20771531,"ifeval_min30",2,3,2,3,0.05,2.77890243544243,0,0,0,0
110,1,5,2000,2000,20771531,"ifeval_min30",2,3,2,3,0.05,2.76557761966251,0,0,0,0
111,1,5,2000,2000,20771531,"ifeval_min30",2,3,2,3,0.05,2.99860623735003,0,0,0,-2.61868723295629
112,1,5,2000,2000,20771531,"ifeval_min30",2,3,2,3,0.05,2.34074678109027,0,0,0,0
113,1,5,2000,2000,20771531,"ifeval_min30",2,3,2,3,0.05,2.58644085749984,0,0,0,0
114,1,5,2000,2000,20771531,"ifeval_min30",2,3,2,3,0.05,2.40712654823437,0,-2.47217025747523,0,0
115,1,5,2000,2000,20771531,"ifeval_min30",2,3,2,3,0.05,2.44334666547365,0,0,2.62786923535168,0
116,1,5,2000,2000,20771531,"ifeval_min30",2,3,2,3,0.05,2.42581620602868,0,0,0,0
117,1,5,2000,2000,20771531,"ifeval_min30",2,3,2,3,0.05,2.78078015544452,0,0,0,0
118,1,5,2000,2000,20771531,"ifeval_min30",2,3,2,3,0.05,2.43802859261632,0,0,0,0
119,1,5,2000,2000,20771531,"ifeval_min30",2,3,2,3,0.05,2.49446486961097,0,0,0,0
120,1,5,2000,2000,20771531,"ifeval_min30",2,3,2,3,0.05,2.67387422267348,0,0,0,0
121,1,5,2000,2000,20771531,"ifeval_min30",2,3,2,3,0.05,2.37218482396565,0,0,0,0
122,1,5,2000,2000,20771531,"ifeval_min30",2,3,2,3,0.05,2.08324012765661,-2.17067311471328,0,0,0
123,1,5,2000,2000,20771531,"ifeval_min30",2,3,2,3,0.05,2.19968268764205,0,0,0,0
124,1,5,2000,2000,20771531,"ifeval_min30",2,3,2,3,0.05,2.73439487046562,0,0,0,0
125,1,5,2000,2000,20771531,"ifeval_min30",2,3,2,3,0.05,2.00404630089179,0,0,0,0
126,1,5,2000,2000,20771531,"ifeval_min30",2,3,2,3,0.05,2.84178644511849,0,0,0,0
127,1,5,2000,2000,20771531,"ifeval_min30",2,3,2,3,0.05,2.54008961981162,0,0,0,0
128,1,5,2000,2000,20771531,"ifeval_min30",2,3,2,3,0.05,2.41902148583904,0,0,0,0
129,1,5,2000,2000,20771531,"ifeval_min30",2,3,2,3,0.05,2.24852828402072,2.11538044852205,0,0,0
130,1,5,2000,2000,20771531,"ifeval_min30",2,3,2,3,0.05,2.31153006944805,0,0,0,0
131,1,5,2000,2000,20771531,"ifeval_min30",2,3,2,3,0.05,2.14533862564713,0,0,0,0
132,1,5,2000,2000,20771531,"ifeval_min30",2,3,2,3,0.05,2.15385043015704,0,0,0,0
133,1,5,2000,2000,20771531,"ifeval_min30",2,3,2,3,0.05,2.43495758413337,0,0,0,0
134,1,5,2000,2000,20771531,"ifeval_min30",2,3,2,3,0.05,2.75448935572058,2.85020146355964,0,0,0
135,1,5,2000,2000,20771531,"ifeval_min30",2,3,2,3,0.05,2.25390224787407,0,0,0,0
136,1,5,2000,2000,20771531,"ifeval_min30",2,3,2,3,0.05,2.79604176199064,0,0,0,0
137,1,5,2000,2000,20771531,"ifeval_min30",2,3,2,3,0.05,2.186984826345,0,0,0,0
138,1,5,2000,2000,20771531,"ifeval_min30",2,3,2,3,0.05,2.7614433018025,0,0,0,0
139,1,5,2000,2000,20771531,"ifeval_min30",2,3,2,3,0.05,2.23865146632306,0,0,0,0
140,1,5,2000,2000,20771531,"ifeval_min30",2,3,2,3,0.05,2.68888968601823,0,-2.59611717564985,0,0
141,1,5,2000,2000,20771531,"ifeval_min30",2,3,2,3,0.05,2.11217472795397,0,0,0,0
142,1,5,2000,2000,20771531,"ifeval_min30",2,3,2,3,0.05,2.51252193353139,0,0,0,0
143,1,5,2000,2000,20771531,"ifeval_min30",2,3,2,3,0.05,2.75842049042694,-2.15743317478336,0,0,0
144,1,5,2000,2000,20771531,"ifeval_min30",2,3,2,3,0.05,2.94145671301521,0,0,0,0
145,1,5,2000,2000,20771531,"ifeval_min30",2,3,2,3,0.05,2.43220799230039,0,0,0,0
146,1,5,2000,2000,20771531,"ifeval_min30",2,3,2,3,0.05,2.63769137999043,0,0,0,0
147,1,5,2000,2000,20771531,"ifeval_min30",2,3,2,3,0.05,2.02953347982839,0,0,0,0
148,1,5,2000,2000,20771531,"ifeval_min30",2,3,2,3,0.05,2.65660656383261,0,2.51514335465617,0,0
149,1,5,2000,2000,20771531,"ifeval_min30",2,3,2,3,0.05,2.27175035770051,-2.79573010560125,0,0,0
150,1,5,2000,2000,20771531,"ifeval_min30",2,3,2,3,0.05,2.08170728664845,0,0,0,0
151,1,5,2000,2000,20771531,"ifeval_min30",2,3,2,3,0.05,2.14837023080327,0,0,0,0
152,1,5,2000,2000,20771531,"ifeval_min30",2,3,2,3,0.05,2.56053093797527,0,0,0,0
153,1,5,2000,2000,20771531,"ifeval_min30",2,3,2,3,0.05,2.00668260385282,0,0,0,0
154,1,5,2000,2000,20771531,"ifeval_min30",2,3,2,3,0.05,2.63278225786053,0,0,0,0
155,1,5,2000,2000,20771531,"ifeval_min30",2,3,2,3,0.05,2.18088797014207,0,0,0,0
156,1,5,2000,2000,20771531,"ifeval_min30",2,3,2,3,0.05,2.81015447597019,0,0,0,0
157,1,5,2000,2000,20771531,"ifeval_min30",2,3,2,3,0.05,2.18032169691287,0,0,0,0
158,1,5,2000,2000,20771531,"ifeval_min30",2,3,2,3,0.05,2.01414419850335,0,0,0,0
159,1,5,2000,2000,20771531,"ifeval_min30",2,3,2,3,0.05,2.62367666652426,2.50478977523744,0,0,0
160,1,5,2000,2000,20771531,"ifeval_min30",2,3,2,3,0.05,2.79676970234141,0,0,0,0
161,1,5,2000,2000,20771531,"ifeval_min30",2,3,2,3,0.05,2.49142191419378,0,0,0,0
162,1,5,2000,2000,20771531,"ifeval_min30",2,3,2,3,0.05,2.78716988209635,0,0,0,0
163,1,5,2000,2000,20771531,"ifeval_min30",2,3,2,3,0.05,2.39938408276066,0,0,0,0
164,1,5,2000,2000,20771531,"ifeval_min30",2,3,2,3,0.05,2.17856951081194,0,0,0,0
165,1,5,2000,2000,20771531,"ifeval_min30",2,3,2,3,0.05,2.05853346083313,0,0,0,0
166,1,5,2000,2000,20771531,"ifeval_min30",2,3,2,3,0.05,2.05902155977674,0,0,0,0
167,1,5,2000,2000,20771531,"ifeval_min30",2,3,2,3,0.05,2.49646316515282,0,0,0,0
168,1,5,2000,2000,20771531,"ifeval_min30",2,3,2,3,0.05,2.16862871381454,0,0,0,0
169,1,5,2000,2000,20771531,"ifeval_min30",2,3,2,3,0.05,2.12037722207606,0,0,0,0
170,1,5,2000,2000,20771531,"ifeval_min30",2,3,2,3,0.05,2.45237811794505,0,0,0,0
171,1,5,2000,2000,20771531,"ifeval_min30",2,3,2,3,0.05,2.43479134025984,0,0,0,0
172,1,5,2000,2000,20771531,"ifeval_min30",2,3,2,3,0.05,2.58561425749213,0,0,0,0
173,1,5,2000,2000,20771531,"ifeval_min30",2,3,2,3,0.05,2.46657693572342,0,0,0,0
174,1,5,2000,2000,20771531,"ifeval_min30",2,3,2,3,0.05,2.36419199546799,0,0,0,0
175,1,5,2000,2000,20771531,"ifeval_min30",2,3,2,3,0.05,2.56041998811997,0,0,0,0
176,1,5,2000,2000,20771531,"ifeval_min30",2,3,2,3,0.05,2.35390879027545,0,0,0,0
177,1,5,2000,2000,20771531,"ifeval_min30",2,3,2,3,0.05,2.29199819290079,0,0,0,0
178,1,5,2000,2000,20771531,"ifeval_min30",2,3,2,3,0.05,2.64572216779925,0,0,0,0
179,1,5,2000,2000,20771531,"ifeval_min30",2,3,2,3,0.05,2.26041554333642,0,0,0,0
180,1,5,2000,2000,20771531,"ifeval_min30",2,3,2,3,0.05,2.39892336912453,0,0,0,0
181,1,5,2000,2000,20771531,"ifeval_min30",2,3,2,3,0.05,2.56251367577352,0,0,0,0
182,1,5,2000,2000,20771531,"ifeval_min30",2,3,2,3,0.05,2.67405309225433,0,0,0,0
183,1,5,2000,2000,20771531,"ifeval_min30",2,3,2,3,0.05,2.0713091949001,0,0,0,0
184,1,5,2000,2000,20771531,"ifeval_min30",2,3,2,3,0.05,2.7137488045264,-2.61657716846094,-2.64774463442154,0,0
185,1,5,2000,2000,20771531,"ifeval_min30",2,3,2,3,0.05,2.06165388948284,0,0,0,0
186,1,5,2000,2000,20771531,"ifeval_min30",2,3,2,3,0.05,2.61712103104219,0,0,0,0
187,1,5,2000,2000,20771531,"ifeval_min30",2,3,2,3,0.05,2.02253386890516,0,0,0,0
188,1,5,2000,2000,20771531,"ifeval_min30",2,3,2,3,0.05,2.02386612049304,0,0,0,0
189,1,5,2000,2000,20771531,"ifeval_min30",2,3,2,3,0.05,2.76425531157292,2.28885311353952,0,2.49814305338077,0
190,1,5,2000,2000,20771531,"ifeval_min30",2,3,2,3,0.05,2.81860136170872,0,0,-2.17730707349256,0
191,1,5,2000,2000,20771531,"ifeval_min30",2,3,2,3,0.05,2.56420859671198,0,0,0,2.8620788352564
192,1,5,2000,2000,20771531,"ifeval_min30",2,3,2,3,0.05,2.59579779370688,0,0,0,0
193,1,5,2000,2000,20771531,"ifeval_min30",2,3,2,3,0.05,2.84351281123236,0,0,0,0
194,1,5,2000,2000,20771531,"ifeval_min30",2,3,2,3,0.05,2.71493483264931,0,0,0,0
195,1,5,2000,2000,20771531,"ifeval_min30",2,3,2,3,0.05,2.10724241379648,0,0,0,0
196,1,5,2000,2000,20771531,"ifeval_min30",2,3,2,3,0.05,2.65653531462885,0,0,0,0
197,1,5,2000,2000,20771531,"ifeval_min30",2,3,2,3,0.05,2.64968237210996,0,0,0,0
198,1,5,2000,2000,20771531,"ifeval_min30",2,3,2,3,0.05,2.52613708842546,0,0,0,0
199,1,5,2000,2000,20771531,"ifeval_min30",2,3,2,3,0.05,2.41923898016103,0,0,0,0
200,1,5,2000,2000,20771531,"ifeval_min30",2,3,2,3,0.05,2.50878221681342,0,0,0,0
201,1,5,2000,2000,20771531,"ifeval_min30",2,3,2,3,0.05,2.69095494202338,0,0,0,0
202,1,5,2000,2000,20771531,"ifeval_min30",2,3,2,3,0.05,2.95893190801144,0,0,-2.39885888481513,0
203,1,5,2000,2000,20771531,"ifeval_min30",2,3,2,3,0.05,2.83068043645471,0,0,0,0
204,1,5,2000,2000,20771531,"ifeval_min30",2,3,2,3,0.05,2.65715621015988,0,0,0,2.2660814805422
205,1,5,2000,2000,20771531,"ifeval_min30",2,3,2,3,0.05,2.9771475228481,0,0,0,0
206,1,5,2000,2000,20771531,"ifeval_min30",2,3,2,3,0.05,2.77646864647977,0,0,0,0
207,1,5,2000,2000,20771531,"ifeval_min30",2,3,2,3,0.05,2.97047411836684,0,0,0,0
208,1,5,2000,2000,20771531,"ifeval_min30",2,3,2,3,0.05,2.20133668649942,0,0,0,0
209,1,5,2000,2000,20771531,"ifeval_min30",2,3,2,3,0.05,2.18257719418034,0,0,0,0
210,1,5,2000,2000,20771531,"ifeval_min30",2,3,2,3,0.05,2.45704943384044,0,0,0,0
211,1,5,2000,2000,20771531,"ifeval_min30",2,3,2,3,0.05,2.26627191528678,0,0,0,0
212,1,5,2000,2000,20771531,"ifeval_min30",2,3,2,3,0.05,2.91032459237613,0,0,0,0
213,1,5,2000,2000,20771531,"ifeval_min30",2,3,2,3,0.05,2.90554856113158,0,0,0,0
214,1,5,2000,2000,20771531,"ifeval_min30",2,3,2,3,0.05,2.29176117340103,0,0,0,0
215,1,5,2000,2000,20771531,"ifeval_min30",2,3,2,3,0.05,2.21964859357104,0,0,0,0
216,1,5,2000,2000,20771531,"ifeval_min30",2,3,2,3,0.05,2.08048191317357,0,2.63345076260157,0,0
217,1,5,2000,2000,20771531,"ifeval_min30",2,3,2,3,0.05,2.6257941541262,0,0,0,0
218,1,5,2000,2000,20771531,"ifeval_min30",2,3,2,3,0.05,2.18604651303031,0,0,0,0
219,1,5,2000,2000,20771531,"ifeval_min30",2,3,2,3,0.05,2.1653366999235,0,0,0,0
220,1,5,2000,2000,20771531,"ifeval_min30",2,3,2,3,0.05,2.13547367951833,0,0,0,0
221,1,5,2000,2000,20771531,"ifeval_min30",2,3,2,3,0.05,2.76527574891225,2.75848314724863,0,0,0
222,1,5,2000,2000,20771531,"ifeval_min30",2,3,2,3,0.05,2.5030471784994,0,0,0,0
223,1,5,2000,2000,20771531,"ifeval_min30",2,3,2,3,0.05,2.44222477287985,0,0,0,0
224,1,5,2000,2000,20771531,"ifeval_min30",2,3,2,3,0.05,2.00553001626395,-2.64127206197008,0,0,0
225,1,5,2000,2000,20771531,"ifeval_min30",2,3,2,3,0.05,2.81704785046168,0,0,0,0
226,1,5,2000,2000,20771531,"ifeval_min30",2,3,2,3,0.05,2.43880921346135,0,0,0,0
227,1,5,2000,2000,20771531,"ifeval_min30",2,3,2,3,0.05,2.37024972215295,0,0,0,0
228,1,5,2000,2000,20771531,"ifeval_min30",2,3,2,3,0.05,2.13195868115872,0,0,0,0
229,1,5,2000,2000,20771531,"ifeval_min30",2,3,2,3,0.05,2.72393136355095,0,0,-2.79462921386585,0
230,1,5,2000,2000,20771531,"ifeval_min30",2,3,2,3,0.05,2.50064986036159,0,0,0,0
231,1,5,2000,2000,20771531,"ifeval_min30",2,3,2,3,0.05,2.01643730304204,0,0,0,0
232,1,5,2000,2000,20771531,"ifeval_min30",2,3,2,3,0.05,2.35383958765306,0,0,0,0
233,1,5,2000,2000,20771531,"ifeval_min30",2,3,2,3,0.05,2.28371108626015,0,0,0,0
234,1,5,2000,2000,20771531,"ifeval_min30",2,3,2,3,0.05,2.904399987543,0,0,0,0
235,1,5,2000,2000,20771531,"ifeval_min30",2,3,2,3,0.05,2.04813362937421,0,0,0,-2.64848950784653
236,1,5,2000,2000,20771531,"ifeval_min30",2,3,2,3,0.05,2.65634357579984,0,0,0,0
237,1,5,2000,2000,20771531,"ifeval_min30",2,3,2,3,0.05,2.94362609041855,0,0,0,0
238,1,5,2000,2000,20771531,"ifeval_min30",2,3,2,3,0.05,2.22415230795741,0,0,0,0
239,1,5,2000,2000,20771531,"ifeval_min30",2,3,2,3,0.05,2.43480811291374,0,0,0,0
240,1,5,2000,2000,20771531,"ifeval_min30",2,3,2,3,0.05,2.21089055459015,0,0,0,0
241,1,5,2000,2000,20771531,"ifeval_min30",2,3,2,3,0.05,2.01996006909758,0,0,0,0
242,1,5,2000,2000,20771531,"ifeval_min30",2,3,2,3,0.05,2.63344875001349,0,0,0,0
243,1,5,2000,2000,20771531,"ifeval_min30",2,3,2,3,0.05,2.09639820246957,2.42631220351905,-2.30282458057627,0,0
244,1,5,2000,2000,20771531,"ifeval_min30",2,3,2,3,0.05,2.92743170866743,0,0,0,0
245,1,5,2000,2000,20771531,"ifeval_min30",2,3,2,3,0.05,2.87675940035842,0,0,0,0
246,1,5,2000,2000,20771531,"ifeval_min30",2,3,2,3,0.05,2.44164196541533,0,0,0,0
247,1,5,2000,2000,20771531,"ifeval_min30",2,3,2,3,0.05,2.60157985193655,0,0,0,0
248,1,5,2000,2000,20771531,"ifeval_min30",2,3,2,3,0.05,2.56573537690565,0,0,0,0
249,1,5,2000,2000,20771531,"ifeval_min30",2,3,2,3,0.05,2.09339408925734,0,0,0,0
250,1,5,2000,2000,20771531,"ifeval_min30",2,3,2,3,0.05,2.85817919275723,0,0,0,0
251,1,5,2000,2000,20771531,"ifeval_min30",2,3,2,3,0.05,2.0960817548912,0,0,0,0
252,1,5,2000,2000,20771531,"ifeval_min30",2,3,2,3,0.05,2.77395387878641,0,0,0,0
253,1,5,2000,2000,20771531,"ifeval_min30",2,3,2,3,0.05,2.28335860441439,0,0,0,0
254,1,5,2000,2000,20771531,"ifeval_min30",2,3,2,3,0.05,2.33060761238448,0,0,0,0
255,1,5,2000,2000,20771531,"ifeval_min30",2,3,2,3,0.05,2.59671181626618,0,0,0,0
256,1,5,2000,2000,20771531,"ifeval_min30",2,3,2,3,0.05,2.2795871340204,2.91928352415562,0,0,0
257,1,5,2000,2000,20771531,"ifeval_min30",2,3,2,3,0.05,2.87097476515919,0,0,0,2.65323142125271
258,1,5,2000,2000,20771531,"ifeval_min30",2,3,2,3,0.05,2.87567347800359,2.50280823861249,0,0,0
259,1,5,2000,2000,20771531,"ifeval_min30",2,3,2,3,0.05,2.7436840957962,0,0,0,0
260,1,5,2000,2000,20771531,"ifeval_min30",2,3,2,3,0.05,2.48124259407632,0,0,0,0
261,1,5,2000,2000,20771531,"ifeval_min30",2,3,2,3,0.05,2.29471131041646,0,0,0,0
262,1,5,2000,2000,20771531,"ifeval_min30",2,3,2,3,0.05,2.52712371340021,0,0,0,2.98973798891529
263,1,5,2000,2000,20771531,"ifeval_min30",2,3,2,3,0.05,2.16828190442175,0,0,0,0
264,1,5,2000,2000,20771531,"ifeval_min30",2,3,2,3,0.05,2.52666720817797,0,0,0,0
265,1,5,2000,2000,20771531,"ifeval_min30",2,3,2,3,0.05,2.07310373545624,-2.92166510666721,0,0,0
266,1,5,2000,2000,20771531,"ifeval_min30",2,3,2,3,0.05,2.1115357009694,0,0,0,0
267,1,5,2000,2000,20771531,"ifeval_min30",2,3,2,3,0.05,2.51705961883999,0,0,0,0
268,1,5,2000,2000,20771531,"ifeval_min30",2,3,2,3,0.05,2.42181647266261,0,0,0,0
269,1,5,2000,2000,20771531,"ifeval_min30",2,3,2,3,0.05,2.30972913047299,0,0,0,0
270,1,5,2000,2000,20771531,"ifeval_min30",2,3,2,3,0.05,2.40345024922863,0,0,0,0
271,1,5,2000,2000,20771531,"ifeval_min30",2,3,2,3,0.05,2.72728449106216,0,0,0,-2.50109815574251
272,1,5,2000,2000,20771531,"ifeval_min30",2,3,2,3,0.05,2.69904350512661,0,0,0,0
273,1,5,2000,2000,20771531,"ifeval_min30",2,3,2,3,0.05,2.24640682223253,0,0,0,0
274,1,5,2000,2000,20771531,"ifeval_min30",2,3,2,3,0.05,2.01010147971101,0,0,0,0
275,1,5,2000,2000,20771531,"ifeval_min30",2,3,2,3,0.05,2.51853588782251,0,0,0,0
276,1,5,2000,2000,20771531,"ifeval_min30",2,3,2,3,0.05,2.0971154619474,0,0,0,0
277,1,5,2000,2000,20771531,"ifeval_min30",2,3,2,3,0.05,2.7465861660894,0,0,0,0
278,1,5,2000,2000,20771531,"ifeval_min30",2,3,2,3,0.05,2.21400899789296,0,0,0,0
279,1,5,2000,2000,20771531,"ifeval_min30",2,3,2,3,0.05,2.37649421324022,0,0,0,0
280,1,5,2000,2000,20771531,"ifeval_min30",2,3,2,3,0.05,2.62340609100647,0,0,0,0
281,1,5,2000,2000,20771531,"ifeval_min30",2,3,2,3,0.05,2.42822001315653,0,0,0,0
282,1,5,2000,2000,20771531,"ifeval_min30",2,3,2,3,0.05,2.46458834526129,0,0,0,0
283,1,5,2000,2000,20771531,"ifeval_min30",2,3,2,3,0.05,2.31103490735404,0,-2.84025575453416,0,-2.91066708299331
284,1,5,2000,2000,20771531,"ifeval_min30",2,3,2,3,0.05,2.27850619051605,0,0,0,0
285,1,5,2000,2000,20771531,"ifeval_min30",2,3,2,3,0.05,2.45005115959793,0,0,0,0
286,1,5,2000,2000,20771531,"ifeval_min30",2,3,2,3,0.05,2.31191503279842,0,0,0,0
287,1,5,2000,2000,20771531,"ifeval_min30",2,3,2,3,0.05,2.67259730980732,0,0,0,0
288,1,5,2000,2000,20771531,"ifeval_min30",2,3,2,3,0.05,2.45394913689233,0,0,0,2.10326455277391
289,1,5,2000,2000,20771531,"ifeval_min30",2,3,2,3,0.05,2.17520261579193,0,0,0,0
290,1,5,2000,2000,20771531,"ifeval_min30",2,3,2,3,0.05,2.85889810160734,0,-2.64243554370478,0,0
291,1,5,2000,2000,20771531,"ifeval_min30",2,3,2,3,0.05,2.05389486229979,0,0,0,0
292,1,5,2000,2000,20771531,"ifeval_min30",2,3,2,3,0.05,2.9729194638785,0,0,0,0
293,1,5,2000,2000,20771531,"ifeval_min30",2,3,2,3,0.05,2.71626581065357,0,0,2.47042922140099,0
294,1,5,2000,2000,20771531,"ifeval_min30",2,3,2,3,0.05,2.44135128404014,0,0,0,0
295,1,5,2000,2000,20771531,"ifeval_min30",2,3,2,3,0.05,2.19904654216953,0,0,0,0
296,1,5,2000,2000,20771531,"ifeval_min30",2,3,2,3,0.05,2.50076861376874,0,0,0,0
297,1,5,2000,2000,20771531,"ifeval_min30",2,3,2,3,0.05,2.64310021651909,0,0,0,0
298,1,5,2000,2000,20771531,"ifeval_min30",2,3,2,3,0.05,2.59595302282833,0,0,0,0
299,1,5,2000,2000,20771531,"ifeval_min30",2,3,2,3,0.05,2.01440592203289,0,-2.01574483676814,-2.59658721741289,0
300,1,5,2000,2000,20771531,"ifeval_min30",2,3,2,3,0.05,2.56657684664242,0,0,0,0
301,1,5,2000,2000,20771531,"ifeval_min30",2,3,2,3,0.05,2.53875636542216,0,0,0,0
302,1,5,2000,2000,20771531,"ifeval_min30",2,3,2,3,0.05,2.01338823325932,0,0,0,0
303,1,5,2000,2000,20771531,"ifeval_min30",2,3,2,3,0.05,2.05203956668265,0,0,0,0
304,1,5,2000,2000,20771531,"ifeval_min30",2,3,2,3,0.05,2.14013283792883,0,0,0,0
305,1,5,2000,2000,20771531,"ifeval_min30",2,3,2,3,0.05,2.93277448904701,0,-2.10471184877679,0,0
306,1,5,2000,2000,20771531,"ifeval_min30",2,3,2,3,0.05,2.28695985255763,-2.87719225278124,0,0,0
307,1,5,2000,2000,20771531,"ifeval_min30",2,3,2,3,0.05,2.68834562436678,0,0,0,0
308,1,5,2000,2000,20771531,"ifeval_min30",2,3,2,3,0.05,2.09234264097176,0,0,0,0
309,1,5,2000,2000,20771531,"ifeval_min30",2,3,2,3,0.05,2.74245348200202,0,0,0,0
310,1,5,2000,2000,20771531,"ifeval_min30",2,3,2,3,0.05,2.87921935855411,0,0,0,0
311,1,5,2000,2000,20771531,"ifeval_min30",2,3,2,3,0.05,2.6596732721664,0,0,0,0
312,1,5,2000,2000,20771531,"ifeval_min30",2,3,2,3,0.05,2.7416416653432,0,0,0,0
313,1,5,2000,2000,20771531,"ifeval_min30",2,3,2,3,0.05,2.97424382576719,0,0,0,0
314,1,5,2000,2000,20771531,"ifeval_min30",2,3,2,3,0.05,2.25678497250192,0,0,0,0
315,1,5,2000,2000,20771531,"ifeval_min30",2,3,2,3,0.05,2.70361608150415,0,0,0,0
316,1,5,2000,2000,20771531,"ifeval_min30",2,3,2,3,0.05,2.97322780778632,0,0,0,0
317,1,5,2000,2000,20771531,"ifeval_min30",2,3,2,3,0.05,2.59444377594627,0,0,0,0
318,1,5,2000,2000,20771531,"ifeval_min30",2,3,2,3,0.05,2.35525359283201,0,0,0,0
319,1,5,2000,2000,20771531,"ifeval_min30",2,3,2,3,0.05,2.56998376874253,0,0,0,0
320,1,5,2000,2000,20771531,"ifeval_min30",2,3,2,3,0.05,2.60494959284551,0,0,0,0
321,1,5,2000,2000,20771531,"ifeval_min30",2,3,2,3,0.05,2.55079632927664,0,0,0,0
322,1,5,2000,2000,20771531,"ifeval_min30",2,3,2,3,0.05,2.4656491803471,0,0,0,0
323,1,5,2000,2000,20771531,"ifeval_min30",2,3,2,3,0.05,2.81941612157971,0,0,0,0
324,1,5,2000,2000,20771531,"ifeval_min30",2,3,2,3,0.05,2.88819360360503,0,0,0,0
325,1,5,2000,2000,20771531,"ifeval_min30",2,3,2,3,0.05,2.49743584031239,2.72967448970303,0,0,0
326,1,5,2000,2000,20771531,"ifeval_min30",2,3,2,3,0.05,2.51291397190653,0,0,0,0
327,1,5,2000,2000,20771531,"ifeval_min30",2,3,2,3,0.05,2.07293568085879,0,0,0,0
328,1,5,2000,2000,20771531,"ifeval_min30",2,3,2,3,0.05,2.70790437073447,0,0,0,0
329,1,5,2000,2000,20771531,"ifeval_min30",2,3,2,3,0.05,2.06805861764587,0,0,0,0
330,1,5,2000,2000,20771531,"ifeval_min30",2,3,2,3,0.05,2.55306782852858,0,0,0,0
331,1,5,2000,2000,20771531,"ifeval_min30",2,3,2,3,0.05,2.29043313371949,0,0,0,0
332,1,5,2000,2000,20771531,"ifeval_min30",2,3,2,3,0.05,2.31577677070163,0,0,0,0
333,1,5,2000,2000,20771531,"ifeval_min30",2,3,2,3,0.05,2.09261747333221,0,0,0,0
334,1,5,2000,2000,20771531,"ifeval_min30",2,3,2,3,0.05,2.11382825137116,0,0,0,0
335,1,5,2000,2000,20771531,"ifeval_min30",2,3,2,3,0.05,2.19313294254243,0,0,0,0
336,1,5,2000,2000,20771531,"ifeval_min30",2,3,2,3,0.05,2.17766826949082,0,0,0,0
337,1,5,2000,2000,20771531,"ifeval_min30",2,3,2,3,0.05,2.38663600408472,0,0,0,2.14053591364063
338,1,5,2000,2000,20771531,"ifeval_min30",2,3,2,3,0.05,2.23779425793327,0,0,0,0
339,1,5,2000,2000,20771531,"ifeval_min30",2,3,2,3,0.05,2.45432007452473,0,0,0,0
340,1,5,2000,2000,20771531,"ifeval_min30",2,3,2,3,0.05,2.63986309478059,0,0,2.93417790578678,0
341,1,5,2000,2000,20771531,"ifeval_min30",2,3,2,3,0.05,2.056524167303,0,0,0,0
342,1,5,2000,2000,20771531,"ifeval_min30",2,3,2,3,0.05,2.95199655345641,0,0,0,0
343,1,5,2000,2000,20771531,"ifeval_min30",2,3,2,3,0.05,2.28656601696275,0,0,0,0
344,1,5,2000,2000,20771531,"ifeval_min30",2,3,2,3,0.05,2.76341286627576,0,0,0,0
345,1,5,2000,2000,20771531,"ifeval_min30",2,3,2,3,0.05,2.25440707313828,0,0,-2.24082107609138,0
346,1,5,2000,2000,20771531,"ifeval_min30",2,3,2,3,0.05,2.5956963726785,-2.22141795512289,0,0,0
347,1,5,2000,2000,20771531,"ifeval_min30",2,3,2,3,0.05,2.61192419519648,0,0,0,0
348,1,5,2000,2000,20771531,"ifeval_min30",2,3,2,3,0.05,2.98590854089707,0,0,0,0
349,1,5,2000,2000,20771531,"ifeval_min30",2,3,2,3,0.05,2.46004511951469,0,0,0,2.88162801438011
350,1,5,2000,2000,20771531,"ifeval_min30",2,3,2,3,0.05,2.58789117448032,0,0,0,0
351,1,5,2000,2000,20771531,"ifeval_min30",2,3,2,3,0.05,2.31420535501093,0,-2.61225629691035,0,0
352,1,5,2000,2000,20771531,"ifeval_min30",2,3,2,3,0.05,2.0079757522326,0,0,0,0
353,1,5,2000,2000,20771531,"ifeval_min30",2,3,2,3,0.05,2.92062042793259,0,0,0,0
354,1,5,2000,2000,20771531,"ifeval_min30",2,3,2,3,0.05,2.98728181351908,0,0,0,0
355,1,5,2000,2000,20771531,"ifeval_min30",2,3,2,3,0.05,2.72209863038734,0,0,0,0
356,1,5,2000,2000,20771531,"ifeval_min30",2,3,2,3,0.05,2.51912186620757,0,0,0,0
357,1,5,2000,2000,20771531,"ifeval_min30",2,3,2,3,0.05,2.76159351714887,0,0,2.47939843847416,0
358,1,5,2000,2000,20771531,"ifeval_min30",2,3,2,3,0.05,2.7099960797932,0,0,0,0
359,1,5,2000,2000,20771531,"ifeval_min30",2,3,2,3,0.05,2.63519440009259,0,0,0,0
360,1,5,2000,2000,20771531,"ifeval_min30",2,3,2,3,0.05,2.65409355936572,0,0,0,0
361,1,5,2000,2000,20771531,"ifeval_min30",2,3,2,3,0.05,2.04155646101572,0,0,0,0
362,1,5,2000,2000,20771531,"ifeval_min30",2,3,2,3,0.05,2.96823406452313,0,0,0,0
363,1,5,2000,2000,20771531,"ifeval_min30",2,3,2,3,0.05,2.21611309447326,0,0,0,0
364,1,5,2000,2000,20771531,"ifeval_min30",2,3,2,3,0.05,2.49420061521232,2.05837389710359,0,0,0
365,1,5,2000,2000,20771531,"ifeval_min30",2,3,2,3,0.05,2.07605303754099,0,0,0,0
366,1,5,2000,2000,20771531,"ifeval_min30",2,3,2,3,0.05,2.3611050285399,0,0,0,2.98479191004299
367,1,5,2000,2000,20771531,"ifeval_min30",2,3,2,3,0.05,2.67375121847726,0,0,0,0
368,1,5,2000,2000,20771531,"ifeval_min30",2,3,2,3,0.05,2.10745335160755,0,0,0,0
369,1,5,2000,2000,20771531,"ifeval_min30",2,3,2,3,0.05,2.53884177585132,0,0,0,0
370,1,5,2000,2000,20771531,"ifeval_min30",2,3,2,3,0.05,2.40653674700297,0,0,0,0
371,1,5,2000,2000,20771531,"ifeval_min30",2,3,2,3,0.05,2.08989745937288,0,0,0,0
372,1,5,2000,2000,20771531,"ifeval_min30",2,3,2,3,0.05,2.58816096629016,0,0,0,0
373,1,5,2000,2000,20771531,"ifeval_min30",2,3,2,3,0.05,2.54159726155922,0,0,0,0
374,1,5,2000,2000,20771531,"ifeval_min30",2,3,2,3,0.05,2.58573151007295,0,0,0,0
375,1,5,2000,2000,20771531,"ifeval_min30",2,3,2,3,0.05,2.04500028933398,0,0,0,0
376,1,5,2000,2000,20771531,"ifeval_min30",2,3,2,3,0.05,2.54553169966675,-2.59104990260676,0,0,-2.65466931415722
377,1,5,2000,2000,20771531,"ifeval_min30",2,3,2,3,0.05,2.0442970416043,0,0,0,0
378,1,5,2000,2000,20771531,"ifeval_min30",2,3,2,3,0.05,2.3864588085562,0,0,0,0
379,1,5,2000,2000,20771531,"ifeval_min30",2,3,2,3,0.05,2.43440928845666,0,0,0,0
380,1,5,2000,2000,20771531,"ifeval_min30",2,3,2,3,0.05,2.17094581550919,0,0,0,-2.07430715928786
381,1,5,2000,2000,20771531,"ifeval_min30",2,3,2,3,0.05,2.59530578250997,0,0,0,0
382,1,5,2000,2000,20771531,"ifeval_min30",2,3,2,3,0.05,2.99936890928075,0,0,0,-2.48444271180779
383,1,5,2000,2000,20771531,"ifeval_min30",2,3,2,3,0.05,2.51747460896149,0,0,0,0
384,1,5,2000,2000,20771531,"ifeval_min30",2,3,2,3,0.05,2.5368382523302,0,0,0,0
385,1,5,2000,2000,20771531,"ifeval_min30",2,3,2,3,0.05,2.4019991743844,0,0,0,0
386,1,5,2000,2000,20771531,"ifeval_min30",2,3,2,3,0.05,2.29435698525049,2.5039732591249,0,0,-2.36600879719481
387,1,5,2000,2000,20771531,"ifeval_min30",2,3,2,3,0.05,2.85804620711133,0,0,0,0
388,1,5,2000,2000,20771531,"ifeval_min30",2,3,2,3,0.05,2.59467484452762,0,0,0,0
389,1,5,2000,2000,20771531,"ifeval_min30",2,3,2,3,0.05,2.39494477328844,0,0,0,0
390,1,5,2000,2000,20771531,"ifeval_min30",2,3,2,3,0.05,2.66599991754629,0,0,0,0
391,1,5,2000,2000,20771531,"ifeval_min30",2,3,2,3,0.05,2.83185212337412,0,0,0,0
392,1,5,2000,2000,20771531,"ifeval_min30",2,3,2,3,0.05,2.78669954231009,0,0,0,0
393,1,5,2000,2000,20771531,"ifeval_min30",2,3,2,3,0.05,2.76791604794562,0,0,0,2.99260451435111
394,1,5,2000,2000,20771531,"ifeval_min30",2,3,2,3,0.05,2.82782161119394,0,0,0,0
395,1,5,2000,2000,20771531,"ifeval_min30",2,3,2,3,0.05,2.68006095988676,0,0,0,0
396,1,5,2000,2000,20771531,"ifeval_min30",2,3,2,3,0.05,2.176415608963,0,0,0,0
397,1,5,2000,2000,20771531,"ifeval_min30",2,3,2,3,0.05,2.38982418831438,0,0,0,0
398,1,5,2000,2000,20771531,"ifeval_min30",2,3,2,3,0.05,2.60153605276719,0,0,0,0
399,1,5,2000,2000,20771531,"ifeval_min30",2,3,2,3,0.05,2.1818807341624,0,0,0,0
400,1,5,2000,2000,20771531,"ifeval_min30",2,3,2,3,0.05,2.85971104260534,0,0,0,0
401,1,5,2000,2000,20771531,"ifeval_min30",2,3,2,3,0.05,2.11194416298531,0,0,0,0
402,1,5,2000,2000,20771531,"ifeval_min30",2,3,2,3,0.05,2.80970855313353,0,0,0,0
403,1,5,2000,2000,20771531,"ifeval_min30",2,3,2,3,0.05,2.23338722786866,0,0,0,0
404,1,5,2000,2000,20771531,"ifeval_min30",2,3,2,3,0.05,2.56765776523389,0,-2.45471770153381,0,0
405,1,5,2000,2000,20771531,"ifeval_min30",2,3,2,3,0.05,2.92205543164164,0,0,0,0
406,1,5,2000,2000,20771531,"ifeval_min30",2,3,2,3,0.05,2.62515185913071,0,0,0,0
407,1,5,2000,2000,20771531,"ifeval_min30",2,3,2,3,0.05,2.01775552146137,0,0,0,0
408,1,5,2000,2000,20771531,"ifeval_min30",2,3,2,3,0.05,2.4653598931618,0,0,0,0
409,1,5,2000,2000,20771531,"ifeval_min30",2,3,2,3,0.05,2.58840277139097,0,2.30545909143984,0,0
410,1,5,2000,2000,20771531,"ifeval_min30",2,3,2,3,0.05,2.11285054753534,0,0,0,0
411,1,5,2000,2000,20771531,"ifeval_min30",2,3,2,3,0.05,2.23345767171122,0,0,0,0
412,1,5,2000,2000,20771531,"ifeval_min30",2,3,2,3,0.05,2.10322820697911,0,0,0,0
413,1,5,2000,2000,20771531,"ifeval_min30",2,3,2,3,0.05,2.61167736933567,0,0,0,0
414,1,5,2000,2000,20771531,"ifeval_min30",2,3,2,3,0.05,2.6631663471926,0,0,0,0
415,1,5,2000,2000,20771531,"ifeval_min30",2,3,2,3,0.05,2.52469903440215,0,0,0,0
416,1,5,2000,2000,20771531,"ifeval_min30",2,3,2,3,0.05,2.32670572097413,0,-2.94682280812413,0,0
417,1,5,2000,2000,20771531,"ifeval_min30",2,3,2,3,0.05,2.16741666197777,0,0,0,0
418,1,5,2000,2000,20771531,"ifeval_min30",2,3,2,3,0.05,2.40183282736689,0,0,0,0
419,1,5,2000,2000,20771531,"ifeval_min30",2,3,2,3,0.05,2.18540115049109,0,0,0,0
420,1,5,2000,2000,20771531,"ifeval_min30",2,3,2,3,0.05,2.30966476094909,0,0,0,0
421,1,5,2000,2000,20771531,"ifeval_min30",2,3,2,3,0.05,2.72236531157978,0,0,0,0
422,1,5,2000,2000,20771531,"ifeval_min30",2,3,2,3,0.05,2.22100076894276,0,-2.51358417142183,0,0
423,1,5,2000,2000,20771531,"ifeval_min30",2,3,2,3,0.05,2.11255625705235,0,0,0,0
424,1,5,2000,2000,20771531,"ifeval_min30",2,3,2,3,0.05,2.72661519609392,0,0,0,0
425,1,5,2000,2000,20771531,"ifeval_min30",2,3,2,3,0.05,2.58438553032465,0,0,0,0
426,1,5,2000,2000,20771531,"ifeval_min30",2,3,2,3,0.05,2.19957106257789,0,0,0,0
427,1,5,2000,2000,20771531,"ifeval_min30",2,3,2,3,0.05,2.60207543778233,0,0,0,0
428,1,5,2000,2000,20771531,"ifeval_min30",2,3,2,3,0.05,2.62207752442919,0,0,0,2.71545352670364
429,1,5,2000,2000,20771531,"ifeval_min30",2,3,2,3,0.05,2.74412511894479,0,0,0,0
430,1,5,2000,2000,20771531,"ifeval_min30",2,3,2,3,0.05,2.28507691319101,0,0,0,0
431,1,5,2000,2000,20771531,"ifeval_min30",2,3,2,3,0.05,2.7235516468063,0,0,0,0
432,1,5,2000,2000,20771531,"ifeval_min30",2,3,2,3,0.05,2.39094176935032,0,0,0,2.55132719711401
433,1,5,2000,2000,20771531,"ifeval_min30",2,3,2,3,0.05,2.36435740836896,0,0,0,0
434,1,5,2000,2000,20771531,"ifeval_min30",2,3,2,3,0.05,2.61526536988094,0,0,0,0
435,1,5,2000,2000,20771531,"ifeval_min30",2,3,2,3,0.05,2.91337987990119,0,0,0,0
436,1,5,2000,2000,20771531,"ifeval_min30",2,3,2,3,0.05,2.11941018281505,0,0,0,0
437,1,5,2000,2000,20771531,"ifeval_min30",2,3,2,3,0.05,2.00853827432729,0,0,0,0
438,1,5,2000,2000,20771531,"ifeval_min30",2,3,2,3,0.05,2.87282998720184,0,0,0,0
439,1,5,2000,2000,20771531,"ifeval_min30",2,3,2,3,0.05,2.58746484294534,0,0,0,0
440,1,5,2000,2000,20771531,"ifeval_min30",2,3,2,3,0.05,2.52158195292577,0,0,0,0
441,1,5,2000,2000,20771531,"ifeval_min30",2,3,2,3,0.05,2.75458821002394,0,0,0,0
442,1,5,2000,2000,20771531,"ifeval_min30",2,3,2,3,0.05,2.00298666092567,0,0,0,0
443,1,5,2000,2000,20771531,"ifeval_min30",2,3,2,3,0.05,2.62787507264875,0,0,0,0
444,1,5,2000,2000,20771531,"ifeval_min30",2,3,2,3,0.05,2.02534516854212,0,0,0,0
445,1,5,2000,2000,20771531,"ifeval_min30",2,3,2,3,0.05,2.61410001362674,0,0,0,0
446,1,5,2000,2000,20771531,"ifeval_min30",2,3,2,3,0.05,2.13192630396225,0,0,0,0
447,1,5,2000,2000,20771531,"ifeval_min30",2,3,2,3,0.05,2.75275958841667,0,0,0,0
448,1,5,2000,2000,20771531,"ifeval_min30",2,3,2,3,0.05,2.54806894995272,0,0,0,0
449,1,5,2000,2000,20771531,"ifeval_min30",2,3,2,3,0.05,2.11426420230418,0,0,0,0
450,1,5,2000,2000,20771531,"ifeval_min30",2,3,2,3,0.05,2.90446077217348,0,0,0,0
451,1,5,2000,2000,20771531,"ifeval_min30",2,3,2,3,0.05,2.38284743786789,0,0,0,0
452,1,5,2000,2000,20771531,"ifeval_min30",2,3,2,3,0.05,2.22091601206921,0,0,0,0
453,1,5,2000,2000,20771531,"ifeval_min30",2,3,2,3,0.05,2.98242717771791,0,0,0,0
454,1,5,2000,2000,20771531,"ifeval_min30",2,3,2,3,0.05,2.99146857182495,0,0,0,0
455,1,5,2000,2000,20771531,"ifeval_min30",2,3,2,3,0.05,2.89340147795156,0,0,0,0
456,1,5,2000,2000,20771531,"ifeval_min30",2,3,2,3,0.05,2.16774186491966,0,0,0,0
457,1,5,2000,2000,20771531,"ifeval_min30",2,3,2,3,0.05,2.24812637409195,0,0,0,0
458,1,5,2000,2000,20771531,"ifeval_min30",2,3,2,3,0.05,2.63145888992585,0,0,0,0
459,1,5,2000,2000,20771531,"ifeval_min30",2,3,2,3,0.05,2.61021717800759,0,0,0,0
460,1,5,2000,2000,20771531,"ifeval_min30",2,3,2,3,0.05,2.47184494277462,0,0,0,0
461,1,5,2000,2000,20771531,"ifeval_min30",2,3,2,3,0.05,2.44123183260672,0,0,0,-2.38639730028808
462,1,5,2000,2000,20771531,"ifeval_min30",2,3,2,3,0.05,2.63784442725591,0,0,0,0
463,1,5,2000,2000,20771531,"ifeval_min30",2,3,2,3,0.05,2.19424297008663,0,0,0,0
464,1,5,2000,2000,20771531,"ifeval_min30",2,3,2,3,0.05,2.35824927687645,0,0,0,0
465,1,5,2000,2000,20771531,"ifeval_min30",2,3,2,3,0.05,2.81956660212018,0,0,0,0
466,1,5,2000,2000,20771531,"ifeval_min30",2,3,2,3,0.05,2.23495330940932,0,0,0,0
467,1,5,2000,2000,20771531,"ifeval_min30",2,3,2,3,0.05,2.30902388179675,0,0,0,0
468,1,5,2000,2000,20771531,"ifeval_min30",2,3,2,3,0.05,2.4411887510214,0,0,0,0
469,1,5,2000,2000,20771531,"ifeval_min30",2,3,2,3,0.05,2.2111550362315,0,0,0,0
470,1,5,2000,2000,20771531,"ifeval_min30",2,3,2,3,0.05,2.2155865712557,0,0,0,0
471,1,5,2000,2000,20771531,"ifeval_min30",2,3,2,3,0.05,2.20126628899015,0,0,0,2.34241873561405
472,1,5,2000,2000,20771531,"ifeval_min30",2,3,2,3,0.05,2.10569598269649,0,0,0,0
473,1,5,2000,2000,20771531,"ifeval_min30",2,3,2,3,0.05,2.15634068683721,-2.94261907343753,0,0,0
474,1,5,2000,2000,20771531,"ifeval_min30",2,3,2,3,0.05,2.92070415313356,0,0,0,0
475,1,5,2000,2000,20771531,"ifeval_min30",2,3,2,3,0.05,2.44694181042723,0,0,0,0
476,1,5,2000,2000,20771531,"ifeval_min30",2,3,2,3,0.05,2.86739328014664,0,0,0,0
477,1,5,2000,2000,20771531,"ifeval_min30",2,3,2,3,0.05,2.39483430446126,0,0,0,0
478,1,5,2000,2000,20771531,"ifeval_min30",2,3,2,3,0.05,2.07325978856534,0,0,0,0
479,1,5,2000,2000,20771531,"ifeval_min30",2,3,2,3,0.05,2.2404030894395,0,0,0,0
480,1,5,2000,2000,20771531,"ifeval_min30",2,3,2,3,0.05,2.06663528713398,0,0,0,0
481,1,5,2000,2000,20771531,"ifeval_min30",2,3,2,3,0.05,2.33437124383636,0,2.86645304015838,0,0
482,1,5,2000,2000,20771531,"ifeval_min30",2,3,2,3,0.05,2.64723156462424,0,0,0,0
483,1,5,2000,2000,20771531,"ifeval_min30",2,3,2,3,0.05,2.43169185356237,0,0,0,0
484,1,5,2000,2000,20771531,"ifeval_min30",2,3,2,3,0.05,2.38019684958272,0,0,0,-2.80169364018366
485,1,5,2000,2000,20771531,"ifeval_min30",2,3,2,3,0.05,2.49506396776997,0,0,0,0
486,1,5,2000,2000,20771531,"ifeval_min30",2,3,2,3,0.05,2.52925065672025,0,0,0,0
487,1,5,2000,2000,20771531,"ifeval_min30",2,3,2,3,0.05,2.81422700872645,0,0,0,0
488,1,5,2000,2000,20771531,"ifeval_min30",2,3,2,3,0.05,2.01161149074323,0,0,0,0
489,1,5,2000,2000,20771531,"ifeval_min30",2,3,2,3,0.05,2.9782198544126,0,0,0,0
490,1,5,2000,2000,20771531,"ifeval_min30",2,3,2,3,0.05,2.49775102338754,0,0,0,0
491,1,5,2000,2000,20771531,"ifeval_min30",2,3,2,3,0.05,2.50425883289427,0,0,0,0
492,1,5,2000,2000,20771531,"ifeval_min30",2,3,2,3,0.05,2.16242075804621,0,0,0,0
493,1,5,2000,2000,20771531,"ifeval_min30",2,3,2,3,0.05,2.14172951411456,0,0,0,0
494,1,5,2000,2000,20771531,"ifeval_min30",2,3,2,3,0.05,2.95870242873207,-2.39713014266454,0,0,0
495,1,5,2000,2000,20771531,"ifeval_min30",2,3,2,3,0.05,2.091388983652,0,0,2.5027715000324,0
496,1,5,2000,2000,20771531,"ifeval_min30",2,3,2,3,0.05,2.32477477844805,0,0,0,0
497,1,5,2000,2000,20771531,"ifeval_min30",2,3,2,3,0.05,2.83237308217213,0,0,0,0
498,1,5,2000,2000,20771531,"ifeval_min30",2,3,2,3,0.05,2.59503211150877,0,0,2.67355054593645,0
499,1,5,2000,2000,20771531,"ifeval_min30",2,3,2,3,0.05,2.1090460352134,0,0,0,0
500,1,5,2000,2000,20771531,"ifeval_min30",2,3,2,3,0.05,2.55014667729847,0,0,0,0
501,1,5,2000,2000,20771531,"ifeval_min30",2,3,2,3,0.05,2.10782876145095,0,0,0,-2.11437468160875
502,1,5,2000,2000,20771531,"ifeval_min30",2,3,2,3,0.05,2.44416212756187,0,0,0,0
503,1,5,2000,2000,20771531,"ifeval_min30",2,3,2,3,0.05,2.62327630794607,0,0,0,0
504,1,5,2000,2000,20771531,"ifeval_min30",2,3,2,3,0.05,2.26835899660364,0,0,0,0
505,1,5,2000,2000,20771531,"ifeval_min30",2,3,2,3,0.05,2.29986480600201,0,0,2.92669705604203,0
506,1,5,2000,2000,20771531,"ifeval_min30",2,3,2,3,0.05,2.76535027846694,0,0,0,0
507,1,5,2000,2000,20771531,"ifeval_min30",2,3,2,3,0.05,2.97423059307039,0,0,0,0
508,1,5,2000,2000,20771531,"ifeval_min30",2,3,2,3,0.05,2.12896183691919,0,0,0,0
509,1,5,2000,2000,20771531,"ifeval_min30",2,3,2,3,0.05,2.73131569544785,0,0,0,0
510,1,5,2000,2000,20771531,"ifeval_min30",2,3,2,3,0.05,2.9281377166044,0,0,0,0
511,1,5,2000,2000,20771531,"ifeval_min30",2,3,2,3,0.05,2.91798520763405,0,0,0,0
512,1,5,2000,2000,20771531,"ifeval_min30",2,3,2,3,0.05,2.82673705439083,0,0,0,0
513,1,5,2000,2000,20771531,"ifeval_min30",2,3,2,3,0.05,2.94822114007547,0,0,0,0
514,1,5,2000,2000,20771531,"ifeval_min30",2,3,2,3,0.05,2.83920770790428,0,0,0,0
515,1,5,2000,2000,20771531,"ifeval_min30",2,3,2,3,0.05,2.37222039070912,-2.957951646531,0,0,0
516,1,5,2000,2000,20771531,"ifeval_min30",2,3,2,3,0.05,2.26909078867175,0,0,0,0
517,1,5,2000,2000,20771531,"ifeval_min30",2,3,2,3,0.05,2.08392461459152,0,0,0,0
518,1,5,2000,2000,20771531,"ifeval_min30",2,3,2,3,0.05,2.45763050834648,0,0,0,0
519,1,5,2000,2000,20771531,"ifeval_min30",2,3,2,3,0.05,2.15673838998191,0,0,0,0
520,1,5,2000,2000,20771531,"ifeval_min30",2,3,2,3,0.05,2.36083732475527,0,0,0,0
521,1,5,2000,2000,20771531,"ifeval_min30",2,3,2,3,0.05,2.62502650939859,0,0,0,0
522,1,5,2000,2000,20771531,"ifeval_min30",2,3,2,3,0.05,2.05152834532782,0,0,0,0
523,1,5,2000,2000,20771531,"ifeval_min30",2,3,2,3,0.05,2.75019969744608,0,0,0,0
524,1,5,2000,2000,20771531,"ifeval_min30",2,3,2,3,0.05,2.01759535935707,0,0,0,0
525,1,5,2000,2000,20771531,"ifeval_min30",2,3,2,3,0.05,2.96873150765896,0,0,0,0
526,1,5,2000,2000,20771531,"ifeval_min30",2,3,2,3,0.05,2.11928331409581,0,0,0,0
527,1,5,2000,2000,20771531,"ifeval_min30",2,3,2,3,0.05,2.76020424487069,0,0,0,0
528,1,5,2000,2000,20771531,"ifeval_min30",2,3,2,3,0.05,2.20964317047037,0,0,0,0
529,1,5,2000,2000,20771531,"ifeval_min30",2,3,2,3,0.05,2.92062616231851,0,0,0,0
530,1,5,2000,2000,20771531,"ifeval_min30",2,3,2,3,0.05,2.42778677772731,2.57434670813382,0,0,0
531,1,5,2000,2000,20771531,"ifeval_min30",2,3,2,3,0.05,2.34357760054991,0,0,0,0
532,1,5,2000,2000,20771531,"ifeval_min30",2,3,2,3,0.05,2.59069295879453,0,0,0,0
533,1,5,2000,2000,20771531,"ifeval_min30",2,3,2,3,0.05,2.66574616497383,0,0,0,0
534,1,5,2000,2000,20771531,"ifeval_min30",2,3,2,3,0.05,2.35221020504832,0,0,0,0
535,1,5,2000,2000,20771531,"ifeval_min30",2,3,2,3,0.05,2.19477935438044,0,0,0,0
536,1,5,2000,2000,20771531,"ifeval_min30",2,3,2,3,0.05,2.82204561284743,0,0,0,0
537,1,5,2000,2000,20771531,"ifeval_min30",2,3,2,3,0.05,2.32412804244086,0,0,0,2.32131224102341
538,1,5,2000,2000,20771531,"ifeval_min30",2,3,2,3,0.05,2.0480857565999,0,0,0,0
539,1,5,2000,2000,20771531,"ifeval_min30",2,3,2,3,0.05,2.9363689746242,0,0,0,0
540,1,5,2000,2000,20771531,"ifeval_min30",2,3,2,3,0.05,2.75138388900086,0,0,0,0
541,1,5,2000,2000,20771531,"ifeval_min30",2,3,2,3,0.05,2.14317110623233,0,0,0,0
542,1,5,2000,2000,20771531,"ifeval_min30",2,3,2,3,0.05,2.91465495387092,2.38083687401377,0,0,0
543,1,5,2000,2000,20771531,"ifeval_min30",2,3,2,3,0.05,2.33737127785571,0,0,0,0
544,1,5,2000,2000,20771531,"ifeval_min30",2,3,2,3,0.05,2.19608540809713,0,0,0,-2.9732230277732
545,1,5,2000,2000,20771531,"ifeval_min30",2,3,2,3,0.05,2.34758167993277,0,0,0,0
546,1,5,2000,2000,20771531,"ifeval_min30",2,3,2,3,0.05,2.18596218060702,0,0,0,-2.23342115641572
547,1,5,2000,2000,20771531,"ifeval_min30",2,3,2,3,0.05,2.99927431694232,0,0,0,0
548,1,5,2000,2000,20771531,"ifeval_min30",2,3,2,3,0.05,2.66484543099068,0,0,0,0
549,1,5,2000,2000,20771531,"ifeval_min30",2,3,2,3,0.05,2.50576256192289,0,0,0,0
550,1,5,2000,2000,20771531,"ifeval_min30",2,3,2,3,0.05,2.76152566866949,0,0,0,2.49597832607105
551,1,5,2000,2000,20771531,"ifeval_min30",2,3,2,3,0.05,2.04815055220388,0,2.70236565452069,0,0
552,1,5,2000,2000,20771531,"ifeval_min30",2,3,2,3,0.05,2.84046934824437,-2.30226529575884,0,0,0
553,1,5,2000,2000,20771531,"ifeval_min30",2,3,2,3,0.05,2.58182578068227,0,0,0,0
554,1,5,2000,2000,20771531,"ifeval_min30",2,3,2,3,0.05,2.80046298773959,0,0,0,0
555,1,5,2000,2000,20771531,"ifeval_min30",2,3,2,3,0.05,2.75756523828022,0,0,0,0
556,1,5,2000,2000,20771531,"ifeval_min30",2,3,2,3,0.05,2.53798220911995,0,0,0,-2.80106464447454
557,1,5,2000,2000,20771531,"ifeval_min30",2,3,2,3,0.05,2.76250951457769,0,0,0,0
558,1,5,2000,2000,20771531,"ifeval_min30",2,3,2,3,0.05,2.99871464096941,0,0,0,0
559,1,5,2000,2000,20771531,"ifeval_min30",2,3,2,3,0.05,2.91646747034974,0,0,0,0
560,1,5,2000,2000,20771531,"ifeval_min30",2,3,2,3,0.05,2.66951904119924,0,0,0,0
561,1,5,2000,2000,20771531,"ifeval_min30",2,3,2,3,0.05,2.37336418544874,-2.2176424190402,0,0,0
562,1,5,2000,2000,20771531,"ifeval_min30",2,3,2,3,0.05,2.49407275696285,0,0,0,0
563,1,5,2000,2000,20771531,"ifeval_min30",2,3,2,3,0.05,2.65250652679242,0,0,0,0
564,1,5,2000,2000,20771531,"ifeval_min30",2,3,2,3,0.05,2.44528619130142,0,0,0,0
565,1,5,2000,2000,20771531,"ifeval_min30",2,3,2,3,0.05,2.41194906691089,0,0,0,0
566,1,5,2000,2000,20771531,"ifeval_min30",2,3,2,3,0.05,2.21321706147864,0,0,0,0
567,1,5,2000,2000,20771531,"ifeval_min30",2,3,2,3,0.05,2.86511827679351,0,0,0,0
568,1,5,2000,2000,20771531,"ifeval_min30",2,3,2,3,0.05,2.83651903783903,0,0,0,0
569,1,5,2000,2000,20771531,"ifeval_min30",2,3,2,3,0.05,2.67838073777966,0,0,0,0
570,1,5,2000,2000,20771531,"ifeval_min30",2,3,2,3,0.05,2.70915262517519,0,0,0,-2.65953480894677
571,1,5,2000,2000,20771531,"ifeval_min30",2,3,2,3,0.05,2.94401055970229,0,0,0,0
572,1,5,2000,2000,20771531,"ifeval_min30",2,3,2,3,0.05,2.54283649940044,0,0,0,0
573,1,5,2000,2000,20771531,"ifeval_min30",2,3,2,3,0.05,2.33059605536982,0,0,0,0
574,1,5,2000,2000,20771531,"ifeval_min30",2,3,2,3,0.05,2.74514198838733,0,-2.92555145034567,0,0
575,1,5,2000,2000,20771531,"ifeval_min30",2,3,2,3,0.05,2.08387844148092,0,0,0,0
576,1,5,2000,2000,20771531,"ifeval_min30",2,3,2,3,0.05,2.8541572119575,0,0,0,0
577,1,5,2000,2000,20771531,"ifeval_min30",2,3,2,3,0.05,2.28297274908982,0,0,0,0
578,1,5,2000,2000,20771531,"ifeval_min30",2,3,2,3,0.05,2.80799312214367,0,0,0,0
579,1,5,2000,2000,20771531,"ifeval_min30",2,3,2,3,0.05,2.18885009968653,0,0,0,0
580,1,5,2000,2000,20771531,"ifeval_min30",2,3,2,3,0.05,2.38189268065616,0,0,0,0
581,1,5,2000,2000,20771531,"ifeval_min30",2,3,2,3,0.05,2.22496116324328,0,0,0,0
582,1,5,2000,2000,20771531,"ifeval_min30",2,3,2,3,0.05,2.13069489831105,2.51431908435188,0,0,2.57561246166006
583,1,5,2000,2000,20771531,"ifeval_min30",2,3,2,3,0.05,2.71776767959818,0,0,0,0
584,1,5,2000,2000,20771531,"ifeval_min30",2,3,2,3,0.05,2.88803302217275,0,0,0,0
585,1,5,2000,2000,20771531,"ifeval_min30",2,3,2,3,0.05,2.33458913862705,0,0,0,0
586,1,5,2000,2000,20771531,"ifeval_min30",2,3,2,3,0.05,2.2504868588876,0,0,0,-2.72848706389777
587,1,5,2000,2000,20771531,"ifeval_min30",2,3,2,3,0.05,2.33310941443779,0,0,0,2.21683173673227
588,1,5,2000,2000,20771531,"ifeval_min30",2,3,2,3,0.05,2.08841240080073,0,0,0,0
589,1,5,2000,2000,20771531,"ifeval_min30",2,3,2,3,0.05,2.16213991050608,0,0,0,0
590,1,5,2000,2000,20771531,"ifeval_min30",2,3,2,3,0.05,2.51505462802015,0,0,-2.01903849025257,0
591,1,5,2000,2000,20771531,"ifeval_min30",2,3,2,3,0.05,2.72373651410453,0,0,0,0
592,1,5,2000,2000,20771531,"ifeval_min30",2,3,2,3,0.05,2.61018923833035,0,0,0,0
593,1,5,2000,2000,20771531,"ifeval_min30",2,3,2,3,0.05,2.88977191946469,0,0,0,0
594,1,5,2000,2000,20771531,"ifeval_min30",2,3,2,3,0.05,2.21610106830485,0,0,0,0
595,1,5,2000,2000,20771531,"ifeval_min30",2,3,2,3,0.05,2.11964076128788,0,0,0,0
596,1,5,2000,2000,20771531,"ifeval_min30",2,3,2,3,0.05,2.21779928519391,0,0,0,0
597,1,5,2000,2000,20771531,"ifeval_min30",2,3,2,3,0.05,2.24781717802398,0,0,0,0
598,1,5,2000,2000,20771531,"ifeval_min30",2,3,2,3,0.05,2.84145335620269,0,0,0,0
599,1,5,2000,2000,20771531,"ifeval_min30",2,3,2,3,0.05,2.05651932908222,0,0,0,0
600,1,5,2000,2000,20771531,"ifeval_min30",2,3,2,3,0.05,2.38516767160036,0,2.3971644458361,0,0
601,1,5,2000,2000,20771531,"ifeval_min30",2,3,2,3,0.05,2.01525284000672,0,0,0,0
602,1,5,2000,2000,20771531,"ifeval_min30",2,3,2,3,0.05,2.83553444151767,0,-2.54540589102544,0,0
603,1,5,2000,2000,20771531,"ifeval_min30",2,3,2,3,0.05,2.25478236167692,0,0,0,0
604,1,5,2000,2000,20771531,"ifeval_min30",2,3,2,3,0.05,2.47612916002981,0,0,0,0
605,1,5,2000,2000,20771531,"ifeval_min30",2,3,2,3,0.05,2.43492152821273,0,0,0,0
606,1,5,2000,2000,20771531,"ifeval_min30",2,3,2,3,0.05,2.08622906240635,0,0,0,2.90742419776507
607,1,5,2000,2000,20771531,"ifeval_min30",2,3,2,3,0.05,2.822297191713,0,0,0,0
608,1,5,2000,2000,20771531,"ifeval_min30",2,3,2,3,0.05,2.84132003528066,0,0,0,0
609,1,5,2000,2000,20771531,"ifeval_min30",2,3,2,3,0.05,2.22831587237306,0,0,2.15636344114318,0
610,1,5,2000,2000,20771531,"ifeval_min30",2,3,2,3,0.05,2.77609071391635,0,0,0,0
611,1,5,2000,2000,20771531,"ifeval_min30",2,3,2,3,0.05,2.78935705963522,0,0,0,0
612,1,5,2000,2000,20771531,"ifeval_min30",2,3,2,3,0.05,2.02003101049922,0,0,-2.56340570212342,0
613,1,5,2000,2000,20771531,"ifeval_min30",2,3,2,3,0.05,2.72139898687601,0,0,0,0
614,1,5,2000,2000,20771531,"ifeval_min30",2,3,2,3,0.05,2.67167473398149,0,0,0,0
615,1,5,2000,2000,20771531,"ifeval_min30",2,3,2,3,0.05,2.14649217342958,0,0,0,0
616,1,5,2000,2000,20771531,"ifeval_min30",2,3,2,3,0.05,2.446285758866,0,0,0,0
617,1,5,2000,2000,20771531,"ifeval_min30",2,3,2,3,0.05,2.50589918252081,0,0,0,0
618,1,5,2000,2000,20771531,"ifeval_min30",2,3,2,3,0.05,2.85735731897876,0,0,0,0
619,1,5,2000,2000,20771531,"ifeval_min30",2,3,2,3,0.05,2.99403100577183,0,0,0,0
620,1,5,2000,2000,20771531,"ifeval_min30",2,3,2,3,0.05,2.29529826738872,0,0,0,0
621,1,5,2000,2000,20771531,"ifeval_min30",2,3,2,3,0.05,2.16628562379628,0,0,0,0
622,1,5,2000,2000,20771531,"ifeval_min30",2,3,2,3,0.05,2.57631432986818,0,0,0,0
623,1,5,2000,2000,20771531,"ifeval_min30",2,3,2,3,0.05,2.32351804734208,0,0,0,0
624,1,5,2000,2000,20771531,"ifeval_min30",2,3,2,3,0.05,2.75000399071723,0,0,0,0
625,1,5,2000,2000,20771531,"ifeval_min30",2,3,2,3,0.05,2.84257457498461,0,0,0,0
626,1,5,2000,2000,20771531,"ifeval_min30",2,3,2,3,0.05,2.32539045112208,0,0,0,0
627,1,5,2000,2000,20771531,"ifeval_min30",2,3,2,3,0.05,2.21050435164943,0,0,0,0
628,1,5,2000,2000,20771531,"ifeval_min30",2,3,2,3,0.05,2.91894840728492,0,0,0,0
629,1,5,2000,2000,20771531,"ifeval_min30",2,3,2,3,0.05,2.59249123930931,0,0,0,0
630,1,5,2000,2000,20771531,"ifeval_min30",2,3,2,3,0.05,2.57027414930053,0,0,-2.18498542602174,0
631,1,5,2000,2000,20771531,"ifeval_min30",2,3,2,3,0.05,2.74975220253691,0,0,-2.66120231267996,0
632,1,5,2000,2000,20771531,"ifeval_min30",2,3,2,3,0.05,2.7747754631564,0,0,0,0
633,1,5,2000,2000,20771531,"ifeval_min30",2,3,2,3,0.05,2.47240179800428,0,0,0,0
634,1,5,2000,2000,20771531,"ifeval_min30",2,3,2,3,0.05,2.9620625465177,0,0,0,0
635,1,5,2000,2000,20771531,"ifeval_min30",2,3,2,3,0.05,2.51288241380826,0,0,0,0
636,1,5,2000,2000,20771531,"ifeval_min30",2,3,2,3,0.05,2.67261918680742,0,0,0,0
637,1,5,2000,2000,20771531,"ifeval_min30",2,3,2,3,0.05,2.04466078313999,0,0,0,0
638,1,5,2000,2000,20771531,"ifeval_min30",2,3,2,3,0.05,2.93043901864439,0,0,0,0
639,1,5,2000,2000,20771531,"ifeval_min30",2,3,2,3,0.05,2.84650344005786,2.60628537158482,0,0,0
640,1,5,2000,2000,20771531,"ifeval_min30",2,3,2,3,0.05,2.32105263392441,0,0,0,0
641,1,5,2000,2000,20771531,"ifeval_min30",2,3,2,3,0.05,2.32827689754777,0,0,0,0
642,1,5,2000,2000,20771531,"ifeval_min30",2,3,2,3,0.05,2.89523599040695,0,0,0,0
643,1,5,2000,2000,20771531,"ifeval_min30",2,3,2,3,0.05,2.34012175397947,0,0,0,0
644,1,5,2000,2000,20771531,"ifeval_min30",2,3,2,3,0.05,2.85631225607358,0,0,0,0
645,1,5,2000,2000,20771531,"ifeval_min30",2,3,2,3,0.05,2.41333325626329,0,0,0,0
646,1,5,2000,2000,20771531,"ifeval_min30",2,3,2,3,0.05,2.22538944426924,0,0,0,0
647,1,5,2000,2000,20771531,"ifeval_min30",2,3,2,3,0.05,2.38275687675923,0,0,0,0
648,1,5,2000,2000,20771531,"ifeval_min30",2,3,2,3,0.05,2.25713302823715,0,0,0,0
649,1,5,2000,2000,20771531,"ifeval_min30",2,3,2,3,0.05,2.62820486491546,0,0,0,0
650,1,5,2000,2000,20771531,"ifeval_min30",2,3,2,3,0.05,2.90866795228794,0,0,-2.22747273603454,0
651,1,5,2000,2000,20771531,"ifeval_min30",2,3,2,3,0.05,2.66525726695545,0,0,0,0
652,1,5,2000,2000,20771531,"ifeval_min30",2,3,2,3,0.05,2.19339284626767,0,0,0,0
653,1,5,2000,2000,20771531,"ifeval_min30",2,3,2,3,0.05,2.06434951466508,0,0,0,0
654,1,5,2000,2000,20771531,"ifeval_min30",2,3,2,3,0.05,2.55627565458417,0,0,0,0
655,1,5,2000,2000,20771531,"ifeval_min30",2,3,2,3,0.05,2.08015894494019,0,0,0,-2.79613896436058
656,1,5,2000,2000,20771531,"ifeval_min30",2,3,2,3,0.05,2.31963595794514,0,0,0,0
657,1,5,2000,2000,20771531,"ifeval_min30",2,3,2,3,0.05,2.57413286110386,0,0,0,0
658,1,5,2000,2000,20771531,"ifeval_min30",2,3,2,3,0.05,2.12672244943678,0,0,0,2.9859161132481
659,1,5,2000,2000,20771531,"ifeval_min30",2,3,2,3,0.05,2.44586317893118,0,0,0,0
660,1,5,2000,2000,20771531,"ifeval_min30",2,3,2,3,0.05,2.85398732009344,0,0,2.96441008988768,0
661,1,5,2000,2000,20771531,"ifeval_min30",2,3,2,3,0.05,2.93361056433059,0,0,0,0
662,1,5,2000,2000,20771531,"ifeval_min30",2,3,2,3,0.05,2.7030065767467,0,0,0,0
663,1,5,2000,2000,20771531,"ifeval_min30",2,3,2,3,0.05,2.93169626570307,0,0,0,0
664,1,5,2000,2000,20771531,"ifeval_min30",2,3,2,3,0.05,2.93719148659147,0,0,0,-2.53641125909053
665,1,5,2000,2000,20771531,"ifeval_min30",2,3,2,3,0.05,2.64623901084997,0,0,0,0
666,1,5,2000,2000,20771531,"ifeval_min30",2,3,2,3,0.05,2.42573701171204,0,0,0,0
667,1,5,2000,2000,20771531,"ifeval_min30",2,3,2,3,0.05,2.69932841323316,0,0,0,-2.46765033318661
668,1,5,2000,2000,20771531,"ifeval_min30",2,3,2,3,0.05,2.8572682896629,0,0,0,0
669,1,5,2000,2000,20771531,"ifeval_min30",2,3,2,3,0.05,2.11394206760451,0,0,0,0
670,1,5,2000,2000,20771531,"ifeval_min30",2,3,2,3,0.05,2.48003383679315,2.81664546881802,0,0,0
671,1,5,2000,2000,20771531,"ifeval_min30",2,3,2,3,0.05,2.21487341984175,0,0,0,2.90706365322694
672,1,5,2000,2000,20771531,"ifeval_min30",2,3,2,3,0.05,2.31822007615119,0,0,0,0
673,1,5,2000,2000,20771531,"ifeval_min30",2,3,2,3,0.05,2.29905687831342,0,0,0,0
674,1,5,2000,2000,20771531,"ifeval_min30",2,3,2,3,0.05,2.0131461287383,0,0,0,0
675,1,5,2000,2000,20771531,"ifeval_min30",2,3,2,3,0.05,2.06743955146521,0,0,0,0
676,1,5,2000,2000,20771531,"ifeval_min30",2,3,2,3,0.05,2.50248014251702,0,0,0,0
677,1,5,2000,2000,20771531,"ifeval_min30",2,3,2,3,0.05,2.72876223176718,0,0,0,0
678,1,5,2000,2000,20771531,"ifeval_min30",2,3,2,3,0.05,2.3154762214981,0,-2.92007828177884,-2.24983299151063,0
679,1,5,2000,2000,20771531,"ifeval_min30",2,3,2,3,0.05,2.05707428208552,0,0,0,0
680,1,5,2000,2000,20771531,"ifeval_min30",2,3,2,3,0.05,2.44786168495193,0,0,0,0
681,1,5,2000,2000,20771531,"ifeval_min30",2,3,2,3,0.05,2.292577074375,0,0,0,-2.5217828983441
682,1,5,2000,2000,20771531,"ifeval_min30",2,3,2,3,0.05,2.93035305663943,0,0,0,0
683,1,5,2000,2000,20771531,"ifeval_min30",2,3,2,3,0.05,2.82287267688662,0,0,0,0
684,1,5,2000,2000,20771531,"ifeval_min30",2,3,2,3,0.05,2.8310916160699,0,0,0,0
685,1,5,2000,2000,20771531,"ifeval_min30",2,3,2,3,0.05,2.92083409638144,0,0,0,2.36996470438316
686,1,5,2000,2000,20771531,"ifeval_min30",2,3,2,3,0.05,2.45502633205615,0,0,0,0
687,1,5,2000,2000,20771531,"ifeval_min30",2,3,2,3,0.05,2.43248909059912,2.06905188597739,0,0,0
688,1,5,2000,2000,20771531,"ifeval_min30",2,3,2,3,0.05,2.73751007555984,0,0,0,0
689,1,5,2000,2000,20771531,"ifeval_min30",2,3,2,3,0.05,2.5454602940008,-2.29589012218639,0,0,0
690,1,5,2000,2000,20771531,"ifeval_min30",2,3,2,3,0.05,2.04028352443129,0,0,0,0
691,1,5,2000,2000,20771531,"ifeval_min30",2,3,2,3,0.05,2.45207547349855,-2.81692831381224,0,0,0
692,1,5,2000,2000,20771531,"ifeval_min30",2,3,2,3,0.05,2.33372119581327,0,0,0,0
693,1,5,2000,2000,20771531,"ifeval_min30",2,3,2,3,0.05,2.52660070243292,0,0,0,0
694,1,5,2000,2000,20771531,"ifeval_min30",2,3,2,3,0.05,2.2505144411698,0,2.82609963370487,0,0
695,1,5,2000,2000,20771531,"ifeval_min30",2,3,2,3,0.05,2.04894562764093,0,-2.0977163715288,0,0
696,1,5,2000,2000,20771531,"ifeval_min30",2,3,2,3,0.05,2.83367109880783,0,0,0,0
697,1,5,2000,2000,20771531,"ifeval_min30",2,3,2,3,0.05,2.63034900184721,0,0,0,0
698,1,5,2000,2000,20771531,"ifeval_min30",2,3,2,3,0.05,2.02072783466429,0,0,0,0
699,1,5,2000,2000,20771531,"ifeval_min30",2,3,2,3,0.05,2.9283395842649,0,0,0,0
700,1,5,2000,2000,20771531,"ifeval_min30",2,3,2,3,0.05,2.82664565369487,0,0,0,2.83053167490289
701,1,5,2000,2000,20771531,"ifeval_min30",2,3,2,3,0.05,2.8453352234792,0,0,2.01929430663586,0
702,1,5,2000,2000,20771531,"ifeval_min30",2,3,2,3,0.05,2.45293584815226,0,0,0,0
703,1,5,2000,2000,20771531,"ifeval_min30",2,3,2,3,0.05,2.37007931107655,0,0,0,0
704,1,5,2000,2000,20771531,"ifeval_min30",2,3,2,3,0.05,2.75791831687093,0,0,0,0
705,1,5,2000,2000,20771531,"ifeval_min30",2,3,2,3,0.05,2.48138370830566,0,0,0,2.71876941272058
706,1,5,2000,2000,20771531,"ifeval_min30",2,3,2,3,0.05,2.04812761279754,0,0,0,0
707,1,5,2000,2000,20771531,"ifeval_min30",2,3,2,3,0.05,2.942079664208,0,0,0,0
708,1,5,2000,2000,20771531,"ifeval_min30",2,3,2,3,0.05,2.26665816409513,0,0,0,-2.88893768028356
709,1,5,2000,2000,20771531,"ifeval_min30",2,3,2,3,0.05,2.01921480102465,0,0,0,0
710,1,5,2000,2000,20771531,"ifeval_min30",2,3,2,3,0.05,2.19098914042115,0,0,0,0
711,1,5,2000,2000,20771531,"ifeval_min30",2,3,2,3,0.05,2.37042846344411,0,0,0,0
712,1,5,2000,2000,20771531,"ifeval_min30",2,3,2,3,0.05,2.57048153341748,0,0,0,0
713,1,5,2000,2000,20771531,"ifeval_min30",2,3,2,3,0.05,2.39017137815244,0,0,0,0
714,1,5,2000,2000,20771531,"ifeval_min30",2,3,2,3,0.05,2.23326264205389,0,0,0,0
715,1,5,2000,2000,20771531,"ifeval_min30",2,3,2,3,0.05,2.67158922390081,0,0,0,0
716,1,5,2000,2000,20771531,"ifeval_min30",2,3,2,3,0.05,2.7170610781759,0,0,0,0
717,1,5,2000,2000,20771531,"ifeval_min30",2,3,2,3,0.05,2.06139828078449,0,0,0,0
718,1,5,2000,2000,20771531,"ifeval_min30",2,3,2,3,0.05,2.50909320870414,0,0,0,0
719,1,5,2000,2000,20771531,"ifeval_min30",2,3,2,3,0.05,2.97020655707456,0,0,0,0
720,1,5,2000,2000,20771531,"ifeval_min30",2,3,2,3,0.05,2.82436880306341,0,0,0,0
721,1,5,2000,2000,20771531,"ifeval_min30",2,3,2,3,0.05,2.00124792126007,0,0,0,0
722,1,5,2000,2000,20771531,"ifeval_min30",2,3,2,3,0.05,2.20238354918547,0,0,0,0
723,1,5,2000,2000,20771531,"ifeval_min30",2,3,2,3,0.05,2.2909666611813,0,0,0,0
724,1,5,2000,2000,20771531,"ifeval_min30",2,3,2,3,0.05,2.20866862940602,0,0,0,0
725,1,5,2000,2000,20771531,"ifeval_min30",2,3,2,3,0.05,2.17610611720011,2.10818685335107,0,0,0
726,1,5,2000,2000,20771531,"ifeval_min30",2,3,2,3,0.05,2.14980607666075,0,0,0,0
727,1,5,2000,2000,20771531,"ifeval_min30",2,3,2,3,0.05,2.57561260391958,0,0,-2.12111229496077,0
728,1,5,2000,2000,20771531,"ifeval_min30",2,3,2,3,0.05,2.05522964382544,0,0,0,0
729,1,5,2000,2000,20771531,"ifeval_min30",2,3,2,3,0.05,2.26305685681291,-2.99918638681993,0,0,0
730,1,5,2000,2000,20771531,"ifeval_min30",2,3,2,3,0.05,2.00717957597226,0,0,0,0
731,1,5,2000,2000,20771531,"ifeval_min30",2,3,2,3,0.05,2.47019436280243,0,0,0,0
732,1,5,2000,2000,20771531,"ifeval_min30",2,3,2,3,0.05,2.6363735855557,0,0,0,0
733,1,5,2000,2000,20771531,"ifeval_min30",2,3,2,3,0.05,2.0296322342474,0,0,0,0
734,1,5,2000,2000,20771531,"ifeval_min30",2,3,2,3,0.05,2.88575569726527,0,0,-2.46960578579456,0
735,1,5,2000,2000,20771531,"ifeval_min30",2,3,2,3,0.05,2.05399010982364,0,0,0,0
736,1,5,2000,2000,20771531,"ifeval_min30",2,3,2,3,0.05,2.29889850993641,0,0,0,0
737,1,5,2000,2000,20771531,"ifeval_min30",2,3,2,3,0.05,2.32997218077071,0,0,0,0
738,1,5,2000,2000,20771531,"ifeval_min30",2,3,2,3,0.05,2.62250392371789,0,2.25076605542563,0,0
739,1,5,2000,2000,20771531,"ifeval_min30",2,3,2,3,0.05,2.8191265524365,0,2.76793440221809,0,0
740,1,5,2000,2000,20771531,"ifeval_min30",2,3,2,3,0.05,2.66662894911133,0,0,0,0
741,1,5,2000,2000,20771531,"ifeval_min30",2,3,2,3,0.05,2.18386331060901,0,0,0,0
742,1,5,2000,2000,20771531,"ifeval_min30",2,3,2,3,0.05,2.71356139727868,0,0,0,0
743,1,5,2000,2000,20771531,"ifeval_min30",2,3,2,3,0.05,2.45989351440221,0,0,-2.87091627949849,0
744,1,5,2000,2000,20771531,"ifeval_min30",2,3,2,3,0.05,2.62893388769589,0,0,0,0
745,1,5,2000,2000,20771531,"ifeval_min30",2,3,2,3,0.05,2.8694672472775,0,0,0,0
746,1,5,2000,2000,20771531,"ifeval_min30",2,3,2,3,0.05,2.15389065910131,-2.73615267779678,2.98906650417484,0,0
747,1,5,2000,2000,20771531,"ifeval_min30",2,3,2,3,0.05,2.49097995855846,0,0,0,-2.86190048931167
748,1,5,2000,2000,20771531,"ifeval_min30",2,3,2,3,0.05,2.93279917025939,0,0,0,0
749,1,5,2000,2000,20771531,"ifeval_min30",2,3,2,3,0.05,2.76781632076018,0,0,0,0
750,1,5,2000,2000,20771531,"ifeval_min30",2,3,2,3,0.05,2.29951813258231,0,2.43073133798316,0,0
751,1,5,2000,2000,20771531,"ifeval_min30",2,3,2,3,0.05,2.23082544538192,0,0,0,0
752,1,5,2000,2000,20771531,"ifeval_min30",2,3,2,3,0.05,2.14358926215209,0,0,0,0
753,1,5,2000,2000,20771531,"ifeval_min30",2,3,2,3,0.05,2.82098521804437,0,0,0,0
754,1,5,2000,2000,20771531,"ifeval_min30",2,3,2,3,0.05,2.96918527944945,0,0,0,0
755,1,5,2000,2000,20771531,"ifeval_min30",2,3,2,3,0.05,2.98012063466012,0,0,0,0
756,1,5,2000,2000,20771531,"ifeval_min30",2,3,2,3,0.05,2.83593167248182,0,0,0,0
757,1,5,2000,2000,20771531,"ifeval_min30",2,3,2,3,0.05,2.54389944346622,0,0,0,0
758,1,5,2000,2000,20771531,"ifeval_min30",2,3,2,3,0.05,2.68822188442573,0,0,0,0
759,1,5,2000,2000,20771531,"ifeval_min30",2,3,2,3,0.05,2.75248781009577,-2.87817046605051,0,0,0
760,1,5,2000,2000,20771531,"ifeval_min30",2,3,2,3,0.05,2.97584139299579,-2.19061807263643,0,0,0
761,1,5,2000,2000,20771531,"ifeval_min30",2,3,2,3,0.05,2.59193441085517,0,0,0,0
762,1,5,2000,2000,20771531,"ifeval_min30",2,3,2,3,0.05,2.31006880267523,0,0,0,0
763,1,5,2000,2000,20771531,"ifeval_min30",2,3,2,3,0.05,2.23628474329598,0,0,0,2.69377168407664
764,1,5,2000,2000,20771531,"ifeval_min30",2,3,2,3,0.05,2.12747649545781,0,0,0,0
765,1,5,2000,2000,20771531,"ifeval_min30",2,3,2,3,0.05,2.78213937417604,0,0,0,0
766,1,5,2000,2000,20771531,"ifeval_min30",2,3,2,3,0.05,2.92261679563671,0,0,0,0
767,1,5,2000,2000,20771531,"ifeval_min30",2,3,2,3,0.05,2.44417063938454,2.94885402871296,0,0,0
768,1,5,2000,2000,20771531,"ifeval_min30",2,3,2,3,0.05,2.26225254917517,-2.95878988131881,0,0,0
769,1,5,2000,2000,20771531,"ifeval_min30",2,3,2,3,0.05,2.08682896476239,0,0,0,0
770,1,5,2000,2000,20771531,"ifeval_min30",2,3,2,3,0.05,2.99591573071666,0,0,0,0
771,1,5,2000,2000,20771531,"ifeval_min30",2,3,2,3,0.05,2.81498543499038,0,0,0,0
772,1,5,2000,2000,20771531,"ifeval_min30",2,3,2,3,0.05,2.51151564717293,0,0,0,0
773,1,5,2000,2000,20771531,"ifeval_min30",2,3,2,3,0.05,2.05082581541501,0,0,0,0
774,1,5,2000,2000,20771531,"ifeval_min30",2,3,2,3,0.05,2.00121533661149,0,0,0,0
775,1,5,2000,2000,20771531,"ifeval_min30",2,3,2,3,0.05,2.16850053123198,0,0,0,0
776,1,5,2000,2000,20771531,"ifeval_min30",2,3,2,3,0.05,2.74841948738322,0,0,0,0
777,1,5,2000,2000,20771531,"ifeval_min30",2,3,2,3,0.05,2.84271103236824,0,0,-2.677137729479,0
778,1,5,2000,2000,20771531,"ifeval_min30",2,3,2,3,0.05,2.2903905112762,0,0,0,0
779,1,5,2000,2000,20771531,"ifeval_min30",2,3,2,3,0.05,2.1867978493683,0,0,0,0
780,1,5,2000,2000,20771531,"ifeval_min30",2,3,2,3,0.05,2.08065653801896,0,0,0,2.85729965870269
781,1,5,2000,2000,20771531,"ifeval_min30",2,3,2,3,0.05,2.72287877346389,0,0,0,0
782,1,5,2000,2000,20771531,"ifeval_min30",2,3,2,3,0.05,2.14540380239487,2.90456072450615,0,2.8978423201479,0
783,1,5,2000,2000,20771531,"ifeval_min30",2,3,2,3,0.05,2.95414735446684,0,0,0,0
784,1,5,2000,2000,20771531,"ifeval_min30",2,3,2,3,0.05,2.02277763630264,0,0,0,0
785,1,5,2000,2000,20771531,"ifeval_min30",2,3,2,3,0.05,2.829405374825,0,0,0,0
786,1,5,2000,2000,20771531,"ifeval_min30",2,3,2,3,0.05,2.39825602690689,0,0,-2.63093028846197,0
787,1,5,2000,2000,20771531,"ifeval_min30",2,3,2,3,0.05,2.70019081560895,0,0,0,0
788,1,5,2000,2000,20771531,"ifeval_min30",2,3,2,3,0.05,2.82370375283062,0,0,0,0
789,1,5,2000,2000,20771531,"ifeval_min30",2,3,2,3,0.05,2.23362164967693,0,0,0,0
790,1,5,2000,2000,20771531,"ifeval_min30",2,3,2,3,0.05,2.43780274945311,0,-2.70105037023313,0,-2.17766142752953
791,1,5,2000,2000,20771531,"ifeval_min30",2,3,2,3,0.05,2.24777479283512,0,0,0,0
792,1,5,2000,2000,20771531,"ifeval_min30",2,3,2,3,0.05,2.0491953829769,0,0,0,0
793,1,5,2000,2000,20771531,"ifeval_min30",2,3,2,3,0.05,2.20685495436192,0,0,0,0
794,1,5,2000,2000,20771531,"ifeval_min30",2,3,2,3,0.05,2.93047112622298,0,0,2.55828034994192,0
795,1,5,2000,2000,20771531,"ifeval_min30",2,3,2,3,0.05,2.77559897489846,0,0,0,0
796,1,5,2000,2000,20771531,"ifeval_min30",2,3,2,3,0.05,2.29745987406932,0,0,0,0
797,1,5,2000,2000,20771531,"ifeval_min30",2,3,2,3,0.05,2.78660152573138,0,0,0,0
798,1,5,2000,2000,20771531,"ifeval_min30",2,3,2,3,0.05,2.0251327578444,0,0,0,0
799,1,5,2000,2000,20771531,"ifeval_min30",2,3,2,3,0.05,2.88139365147799,-2.68962039845064,0,0,0
800,1,5,2000,2000,20771531,"ifeval_min30",2,3,2,3,0.05,2.15535897086374,0,0,0,0
801,1,5,2000,2000,20771531,"ifeval_min30",2,3,2,3,0.05,2.56375710945576,0,0,0,0
802,1,5,2000,2000,20771531,"ifeval_min30",2,3,2,3,0.05,2.55147888418287,0,0,0,0
803,1,5,2000,2000,20771531,"ifeval_min30",2,3,2,3,0.05,2.87361424416304,0,0,0,0
804,1,5,2000,2000,20771531,"ifeval_min30",2,3,2,3,0.05,2.31123188557103,0,0,0,0
805,1,5,2000,2000,20771531,"ifeval_min30",2,3,2,3,0.05,2.42027759854682,0,0,0,-2.10421249340288
806,1,5,2000,2000,20771531,"ifeval_min30",2,3,2,3,0.05,2.29873958136886,0,0,0,0
807,1,5,2000,2000,20771531,"ifeval_min30",2,3,2,3,0.05,2.62913768156432,0,0,0,0
808,1,5,2000,2000,20771531,"ifeval_min30",2,3,2,3,0.05,2.9192902976647,0,0,0,0
809,1,5,2000,2000,20771531,"ifeval_min30",2,3,2,3,0.05,2.04484180617146,0,-2.19826486334205,0,0
810,1,5,2000,2000,20771531,"ifeval_min30",2,3,2,3,0.05,2.40674054366536,0,2.45165294338949,0,0
811,1,5,2000,2000,20771531,"ifeval_min30",2,3,2,3,0.05,2.92238429025747,0,0,0,0
812,1,5,2000,2000,20771531,"ifeval_min30",2,3,2,3,0.05,2.35727173974738,0,0,0,0
813,1,5,2000,2000,20771531,"ifeval_min30",2,3,2,3,0.05,2.81698767794296,0,0,0,0
814,1,5,2000,2000,20771531,"ifeval_min30",2,3,2,3,0.05,2.59778215829283,0,0,0,0
815,1,5,2000,2000,20771531,"ifeval_min30",2,3,2,3,0.05,2.82391181634739,0,0,0,0
816,1,5,2000,2000,20771531,"ifeval_min30",2,3,2,3,0.05,2.97474231594242,0,0,0,0
817,1,5,2000,2000,20771531,"ifeval_min30",2,3,2,3,0.05,2.3314696168527,0,0,0,0
818,1,5,2000,2000,20771531,"ifeval_min30",2,3,2,3,0.05,2.6064262886066,0,0,0,0
819,1,5,2000,2000,20771531,"ifeval_min30",2,3,2,3,0.05,2.57676731375977,0,0,0,0
820,1,5,2000,2000,20771531,"ifeval_min30",2,3,2,3,0.05,2.11750467307866,0,0,0,0
821,1,5,2000,2000,20771531,"ifeval_min30",2,3,2,3,0.05,2.9817676586099,0,0,0,0
822,1,5,2000,2000,20771531,"ifeval_min30",2,3,2,3,0.05,2.17472089733928,0,0,0,0
823,1,5,2000,2000,20771531,"ifeval_min30",2,3,2,3,0.05,2.25150047428906,0,0,0,0
824,1,5,2000,2000,20771531,"ifeval_min30",2,3,2,3,0.05,2.94149093842134,0,0,0,0
825,1,5,2000,2000,20771531,"ifeval_min30",2,3,2,3,0.05,2.87085544643924,0,0,0,0
826,1,5,2000,2000,20771531,"ifeval_min30",2,3,2,3,0.05,2.49765189178288,0,2.96607160638086,0,0
827,1,5,2000,2000,20771531,"ifeval_min30",2,3,2,3,0.05,2.9533198021818,0,0,0,0
828,1,5,2000,2000,20771531,"ifeval_min30",2,3,2,3,0.05,2.1122860130854,0,0,0,0
829,1,5,2000,2000,20771531,"ifeval_min30",2,3,2,3,0.05,2.61833072314039,0,0,0,0
830,1,5,2000,2000,20771531,"ifeval_min30",2,3,2,3,0.05,2.33212960604578,0,0,0,0
831,1,5,2000,2000,20771531,"ifeval_min30",2,3,2,3,0.05,2.8556399345398,0,0,-2.69210054259747,0
832,1,5,2000,2000,20771531,"ifeval_min30",2,3,2,3,0.05,2.21688615740277,0,0,0,0
833,1,5,2000,2000,20771531,"ifeval_min30",2,3,2,3,0.05,2.74809468840249,0,0,0,0
834,1,5,2000,2000,20771531,"ifeval_min30",2,3,2,3,0.05,2.20549148111604,0,0,0,0
835,1,5,2000,2000,20771531,"ifeval_min30",2,3,2,3,0.05,2.63143337168731,0,0,0,0
836,1,5,2000,2000,20771531,"ifeval_min30",2,3,2,3,0.05,2.69638423551805,0,0,0,0
837,1,5,2000,2000,20771531,"ifeval_min30",2,3,2,3,0.05,2.75047250371426,0,0,0,0
838,1,5,2000,2000,20771531,"ifeval_min30",2,3,2,3,0.05,2.13343784003519,0,0,0,0
839,1,5,2000,2000,20771531,"ifeval_min30",2,3,2,3,0.05,2.16952206939459,0,-2.37753210263327,0,0
840,1,5,2000,2000,20771531,"ifeval_min30",2,3,2,3,0.05,2.23689139494672,0,0,0,0
841,1,5,2000,2000,20771531,"ifeval_min30",2,3,2,3,0.05,2.06602411391214,0,0,0,0
842,1,5,2000,2000,20771531,"ifeval_min30",2,3,2,3,0.05,2.51745892036706,0,0,0,0
843,1,5,2000,2000,20771531,"ifeval_min30",2,3,2,3,0.05,2.18620299058966,0,0,0,0
844,1,5,2000,2000,20771531,"ifeval_min30",2,3,2,3,0.05,2.6364867396187,0,0,0,0
845,1,5,2000,2000,20771531,"ifeval_min30",2,3,2,3,0.05,2.47582931793295,0,0,0,0
846,1,5,2000,2000,20771531,"ifeval_min30",2,3,2,3,0.05,2.94429424754344,-2.477870864328,0,0,0
847,1,5,2000,2000,20771531,"ifeval_min30",2,3,2,3,0.05,2.57468361617066,0,0,0,0
848,1,5,2000,2000,20771531,"ifeval_min30",2,3,2,3,0.05,2.56263541569933,0,0,0,0
849,1,5,2000,2000,20771531,"ifeval_min30",2,3,2,3,0.05,2.63558769854717,0,0,0,0
850,1,5,2000,2000,20771531,"ifeval_min30",2,3,2,3,0.05,2.86965908645652,0,0,0,0
851,1,5,2000,2000,20771531,"ifeval_min30",2,3,2,3,0.05,2.94758691382594,0,0,0,0
852,1,5,2000,2000,20771531,"ifeval_min30",2,3,2,3,0.05,2.44382494036108,0,0,0,0
853,1,5,2000,2000,20771531,"ifeval_min30",2,3,2,3,0.05,2.73720809398219,0,0,0,0
854,1,5,2000,2000,20771531,"ifeval_min30",2,3,2,3,0.05,2.21791003178805,-2.64961309032515,0,0,0
855,1,5,2000,2000,20771531,"ifeval_min30",2,3,2,3,0.05,2.12848950666375,0,0,0,0
856,1,5,2000,2000,20771531,"ifeval_min30",2,3,2,3,0.05,2.0472968860995,0,0,0,0
857,1,5,2000,2000,20771531,"ifeval_min30",2,3,2,3,0.05,2.51707409066148,0,0,0,0
858,1,5,2000,2000,20771531,"ifeval_min30",2,3,2,3,0.05,2.90831997408532,0,0,0,0
859,1,5,2000,2000,20771531,"ifeval_min30",2,3,2,3,0.05,2.60661898297258,0,0,0,0
860,1,5,2000,2000,20771531,"ifeval_min30",2,3,2,3,0.05,2.51577392057516,-2.82720885798335,0,0,0
861,1,5,2000,2000,20771531,"ifeval_min30",2,3,2,3,0.05,2.84051692648791,0,0,-2.50067724427208,0
862,1,5,2000,2000,20771531,"ifeval_min30",2,3,2,3,0.05,2.24826125684194,0,0,0,2.06691744853742
863,1,5,2000,2000,20771531,"ifeval_min30",2,3,2,3,0.05,2.42541528423317,-2.08891870640218,0,0,0
864,1,5,2000,2000,20771531,"ifeval_min30",2,3,2,3,0.05,2.96200197422877,0,0,0,0
865,1,5,2000,2000,20771531,"ifeval_min30",2,3,2,3,0.05,2.77543310588226,0,0,0,0
866,1,5,2000,2000,20771531,"ifeval_min30",2,3,2,3,0.05,2.07766236434691,0,0,0,0
867,1,5,2000,2000,20771531,"ifeval_min30",2,3,2,3,0.05,2.74502779031172,0,0,0,0
868,1,5,2000,2000,20771531,"ifeval_min30",2,3,2,3,0.05,2.93149868422188,0,0,0,0
869,1,5,2000,2000,20771531,"ifeval_min30",2,3,2,3,0.05,2.00474943430163,0,0,0,0
870,1,5,2000,2000,20771531,"ifeval_min30",2,3,2,3,0.05,2.75564468512312,0,2.25908317789435,0,0
871,1,5,2000,2000,20771531,"ifeval_min30",2,3,2,3,0.05,2.58422072650865,0,0,0,0
872,1,5,2000,2000,20771531,"ifeval_min30",2,3,2,3,0.05,2.69489917112514,2.53680666303262,0,0,0
873,1,5,2000,2000,20771531,"ifeval_min30",2,3,2,3,0.05,2.04781964817084,0,0,0,0
874,1,5,2000,2000,20771531,"ifeval_min30",2,3,2,3,0.05,2.09640453034081,0,0,0,0
875,1,5,2000,2000,20771531,"ifeval_min30",2,3,2,3,0.05,2.04629146587104,0,0,0,0
876,1,5,2000,2000,20771531,"ifeval_min30",2,3,2,3,0.05,2.19002528861165,0,0,0,0
877,1,5,2000,2000,20771531,"ifeval_min30",2,3,2,3,0.05,2.19407944171689,0,0,0,0
878,1,5,2000,2000,20771531,"ifeval_min30",2,3,2,3,0.05,2.21440476179123,0,0,0,0
879,1,5,2000,2000,20771531,"ifeval_min30",2,3,2,3,0.05,2.93882724829018,0,0,0,0
880,1,5,2000,2000,20771531,"ifeval_min30",2,3,2,3,0.05,2.00569997308776,0,0,0,0
881,1,5,2000,2000,20771531,"ifeval_min30",2,3,2,3,0.05,2.4265198148787,0,0,-2.95559225650504,0
882,1,5,2000,2000,20771531,"ifeval_min30",2,3,2,3,0.05,2.94170412630774,0,0,0,0
883,1,5,2000,2000,20771531,"ifeval_min30",2,3,2,3,0.05,2.97548613743857,0,0,0,-2.77478475007229
884,1,5,2000,2000,20771531,"ifeval_min30",2,3,2,3,0.05,2.51318141096272,0,0,0,0
885,1,5,2000,2000,20771531,"ifeval_min30",2,3,2,3,0.05,2.08677701791748,0,0,0,0
886,1,5,2000,2000,20771531,"ifeval_min30",2,3,2,3,0.05,2.25694026378915,0,0,0,2.38809424219653
887,1,5,2000,2000,20771531,"ifeval_min30",2,3,2,3,0.05,2.94806170649827,0,0,0,0
888,1,5,2000,2000,20771531,"ifeval_min30",2,3,2,3,0.05,2.37490340415388,0,0,0,0
889,1,5,2000,2000,20771531,"ifeval_min30",2,3,2,3,0.05,2.54397746780887,0,0,0,0
890,1,5,2000,2000,20771531,"ifeval_min30",2,3,2,3,0.05,2.22996062319726,0,0,0,0
891,1,5,2000,2000,20771531,"ifeval_min30",2,3,2,3,0.05,2.8585706516169,0,0,0,0
892,1,5,2000,2000,20771531,"ifeval_min30",2,3,2,3,0.05,2.88103185105138,0,0,0,0
893,1,5,2000,2000,20771531,"ifeval_min30",2,3,2,3,0.05,2.44754836405627,0,0,0,0
894,1,5,2000,2000,20771531,"ifeval_min30",2,3,2,3,0.05,2.16738061630167,0,0,0,0
895,1,5,2000,2000,20771531,"ifeval_min30",2,3,2,3,0.05,2.44187062745914,0,0,0,0
896,1,5,2000,2000,20771531,"ifeval_min30",2,3,2,3,0.05,2.66790418652818,0,0,0,0
897,1,5,2000,2000,20771531,"ifeval_min30",2,3,2,3,0.05,2.60237622796558,0,0,0,0
898,1,5,2000,2000,20771531,"ifeval_min30",2,3,2,3,0.05,2.69594608806074,0,0,0,0
899,1,5,2000,2000,20771531,"ifeval_min30",2,3,2,3,0.05,2.51883490732871,0,2.5763403470628,0,0
900,1,5,2000,2000,20771531,"ifeval_min30",2,3,2,3,0.05,2.45929684722796,0,0,0,0
901,1,5,2000,2000,20771531,"ifeval_min30",2,3,2,3,0.05,2.62421374814585,0,0,0,0
902,1,5,2000,2000,20771531,"ifeval_min30",2,3,2,3,0.05,2.5149749473203,0,0,0,0
903,1,5,2000,2000,20771531,"ifeval_min30",2,3,2,3,0.05,2.93891965062357,0,0,0,0
904,1,5,2000,2000,20771531,"ifeval_min30",2,3,2,3,0.05,2.76685756538063,0,0,0,0
905,1,5,2000,2000,20771531,"ifeval_min30",2,3,2,3,0.05,2.31682595307939,0,0,0,2.0015228416305
906,1,5,2000,2000,20771531,"ifeval_min30",2,3,2,3,0.05,2.58491339324974,0,0,0,0
907,1,5,2000,2000,20771531,"ifeval_min30",2,3,2,3,0.05,2.5776350768283,0,0,0,0
908,1,5,2000,2000,20771531,"ifeval_min30",2,3,2,3,0.05,2.6360545528587,0,0,0,2.92030408186838
909,1,5,2000,2000,20771531,"ifeval_min30",2,3,2,3,0.05,2.07540008611977,-2.58882855344564,0,0,0
910,1,5,2000,2000,20771531,"ifeval_min30",2,3,2,3,0.05,2.55725779617205,0,0,0,0
911,1,5,2000,2000,20771531,"ifeval_min30",2,3,2,3,0.05,2.39338593604043,0,-2.73480834322982,0,0
912,1,5,2000,2000,20771531,"ifeval_min30",2,3,2,3,0.05,2.94608596293256,0,0,0,0
913,1,5,2000,2000,20771531,"ifeval_min30",2,3,2,3,0.05,2.99193976144306,0,0,0,0
914,1,5,2000,2000,20771531,"ifeval_min30",2,3,2,3,0.05,2.2778411549516,0,0,0,0
915,1,5,2000,2000,20771531,"ifeval_min30",2,3,2,3,0.05,2.09856231370941,0,0,0,0
916,1,5,2000,2000,20771531,"ifeval_min30",2,3,2,3,0.05,2.29896421940066,0,2.37090511596762,0,0
917,1,5,2000,2000,20771531,"ifeval_min30",2,3,2,3,0.05,2.49910719506443,0,0,0,0
918,1,5,2000,2000,20771531,"ifeval_min30",2,3,2,3,0.05,2.17620403598994,0,0,0,0
919,1,5,2000,2000,20771531,"ifeval_min30",2,3,2,3,0.05,2.43835703632794,0,0,0,0
920,1,5,2000,2000,20771531,"ifeval_min30",2,3,2,3,0.05,2.9453586016316,0,0,-2.66365391341969,0
921,1,5,2000,2000,20771531,"ifeval_min30",2,3,2,3,0.05,2.91936445166357,0,0,0,0
922,1,5,2000,2000,20771531,"ifeval_min30",2,3,2,3,0.05,2.01260014809668,0,0,0,0
923,1,5,2000,2000,20771531,"ifeval_min30",2,3,2,3,0.05,2.21389029012062,0,0,0,0
924,1,5,2000,2000,20771531,"ifeval_min30",2,3,2,3,0.05,2.89790521841496,0,0,0,0
925,1,5,2000,2000,20771531,"ifeval_min30",2,3,2,3,0.05,2.48903933609836,0,0,0,2.60682730912231
926,1,5,2000,2000,20771531,"ifeval_min30",2,3,2,3,0.05,2.14633452845737,0,-2.35610619024374,0,-2.15795853943564
927,1,5,2000,2000,20771531,"ifeval_min30",2,3,2,3,0.05,2.81096976343542,0,0,0,0
928,1,5,2000,2000,20771531,"ifeval_min30",2,3,2,3,0.05,2.71546605834737,0,0,0,0
929,1,5,2000,2000,20771531,"ifeval_min30",2,3,2,3,0.05,2.71276509272866,0,0,0,0
930,1,5,2000,2000,20771531,"ifeval_min30",2,3,2,3,0.05,2.67606556275859,0,0,0,0
931,1,5,2000,2000,20771531,"ifeval_min30",2,3,2,3,0.05,2.55040722363628,0,0,0,0
932,1,5,2000,2000,20771531,"ifeval_min30",2,3,2,3,0.05,2.92181189614348,0,0,0,0
933,1,5,2000,2000,20771531,"ifeval_min30",2,3,2,3,0.05,2.34047298482619,0,0,0,0
934,1,5,2000,2000,20771531,"ifeval_min30",2,3,2,3,0.05,2.87677516625263,0,0,0,0
935,1,5,2000,2000,20771531,"ifeval_min30",2,3,2,3,0.05,2.30381090031005,0,0,0,0
936,1,5,2000,2000,20771531,"ifeval_min30",2,3,2,3,0.05,2.39084033994004,0,0,0,0
937,1,5,2000,2000,20771531,"ifeval_min30",2,3,2,3,0.05,2.62429897370748,0,0,0,2.87171960133128
938,1,5,2000,2000,20771531,"ifeval_min30",2,3,2,3,0.05,2.41941083967686,2.16785173863173,0,0,-2.9721888541244
939,1,5,2000,2000,20771531,"ifeval_min30",2,3,2,3,0.05,2.09046118194237,0,0,0,0
940,1,5,2000,2000,20771531,"ifeval_min30",2,3,2,3,0.05,2.16473017958924,0,0,0,0
941,1,5,2000,2000,20771531,"ifeval_min30",2,3,2,3,0.05,2.84807316795923,0,0,0,0
942,1,5,2000,2000,20771531,"ifeval_min30",2,3,2,3,0.05,2.23427964141592,0,2.98285365267657,0,0
943,1,5,2000,2000,20771531,"ifeval_min30",2,3,2,3,0.05,2.76822725823149,0,0,0,0
944,1,5,2000,2000,20771531,"ifeval_min30",2,3,2,3,0.05,2.38294149329886,0,0,0,0
945,1,5,2000,2000,20771531,"ifeval_min30",2,3,2,3,0.05,2.87267615576275,0,0,0,0
946,1,5,2000,2000,20771531,"ifeval_min30",2,3,2,3,0.05,2.79335222952068,0,0,0,0
947,1,5,2000,2000,20771531,"ifeval_min30",2,3,2,3,0.05,2.24119596811943,0,0,0,0
948,1,5,2000,2000,20771531,"ifeval_min30",2,3,2,3,0.05,2.06224507233128,0,0,0,0
949,1,5,2000,2000,20771531,"ifeval_min30",2,3,2,3,0.05,2.14274068642408,0,0,2.76566160866059,0
950,1,5,2000,2000,20771531,"ifeval_min30",2,3,2,3,0.05,2.28034513350576,0,0,0,0
951,1,5,2000,2000,20771531,"ifeval_min30",2,3,2,3,0.05,2.54916257690638,0,0,0,0
952,1,5,2000,2000,20771531,"ifeval_min30",2,3,2,3,0.05,2.89849154488184,0,0,0,2.42481631832197
953,1,5,2000,2000,20771531,"ifeval_min30",2,3,2,3,0.05,2.2201204856392,0,0,0,0
954,1,5,2000,2000,20771531,"ifeval_min30",2,3,2,3,0.05,2.84226515819319,0,0,0,0
955,1,5,2000,2000,20771531,"ifeval_min30",2,3,2,3,0.05,2.15911364811473,0,0,0,0
956,1,5,2000,2000,20771531,"ifeval_min30",2,3,2,3,0.05,2.316352003254,0,0,0,0
957,1,5,2000,2000,20771531,"ifeval_min30",2,3,2,3,0.05,2.32553960382938,0,0,0,0
958,1,5,2000,2000,20771531,"ifeval_min30",2,3,2,3,0.05,2.17791231768206,0,0,0,0
959,1,5,2000,2000,20771531,"ifeval_min30",2,3,2,3,0.05,2.62576586310752,0,0,0,0
960,1,5,2000,2000,20771531,"ifeval_min30",2,3,2,3,0.05,2.47015230264515,0,0,0,0
961,1,5,2000,2000,20771531,"ifeval_min30",2,3,2,3,0.05,2.40621244092472,0,0,0,0
962,1,5,2000,2000,20771531,"ifeval_min30",2,3,2,3,0.05,2.79413871816359,0,0,0,0
963,2,5,2000,2000,20771531,"ifeval_min30",2,3,2,3,0.05,0,2.90377943194471,0,0,0
964,2,5,2000,2000,20771531,"ifeval_min30",2,3,2,3,0.05,0,2.3141671565827,0,0,0
965,2,5,2000,2000,20771531,"ifeval_min30",2,3,2,3,0.05,0,2.7606760924682,0,0,0
966,2,5,2000,2000,20771531,"ifeval_min30",2,3,2,3,0.05,0,2.82000552373938,0,0,0
967,2,5,2000,2000,20771531,"ifeval_min30",2,3,2,3,0.05,0,2.48330204864033,0,0,0
968,2,5,2000,2000,20771531,"ifeval_min30",2,3,2,3,0.05,0,2.08223184640519,0,0,0
969,2,5,2000,2000,20771531,"ifeval_min30",2,3,2,3,0.05,0,2.37106431461871,0,0,0
970,2,5,2000,2000,20771531,"ifeval_min30",2,3,2,3,0.05,0,2.07903358689509,0,0,0
971,2,5,2000,2000,20771531,"ifeval_min30",2,3,2,3,0.05,0,2.79655782133341,0,0,0
972,2,5,2000,2000,20771531,"ifeval_min30",2,3,2,3,0.05,0,2.40095872059464,0,0,0
973,2,5,2000,2000,20771531,"ifeval_min30",2,3,2,3,0.05,0,2.70016433717683,0,0,0
974,2,5,2000,2000,20771531,"ifeval_min30",2,3,2,3,0.05,0,2.33532315283082,0,0,0
975,2,5,2000,2000,20771531,"ifeval_min30",2,3,2,3,0.05,0,2.82649457710795,-2.63710690103471,0,0
976,2,5,2000,2000,20771531,"ifeval_min30",2,3,2,3,0.05,0,2.42593921232037,0,0,0
977,2,5,2000,2000,20771531,"ifeval_min30",2,3,2,3,0.05,0,2.78532562032342,0,0,0
978,2,5,2000,2000,20771531,"ifeval_min30",2,3,2,3,0.05,0,2.85609692847356,0,0,0
979,2,5,2000,2000,20771531,"ifeval_min30",2,3,2,3,0.05,0,2.95150874531828,0,0,0
980,2,5,2000,2000,20771531,"ifeval_min30",2,3,2,3,0.05,0,2.92416946380399,0,0,0
981,2,5,2000,2000,20771531,"ifeval_min30",2,3,2,3,0.05,0,2.00729364226572,0,0,0
982,2,5,2000,2000,20771531,"ifeval_min30",2,3,2,3,0.05,0,2.33822187664919,0,0,0
983,2,5,2000,2000,20771531,"ifeval_min30",2,3,2,3,0.05,0,2.36540034739301,0,0,0
984,2,5,2000,2000,20771531,"ifeval_min30",2,3,2,3,0.05,0,2.91608043154702,0,0,0
985,2,5,2000,2000,20771531,"ifeval_min30",2,3,2,3,0.05,0,2.80648502614349,0,0,0
986,2,5,2000,2000,20771531,"ifeval_min30",2,3,2,3,0.05,0,2.02480984386057,0,0,0
987,2,5,2000,2000,20771531,"ifeval_min30",2,3,2,3,0.05,0,2.93680378561839,0,0,0
988,2,5,2000,2000,20771531,"ifeval_min30",2,3,2,3,0.05,0,2.04555972968228,0,0,0
989,2,5,2000,2000,20771531,"ifeval_min30",2,3,2,3,0.05,0,2.67521009338088,0,0,0
990,2,5,2000,2000,20771531,"ifeval_min30",2,3,2,3,0.05,0,2.10862542618997,0,0,0
991,2,5,2000,2000,20771531,"ifeval_min30",2,3,2,3,0.05,0,2.44915617862716,0,0,0
992,2,5,2000,2000,20771531,"ifeval_min30",2,3,2,3,0.05,0,2.61298567685299,0,0,0
993,2,5,2000,2000,20771531,"ifeval_min30",2,3,2,3,0.05,0,2.42219202965498,0,0,0
994,2,5,2000,2000,20771531,"ifeval_min30",2,3,2,3,0.05,0,2.00264422595501,0,0,0
995,2,5,2000,2000,20771531,"ifeval_min30",2,3,2,3,0.05,0,2.20091872056946,0,0,0
996,2,5,2000,2000,20771531,"ifeval_min30",2,3,2,3,0.05,0,2.0224846934434,0,0,0
997,2,5,2000,2000,20771531,"ifeval_min30",2,3,2,3,0.05,0,2.62676287000068,0,0,0
998,2,5,2000,2000,20771531,"ifeval_min30",2,3,2,3,0.05,0,2.76443542866036,0,0,0
999,2,5,2000,2000,20771531,"ifeval_min30",2,3,2,3,0.05,0,2.13689933507703,0,0,0
1000,2,5,2000,2000,20771531,"ifeval_min30",2,3,2,3,0.05,2.62992750969715,2.74323065998033,0,-2.94294349779375,0
1001,2,5,2000,2000,20771531,"ifeval_min30",2,3,2,3,0.05,0,2.04792498727329,-2.74883795809001,0,0
1002,2,5,2000,2000,20771531,"ifeval_min30",2,3,2,3,0.05,0,2.37216128618456,0,0,0
1003,2,5,2000,2000,20771531,"ifeval_min30",2,3,2,3,0.05,0,2.49666851572692,0,0,0
1004,2,5,2000,2000,20771531,"ifeval_min30",2,3,2,3,0.05,2.9680436917115,2.42355702072382,0,0,0
1005,2,5,2000,2000,20771531,"ifeval_min30",2,3,2,3,0.05,0,2.06309963692911,0,0,0
1006,2,5,2000,2000,20771531,"ifeval_min30",2,3,2,3,0.05,0,2.90032812999561,0,0,0
1007,2,5,2000,2000,20771531,"ifeval_min30",2,3,2,3,0.05,0,2.41872498579323,0,0,0
1008,2,5,2000,2000,20771531,"ifeval_min30",2,3,2,3,0.05,0,2.62721860618331,0,2.28493902157061,0
1009,2,5,2000,2000,20771531,"ifeval_min30",2,3,2,3,0.05,0,2.94864591117948,0,0,0
1010,2,5,2000,2000,20771531,"ifeval_min30",2,3,2,3,0.05,0,2.34271286916919,2.44049175735563,0,0
1011,2,5,2000,2000,20771531,"ifeval_min30",2,3,2,3,0.05,0,2.38019756926224,0,0,0
1012,2,5,2000,2000,20771531,"ifeval_min30",2,3,2,3,0.05,0,2.41785923624411,0,0,0
1013,2,5,2000,2000,20771531,"ifeval_min30",2,3,2,3,0.05,0,2.49018679349683,0,0,2.67665414046496
1014,2,5,2000,2000,20771531,"ifeval_min30",2,3,2,3,0.05,0,2.90036025969312,0,0,0
1015,2,5,2000,2000,20771531,"ifeval_min30",2,3,2,3,0.05,0,2.83560842555016,0,-2.45301453117281,0
1016,2,5,2000,2000,20771531,"ifeval_min30",2,3,2,3,0.05,0,2.98479682928883,2.87405177764595,-2.94806025899015,0
1017,2,5,2000,2000,20771531,"ifeval_min30",2,3,2,3,0.05,0,2.34011934511364,0,0,0
1018,2,5,2000,2000,20771531,"ifeval_min30",2,3,2,3,0.05,0,2.87535238708369,0,0,0
1019,2,5,2000,2000,20771531,"ifeval_min30",2,3,2,3,0.05,0,2.05643394216895,0,0,0
1020,2,5,2000,2000,20771531,"ifeval_min30",2,3,2,3,0.05,0,2.74423751956783,0,0,0
1021,2,5,2000,2000,20771531,"ifeval_min30",2,3,2,3,0.05,0,2.18812452163547,-2.46206588554196,0,0
1022,2,5,2000,2000,20771531,"ifeval_min30",2,3,2,3,0.05,0,2.61034044460393,0,0,0
1023,2,5,2000,2000,20771531,"ifeval_min30",2,3,2,3,0.05,0,2.74089941685088,0,0,0
1024,2,5,2000,2000,20771531,"ifeval_min30",2,3,2,3,0.05,0,2.61634967662394,0,0,0
1025,2,5,2000,2000,20771531,"ifeval_min30",2,3,2,3,0.05,0,2.74779746425338,-2.8414493878372,0,0
1026,2,5,2000,2000,20771531,"ifeval_min30",2,3,2,3,0.05,0,2.36746865487657,0,0,0
1027,2,5,2000,2000,20771531,"ifeval_min30",2,3,2,3,0.05,0,2.86642269440927,0,0,2.05339570646174
1028,2,5,2000,2000,20771531,"ifeval_min30",2,3,2,3,0.05,0,2.03111440897919,0,0,0
1029,2,5,2000,2000,20771531,"ifeval_min30",2,3,2,3,0.05,0,2.50621620821767,0,0,0
1030,2,5,2000,2000,20771531,"ifeval_min30",2,3,2,3,0.05,-2.32981331879273,2.58904594182968,0,0,0
1031,2,5,2000,2000,20771531,"ifeval_min30",2,3,2,3,0.05,0,2.74391118390486,0,0,0
1032,2,5,2000,2000,20771531,"ifeval_min30",2,3,2,3,0.05,0,2.84177092043683,0,0,0
1033,2,5,2000,2000,20771531,"ifeval_min30",2,3,2,3,0.05,0,2.92752116941847,0,0,0
1034,2,5,2000,2000,20771531,"ifeval_min30",2,3,2,3,0.05,0,2.59848405024968,0,0,0
1035,2,5,2000,2000,20771531,"ifeval_min30",2,3,2,3,0.05,0,2.56912311678752,-2.01712136040442,0,0
1036,2,5,2000,2000,20771531,"ifeval_min30",2,3,2,3,0.05,0,2.55695355683565,0,0,0
1037,2,5,2000,2000,20771531,"ifeval_min30",2,3,2,3,0.05,0,2.73444404127076,0,0,0
1038,2,5,2000,2000,20771531,"ifeval_min30",2,3,2,3,0.05,0,2.40078210784122,2.36528851697221,0,0
1039,2,5,2000,2000,20771531,"ifeval_min30",2,3,2,3,0.05,0,2.54963567014784,0,0,0
1040,2,5,2000,2000,20771531,"ifeval_min30",2,3,2,3,0.05,0,2.19887538859621,0,0,0
1041,2,5,2000,2000,20771531,"ifeval_min30",2,3,2,3,0.05,0,2.11185470805503,0,0,0
1042,2,5,2000,2000,20771531,"ifeval_min30",2,3,2,3,0.05,0,2.85497006471269,0,0,0
1043,2,5,2000,2000,20771531,"ifeval_min30",2,3,2,3,0.05,0,2.98604569933377,0,0,0
1044,2,5,2000,2000,20771531,"ifeval_min30",2,3,2,3,0.05,0,2.80262722680345,0,0,0
1045,2,5,2000,2000,20771531,"ifeval_min30",2,3,2,3,0.05,0,2.15539685334079,0,0,0
1046,2,5,2000,2000,20771531,"ifeval_min30",2,3,2,3,0.05,0,2.93829905963503,0,0,0
1047,2,5,2000,2000,20771531,"ifeval_min30",2,3,2,3,0.05,0,2.5712567192968,2.58229579543695,0,0
1048,2,5,2000,2000,20771531,"ifeval_min30",2,3,2,3,0.05,0,2.93185270437971,0,0,0
1049,2,5,2000,2000,20771531,"ifeval_min30",2,3,2,3,0.05,2.65457308152691,2.94813047512434,0,0,0
1050,2,5,2000,2000,20771531,"ifeval_min30",2,3,2,3,0.05,0,2.94782889750786,0,0,0
1051,2,5,2000,2000,20771531,"ifeval_min30",2,3,2,3,0.05,0,2.04544954420999,0,0,0
1052,2,5,2000,2000,20771531,"ifeval_min30",2,3,2,3,0.05,0,2.47893062629737,2.3772847733926,0,0
1053,2,5,2000,2000,20771531,"ifeval_min30",2,3,2,3,0.05,0,2.08946942794137,0,0,0
1054,2,5,2000,2000,20771531,"ifeval_min30",2,3,2,3,0.05,0,2.58504859590903,0,0,0
1055,2,5,2000,2000,20771531,"ifeval_min30",2,3,2,3,0.05,0,2.76043074671179,0,0,0
1056,2,5,2000,2000,20771531,"ifeval_min30",2,3,2,3,0.05,0,2.503984056646,0,0,0
1057,2,5,2000,2000,20771531,"ifeval_min30",2,3,2,3,0.05,0,2.86298940563574,0,0,0
1058,2,5,2000,2000,20771531,"ifeval_min30",2,3,2,3,0.05,0,2.63167745689861,0,0,-2.85844118962996
1059,2,5,2000,2000,20771531,"ifeval_min30",2,3,2,3,0.05,0,2.90619576000609,0,0,0
1060,2,5,2000,2000,20771531,"ifeval_min30",2,3,2,3,0.05,0,2.61979584605433,0,0,0
1061,2,5,2000,2000,20771531,"ifeval_min30",2,3,2,3,0.05,2.96485684206709,2.26249752170406,0,0,0
1062,2,5,2000,2000,20771531,"ifeval_min30",2,3,2,3,0.05,0,2.09472748544067,0,-2.03871615673415,0
1063,2,5,2000,2000,20771531,"ifeval_min30",2,3,2,3,0.05,0,2.19596032146364,0,0,0
1064,2,5,2000,2000,20771531,"ifeval_min30",2,3,2,3,0.05,0,2.23212127946317,0,0,0
1065,2,5,2000,2000,20771531,"ifeval_min30",2,3,2,3,0.05,0,2.75027799792588,0,0,0
1066,2,5,2000,2000,20771531,"ifeval_min30",2,3,2,3,0.05,0,2.67211002320983,0,0,0
1067,2,5,2000,2000,20771531,"ifeval_min30",2,3,2,3,0.05,0,2.00691809947602,0,0,0
1068,2,5,2000,2000,20771531,"ifeval_min30",2,3,2,3,0.05,0,2.32593911117874,0,0,0
1069,2,5,2000,2000,20771531,"ifeval_min30",2,3,2,3,0.05,0,2.91023119515739,0,0,0
1070,2,5,2000,2000,20771531,"ifeval_min30",2,3,2,3,0.05,0,2.57766556995921,0,0,0
1071,2,5,2000,2000,20771531,"ifeval_min30",2,3,2,3,0.05,0,2.20137948100455,0,0,0
1072,2,5,2000,2000,20771531,"ifeval_min30",2,3,2,3,0.05,0,2.47466540546156,0,0,0
1073,2,5,2000,2000,20771531,"ifeval_min30",2,3,2,3,0.05,0,2.36383446515538,0,0,2.21617808495648
1074,2,5,2000,2000,20771531,"ifeval_min30",2,3,2,3,0.05,0,2.23628027271479,0,0,0
1075,2,5,2000,2000,20771531,"ifeval_min30",2,3,2,3,0.05,0,2.73562684026547,0,2.25040323333815,0
1076,2,5,2000,2000,20771531,"ifeval_min30",2,3,2,3,0.05,0,2.41949857631698,-2.66529052937403,0,0
1077,2,5,2000,2000,20771531,"ifeval_min30",2,3,2,3,0.05,0,2.72329399362206,0,0,0
1078,2,5,2000,2000,20771531,"ifeval_min30",2,3,2,3,0.05,0,2.36683814483695,0,0,0
1079,2,5,2000,2000,20771531,"ifeval_min30",2,3,2,3,0.05,0,2.38353819050826,0,0,0
1080,2,5,2000,2000,20771531,"ifeval_min30",2,3,2,3,0.05,0,2.74988057860173,0,0,0
1081,2,5,2000,2000,20771531,"ifeval_min30",2,3,2,3,0.05,0,2.89497292158194,0,0,0
1082,2,5,2000,2000,20771531,"ifeval_min30",2,3,2,3,0.05,0,2.90703623113222,0,0,0
1083,2,5,2000,2000,20771531,"ifeval_min30",2,3,2,3,0.05,0,2.6618115438614,0,0,0
1084,2,5,2000,2000,20771531,"ifeval_min30",2,3,2,3,0.05,0,2.43719196412712,-2.60347914369777,0,0
1085,2,5,2000,2000,20771531,"ifeval_min30",2,3,2,3,0.05,-2.65353331388906,2.8120491837617,0,0,0
1086,2,5,2000,2000,20771531,"ifeval_min30",2,3,2,3,0.05,-2.0605615794193,2.1104691256769,0,0,0
1087,2,5,2000,2000,20771531,"ifeval_min30",2,3,2,3,0.05,0,2.30241665686481,0,0,0
1088,2,5,2000,2000,20771531,"ifeval_min30",2,3,2,3,0.05,0,2.54768852773122,0,0,0
1089,2,5,2000,2000,20771531,"ifeval_min30",2,3,2,3,0.05,0,2.11575994850136,0,0,0
1090,2,5,2000,2000,20771531,"ifeval_min30",2,3,2,3,0.05,0,2.09838003618643,0,0,0
1091,2,5,2000,2000,20771531,"ifeval_min30",2,3,2,3,0.05,0,2.78173583676107,0,0,0
1092,2,5,2000,2000,20771531,"ifeval_min30",2,3,2,3,0.05,0,2.62962815980427,0,0,0
1093,2,5,2000,2000,20771531,"ifeval_min30",2,3,2,3,0.05,0,2.52981313830242,0,0,0
1094,2,5,2000,2000,20771531,"ifeval_min30",2,3,2,3,0.05,0,2.96995878499001,0,0,0
1095,2,5,2000,2000,20771531,"ifeval_min30",2,3,2,3,0.05,0,2.48838305193931,0,0,0
1096,2,5,2000,2000,20771531,"ifeval_min30",2,3,2,3,0.05,0,2.26683131046593,0,0,0
1097,2,5,2000,2000,20771531,"ifeval_min30",2,3,2,3,0.05,0,2.90054394421168,0,0,0
1098,2,5,2000,2000,20771531,"ifeval_min30",2,3,2,3,0.05,0,2.05093031842262,0,0,0
1099,2,5,2000,2000,20771531,"ifeval_min30",2,3,2,3,0.05,0,2.81229001446627,0,0,0
1100,2,5,2000,2000,20771531,"ifeval_min30",2,3,2,3,0.05,0,2.37379449605942,0,0,0
1101,2,5,2000,2000,20771531,"ifeval_min30",2,3,2,3,0.05,0,2.3615544566419,0,0,0
1102,2,5,2000,2000,20771531,"ifeval_min30",2,3,2,3,0.05,-2.27316810423508,2.53594057541341,0,0,0
1103,2,5,2000,2000,20771531,"ifeval_min30",2,3,2,3,0.05,0,2.12381419236772,0,0,0
1104,2,5,2000,2000,20771531,"ifeval_min30",2,3,2,3,0.05,0,2.63896612916142,0,0,0
1105,2,5,2000,2000,20771531,"ifeval_min30",2,3,2,3,0.05,0,2.79701754590496,0,0,0
1106,2,5,2000,2000,20771531,"ifeval_min30",2,3,2,3,0.05,0,2.0897731014993,0,0,0
1107,2,5,2000,2000,20771531,"ifeval_min30",2,3,2,3,0.05,0,2.74196384614334,0,0,0
1108,2,5,2000,2000,20771531,"ifeval_min30",2,3,2,3,0.05,0,2.87746872985736,0,0,0
1109,2,5,2000,2000,20771531,"ifeval_min30",2,3,2,3,0.05,0,2.69032947695814,0,0,0
1110,2,5,2000,2000,20771531,"ifeval_min30",2,3,2,3,0.05,0,2.88510159519501,0,0,0
1111,2,5,2000,2000,20771531,"ifeval_min30",2,3,2,3,0.05,0,2.13214262435213,0,0,0
1112,2,5,2000,2000,20771531,"ifeval_min30",2,3,2,3,0.05,0,2.72335352469236,0,0,0
1113,2,5,2000,2000,20771531,"ifeval_min30",2,3,2,3,0.05,2.41086527472362,2.86568798078224,0,0,0
1114,2,5,2000,2000,20771531,"ifeval_min30",2,3,2,3,0.05,0,2.68163361703046,0,0,0
1115,2,5,2000,2000,20771531,"ifeval_min30",2,3,2,3,0.05,0,2.62048690579832,0,0,0
1116,2,5,2000,2000,20771531,"ifeval_min30",2,3,2,3,0.05,0,2.13604919379577,0,0,0
1117,2,5,2000,2000,20771531,"ifeval_min30",2,3,2,3,0.05,0,2.34892991185188,0,0,0
1118,2,5,2000,2000,20771531,"ifeval_min30",2,3,2,3,0.05,0,2.94308777456172,0,0,0
1119,2,5,2000,2000,20771531,"ifeval_min30",2,3,2,3,0.05,-2.43730038986541,2.5736884905491,0,0,0
1120,2,5,2000,2000,20771531,"ifeval_min30",2,3,2,3,0.05,0,2.93209219584242,0,0,0
1121,2,5,2000,2000,20771531,"ifeval_min30",2,3,2,3,0.05,2.62201257096604,2.63736417796463,0,0,0
1122,2,5,2000,2000,20771531,"ifeval_min30",2,3,2,3,0.05,0,2.282922699349,0,0,2.78333181794733
1123,2,5,2000,2000,20771531,"ifeval_min30",2,3,2,3,0.05,2.51591587951407,2.51609016000293,0,0,0
1124,2,5,2000,2000,20771531,"ifeval_min30",2,3,2,3,0.05,0,2.18655168008991,0,0,0
1125,2,5,2000,2000,20771531,"ifeval_min30",2,3,2,3,0.05,0,2.2232597861439,0,0,0
1126,2,5,2000,2000,20771531,"ifeval_min30",2,3,2,3,0.05,0,2.99076989572495,0,0,0
1127,2,5,2000,2000,20771531,"ifeval_min30",2,3,2,3,0.05,0,2.58227925631218,0,0,0
1128,2,5,2000,2000,20771531,"ifeval_min30",2,3,2,3,0.05,0,2.58559368993156,0,0,0
1129,2,5,2000,2000,20771531,"ifeval_min30",2,3,2,3,0.05,0,2.11589938611723,0,0,0
1130,2,5,2000,2000,20771531,"ifeval_min30",2,3,2,3,0.05,0,2.12203978956677,0,0,0
1131,2,5,2000,2000,20771531,"ifeval_min30",2,3,2,3,0.05,0,2.00488954293542,0,0,0
1132,2,5,2000,2000,20771531,"ifeval_min30",2,3,2,3,0.05,0,2.00860138097778,0,0,0
1133,2,5,2000,2000,20771531,"ifeval_min30",2,3,2,3,0.05,0,2.38638141099364,0,0,0
1134,2,5,2000,2000,20771531,"ifeval_min30",2,3,2,3,0.05,0,2.99425659631379,0,0,0
1135,2,5,2000,2000,20771531,"ifeval_min30",2,3,2,3,0.05,0,2.89345409558155,0,0,0
1136,2,5,2000,2000,20771531,"ifeval_min30",2,3,2,3,0.05,0,2.56028934358619,0,0,2.01749146054499
1137,2,5,2000,2000,20771531,"ifeval_min30",2,3,2,3,0.05,2.98540763929486,2.57489848346449,0,0,0
1138,2,5,2000,2000,20771531,"ifeval_min30",2,3,2,3,0.05,0,2.31816266779788,0,0,0
1139,2,5,2000,2000,20771531,"ifeval_min30",2,3,2,3,0.05,0,2.58756959554739,0,0,0
1140,2,5,2000,2000,20771531,"ifeval_min30",2,3,2,3,0.05,0,2.42133146524429,0,0,0
1141,2,5,2000,2000,20771531,"ifeval_min30",2,3,2,3,0.05,0,2.94189094565809,0,0,0
1142,2,5,2000,2000,20771531,"ifeval_min30",2,3,2,3,0.05,0,2.05712217395194,0,0,0
1143,2,5,2000,2000,20771531,"ifeval_min30",2,3,2,3,0.05,0,2.18450697511435,0,0,0
1144,2,5,2000,2000,20771531,"ifeval_min30",2,3,2,3,0.05,0,2.30123908701353,0,0,0
1145,2,5,2000,2000,20771531,"ifeval_min30",2,3,2,3,0.05,0,2.74482465814799,2.83986173314042,0,0
1146,2,5,2000,2000,20771531,"ifeval_min30",2,3,2,3,0.05,0,2.67518212064169,0,0,0
1147,2,5,2000,2000,20771531,"ifeval_min30",2,3,2,3,0.05,0,2.0275280373171,0,0,0
1148,2,5,2000,2000,20771531,"ifeval_min30",2,3,2,3,0.05,0,2.83222747244872,0,0,0
1149,2,5,2000,2000,20771531,"ifeval_min30",2,3,2,3,0.05,0,2.47848841873929,0,0,0
1150,2,5,2000,2000,20771531,"ifeval_min30",2,3,2,3,0.05,0,2.26029786188155,0,0,0
1151,2,5,2000,2000,20771531,"ifeval_min30",2,3,2,3,0.05,0,2.98968137963675,0,0,0
1152,2,5,2000,2000,20771531,"ifeval_min30",2,3,2,3,0.05,2.4666343620047,2.71552959829569,0,0,-2.67019942752086
1153,2,5,2000,2000,20771531,"ifeval_min30",2,3,2,3,0.05,0,2.73029357055202,0,0,-2.08716791984625
1154,2,5,2000,2000,20771531,"ifeval_min30",2,3,2,3,0.05,0,2.40578552172519,0,0,0
1155,2,5,2000,2000,20771531,"ifeval_min30",2,3,2,3,0.05,0,2.41203387337737,0,0,0
1156,2,5,2000,2000,20771531,"ifeval_min30",2,3,2,3,0.05,0,2.57746715866961,0,0,0
1157,2,5,2000,2000,20771531,"ifeval_min30",2,3,2,3,0.05,0,2.6155581639614,0,0,0
1158,2,5,2000,2000,20771531,"ifeval_min30",2,3,2,3,0.05,0,2.7151382479351,0,0,0
1159,2,5,2000,2000,20771531,"ifeval_min30",2,3,2,3,0.05,0,2.32418031757697,0,0,0
1160,2,5,2000,2000,20771531,"ifeval_min30",2,3,2,3,0.05,0,2.95083234342746,0,0,0
1161,2,5,2000,2000,20771531,"ifeval_min30",2,3,2,3,0.05,0,2.79717033007182,0,0,0
1162,2,5,2000,2000,20771531,"ifeval_min30",2,3,2,3,0.05,0,2.99099505203776,0,0,0
1163,2,5,2000,2000,20771531,"ifeval_min30",2,3,2,3,0.05,0,2.51307152304798,0,0,0
1164,2,5,2000,2000,20771531,"ifeval_min30",2,3,2,3,0.05,0,2.08307087025605,0,0,0
1165,2,5,2000,2000,20771531,"ifeval_min30",2,3,2,3,0.05,0,2.61879514204338,0,0,0
1166,2,5,2000,2000,20771531,"ifeval_min30",2,3,2,3,0.05,0,2.95636946265586,2.8433897534851,0,0
1167,2,5,2000,2000,20771531,"ifeval_min30",2,3,2,3,0.05,0,2.2321647752542,0,0,0
1168,2,5,2000,2000,20771531,"ifeval_min30",2,3,2,3,0.05,0,2.37556119961664,0,0,0
1169,2,5,2000,2000,20771531,"ifeval_min30",2,3,2,3,0.05,0,2.49891882785596,0,0,0
1170,2,5,2000,2000,20771531,"ifeval_min30",2,3,2,3,0.05,0,2.73465793742798,0,0,0
1171,2,5,2000,2000,20771531,"ifeval_min30",2,3,2,3,0.05,0,2.83085138909519,0,0,0
1172,2,5,2000,2000,20771531,"ifeval_min30",2,3,2,3,0.05,0,2.02296189917251,0,0,0
1173,2,5,2000,2000,20771531,"ifeval_min30",2,3,2,3,0.05,0,2.61332300677896,0,0,0
1174,2,5,2000,2000,20771531,"ifeval_min30",2,3,2,3,0.05,0,2.64600735506974,0,0,0
1175,2,5,2000,2000,20771531,"ifeval_min30",2,3,2,3,0.05,0,2.33182098343968,0,0,0
1176,2,5,2000,2000,20771531,"ifeval_min30",2,3,2,3,0.05,0,2.56603555288166,0,2.0769044610206,0
1177,2,5,2000,2000,20771531,"ifeval_min30",2,3,2,3,0.05,0,2.96292346366681,0,0,0
1178,2,5,2000,2000,20771531,"ifeval_min30",2,3,2,3,0.05,0,2.05567618762143,0,0,0
1179,2,5,2000,2000,20771531,"ifeval_min30",2,3,2,3,0.05,0,2.8912152913399,0,0,0
1180,2,5,2000,2000,20771531,"ifeval_min30",2,3,2,3,0.05,0,2.8395449470263,0,0,0
1181,2,5,2000,2000,20771531,"ifeval_min30",2,3,2,3,0.05,-2.66264296765439,2.47669611894526,0,0,0
1182,2,5,2000,2000,20771531,"ifeval_min30",2,3,2,3,0.05,0,2.82434733910486,0,0,0
1183,2,5,2000,2000,20771531,"ifeval_min30",2,3,2,3,0.05,0,2.06024823407643,0,0,0
1184,2,5,2000,2000,20771531,"ifeval_min30",2,3,2,3,0.05,0,2.6630618837662,0,0,0
1185,2,5,2000,2000,20771531,"ifeval_min30",2,3,2,3,0.05,0,2.80756453005597,0,0,0
1186,2,5,2000,2000,20771531,"ifeval_min30",2,3,2,3,0.05,0,2.97000969829969,0,0,0
1187,2,5,2000,2000,20771531,"ifeval_min30",2,3,2,3,0.05,0,2.43709996854886,0,0,0
1188,2,5,2000,2000,20771531,"ifeval_min30",2,3,2,3,0.05,0,2.66895569185726,0,0,0
1189,2,5,2000,2000,20771531,"ifeval_min30",2,3,2,3,0.05,0,2.7533998133149,0,0,0
1190,2,5,2000,2000,20771531,"ifeval_min30",2,3,2,3,0.05,2.78576845116913,2.14939069747925,0,0,0
1191,2,5,2000,2000,20771531,"ifeval_min30",2,3,2,3,0.05,-2.44255079235882,2.6203454839997,0,0,0
1192,2,5,2000,2000,20771531,"ifeval_min30",2,3,2,3,0.05,0,2.09020153293386,0,0,0
1193,2,5,2000,2000,20771531,"ifeval_min30",2,3,2,3,0.05,0,2.74323794967495,0,0,0
1194,2,5,2000,2000,20771531,"ifeval_min30",2,3,2,3,0.05,0,2.48116038367152,2.52452882332727,0,0
1195,2,5,2000,2000,20771531,"ifeval_min30",2,3,2,3,0.05,0,2.96310105430894,0,0,0
1196,2,5,2000,2000,20771531,"ifeval_min30",2,3,2,3,0.05,0,2.41275334614329,0,0,0
1197,2,5,2000,2000,20771531,"ifeval_min30",2,3,2,3,0.05,0,2.38617167645134,0,0,0
1198,2,5,2000,2000,20771531,"ifeval_min30",2,3,2,3,0.05,0,2.13259258097969,0,0,0
1199,2,5,2000,2000,20771531,"ifeval_min30",2,3,2,3,0.05,0,2.50179487443529,0,0,0
1200,2,5,2000,2000,20771531,"ifeval_min30",2,3,2,3,0.05,0,2.21288927202113,0,0,0
1201,2,5,2000,2000,20771531,"ifeval_min30",2,3,2,3,0.05,0,2.95118995010853,0,0,0
1202,2,5,2000,2000,20771531,"ifeval_min30",2,3,2,3,0.05,0,2.83802653290331,0,0,0
1203,2,5,2000,2000,20771531,"ifeval_min30",2,3,2,3,0.05,0,2.29184273374267,0,0,0
1204,2,5,2000,2000,20771531,"ifeval_min30",2,3,2,3,0.05,0,2.08300880319439,0,0,0
1205,2,5,2000,2000,20771531,"ifeval_min30",2,3,2,3,0.05,0,2.71377947716974,0,0,0
1206,2,5,2000,2000,20771531,"ifeval_min30",2,3,2,3,0.05,0,2.49244243837893,0,0,0
1207,2,5,2000,2000,20771531,"ifeval_min30",2,3,2,3,0.05,0,2.87677605031058,0,0,0
1208,2,5,2000,2000,20771531,"ifeval_min30",2,3,2,3,0.05,0,2.55000605527312,0,0,0
1209,2,5,2000,2000,20771531,"ifeval_min30",2,3,2,3,0.05,0,2.95912792603485,0,0,0
1210,2,5,2000,2000,20771531,"ifeval_min30",2,3,2,3,0.05,0,2.26779980771244,0,0,0
1211,2,5,2000,2000,20771531,"ifeval_min30",2,3,2,3,0.05,0,2.05777697684243,0,-2.77020648936741,0
1212,2,5,2000,2000,20771531,"ifeval_min30",2,3,2,3,0.05,0,2.61998436786234,0,0,0
1213,2,5,2000,2000,20771531,"ifeval_min30",2,3,2,3,0.05,0,2.74150476465002,0,0,-2.62358626630157
1214,2,5,2000,2000,20771531,"ifeval_min30",2,3,2,3,0.05,0,2.34142281697132,0,0,0
1215,2,5,2000,2000,20771531,"ifeval_min30",2,3,2,3,0.05,0,2.36200071405619,0,0,0
1216,2,5,2000,2000,20771531,"ifeval_min30",2,3,2,3,0.05,0,2.29332159971818,0,0,0
1217,2,5,2000,2000,20771531,"ifeval_min30",2,3,2,3,0.05,0,2.18512294371612,0,0,0
1218,2,5,2000,2000,20771531,"ifeval_min30",2,3,2,3,0.05,0,2.90248641185462,0,0,0
1219,2,5,2000,2000,20771531,"ifeval_min30",2,3,2,3,0.05,0,2.71509408741258,0,0,0
1220,2,5,2000,2000,20771531,"ifeval_min30",2,3,2,3,0.05,0,2.25469951960258,0,0,0
1221,2,5,2000,2000,20771531,"ifeval_min30",2,3,2,3,0.05,0,2.01991949486546,0,0,0
1222,2,5,2000,2000,20771531,"ifeval_min30",2,3,2,3,0.05,0,2.21333109377883,0,0,0
1223,2,5,2000,2000,20771531,"ifeval_min30",2,3,2,3,0.05,0,2.01373715605587,0,-2.79696213779971,0
1224,2,5,2000,2000,20771531,"ifeval_min30",2,3,2,3,0.05,0,2.15865941252559,0,0,0
1225,2,5,2000,2000,20771531,"ifeval_min30",2,3,2,3,0.05,0,2.59521146351472,0,0,0
1226,2,5,2000,2000,20771531,"ifeval_min30",2,3,2,3,0.05,0,2.50395023077726,0,0,0
1227,2,5,2000,2000,20771531,"ifeval_min30",2,3,2,3,0.05,0,2.16205286770128,0,0,0
1228,2,5,2000,2000,20771531,"ifeval_min30",2,3,2,3,0.05,0,2.60511416732334,0,0,0
1229,2,5,2000,2000,20771531,"ifeval_min30",2,3,2,3,0.05,0,2.0887429730501,0,0,0
1230,2,5,2000,2000,20771531,"ifeval_min30",2,3,2,3,0.05,0,2.11182873253711,0,0,0
1231,2,5,2000,2000,20771531,"ifeval_min30",2,3,2,3,0.05,0,2.60795678989962,0,0,0
1232,2,5,2000,2000,20771531,"ifeval_min30",2,3,2,3,0.05,0,2.21084052906372,0,0,0
1233,2,5,2000,2000,20771531,"ifeval_min30",2,3,2,3,0.05,0,2.12518801097758,0,0,0
1234,2,5,2000,2000,20771531,"ifeval_min30",2,3,2,3,0.05,0,2.42943133064546,0,0,0
1235,2,5,2000,2000,20771531,"ifeval_min30",2,3,2,3,0.05,0,2.72356332349591,0,0,0
1236,2,5,2000,2000,20771531,"ifeval_min30",2,3,2,3,0.05,0,2.59092979016714,0,0,-2.23972162138671
1237,2,5,2000,2000,20771531,"ifeval_min30",2,3,2,3,0.05,0,2.99696517246775,0,0,0
1238,2,5,2000,2000,20771531,"ifeval_min30",2,3,2,3,0.05,0,2.92695402773097,0,0,0
1239,2,5,2000,2000,20771531,"ifeval_min30",2,3,2,3,0.05,0,2.67342747794464,0,0,0
1240,2,5,2000,2000,20771531,"ifeval_min30",2,3,2,3,0.05,0,2.23644527839497,0,0,0
1241,2,5,2000,2000,20771531,"ifeval_min30",2,3,2,3,0.05,0,2.46741659846157,0,0,0
1242,2,5,2000,2000,20771531,"ifeval_min30",2,3,2,3,0.05,0,2.17933355481364,0,0,0
1243,2,5,2000,2000,20771531,"ifeval_min30",2,3,2,3,0.05,0,2.675975413993,0,0,0
1244,2,5,2000,2000,20771531,"ifeval_min30",2,3,2,3,0.05,0,2.95659113721922,0,0,0
1245,2,5,2000,2000,20771531,"ifeval_min30",2,3,2,3,0.05,0,2.24905889667571,0,0,0
1246,2,5,2000,2000,20771531,"ifeval_min30",2,3,2,3,0.05,0,2.51928164367564,0,-2.74348097410984,0
1247,2,5,2000,2000,20771531,"ifeval_min30",2,3,2,3,0.05,0,2.23293209541589,0,0,0
1248,2,5,2000,2000,20771531,"ifeval_min30",2,3,2,3,0.05,0,2.4495742355939,0,0,0
1249,2,5,2000,2000,20771531,"ifeval_min30",2,3,2,3,0.05,0,2.28184986417182,0,0,0
1250,2,5,2000,2000,20771531,"ifeval_min30",2,3,2,3,0.05,0,2.69631685968488,0,0,0
1251,2,5,2000,2000,20771531,"ifeval_min30",2,3,2,3,0.05,0,2.95909057068639,0,0,0
1252,2,5,2000,2000,20771531,"ifeval_min30",2,3,2,3,0.05,2.72332590771839,2.27554062381387,0,0,0
1253,2,5,2000,2000,20771531,"ifeval_min30",2,3,2,3,0.05,0,2.62318733218126,0,0,0
1254,2,5,2000,2000,20771531,"ifeval_min30",2,3,2,3,0.05,0,2.83645667578094,0,0,0
1255,2,5,2000,2000,20771531,"ifeval_min30",2,3,2,3,0.05,0,2.68256424390711,0,0,0
1256,2,5,2000,2000,20771531,"ifeval_min30",2,3,2,3,0.05,0,2.19233897514641,0,0,0
1257,2,5,2000,2000,20771531,"ifeval_min30",2,3,2,3,0.05,2.56020763050765,2.42892254749313,0,0,0
1258,2,5,2000,2000,20771531,"ifeval_min30",2,3,2,3,0.05,0,2.7295628876891,0,0,0
1259,2,5,2000,2000,20771531,"ifeval_min30",2,3,2,3,0.05,0,2.45064509753138,0,0,0
1260,2,5,2000,2000,20771531,"ifeval_min30",2,3,2,3,0.05,0,2.10766589222476,0,0,0
1261,2,5,2000,2000,20771531,"ifeval_min30",2,3,2,3,0.05,0,2.11237244890071,0,0,0
1262,2,5,2000,2000,20771531,"ifeval_min30",2,3,2,3,0.05,0,2.92012379085645,0,0,0
1263,2,5,2000,2000,20771531,"ifeval_min30",2,3,2,3,0.05,0,2.6484520630911,0,0,0
1264,2,5,2000,2000,20771531,"ifeval_min30",2,3,2,3,0.05,0,2.70802377536893,0,0,0
1265,2,5,2000,2000,20771531,"ifeval_min30",2,3,2,3,0.05,0,2.30579063878395,0,0,0
1266,2,5,2000,2000,20771531,"ifeval_min30",2,3,2,3,0.05,0,2.56618233188055,2.40077572874725,0,0
1267,2,5,2000,2000,20771531,"ifeval_min30",2,3,2,3,0.05,0,2.38278729189187,0,0,0
1268,2,5,2000,2000,20771531,"ifeval_min30",2,3,2,3,0.05,0,2.2567527173087,0,2.83627451001666,0
1269,2,5,2000,2000,20771531,"ifeval_min30",2,3,2,3,0.05,0,2.35353195527568,0,0,0
1270,2,5,2000,2000,20771531,"ifeval_min30",2,3,2,3,0.05,0,2.99769599246792,0,0,0
1271,2,5,2000,2000,20771531,"ifeval_min30",2,3,2,3,0.05,0,2.51544097904116,0,0,0
1272,2,5,2000,2000,20771531,"ifeval_min30",2,3,2,3,0.05,0,2.105888948543,0,0,0
1273,2,5,2000,2000,20771531,"ifeval_min30",2,3,2,3,0.05,0,2.16884580091573,0,0,0
1274,2,5,2000,2000,20771531,"ifeval_min30",2,3,2,3,0.05,0,2.98851921013556,0,0,0
1275,2,5,2000,2000,20771531,"ifeval_min30",2,3,2,3,0.05,0,2.2654333319515,0,0,0
1276,2,5,2000,2000,20771531,"ifeval_min30",2,3,2,3,0.05,0,2.68022902752273,0,0,0
1277,2,5,2000,2000,20771531,"ifeval_min30",2,3,2,3,0.05,0,2.28361006453633,0,0,0
1278,2,5,2000,2000,20771531,"ifeval_min30",2,3,2,3,0.05,0,2.95421500620432,0,0,0
1279,2,5,2000,2000,20771531,"ifeval_min30",2,3,2,3,0.05,0,2.44961054692976,0,0,0
1280,2,5,2000,2000,20771531,"ifeval_min30",2,3,2,3,0.05,0,2.30527266650461,0,0,0
1281,2,5,2000,2000,20771531,"ifeval_min30",2,3,2,3,0.05,0,2.23176861112006,0,0,0
1282,2,5,2000,2000,20771531,"ifeval_min30",2,3,2,3,0.05,0,2.74590251385234,0,0,0
1283,2,5,2000,2000,20771531,"ifeval_min30",2,3,2,3,0.05,0,2.06725540827028,0,0,0
1284,2,5,2000,2000,20771531,"ifeval_min30",2,3,2,3,0.05,0,2.22920723375864,0,0,0
1285,2,5,2000,2000,20771531,"ifeval_min30",2,3,2,3,0.05,0,2.33284015697427,2.81920094718225,0,0
1286,2,5,2000,2000,20771531,"ifeval_min30",2,3,2,3,0.05,0,2.47453529317863,0,0,0
1287,2,5,2000,2000,20771531,"ifeval_min30",2,3,2,3,0.05,0,2.35605416609906,0,0,0
1288,2,5,2000,2000,20771531,"ifeval_min30",2,3,2,3,0.05,0,2.97849526861683,0,0,0
1289,2,5,2000,2000,20771531,"ifeval_min30",2,3,2,3,0.05,0,2.27122128661722,0,0,0
1290,2,5,2000,2000,20771531,"ifeval_min30",2,3,2,3,0.05,0,2.74205648293719,0,0,0
1291,2,5,2000,2000,20771531,"ifeval_min30",2,3,2,3,0.05,0,2.98975687008351,0,-2.47937453677878,0
1292,2,5,2000,2000,20771531,"ifeval_min30",2,3,2,3,0.05,0,2.67532094218768,0,2.55336979124695,0
1293,2,5,2000,2000,20771531,"ifeval_min30",2,3,2,3,0.05,-2.81024690438062,2.01970685343258,0,0,0
1294,2,5,2000,2000,20771531,"ifeval_min30",2,3,2,3,0.05,0,2.41377742728218,0,0,0
1295,2,5,2000,2000,20771531,"ifeval_min30",2,3,2,3,0.05,0,2.07185265771113,0,-2.0844100092072,0
1296,2,5,2000,2000,20771531,"ifeval_min30",2,3,2,3,0.05,0,2.90864452440292,0,0,0
1297,2,5,2000,2000,20771531,"ifeval_min30",2,3,2,3,0.05,0,2.93816234963015,0,0,0
1298,2,5,2000,2000,20771531,"ifeval_min30",2,3,2,3,0.05,0,2.98369928705506,0,0,0
1299,2,5,2000,2000,20771531,"ifeval_min30",2,3,2,3,0.05,0,2.03582843835466,0,0,0
1300,2,5,2000,2000,20771531,"ifeval_min30",2,3,2,3,0.05,0,2.59935040702112,0,0,0
1301,2,5,2000,2000,20771531,"ifeval_min30",2,3,2,3,0.05,0,2.73244445258752,2.05831099161878,0,0
1302,2,5,2000,2000,20771531,"ifeval_min30",2,3,2,3,0.05,2.16539504355751,2.53304791590199,0,0,0
1303,2,5,2000,2000,20771531,"ifeval_min30",2,3,2,3,0.05,0,2.4560749954544,2.2697533571627,0,0
1304,2,5,2000,2000,20771531,"ifeval_min30",2,3,2,3,0.05,0,2.12644615001045,0,0,0
1305,2,5,2000,2000,20771531,"ifeval_min30",2,3,2,3,0.05,0,2.18899922561832,2.46234470279887,0,0
1306,2,5,2000,2000,20771531,"ifeval_min30",2,3,2,3,0.05,0,2.69546255399473,0,0,0
1307,2,5,2000,2000,20771531,"ifeval_min30",2,3,2,3,0.05,0,2.21910727070644,0,0,0
1308,2,5,2000,2000,20771531,"ifeval_min30",2,3,2,3,0.05,0,2.09571003518067,0,0,0
1309,2,5,2000,2000,20771531,"ifeval_min30",2,3,2,3,0.05,0,2.77158214454539,0,0,0
1310,2,5,2000,2000,20771531,"ifeval_min30",2,3,2,3,0.05,0,2.09714931319468,0,0,0
1311,2,5,2000,2000,20771531,"ifeval_min30",2,3,2,3,0.05,0,2.71069848095067,0,0,-2.79873865190893
1312,2,5,2000,2000,20771531,"ifeval_min30",2,3,2,3,0.05,0,2.15086692338809,-2.38154586334713,0,0
1313,2,5,2000,2000,20771531,"ifeval_min30",2,3,2,3,0.05,0,2.48371483501978,0,0,0
1314,2,5,2000,2000,20771531,"ifeval_min30",2,3,2,3,0.05,0,2.5040909643285,0,0,0
1315,2,5,2000,2000,20771531,"ifeval_min30",2,3,2,3,0.05,0,2.57514596381225,0,0,0
1316,2,5,2000,2000,20771531,"ifeval_min30",2,3,2,3,0.05,0,2.17167818523012,0,0,0
1317,2,5,2000,2000,20771531,"ifeval_min30",2,3,2,3,0.05,0,2.20598884718493,0,0,0
1318,2,5,2000,2000,20771531,"ifeval_min30",2,3,2,3,0.05,0,2.64256747602485,0,0,0
1319,2,5,2000,2000,20771531,"ifeval_min30",2,3,2,3,0.05,2.8689697671216,2.78223073668778,0,0,0
1320,2,5,2000,2000,20771531,"ifeval_min30",2,3,2,3,0.05,0,2.45938658691011,0,0,0
1321,2,5,2000,2000,20771531,"ifeval_min30",2,3,2,3,0.05,0,2.30298688984476,0,0,0
1322,2,5,2000,2000,20771531,"ifeval_min30",2,3,2,3,0.05,0,2.94369165296666,0,0,0
1323,2,5,2000,2000,20771531,"ifeval_min30",2,3,2,3,0.05,0,2.14233862771653,0,0,0
1324,2,5,2000,2000,20771531,"ifeval_min30",2,3,2,3,0.05,0,2.16263134474866,0,0,0
1325,2,5,2000,2000,20771531,"ifeval_min30",2,3,2,3,0.05,0,2.35277986363508,0,0,0
1326,2,5,2000,2000,20771531,"ifeval_min30",2,3,2,3,0.05,0,2.54475320503116,0,0,0
1327,2,5,2000,2000,20771531,"ifeval_min30",2,3,2,3,0.05,0,2.68508630944416,0,0,2.16762028122321
1328,2,5,2000,2000,20771531,"ifeval_min30",2,3,2,3,0.05,0,2.05695645324886,0,0,0
1329,2,5,2000,2000,20771531,"ifeval_min30",2,3,2,3,0.05,0,2.47064940351993,0,0,0
1330,2,5,2000,2000,20771531,"ifeval_min30",2,3,2,3,0.05,0,2.47448121267371,0,0,2.8765134322457
1331,2,5,2000,2000,20771531,"ifeval_min30",2,3,2,3,0.05,0,2.31382293347269,0,0,0
1332,2,5,2000,2000,20771531,"ifeval_min30",2,3,2,3,0.05,0,2.06805985979736,0,0,0
1333,2,5,2000,2000,20771531,"ifeval_min30",2,3,2,3,0.05,0,2.35382343642414,0,0,0
1334,2,5,2000,2000,20771531,"ifeval_min30",2,3,2,3,0.05,0,2.0257105070632,0,0,0
1335,2,5,2000,2000,20771531,"ifeval_min30",2,3,2,3,0.05,0,2.86792131164111,0,0,0
1336,2,5,2000,2000,20771531,"ifeval_min30",2,3,2,3,0.05,0,2.05733359069563,0,0,0
1337,2,5,2000,2000,20771531,"ifeval_min30",2,3,2,3,0.05,0,2.2242700769566,0,0,0
1338,2,5,2000,2000,20771531,"ifeval_min30",2,3,2,3,0.05,0,2.01523620239459,0,0,0
1339,2,5,2000,2000,20771531,"ifeval_min30",2,3,2,3,0.05,0,2.20574512612075,0,0,0
1340,2,5,2000,2000,20771531,"ifeval_min30",2,3,2,3,0.05,0,2.17840866884217,0,0,0
1341,2,5,2000,2000,20771531,"ifeval_min30",2,3,2,3,0.05,-2.92285254737362,2.02411206625402,0,0,0
1342,2,5,2000,2000,20771531,"ifeval_min30",2,3,2,3,0.05,0,2.92784553323872,0,0,0
1343,2,5,2000,2000,20771531,"ifeval_min30",2,3,2,3,0.05,0,2.6877966132015,0,0,0
1344,2,5,2000,2000,20771531,"ifeval_min30",2,3,2,3,0.05,0,2.04201967641711,0,0,0
1345,2,5,2000,2000,20771531,"ifeval_min30",2,3,2,3,0.05,0,2.34937728196383,2.16381364432164,0,0
1346,2,5,2000,2000,20771531,"ifeval_min30",2,3,2,3,0.05,0,2.8124425446149,0,2.49587179929949,0
1347,2,5,2000,2000,20771531,"ifeval_min30",2,3,2,3,0.05,0,2.8778400993906,0,0,-2.77294900408015
1348,2,5,2000,2000,20771531,"ifeval_min30",2,3,2,3,0.05,0,2.13409474305809,0,0,0
1349,2,5,2000,2000,20771531,"ifeval_min30",2,3,2,3,0.05,0,2.60437569697388,0,0,0
1350,2,5,2000,2000,20771531,"ifeval_min30",2,3,2,3,0.05,0,2.27545667835511,0,-2.49044937035069,0
1351,2,5,2000,2000,20771531,"ifeval_min30",2,3,2,3,0.05,0,2.06501202890649,0,0,0
1352,2,5,2000,2000,20771531,"ifeval_min30",2,3,2,3,0.05,0,2.57654638891108,0,0,0
1353,2,5,2000,2000,20771531,"ifeval_min30",2,3,2,3,0.05,0,2.36255331896245,0,0,0
1354,2,5,2000,2000,20771531,"ifeval_min30",2,3,2,3,0.05,0,2.7298846305348,0,0,0
1355,2,5,2000,2000,20771531,"ifeval_min30",2,3,2,3,0.05,0,2.47453292668797,0,0,0
1356,2,5,2000,2000,20771531,"ifeval_min30",2,3,2,3,0.05,0,2.79694797261618,0,0,0
1357,2,5,2000,2000,20771531,"ifeval_min30",2,3,2,3,0.05,0,2.36305582965724,0,0,0
1358,2,5,2000,2000,20771531,"ifeval_min30",2,3,2,3,0.05,-2.84811700531282,2.96455193450674,0,0,0
1359,2,5,2000,2000,20771531,"ifeval_min30",2,3,2,3,0.05,0,2.72203347901814,0,0,0
1360,2,5,2000,2000,20771531,"ifeval_min30",2,3,2,3,0.05,-2.54871111898683,2.62331058527343,0,0,0
1361,2,5,2000,2000,20771531,"ifeval_min30",2,3,2,3,0.05,0,2.45520472945645,0,0,0
1362,2,5,2000,2000,20771531,"ifeval_min30",2,3,2,3,0.05,0,2.57567408913746,0,0,0
1363,2,5,2000,2000,20771531,"ifeval_min30",2,3,2,3,0.05,2.14340047817677,2.63739707716741,0,0,0
1364,2,5,2000,2000,20771531,"ifeval_min30",2,3,2,3,0.05,0,2.91432594857179,0,0,0
1365,2,5,2000,2000,20771531,"ifeval_min30",2,3,2,3,0.05,0,2.17820069054142,0,0,0
1366,2,5,2000,2000,20771531,"ifeval_min30",2,3,2,3,0.05,0,2.10630648792721,0,0,-2.86830139462836
1367,2,5,2000,2000,20771531,"ifeval_min30",2,3,2,3,0.05,0,2.44240840687416,0,0,0
1368,2,5,2000,2000,20771531,"ifeval_min30",2,3,2,3,0.05,0,2.98210893408395,0,0,0
1369,2,5,2000,2000,20771531,"ifeval_min30",2,3,2,3,0.05,-2.64780121250078,2.61492272024043,0,0,0
1370,2,5,2000,2000,20771531,"ifeval_min30",2,3,2,3,0.05,0,2.2512599171605,0,0,0
1371,2,5,2000,2000,20771531,"ifeval_min30",2,3,2,3,0.05,0,2.79473839234561,0,0,0
1372,2,5,2000,2000,20771531,"ifeval_min30",2,3,2,3,0.05,0,2.18025933764875,0,0,0
1373,2,5,2000,2000,20771531,"ifeval_min30",2,3,2,3,0.05,0,2.19579294440337,0,0,0
1374,2,5,2000,2000,20771531,"ifeval_min30",2,3,2,3,0.05,0,2.60601709829643,0,0,0
1375,2,5,2000,2000,20771531,"ifeval_min30",2,3,2,3,0.05,0,2.86403464828618,0,0,0
1376,2,5,2000,2000,20771531,"ifeval_min30",2,3,2,3,0.05,0,2.8737233269494,0,0,0
1377,2,5,2000,2000,20771531,"ifeval_min30",2,3,2,3,0.05,0,2.16331638256088,0,2.57598139555193,0
1378,2,5,2000,2000,20771531,"ifeval_min30",2,3,2,3,0.05,0,2.3129305250477,0,2.84533975436352,0
1379,2,5,2000,2000,20771531,"ifeval_min30",2,3,2,3,0.05,0,2.03343741456047,0,-2.13499860791489,0
1380,2,5,2000,2000,20771531,"ifeval_min30",2,3,2,3,0.05,0,2.67649386217818,0,0,0
1381,2,5,2000,2000,20771531,"ifeval_min30",2,3,2,3,0.05,0,2.89412042638287,0,2.7246608401183,0
1382,2,5,2000,2000,20771531,"ifeval_min30",2,3,2,3,0.05,0,2.46826125169173,0,0,0
1383,2,5,2000,2000,20771531,"ifeval_min30",2,3,2,3,0.05,0,2.02165138325654,0,0,0
1384,2,5,2000,2000,20771531,"ifeval_min30",2,3,2,3,0.05,0,2.74113017553464,0,0,0
1385,3,5,2000,2000,20771531,"ifeval_min30",2,3,2,3,0.05,0,0,2.68305230722763,0,0
1386,3,5,2000,2000,20771531,"ifeval_min30",2,3,2,3,0.05,0,0,2.46534591028467,0,0
1387,3,5,2000,2000,20771531,"ifeval_min30",2,3,2,3,0.05,0,0,2.10527017479762,0,0
1388,3,5,2000,2000,20771531,"ifeval_min30",2,3,2,3,0.05,0,0,2.37119654309936,0,0
1389,3,5,2000,2000,20771531,"ifeval_min30",2,3,2,3,0.05,0,0,2.43804867635481,0,0
1390,3,5,2000,2000,20771531,"ifeval_min30",2,3,2,3,0.05,0,0,2.46704154415056,0,0
1391,3,5,2000,2000,20771531,"ifeval_min30",2,3,2,3,0.05,0,0,2.45926569378935,0,0
1392,3,5,2000,2000,20771531,"ifeval_min30",2,3,2,3,0.05,0,0,2.37934525497258,0,0
1393,3,5,2000,2000,20771531,"ifeval_min30",2,3,2,3,0.05,0,0,2.9158135636244,0,0
1394,3,5,2000,2000,20771531,"ifeval_min30",2,3,2,3,0.05,0,0,2.11867571691982,0,0
1395,3,5,2000,2000,20771531,"ifeval_min30",2,3,2,3,0.05,0,0,2.57263379171491,0,0
1396,3,5,2000,2000,20771531,"ifeval_min30",2,3,2,3,0.05,0,0,2.17478841892444,0,0
1397,3,5,2000,2000,20771531,"ifeval_min30",2,3,2,3,0.05,0,0,2.56044055172242,0,0
1398,3,5,2000,2000,20771531,"ifeval_min30",2,3,2,3,0.05,0,0,2.67634395952336,0,0
1399,3,5,2000,2000,20771531,"ifeval_min30",2,3,2,3,0.05,0,0,2.70668083406053,0,0
1400,3,5,2000,2000,20771531,"ifeval_min30",2,3,2,3,0.05,0,-2.58023506496102,2.8235991327092,0,0
1401,3,5,2000,2000,20771531,"ifeval_min30",2,3,2,3,0.05,0,0,2.95664959074929,0,0
1402,3,5,2000,2000,20771531,"ifeval_min30",2,3,2,3,0.05,0,0,2.71077291225083,0,0
1403,3,5,2000,2000,20771531,"ifeval_min30",2,3,2,3,0.05,0,0,2.87570301326923,0,-2.9519113029819
1404,3,5,2000,2000,20771531,"ifeval_min30",2,3,2,3,0.05,0,0,2.55316998367198,0,0
1405,3,5,2000,2000,20771531,"ifeval_min30",2,3,2,3,0.05,0,0,2.77295549400151,0,0
1406,3,5,2000,2000,20771531,"ifeval_min30",2,3,2,3,0.05,0,0,2.60796123696491,-2.35151643422432,0
1407,3,5,2000,2000,20771531,"ifeval_min30",2,3,2,3,0.05,0,0,2.66655741515569,0,0
1408,3,5,2000,2000,20771531,"ifeval_min30",2,3,2,3,0.05,0,0,2.14986955863424,0,0
1409,3,5,2000,2000,20771531,"ifeval_min30",2,3,2,3,0.05,0,0,2.90639059408568,0,0
1410,3,5,2000,2000,20771531,"ifeval_min30",2,3,2,3,0.05,0,0,2.43237621407025,0,0
1411,3,5,2000,2000,20771531,"ifeval_min30",2,3,2,3,0.05,0,0,2.91895626694895,0,0
1412,3,5,2000,2000,20771531,"ifeval_min30",2,3,2,3,0.05,2.71995401405729,0,2.3866493308451,0,0
1413,3,5,2000,2000,20771531,"ifeval_min30",2,3,2,3,0.05,0,0,2.01383294863626,0,0
1414,3,5,2000,2000,20771531,"ifeval_min30",2,3,2,3,0.05,0,0,2.13868891820312,-2.2844521116931,0
1415,3,5,2000,2000,20771531,"ifeval_min30",2,3,2,3,0.05,0,0,2.17322158324532,0,0
1416,3,5,2000,2000,20771531,"ifeval_min30",2,3,2,3,0.05,0,0,2.46549757663161,0,-2.11172916600481
1417,3,5,2000,2000,20771531,"ifeval_min30",2,3,2,3,0.05,0,0,2.01333080301993,0,0
1418,3,5,2000,2000,20771531,"ifeval_min30",2,3,2,3,0.05,0,0,2.22888157563284,0,0
1419,3,5,2000,2000,20771531,"ifeval_min30",2,3,2,3,0.05,0,0,2.92644083197229,0,0
1420,3,5,2000,2000,20771531,"ifeval_min30",2,3,2,3,0.05,0,0,2.37296162964776,0,0
1421,3,5,2000,2000,20771531,"ifeval_min30",2,3,2,3,0.05,0,0,2.78794313548133,0,0
1422,3,5,2000,2000,20771531,"ifeval_min30",2,3,2,3,0.05,0,0,2.7455307401251,0,0
1423,3,5,2000,2000,20771531,"ifeval_min30",2,3,2,3,0.05,0,0,2.7269552606158,0,0
1424,3,5,2000,2000,20771531,"ifeval_min30",2,3,2,3,0.05,0,0,2.92229458456859,0,0
1425,3,5,2000,2000,20771531,"ifeval_min30",2,3,2,3,0.05,0,0,2.43030585069209,0,0
1426,3,5,2000,2000,20771531,"ifeval_min30",2,3,2,3,0.05,-2.07140641123988,0,2.64007462095469,0,0
1427,3,5,2000,2000,20771531,"ifeval_min30",2,3,2,3,0.05,0,0,2.31694139749743,0,0
1428,3,5,2000,2000,20771531,"ifeval_min30",2,3,2,3,0.05,0,0,2.517825569259,0,0
1429,3,5,2000,2000,20771531,"ifeval_min30",2,3,2,3,0.05,0,0,2.34330782084726,0,0
1430,3,5,2000,2000,20771531,"ifeval_min30",2,3,2,3,0.05,0,0,2.44283509836532,0,0
1431,3,5,2000,2000,20771531,"ifeval_min30",2,3,2,3,0.05,0,0,2.87018123688176,0,0
1432,3,5,2000,2000,20771531,"ifeval_min30",2,3,2,3,0.05,0,0,2.88008542102762,0,0
1433,3,5,2000,2000,20771531,"ifeval_min30",2,3,2,3,0.05,0,0,2.81136964284815,0,0
1434,3,5,2000,2000,20771531,"ifeval_min30",2,3,2,3,0.05,0,0,2.5939770762343,0,0
1435,3,5,2000,2000,20771531,"ifeval_min30",2,3,2,3,0.05,0,0,2.17094098310918,0,0
1436,3,5,2000,2000,20771531,"ifeval_min30",2,3,2,3,0.05,0,0,2.56670039799064,0,0
1437,3,5,2000,2000,20771531,"ifeval_min30",2,3,2,3,0.05,0,0,2.9884732645005,0,0
1438,3,5,2000,2000,20771531,"ifeval_min30",2,3,2,3,0.05,0,0,2.64964885939844,0,0
1439,3,5,2000,2000,20771531,"ifeval_min30",2,3,2,3,0.05,0,0,2.44994210009463,0,0
1440,3,5,2000,2000,20771531,"ifeval_min30",2,3,2,3,0.05,0,0,2.57440296770073,0,-2.95085991057567
1441,3,5,2000,2000,20771531,"ifeval_min30",2,3,2,3,0.05,0,0,2.7084132079035,0,0
1442,3,5,2000,2000,20771531,"ifeval_min30",2,3,2,3,0.05,0,0,2.99938096548431,0,0
1443,3,5,2000,2000,20771531,"ifeval_min30",2,3,2,3,0.05,0,0,2.97434717020951,0,0
1444,3,5,2000,2000,20771531,"ifeval_min30",2,3,2,3,0.05,0,0,2.48602736741304,0,0
1445,3,5,2000,2000,20771531,"ifeval_min30",2,3,2,3,0.05,0,0,2.53771985671483,0,0
1446,3,5,2000,2000,20771531,"ifeval_min30",2,3,2,3,0.05,0,0,2.85340987914242,0,0
1447,3,5,2000,2000,20771531,"ifeval_min30",2,3,2,3,0.05,0,0,2.96881858562119,0,0
1448,3,5,2000,2000,20771531,"ifeval_min30",2,3,2,3,0.05,0,0,2.90053558233194,0,0
1449,3,5,2000,2000,20771531,"ifeval_min30",2,3,2,3,0.05,0,0,2.08708806638606,0,0
1450,3,5,2000,2000,20771531,"ifeval_min30",2,3,2,3,0.05,0,0,2.88963216589764,0,0
1451,3,5,2000,2000,20771531,"ifeval_min30",2,3,2,3,0.05,0,0,2.97198373172432,0,0
1452,3,5,2000,2000,20771531,"ifeval_min30",2,3,2,3,0.05,0,0,2.54004374565557,0,2.5457971857395
1453,3,5,2000,2000,20771531,"ifeval_min30",2,3,2,3,0.05,0,0,2.36667890916578,0,0
1454,3,5,2000,2000,20771531,"ifeval_min30",2,3,2,3,0.05,0,0,2.18597250292078,0,2.13509790832177
1455,3,5,2000,2000,20771531,"ifeval_min30",2,3,2,3,0.05,2.42594597535208,0,2.51021752716042,0,0
1456,3,5,2000,2000,20771531,"ifeval_min30",2,3,2,3,0.05,0,0,2.86439358186908,0,0
1457,3,5,2000,2000,20771531,"ifeval_min30",2,3,2,3,0.05,2.17110162018798,0,2.49951551505364,0,0
1458,3,5,2000,2000,20771531,"ifeval_min30",2,3,2,3,0.05,0,0,2.90189927467145,0,0
1459,3,5,2000,2000,20771531,"ifeval_min30",2,3,2,3,0.05,0,0,2.92888217512518,0,0
1460,3,5,2000,2000,20771531,"ifeval_min30",2,3,2,3,0.05,-2.20984380692244,0,2.25919268396683,0,0
1461,3,5,2000,2000,20771531,"ifeval_min30",2,3,2,3,0.05,0,0,2.48578582331538,0,0
1462,3,5,2000,2000,20771531,"ifeval_min30",2,3,2,3,0.05,0,0,2.17038779845461,0,0
1463,3,5,2000,2000,20771531,"ifeval_min30",2,3,2,3,0.05,0,0,2.57860231166705,-2.60896599595435,0
1464,3,5,2000,2000,20771531,"ifeval_min30",2,3,2,3,0.05,0,0,2.80884228926152,-2.36401633592322,0
1465,3,5,2000,2000,20771531,"ifeval_min30",2,3,2,3,0.05,0,0,2.83980740793049,0,2.88962868903764
1466,3,5,2000,2000,20771531,"ifeval_min30",2,3,2,3,0.05,0,0,2.45405016466975,0,0
1467,3,5,2000,2000,20771531,"ifeval_min30",2,3,2,3,0.05,0,0,2.6286962851882,0,0
1468,3,5,2000,2000,20771531,"ifeval_min30",2,3,2,3,0.05,0,0,2.13204418169335,2.05781354359351,0
1469,3,5,2000,2000,20771531,"ifeval_min30",2,3,2,3,0.05,0,0,2.43796181119978,0,0
1470,3,5,2000,2000,20771531,"ifeval_min30",2,3,2,3,0.05,0,2.93315644585527,2.87681008665822,0,0
1471,3,5,2000,2000,20771531,"ifeval_min30",2,3,2,3,0.05,0,0,2.53053608653136,0,0
1472,3,5,2000,2000,20771531,"ifeval_min30",2,3,2,3,0.05,0,0,2.67408027872443,0,0
1473,3,5,2000,2000,20771531,"ifeval_min30",2,3,2,3,0.05,0,0,2.60285567329265,0,0
1474,3,5,2000,2000,20771531,"ifeval_min30",2,3,2,3,0.05,0,0,2.77433593268506,0,0
1475,3,5,2000,2000,20771531,"ifeval_min30",2,3,2,3,0.05,0,0,2.90926167974249,0,0
1476,3,5,2000,2000,20771531,"ifeval_min30",2,3,2,3,0.05,0,0,2.68854827713221,0,0
1477,3,5,2000,2000,20771531,"ifeval_min30",2,3,2,3,0.05,0,0,2.67360014561564,0,0
1478,3,5,2000,2000,20771531,"ifeval_min30",2,3,2,3,0.05,0,0,2.49160983134061,0,0
1479,3,5,2000,2000,20771531,"ifeval_min30",2,3,2,3,0.05,0,0,2.13680303702131,0,0
1480,3,5,2000,2000,20771531,"ifeval_min30",2,3,2,3,0.05,0,0,2.1241883605253,-2.02011574455537,0
1481,3,5,2000,2000,20771531,"ifeval_min30",2,3,2,3,0.05,0,0,2.68977465317585,2.46702698012814,0
1482,3,5,2000,2000,20771531,"ifeval_min30",2,3,2,3,0.05,0,0,2.88449010532349,0,0
1483,3,5,2000,2000,20771531,"ifeval_min30",2,3,2,3,0.05,0,0,2.6337129350286,0,0
1484,3,5,2000,2000,20771531,"ifeval_min30",2,3,2,3,0.05,0,0,2.32834985223599,0,0
1485,3,5,2000,2000,20771531,"ifeval_min30",2,3,2,3,0.05,0,0,2.67864227364771,0,0
1486,3,5,2000,2000,20771531,"ifeval_min30",2,3,2,3,0.05,0,0,2.00262746890076,0,0
1487,3,5,2000,2000,20771531,"ifeval_min30",2,3,2,3,0.05,0,0,2.95635054702871,-2.63056857115589,0
1488,3,5,2000,2000,20771531,"ifeval_min30",2,3,2,3,0.05,0,0,2.74732560454868,0,0
1489,3,5,2000,2000,20771531,"ifeval_min30",2,3,2,3,0.05,0,0,2.69268660666421,0,0
1490,3,5,2000,2000,20771531,"ifeval_min30",2,3,2,3,0.05,0,0,2.11401836131699,0,0
1491,3,5,2000,2000,20771531,"ifeval_min30",2,3,2,3,0.05,0,2.32772826403379,2.09090360603295,0,0
1492,3,5,2000,2000,20771531,"ifeval_min30",2,3,2,3,0.05,0,0,2.09673231141642,0,0
1493,3,5,2000,2000,20771531,"ifeval_min30",2,3,2,3,0.05,0,0,2.8065184855368,-2.13633762532845,0
1494,3,5,2000,2000,20771531,"ifeval_min30",2,3,2,3,0.05,0,0,2.67112585320137,0,0
1495,3,5,2000,2000,20771531,"ifeval_min30",2,3,2,3,0.05,0,0,2.56687035202049,0,0
1496,3,5,2000,2000,20771531,"ifeval_min30",2,3,2,3,0.05,0,-2.42654927028343,2.75840578624047,0,0
1497,3,5,2000,2000,20771531,"ifeval_min30",2,3,2,3,0.05,0,0,2.05129536916502,0,0
1498,3,5,2000,2000,20771531,"ifeval_min30",2,3,2,3,0.05,0,0,2.46179374516942,0,0
1499,3,5,2000,2000,20771531,"ifeval_min30",2,3,2,3,0.05,0,0,2.7777631576173,0,0
1500,3,5,2000,2000,20771531,"ifeval_min30",2,3,2,3,0.05,0,0,2.95012955903076,-2.49688736442477,0
1501,3,5,2000,2000,20771531,"ifeval_min30",2,3,2,3,0.05,0,0,2.84644299908541,0,0
1502,3,5,2000,2000,20771531,"ifeval_min30",2,3,2,3,0.05,0,0,2.16901697404683,0,0
1503,3,5,2000,2000,20771531,"ifeval_min30",2,3,2,3,0.05,0,0,2.91575288469903,0,0
1504,3,5,2000,2000,20771531,"ifeval_min30",2,3,2,3,0.05,0,0,2.53199347248301,0,0
1505,3,5,2000,2000,20771531,"ifeval_min30",2,3,2,3,0.05,0,0,2.10896081128158,0,0
1506,3,5,2000,2000,20771531,"ifeval_min30",2,3,2,3,0.05,0,0,2.69572881050408,0,0
1507,3,5,2000,2000,20771531,"ifeval_min30",2,3,2,3,0.05,0,0,2.28030354366638,0,0
1508,3,5,2000,2000,20771531,"ifeval_min30",2,3,2,3,0.05,0,0,2.67817541002296,0,0
1509,3,5,2000,2000,20771531,"ifeval_min30",2,3,2,3,0.05,0,0,2.14442664198577,0,0
1510,3,5,2000,2000,20771531,"ifeval_min30",2,3,2,3,0.05,0,0,2.53348167100921,0,0
1511,3,5,2000,2000,20771531,"ifeval_min30",2,3,2,3,0.05,0,-2.08422531140968,2.13750452082604,0,0
1512,3,5,2000,2000,20771531,"ifeval_min30",2,3,2,3,0.05,0,0,2.97740481467918,0,0
1513,3,5,2000,2000,20771531,"ifeval_min30",2,3,2,3,0.05,0,0,2.99153178930283,0,0
1514,3,5,2000,2000,20771531,"ifeval_min30",2,3,2,3,0.05,0,0,2.53906868863851,0,0
1515,3,5,2000,2000,20771531,"ifeval_min30",2,3,2,3,0.05,0,0,2.45329435449094,0,0
1516,3,5,2000,2000,20771531,"ifeval_min30",2,3,2,3,0.05,0,0,2.82345769624226,0,0
1517,3,5,2000,2000,20771531,"ifeval_min30",2,3,2,3,0.05,0,0,2.91038075601682,0,0
1518,3,5,2000,2000,20771531,"ifeval_min30",2,3,2,3,0.05,0,0,2.59187044017017,0,0
1519,3,5,2000,2000,20771531,"ifeval_min30",2,3,2,3,0.05,0,0,2.81126458570361,0,0
1520,3,5,2000,2000,20771531,"ifeval_min30",2,3,2,3,0.05,0,0,2.59332628617994,0,0
1521,3,5,2000,2000,20771531,"ifeval_min30",2,3,2,3,0.05,0,0,2.80688216909766,0,-2.98382072988898
1522,3,5,2000,2000,20771531,"ifeval_min30",2,3,2,3,0.05,0,0,2.63244346692227,0,0
1523,3,5,2000,2000,20771531,"ifeval_min30",2,3,2,3,0.05,0,0,2.57180194789544,0,2.21153967129067
1524,3,5,2000,2000,20771531,"ifeval_min30",2,3,2,3,0.05,0,0,2.9861954099033,0,0
1525,3,5,2000,2000,20771531,"ifeval_min30",2,3,2,3,0.05,0,0,2.1191097793635,0,0
1526,3,5,2000,2000,20771531,"ifeval_min30",2,3,2,3,0.05,0,0,2.58821062068455,0,0
1527,3,5,2000,2000,20771531,"ifeval_min30",2,3,2,3,0.05,0,0,2.49622263689525,0,0
1528,3,5,2000,2000,20771531,"ifeval_min30",2,3,2,3,0.05,0,0,2.02640491328202,0,0
1529,3,5,2000,2000,20771531,"ifeval_min30",2,3,2,3,0.05,0,0,2.59491997491568,0,0
1530,3,5,2000,2000,20771531,"ifeval_min30",2,3,2,3,0.05,0,0,2.6864453824237,0,0
1531,3,5,2000,2000,20771531,"ifeval_min30",2,3,2,3,0.05,0,0,2.80201460327953,0,0
1532,3,5,2000,2000,20771531,"ifeval_min30",2,3,2,3,0.05,0,0,2.18867865484208,0,0
1533,3,5,2000,2000,20771531,"ifeval_min30",2,3,2,3,0.05,0,0,2.24621156742796,0,0
1534,3,5,2000,2000,20771531,"ifeval_min30",2,3,2,3,0.05,0,0,2.39065116900019,0,0
1535,3,5,2000,2000,20771531,"ifeval_min30",2,3,2,3,0.05,0,0,2.82222129451111,0,0
1536,3,5,2000,2000,20771531,"ifeval_min30",2,3,2,3,0.05,0,0,2.56381559371948,0,0
1537,3,5,2000,2000,20771531,"ifeval_min30",2,3,2,3,0.05,0,0,2.4864297369495,0,0
1538,3,5,2000,2000,20771531,"ifeval_min30",2,3,2,3,0.05,0,0,2.51807157066651,0,0
1539,3,5,2000,2000,20771531,"ifeval_min30",2,3,2,3,0.05,0,0,2.31589943915606,0,0
1540,3,5,2000,2000,20771531,"ifeval_min30",2,3,2,3,0.05,0,0,2.25092869647779,0,0
1541,3,5,2000,2000,20771531,"ifeval_min30",2,3,2,3,0.05,0,0,2.8377205429133,0,0
1542,3,5,2000,2000,20771531,"ifeval_min30",2,3,2,3,0.05,0,0,2.86889382731169,0,0
1543,3,5,2000,2000,20771531,"ifeval_min30",2,3,2,3,0.05,0,0,2.63429154711775,0,0
1544,3,5,2000,2000,20771531,"ifeval_min30",2,3,2,3,0.05,0,0,2.05456631747074,0,0
1545,3,5,2000,2000,20771531,"ifeval_min30",2,3,2,3,0.05,0,0,2.83347567380406,0,0
1546,3,5,2000,2000,20771531,"ifeval_min30",2,3,2,3,0.05,0,0,2.70282731112093,0,0
1547,3,5,2000,2000,20771531,"ifeval_min30",2,3,2,3,0.05,0,0,2.52559055527672,0,0
1548,3,5,2000,2000,20771531,"ifeval_min30",2,3,2,3,0.05,0,0,2.63975799898617,0,0
1549,3,5,2000,2000,20771531,"ifeval_min30",2,3,2,3,0.05,0,0,2.84176916675642,0,0
1550,3,5,2000,2000,20771531,"ifeval_min30",2,3,2,3,0.05,0,0,2.35022561135702,2.91111292527057,-2.30599371506833
1551,3,5,2000,2000,20771531,"ifeval_min30",2,3,2,3,0.05,0,0,2.78057430591434,0,0
1552,3,5,2000,2000,20771531,"ifeval_min30",2,3,2,3,0.05,0,0,2.91817986336537,0,0
1553,3,5,2000,2000,20771531,"ifeval_min30",2,3,2,3,0.05,0,0,2.34623495698906,0,0
1554,3,5,2000,2000,20771531,"ifeval_min30",2,3,2,3,0.05,0,0,2.65767545392737,0,0
1555,3,5,2000,2000,20771531,"ifeval_min30",2,3,2,3,0.05,0,0,2.60841387230903,0,0
1556,3,5,2000,2000,20771531,"ifeval_min30",2,3,2,3,0.05,0,0,2.53115360764787,0,0
1557,3,5,2000,2000,20771531,"ifeval_min30",2,3,2,3,0.05,0,0,2.51115357759409,0,0
1558,3,5,2000,2000,20771531,"ifeval_min30",2,3,2,3,0.05,-2.00245634210296,0,2.51903810654767,2.79595822701231,0
1559,3,5,2000,2000,20771531,"ifeval_min30",2,3,2,3,0.05,0,0,2.28412624495104,0,0
1560,3,5,2000,2000,20771531,"ifeval_min30",2,3,2,3,0.05,0,0,2.81769255804829,2.30427616066299,0
1561,3,5,2000,2000,20771531,"ifeval_min30",2,3,2,3,0.05,0,0,2.93029632046819,0,0
1562,3,5,2000,2000,20771531,"ifeval_min30",2,3,2,3,0.05,0,0,2.48349725455046,2.20595497242175,0
1563,3,5,2000,2000,20771531,"ifeval_min30",2,3,2,3,0.05,0,0,2.65387617051601,0,0
1564,3,5,2000,2000,20771531,"ifeval_min30",2,3,2,3,0.05,0,0,2.60437734914012,0,0
1565,3,5,2000,2000,20771531,"ifeval_min30",2,3,2,3,0.05,0,0,2.22362035885453,0,2.6782856201753
1566,3,5,2000,2000,20771531,"ifeval_min30",2,3,2,3,0.05,0,0,2.32206485024653,0,2.79469217453152
1567,3,5,2000,2000,20771531,"ifeval_min30",2,3,2,3,0.05,0,0,2.03276169928722,2.02794941957109,0
1568,3,5,2000,2000,20771531,"ifeval_min30",2,3,2,3,0.05,-2.89740411494859,0,2.17083549546078,0,0
1569,3,5,2000,2000,20771531,"ifeval_min30",2,3,2,3,0.05,0,0,2.39885889319703,0,0
1570,3,5,2000,2000,20771531,"ifeval_min30",2,3,2,3,0.05,0,0,2.62252765335143,0,0
1571,3,5,2000,2000,20771531,"ifeval_min30",2,3,2,3,0.05,0,0,2.97914566192776,0,0
1572,3,5,2000,2000,20771531,"ifeval_min30",2,3,2,3,0.05,0,0,2.63014454464428,0,0
1573,3,5,2000,2000,20771531,"ifeval_min30",2,3,2,3,0.05,0,0,2.42069766274653,0,0
1574,3,5,2000,2000,20771531,"ifeval_min30",2,3,2,3,0.05,0,0,2.59602919593453,0,0
1575,3,5,2000,2000,20771531,"ifeval_min30",2,3,2,3,0.05,0,0,2.05816565873101,0,0
1576,3,5,2000,2000,20771531,"ifeval_min30",2,3,2,3,0.05,0,0,2.41446673427708,0,0
1577,3,5,2000,2000,20771531,"ifeval_min30",2,3,2,3,0.05,0,0,2.31466762069613,0,0
1578,3,5,2000,2000,20771531,"ifeval_min30",2,3,2,3,0.05,0,0,2.40076372819021,0,0
1579,3,5,2000,2000,20771531,"ifeval_min30",2,3,2,3,0.05,0,0,2.92499099252746,0,0
1580,3,5,2000,2000,20771531,"ifeval_min30",2,3,2,3,0.05,0,0,2.47730212844908,-2.38079694635235,0
1581,3,5,2000,2000,20771531,"ifeval_min30",2,3,2,3,0.05,0,0,2.26388586382382,0,0
1582,3,5,2000,2000,20771531,"ifeval_min30",2,3,2,3,0.05,0,0,2.39923674194142,0,0
1583,3,5,2000,2000,20771531,"ifeval_min30",2,3,2,3,0.05,0,0,2.45640392717905,0,0
1584,3,5,2000,2000,20771531,"ifeval_min30",2,3,2,3,0.05,0,0,2.81071508862078,0,0
1585,3,5,2000,2000,20771531,"ifeval_min30",2,3,2,3,0.05,0,0,2.55035269772634,2.82383305393159,0
1586,3,5,2000,2000,20771531,"ifeval_min30",2,3,2,3,0.05,0,0,2.59281747904606,0,0
1587,3,5,2000,2000,20771531,"ifeval_min30",2,3,2,3,0.05,0,0,2.45324637647718,0,0
1588,3,5,2000,2000,20771531,"ifeval_min30",2,3,2,3,0.05,0,0,2.18457091669552,-2.28702035965398,0
1589,3,5,2000,2000,20771531,"ifeval_min30",2,3,2,3,0.05,0,0,2.16804472520016,0,0
1590,3,5,2000,2000,20771531,"ifeval_min30",2,3,2,3,0.05,0,0,2.4832807732746,0,0
1591,3,5,2000,2000,20771531,"ifeval_min30",2,3,2,3,0.05,0,0,2.09191769268364,0,0
1592,3,5,2000,2000,20771531,"ifeval_min30",2,3,2,3,0.05,0,0,2.40147915459238,0,0
1593,3,5,2000,2000,20771531,"ifeval_min30",2,3,2,3,0.05,0,0,2.98699364461936,0,0
1594,3,5,2000,2000,20771531,"ifeval_min30",2,3,2,3,0.05,0,-2.972265729215,2.62667913804762,0,0
1595,3,5,2000,2000,20771531,"ifeval_min30",2,3,2,3,0.05,0,0,2.78980622044764,0,0
1596,3,5,2000,2000,20771531,"ifeval_min30",2,3,2,3,0.05,0,0,2.34345163032413,0,0
1597,3,5,2000,2000,20771531,"ifeval_min30",2,3,2,3,0.05,0,0,2.78812430752441,0,0
1598,3,5,2000,2000,20771531,"ifeval_min30",2,3,2,3,0.05,0,0,2.42526647052728,0,0
1599,3,5,2000,2000,20771531,"ifeval_min30",2,3,2,3,0.05,0,0,2.90252168430015,0,0
1600,3,5,2000,2000,20771531,"ifeval_min30",2,3,2,3,0.05,0,0,2.64168224087916,0,0
1601,3,5,2000,2000,20771531,"ifeval_min30",2,3,2,3,0.05,0,0,2.0635115718469,0,0
1602,3,5,2000,2000,20771531,"ifeval_min30",2,3,2,3,0.05,0,0,2.15680353203788,2.86189619940706,0
1603,3,5,2000,2000,20771531,"ifeval_min30",2,3,2,3,0.05,0,0,2.39747840212658,0,0
1604,3,5,2000,2000,20771531,"ifeval_min30",2,3,2,3,0.05,0,0,2.02560697309673,-2.24818926723674,2.64094901829958
1605,3,5,2000,2000,20771531,"ifeval_min30",2,3,2,3,0.05,0,0,2.02157541434281,0,0
1606,3,5,2000,2000,20771531,"ifeval_min30",2,3,2,3,0.05,0,0,2.41004459513351,0,0
1607,3,5,2000,2000,20771531,"ifeval_min30",2,3,2,3,0.05,0,0,2.34553394559771,0,0
1608,3,5,2000,2000,20771531,"ifeval_min30",2,3,2,3,0.05,0,2.37168570724316,2.01774876518175,0,0
1609,3,5,2000,2000,20771531,"ifeval_min30",2,3,2,3,0.05,0,0,2.09454543679021,0,0
1610,3,5,2000,2000,20771531,"ifeval_min30",2,3,2,3,0.05,0,-2.6223745457828,2.37996628228575,0,0
1611,3,5,2000,2000,20771531,"ifeval_min30",2,3,2,3,0.05,0,0,2.45070166699588,0,0
1612,3,5,2000,2000,20771531,"ifeval_min30",2,3,2,3,0.05,0,0,2.80878844880499,0,0
1613,3,5,2000,2000,20771531,"ifeval_min30",2,3,2,3,0.05,0,0,2.05782793974504,0,0
1614,3,5,2000,2000,20771531,"ifeval_min30",2,3,2,3,0.05,0,0,2.50727390730754,2.71976795978844,0
1615,3,5,2000,2000,20771531,"ifeval_min30",2,3,2,3,0.05,0,0,2.87132522347383,2.95538140693679,2.97305500903167
1616,3,5,2000,2000,20771531,"ifeval_min30",2,3,2,3,0.05,0,0,2.0444707358256,0,0
1617,3,5,2000,2000,20771531,"ifeval_min30",2,3,2,3,0.05,0,0,2.05764170270413,0,0
1618,3,5,2000,2000,20771531,"ifeval_min30",2,3,2,3,0.05,0,0,2.49081270606257,0,0
1619,3,5,2000,2000,20771531,"ifeval_min30",2,3,2,3,0.05,0,0,2.38501661969349,0,0
1620,3,5,2000,2000,20771531,"ifeval_min30",2,3,2,3,0.05,0,0,2.15381215838715,0,0
1621,3,5,2000,2000,20771531,"ifeval_min30",2,3,2,3,0.05,2.81459288834594,0,2.48281941656023,0,0
1622,3,5,2000,2000,20771531,"ifeval_min30",2,3,2,3,0.05,0,0,2.91953949676827,0,2.05953541141935
1623,3,5,2000,2000,20771531,"ifeval_min30",2,3,2,3,0.05,0,0,2.89680760493502,0,0
1624,3,5,2000,2000,20771531,"ifeval_min30",2,3,2,3,0.05,0,0,2.0147770056501,0,0
1625,3,5,2000,2000,20771531,"ifeval_min30",2,3,2,3,0.05,0,0,2.35066160443239,0,0
1626,3,5,2000,2000,20771531,"ifeval_min30",2,3,2,3,0.05,0,0,2.59101749537513,0,0
1627,3,5,2000,2000,20771531,"ifeval_min30",2,3,2,3,0.05,0,0,2.41009092284366,0,0
1628,3,5,2000,2000,20771531,"ifeval_min30",2,3,2,3,0.05,0,0,2.00777458911762,0,0
1629,3,5,2000,2000,20771531,"ifeval_min30",2,3,2,3,0.05,0,0,2.4453272477258,0,2.10912086092867
1630,3,5,2000,2000,20771531,"ifeval_min30",2,3,2,3,0.05,0,0,2.37767584738322,0,0
1631,3,5,2000,2000,20771531,"ifeval_min30",2,3,2,3,0.05,0,0,2.20768343727104,0,0
1632,3,5,2000,2000,20771531,"ifeval_min30",2,3,2,3,0.05,0,0,2.76277696504258,0,0
1633,3,5,2000,2000,20771531,"ifeval_min30",2,3,2,3,0.05,0,0,2.39886630140245,0,0
1634,3,5,2000,2000,20771531,"ifeval_min30",2,3,2,3,0.05,0,0,2.953103113221,0,0
1635,3,5,2000,2000,20771531,"ifeval_min30",2,3,2,3,0.05,0,0,2.02326139691286,0,0
1636,3,5,2000,2000,20771531,"ifeval_min30",2,3,2,3,0.05,0,0,2.37363434815779,0,2.93793855374679
1637,3,5,2000,2000,20771531,"ifeval_min30",2,3,2,3,0.05,0,0,2.58469287026674,0,0
1638,3,5,2000,2000,20771531,"ifeval_min30",2,3,2,3,0.05,0,0,2.75028106407262,0,0
1639,3,5,2000,2000,20771531,"ifeval_min30",2,3,2,3,0.05,0,0,2.09859817381948,2.20996968727559,0
1640,3,5,2000,2000,20771531,"ifeval_min30",2,3,2,3,0.05,0,0,2.04997346829623,0,0
1641,3,5,2000,2000,20771531,"ifeval_min30",2,3,2,3,0.05,0,0,2.56502726953477,0,0
1642,3,5,2000,2000,20771531,"ifeval_min30",2,3,2,3,0.05,0,0,2.51403182651848,0,0
1643,3,5,2000,2000,20771531,"ifeval_min30",2,3,2,3,0.05,0,0,2.89324821066111,0,0
1644,3,5,2000,2000,20771531,"ifeval_min30",2,3,2,3,0.05,0,0,2.22986926347949,0,0
1645,3,5,2000,2000,20771531,"ifeval_min30",2,3,2,3,0.05,0,0,2.657880427083,0,0
1646,3,5,2000,2000,20771531,"ifeval_min30",2,3,2,3,0.05,0,0,2.55233439430594,0,0
1647,3,5,2000,2000,20771531,"ifeval_min30",2,3,2,3,0.05,-2.45447235950269,0,2.20335103943944,0,0
1648,3,5,2000,2000,20771531,"ifeval_min30",2,3,2,3,0.05,0,0,2.35085274442099,0,0
1649,3,5,2000,2000,20771531,"ifeval_min30",2,3,2,3,0.05,0,0,2.05890898429789,0,0
1650,3,5,2000,2000,20771531,"ifeval_min30",2,3,2,3,0.05,0,0,2.22175456397235,0,0
1651,4,5,2000,2000,20771531,"ifeval_min30",2,3,2,3,0.05,0,-2.61721034813672,0,2.47520928410813,0
1652,4,5,2000,2000,20771531,"ifeval_min30",2,3,2,3,0.05,0,0,0,2.04933175584301,0
1653,4,5,2000,2000,20771531,"ifeval_min30",2,3,2,3,0.05,0,0,0,2.80433469405398,0
1654,4,5,2000,2000,20771531,"ifeval_min30",2,3,2,3,0.05,0,0,0,2.17323855939321,0
1655,4,5,2000,2000,20771531,"ifeval_min30",2,3,2,3,0.05,0,0,0,2.05953951366246,0
1656,4,5,2000,2000,20771531,"ifeval_min30",2,3,2,3,0.05,0,0,0,2.96342878136784,0
1657,4,5,2000,2000,20771531,"ifeval_min30",2,3,2,3,0.05,0,0,0,2.65664658206515,0
1658,4,5,2000,2000,20771531,"ifeval_min30",2,3,2,3,0.05,0,0,0,2.96846612798981,0
1659,4,5,2000,2000,20771531,"ifeval_min30",2,3,2,3,0.05,0,2.84402472618967,0,2.47276300285012,0
1660,4,5,2000,2000,20771531,"ifeval_min30",2,3,2,3,0.05,0,0,0,2.28688987740315,0
1661,4,5,2000,2000,20771531,"ifeval_min30",2,3,2,3,0.05,0,0,0,2.03768479847349,0
1662,4,5,2000,2000,20771531,"ifeval_min30",2,3,2,3,0.05,0,0,0,2.66061262018047,0
1663,4,5,2000,2000,20771531,"ifeval_min30",2,3,2,3,0.05,0,0,0,2.93626845558174,0
1664,4,5,2000,2000,20771531,"ifeval_min30",2,3,2,3,0.05,0,0,0,2.58727586292662,0
1665,4,5,2000,2000,20771531,"ifeval_min30",2,3,2,3,0.05,0,0,0,2.23783940449357,0
1666,4,5,2000,2000,20771531,"ifeval_min30",2,3,2,3,0.05,0,0,0,2.85022327164188,0
1667,4,5,2000,2000,20771531,"ifeval_min30",2,3,2,3,0.05,0,0,2.60534099652432,2.31622494361363,-2.10221811314113
1668,4,5,2000,2000,20771531,"ifeval_min30",2,3,2,3,0.05,0,0,0,2.4776366672013,-2.69409652263857
1669,4,5,2000,2000,20771531,"ifeval_min30",2,3,2,3,0.05,0,-2.08367883134633,0,2.00385290221311,0
1670,4,5,2000,2000,20771531,"ifeval_min30",2,3,2,3,0.05,-2.42335395724513,0,0,2.7481862262357,0
1671,4,5,2000,2000,20771531,"ifeval_min30",2,3,2,3,0.05,2.24545862828381,0,0,2.03313589002937,0
1672,4,5,2000,2000,20771531,"ifeval_min30",2,3,2,3,0.05,0,0,0,2.65080610057339,0
1673,4,5,2000,2000,20771531,"ifeval_min30",2,3,2,3,0.05,0,0,0,2.44095640745945,0
1674,4,5,2000,2000,20771531,"ifeval_min30",2,3,2,3,0.05,0,0,0,2.92822737223469,0
1675,4,5,2000,2000,20771531,"ifeval_min30",2,3,2,3,0.05,0,-2.90880617592484,0,2.25288380379789,0
1676,4,5,2000,2000,20771531,"ifeval_min30",2,3,2,3,0.05,0,0,0,2.66192880109884,0
1677,4,5,2000,2000,20771531,"ifeval_min30",2,3,2,3,0.05,0,0,0,2.42266998207197,0
1678,4,5,2000,2000,20771531,"ifeval_min30",2,3,2,3,0.05,2.25553737650625,0,0,2.85704633803107,0
1679,4,5,2000,2000,20771531,"ifeval_min30",2,3,2,3,0.05,0,0,0,2.39477296895348,0
1680,4,5,2000,2000,20771531,"ifeval_min30",2,3,2,3,0.05,0,0,0,2.47955060377717,0
1681,4,5,2000,2000,20771531,"ifeval_min30",2,3,2,3,0.05,0,0,0,2.84994450514205,0
1682,4,5,2000,2000,20771531,"ifeval_min30",2,3,2,3,0.05,0,0,0,2.78371805138886,0
1683,4,5,2000,2000,20771531,"ifeval_min30",2,3,2,3,0.05,0,0,0,2.36387637606822,0
1684,4,5,2000,2000,20771531,"ifeval_min30",2,3,2,3,0.05,2.31674905424006,0,0,2.84998268075287,0
1685,4,5,2000,2000,20771531,"ifeval_min30",2,3,2,3,0.05,0,0,0,2.201979968464,0
1686,4,5,2000,2000,20771531,"ifeval_min30",2,3,2,3,0.05,0,0,0,2.70829359558411,0
1687,4,5,2000,2000,20771531,"ifeval_min30",2,3,2,3,0.05,0,0,0,2.13769110199064,0
1688,4,5,2000,2000,20771531,"ifeval_min30",2,3,2,3,0.05,0,0,0,2.29123859829269,0
1689,4,5,2000,2000,20771531,"ifeval_min30",2,3,2,3,0.05,0,0,0,2.15435778698884,0
1690,4,5,2000,2000,20771531,"ifeval_min30",2,3,2,3,0.05,0,0,0,2.80150231835432,0
1691,4,5,2000,2000,20771531,"ifeval_min30",2,3,2,3,0.05,2.9637839619536,-2.81589998258278,2.13432638370432,2.92975215683691,0
1692,4,5,2000,2000,20771531,"ifeval_min30",2,3,2,3,0.05,0,0,0,2.91963864979334,0
1693,4,5,2000,2000,20771531,"ifeval_min30",2,3,2,3,0.05,0,0,-2.05867642560042,2.20980473328382,0
1694,4,5,2000,2000,20771531,"ifeval_min30",2,3,2,3,0.05,0,0,0,2.26801791973412,0
1695,4,5,2000,2000,20771531,"ifeval_min30",2,3,2,3,0.05,0,0,0,2.18989316746593,0
1696,4,5,2000,2000,20771531,"ifeval_min30",2,3,2,3,0.05,0,0,0,2.47883982677013,0
1697,4,5,2000,2000,20771531,"ifeval_min30",2,3,2,3,0.05,0,0,0,2.36945493263192,0
1698,4,5,2000,2000,20771531,"ifeval_min30",2,3,2,3,0.05,0,0,0,2.10269032837823,0
1699,4,5,2000,2000,20771531,"ifeval_min30",2,3,2,3,0.05,0,0,0,2.34485140652396,0
1700,4,5,2000,2000,20771531,"ifeval_min30",2,3,2,3,0.05,0,0,0,2.27045509312302,0
1701,4,5,2000,2000,20771531,"ifeval_min30",2,3,2,3,0.05,0,0,0,2.09390706778504,0
1702,4,5,2000,2000,20771531,"ifeval_min30",2,3,2,3,0.05,0,0,0,2.90897369454615,-2.8992206598632
1703,4,5,2000,2000,20771531,"ifeval_min30",2,3,2,3,0.05,0,0,0,2.533810476074,0
1704,4,5,2000,2000,20771531,"ifeval_min30",2,3,2,3,0.05,0,0,0,2.73979859892279,0
1705,4,5,2000,2000,20771531,"ifeval_min30",2,3,2,3,0.05,0,2.973471167963,0,2.86147580458783,0
1706,4,5,2000,2000,20771531,"ifeval_min30",2,3,2,3,0.05,0,0,0,2.72484482382424,0
1707,4,5,2000,2000,20771531,"ifeval_min30",2,3,2,3,0.05,0,0,2.04010824114084,2.2667212432716,0
1708,4,5,2000,2000,20771531,"ifeval_min30",2,3,2,3,0.05,0,0,0,2.09495906834491,0
1709,4,5,2000,2000,20771531,"ifeval_min30",2,3,2,3,0.05,0,0,0,2.04185953759588,0
1710,4,5,2000,2000,20771531,"ifeval_min30",2,3,2,3,0.05,0,0,0,2.55107819242403,0
1711,4,5,2000,2000,20771531,"ifeval_min30",2,3,2,3,0.05,0,0,0,2.45606712903827,0
1712,4,5,2000,2000,20771531,"ifeval_min30",2,3,2,3,0.05,0,0,0,2.36048865551129,0
1713,4,5,2000,2000,20771531,"ifeval_min30",2,3,2,3,0.05,0,0,0,2.77312172669917,0
1714,4,5,2000,2000,20771531,"ifeval_min30",2,3,2,3,0.05,0,0,0,2.52198682795279,0
1715,4,5,2000,2000,20771531,"ifeval_min30",2,3,2,3,0.05,0,0,0,2.07561321486719,-2.66895107366145
1716,4,5,2000,2000,20771531,"ifeval_min30",2,3,2,3,0.05,0,0,0,2.18893105327152,0
1717,4,5,2000,2000,20771531,"ifeval_min30",2,3,2,3,0.05,0,0,0,2.28392853634432,0
1718,4,5,2000,2000,20771531,"ifeval_min30",2,3,2,3,0.05,0,0,0,2.51137327239849,0
1719,4,5,2000,2000,20771531,"ifeval_min30",2,3,2,3,0.05,0,0,0,2.56564631755464,0
1720,4,5,2000,2000,20771531,"ifeval_min30",2,3,2,3,0.05,-2.870314179454,0,0,2.40382215124555,0
1721,4,5,2000,2000,20771531,"ifeval_min30",2,3,2,3,0.05,0,0,0,2.88190337759443,0
1722,4,5,2000,2000,20771531,"ifeval_min30",2,3,2,3,0.05,0,0,0,2.19318659068085,0
1723,4,5,2000,2000,20771531,"ifeval_min30",2,3,2,3,0.05,0,0,0,2.39952788664959,0
1724,4,5,2000,2000,20771531,"ifeval_min30",2,3,2,3,0.05,0,0,0,2.69332960899919,0
1725,4,5,2000,2000,20771531,"ifeval_min30",2,3,2,3,0.05,0,0,0,2.55625963164493,0
1726,4,5,2000,2000,20771531,"ifeval_min30",2,3,2,3,0.05,0,0,0,2.12811857461929,0
1727,4,5,2000,2000,20771531,"ifeval_min30",2,3,2,3,0.05,0,0,0,2.48295711120591,0
1728,4,5,2000,2000,20771531,"ifeval_min30",2,3,2,3,0.05,0,0,0,2.98953717504628,0
1729,4,5,2000,2000,20771531,"ifeval_min30",2,3,2,3,0.05,0,0,0,2.14987855334766,0
1730,4,5,2000,2000,20771531,"ifeval_min30",2,3,2,3,0.05,0,0,0,2.5881445275154,0
1731,4,5,2000,2000,20771531,"ifeval_min30",2,3,2,3,0.05,0,0,-2.66958651505411,2.10903471568599,0
1732,4,5,2000,2000,20771531,"ifeval_min30",2,3,2,3,0.05,0,0,0,2.45072819129564,0
1733,4,5,2000,2000,20771531,"ifeval_min30",2,3,2,3,0.05,0,0,0,2.2849619386252,0
1734,4,5,2000,2000,20771531,"ifeval_min30",2,3,2,3,0.05,0,0,0,2.99394598719664,2.31517994450405
1735,4,5,2000,2000,20771531,"ifeval_min30",2,3,2,3,0.05,0,0,0,2.01646252744831,0
1736,4,5,2000,2000,20771531,"ifeval_min30",2,3,2,3,0.05,0,0,0,2.47299421788193,0
1737,4,5,2000,2000,20771531,"ifeval_min30",2,3,2,3,0.05,0,0,0,2.25291916588321,0
1738,4,5,2000,2000,20771531,"ifeval_min30",2,3,2,3,0.05,0,0,0,2.79647791571915,0
1739,4,5,2000,2000,20771531,"ifeval_min30",2,3,2,3,0.05,0,0,0,2.81897453963757,0
1740,4,5,2000,2000,20771531,"ifeval_min30",2,3,2,3,0.05,0,0,0,2.26394097507,0
1741,4,5,2000,2000,20771531,"ifeval_min30",2,3,2,3,0.05,0,0,0,2.34147832193412,0
1742,4,5,2000,2000,20771531,"ifeval_min30",2,3,2,3,0.05,0,0,0,2.79714716924354,0
1743,4,5,2000,2000,20771531,"ifeval_min30",2,3,2,3,0.05,2.94813924771734,0,0,2.92130421195179,-2.12591988383792
1744,4,5,2000,2000,20771531,"ifeval_min30",2,3,2,3,0.05,0,0,0,2.51313002710231,0
1745,4,5,2000,2000,20771531,"ifeval_min30",2,3,2,3,0.05,0,0,0,2.32300171721727,0
1746,4,5,2000,2000,20771531,"ifeval_min30",2,3,2,3,0.05,0,0,0,2.76895629172213,0
1747,4,5,2000,2000,20771531,"ifeval_min30",2,3,2,3,0.05,0,0,0,2.00113218999468,2.66131386044435
1748,4,5,2000,2000,20771531,"ifeval_min30",2,3,2,3,0.05,0,0,0,2.70466827345081,0
1749,4,5,2000,2000,20771531,"ifeval_min30",2,3,2,3,0.05,0,0,0,2.39453152916394,0
1750,4,5,2000,2000,20771531,"ifeval_min30",2,3,2,3,0.05,0,0,0,2.01904478063807,0
1751,4,5,2000,2000,20771531,"ifeval_min30",2,3,2,3,0.05,0,0,0,2.06808782089502,0
1752,4,5,2000,2000,20771531,"ifeval_min30",2,3,2,3,0.05,0,0,0,2.84015731909312,2.49179763975553
1753,4,5,2000,2000,20771531,"ifeval_min30",2,3,2,3,0.05,0,0,0,2.81008768943138,0
1754,4,5,2000,2000,20771531,"ifeval_min30",2,3,2,3,0.05,0,0,2.97191051742993,2.38869499578141,0
1755,4,5,2000,2000,20771531,"ifeval_min30",2,3,2,3,0.05,0,0,0,2.88451499934308,0
1756,4,5,2000,2000,20771531,"ifeval_min30",2,3,2,3,0.05,0,0,0,2.93506921431981,0
1757,4,5,2000,2000,20771531,"ifeval_min30",2,3,2,3,0.05,0,0,0,2.99621273716912,0
1758,4,5,2000,2000,20771531,"ifeval_min30",2,3,2,3,0.05,0,0,0,2.11334506631829,0
1759,4,5,2000,2000,20771531,"ifeval_min30",2,3,2,3,0.05,0,0,0,2.47151952167042,0
1760,4,5,2000,2000,20771531,"ifeval_min30",2,3,2,3,0.05,0,0,0,2.71803300036117,0
1761,4,5,2000,2000,20771531,"ifeval_min30",2,3,2,3,0.05,0,0,0,2.3731559002772,0
1762,4,5,2000,2000,20771531,"ifeval_min30",2,3,2,3,0.05,0,0,0,2.04760535573587,0
1763,4,5,2000,2000,20771531,"ifeval_min30",2,3,2,3,0.05,0,0,0,2.10923352884129,0
1764,4,5,2000,2000,20771531,"ifeval_min30",2,3,2,3,0.05,0,-2.10494749667123,0,2.72922689560801,0
1765,4,5,2000,2000,20771531,"ifeval_min30",2,3,2,3,0.05,0,0,0,2.13140993192792,0
1766,4,5,2000,2000,20771531,"ifeval_min30",2,3,2,3,0.05,-2.31453544250689,0,0,2.0154480363708,0
1767,4,5,2000,2000,20771531,"ifeval_min30",2,3,2,3,0.05,0,0,0,2.85032481420785,0
1768,4,5,2000,2000,20771531,"ifeval_min30",2,3,2,3,0.05,0,0,0,2.29744200524874,0
1769,4,5,2000,2000,20771531,"ifeval_min30",2,3,2,3,0.05,0,0,0,2.22979062353261,0
1770,4,5,2000,2000,20771531,"ifeval_min30",2,3,2,3,0.05,0,0,0,2.22222955385223,0
1771,4,5,2000,2000,20771531,"ifeval_min30",2,3,2,3,0.05,0,0,0,2.59691187180579,2.30472108535469
1772,4,5,2000,2000,20771531,"ifeval_min30",2,3,2,3,0.05,0,-2.08615888236091,-2.26364541100338,2.47295451513492,0
1773,4,5,2000,2000,20771531,"ifeval_min30",2,3,2,3,0.05,0,0,0,2.88873299234547,0
1774,4,5,2000,2000,20771531,"ifeval_min30",2,3,2,3,0.05,0,0,0,2.60331839136779,0
1775,4,5,2000,2000,20771531,"ifeval_min30",2,3,2,3,0.05,0,0,0,2.7751912525855,0
1776,4,5,2000,2000,20771531,"ifeval_min30",2,3,2,3,0.05,0,0,0,2.56692885933444,0
1777,4,5,2000,2000,20771531,"ifeval_min30",2,3,2,3,0.05,0,0,0,2.56893559847958,0
1778,4,5,2000,2000,20771531,"ifeval_min30",2,3,2,3,0.05,2.49307856662199,0,0,2.35937049915083,0
1779,4,5,2000,2000,20771531,"ifeval_min30",2,3,2,3,0.05,0,0,0,2.22162481234409,0
1780,4,5,2000,2000,20771531,"ifeval_min30",2,3,2,3,0.05,0,0,0,2.9482649944257,0
1781,4,5,2000,2000,20771531,"ifeval_min30",2,3,2,3,0.05,0,0,0,2.34052839200012,0
1782,4,5,2000,2000,20771531,"ifeval_min30",2,3,2,3,0.05,0,0,0,2.23680632910691,0
1783,4,5,2000,2000,20771531,"ifeval_min30",2,3,2,3,0.05,0,0,0,2.77695508836769,0
1784,4,5,2000,2000,20771531,"ifeval_min30",2,3,2,3,0.05,0,0,-2.92119476594962,2.02169194584712,0
1785,4,5,2000,2000,20771531,"ifeval_min30",2,3,2,3,0.05,0,0,0,2.25918233720586,0
1786,4,5,2000,2000,20771531,"ifeval_min30",2,3,2,3,0.05,0,0,0,2.70090072695166,0
1787,4,5,2000,2000,20771531,"ifeval_min30",2,3,2,3,0.05,0,0,0,2.51444531022571,0
1788,4,5,2000,2000,20771531,"ifeval_min30",2,3,2,3,0.05,0,0,0,2.23261807393283,0
1789,4,5,2000,2000,20771531,"ifeval_min30",2,3,2,3,0.05,0,0,0,2.24534645979293,0
1790,4,5,2000,2000,20771531,"ifeval_min30",2,3,2,3,0.05,0,0,0,2.02307437732816,0
1791,4,5,2000,2000,20771531,"ifeval_min30",2,3,2,3,0.05,0,0,0,2.79608684265986,0
1792,4,5,2000,2000,20771531,"ifeval_min30",2,3,2,3,0.05,0,0,0,2.21915068849921,0
1793,4,5,2000,2000,20771531,"ifeval_min30",2,3,2,3,0.05,0,0,0,2.74155397783034,0
1794,4,5,2000,2000,20771531,"ifeval_min30",2,3,2,3,0.05,0,0,0,2.82457041135058,0
1795,4,5,2000,2000,20771531,"ifeval_min30",2,3,2,3,0.05,0,0,0,2.66238965070806,0
1796,4,5,2000,2000,20771531,"ifeval_min30",2,3,2,3,0.05,0,0,0,2.73690525372513,0
1797,4,5,2000,2000,20771531,"ifeval_min30",2,3,2,3,0.05,0,0,0,2.07467982475646,0
1798,4,5,2000,2000,20771531,"ifeval_min30",2,3,2,3,0.05,0,0,0,2.87468598992564,0
1799,4,5,2000,2000,20771531,"ifeval_min30",2,3,2,3,0.05,0,0,0,2.35858870111406,0
1800,4,5,2000,2000,20771531,"ifeval_min30",2,3,2,3,0.05,-2.4332898366265,0,2.08401777991094,2.33974029752426,0
1801,4,5,2000,2000,20771531,"ifeval_min30",2,3,2,3,0.05,0,0,0,2.54993136133999,0
1802,4,5,2000,2000,20771531,"ifeval_min30",2,3,2,3,0.05,0,0,0,2.2901085424237,0
1803,4,5,2000,2000,20771531,"ifeval_min30",2,3,2,3,0.05,0,0,0,2.43855402199551,0
1804,4,5,2000,2000,20771531,"ifeval_min30",2,3,2,3,0.05,0,0,0,2.34228562517092,0
1805,4,5,2000,2000,20771531,"ifeval_min30",2,3,2,3,0.05,0,0,0,2.41862559597939,0
1806,4,5,2000,2000,20771531,"ifeval_min30",2,3,2,3,0.05,0,0,0,2.34393440838903,0
1807,4,5,2000,2000,20771531,"ifeval_min30",2,3,2,3,0.05,0,0,0,2.81422445294447,0
1808,4,5,2000,2000,20771531,"ifeval_min30",2,3,2,3,0.05,0,0,0,2.57788785663433,0
1809,4,5,2000,2000,20771531,"ifeval_min30",2,3,2,3,0.05,0,0,0,2.74108780128881,0
1810,4,5,2000,2000,20771531,"ifeval_min30",2,3,2,3,0.05,0,0,0,2.14212605752982,0
1811,4,5,2000,2000,20771531,"ifeval_min30",2,3,2,3,0.05,0,2.85045451717451,-2.87564505473711,2.34382019354962,0
1812,4,5,2000,2000,20771531,"ifeval_min30",2,3,2,3,0.05,0,0,0,2.26220850972459,0
1813,4,5,2000,2000,20771531,"ifeval_min30",2,3,2,3,0.05,0,0,0,2.10716481111012,0
1814,4,5,2000,2000,20771531,"ifeval_min30",2,3,2,3,0.05,0,0,0,2.31719355564564,0
1815,4,5,2000,2000,20771531,"ifeval_min30",2,3,2,3,0.05,0,2.65840893681161,0,2.96088787470944,0
1816,4,5,2000,2000,20771531,"ifeval_min30",2,3,2,3,0.05,0,0,0,2.86358217918314,0
1817,4,5,2000,2000,20771531,"ifeval_min30",2,3,2,3,0.05,0,0,0,2.84343310538679,0
1818,4,5,2000,2000,20771531,"ifeval_min30",2,3,2,3,0.05,0,0,0,2.60197952273302,0
1819,4,5,2000,2000,20771531,"ifeval_min30",2,3,2,3,0.05,0,0,0,2.24816256924532,0
1820,4,5,2000,2000,20771531,"ifeval_min30",2,3,2,3,0.05,0,0,0,2.06676620640792,0
1821,4,5,2000,2000,20771531,"ifeval_min30",2,3,2,3,0.05,0,0,0,2.64187568495981,0
1822,4,5,2000,2000,20771531,"ifeval_min30",2,3,2,3,0.05,0,0,0,2.84837599261664,0
1823,4,5,2000,2000,20771531,"ifeval_min30",2,3,2,3,0.05,0,0,0,2.51967084594071,0
1824,4,5,2000,2000,20771531,"ifeval_min30",2,3,2,3,0.05,0,0,0,2.84058033628389,0
1825,4,5,2000,2000,20771531,"ifeval_min30",2,3,2,3,0.05,0,0,0,2.444038112415,0
1826,4,5,2000,2000,20771531,"ifeval_min30",2,3,2,3,0.05,0,0,0,2.40988791524433,0
1827,4,5,2000,2000,20771531,"ifeval_min30",2,3,2,3,0.05,0,0,0,2.06579217803665,0
1828,4,5,2000,2000,20771531,"ifeval_min30",2,3,2,3,0.05,0,0,0,2.21298284619115,0
1829,4,5,2000,2000,20771531,"ifeval_min30",2,3,2,3,0.05,0,0,0,2.62998609710485,0
1830,4,5,2000,2000,20771531,"ifeval_min30",2,3,2,3,0.05,0,0,-2.74592379201204,2.87086153309792,0
1831,4,5,2000,2000,20771531,"ifeval_min30",2,3,2,3,0.05,0,0,0,2.60629104916006,0
1832,4,5,2000,2000,20771531,"ifeval_min30",2,3,2,3,0.05,0,0,0,2.90419065114111,0
1833,4,5,2000,2000,20771531,"ifeval_min30",2,3,2,3,0.05,0,0,0,2.47527892864309,0
1834,4,5,2000,2000,20771531,"ifeval_min30",2,3,2,3,0.05,0,0,0,2.49737036367878,0
1835,4,5,2000,2000,20771531,"ifeval_min30",2,3,2,3,0.05,0,0,0,2.82962672226131,0
1836,4,5,2000,2000,20771531,"ifeval_min30",2,3,2,3,0.05,0,0,0,2.15097473654896,0
1837,4,5,2000,2000,20771531,"ifeval_min30",2,3,2,3,0.05,0,0,0,2.70019489852712,0
1838,4,5,2000,2000,20771531,"ifeval_min30",2,3,2,3,0.05,0,0,0,2.18305946863256,0
1839,4,5,2000,2000,20771531,"ifeval_min30",2,3,2,3,0.05,0,0,0,2.85501017933711,0
1840,4,5,2000,2000,20771531,"ifeval_min30",2,3,2,3,0.05,0,0,0,2.33460791618563,0
1841,4,5,2000,2000,20771531,"ifeval_min30",2,3,2,3,0.05,0,0,2.28903301758692,2.46735591394827,0
1842,4,5,2000,2000,20771531,"ifeval_min30",2,3,2,3,0.05,0,0,0,2.42095113336109,0
1843,4,5,2000,2000,20771531,"ifeval_min30",2,3,2,3,0.05,0,2.23289446160197,0,2.88959810486995,0
1844,4,5,2000,2000,20771531,"ifeval_min30",2,3,2,3,0.05,0,0,0,2.69945651036687,0
1845,4,5,2000,2000,20771531,"ifeval_min30",2,3,2,3,0.05,0,0,0,2.40927210636437,2.94789887685329
1846,5,5,2000,2000,20771531,"ifeval_min30",2,3,2,3,0.05,0,0,0,0,2.62332120235078
1847,5,5,2000,2000,20771531,"ifeval_min30",2,3,2,3,0.05,0,0,0,0,2.08026911877096
1848,5,5,2000,2000,20771531,"ifeval_min30",2,3,2,3,0.05,0,0,-2.75792401726358,0,2.31468378030695
1849,5,5,2000,2000,20771531,"ifeval_min30",2,3,2,3,0.05,0,0,0,0,2.91163705359213
1850,5,5,2000,2000,20771531,"ifeval_min30",2,3,2,3,0.05,0,0,0,0,2.17788689560257
1851,5,5,2000,2000,20771531,"ifeval_min30",2,3,2,3,0.05,0,0,0,0,2.42027017683722
1852,5,5,2000,2000,20771531,"ifeval_min30",2,3,2,3,0.05,0,2.49623142485507,0,0,2.00518340966664
1853,5,5,2000,2000,20771531,"ifeval_min30",2,3,2,3,0.05,0,0,0,0,2.39992890018038
1854,5,5,2000,2000,20771531,"ifeval_min30",2,3,2,3,0.05,0,-2.89443330676295,0,0,2.73255671956576
1855,5,5,2000,2000,20771531,"ifeval_min30",2,3,2,3,0.05,0,0,-2.26637605391443,0,2.53327544010244
1856,5,5,2000,2000,20771531,"ifeval_min30",2,3,2,3,0.05,0,0,0,0,2.00288028456271
1857,5,5,2000,2000,20771531,"ifeval_min30",2,3,2,3,0.05,0,0,0,0,2.58807140868157
1858,5,5,2000,2000,20771531,"ifeval_min30",2,3,2,3,0.05,0,2.45628880336881,0,0,2.38917954172939
1859,5,5,2000,2000,20771531,"ifeval_min30",2,3,2,3,0.05,0,0,0,2.91298525454476,2.1133506980259
1860,5,5,2000,2000,20771531,"ifeval_min30",2,3,2,3,0.05,0,0,0,0,2.97526818444021
1861,5,5,2000,2000,20771531,"ifeval_min30",2,3,2,3,0.05,0,0,0,0,2.05450363922864
1862,5,5,2000,2000,20771531,"ifeval_min30",2,3,2,3,0.05,0,0,0,0,2.10532127646729
1863,5,5,2000,2000,20771531,"ifeval_min30",2,3,2,3,0.05,0,0,0,0,2.1003108585719
1864,5,5,2000,2000,20771531,"ifeval_min30",2,3,2,3,0.05,0,0,0,0,2.54381060507149
1865,5,5,2000,2000,20771531,"ifeval_min30",2,3,2,3,0.05,0,0,0,0,2.96038117096759
1866,5,5,2000,2000,20771531,"ifeval_min30",2,3,2,3,0.05,0,0,0,-2.05619222112,2.53681549034081
1867,5,5,2000,2000,20771531,"ifeval_min30",2,3,2,3,0.05,0,0,0,-2.65075797471218,2.52206195797771
1868,5,5,2000,2000,20771531,"ifeval_min30",2,3,2,3,0.05,0,0,0,0,2.8192546160426
1869,5,5,2000,2000,20771531,"ifeval_min30",2,3,2,3,0.05,0,0,0,0,2.12905781343579
1870,5,5,2000,2000,20771531,"ifeval_min30",2,3,2,3,0.05,0,0,0,0,2.03547466895543
1871,5,5,2000,2000,20771531,"ifeval_min30",2,3,2,3,0.05,0,0,0,0,2.76120101171546
1872,5,5,2000,2000,20771531,"ifeval_min30",2,3,2,3,0.05,0,0,0,0,2.31029408820905
1873,5,5,2000,2000,20771531,"ifeval_min30",2,3,2,3,0.05,0,0,0,0,2.85463585052639
1874,5,5,2000,2000,20771531,"ifeval_min30",2,3,2,3,0.05,0,0,0,2.68784449039958,2.87474416708574
1875,5,5,2000,2000,20771531,"ifeval_min30",2,3,2,3,0.05,0,0,0,0,2.62921271519735
1876,5,5,2000,2000,20771531,"ifeval_min30",2,3,2,3,0.05,0,0,0,0,2.94954127259552
1877,5,5,2000,2000,20771531,"ifeval_min30",2,3,2,3,0.05,0,0,0,0,2.24158709915355
1878,5,5,2000,2000,20771531,"ifeval_min30",2,3,2,3,0.05,0,0,0,0,2.22351535060443
1879,5,5,2000,2000,20771531,"ifeval_min30",2,3,2,3,0.05,0,0,0,0,2.67981977271847
1880,5,5,2000,2000,20771531,"ifeval_min30",2,3,2,3,0.05,0,0,0,0,2.61116938921623
1881,5,5,2000,2000,20771531,"ifeval_min30",2,3,2,3,0.05,0,2.76211516093463,0,0,2.03201780584641
1882,5,5,2000,2000,20771531,"ifeval_min30",2,3,2,3,0.05,0,0,0,0,2.65168342273682
1883,5,5,2000,2000,20771531,"ifeval_min30",2,3,2,3,0.05,0,0,0,0,2.40951679390855
1884,5,5,2000,2000,20771531,"ifeval_min30",2,3,2,3,0.05,0,0,0,0,2.29239740921184
1885,5,5,2000,2000,20771531,"ifeval_min30",2,3,2,3,0.05,0,0,0,0,2.10214030696079
1886,5,5,2000,2000,20771531,"ifeval_min30",2,3,2,3,0.05,0,0,0,0,2.60348214465193
1887,5,5,2000,2000,20771531,"ifeval_min30",2,3,2,3,0.05,0,0,0,0,2.95732384757139
1888,5,5,2000,2000,20771531,"ifeval_min30",2,3,2,3,0.05,0,0,0,0,2.78397515951656
1889,5,5,2000,2000,20771531,"ifeval_min30",2,3,2,3,0.05,0,0,0,0,2.15468077012338
1890,5,5,2000,2000,20771531,"ifeval_min30",2,3,2,3,0.05,0,0,0,0,2.6463139357511
1891,5,5,2000,2000,20771531,"ifeval_min30",2,3,2,3,0.05,0,0,0,0,2.40423332690261
1892,5,5,2000,2000,20771531,"ifeval_min30",2,3,2,3,0.05,0,0,0,0,2.21571180410683
1893,5,5,2000,2000,20771531,"ifeval_min30",2,3,2,3,0.05,2.16249297559261,0,0,0,2.94380293367431
1894,5,5,2000,2000,20771531,"ifeval_min30",2,3,2,3,0.05,0,0,0,0,2.47616932657547
1895,5,5,2000,2000,20771531,"ifeval_min30",2,3,2,3,0.05,2.10888984007761,0,0,0,2.51401180983521
1896,5,5,2000,2000,20771531,"ifeval_min30",2,3,2,3,0.05,0,0,0,0,2.45707657490857
1897,5,5,2000,2000,20771531,"ifeval_min30",2,3,2,3,0.05,0,0,0,0,2.86042161099613
1898,5,5,2000,2000,20771531,"ifeval_min30",2,3,2,3,0.05,0,0,0,0,2.35495902458206
1899,5,5,2000,2000,20771531,"ifeval_min30",2,3,2,3,0.05,0,0,0,0,2.98194582853466
1900,5,5,2000,2000,20771531,"ifeval_min30",2,3,2,3,0.05,0,0,0,0,2.53605486033484
1901,5,5,2000,2000,20771531,"ifeval_min30",2,3,2,3,0.05,0,0,0,-2.33075608965009,2.92443315731362
1902,5,5,2000,2000,20771531,"ifeval_min30",2,3,2,3,0.05,2.60552164004184,0,0,0,2.82021726923995
1903,5,5,2000,2000,20771531,"ifeval_min30",2,3,2,3,0.05,0,0,0,0,2.48020957037807
1904,5,5,2000,2000,20771531,"ifeval_min30",2,3,2,3,0.05,0,0,0,0,2.34378351015039
1905,5,5,2000,2000,20771531,"ifeval_min30",2,3,2,3,0.05,0,0,0,0,2.54797418322414
1906,5,5,2000,2000,20771531,"ifeval_min30",2,3,2,3,0.05,0,0,0,0,2.22236380912364
1907,5,5,2000,2000,20771531,"ifeval_min30",2,3,2,3,0.05,0,0,0,0,2.266530060675
1908,5,5,2000,2000,20771531,"ifeval_min30",2,3,2,3,0.05,0,0,0,0,2.22398584149778
1909,5,5,2000,2000,20771531,"ifeval_min30",2,3,2,3,0.05,0,0,0,0,2.99063085927628
1910,5,5,2000,2000,20771531,"ifeval_min30",2,3,2,3,0.05,0,0,0,0,2.93130774260499
1911,5,5,2000,2000,20771531,"ifeval_min30",2,3,2,3,0.05,2.09983303933404,0,0,0,2.32220714073628
1912,5,5,2000,2000,20771531,"ifeval_min30",2,3,2,3,0.05,0,0,0,0,2.82846200978383
1913,5,5,2000,2000,20771531,"ifeval_min30",2,3,2,3,0.05,0,0,0,0,2.83965276298113
1914,5,5,2000,2000,20771531,"ifeval_min30",2,3,2,3,0.05,0,0,0,0,2.75875276164152
1915,5,5,2000,2000,20771531,"ifeval_min30",2,3,2,3,0.05,0,0,0,0,2.36345451464877
1916,5,5,2000,2000,20771531,"ifeval_min30",2,3,2,3,0.05,0,0,0,0,2.18286199122667
1917,5,5,2000,2000,20771531,"ifeval_min30",2,3,2,3,0.05,0,-2.86261747428216,0,0,2.88890449493192
1918,5,5,2000,2000,20771531,"ifeval_min30",2,3,2,3,0.05,0,0,0,0,2.2055559407454
1919,5,5,2000,2000,20771531,"ifeval_min30",2,3,2,3,0.05,0,0,0,0,2.83981386944652
1920,5,5,2000,2000,20771531,"ifeval_min30",2,3,2,3,0.05,0,0,0,0,2.52235554577783
1921,5,5,2000,2000,20771531,"ifeval_min30",2,3,2,3,0.05,0,0,0,0,2.37788511067629
1922,5,5,2000,2000,20771531,"ifeval_min30",2,3,2,3,0.05,0,0,0,2.31009773723781,2.71586717781611
1923,5,5,2000,2000,20771531,"ifeval_min30",2,3,2,3,0.05,0,0,0,0,2.80657204147428
1924,5,5,2000,2000,20771531,"ifeval_min30",2,3,2,3,0.05,0,0,0,-2.62530464865267,2.86989909177646
1925,5,5,2000,2000,20771531,"ifeval_min30",2,3,2,3,0.05,0,0,0,0,2.45066160452552
1926,5,5,2000,2000,20771531,"ifeval_min30",2,3,2,3,0.05,2.40699754911475,0,0,0,2.22227140446194
1927,5,5,2000,2000,20771531,"ifeval_min30",2,3,2,3,0.05,0,0,-2.11347956606187,0,2.09585888450965
1928,5,5,2000,2000,20771531,"ifeval_min30",2,3,2,3,0.05,0,0,-2.15835179691203,0,2.70313230040483
1929,5,5,2000,2000,20771531,"ifeval_min30",2,3,2,3,0.05,0,0,0,-2.50211930926889,2.39932259591296
1930,5,5,2000,2000,20771531,"ifeval_min30",2,3,2,3,0.05,0,0,0,0,2.37275936594233
1931,5,5,2000,2000,20771531,"ifeval_min30",2,3,2,3,0.05,0,0,0,0,2.00630801427178
1932,5,5,2000,2000,20771531,"ifeval_min30",2,3,2,3,0.05,0,0,0,0,2.95141183584929
1933,5,5,2000,2000,20771531,"ifeval_min30",2,3,2,3,0.05,0,0,0,0,2.36516444361769
1934,5,5,2000,2000,20771531,"ifeval_min30",2,3,2,3,0.05,0,0,0,0,2.48277443880215
1935,5,5,2000,2000,20771531,"ifeval_min30",2,3,2,3,0.05,0,0,0,0,2.27881964901462
1936,5,5,2000,2000,20771531,"ifeval_min30",2,3,2,3,0.05,0,0,0,0,2.74438477260992
1937,5,5,2000,2000,20771531,"ifeval_min30",2,3,2,3,0.05,0,0,0,0,2.09193952218629
1938,5,5,2000,2000,20771531,"ifeval_min30",2,3,2,3,0.05,0,0,0,0,2.93950162013061
1939,5,5,2000,2000,20771531,"ifeval_min30",2,3,2,3,0.05,0,0,0,0,2.68843372585252
1940,5,5,2000,2000,20771531,"ifeval_min30",2,3,2,3,0.05,0,-2.17851162748411,0,0,2.71495160483755
1941,5,5,2000,2000,20771531,"ifeval_min30",2,3,2,3,0.05,0,0,0,0,2.99301622551866
1942,5,5,2000,2000,20771531,"ifeval_min30",2,3,2,3,0.05,0,0,0,0,2.06611456512474
1943,5,5,2000,2000,20771531,"ifeval_min30",2,3,2,3,0.05,0,0,0,0,2.61513453372754
1944,5,5,2000,2000,20771531,"ifeval_min30",2,3,2,3,0.05,0,0,0,0,2.83487791358493
1945,5,5,2000,2000,20771531,"ifeval_min30",2,3,2,3,0.05,0,0,0,0,2.11752257193439
1946,5,5,2000,2000,20771531,"ifeval_min30",2,3,2,3,0.05,0,0,0,0,2.9831968722865
1947,5,5,2000,2000,20771531,"ifeval_min30",2,3,2,3,0.05,0,0,0,0,2.80727335391566
1948,5,5,2000,2000,20771531,"ifeval_min30",2,3,2,3,0.05,0,0,0,0,2.20291046611965
1949,5,5,2000,2000,20771531,"ifeval_min30",2,3,2,3,0.05,0,0,0,0,2.28432889143005
1950,5,5,2000,2000,20771531,"ifeval_min30",2,3,2,3,0.05,0,0,0,0,2.46173650072888
1951,5,5,2000,2000,20771531,"ifeval_min30",2,3,2,3,0.05,0,0,0,0,2.16699473001063
1952,5,5,2000,2000,20771531,"ifeval_min30",2,3,2,3,0.05,0,0,0,0,2.77379007986747
1953,5,5,2000,2000,20771531,"ifeval_min30",2,3,2,3,0.05,0,0,0,0,2.00830368907191
1954,5,5,2000,2000,20771531,"ifeval_min30",2,3,2,3,0.05,0,0,0,0,2.16759862028994
1955,5,5,2000,2000,20771531,"ifeval_min30",2,3,2,3,0.05,0,0,0,0,2.13975499221124
1956,5,5,2000,2000,20771531,"ifeval_min30",2,3,2,3,0.05,0,0,0,0,2.46939046797343
1957,5,5,2000,2000,20771531,"ifeval_min30",2,3,2,3,0.05,0,0,0,0,2.39689799002372
1958,5,5,2000,2000,20771531,"ifeval_min30",2,3,2,3,0.05,0,0,0,0,2.29971906240098
1959,5,5,2000,2000,20771531,"ifeval_min30",2,3,2,3,0.05,0,0,0,0,2.09742713882588
1960,5,5,2000,2000,20771531,"ifeval_min30",2,3,2,3,0.05,0,0,0,0,2.08027070434764
1961,5,5,2000,2000,20771531,"ifeval_min30",2,3,2,3,0.05,0,0,0,0,2.44083287240937
1962,5,5,2000,2000,20771531,"ifeval_min30",2,3,2,3,0.05,0,0,0,0,2.92167923226953
1963,5,5,2000,2000,20771531,"ifeval_min30",2,3,2,3,0.05,0,-2.86481172125787,0,0,2.73894763900898
1964,5,5,2000,2000,20771531,"ifeval_min30",2,3,2,3,0.05,0,0,0,0,2.57054534647614
1965,5,5,2000,2000,20771531,"ifeval_min30",2,3,2,3,0.05,0,0,0,0,2.95810219366103
1966,5,5,2000,2000,20771531,"ifeval_min30",2,3,2,3,0.05,0,0,0,0,2.86376239592209
1967,5,5,2000,2000,20771531,"ifeval_min30",2,3,2,3,0.05,0,0,0,0,2.66508162906393
1968,5,5,2000,2000,20771531,"ifeval_min30",2,3,2,3,0.05,0,0,0,0,2.97263946919702
1969,5,5,2000,2000,20771531,"ifeval_min30",2,3,2,3,0.05,0,0,0,0,2.38061178731732
1970,5,5,2000,2000,20771531,"ifeval_min30",2,3,2,3,0.05,0,0,0,0,2.44156167493202
1971,5,5,2000,2000,20771531,"ifeval_min30",2,3,2,3,0.05,0,0,0,0,2.07825621869415
1972,5,5,2000,2000,20771531,"ifeval_min30",2,3,2,3,0.05,0,0,0,0,2.55772523535416
1973,5,5,2000,2000,20771531,"ifeval_min30",2,3,2,3,0.05,0,0,0,0,2.69317036261782
1974,5,5,2000,2000,20771531,"ifeval_min30",2,3,2,3,0.05,0,0,0,0,2.69148125592619
1975,5,5,2000,2000,20771531,"ifeval_min30",2,3,2,3,0.05,0,2.80790831870399,0,0,2.43222770374268
1976,5,5,2000,2000,20771531,"ifeval_min30",2,3,2,3,0.05,0,2.35454733646475,0,0,2.83657565270551
1977,5,5,2000,2000,20771531,"ifeval_min30",2,3,2,3,0.05,0,0,0,0,2.5912382309325
1978,5,5,2000,2000,20771531,"ifeval_min30",2,3,2,3,0.05,0,-2.25437284982763,0,0,2.74774165754206
1979,5,5,2000,2000,20771531,"ifeval_min30",2,3,2,3,0.05,0,0,0,0,2.23399229696952
1980,5,5,2000,2000,20771531,"ifeval_min30",2,3,2,3,0.05,0,0,0,0,2.7612582128495
1981,5,5,2000,2000,20771531,"ifeval_min30",2,3,2,3,0.05,0,0,0,0,2.86983761424199
1982,5,5,2000,2000,20771531,"ifeval_min30",2,3,2,3,0.05,0,0,0,0,2.10790108097717
1983,5,5,2000,2000,20771531,"ifeval_min30",2,3,2,3,0.05,0,0,0,0,2.47167629771866
1984,5,5,2000,2000,20771531,"ifeval_min30",2,3,2,3,0.05,0,0,0,-2.32502944627777,2.12106342171319
1985,5,5,2000,2000,20771531,"ifeval_min30",2,3,2,3,0.05,0,0,0,0,2.25112083205022
1986,5,5,2000,2000,20771531,"ifeval_min30",2,3,2,3,0.05,0,0,0,0,2.2954602742102
1987,5,5,2000,2000,20771531,"ifeval_min30",2,3,2,3,0.05,0,0,0,0,2.96656355564483
1988,5,5,2000,2000,20771531,"ifeval_min30",2,3,2,3,0.05,0,0,0,0,2.96455989219248
1989,5,5,2000,2000,20771531,"ifeval_min30",2,3,2,3,0.05,0,0,0,0,2.21125208563171
1990,5,5,2000,2000,20771531,"ifeval_min30",2,3,2,3,0.05,0,0,0,0,2.72851406177506
1991,5,5,2000,2000,20771531,"ifeval_min30",2,3,2,3,0.05,0,0,0,0,2.3306191554293
1992,5,5,2000,2000,20771531,"ifeval_min30",2,3,2,3,0.05,0,0,0,0,2.70662979222834
1993,5,5,2000,2000,20771531,"ifeval_min30",2,3,2,3,0.05,0,0,0,0,2.15901286434382
1994,5,5,2000,2000,20771531,"ifeval_min30",2,3,2,3,0.05,0,0,0,0,2.96449662651867
1995,5,5,2000,2000,20771531,"ifeval_min30",2,3,2,3,0.05,0,0,0,-2.25174952368252,2.49477767804638
1996,5,5,2000,2000,20771531,"ifeval_min30",2,3,2,3,0.05,0,0,0,0,2.72521550161764
1997,5,5,2000,2000,20771531,"ifeval_min30",2,3,2,3,0.05,0,0,0,0,2.65440316824242
1998,5,5,2000,2000,20771531,"ifeval_min30",2,3,2,3,0.05,0,0,0,0,2.30798709043302
1999,5,5,2000,2000,20771531,"ifeval_min30",2,3,2,3,0.05,0,0,0,0,2.74010731605813
2000,5,5,2000,2000,20771531,"ifeval_min30",2,3,2,3,0.05,0,0,0,0,2.54634972452186
