"item","block","H","p","p_master","loading_seed","separation","block_size_mode","primary_loading_min","primary_loading_max","cross_loading_min","cross_loading_max","cross_loading_prob","F1","F2","F3","F4","F5","F6","F7","F8","F9","F10"
1,1,10,1500,2000,21272531,2,"ifeval_min30",2,3,2,3,0.05,2.66642105602659,0,0,0,0,0,-2.59515826147981,0,0,0
2,1,10,1500,2000,21272531,2,"ifeval_min30",2,3,2,3,0.05,2.40171073935926,0,0,-2.74902609642595,0,0,0,0,0,0
3,1,10,1500,2000,21272531,2,"ifeval_min30",2,3,2,3,0.05,2.128549272893,0,0,0,0,0,0,0,0,0
4,1,10,1500,2000,21272531,2,"ifeval_min30",2,3,2,3,0.05,2.91930621745996,0,0,0,0,0,0,0,0,0
5,1,10,1500,2000,21272531,2,"ifeval_min30",2,3,2,3,0.05,2.15014948090538,0,0,0,0,0,0,0,0,0
6,1,10,1500,2000,21272531,2,"ifeval_min30",2,3,2,3,0.05,2.75938504072838,0,0,0,0,0,0,0,0,0
7,1,10,1500,2000,21272531,2,"ifeval_min30",2,3,2,3,0.05,2.81819585314952,0,0,0,0,0,0,0,-2.70731179788709,0
8,1,10,1500,2000,21272531,2,"ifeval_min30",2,3,2,3,0.05,2.3032113420777,0,0,0,0,0,0,0,0,0
9,1,10,1500,2000,21272531,2,"ifeval_min30",2,3,2,3,0.05,2.43238579831086,0,0,0,2.17721716454253,0,0,0,0,0
10,1,10,1500,2000,21272531,2,"ifeval_min30",2,3,2,3,0.05,2.25454880413599,0,0,0,0,0,0,0,0,0
11,1,10,1500,2000,21272531,2,"ifeval_min30",2,3,2,3,0.05,2.19501245766878,0,0,0,0,0,0,0,0,-2.49415047792718
12,1,10,1500,2000,21272531,2,"ifeval_min30",2,3,2,3,0.05,2.44448423967697,-2.14827240817249,0,0,0,0,0,-2.33018979988992,0,0
13,1,10,1500,2000,21272531,2,"ifeval_min30",2,3,2,3,0.05,2.52691105450504,0,0,0,0,0,0,0,0,0
14,1,10,1500,2000,21272531,2,"ifeval_min30",2,3,2,3,0.05,2.32295300415717,0,0,0,0,2.0363722818438,0,0,0,0
15,1,10,1500,2000,21272531,2,"ifeval_min30",2,3,2,3,0.05,2.43798002670519,0,0,0,0,0,0,0,0,0
16,1,10,1500,2000,21272531,2,"ifeval_min30",2,3,2,3,0.05,2.19751647277735,0,0,0,0,0,0,2.27562036341988,0,0
17,1,10,1500,2000,21272531,2,"ifeval_min30",2,3,2,3,0.05,2.20516954408959,0,0,0,0,0,0,0,0,0
18,1,10,1500,2000,21272531,2,"ifeval_min30",2,3,2,3,0.05,2.12058361223899,0,0,0,0,0,0,0,0,0
19,1,10,1500,2000,21272531,2,"ifeval_min30",2,3,2,3,0.05,2.92204874008894,0,0,0,0,0,0,0,0,0
20,1,10,1500,2000,21272531,2,"ifeval_min30",2,3,2,3,0.05,2.78055283986032,0,0,0,2.80330325849354,0,0,0,0,0
21,1,10,1500,2000,21272531,2,"ifeval_min30",2,3,2,3,0.05,2.02715790690854,0,0,0,0,0,0,0,0,0
22,1,10,1500,2000,21272531,2,"ifeval_min30",2,3,2,3,0.05,2.77204071544111,0,0,0,0,0,0,0,0,0
23,1,10,1500,2000,21272531,2,"ifeval_min30",2,3,2,3,0.05,2.56679436611012,0,0,0,-2.54517924576066,0,0,0,0,0
24,1,10,1500,2000,21272531,2,"ifeval_min30",2,3,2,3,0.05,2.71574206906371,0,0,0,0,0,0,0,0,0
25,1,10,1500,2000,21272531,2,"ifeval_min30",2,3,2,3,0.05,2.49728905432858,0,0,0,0,0,-2.51585192373022,0,0,0
26,1,10,1500,2000,21272531,2,"ifeval_min30",2,3,2,3,0.05,2.85623800545,0,0,0,0,0,0,0,0,0
27,1,10,1500,2000,21272531,2,"ifeval_min30",2,3,2,3,0.05,2.51857285015285,0,0,0,0,0,0,0,0,0
28,1,10,1500,2000,21272531,2,"ifeval_min30",2,3,2,3,0.05,2.99400719348341,0,0,0,2.50872747320682,0,0,0,0,0
29,1,10,1500,2000,21272531,2,"ifeval_min30",2,3,2,3,0.05,2.88488119328395,0,0,0,0,0,0,0,0,0
30,1,10,1500,2000,21272531,2,"ifeval_min30",2,3,2,3,0.05,2.02373236045241,0,0,0,0,0,0,-2.4522427523043,0,0
31,1,10,1500,2000,21272531,2,"ifeval_min30",2,3,2,3,0.05,2.64565813355148,0,0,0,0,0,0,0,0,0
32,1,10,1500,2000,21272531,2,"ifeval_min30",2,3,2,3,0.05,2.47458886355162,0,0,0,0,0,2.42257702630013,0,0,0
33,1,10,1500,2000,21272531,2,"ifeval_min30",2,3,2,3,0.05,2.90964462468401,2.19418875779957,0,0,0,0,0,0,0,0
34,1,10,1500,2000,21272531,2,"ifeval_min30",2,3,2,3,0.05,2.05476657906547,0,0,0,0,0,0,0,0,0
35,1,10,1500,2000,21272531,2,"ifeval_min30",2,3,2,3,0.05,2.6507464570459,0,0,0,0,0,2.58334380295128,0,0,0
36,1,10,1500,2000,21272531,2,"ifeval_min30",2,3,2,3,0.05,2.93790512019768,0,0,2.06121189449914,0,0,0,0,0,0
37,1,10,1500,2000,21272531,2,"ifeval_min30",2,3,2,3,0.05,2.2951173579786,0,0,0,0,0,0,0,0,0
38,1,10,1500,2000,21272531,2,"ifeval_min30",2,3,2,3,0.05,2.17753317439929,0,0,0,0,0,0,0,0,0
39,1,10,1500,2000,21272531,2,"ifeval_min30",2,3,2,3,0.05,2.05687183816917,0,0,0,0,0,-2.39098949753679,0,0,0
40,1,10,1500,2000,21272531,2,"ifeval_min30",2,3,2,3,0.05,2.98461762000807,0,0,0,0,2.88850215054117,0,0,0,0
41,1,10,1500,2000,21272531,2,"ifeval_min30",2,3,2,3,0.05,2.79099404648878,0,0,0,0,0,0,0,2.31226553954184,0
42,1,10,1500,2000,21272531,2,"ifeval_min30",2,3,2,3,0.05,2.46915814559907,0,0,0,0,0,0,0,0,0
43,1,10,1500,2000,21272531,2,"ifeval_min30",2,3,2,3,0.05,2.52306809765287,0,0,0,0,0,0,0,0,0
44,1,10,1500,2000,21272531,2,"ifeval_min30",2,3,2,3,0.05,2.61835342366248,0,0,0,-2.55114438058808,0,0,0,0,0
45,1,10,1500,2000,21272531,2,"ifeval_min30",2,3,2,3,0.05,2.25959780067205,0,0,0,0,0,0,0,0,0
46,1,10,1500,2000,21272531,2,"ifeval_min30",2,3,2,3,0.05,2.20967056811787,0,0,0,0,0,0,0,0,0
47,1,10,1500,2000,21272531,2,"ifeval_min30",2,3,2,3,0.05,2.66563286911696,0,-2.65473715309054,0,0,0,0,0,0,0
48,1,10,1500,2000,21272531,2,"ifeval_min30",2,3,2,3,0.05,2.43305551051162,0,2.99853760632686,-2.11700505693443,0,0,0,0,0,0
49,1,10,1500,2000,21272531,2,"ifeval_min30",2,3,2,3,0.05,2.08394748484716,0,0,0,0,2.89656481612474,0,0,0,0
50,1,10,1500,2000,21272531,2,"ifeval_min30",2,3,2,3,0.05,2.66589486738667,0,0,0,0,0,0,0,0,0
51,1,10,1500,2000,21272531,2,"ifeval_min30",2,3,2,3,0.05,2.5057356976904,0,0,0,0,0,0,0,0,0
52,1,10,1500,2000,21272531,2,"ifeval_min30",2,3,2,3,0.05,2.3987986871507,0,0,0,0,0,0,-2.63963190931827,0,0
53,1,10,1500,2000,21272531,2,"ifeval_min30",2,3,2,3,0.05,2.75329508259892,0,0,0,0,0,0,0,0,0
54,1,10,1500,2000,21272531,2,"ifeval_min30",2,3,2,3,0.05,2.00517158978619,0,0,0,0,0,0,0,2.02264845347963,0
55,1,10,1500,2000,21272531,2,"ifeval_min30",2,3,2,3,0.05,2.20424036518671,0,0,0,0,0,0,0,-2.17982950806618,0
56,1,10,1500,2000,21272531,2,"ifeval_min30",2,3,2,3,0.05,2.07968486449681,0,0,0,0,0,0,0,0,0
57,1,10,1500,2000,21272531,2,"ifeval_min30",2,3,2,3,0.05,2.84759088931605,0,0,0,0,0,0,0,-2.58125953585841,0
58,1,10,1500,2000,21272531,2,"ifeval_min30",2,3,2,3,0.05,2.55917934072204,-2.49193918006495,0,0,0,0,0,0,-2.93629727582447,0
59,1,10,1500,2000,21272531,2,"ifeval_min30",2,3,2,3,0.05,2.39855189039372,0,-2.63917722390033,0,0,0,0,0,0,0
60,1,10,1500,2000,21272531,2,"ifeval_min30",2,3,2,3,0.05,2.27098795305938,0,2.04769698344171,0,0,0,0,0,0,0
61,1,10,1500,2000,21272531,2,"ifeval_min30",2,3,2,3,0.05,2.06672445591539,0,0,0,0,0,0,0,0,0
62,1,10,1500,2000,21272531,2,"ifeval_min30",2,3,2,3,0.05,2.23501764959656,0,0,0,0,0,0,0,0,0
63,1,10,1500,2000,21272531,2,"ifeval_min30",2,3,2,3,0.05,2.83806690061465,0,0,0,0,0,0,0,0,0
64,1,10,1500,2000,21272531,2,"ifeval_min30",2,3,2,3,0.05,2.73470209934749,0,0,0,0,0,0,0,0,0
65,1,10,1500,2000,21272531,2,"ifeval_min30",2,3,2,3,0.05,2.90591868944466,0,0,0,0,0,0,0,0,0
66,1,10,1500,2000,21272531,2,"ifeval_min30",2,3,2,3,0.05,2.51262638601474,0,0,0,0,0,0,2.56666888017207,0,0
67,1,10,1500,2000,21272531,2,"ifeval_min30",2,3,2,3,0.05,2.70053597097285,-2.62329396302812,0,-2.77740461123176,2.2089542769827,0,0,0,0,0
68,1,10,1500,2000,21272531,2,"ifeval_min30",2,3,2,3,0.05,2.89881160994992,0,0,0,0,0,0,0,0,0
69,1,10,1500,2000,21272531,2,"ifeval_min30",2,3,2,3,0.05,2.10897242790088,0,0,0,0,0,0,0,0,0
70,1,10,1500,2000,21272531,2,"ifeval_min30",2,3,2,3,0.05,2.50030713248998,0,0,0,0,0,0,0,0,0
71,1,10,1500,2000,21272531,2,"ifeval_min30",2,3,2,3,0.05,2.93500949325971,0,0,0,0,0,0,0,0,0
72,1,10,1500,2000,21272531,2,"ifeval_min30",2,3,2,3,0.05,2.91675863321871,0,0,0,0,0,0,0,0,0
73,1,10,1500,2000,21272531,2,"ifeval_min30",2,3,2,3,0.05,2.58875515428372,0,0,0,0,0,0,0,0,0
74,1,10,1500,2000,21272531,2,"ifeval_min30",2,3,2,3,0.05,2.14557846123353,0,0,0,0,0,0,0,0,0
75,1,10,1500,2000,21272531,2,"ifeval_min30",2,3,2,3,0.05,2.28643456078134,0,0,0,0,0,0,0,0,0
76,1,10,1500,2000,21272531,2,"ifeval_min30",2,3,2,3,0.05,2.25069810007699,-2.91229804279283,0,0,0,0,0,0,0,0
77,1,10,1500,2000,21272531,2,"ifeval_min30",2,3,2,3,0.05,2.93371413531713,0,0,0,0,0,0,0,0,0
78,1,10,1500,2000,21272531,2,"ifeval_min30",2,3,2,3,0.05,2.71275002299808,0,0,0,0,0,0,0,2.84649808565155,0
79,1,10,1500,2000,21272531,2,"ifeval_min30",2,3,2,3,0.05,2.47311496338807,2.13776283385232,0,0,0,0,0,0,0,0
80,1,10,1500,2000,21272531,2,"ifeval_min30",2,3,2,3,0.05,2.39883219636977,-2.20576879940927,0,0,0,0,0,0,0,0
81,1,10,1500,2000,21272531,2,"ifeval_min30",2,3,2,3,0.05,2.05778387677856,0,0,0,-2.15856564021669,0,0,0,0,0
82,1,10,1500,2000,21272531,2,"ifeval_min30",2,3,2,3,0.05,2.74163366947323,0,0,0,0,0,0,0,0,0
83,1,10,1500,2000,21272531,2,"ifeval_min30",2,3,2,3,0.05,2.76994118886068,0,0,0,0,0,0,0,0,0
84,1,10,1500,2000,21272531,2,"ifeval_min30",2,3,2,3,0.05,2.98164780507796,0,0,0,0,0,0,0,0,0
85,1,10,1500,2000,21272531,2,"ifeval_min30",2,3,2,3,0.05,2.57819137815386,0,0,0,0,0,0,0,0,0
86,1,10,1500,2000,21272531,2,"ifeval_min30",2,3,2,3,0.05,2.51425483031198,0,0,0,-2.39767216774635,0,-2.76843454269692,0,0,0
87,1,10,1500,2000,21272531,2,"ifeval_min30",2,3,2,3,0.05,2.54317677137442,0,0,0,0,0,0,0,0,0
88,1,10,1500,2000,21272531,2,"ifeval_min30",2,3,2,3,0.05,2.10587841272354,0,0,0,0,0,-2.0241808234714,0,0,0
89,1,10,1500,2000,21272531,2,"ifeval_min30",2,3,2,3,0.05,2.11941105592996,0,0,0,0,0,0,0,0,0
90,1,10,1500,2000,21272531,2,"ifeval_min30",2,3,2,3,0.05,2.41430348530412,0,0,0,0,0,2.47352912626229,0,0,0
91,1,10,1500,2000,21272531,2,"ifeval_min30",2,3,2,3,0.05,2.57657022355124,0,0,0,0,0,0,0,0,0
92,1,10,1500,2000,21272531,2,"ifeval_min30",2,3,2,3,0.05,2.12040855945088,0,0,0,0,0,0,0,0,0
93,1,10,1500,2000,21272531,2,"ifeval_min30",2,3,2,3,0.05,2.21913677919656,0,0,0,0,0,2.35441048326902,0,0,0
94,1,10,1500,2000,21272531,2,"ifeval_min30",2,3,2,3,0.05,2.51893499935977,0,0,0,0,0,0,0,0,0
95,1,10,1500,2000,21272531,2,"ifeval_min30",2,3,2,3,0.05,2.9162484635599,0,0,0,0,0,0,0,0,0
96,1,10,1500,2000,21272531,2,"ifeval_min30",2,3,2,3,0.05,2.14231545757502,0,0,0,-2.80938991624862,0,0,0,0,0
97,1,10,1500,2000,21272531,2,"ifeval_min30",2,3,2,3,0.05,2.48724553640932,0,0,0,0,2.06045342655852,0,0,0,0
98,1,10,1500,2000,21272531,2,"ifeval_min30",2,3,2,3,0.05,2.54951785784215,0,2.62741775903851,0,0,0,0,0,0,0
99,1,10,1500,2000,21272531,2,"ifeval_min30",2,3,2,3,0.05,2.78041870938614,0,0,0,0,0,0,0,0,0
100,1,10,1500,2000,21272531,2,"ifeval_min30",2,3,2,3,0.05,2.89843862177804,0,0,0,0,0,0,0,0,0
101,1,10,1500,2000,21272531,2,"ifeval_min30",2,3,2,3,0.05,2.19413767661899,0,2.66053069522604,0,0,0,0,0,0,0
102,1,10,1500,2000,21272531,2,"ifeval_min30",2,3,2,3,0.05,2.56501455558464,0,0,0,0,0,0,0,0,0
103,1,10,1500,2000,21272531,2,"ifeval_min30",2,3,2,3,0.05,2.91830949974246,0,0,0,0,0,0,0,0,0
104,1,10,1500,2000,21272531,2,"ifeval_min30",2,3,2,3,0.05,2.10437055048533,0,0,0,0,0,0,0,0,0
105,1,10,1500,2000,21272531,2,"ifeval_min30",2,3,2,3,0.05,2.01661708205938,0,0,0,0,0,2.41963285650127,0,0,0
106,1,10,1500,2000,21272531,2,"ifeval_min30",2,3,2,3,0.05,2.80502930609509,0,0,0,0,0,-2.91576378978789,0,0,0
107,1,10,1500,2000,21272531,2,"ifeval_min30",2,3,2,3,0.05,2.20712668728083,0,0,0,0,0,0,0,0,0
108,1,10,1500,2000,21272531,2,"ifeval_min30",2,3,2,3,0.05,2.92973743774928,0,0,0,0,0,0,-2.77739567728713,0,0
109,1,10,1500,2000,21272531,2,"ifeval_min30",2,3,2,3,0.05,2.99831328121945,0,0,0,0,0,0,0,0,0
110,1,10,1500,2000,21272531,2,"ifeval_min30",2,3,2,3,0.05,2.10403163800947,0,0,0,0,0,0,0,0,0
111,1,10,1500,2000,21272531,2,"ifeval_min30",2,3,2,3,0.05,2.69436544994824,0,0,0,0,0,0,0,0,0
112,1,10,1500,2000,21272531,2,"ifeval_min30",2,3,2,3,0.05,2.26492799189873,0,0,0,0,0,0,0,0,0
113,1,10,1500,2000,21272531,2,"ifeval_min30",2,3,2,3,0.05,2.65909022348933,0,0,0,0,0,0,0,2.63973523746245,0
114,1,10,1500,2000,21272531,2,"ifeval_min30",2,3,2,3,0.05,2.53352619241923,0,0,0,0,0,0,0,0,0
115,1,10,1500,2000,21272531,2,"ifeval_min30",2,3,2,3,0.05,2.82069222955033,0,0,0,0,0,0,0,0,0
116,1,10,1500,2000,21272531,2,"ifeval_min30",2,3,2,3,0.05,2.43640355137177,0,0,0,0,0,0,0,0,0
117,1,10,1500,2000,21272531,2,"ifeval_min30",2,3,2,3,0.05,2.97154769673944,0,0,0,0,0,0,0,0,0
118,1,10,1500,2000,21272531,2,"ifeval_min30",2,3,2,3,0.05,2.19083433412015,0,0,0,0,0,0,2.94223878555931,0,0
119,1,10,1500,2000,21272531,2,"ifeval_min30",2,3,2,3,0.05,2.90148221561685,0,0,0,0,0,0,0,0,0
120,1,10,1500,2000,21272531,2,"ifeval_min30",2,3,2,3,0.05,2.55459190392867,0,0,0,0,0,0,0,0,2.00287246215157
121,1,10,1500,2000,21272531,2,"ifeval_min30",2,3,2,3,0.05,2.43631006684154,0,0,0,0,0,0,0,0,0
122,1,10,1500,2000,21272531,2,"ifeval_min30",2,3,2,3,0.05,2.18976482795551,0,0,0,0,0,0,0,0,0
123,1,10,1500,2000,21272531,2,"ifeval_min30",2,3,2,3,0.05,2.91168722114526,0,0,0,0,0,0,0,0,0
124,1,10,1500,2000,21272531,2,"ifeval_min30",2,3,2,3,0.05,2.18753034225665,0,0,0,0,0,0,0,0,0
125,1,10,1500,2000,21272531,2,"ifeval_min30",2,3,2,3,0.05,2.12428446253762,0,0,0,0,0,0,0,0,0
126,1,10,1500,2000,21272531,2,"ifeval_min30",2,3,2,3,0.05,2.48011530702934,0,0,0,0,0,0,0,0,0
127,1,10,1500,2000,21272531,2,"ifeval_min30",2,3,2,3,0.05,2.48138026124798,0,0,0,0,0,0,0,0,0
128,1,10,1500,2000,21272531,2,"ifeval_min30",2,3,2,3,0.05,2.01227752957493,0,0,0,0,0,0,0,0,-2.52383592794649
129,1,10,1500,2000,21272531,2,"ifeval_min30",2,3,2,3,0.05,2.43028816813603,0,0,2.57847072253935,0,-2.99016446829773,0,0,0,0
130,1,10,1500,2000,21272531,2,"ifeval_min30",2,3,2,3,0.05,2.05372571852058,0,0,0,0,0,0,0,0,0
131,1,10,1500,2000,21272531,2,"ifeval_min30",2,3,2,3,0.05,2.21487375092693,0,0,0,-2.3910901164636,0,0,0,0,0
132,1,10,1500,2000,21272531,2,"ifeval_min30",2,3,2,3,0.05,2.24008098826744,0,0,0,0,0,-2.78828164027072,0,0,0
133,1,10,1500,2000,21272531,2,"ifeval_min30",2,3,2,3,0.05,2.76445313310251,0,0,2.45281290542334,0,0,0,0,0,-2.66190398903564
134,1,10,1500,2000,21272531,2,"ifeval_min30",2,3,2,3,0.05,2.84999206266366,0,0,0,0,0,0,0,0,0
135,1,10,1500,2000,21272531,2,"ifeval_min30",2,3,2,3,0.05,2.5736547796987,0,0,0,0,0,0,0,0,0
136,1,10,1500,2000,21272531,2,"ifeval_min30",2,3,2,3,0.05,2.48422462935559,0,-2.71149051724933,0,0,0,0,0,2.85150509909727,0
137,1,10,1500,2000,21272531,2,"ifeval_min30",2,3,2,3,0.05,2.48051381483674,0,0,0,0,0,0,0,0,0
138,1,10,1500,2000,21272531,2,"ifeval_min30",2,3,2,3,0.05,2.32819541008212,0,0,-2.23588974238373,0,0,0,0,0,0
139,1,10,1500,2000,21272531,2,"ifeval_min30",2,3,2,3,0.05,2.20019638282247,0,0,0,0,0,0,0,0,0
140,1,10,1500,2000,21272531,2,"ifeval_min30",2,3,2,3,0.05,2.47939642868005,2.9995974584017,0,0,0,0,0,0,0,0
141,1,10,1500,2000,21272531,2,"ifeval_min30",2,3,2,3,0.05,2.32364870421588,0,0,2.66656007454731,0,0,0,0,0,0
142,1,10,1500,2000,21272531,2,"ifeval_min30",2,3,2,3,0.05,2.89856516895816,0,0,0,0,0,0,0,0,0
143,1,10,1500,2000,21272531,2,"ifeval_min30",2,3,2,3,0.05,2.65721949096769,0,0,0,0,-2.28680443181656,0,0,0,0
144,1,10,1500,2000,21272531,2,"ifeval_min30",2,3,2,3,0.05,2.66723197652027,0,0,0,0,0,0,0,0,0
145,1,10,1500,2000,21272531,2,"ifeval_min30",2,3,2,3,0.05,2.98979708366096,0,0,0,0,0,0,0,0,0
146,1,10,1500,2000,21272531,2,"ifeval_min30",2,3,2,3,0.05,2.1485069997143,0,0,0,0,0,0,0,0,0
147,1,10,1500,2000,21272531,2,"ifeval_min30",2,3,2,3,0.05,2.69727103179321,0,0,0,0,0,0,0,2.99722958309576,0
148,1,10,1500,2000,21272531,2,"ifeval_min30",2,3,2,3,0.05,2.6777631607838,0,0,0,0,0,0,0,0,0
149,1,10,1500,2000,21272531,2,"ifeval_min30",2,3,2,3,0.05,2.40669299429283,0,0,0,0,0,0,0,0,0
150,1,10,1500,2000,21272531,2,"ifeval_min30",2,3,2,3,0.05,2.93504004133865,0,0,-2.41958973021246,0,0,0,0,0,0
151,1,10,1500,2000,21272531,2,"ifeval_min30",2,3,2,3,0.05,2.16355129843578,0,-2.06662902631797,0,0,0,0,0,0,0
152,1,10,1500,2000,21272531,2,"ifeval_min30",2,3,2,3,0.05,2.40340806357563,0,0,0,0,0,0,0,0,-2.85984205966815
153,1,10,1500,2000,21272531,2,"ifeval_min30",2,3,2,3,0.05,2.65921645937487,0,0,0,0,0,0,0,0,0
154,1,10,1500,2000,21272531,2,"ifeval_min30",2,3,2,3,0.05,2.40418810094707,0,0,0,0,0,0,0,0,0
155,1,10,1500,2000,21272531,2,"ifeval_min30",2,3,2,3,0.05,2.20595691911876,0,0,0,0,0,0,0,0,0
156,1,10,1500,2000,21272531,2,"ifeval_min30",2,3,2,3,0.05,2.51219862955622,0,0,0,0,0,2.34098935034126,0,0,0
157,1,10,1500,2000,21272531,2,"ifeval_min30",2,3,2,3,0.05,2.56188523001038,0,0,0,0,0,0,0,0,0
158,1,10,1500,2000,21272531,2,"ifeval_min30",2,3,2,3,0.05,2.15316893905401,0,0,0,0,0,-2.15435667568818,0,0,0
159,1,10,1500,2000,21272531,2,"ifeval_min30",2,3,2,3,0.05,2.36966917733662,0,0,0,0,0,0,0,0,0
160,1,10,1500,2000,21272531,2,"ifeval_min30",2,3,2,3,0.05,2.8409945005551,0,0,0,0,0,0,0,0,0
161,1,10,1500,2000,21272531,2,"ifeval_min30",2,3,2,3,0.05,2.24977414566092,0,0,0,0,0,0,0,0,0
162,1,10,1500,2000,21272531,2,"ifeval_min30",2,3,2,3,0.05,2.33462019986473,0,0,0,0,0,0,0,2.2618307156954,-2.74575175321661
163,1,10,1500,2000,21272531,2,"ifeval_min30",2,3,2,3,0.05,2.95488718664274,0,0,0,0,0,0,0,0,0
164,1,10,1500,2000,21272531,2,"ifeval_min30",2,3,2,3,0.05,2.98230570065789,0,0,0,0,0,0,0,0,0
165,1,10,1500,2000,21272531,2,"ifeval_min30",2,3,2,3,0.05,2.30300120287575,0,0,0,0,0,-2.66575711243786,0,0,0
166,1,10,1500,2000,21272531,2,"ifeval_min30",2,3,2,3,0.05,2.17342063598335,2.00431793322787,0,0,0,0,0,0,0,0
167,1,10,1500,2000,21272531,2,"ifeval_min30",2,3,2,3,0.05,2.96092935395427,0,0,0,0,2.49487599916756,0,0,0,0
168,1,10,1500,2000,21272531,2,"ifeval_min30",2,3,2,3,0.05,2.76691029360518,0,0,0,0,0,0,0,0,0
169,1,10,1500,2000,21272531,2,"ifeval_min30",2,3,2,3,0.05,2.69853813387454,0,0,0,0,0,0,0,0,0
170,1,10,1500,2000,21272531,2,"ifeval_min30",2,3,2,3,0.05,2.71311442437582,0,0,0,0,0,0,0,0,0
171,1,10,1500,2000,21272531,2,"ifeval_min30",2,3,2,3,0.05,2.35945786512457,0,0,0,0,0,0,0,0,0
172,1,10,1500,2000,21272531,2,"ifeval_min30",2,3,2,3,0.05,2.12012685509399,0,0,0,0,0,0,0,0,0
173,1,10,1500,2000,21272531,2,"ifeval_min30",2,3,2,3,0.05,2.36538484552875,0,0,0,0,0,0,0,-2.75938070006669,0
174,1,10,1500,2000,21272531,2,"ifeval_min30",2,3,2,3,0.05,2.28079602727666,0,0,0,0,0,0,0,0,0
175,1,10,1500,2000,21272531,2,"ifeval_min30",2,3,2,3,0.05,2.32260784623213,0,0,0,0,0,0,0,0,0
176,1,10,1500,2000,21272531,2,"ifeval_min30",2,3,2,3,0.05,2.49418161134236,0,0,0,0,0,0,-2.70266315154731,0,0
177,1,10,1500,2000,21272531,2,"ifeval_min30",2,3,2,3,0.05,2.30321254231967,0,0,0,0,0,0,2.89017562242225,0,2.87615124811418
178,1,10,1500,2000,21272531,2,"ifeval_min30",2,3,2,3,0.05,2.81709963758476,0,0,0,0,0,0,0,0,0
179,1,10,1500,2000,21272531,2,"ifeval_min30",2,3,2,3,0.05,2.13139862893149,0,0,0,0,0,0,0,0,0
180,1,10,1500,2000,21272531,2,"ifeval_min30",2,3,2,3,0.05,2.5309539292939,0,0,0,0,0,0,0,0,0
181,1,10,1500,2000,21272531,2,"ifeval_min30",2,3,2,3,0.05,2.06624737917446,0,0,0,0,0,0,0,0,0
182,1,10,1500,2000,21272531,2,"ifeval_min30",2,3,2,3,0.05,2.66388306370936,0,0,0,0,0,0,0,0,0
183,1,10,1500,2000,21272531,2,"ifeval_min30",2,3,2,3,0.05,2.71099840919487,0,0,0,0,0,-2.62122300709598,0,0,0
184,1,10,1500,2000,21272531,2,"ifeval_min30",2,3,2,3,0.05,2.39658186049201,0,0,0,0,0,0,0,0,0
185,1,10,1500,2000,21272531,2,"ifeval_min30",2,3,2,3,0.05,2.56230927444994,0,0,0,0,0,0,0,0,0
186,1,10,1500,2000,21272531,2,"ifeval_min30",2,3,2,3,0.05,2.12198195257224,0,0,0,0,0,0,0,0,0
187,1,10,1500,2000,21272531,2,"ifeval_min30",2,3,2,3,0.05,2.01004930539057,0,2.33722923556343,0,-2.74353978852741,0,0,0,0,0
188,1,10,1500,2000,21272531,2,"ifeval_min30",2,3,2,3,0.05,2.2680331969168,0,0,0,0,0,2.27268917113543,0,0,0
189,1,10,1500,2000,21272531,2,"ifeval_min30",2,3,2,3,0.05,2.81877695396543,0,0,0,0,-2.77490958361886,0,0,0,0
190,1,10,1500,2000,21272531,2,"ifeval_min30",2,3,2,3,0.05,2.81897758925334,0,0,-2.58678356092423,0,0,0,0,0,0
191,1,10,1500,2000,21272531,2,"ifeval_min30",2,3,2,3,0.05,2.21506496635266,0,0,0,0,0,0,0,0,0
192,1,10,1500,2000,21272531,2,"ifeval_min30",2,3,2,3,0.05,2.88192554237321,0,0,0,0,0,0,0,0,0
193,1,10,1500,2000,21272531,2,"ifeval_min30",2,3,2,3,0.05,2.12041895324364,0,0,0,0,0,0,0,0,0
194,1,10,1500,2000,21272531,2,"ifeval_min30",2,3,2,3,0.05,2.79576938715763,0,0,0,0,0,0,0,0,0
195,1,10,1500,2000,21272531,2,"ifeval_min30",2,3,2,3,0.05,2.75438531883992,0,0,0,0,0,0,0,0,0
196,1,10,1500,2000,21272531,2,"ifeval_min30",2,3,2,3,0.05,2.25226878677495,0,0,0,0,0,0,0,0,-2.37044114922173
197,1,10,1500,2000,21272531,2,"ifeval_min30",2,3,2,3,0.05,2.91729788458906,0,0,0,0,0,0,0,0,0
198,1,10,1500,2000,21272531,2,"ifeval_min30",2,3,2,3,0.05,2.38321159197949,0,0,0,0,0,0,0,0,0
199,1,10,1500,2000,21272531,2,"ifeval_min30",2,3,2,3,0.05,2.78291331999935,-2.14217265066691,0,0,0,0,0,0,0,0
200,1,10,1500,2000,21272531,2,"ifeval_min30",2,3,2,3,0.05,2.20671035908163,0,0,0,0,0,0,0,0,0
201,1,10,1500,2000,21272531,2,"ifeval_min30",2,3,2,3,0.05,2.73486173409037,0,0,0,0,2.82818589056842,0,-2.44193487963639,0,0
202,1,10,1500,2000,21272531,2,"ifeval_min30",2,3,2,3,0.05,2.16586006921716,0,0,0,0,0,0,-2.82723320042714,2.1243994391989,0
203,1,10,1500,2000,21272531,2,"ifeval_min30",2,3,2,3,0.05,2.17462098109536,0,0,0,0,0,0,0,0,0
204,1,10,1500,2000,21272531,2,"ifeval_min30",2,3,2,3,0.05,2.48268231051043,2.80447608837858,0,0,0,0,0,0,0,0
205,1,10,1500,2000,21272531,2,"ifeval_min30",2,3,2,3,0.05,2.74355414230376,0,0,0,0,0,0,0,0,0
206,1,10,1500,2000,21272531,2,"ifeval_min30",2,3,2,3,0.05,2.40492428420112,0,0,2.40731426049024,0,0,0,0,0,0
207,1,10,1500,2000,21272531,2,"ifeval_min30",2,3,2,3,0.05,2.05454859370366,0,0,0,-2.61960634891875,0,0,0,-2.1677225693129,0
208,1,10,1500,2000,21272531,2,"ifeval_min30",2,3,2,3,0.05,2.98606882081367,0,0,0,0,0,0,0,0,0
209,1,10,1500,2000,21272531,2,"ifeval_min30",2,3,2,3,0.05,2.71829594415613,0,0,0,0,0,0,0,0,0
210,1,10,1500,2000,21272531,2,"ifeval_min30",2,3,2,3,0.05,2.29190518660471,0,0,0,0,0,0,0,0,0
211,1,10,1500,2000,21272531,2,"ifeval_min30",2,3,2,3,0.05,2.4354876934085,0,0,0,0,0,0,0,0,0
212,1,10,1500,2000,21272531,2,"ifeval_min30",2,3,2,3,0.05,2.58794048661366,0,0,0,0,0,0,0,0,0
213,1,10,1500,2000,21272531,2,"ifeval_min30",2,3,2,3,0.05,2.98175116977654,0,0,0,0,0,0,0,0,0
214,1,10,1500,2000,21272531,2,"ifeval_min30",2,3,2,3,0.05,2.06370284617878,0,0,0,0,0,0,0,-2.11100478819571,0
215,1,10,1500,2000,21272531,2,"ifeval_min30",2,3,2,3,0.05,2.71706169866957,0,0,0,0,0,0,0,0,0
216,1,10,1500,2000,21272531,2,"ifeval_min30",2,3,2,3,0.05,2.50907920231111,0,0,0,0,0,0,0,0,0
217,1,10,1500,2000,21272531,2,"ifeval_min30",2,3,2,3,0.05,2.06110228854232,0,0,0,0,0,0,0,0,0
218,1,10,1500,2000,21272531,2,"ifeval_min30",2,3,2,3,0.05,2.54508904065005,0,0,0,0,0,0,0,0,-2.76457680109888
219,1,10,1500,2000,21272531,2,"ifeval_min30",2,3,2,3,0.05,2.77881876402535,0,0,0,0,0,0,0,0,0
220,1,10,1500,2000,21272531,2,"ifeval_min30",2,3,2,3,0.05,2.07747484790161,0,0,0,0,0,0,0,0,0
221,1,10,1500,2000,21272531,2,"ifeval_min30",2,3,2,3,0.05,2.75200373865664,0,0,0,0,0,0,0,0,0
222,1,10,1500,2000,21272531,2,"ifeval_min30",2,3,2,3,0.05,2.63889671862125,0,0,0,0,0,0,0,0,0
223,1,10,1500,2000,21272531,2,"ifeval_min30",2,3,2,3,0.05,2.59813226852566,0,0,0,0,0,0,0,0,0
224,1,10,1500,2000,21272531,2,"ifeval_min30",2,3,2,3,0.05,2.95689396001399,0,0,0,0,0,0,0,0,-2.5409783187788
225,1,10,1500,2000,21272531,2,"ifeval_min30",2,3,2,3,0.05,2.02925550378859,-2.34932606620714,0,0,0,0,0,0,0,0
226,1,10,1500,2000,21272531,2,"ifeval_min30",2,3,2,3,0.05,2.97647348069586,0,0,0,0,0,0,0,0,0
227,1,10,1500,2000,21272531,2,"ifeval_min30",2,3,2,3,0.05,2.69062736770138,0,0,0,0,0,0,0,0,0
228,1,10,1500,2000,21272531,2,"ifeval_min30",2,3,2,3,0.05,2.72877568216063,0,0,0,0,0,0,0,0,0
229,1,10,1500,2000,21272531,2,"ifeval_min30",2,3,2,3,0.05,2.25859973416664,0,0,0,-2.14441476599313,0,0,0,0,0
230,1,10,1500,2000,21272531,2,"ifeval_min30",2,3,2,3,0.05,2.68141325493343,0,0,0,0,0,0,0,-2.99855500389822,0
231,1,10,1500,2000,21272531,2,"ifeval_min30",2,3,2,3,0.05,2.3103786688298,0,2.58608370926231,0,0,0,0,0,0,0
232,1,10,1500,2000,21272531,2,"ifeval_min30",2,3,2,3,0.05,2.17033705068752,0,0,0,0,0,0,0,0,0
233,1,10,1500,2000,21272531,2,"ifeval_min30",2,3,2,3,0.05,2.98549032001756,0,0,0,0,0,0,0,0,0
234,1,10,1500,2000,21272531,2,"ifeval_min30",2,3,2,3,0.05,2.52499233977869,0,0,0,0,0,0,0,0,-2.45496535743587
235,1,10,1500,2000,21272531,2,"ifeval_min30",2,3,2,3,0.05,2.24668125552125,0,0,0,0,0,0,0,0,0
236,1,10,1500,2000,21272531,2,"ifeval_min30",2,3,2,3,0.05,2.95315637276508,0,0,0,0,0,0,0,0,0
237,1,10,1500,2000,21272531,2,"ifeval_min30",2,3,2,3,0.05,2.25009713415056,0,0,0,0,0,0,0,2.01009299908765,0
238,1,10,1500,2000,21272531,2,"ifeval_min30",2,3,2,3,0.05,2.08718624012545,0,0,0,0,0,0,0,0,0
239,1,10,1500,2000,21272531,2,"ifeval_min30",2,3,2,3,0.05,2.6076569526922,0,0,0,0,0,0,0,0,0
240,1,10,1500,2000,21272531,2,"ifeval_min30",2,3,2,3,0.05,2.50970079307444,0,0,0,0,0,0,0,0,0
241,1,10,1500,2000,21272531,2,"ifeval_min30",2,3,2,3,0.05,2.45816622185521,0,0,0,0,0,0,0,0,0
242,1,10,1500,2000,21272531,2,"ifeval_min30",2,3,2,3,0.05,2.10330963600427,0,0,0,0,0,0,0,0,0
243,1,10,1500,2000,21272531,2,"ifeval_min30",2,3,2,3,0.05,2.34014446474612,0,0,0,0,0,0,0,0,0
244,1,10,1500,2000,21272531,2,"ifeval_min30",2,3,2,3,0.05,2.22123100445606,0,0,0,0,0,0,0,0,0
245,1,10,1500,2000,21272531,2,"ifeval_min30",2,3,2,3,0.05,2.46248908457346,0,0,0,0,0,0,0,0,0
246,1,10,1500,2000,21272531,2,"ifeval_min30",2,3,2,3,0.05,2.89371256227605,0,0,0,0,0,0,0,0,0
247,1,10,1500,2000,21272531,2,"ifeval_min30",2,3,2,3,0.05,2.08967382623814,0,0,0,0,0,0,0,0,0
248,1,10,1500,2000,21272531,2,"ifeval_min30",2,3,2,3,0.05,2.74262023856863,0,0,0,0,0,0,0,0,0
249,1,10,1500,2000,21272531,2,"ifeval_min30",2,3,2,3,0.05,2.83112348383293,0,0,0,0,0,0,0,0,0
250,1,10,1500,2000,21272531,2,"ifeval_min30",2,3,2,3,0.05,2.86365928407758,0,0,0,0,0,0,0,0,0
251,1,10,1500,2000,21272531,2,"ifeval_min30",2,3,2,3,0.05,2.87516456656158,0,2.55396582721733,0,0,0,0,0,0,0
252,1,10,1500,2000,21272531,2,"ifeval_min30",2,3,2,3,0.05,2.7066507851705,0,0,0,0,0,0,0,0,0
253,1,10,1500,2000,21272531,2,"ifeval_min30",2,3,2,3,0.05,2.26047294260934,0,0,0,0,0,0,0,0,0
254,1,10,1500,2000,21272531,2,"ifeval_min30",2,3,2,3,0.05,2.57406235486269,0,0,0,0,0,2.52680888795294,0,0,0
255,1,10,1500,2000,21272531,2,"ifeval_min30",2,3,2,3,0.05,2.38585952227004,0,0,0,0,0,0,0,0,0
256,1,10,1500,2000,21272531,2,"ifeval_min30",2,3,2,3,0.05,2.18205424281769,0,0,0,0,0,0,0,0,0
257,1,10,1500,2000,21272531,2,"ifeval_min30",2,3,2,3,0.05,2.47684603836387,0,0,0,0,0,0,0,-2.76470945961773,0
258,1,10,1500,2000,21272531,2,"ifeval_min30",2,3,2,3,0.05,2.75443043094128,0,0,0,0,0,0,0,0,0
259,1,10,1500,2000,21272531,2,"ifeval_min30",2,3,2,3,0.05,2.71520124445669,0,0,0,0,0,0,0,0,0
260,1,10,1500,2000,21272531,2,"ifeval_min30",2,3,2,3,0.05,2.40111482376233,0,0,0,0,0,0,0,0,0
261,1,10,1500,2000,21272531,2,"ifeval_min30",2,3,2,3,0.05,2.6594125488773,0,0,-2.78344194381498,0,0,0,0,0,0
262,1,10,1500,2000,21272531,2,"ifeval_min30",2,3,2,3,0.05,2.00553310429677,0,0,0,0,0,0,0,0,0
263,1,10,1500,2000,21272531,2,"ifeval_min30",2,3,2,3,0.05,2.77218762901612,0,0,2.72464153100736,0,0,0,0,0,0
264,1,10,1500,2000,21272531,2,"ifeval_min30",2,3,2,3,0.05,2.41757506108843,0,0,0,0,0,0,0,0,0
265,1,10,1500,2000,21272531,2,"ifeval_min30",2,3,2,3,0.05,2.44396205688827,0,0,0,0,0,0,0,0,-2.02032154961489
266,1,10,1500,2000,21272531,2,"ifeval_min30",2,3,2,3,0.05,2.48393344669603,0,0,0,0,0,0,0,0,0
267,1,10,1500,2000,21272531,2,"ifeval_min30",2,3,2,3,0.05,2.77036056062207,0,2.85634712828323,0,0,0,0,0,0,0
268,1,10,1500,2000,21272531,2,"ifeval_min30",2,3,2,3,0.05,2.85132052539848,0,0,0,0,0,0,0,0,0
269,1,10,1500,2000,21272531,2,"ifeval_min30",2,3,2,3,0.05,2.14967434760183,0,0,0,0,0,0,0,2.3934210925363,0
270,1,10,1500,2000,21272531,2,"ifeval_min30",2,3,2,3,0.05,2.73849846981466,0,0,0,2.54674096917734,0,0,0,0,0
271,1,10,1500,2000,21272531,2,"ifeval_min30",2,3,2,3,0.05,2.65718176751398,0,0,0,0,0,0,0,0,0
272,1,10,1500,2000,21272531,2,"ifeval_min30",2,3,2,3,0.05,2.69214680488221,0,0,0,0,-2.83483870117925,0,0,0,0
273,1,10,1500,2000,21272531,2,"ifeval_min30",2,3,2,3,0.05,2.03467371943407,0,0,0,0,0,0,0,0,0
274,1,10,1500,2000,21272531,2,"ifeval_min30",2,3,2,3,0.05,2.92632834217511,0,0,0,0,0,0,0,0,0
275,1,10,1500,2000,21272531,2,"ifeval_min30",2,3,2,3,0.05,2.51802435470745,0,0,0,0,0,0,0,0,0
276,1,10,1500,2000,21272531,2,"ifeval_min30",2,3,2,3,0.05,2.01355199841782,0,0,0,0,0,0,0,0,0
277,1,10,1500,2000,21272531,2,"ifeval_min30",2,3,2,3,0.05,2.97009504912421,0,0,0,0,0,0,0,0,0
278,1,10,1500,2000,21272531,2,"ifeval_min30",2,3,2,3,0.05,2.05416589556262,0,0,0,0,-2.79769301740453,0,0,0,0
279,1,10,1500,2000,21272531,2,"ifeval_min30",2,3,2,3,0.05,2.7336395252496,0,0,0,-2.71057809772901,0,0,0,0,0
280,1,10,1500,2000,21272531,2,"ifeval_min30",2,3,2,3,0.05,2.97772750421427,0,-2.81581785460003,0,0,0,0,0,0,0
281,1,10,1500,2000,21272531,2,"ifeval_min30",2,3,2,3,0.05,2.10961283626966,0,0,0,0,0,-2.89904772676528,-2.37744325166568,0,0
282,1,10,1500,2000,21272531,2,"ifeval_min30",2,3,2,3,0.05,2.95721334288828,0,0,0,0,0,0,0,0,0
283,1,10,1500,2000,21272531,2,"ifeval_min30",2,3,2,3,0.05,2.05737576750107,0,0,0,0,0,0,0,0,0
284,1,10,1500,2000,21272531,2,"ifeval_min30",2,3,2,3,0.05,2.29353222670034,0,-2.24031307222322,0,0,0,0,0,0,0
285,1,10,1500,2000,21272531,2,"ifeval_min30",2,3,2,3,0.05,2.73702428932302,0,0,0,0,0,0,0,0,0
286,1,10,1500,2000,21272531,2,"ifeval_min30",2,3,2,3,0.05,2.02378619113006,0,0,0,0,0,0,0,0,0
287,1,10,1500,2000,21272531,2,"ifeval_min30",2,3,2,3,0.05,2.21727252192795,-2.23241601721384,0,0,0,0,0,0,0,0
288,1,10,1500,2000,21272531,2,"ifeval_min30",2,3,2,3,0.05,2.80402734107338,0,0,0,0,-2.37792528420687,0,0,0,0
289,1,10,1500,2000,21272531,2,"ifeval_min30",2,3,2,3,0.05,2.16272212541662,0,0,0,-2.01063268212602,0,0,0,0,0
290,1,10,1500,2000,21272531,2,"ifeval_min30",2,3,2,3,0.05,2.75038168975152,0,0,0,0,0,0,0,0,0
291,1,10,1500,2000,21272531,2,"ifeval_min30",2,3,2,3,0.05,2.46954903937876,0,0,0,0,0,0,0,0,0
292,1,10,1500,2000,21272531,2,"ifeval_min30",2,3,2,3,0.05,2.80394776584581,0,0,0,0,0,0,0,0,0
293,1,10,1500,2000,21272531,2,"ifeval_min30",2,3,2,3,0.05,2.80090765515342,0,0,0,0,0,0,0,0,0
294,1,10,1500,2000,21272531,2,"ifeval_min30",2,3,2,3,0.05,2.78384178783745,0,0,0,0,0,0,0,0,0
295,1,10,1500,2000,21272531,2,"ifeval_min30",2,3,2,3,0.05,2.16300777881406,0,0,0,0,0,0,0,0,0
296,1,10,1500,2000,21272531,2,"ifeval_min30",2,3,2,3,0.05,2.22488574311137,0,0,0,0,0,0,0,0,-2.30644728057086
297,1,10,1500,2000,21272531,2,"ifeval_min30",2,3,2,3,0.05,2.15058280201629,0,0,0,0,0,0,0,0,0
298,1,10,1500,2000,21272531,2,"ifeval_min30",2,3,2,3,0.05,2.61073068110272,0,0,0,0,0,0,0,0,0
299,1,10,1500,2000,21272531,2,"ifeval_min30",2,3,2,3,0.05,2.80937200807966,0,0,0,0,0,0,2.17974511953071,0,0
300,1,10,1500,2000,21272531,2,"ifeval_min30",2,3,2,3,0.05,2.15713492361829,0,0,0,0,0,0,0,0,0
301,1,10,1500,2000,21272531,2,"ifeval_min30",2,3,2,3,0.05,2.11515837162733,2.72901728725992,0,0,0,0,2.22490574256517,0,0,0
302,1,10,1500,2000,21272531,2,"ifeval_min30",2,3,2,3,0.05,2.38930900627747,0,0,0,0,0,0,0,0,0
303,1,10,1500,2000,21272531,2,"ifeval_min30",2,3,2,3,0.05,2.21401916025206,0,0,0,0,-2.68301451252773,0,0,0,0
304,1,10,1500,2000,21272531,2,"ifeval_min30",2,3,2,3,0.05,2.76855316967703,0,0,0,0,-2.15967363398522,0,0,0,0
305,1,10,1500,2000,21272531,2,"ifeval_min30",2,3,2,3,0.05,2.78756232140586,0,0,0,0,0,0,0,0,0
306,1,10,1500,2000,21272531,2,"ifeval_min30",2,3,2,3,0.05,2.18146001943387,-2.41543033020571,0,0,0,0,0,0,0,0
307,1,10,1500,2000,21272531,2,"ifeval_min30",2,3,2,3,0.05,2.9561558845453,0,0,0,0,0,0,0,0,0
308,1,10,1500,2000,21272531,2,"ifeval_min30",2,3,2,3,0.05,2.99665942997672,0,0,0,0,0,0,0,0,0
309,1,10,1500,2000,21272531,2,"ifeval_min30",2,3,2,3,0.05,2.93057770840824,0,0,0,0,0,0,0,0,0
310,1,10,1500,2000,21272531,2,"ifeval_min30",2,3,2,3,0.05,2.10382475052029,0,0,0,0,0,0,0,0,0
311,1,10,1500,2000,21272531,2,"ifeval_min30",2,3,2,3,0.05,2.03755981847644,0,0,0,0,0,0,0,0,0
312,1,10,1500,2000,21272531,2,"ifeval_min30",2,3,2,3,0.05,2.56506762001663,0,0,0,0,0,0,0,0,0
313,1,10,1500,2000,21272531,2,"ifeval_min30",2,3,2,3,0.05,2.6402869601734,0,0,0,0,0,0,0,0,0
314,1,10,1500,2000,21272531,2,"ifeval_min30",2,3,2,3,0.05,2.6462238507811,0,0,0,0,0,0,0,0,0
315,1,10,1500,2000,21272531,2,"ifeval_min30",2,3,2,3,0.05,2.32642229273915,0,0,0,2.54156304197386,0,0,-2.14777159621008,0,0
316,1,10,1500,2000,21272531,2,"ifeval_min30",2,3,2,3,0.05,2.73032850772142,0,0,0,0,0,0,0,0,0
317,1,10,1500,2000,21272531,2,"ifeval_min30",2,3,2,3,0.05,2.14017745526507,0,0,0,0,0,0,0,0,0
318,1,10,1500,2000,21272531,2,"ifeval_min30",2,3,2,3,0.05,2.63606760674156,0,0,0,0,0,0,0,0,0
319,1,10,1500,2000,21272531,2,"ifeval_min30",2,3,2,3,0.05,2.08941845223308,0,0,0,0,0,0,0,0,0
320,1,10,1500,2000,21272531,2,"ifeval_min30",2,3,2,3,0.05,2.8892579281237,0,0,0,2.31453521759249,0,0,0,0,0
321,1,10,1500,2000,21272531,2,"ifeval_min30",2,3,2,3,0.05,2.40222829394042,0,0,0,0,0,0,0,0,0
322,1,10,1500,2000,21272531,2,"ifeval_min30",2,3,2,3,0.05,2.494345479412,0,0,0,0,0,0,0,0,0
323,1,10,1500,2000,21272531,2,"ifeval_min30",2,3,2,3,0.05,2.45673261699267,0,0,0,0,0,0,0,0,0
324,1,10,1500,2000,21272531,2,"ifeval_min30",2,3,2,3,0.05,2.84460526239127,0,0,0,0,0,0,0,0,0
325,1,10,1500,2000,21272531,2,"ifeval_min30",2,3,2,3,0.05,2.36164100142196,0,0,0,0,0,0,0,0,0
326,1,10,1500,2000,21272531,2,"ifeval_min30",2,3,2,3,0.05,2.38215070823207,0,0,0,0,0,0,0,0,0
327,1,10,1500,2000,21272531,2,"ifeval_min30",2,3,2,3,0.05,2.1676510265097,0,0,0,0,0,0,0,0,0
328,1,10,1500,2000,21272531,2,"ifeval_min30",2,3,2,3,0.05,2.3446899629198,0,0,0,0,0,0,0,0,0
329,1,10,1500,2000,21272531,2,"ifeval_min30",2,3,2,3,0.05,2.11861782241613,0,0,0,-2.27190038189292,0,0,0,0,0
330,1,10,1500,2000,21272531,2,"ifeval_min30",2,3,2,3,0.05,2.13590845279396,0,0,0,0,0,0,0,0,0
331,1,10,1500,2000,21272531,2,"ifeval_min30",2,3,2,3,0.05,2.29447085270658,0,0,0,0,-2.42325238836929,0,0,0,0
332,1,10,1500,2000,21272531,2,"ifeval_min30",2,3,2,3,0.05,2.08234280976467,0,0,2.9020924216602,0,0,0,0,0,0
333,1,10,1500,2000,21272531,2,"ifeval_min30",2,3,2,3,0.05,2.32747479341924,0,0,0,0,0,0,0,0,0
334,1,10,1500,2000,21272531,2,"ifeval_min30",2,3,2,3,0.05,2.83960014209151,0,0,0,0,0,0,0,0,0
335,1,10,1500,2000,21272531,2,"ifeval_min30",2,3,2,3,0.05,2.97398652159609,0,0,0,0,0,0,0,0,0
336,1,10,1500,2000,21272531,2,"ifeval_min30",2,3,2,3,0.05,2.20781278796494,2.04657623753883,0,0,0,0,0,0,0,0
337,1,10,1500,2000,21272531,2,"ifeval_min30",2,3,2,3,0.05,2.70755570824258,0,0,0,0,0,0,0,0,0
338,1,10,1500,2000,21272531,2,"ifeval_min30",2,3,2,3,0.05,2.44718709168956,0,0,0,0,0,0,0,0,0
339,1,10,1500,2000,21272531,2,"ifeval_min30",2,3,2,3,0.05,2.46289889956824,0,2.12499454873614,0,0,0,0,0,0,0
340,1,10,1500,2000,21272531,2,"ifeval_min30",2,3,2,3,0.05,2.3237819399219,0,0,0,0,0,0,0,0,0
341,1,10,1500,2000,21272531,2,"ifeval_min30",2,3,2,3,0.05,2.66544645978138,0,0,0,0,0,0,0,0,0
342,1,10,1500,2000,21272531,2,"ifeval_min30",2,3,2,3,0.05,2.08740269136615,0,0,0,0,0,0,0,0,-2.9984166091308
343,1,10,1500,2000,21272531,2,"ifeval_min30",2,3,2,3,0.05,2.0276068886742,0,0,0,0,0,0,0,0,0
344,1,10,1500,2000,21272531,2,"ifeval_min30",2,3,2,3,0.05,2.47131268610246,0,0,0,0,0,0,0,-2.73829288082197,0
345,1,10,1500,2000,21272531,2,"ifeval_min30",2,3,2,3,0.05,2.98233223520219,0,0,0,0,0,0,0,0,2.30639471742325
346,1,10,1500,2000,21272531,2,"ifeval_min30",2,3,2,3,0.05,2.24588765925728,0,0,0,0,0,0,0,0,0
347,1,10,1500,2000,21272531,2,"ifeval_min30",2,3,2,3,0.05,2.8825809659902,0,0,0,2.18924380326644,0,0,0,0,0
348,1,10,1500,2000,21272531,2,"ifeval_min30",2,3,2,3,0.05,2.77307899831794,0,2.16138019389473,0,0,0,0,0,2.8477332033217,0
349,1,10,1500,2000,21272531,2,"ifeval_min30",2,3,2,3,0.05,2.22380412579514,0,0,0,0,0,0,0,0,0
350,1,10,1500,2000,21272531,2,"ifeval_min30",2,3,2,3,0.05,2.03642020840198,0,0,0,0,0,0,0,0,2.10350588406436
351,1,10,1500,2000,21272531,2,"ifeval_min30",2,3,2,3,0.05,2.81757375970483,-2.63074688846245,0,0,0,0,0,0,0,0
352,1,10,1500,2000,21272531,2,"ifeval_min30",2,3,2,3,0.05,2.31285891355947,0,0,0,0,0,0,0,-2.72762720147148,0
353,1,10,1500,2000,21272531,2,"ifeval_min30",2,3,2,3,0.05,2.35982380225323,0,0,0,0,0,0,0,0,-2.04374783788808
354,1,10,1500,2000,21272531,2,"ifeval_min30",2,3,2,3,0.05,2.58597699296661,0,0,0,0,0,0,0,0,0
355,1,10,1500,2000,21272531,2,"ifeval_min30",2,3,2,3,0.05,2.56384934601374,0,0,0,0,0,0,0,0,0
356,1,10,1500,2000,21272531,2,"ifeval_min30",2,3,2,3,0.05,2.91959484666586,0,0,0,0,-2.40579608571716,0,0,0,0
357,1,10,1500,2000,21272531,2,"ifeval_min30",2,3,2,3,0.05,2.96164359571412,0,0,0,0,0,0,0,0,0
358,1,10,1500,2000,21272531,2,"ifeval_min30",2,3,2,3,0.05,2.61993183521554,0,0,0,0,0,0,0,0,0
359,1,10,1500,2000,21272531,2,"ifeval_min30",2,3,2,3,0.05,2.85767162474804,0,-2.01020780671388,0,0,0,0,0,0,0
360,1,10,1500,2000,21272531,2,"ifeval_min30",2,3,2,3,0.05,2.77629826380871,0,0,0,0,0,0,0,0,0
361,1,10,1500,2000,21272531,2,"ifeval_min30",2,3,2,3,0.05,2.98599488008767,0,0,0,0,0,0,0,0,0
362,1,10,1500,2000,21272531,2,"ifeval_min30",2,3,2,3,0.05,2.5949892278295,0,0,0,0,0,0,0,0,0
363,1,10,1500,2000,21272531,2,"ifeval_min30",2,3,2,3,0.05,2.46697786170989,0,0,0,0,0,0,0,0,0
364,1,10,1500,2000,21272531,2,"ifeval_min30",2,3,2,3,0.05,2.88500551437028,0,0,0,0,0,0,0,0,0
365,1,10,1500,2000,21272531,2,"ifeval_min30",2,3,2,3,0.05,2.03393169934861,0,0,0,0,0,0,0,0,0
366,1,10,1500,2000,21272531,2,"ifeval_min30",2,3,2,3,0.05,2.75911814207211,-2.16882054880261,0,0,0,0,0,2.49757632287219,0,0
367,1,10,1500,2000,21272531,2,"ifeval_min30",2,3,2,3,0.05,2.67509058793075,0,0,0,0,0,0,0,0,0
368,1,10,1500,2000,21272531,2,"ifeval_min30",2,3,2,3,0.05,2.29715617955662,0,0,0,0,0,0,0,0,0
369,1,10,1500,2000,21272531,2,"ifeval_min30",2,3,2,3,0.05,2.63970127236098,0,0,0,0,0,0,0,0,0
370,1,10,1500,2000,21272531,2,"ifeval_min30",2,3,2,3,0.05,2.80256280954927,0,0,0,0,0,0,0,-2.2946506710723,0
371,1,10,1500,2000,21272531,2,"ifeval_min30",2,3,2,3,0.05,2.25129975168966,0,0,0,0,0,0,0,0,0
372,1,10,1500,2000,21272531,2,"ifeval_min30",2,3,2,3,0.05,2.88088284549303,0,0,0,0,0,0,0,0,0
373,1,10,1500,2000,21272531,2,"ifeval_min30",2,3,2,3,0.05,2.07561363908462,0,0,0,0,0,0,0,0,0
374,1,10,1500,2000,21272531,2,"ifeval_min30",2,3,2,3,0.05,2.19673923985101,0,0,0,0,0,0,0,0,0
375,1,10,1500,2000,21272531,2,"ifeval_min30",2,3,2,3,0.05,2.04869655845687,0,0,0,0,0,0,0,0,0
376,1,10,1500,2000,21272531,2,"ifeval_min30",2,3,2,3,0.05,2.98737790226005,0,0,0,0,-2.00997398863547,0,0,0,0
377,1,10,1500,2000,21272531,2,"ifeval_min30",2,3,2,3,0.05,2.5924164513126,0,0,0,-2.97296031960286,-2.11509261839092,0,0,0,0
378,1,10,1500,2000,21272531,2,"ifeval_min30",2,3,2,3,0.05,2.34445668640547,0,0,0,0,0,0,0,0,0
379,1,10,1500,2000,21272531,2,"ifeval_min30",2,3,2,3,0.05,2.10141619155183,0,0,0,0,-2.81460048118606,0,0,0,0
380,1,10,1500,2000,21272531,2,"ifeval_min30",2,3,2,3,0.05,2.62709070369601,0,0,0,0,0,0,0,0,0
381,1,10,1500,2000,21272531,2,"ifeval_min30",2,3,2,3,0.05,2.99843533546664,0,0,0,0,0,0,0,0,0
382,1,10,1500,2000,21272531,2,"ifeval_min30",2,3,2,3,0.05,2.07786024431698,0,0,0,0,0,0,0,0,0
383,1,10,1500,2000,21272531,2,"ifeval_min30",2,3,2,3,0.05,2.06498657283373,0,0,0,0,2.5886715054512,0,0,0,0
384,1,10,1500,2000,21272531,2,"ifeval_min30",2,3,2,3,0.05,2.4311812533997,0,0,0,0,0,0,-2.3917078373488,0,0
385,1,10,1500,2000,21272531,2,"ifeval_min30",2,3,2,3,0.05,2.53087416477501,0,0,0,0,0,0,-2.00728544988669,0,0
386,1,10,1500,2000,21272531,2,"ifeval_min30",2,3,2,3,0.05,2.74113332247362,0,0,0,0,0,0,0,0,0
387,1,10,1500,2000,21272531,2,"ifeval_min30",2,3,2,3,0.05,2.17638740199618,0,0,0,0,0,0,0,0,0
388,1,10,1500,2000,21272531,2,"ifeval_min30",2,3,2,3,0.05,2.85290157981217,0,-2.13415267691016,0,0,0,0,0,0,0
389,1,10,1500,2000,21272531,2,"ifeval_min30",2,3,2,3,0.05,2.00518399546854,0,0,0,0,0,-2.91624211706221,0,0,-2.61305412487127
390,1,10,1500,2000,21272531,2,"ifeval_min30",2,3,2,3,0.05,2.27496633725241,0,0,0,0,0,0,0,0,0
391,1,10,1500,2000,21272531,2,"ifeval_min30",2,3,2,3,0.05,2.1643508633133,0,0,0,0,0,0,0,0,0
392,1,10,1500,2000,21272531,2,"ifeval_min30",2,3,2,3,0.05,2.9273198582232,0,0,0,0,0,0,0,0,0
393,1,10,1500,2000,21272531,2,"ifeval_min30",2,3,2,3,0.05,2.06637065904215,0,0,0,0,0,0,0,-2.53751928126439,0
394,1,10,1500,2000,21272531,2,"ifeval_min30",2,3,2,3,0.05,2.92294191010296,0,0,0,0,0,0,0,0,0
395,1,10,1500,2000,21272531,2,"ifeval_min30",2,3,2,3,0.05,2.60167461633682,0,0,0,0,0,0,0,0,0
396,1,10,1500,2000,21272531,2,"ifeval_min30",2,3,2,3,0.05,2.26207403396256,0,0,0,0,0,0,0,0,0
397,1,10,1500,2000,21272531,2,"ifeval_min30",2,3,2,3,0.05,2.65735458256677,0,0,0,0,0,-2.69748853822239,0,0,0
398,1,10,1500,2000,21272531,2,"ifeval_min30",2,3,2,3,0.05,2.89830394578166,0,0,0,0,0,0,0,0,0
399,1,10,1500,2000,21272531,2,"ifeval_min30",2,3,2,3,0.05,2.92460451368243,0,0,0,0,0,0,0,0,0
400,1,10,1500,2000,21272531,2,"ifeval_min30",2,3,2,3,0.05,2.03080730256625,0,0,0,0,0,0,0,0,0
401,1,10,1500,2000,21272531,2,"ifeval_min30",2,3,2,3,0.05,2.05620815325528,0,0,0,0,0,0,0,0,0
402,1,10,1500,2000,21272531,2,"ifeval_min30",2,3,2,3,0.05,2.12680341210216,0,0,0,0,-2.07265537977219,0,0,0,0
403,1,10,1500,2000,21272531,2,"ifeval_min30",2,3,2,3,0.05,2.95028543146327,0,0,0,0,0,0,0,0,0
404,1,10,1500,2000,21272531,2,"ifeval_min30",2,3,2,3,0.05,2.48147683311254,0,0,0,0,0,0,0,0,0
405,1,10,1500,2000,21272531,2,"ifeval_min30",2,3,2,3,0.05,2.45571731193922,0,0,0,0,0,0,0,0,0
406,1,10,1500,2000,21272531,2,"ifeval_min30",2,3,2,3,0.05,2.2046288298443,2.63493102020584,0,0,0,0,0,0,0,0
407,1,10,1500,2000,21272531,2,"ifeval_min30",2,3,2,3,0.05,2.84362902236171,0,0,0,0,0,0,0,0,0
408,1,10,1500,2000,21272531,2,"ifeval_min30",2,3,2,3,0.05,2.9876032974571,0,0,0,0,0,0,0,0,0
409,1,10,1500,2000,21272531,2,"ifeval_min30",2,3,2,3,0.05,2.28329510195181,0,0,0,0,0,0,0,0,0
410,1,10,1500,2000,21272531,2,"ifeval_min30",2,3,2,3,0.05,2.96269542165101,0,0,0,0,0,0,0,0,0
411,1,10,1500,2000,21272531,2,"ifeval_min30",2,3,2,3,0.05,2.88637645798735,0,0,0,0,0,0,0,0,0
412,1,10,1500,2000,21272531,2,"ifeval_min30",2,3,2,3,0.05,2.80315537704155,0,0,0,0,2.77719311905093,0,0,0,0
413,1,10,1500,2000,21272531,2,"ifeval_min30",2,3,2,3,0.05,2.41377273667604,0,0,0,0,0,0,0,0,0
414,1,10,1500,2000,21272531,2,"ifeval_min30",2,3,2,3,0.05,2.02944009238854,0,0,0,0,0,0,0,0,0
415,1,10,1500,2000,21272531,2,"ifeval_min30",2,3,2,3,0.05,2.83258301275782,0,0,0,0,0,0,0,0,0
416,1,10,1500,2000,21272531,2,"ifeval_min30",2,3,2,3,0.05,2.74288918683305,0,0,0,0,0,-2.43509062053636,0,0,0
417,1,10,1500,2000,21272531,2,"ifeval_min30",2,3,2,3,0.05,2.5756300042849,0,0,2.62474170676433,0,0,0,0,0,0
418,1,10,1500,2000,21272531,2,"ifeval_min30",2,3,2,3,0.05,2.48534548305906,0,0,0,0,0,0,0,0,0
419,1,10,1500,2000,21272531,2,"ifeval_min30",2,3,2,3,0.05,2.91351123992354,0,0,0,0,0,0,0,0,0
420,1,10,1500,2000,21272531,2,"ifeval_min30",2,3,2,3,0.05,2.759790642187,0,0,0,0,0,0,0,0,0
421,1,10,1500,2000,21272531,2,"ifeval_min30",2,3,2,3,0.05,2.5076881791465,-2.75523412041366,0,0,0,0,0,0,0,0
422,1,10,1500,2000,21272531,2,"ifeval_min30",2,3,2,3,0.05,2.61373264319263,0,0,0,0,0,0,0,0,0
423,1,10,1500,2000,21272531,2,"ifeval_min30",2,3,2,3,0.05,2.3367069887463,0,0,0,0,0,0,0,0,0
424,1,10,1500,2000,21272531,2,"ifeval_min30",2,3,2,3,0.05,2.41968785063364,0,0,0,0,0,0,-2.05526114953682,0,0
425,1,10,1500,2000,21272531,2,"ifeval_min30",2,3,2,3,0.05,2.2808339598123,0,0,0,0,0,0,0,0,0
426,1,10,1500,2000,21272531,2,"ifeval_min30",2,3,2,3,0.05,2.30455696000718,0,-2.82652747514658,0,0,0,0,0,-2.22661068802699,0
427,1,10,1500,2000,21272531,2,"ifeval_min30",2,3,2,3,0.05,2.73318684659898,0,0,0,0,0,0,0,0,0
428,1,10,1500,2000,21272531,2,"ifeval_min30",2,3,2,3,0.05,2.15713277761824,0,0,0,0,0,0,0,0,0
429,1,10,1500,2000,21272531,2,"ifeval_min30",2,3,2,3,0.05,2.90773447253741,0,0,0,0,0,0,0,-2.82707682088949,0
430,1,10,1500,2000,21272531,2,"ifeval_min30",2,3,2,3,0.05,2.90774612082168,0,0,0,0,0,0,0,0,0
431,1,10,1500,2000,21272531,2,"ifeval_min30",2,3,2,3,0.05,2.58773783873767,0,0,0,0,0,0,0,0,0
432,1,10,1500,2000,21272531,2,"ifeval_min30",2,3,2,3,0.05,2.53310092492029,0,0,0,0,0,0,0,2.26944051263854,0
433,1,10,1500,2000,21272531,2,"ifeval_min30",2,3,2,3,0.05,2.77410792629234,0,0,0,0,0,0,0,0,0
434,1,10,1500,2000,21272531,2,"ifeval_min30",2,3,2,3,0.05,2.66374898701906,0,0,0,0,0,0,0,0,0
435,1,10,1500,2000,21272531,2,"ifeval_min30",2,3,2,3,0.05,2.27641813387163,0,0,0,0,0,0,0,0,0
436,1,10,1500,2000,21272531,2,"ifeval_min30",2,3,2,3,0.05,2.23481056862511,0,0,0,0,0,0,2.8408075182233,0,0
437,1,10,1500,2000,21272531,2,"ifeval_min30",2,3,2,3,0.05,2.48456605453975,0,0,0,0,0,0,0,0,0
438,1,10,1500,2000,21272531,2,"ifeval_min30",2,3,2,3,0.05,2.49126023822464,0,0,0,0,0,0,0,2.36603579064831,0
439,1,10,1500,2000,21272531,2,"ifeval_min30",2,3,2,3,0.05,2.793697983725,0,0,0,0,0,0,0,0,0
440,1,10,1500,2000,21272531,2,"ifeval_min30",2,3,2,3,0.05,2.17089383141138,0,0,0,0,0,0,0,0,0
441,1,10,1500,2000,21272531,2,"ifeval_min30",2,3,2,3,0.05,2.54246120434254,0,0,2.59222325356677,0,0,0,0,0,-2.36430127429776
442,1,10,1500,2000,21272531,2,"ifeval_min30",2,3,2,3,0.05,2.24065071414225,0,0,0,0,0,0,0,0,0
443,1,10,1500,2000,21272531,2,"ifeval_min30",2,3,2,3,0.05,2.03606856730767,0,0,0,0,0,0,0,0,0
444,1,10,1500,2000,21272531,2,"ifeval_min30",2,3,2,3,0.05,2.15144896158017,0,0,2.17279567359947,0,0,0,0,0,0
445,1,10,1500,2000,21272531,2,"ifeval_min30",2,3,2,3,0.05,2.14212564239278,0,0,0,0,0,0,0,0,0
446,1,10,1500,2000,21272531,2,"ifeval_min30",2,3,2,3,0.05,2.18403537617996,-2.04591760621406,0,0,0,0,0,0,0,0
447,1,10,1500,2000,21272531,2,"ifeval_min30",2,3,2,3,0.05,2.59285108349286,0,0,0,0,0,0,0,0,0
448,1,10,1500,2000,21272531,2,"ifeval_min30",2,3,2,3,0.05,2.81043492793106,0,0,0,0,0,0,0,0,0
449,1,10,1500,2000,21272531,2,"ifeval_min30",2,3,2,3,0.05,2.93106275377795,0,0,0,0,-2.98344956780784,0,0,0,0
450,1,10,1500,2000,21272531,2,"ifeval_min30",2,3,2,3,0.05,2.11450973479077,0,0,0,0,0,0,0,0,0
451,1,10,1500,2000,21272531,2,"ifeval_min30",2,3,2,3,0.05,2.81609977618791,0,0,0,0,0,0,0,0,0
452,1,10,1500,2000,21272531,2,"ifeval_min30",2,3,2,3,0.05,2.4348783986643,0,0,0,0,0,0,0,2.38351164548658,0
453,1,10,1500,2000,21272531,2,"ifeval_min30",2,3,2,3,0.05,2.8857782993,0,0,0,0,0,0,0,0,-2.6063045640476
454,1,10,1500,2000,21272531,2,"ifeval_min30",2,3,2,3,0.05,2.85492837592028,0,0,0,0,0,0,0,0,0
455,1,10,1500,2000,21272531,2,"ifeval_min30",2,3,2,3,0.05,2.05121890339069,0,0,0,0,0,0,0,0,0
456,1,10,1500,2000,21272531,2,"ifeval_min30",2,3,2,3,0.05,2.86088962294161,0,0,0,0,0,0,0,0,0
457,1,10,1500,2000,21272531,2,"ifeval_min30",2,3,2,3,0.05,2.67591312713921,0,0,0,0,0,0,0,0,0
458,1,10,1500,2000,21272531,2,"ifeval_min30",2,3,2,3,0.05,2.76660569966771,0,0,0,0,0,0,0,0,0
459,1,10,1500,2000,21272531,2,"ifeval_min30",2,3,2,3,0.05,2.74329472146928,0,0,0,0,0,0,0,0,0
460,1,10,1500,2000,21272531,2,"ifeval_min30",2,3,2,3,0.05,2.87604143260978,0,2.23445121804252,0,2.08224725024775,0,0,0,-2.70574460714124,0
461,1,10,1500,2000,21272531,2,"ifeval_min30",2,3,2,3,0.05,2.44138206075877,0,0,0,0,0,0,0,0,0
462,1,10,1500,2000,21272531,2,"ifeval_min30",2,3,2,3,0.05,2.10870461561717,-2.11278418242,0,2.27416975074448,0,0,0,0,0,0
463,1,10,1500,2000,21272531,2,"ifeval_min30",2,3,2,3,0.05,2.58252543373965,0,0,0,0,0,0,0,0,0
464,1,10,1500,2000,21272531,2,"ifeval_min30",2,3,2,3,0.05,2.16589466831647,0,0,0,0,0,0,0,0,0
465,1,10,1500,2000,21272531,2,"ifeval_min30",2,3,2,3,0.05,2.02014654502273,0,0,0,0,0,0,0,0,0
466,1,10,1500,2000,21272531,2,"ifeval_min30",2,3,2,3,0.05,2.55502914846875,0,0,0,0,0,0,-2.85821614274755,0,0
467,1,10,1500,2000,21272531,2,"ifeval_min30",2,3,2,3,0.05,2.75462967110798,0,0,0,0,0,0,-2.62627216987312,2.00539993052371,0
468,1,10,1500,2000,21272531,2,"ifeval_min30",2,3,2,3,0.05,2.81576474802569,0,0,0,0,-2.50149505166337,0,0,0,-2.55483449622989
469,1,10,1500,2000,21272531,2,"ifeval_min30",2,3,2,3,0.05,2.9427489459049,0,0,-2.57540822029114,0,0,0,0,0,0
470,1,10,1500,2000,21272531,2,"ifeval_min30",2,3,2,3,0.05,2.76024685753509,0,0,0,0,0,0,0,0,0
471,1,10,1500,2000,21272531,2,"ifeval_min30",2,3,2,3,0.05,2.80258528888226,0,0,0,0,0,0,0,0,0
472,1,10,1500,2000,21272531,2,"ifeval_min30",2,3,2,3,0.05,2.32844884437509,0,0,0,0,0,0,0,0,0
473,1,10,1500,2000,21272531,2,"ifeval_min30",2,3,2,3,0.05,2.5207257727161,0,0,0,0,0,0,0,0,0
474,1,10,1500,2000,21272531,2,"ifeval_min30",2,3,2,3,0.05,2.7567862845026,2.73938366724178,0,0,0,0,0,0,0,0
475,1,10,1500,2000,21272531,2,"ifeval_min30",2,3,2,3,0.05,2.38051711814478,0,0,0,0,0,0,0,0,0
476,1,10,1500,2000,21272531,2,"ifeval_min30",2,3,2,3,0.05,2.95409926958382,0,2.48752715811133,0,0,0,0,0,0,0
477,1,10,1500,2000,21272531,2,"ifeval_min30",2,3,2,3,0.05,2.00978545751423,0,0,0,0,0,-2.0149339477066,0,0,0
478,1,10,1500,2000,21272531,2,"ifeval_min30",2,3,2,3,0.05,2.74464564281516,0,0,0,0,0,0,0,0,0
479,1,10,1500,2000,21272531,2,"ifeval_min30",2,3,2,3,0.05,2.06147811748087,0,0,2.74794831243344,0,0,0,0,0,0
480,1,10,1500,2000,21272531,2,"ifeval_min30",2,3,2,3,0.05,2.21830165316351,0,0,0,0,0,0,0,0,0
481,1,10,1500,2000,21272531,2,"ifeval_min30",2,3,2,3,0.05,2.76789062819444,0,0,0,0,0,0,0,0,0
482,1,10,1500,2000,21272531,2,"ifeval_min30",2,3,2,3,0.05,2.53282302734442,0,0,0,0,0,0,0,0,2.19947471492924
483,1,10,1500,2000,21272531,2,"ifeval_min30",2,3,2,3,0.05,2.65994005906396,0,0,0,0,0,0,2.32891190238297,0,0
484,1,10,1500,2000,21272531,2,"ifeval_min30",2,3,2,3,0.05,2.18460892816074,0,0,0,0,0,0,0,0,0
485,1,10,1500,2000,21272531,2,"ifeval_min30",2,3,2,3,0.05,2.24855484743603,0,0,0,0,0,-2.39965809765272,0,0,0
486,1,10,1500,2000,21272531,2,"ifeval_min30",2,3,2,3,0.05,2.2076152942609,0,0,0,0,0,0,2.50497822230682,0,0
487,1,10,1500,2000,21272531,2,"ifeval_min30",2,3,2,3,0.05,2.85821828409098,0,0,0,0,0,0,0,0,0
488,1,10,1500,2000,21272531,2,"ifeval_min30",2,3,2,3,0.05,2.16887609404512,0,0,0,0,0,0,0,0,0
489,1,10,1500,2000,21272531,2,"ifeval_min30",2,3,2,3,0.05,2.628048786195,0,0,0,0,0,0,0,0,0
490,1,10,1500,2000,21272531,2,"ifeval_min30",2,3,2,3,0.05,2.07898813439533,0,0,0,0,0,0,0,0,0
491,1,10,1500,2000,21272531,2,"ifeval_min30",2,3,2,3,0.05,2.1253915654961,0,0,0,0,0,-2.02452050684951,0,0,0
492,1,10,1500,2000,21272531,2,"ifeval_min30",2,3,2,3,0.05,2.40725947031751,0,0,0,0,0,0,0,0,0
493,1,10,1500,2000,21272531,2,"ifeval_min30",2,3,2,3,0.05,2.61992395156994,0,0,0,0,0,0,0,0,0
494,1,10,1500,2000,21272531,2,"ifeval_min30",2,3,2,3,0.05,2.41984958504327,0,0,0,0,0,0,0,0,0
495,1,10,1500,2000,21272531,2,"ifeval_min30",2,3,2,3,0.05,2.12165765278041,0,0,0,0,0,0,0,0,0
496,1,10,1500,2000,21272531,2,"ifeval_min30",2,3,2,3,0.05,2.86549359001219,0,0,0,0,0,0,0,0,0
497,1,10,1500,2000,21272531,2,"ifeval_min30",2,3,2,3,0.05,2.24218341335654,0,0,0,0,0,0,0,0,0
498,1,10,1500,2000,21272531,2,"ifeval_min30",2,3,2,3,0.05,2.19020855356939,0,0,0,0,0,0,0,0,0
499,1,10,1500,2000,21272531,2,"ifeval_min30",2,3,2,3,0.05,2.49022563989274,0,0,0,0,0,0,0,0,0
500,1,10,1500,2000,21272531,2,"ifeval_min30",2,3,2,3,0.05,2.29663566453382,0,0,0,0,0,0,0,0,0
501,1,10,1500,2000,21272531,2,"ifeval_min30",2,3,2,3,0.05,2.17566637997515,0,0,0,0,0,0,0,0,0
502,1,10,1500,2000,21272531,2,"ifeval_min30",2,3,2,3,0.05,2.49139911914244,0,0,0,0,0,0,0,0,0
503,1,10,1500,2000,21272531,2,"ifeval_min30",2,3,2,3,0.05,2.46835028287023,0,0,0,0,0,0,-2.53431368828751,0,0
504,1,10,1500,2000,21272531,2,"ifeval_min30",2,3,2,3,0.05,2.76478628674522,0,0,0,0,0,0,0,0,0
505,1,10,1500,2000,21272531,2,"ifeval_min30",2,3,2,3,0.05,2.65099523542449,0,0,0,0,0,0,0,0,0
506,1,10,1500,2000,21272531,2,"ifeval_min30",2,3,2,3,0.05,2.84699784987606,0,0,0,0,0,0,0,0,0
507,1,10,1500,2000,21272531,2,"ifeval_min30",2,3,2,3,0.05,2.19943046197295,2.71373242256232,0,0,0,0,0,0,0,0
508,1,10,1500,2000,21272531,2,"ifeval_min30",2,3,2,3,0.05,2.36021725973114,-2.47850232594647,0,0,0,0,0,0,0,0
509,1,10,1500,2000,21272531,2,"ifeval_min30",2,3,2,3,0.05,2.81999412341975,0,0,0,0,0,-2.5107372275088,0,0,0
510,1,10,1500,2000,21272531,2,"ifeval_min30",2,3,2,3,0.05,2.94651262671687,0,0,0,0,0,0,2.59363347268663,0,2.77269801381044
511,1,10,1500,2000,21272531,2,"ifeval_min30",2,3,2,3,0.05,2.53451643255539,0,0,0,0,0,0,0,0,0
512,1,10,1500,2000,21272531,2,"ifeval_min30",2,3,2,3,0.05,2.48540817177854,0,0,0,0,0,0,0,0,0
513,1,10,1500,2000,21272531,2,"ifeval_min30",2,3,2,3,0.05,2.39586820360273,0,0,0,0,0,0,0,0,-2.67189708910882
514,1,10,1500,2000,21272531,2,"ifeval_min30",2,3,2,3,0.05,2.51519837439992,0,0,0,0,0,-2.56985294399783,0,0,0
515,1,10,1500,2000,21272531,2,"ifeval_min30",2,3,2,3,0.05,2.64990924601443,0,0,0,0,0,0,0,0,0
516,1,10,1500,2000,21272531,2,"ifeval_min30",2,3,2,3,0.05,2.26317497179843,0,0,0,0,0,0,0,0,0
517,1,10,1500,2000,21272531,2,"ifeval_min30",2,3,2,3,0.05,2.8977496959269,0,0,0,0,-2.57660136418417,0,0,0,0
518,1,10,1500,2000,21272531,2,"ifeval_min30",2,3,2,3,0.05,2.49846661929041,0,0,0,-2.2458293705713,0,0,0,0,0
519,1,10,1500,2000,21272531,2,"ifeval_min30",2,3,2,3,0.05,2.76772879459895,0,0,0,0,0,0,0,0,0
520,1,10,1500,2000,21272531,2,"ifeval_min30",2,3,2,3,0.05,2.56132439058274,2.51046365126967,0,0,2.42765083583072,0,0,0,0,0
521,1,10,1500,2000,21272531,2,"ifeval_min30",2,3,2,3,0.05,2.30536703951657,0,0,0,0,0,0,0,0,0
522,1,10,1500,2000,21272531,2,"ifeval_min30",2,3,2,3,0.05,2.98446480417624,0,0,0,0,-2.76613250351511,0,0,0,0
523,1,10,1500,2000,21272531,2,"ifeval_min30",2,3,2,3,0.05,2.03654394322075,0,0,0,0,0,0,0,0,0
524,1,10,1500,2000,21272531,2,"ifeval_min30",2,3,2,3,0.05,2.5332694533281,0,0,0,0,0,2.3977974599693,0,0,0
525,1,10,1500,2000,21272531,2,"ifeval_min30",2,3,2,3,0.05,2.99666557181627,0,0,0,0,0,0,0,2.98430616944097,0
526,1,10,1500,2000,21272531,2,"ifeval_min30",2,3,2,3,0.05,2.37739231041633,0,0,0,0,0,0,0,0,0
527,1,10,1500,2000,21272531,2,"ifeval_min30",2,3,2,3,0.05,2.29926426731981,0,0,0,-2.99977267137729,0,0,0,0,0
528,1,10,1500,2000,21272531,2,"ifeval_min30",2,3,2,3,0.05,2.1863837945275,0,0,0,0,0,0,0,0,0
529,1,10,1500,2000,21272531,2,"ifeval_min30",2,3,2,3,0.05,2.44351695221849,0,0,0,0,0,0,0,0,0
530,1,10,1500,2000,21272531,2,"ifeval_min30",2,3,2,3,0.05,2.05322705372237,0,-2.56175237055868,0,0,0,0,0,0,0
531,1,10,1500,2000,21272531,2,"ifeval_min30",2,3,2,3,0.05,2.36195705924183,0,0,0,0,0,-2.57443632977083,0,0,0
532,1,10,1500,2000,21272531,2,"ifeval_min30",2,3,2,3,0.05,2.30092105572112,0,0,0,0,0,0,0,0,0
533,1,10,1500,2000,21272531,2,"ifeval_min30",2,3,2,3,0.05,2.10781487403437,0,0,0,0,0,0,0,0,0
534,1,10,1500,2000,21272531,2,"ifeval_min30",2,3,2,3,0.05,2.59004726656713,0,0,0,0,0,0,0,0,0
535,1,10,1500,2000,21272531,2,"ifeval_min30",2,3,2,3,0.05,2.510321744252,0,0,0,0,0,0,0,0,0
536,1,10,1500,2000,21272531,2,"ifeval_min30",2,3,2,3,0.05,2.03897437499836,0,0,0,0,2.44624430662952,0,0,0,0
537,2,10,1500,2000,21272531,2,"ifeval_min30",2,3,2,3,0.05,2.4964467487298,2.75947337178513,0,0,0,0,0,0,0,0
538,2,10,1500,2000,21272531,2,"ifeval_min30",2,3,2,3,0.05,0,2.98149018827826,0,0,2.98101546382532,0,0,0,0,0
539,2,10,1500,2000,21272531,2,"ifeval_min30",2,3,2,3,0.05,0,2.00868167332374,0,0,0,0,0,0,0,0
540,2,10,1500,2000,21272531,2,"ifeval_min30",2,3,2,3,0.05,0,2.24238976743072,0,0,0,0,0,0,0,0
541,2,10,1500,2000,21272531,2,"ifeval_min30",2,3,2,3,0.05,0,2.25934342085384,0,0,0,0,0,0,0,0
542,2,10,1500,2000,21272531,2,"ifeval_min30",2,3,2,3,0.05,0,2.53214682079852,0,0,0,0,0,0,0,0
543,2,10,1500,2000,21272531,2,"ifeval_min30",2,3,2,3,0.05,0,2.89329136372544,0,0,0,0,0,0,0,0
544,2,10,1500,2000,21272531,2,"ifeval_min30",2,3,2,3,0.05,0,2.73144848411903,0,0,0,0,0,0,0,0
545,2,10,1500,2000,21272531,2,"ifeval_min30",2,3,2,3,0.05,0,2.48437857092358,0,0,0,0,0,0,0,0
546,2,10,1500,2000,21272531,2,"ifeval_min30",2,3,2,3,0.05,0,2.98504861071706,0,0,0,0,0,2.588167660404,0,0
547,2,10,1500,2000,21272531,2,"ifeval_min30",2,3,2,3,0.05,0,2.54708788380958,0,0,0,0,0,0,0,0
548,2,10,1500,2000,21272531,2,"ifeval_min30",2,3,2,3,0.05,0,2.27070231596008,0,0,2.36393316229805,0,0,0,0,0
549,2,10,1500,2000,21272531,2,"ifeval_min30",2,3,2,3,0.05,0,2.83209782559425,0,0,0,0,0,0,0,0
550,2,10,1500,2000,21272531,2,"ifeval_min30",2,3,2,3,0.05,0,2.33062600856647,0,0,0,0,0,0,0,0
551,2,10,1500,2000,21272531,2,"ifeval_min30",2,3,2,3,0.05,0,2.97708253888413,0,0,0,0,0,0,0,0
552,2,10,1500,2000,21272531,2,"ifeval_min30",2,3,2,3,0.05,0,2.95916480198503,0,0,0,0,0,0,0,0
553,2,10,1500,2000,21272531,2,"ifeval_min30",2,3,2,3,0.05,0,2.90106209740043,0,0,0,0,0,0,0,0
554,2,10,1500,2000,21272531,2,"ifeval_min30",2,3,2,3,0.05,0,2.00182068231516,0,0,0,-2.81363773113117,0,0,0,0
555,2,10,1500,2000,21272531,2,"ifeval_min30",2,3,2,3,0.05,0,2.96252668905072,0,0,0,0,0,0,0,0
556,2,10,1500,2000,21272531,2,"ifeval_min30",2,3,2,3,0.05,0,2.09274784754962,0,0,0,0,0,0,0,2.3705611852929
557,2,10,1500,2000,21272531,2,"ifeval_min30",2,3,2,3,0.05,0,2.32332733087242,0,0,0,0,0,0,0,0
558,2,10,1500,2000,21272531,2,"ifeval_min30",2,3,2,3,0.05,0,2.95581331895664,0,0,0,0,0,0,0,0
559,2,10,1500,2000,21272531,2,"ifeval_min30",2,3,2,3,0.05,0,2.01950804167427,0,0,0,0,0,0,0,0
560,2,10,1500,2000,21272531,2,"ifeval_min30",2,3,2,3,0.05,0,2.81507054925896,0,0,0,0,0,0,0,0
561,2,10,1500,2000,21272531,2,"ifeval_min30",2,3,2,3,0.05,0,2.1813729708083,0,0,2.03924807207659,0,0,0,0,0
562,2,10,1500,2000,21272531,2,"ifeval_min30",2,3,2,3,0.05,0,2.99355443753302,0,0,0,0,0,0,0,0
563,2,10,1500,2000,21272531,2,"ifeval_min30",2,3,2,3,0.05,0,2.85438895295374,0,0,0,-2.2013813527301,0,0,0,2.1398268120829
564,2,10,1500,2000,21272531,2,"ifeval_min30",2,3,2,3,0.05,0,2.77401271183044,2.10578251467086,0,0,0,0,0,0,0
565,2,10,1500,2000,21272531,2,"ifeval_min30",2,3,2,3,0.05,0,2.17237005615607,0,0,0,0,0,0,0,0
566,2,10,1500,2000,21272531,2,"ifeval_min30",2,3,2,3,0.05,0,2.05977193429135,0,0,0,0,0,0,0,0
567,2,10,1500,2000,21272531,2,"ifeval_min30",2,3,2,3,0.05,0,2.5376428226009,0,0,0,0,0,0,0,0
568,2,10,1500,2000,21272531,2,"ifeval_min30",2,3,2,3,0.05,0,2.35583958169445,0,0,-2.76405232236721,0,0,0,-2.49201385583729,0
569,2,10,1500,2000,21272531,2,"ifeval_min30",2,3,2,3,0.05,0,2.96166125498712,0,0,0,0,0,0,0,0
570,2,10,1500,2000,21272531,2,"ifeval_min30",2,3,2,3,0.05,0,2.80731793656014,0,0,0,0,2.59275551023893,0,0,0
571,2,10,1500,2000,21272531,2,"ifeval_min30",2,3,2,3,0.05,0,2.8249121629633,0,0,0,0,0,0,0,0
572,2,10,1500,2000,21272531,2,"ifeval_min30",2,3,2,3,0.05,0,2.59239012026228,0,0,0,0,0,0,0,0
573,2,10,1500,2000,21272531,2,"ifeval_min30",2,3,2,3,0.05,0,2.73367515020072,0,0,0,0,0,0,0,2.4444586916361
574,2,10,1500,2000,21272531,2,"ifeval_min30",2,3,2,3,0.05,0,2.76882655196823,0,0,0,2.02458963845856,0,0,0,2.49581257277168
575,2,10,1500,2000,21272531,2,"ifeval_min30",2,3,2,3,0.05,0,2.97850260441191,0,0,0,0,0,0,0,0
576,2,10,1500,2000,21272531,2,"ifeval_min30",2,3,2,3,0.05,0,2.71322038234212,0,0,0,0,0,0,0,0
577,2,10,1500,2000,21272531,2,"ifeval_min30",2,3,2,3,0.05,0,2.03240569145419,0,0,0,0,0,0,0,0
578,2,10,1500,2000,21272531,2,"ifeval_min30",2,3,2,3,0.05,0,2.75108919362538,0,0,0,-2.70538657950237,0,2.90549331251532,0,0
579,2,10,1500,2000,21272531,2,"ifeval_min30",2,3,2,3,0.05,0,2.76607003202662,0,0,0,0,0,0,0,0
580,2,10,1500,2000,21272531,2,"ifeval_min30",2,3,2,3,0.05,0,2.17550804954953,0,0,0,0,0,0,0,0
581,2,10,1500,2000,21272531,2,"ifeval_min30",2,3,2,3,0.05,0,2.11117072356865,-2.60035404143855,0,0,0,0,0,0,0
582,2,10,1500,2000,21272531,2,"ifeval_min30",2,3,2,3,0.05,0,2.30585118988529,0,0,0,0,0,0,0,0
583,2,10,1500,2000,21272531,2,"ifeval_min30",2,3,2,3,0.05,0,2.5573689090088,0,0,0,0,0,0,2.53999582980759,0
584,2,10,1500,2000,21272531,2,"ifeval_min30",2,3,2,3,0.05,0,2.59417543350719,0,0,0,0,0,2.06480961153284,0,0
585,2,10,1500,2000,21272531,2,"ifeval_min30",2,3,2,3,0.05,0,2.04079129896127,0,0,0,0,0,0,0,0
586,2,10,1500,2000,21272531,2,"ifeval_min30",2,3,2,3,0.05,0,2.37368824332952,0,0,-2.46250454499386,0,0,0,0,0
587,2,10,1500,2000,21272531,2,"ifeval_min30",2,3,2,3,0.05,0,2.88522695982829,0,0,0,0,0,0,2.65542894788086,0
588,2,10,1500,2000,21272531,2,"ifeval_min30",2,3,2,3,0.05,-2.21064523048699,2.25975740258582,0,0,0,0,0,0,0,0
589,2,10,1500,2000,21272531,2,"ifeval_min30",2,3,2,3,0.05,0,2.66430001473054,0,0,0,0,0,0,0,0
590,2,10,1500,2000,21272531,2,"ifeval_min30",2,3,2,3,0.05,0,2.69614638318308,0,2.67745333211496,0,2.50301292701624,0,0,-2.88720735651441,0
591,2,10,1500,2000,21272531,2,"ifeval_min30",2,3,2,3,0.05,0,2.85789190651849,2.55266889883205,0,0,0,0,0,0,0
592,2,10,1500,2000,21272531,2,"ifeval_min30",2,3,2,3,0.05,0,2.98136804788373,0,0,0,0,0,0,0,0
593,2,10,1500,2000,21272531,2,"ifeval_min30",2,3,2,3,0.05,0,2.58725745300762,0,0,0,0,0,0,0,0
594,2,10,1500,2000,21272531,2,"ifeval_min30",2,3,2,3,0.05,0,2.44573589414358,-2.74356837105006,0,0,0,0,0,0,0
595,2,10,1500,2000,21272531,2,"ifeval_min30",2,3,2,3,0.05,0,2.92173457588069,0,0,0,0,0,0,0,0
596,2,10,1500,2000,21272531,2,"ifeval_min30",2,3,2,3,0.05,0,2.89947384921834,0,0,0,0,0,0,0,0
597,2,10,1500,2000,21272531,2,"ifeval_min30",2,3,2,3,0.05,0,2.32489219564013,0,0,0,0,0,0,0,0
598,2,10,1500,2000,21272531,2,"ifeval_min30",2,3,2,3,0.05,0,2.18107904866338,0,0,0,0,0,0,0,0
599,2,10,1500,2000,21272531,2,"ifeval_min30",2,3,2,3,0.05,0,2.68836686946452,0,0,0,-2.95854089199565,0,0,0,0
600,2,10,1500,2000,21272531,2,"ifeval_min30",2,3,2,3,0.05,0,2.50710642593913,0,0,0,0,0,0,0,0
601,2,10,1500,2000,21272531,2,"ifeval_min30",2,3,2,3,0.05,0,2.61557751637883,0,0,0,0,0,0,0,0
602,2,10,1500,2000,21272531,2,"ifeval_min30",2,3,2,3,0.05,0,2.02501908293925,0,0,0,2.35388619475998,0,0,0,0
603,2,10,1500,2000,21272531,2,"ifeval_min30",2,3,2,3,0.05,0,2.89458913868293,0,0,0,0,0,0,0,0
604,2,10,1500,2000,21272531,2,"ifeval_min30",2,3,2,3,0.05,0,2.21287393430248,0,0,0,0,0,0,0,0
605,2,10,1500,2000,21272531,2,"ifeval_min30",2,3,2,3,0.05,0,2.21907630399801,0,0,0,0,2.1648351920303,0,0,0
606,2,10,1500,2000,21272531,2,"ifeval_min30",2,3,2,3,0.05,0,2.63426879956387,0,0,0,0,0,0,0,-2.90719327540137
607,2,10,1500,2000,21272531,2,"ifeval_min30",2,3,2,3,0.05,0,2.85144529538229,0,0,0,0,0,0,0,-2.75760836456902
608,2,10,1500,2000,21272531,2,"ifeval_min30",2,3,2,3,0.05,0,2.64274677308276,0,0,0,0,0,0,0,0
609,2,10,1500,2000,21272531,2,"ifeval_min30",2,3,2,3,0.05,2.98654894111678,2.98048733337782,0,0,0,0,0,0,0,0
610,2,10,1500,2000,21272531,2,"ifeval_min30",2,3,2,3,0.05,0,2.01496151741594,0,0,0,0,0,0,0,0
611,2,10,1500,2000,21272531,2,"ifeval_min30",2,3,2,3,0.05,0,2.57877464173362,0,0,-2.17329731932841,2.91007505217567,0,0,0,0
612,2,10,1500,2000,21272531,2,"ifeval_min30",2,3,2,3,0.05,0,2.91509297746234,0,0,0,0,0,-2.15966331586242,0,0
613,2,10,1500,2000,21272531,2,"ifeval_min30",2,3,2,3,0.05,0,2.14454932441004,0,0,0,0,0,0,0,0
614,2,10,1500,2000,21272531,2,"ifeval_min30",2,3,2,3,0.05,0,2.45493497396819,0,0,0,0,0,0,0,0
615,2,10,1500,2000,21272531,2,"ifeval_min30",2,3,2,3,0.05,0,2.10023553739302,0,0,0,0,0,0,0,0
616,2,10,1500,2000,21272531,2,"ifeval_min30",2,3,2,3,0.05,0,2.25770670431666,0,0,0,0,0,0,0,0
617,2,10,1500,2000,21272531,2,"ifeval_min30",2,3,2,3,0.05,0,2.69687513168901,0,0,0,0,2.03350783186033,0,0,0
618,2,10,1500,2000,21272531,2,"ifeval_min30",2,3,2,3,0.05,-2.47564608324319,2.60838464298286,0,0,0,0,0,0,0,0
619,2,10,1500,2000,21272531,2,"ifeval_min30",2,3,2,3,0.05,0,2.58501222729683,0,0,0,0,0,0,0,0
620,2,10,1500,2000,21272531,2,"ifeval_min30",2,3,2,3,0.05,0,2.73108721082099,0,0,0,0,0,0,0,0
621,2,10,1500,2000,21272531,2,"ifeval_min30",2,3,2,3,0.05,0,2.80786730838008,0,0,0,0,2.80712140025571,0,0,0
622,2,10,1500,2000,21272531,2,"ifeval_min30",2,3,2,3,0.05,0,2.77461219392717,0,0,0,0,0,0,0,0
623,2,10,1500,2000,21272531,2,"ifeval_min30",2,3,2,3,0.05,0,2.216154740192,0,0,0,0,0,0,0,0
624,2,10,1500,2000,21272531,2,"ifeval_min30",2,3,2,3,0.05,0,2.91297006467357,0,0,0,0,0,0,0,0
625,2,10,1500,2000,21272531,2,"ifeval_min30",2,3,2,3,0.05,0,2.47487533395179,0,0,0,0,0,0,0,0
626,2,10,1500,2000,21272531,2,"ifeval_min30",2,3,2,3,0.05,0,2.9212247801479,0,0,0,0,0,0,0,0
627,2,10,1500,2000,21272531,2,"ifeval_min30",2,3,2,3,0.05,0,2.01992174657062,0,-2.09658472053707,0,0,0,0,0,0
628,2,10,1500,2000,21272531,2,"ifeval_min30",2,3,2,3,0.05,-2.12534084171057,2.3027738109231,0,0,0,0,0,0,0,0
629,2,10,1500,2000,21272531,2,"ifeval_min30",2,3,2,3,0.05,0,2.66917039314285,0,0,0,0,0,0,0,0
630,2,10,1500,2000,21272531,2,"ifeval_min30",2,3,2,3,0.05,0,2.70012459438294,0,0,0,0,0,0,0,0
631,2,10,1500,2000,21272531,2,"ifeval_min30",2,3,2,3,0.05,0,2.845899655018,0,2.04261522111483,0,2.9624570151791,0,0,0,0
632,2,10,1500,2000,21272531,2,"ifeval_min30",2,3,2,3,0.05,0,2.13472455972806,0,0,0,0,-2.45621187752113,0,0,0
633,2,10,1500,2000,21272531,2,"ifeval_min30",2,3,2,3,0.05,0,2.28983009327203,0,0,0,0,0,0,0,0
634,2,10,1500,2000,21272531,2,"ifeval_min30",2,3,2,3,0.05,0,2.68068892206065,0,0,0,0,0,-2.18186370679177,0,0
635,2,10,1500,2000,21272531,2,"ifeval_min30",2,3,2,3,0.05,0,2.63131192582659,0,-2.15269377618097,0,0,0,0,0,0
636,2,10,1500,2000,21272531,2,"ifeval_min30",2,3,2,3,0.05,0,2.6828034305945,0,0,0,2.2946365904063,0,0,0,0
637,2,10,1500,2000,21272531,2,"ifeval_min30",2,3,2,3,0.05,0,2.3435955226887,0,0,0,0,0,0,0,0
638,2,10,1500,2000,21272531,2,"ifeval_min30",2,3,2,3,0.05,0,2.20386120700277,0,-2.37071636901237,0,2.17684465879574,0,0,0,0
639,2,10,1500,2000,21272531,2,"ifeval_min30",2,3,2,3,0.05,0,2.78534758021124,0,0,0,0,0,0,0,0
640,2,10,1500,2000,21272531,2,"ifeval_min30",2,3,2,3,0.05,0,2.77370111667551,0,0,0,0,0,0,0,0
641,2,10,1500,2000,21272531,2,"ifeval_min30",2,3,2,3,0.05,0,2.9366666644346,0,0,0,0,0,0,0,0
642,2,10,1500,2000,21272531,2,"ifeval_min30",2,3,2,3,0.05,0,2.89898045524023,0,0,0,0,0,0,0,0
643,2,10,1500,2000,21272531,2,"ifeval_min30",2,3,2,3,0.05,0,2.8692565294914,0,0,0,0,0,0,0,0
644,2,10,1500,2000,21272531,2,"ifeval_min30",2,3,2,3,0.05,0,2.35178291029297,0,0,0,0,0,0,0,0
645,2,10,1500,2000,21272531,2,"ifeval_min30",2,3,2,3,0.05,0,2.08990929624997,0,0,0,0,0,0,0,0
646,2,10,1500,2000,21272531,2,"ifeval_min30",2,3,2,3,0.05,0,2.85397414700128,0,0,0,0,0,0,0,0
647,2,10,1500,2000,21272531,2,"ifeval_min30",2,3,2,3,0.05,0,2.79414531425573,0,0,0,0,0,0,0,0
648,2,10,1500,2000,21272531,2,"ifeval_min30",2,3,2,3,0.05,0,2.07106730109081,0,0,2.4706906483043,0,-2.1887948892545,0,0,0
649,2,10,1500,2000,21272531,2,"ifeval_min30",2,3,2,3,0.05,-2.25866682897322,2.73115768353455,0,0,0,0,0,0,0,0
650,2,10,1500,2000,21272531,2,"ifeval_min30",2,3,2,3,0.05,0,2.55199616821483,0,0,0,0,0,0,0,0
651,2,10,1500,2000,21272531,2,"ifeval_min30",2,3,2,3,0.05,0,2.52340694074519,0,0,0,0,0,0,0,0
652,2,10,1500,2000,21272531,2,"ifeval_min30",2,3,2,3,0.05,0,2.76731823896989,0,0,0,0,0,0,0,0
653,2,10,1500,2000,21272531,2,"ifeval_min30",2,3,2,3,0.05,0,2.85903597786091,0,0,0,0,0,0,0,0
654,2,10,1500,2000,21272531,2,"ifeval_min30",2,3,2,3,0.05,0,2.91003843490034,0,0,0,0,0,0,0,0
655,2,10,1500,2000,21272531,2,"ifeval_min30",2,3,2,3,0.05,0,2.97531005903147,0,0,0,0,0,0,0,0
656,2,10,1500,2000,21272531,2,"ifeval_min30",2,3,2,3,0.05,0,2.60298700653948,0,0,0,0,0,0,-2.0461164265871,0
657,2,10,1500,2000,21272531,2,"ifeval_min30",2,3,2,3,0.05,0,2.41597183025442,0,0,0,0,0,0,0,0
658,2,10,1500,2000,21272531,2,"ifeval_min30",2,3,2,3,0.05,0,2.12562180566601,0,0,0,0,0,-2.21090030274354,0,0
659,2,10,1500,2000,21272531,2,"ifeval_min30",2,3,2,3,0.05,-2.76343923667446,2.97470158035867,0,0,0,0,0,0,-2.69724549469538,0
660,2,10,1500,2000,21272531,2,"ifeval_min30",2,3,2,3,0.05,0,2.16190574713983,0,0,0,0,0,0,0,0
661,2,10,1500,2000,21272531,2,"ifeval_min30",2,3,2,3,0.05,0,2.72481470787898,0,0,0,0,0,0,0,0
662,2,10,1500,2000,21272531,2,"ifeval_min30",2,3,2,3,0.05,0,2.51740680332296,0,0,0,0,0,0,0,0
663,2,10,1500,2000,21272531,2,"ifeval_min30",2,3,2,3,0.05,0,2.4761766558513,0,0,0,0,0,0,0,0
664,2,10,1500,2000,21272531,2,"ifeval_min30",2,3,2,3,0.05,0,2.21882212394848,0,0,0,0,0,0,0,0
665,2,10,1500,2000,21272531,2,"ifeval_min30",2,3,2,3,0.05,0,2.45089843706228,0,0,0,0,0,0,0,0
666,2,10,1500,2000,21272531,2,"ifeval_min30",2,3,2,3,0.05,0,2.04480506456457,0,0,0,0,0,0,0,0
667,2,10,1500,2000,21272531,2,"ifeval_min30",2,3,2,3,0.05,0,2.89835715922527,0,0,0,0,0,0,0,0
668,2,10,1500,2000,21272531,2,"ifeval_min30",2,3,2,3,0.05,0,2.62025592033751,0,0,0,0,-2.65143639082089,0,0,0
669,2,10,1500,2000,21272531,2,"ifeval_min30",2,3,2,3,0.05,0,2.74105554446578,0,0,0,0,0,0,0,0
670,2,10,1500,2000,21272531,2,"ifeval_min30",2,3,2,3,0.05,0,2.05816651042551,0,0,0,0,0,0,0,0
671,2,10,1500,2000,21272531,2,"ifeval_min30",2,3,2,3,0.05,0,2.59643556806259,0,0,0,0,0,0,0,0
672,2,10,1500,2000,21272531,2,"ifeval_min30",2,3,2,3,0.05,0,2.18211555271409,0,0,-2.90034317993559,0,0,0,0,0
673,2,10,1500,2000,21272531,2,"ifeval_min30",2,3,2,3,0.05,0,2.51112404209562,0,0,0,0,0,0,0,0
674,2,10,1500,2000,21272531,2,"ifeval_min30",2,3,2,3,0.05,0,2.1755093135871,0,0,0,0,0,0,0,0
675,2,10,1500,2000,21272531,2,"ifeval_min30",2,3,2,3,0.05,0,2.86367984837852,0,0,0,-2.7230953075923,0,0,0,0
676,2,10,1500,2000,21272531,2,"ifeval_min30",2,3,2,3,0.05,0,2.79426962858997,0,0,2.48794977297075,0,0,0,0,0
677,2,10,1500,2000,21272531,2,"ifeval_min30",2,3,2,3,0.05,0,2.34513431717642,0,0,0,0,0,0,0,0
678,2,10,1500,2000,21272531,2,"ifeval_min30",2,3,2,3,0.05,0,2.04493343597278,0,0,0,0,0,0,2.17794521292672,0
679,2,10,1500,2000,21272531,2,"ifeval_min30",2,3,2,3,0.05,0,2.60274909692816,0,0,0,0,0,0,-2.12700261641294,0
680,2,10,1500,2000,21272531,2,"ifeval_min30",2,3,2,3,0.05,0,2.68285112897865,0,0,0,0,0,0,0,0
681,2,10,1500,2000,21272531,2,"ifeval_min30",2,3,2,3,0.05,0,2.17192836268805,0,0,0,0,0,0,0,0
682,2,10,1500,2000,21272531,2,"ifeval_min30",2,3,2,3,0.05,0,2.4251035163179,0,0,0,0,0,0,0,0
683,2,10,1500,2000,21272531,2,"ifeval_min30",2,3,2,3,0.05,0,2.11615194892511,0,0,0,2.74899474484846,0,0,0,0
684,2,10,1500,2000,21272531,2,"ifeval_min30",2,3,2,3,0.05,2.37274240399711,2.45816522813402,0,0,0,0,0,0,0,0
685,2,10,1500,2000,21272531,2,"ifeval_min30",2,3,2,3,0.05,0,2.45784739404917,0,0,0,0,0,0,0,0
686,2,10,1500,2000,21272531,2,"ifeval_min30",2,3,2,3,0.05,0,2.58588480832987,0,0,0,0,0,0,0,0
687,2,10,1500,2000,21272531,2,"ifeval_min30",2,3,2,3,0.05,0,2.5876621035859,0,0,0,0,0,2.21864959853701,2.22950639342889,0
688,2,10,1500,2000,21272531,2,"ifeval_min30",2,3,2,3,0.05,-2.51226645265706,2.53760187258013,0,0,0,0,0,0,0,0
689,2,10,1500,2000,21272531,2,"ifeval_min30",2,3,2,3,0.05,0,2.8912315487396,0,0,0,0,0,0,0,0
690,2,10,1500,2000,21272531,2,"ifeval_min30",2,3,2,3,0.05,0,2.02021401561797,0,0,0,0,0,0,-2.8839456231799,0
691,2,10,1500,2000,21272531,2,"ifeval_min30",2,3,2,3,0.05,0,2.09911590022966,0,0,0,0,0,0,0,-2.20454571186565
692,2,10,1500,2000,21272531,2,"ifeval_min30",2,3,2,3,0.05,0,2.72009574598633,-2.68919425364584,0,0,0,0,0,0,2.14810994500294
693,2,10,1500,2000,21272531,2,"ifeval_min30",2,3,2,3,0.05,0,2.56409076205455,0,0,0,0,0,0,0,0
694,2,10,1500,2000,21272531,2,"ifeval_min30",2,3,2,3,0.05,0,2.69753953558393,0,0,0,0,0,0,0,0
695,2,10,1500,2000,21272531,2,"ifeval_min30",2,3,2,3,0.05,0,2.36137319752015,0,0,0,0,0,0,0,0
696,2,10,1500,2000,21272531,2,"ifeval_min30",2,3,2,3,0.05,0,2.13843031320721,0,0,0,0,0,0,0,0
697,2,10,1500,2000,21272531,2,"ifeval_min30",2,3,2,3,0.05,0,2.57762579503469,0,0,0,0,0,0,0,0
698,2,10,1500,2000,21272531,2,"ifeval_min30",2,3,2,3,0.05,0,2.11193991196342,0,-2.41973736230284,0,0,0,0,0,0
699,2,10,1500,2000,21272531,2,"ifeval_min30",2,3,2,3,0.05,0,2.77149854740128,0,0,0,0,-2.63122263248079,0,0,0
700,2,10,1500,2000,21272531,2,"ifeval_min30",2,3,2,3,0.05,0,2.37145013012923,0,0,0,0,0,0,0,0
701,2,10,1500,2000,21272531,2,"ifeval_min30",2,3,2,3,0.05,0,2.61357377539389,0,0,0,0,0,0,0,0
702,2,10,1500,2000,21272531,2,"ifeval_min30",2,3,2,3,0.05,0,2.53976857406087,0,0,0,0,0,0,0,0
703,2,10,1500,2000,21272531,2,"ifeval_min30",2,3,2,3,0.05,0,2.39330125413835,0,0,0,0,0,0,0,2.5360332087148
704,2,10,1500,2000,21272531,2,"ifeval_min30",2,3,2,3,0.05,0,2.44676908943802,0,0,0,0,0,0,0,-2.63255439419299
705,2,10,1500,2000,21272531,2,"ifeval_min30",2,3,2,3,0.05,0,2.62386997533031,0,0,0,0,0,0,0,0
706,2,10,1500,2000,21272531,2,"ifeval_min30",2,3,2,3,0.05,0,2.18871225556359,0,0,0,0,0,0,0,0
707,2,10,1500,2000,21272531,2,"ifeval_min30",2,3,2,3,0.05,0,2.0472540545743,0,0,0,0,0,0,0,0
708,2,10,1500,2000,21272531,2,"ifeval_min30",2,3,2,3,0.05,0,2.58998880418949,0,0,0,0,0,0,0,0
709,2,10,1500,2000,21272531,2,"ifeval_min30",2,3,2,3,0.05,0,2.88200476532802,0,0,0,0,-2.48125981679186,0,0,0
710,2,10,1500,2000,21272531,2,"ifeval_min30",2,3,2,3,0.05,0,2.39934770576656,0,0,0,0,0,0,0,0
711,2,10,1500,2000,21272531,2,"ifeval_min30",2,3,2,3,0.05,0,2.42317591095343,0,0,0,0,0,0,-2.48336228798144,0
712,2,10,1500,2000,21272531,2,"ifeval_min30",2,3,2,3,0.05,0,2.84065592195839,2.18233727430925,0,0,0,0,-2.0441961302422,0,-2.4810583377257
713,2,10,1500,2000,21272531,2,"ifeval_min30",2,3,2,3,0.05,0,2.68049343908206,0,0,0,0,0,2.94512131437659,0,0
714,2,10,1500,2000,21272531,2,"ifeval_min30",2,3,2,3,0.05,0,2.84325137198903,0,0,0,0,0,0,0,0
715,2,10,1500,2000,21272531,2,"ifeval_min30",2,3,2,3,0.05,0,2.05706369667314,0,0,0,0,0,0,0,2.17196385399438
716,2,10,1500,2000,21272531,2,"ifeval_min30",2,3,2,3,0.05,0,2.48247984191403,0,0,0,0,0,0,0,0
717,2,10,1500,2000,21272531,2,"ifeval_min30",2,3,2,3,0.05,0,2.99535963777453,0,0,0,0,0,0,0,0
718,2,10,1500,2000,21272531,2,"ifeval_min30",2,3,2,3,0.05,0,2.66462923563085,0,0,0,0,0,0,0,0
719,2,10,1500,2000,21272531,2,"ifeval_min30",2,3,2,3,0.05,0,2.01377493422478,-2.65044003142975,0,0,0,-2.94138853228651,2.7161353842821,0,2.62535657105036
720,2,10,1500,2000,21272531,2,"ifeval_min30",2,3,2,3,0.05,0,2.22766866208985,0,0,0,0,0,0,0,0
721,2,10,1500,2000,21272531,2,"ifeval_min30",2,3,2,3,0.05,0,2.59016332309693,0,0,0,2.94497790723108,-2.08164197695442,0,0,0
722,2,10,1500,2000,21272531,2,"ifeval_min30",2,3,2,3,0.05,0,2.54888993641362,0,0,0,0,0,0,0,0
723,2,10,1500,2000,21272531,2,"ifeval_min30",2,3,2,3,0.05,0,2.41232452681288,0,0,0,0,0,0,0,0
724,2,10,1500,2000,21272531,2,"ifeval_min30",2,3,2,3,0.05,2.22104193549603,2.3189869185444,0,0,0,-2.06194715900347,0,0,0,0
725,2,10,1500,2000,21272531,2,"ifeval_min30",2,3,2,3,0.05,0,2.92232377361506,-2.00233325688168,0,0,0,2.99706224980764,0,0,-2.08492137328722
726,2,10,1500,2000,21272531,2,"ifeval_min30",2,3,2,3,0.05,0,2.31887889932841,0,0,0,0,0,0,0,0
727,2,10,1500,2000,21272531,2,"ifeval_min30",2,3,2,3,0.05,0,2.67021276243031,0,0,0,0,0,0,0,0
728,2,10,1500,2000,21272531,2,"ifeval_min30",2,3,2,3,0.05,0,2.96923790476285,0,0,0,-2.07438769401051,0,0,0,0
729,2,10,1500,2000,21272531,2,"ifeval_min30",2,3,2,3,0.05,0,2.38102283608168,0,0,0,0,0,0,0,0
730,2,10,1500,2000,21272531,2,"ifeval_min30",2,3,2,3,0.05,0,2.63161891279742,0,0,0,0,0,0,0,0
731,2,10,1500,2000,21272531,2,"ifeval_min30",2,3,2,3,0.05,0,2.97442458267324,0,0,0,0,0,0,0,0
732,2,10,1500,2000,21272531,2,"ifeval_min30",2,3,2,3,0.05,0,2.1647051605396,0,0,0,0,0,0,0,0
733,2,10,1500,2000,21272531,2,"ifeval_min30",2,3,2,3,0.05,0,2.32446236838587,0,0,0,0,0,0,0,0
734,2,10,1500,2000,21272531,2,"ifeval_min30",2,3,2,3,0.05,0,2.25998681853525,0,0,0,0,0,0,0,0
735,2,10,1500,2000,21272531,2,"ifeval_min30",2,3,2,3,0.05,0,2.25668986933306,0,0,0,0,0,0,0,0
736,2,10,1500,2000,21272531,2,"ifeval_min30",2,3,2,3,0.05,0,2.27163714310154,0,2.32744049839675,0,0,0,0,-2.98827346274629,0
737,2,10,1500,2000,21272531,2,"ifeval_min30",2,3,2,3,0.05,0,2.23158559016883,0,0,0,0,0,0,0,0
738,2,10,1500,2000,21272531,2,"ifeval_min30",2,3,2,3,0.05,0,2.34872751752846,0,0,0,-2.49158024694771,0,0,0,0
739,2,10,1500,2000,21272531,2,"ifeval_min30",2,3,2,3,0.05,0,2.40914984373376,0,0,0,0,0,0,0,0
740,2,10,1500,2000,21272531,2,"ifeval_min30",2,3,2,3,0.05,0,2.47217232780531,0,0,0,0,0,0,0,0
741,2,10,1500,2000,21272531,2,"ifeval_min30",2,3,2,3,0.05,0,2.65463007683866,0,0,0,0,0,0,0,0
742,2,10,1500,2000,21272531,2,"ifeval_min30",2,3,2,3,0.05,0,2.9630675856024,0,-2.52841323195025,0,0,0,0,0,0
743,2,10,1500,2000,21272531,2,"ifeval_min30",2,3,2,3,0.05,0,2.83581236749887,2.00260523171164,0,0,0,0,0,0,0
744,2,10,1500,2000,21272531,2,"ifeval_min30",2,3,2,3,0.05,0,2.86024258122779,0,0,0,0,0,0,0,0
745,2,10,1500,2000,21272531,2,"ifeval_min30",2,3,2,3,0.05,0,2.44500107667409,0,0,0,0,0,0,0,0
746,2,10,1500,2000,21272531,2,"ifeval_min30",2,3,2,3,0.05,-2.01105605135672,2.07256350433454,0,0,0,0,0,0,0,0
747,2,10,1500,2000,21272531,2,"ifeval_min30",2,3,2,3,0.05,0,2.07139111217111,0,0,0,0,0,0,0,2.97448613168672
748,2,10,1500,2000,21272531,2,"ifeval_min30",2,3,2,3,0.05,0,2.71423858427443,0,0,0,0,0,0,0,0
749,2,10,1500,2000,21272531,2,"ifeval_min30",2,3,2,3,0.05,0,2.7770499677863,0,0,0,0,0,0,0,0
750,2,10,1500,2000,21272531,2,"ifeval_min30",2,3,2,3,0.05,0,2.14968691021204,0,0,0,0,0,0,0,0
751,2,10,1500,2000,21272531,2,"ifeval_min30",2,3,2,3,0.05,0,2.65121344709769,0,0,0,0,0,0,0,2.95634272834286
752,2,10,1500,2000,21272531,2,"ifeval_min30",2,3,2,3,0.05,-2.6457326663658,2.58537147357129,0,0,0,0,0,0,0,0
753,2,10,1500,2000,21272531,2,"ifeval_min30",2,3,2,3,0.05,0,2.84526067785919,0,0,0,0,0,0,0,0
754,2,10,1500,2000,21272531,2,"ifeval_min30",2,3,2,3,0.05,0,2.65098325442523,0,0,0,0,0,0,0,0
755,2,10,1500,2000,21272531,2,"ifeval_min30",2,3,2,3,0.05,0,2.99068228108808,0,0,0,0,0,0,0,0
756,2,10,1500,2000,21272531,2,"ifeval_min30",2,3,2,3,0.05,0,2.90645340364426,0,0,0,0,0,-2.01826191646978,0,0
757,2,10,1500,2000,21272531,2,"ifeval_min30",2,3,2,3,0.05,0,2.25280259293504,0,0,0,0,0,0,0,0
758,2,10,1500,2000,21272531,2,"ifeval_min30",2,3,2,3,0.05,2.26529000326991,2.63803481590003,0,0,0,0,0,0,0,0
759,2,10,1500,2000,21272531,2,"ifeval_min30",2,3,2,3,0.05,0,2.41772060911171,0,0,0,0,-2.19703942211345,0,0,0
760,2,10,1500,2000,21272531,2,"ifeval_min30",2,3,2,3,0.05,0,2.38643294968642,0,0,0,0,0,0,0,0
761,2,10,1500,2000,21272531,2,"ifeval_min30",2,3,2,3,0.05,0,2.74122472642921,0,0,0,0,0,0,0,-2.08023198810406
762,2,10,1500,2000,21272531,2,"ifeval_min30",2,3,2,3,0.05,0,2.4061147980392,0,0,0,0,0,0,0,0
763,2,10,1500,2000,21272531,2,"ifeval_min30",2,3,2,3,0.05,0,2.98099287413061,0,0,0,0,0,0,0,0
764,2,10,1500,2000,21272531,2,"ifeval_min30",2,3,2,3,0.05,0,2.59923307504505,0,0,0,0,0,0,0,0
765,2,10,1500,2000,21272531,2,"ifeval_min30",2,3,2,3,0.05,0,2.23264157213271,0,0,0,0,2.93370556458831,0,0,0
766,2,10,1500,2000,21272531,2,"ifeval_min30",2,3,2,3,0.05,0,2.80765448301099,0,0,0,0,0,0,0,0
767,2,10,1500,2000,21272531,2,"ifeval_min30",2,3,2,3,0.05,0,2.79166787466966,0,0,0,0,0,0,0,0
768,2,10,1500,2000,21272531,2,"ifeval_min30",2,3,2,3,0.05,0,2.91755931149237,0,0,0,0,0,0,0,0
769,2,10,1500,2000,21272531,2,"ifeval_min30",2,3,2,3,0.05,0,2.05289106164128,0,0,0,0,0,0,0,0
770,2,10,1500,2000,21272531,2,"ifeval_min30",2,3,2,3,0.05,0,2.63046662160195,0,0,0,0,0,0,0,0
771,2,10,1500,2000,21272531,2,"ifeval_min30",2,3,2,3,0.05,0,2.13285779603757,0,0,0,0,0,0,0,0
772,2,10,1500,2000,21272531,2,"ifeval_min30",2,3,2,3,0.05,0,2.11890947632492,0,0,0,0,0,0,0,0
773,2,10,1500,2000,21272531,2,"ifeval_min30",2,3,2,3,0.05,0,2.51893502962776,0,0,-2.18173487950116,0,0,0,0,0
774,2,10,1500,2000,21272531,2,"ifeval_min30",2,3,2,3,0.05,0,2.79205101495609,2.86213603033684,0,0,0,0,0,0,0
775,2,10,1500,2000,21272531,2,"ifeval_min30",2,3,2,3,0.05,0,2.4385541100055,0,0,-2.58698724256828,0,0,0,0,0
776,2,10,1500,2000,21272531,2,"ifeval_min30",2,3,2,3,0.05,0,2.6313543682918,0,0,0,0,0,0,0,0
777,2,10,1500,2000,21272531,2,"ifeval_min30",2,3,2,3,0.05,0,2.40758498641662,0,0,0,0,0,0,0,0
778,2,10,1500,2000,21272531,2,"ifeval_min30",2,3,2,3,0.05,0,2.2545989274513,0,0,0,0,2.98889927240089,0,0,0
779,2,10,1500,2000,21272531,2,"ifeval_min30",2,3,2,3,0.05,0,2.45474967174232,0,0,0,0,0,0,0,0
780,3,10,1500,2000,21272531,2,"ifeval_min30",2,3,2,3,0.05,0,0,2.06595701607876,0,0,0,0,0,0,0
781,3,10,1500,2000,21272531,2,"ifeval_min30",2,3,2,3,0.05,0,0,2.88708454649895,0,0,0,0,0,0,0
782,3,10,1500,2000,21272531,2,"ifeval_min30",2,3,2,3,0.05,0,0,2.1011524416972,0,0,0,0,0,0,0
783,3,10,1500,2000,21272531,2,"ifeval_min30",2,3,2,3,0.05,0,0,2.1819753232412,0,0,0,-2.38653094507754,0,0,0
784,3,10,1500,2000,21272531,2,"ifeval_min30",2,3,2,3,0.05,0,0,2.36646597483195,0,0,0,0,0,0,0
785,3,10,1500,2000,21272531,2,"ifeval_min30",2,3,2,3,0.05,0,0,2.12719598016702,0,0,0,0,0,0,0
786,3,10,1500,2000,21272531,2,"ifeval_min30",2,3,2,3,0.05,0,0,2.1038787481375,2.80855826218612,0,0,0,0,0,0
787,3,10,1500,2000,21272531,2,"ifeval_min30",2,3,2,3,0.05,0,0,2.05675354832783,0,0,0,0,0,2.41836679377593,0
788,3,10,1500,2000,21272531,2,"ifeval_min30",2,3,2,3,0.05,0,0,2.69404492946342,0,0,0,0,0,0,0
789,3,10,1500,2000,21272531,2,"ifeval_min30",2,3,2,3,0.05,0,0,2.27849106676877,0,0,0,0,0,0,0
790,3,10,1500,2000,21272531,2,"ifeval_min30",2,3,2,3,0.05,0,0,2.25784503598697,0,0,0,0,0,0,0
791,3,10,1500,2000,21272531,2,"ifeval_min30",2,3,2,3,0.05,0,0,2.59726175270043,0,0,0,0,0,0,0
792,3,10,1500,2000,21272531,2,"ifeval_min30",2,3,2,3,0.05,0,0,2.43426866619848,0,0,0,0,0,0,0
793,3,10,1500,2000,21272531,2,"ifeval_min30",2,3,2,3,0.05,0,0,2.86909806728363,0,0,0,0,0,0,0
794,3,10,1500,2000,21272531,2,"ifeval_min30",2,3,2,3,0.05,0,0,2.28772416384891,0,0,2.35747333080508,0,0,0,0
795,3,10,1500,2000,21272531,2,"ifeval_min30",2,3,2,3,0.05,0,-2.33262064051814,2.98175355535932,0,0,0,2.75631887558848,0,0,0
796,3,10,1500,2000,21272531,2,"ifeval_min30",2,3,2,3,0.05,0,0,2.44322629575618,0,0,0,0,0,0,0
797,3,10,1500,2000,21272531,2,"ifeval_min30",2,3,2,3,0.05,0,0,2.68101946520619,0,0,0,0,0,0,0
798,3,10,1500,2000,21272531,2,"ifeval_min30",2,3,2,3,0.05,0,0,2.60287166433409,0,0,0,0,0,0,0
799,3,10,1500,2000,21272531,2,"ifeval_min30",2,3,2,3,0.05,0,0,2.7872898876667,0,0,0,0,0,-2.8136724899523,0
800,3,10,1500,2000,21272531,2,"ifeval_min30",2,3,2,3,0.05,2.54360881191678,0,2.26395332650281,0,0,0,0,0,0,0
801,3,10,1500,2000,21272531,2,"ifeval_min30",2,3,2,3,0.05,0,2.43546480010264,2.57520582666621,0,0,0,0,0,0,0
802,3,10,1500,2000,21272531,2,"ifeval_min30",2,3,2,3,0.05,0,0,2.20498663792387,0,0,0,0,0,0,0
803,3,10,1500,2000,21272531,2,"ifeval_min30",2,3,2,3,0.05,0,0,2.94320320291445,0,0,0,0,0,0,0
804,3,10,1500,2000,21272531,2,"ifeval_min30",2,3,2,3,0.05,0,0,2.93849559407681,0,0,0,0,0,0,0
805,3,10,1500,2000,21272531,2,"ifeval_min30",2,3,2,3,0.05,0,-2.18358737463132,2.53972925618291,0,0,0,0,0,0,0
806,3,10,1500,2000,21272531,2,"ifeval_min30",2,3,2,3,0.05,0,0,2.42563641141169,-2.04874165332876,0,2.74393964908086,0,0,0,0
807,3,10,1500,2000,21272531,2,"ifeval_min30",2,3,2,3,0.05,0,0,2.74011102155782,0,0,0,0,0,0,0
808,3,10,1500,2000,21272531,2,"ifeval_min30",2,3,2,3,0.05,0,0,2.75954125635326,0,0,0,0,0,0,0
809,3,10,1500,2000,21272531,2,"ifeval_min30",2,3,2,3,0.05,0,0,2.56690501398407,0,2.28225441393442,0,0,0,0,0
810,3,10,1500,2000,21272531,2,"ifeval_min30",2,3,2,3,0.05,0,0,2.80737230577506,0,0,0,0,0,0,0
811,3,10,1500,2000,21272531,2,"ifeval_min30",2,3,2,3,0.05,0,0,2.7310535593424,2.50286210677586,0,0,0,0,0,0
812,3,10,1500,2000,21272531,2,"ifeval_min30",2,3,2,3,0.05,0,0,2.37943346286193,0,0,0,0,0,2.1594495032914,0
813,3,10,1500,2000,21272531,2,"ifeval_min30",2,3,2,3,0.05,0,0,2.1013014272321,0,0,0,0,0,0,0
814,3,10,1500,2000,21272531,2,"ifeval_min30",2,3,2,3,0.05,0,0,2.42098548752256,0,0,0,0,0,0,0
815,3,10,1500,2000,21272531,2,"ifeval_min30",2,3,2,3,0.05,0,0,2.57420072378591,0,0,0,0,0,0,0
816,3,10,1500,2000,21272531,2,"ifeval_min30",2,3,2,3,0.05,0,0,2.7004858115688,0,0,2.04182628681883,0,0,0,0
817,3,10,1500,2000,21272531,2,"ifeval_min30",2,3,2,3,0.05,0,0,2.00049989973195,0,0,0,0,0,0,0
818,3,10,1500,2000,21272531,2,"ifeval_min30",2,3,2,3,0.05,0,0,2.25894205505028,-2.49436998507008,0,0,0,0,0,0
819,3,10,1500,2000,21272531,2,"ifeval_min30",2,3,2,3,0.05,0,0,2.01835078769363,0,-2.58440852188505,0,0,0,0,0
820,3,10,1500,2000,21272531,2,"ifeval_min30",2,3,2,3,0.05,0,0,2.93441413738765,0,0,0,0,0,0,0
821,3,10,1500,2000,21272531,2,"ifeval_min30",2,3,2,3,0.05,0,0,2.50255791074596,0,0,0,0,0,0,0
822,3,10,1500,2000,21272531,2,"ifeval_min30",2,3,2,3,0.05,0,0,2.41162685560994,0,0,0,-2.65113805234432,0,0,0
823,3,10,1500,2000,21272531,2,"ifeval_min30",2,3,2,3,0.05,0,0,2.27968886634335,0,0,0,0,0,0,0
824,3,10,1500,2000,21272531,2,"ifeval_min30",2,3,2,3,0.05,0,0,2.56240820884705,0,0,0,-2.10430092993192,0,0,0
825,3,10,1500,2000,21272531,2,"ifeval_min30",2,3,2,3,0.05,0,0,2.02431628596969,2.28204936231486,0,0,0,0,0,0
826,3,10,1500,2000,21272531,2,"ifeval_min30",2,3,2,3,0.05,0,0,2.69903445034288,0,0,0,0,0,0,0
827,3,10,1500,2000,21272531,2,"ifeval_min30",2,3,2,3,0.05,0,0,2.29599446919747,0,0,0,0,0,0,0
828,3,10,1500,2000,21272531,2,"ifeval_min30",2,3,2,3,0.05,0,0,2.22423556959257,0,0,0,0,0,0,0
829,3,10,1500,2000,21272531,2,"ifeval_min30",2,3,2,3,0.05,0,0,2.80893644480966,0,2.76767393155023,0,0,0,0,0
830,3,10,1500,2000,21272531,2,"ifeval_min30",2,3,2,3,0.05,0,0,2.28757898486219,0,0,-2.28888177708723,0,0,0,0
831,3,10,1500,2000,21272531,2,"ifeval_min30",2,3,2,3,0.05,0,0,2.08528546453454,0,-2.7955390822608,0,0,0,0,0
832,3,10,1500,2000,21272531,2,"ifeval_min30",2,3,2,3,0.05,0,0,2.98196646012366,0,0,0,0,0,0,0
833,3,10,1500,2000,21272531,2,"ifeval_min30",2,3,2,3,0.05,0,0,2.18959624855779,0,0,0,0,0,0,0
834,3,10,1500,2000,21272531,2,"ifeval_min30",2,3,2,3,0.05,0,0,2.96426012297161,0,0,0,0,0,0,0
835,3,10,1500,2000,21272531,2,"ifeval_min30",2,3,2,3,0.05,0,0,2.18382836668752,0,0,0,0,0,0,0
836,3,10,1500,2000,21272531,2,"ifeval_min30",2,3,2,3,0.05,0,0,2.29994995612651,0,0,0,-2.54148660320789,0,2.60787541861646,0
837,3,10,1500,2000,21272531,2,"ifeval_min30",2,3,2,3,0.05,0,0,2.41922828997485,0,0,0,0,0,0,0
838,3,10,1500,2000,21272531,2,"ifeval_min30",2,3,2,3,0.05,0,0,2.59688025084324,0,0,0,0,0,0,0
839,3,10,1500,2000,21272531,2,"ifeval_min30",2,3,2,3,0.05,0,0,2.2674725074321,0,0,0,0,0,0,0
840,3,10,1500,2000,21272531,2,"ifeval_min30",2,3,2,3,0.05,0,0,2.80223039211705,0,0,0,0,0,-2.67290113843046,0
841,3,10,1500,2000,21272531,2,"ifeval_min30",2,3,2,3,0.05,0,0,2.03904647100717,0,0,0,0,0,0,0
842,3,10,1500,2000,21272531,2,"ifeval_min30",2,3,2,3,0.05,0,0,2.71413647942245,0,0,2.51890936261043,0,0,0,0
843,3,10,1500,2000,21272531,2,"ifeval_min30",2,3,2,3,0.05,0,0,2.41674427478574,0,0,0,0,0,0,0
844,3,10,1500,2000,21272531,2,"ifeval_min30",2,3,2,3,0.05,0,0,2.94145848089829,0,0,0,0,0,0,0
845,3,10,1500,2000,21272531,2,"ifeval_min30",2,3,2,3,0.05,0,0,2.13743207999505,0,0,0,0,0,0,0
846,3,10,1500,2000,21272531,2,"ifeval_min30",2,3,2,3,0.05,0,0,2.11655465816148,0,0,2.32129770494066,0,0,0,0
847,3,10,1500,2000,21272531,2,"ifeval_min30",2,3,2,3,0.05,0,0,2.65809801616706,0,0,0,0,0,0,0
848,3,10,1500,2000,21272531,2,"ifeval_min30",2,3,2,3,0.05,0,0,2.3408028408885,0,0,0,0,0,0,0
849,3,10,1500,2000,21272531,2,"ifeval_min30",2,3,2,3,0.05,0,2.50786757329479,2.43616816704161,0,0,0,0,0,0,0
850,3,10,1500,2000,21272531,2,"ifeval_min30",2,3,2,3,0.05,0,0,2.54035334405489,0,0,0,0,0,2.74945788085461,0
851,3,10,1500,2000,21272531,2,"ifeval_min30",2,3,2,3,0.05,0,0,2.32850954611786,0,0,0,0,0,2.88201418961398,0
852,3,10,1500,2000,21272531,2,"ifeval_min30",2,3,2,3,0.05,0,0,2.5369295058772,0,0,0,0,0,0,0
853,3,10,1500,2000,21272531,2,"ifeval_min30",2,3,2,3,0.05,0,0,2.10641459841281,0,0,0,0,0,0,0
854,3,10,1500,2000,21272531,2,"ifeval_min30",2,3,2,3,0.05,0,0,2.15168057312258,0,0,0,0,-2.38826970756054,0,0
855,3,10,1500,2000,21272531,2,"ifeval_min30",2,3,2,3,0.05,0,0,2.65999997360632,0,0,0,0,0,0,0
856,3,10,1500,2000,21272531,2,"ifeval_min30",2,3,2,3,0.05,0,0,2.45582788973115,0,0,0,0,0,0,0
857,3,10,1500,2000,21272531,2,"ifeval_min30",2,3,2,3,0.05,0,0,2.68619061401114,0,0,-2.20993421180174,0,0,0,0
858,3,10,1500,2000,21272531,2,"ifeval_min30",2,3,2,3,0.05,0,0,2.9270503509324,0,0,0,0,0,0,-2.71461974596605
859,3,10,1500,2000,21272531,2,"ifeval_min30",2,3,2,3,0.05,0,0,2.63859529863112,0,0,0,0,0,0,0
860,3,10,1500,2000,21272531,2,"ifeval_min30",2,3,2,3,0.05,0,0,2.41152311000042,0,0,0,0,0,0,0
861,3,10,1500,2000,21272531,2,"ifeval_min30",2,3,2,3,0.05,0,0,2.87299417681061,0,0,0,0,0,0,0
862,3,10,1500,2000,21272531,2,"ifeval_min30",2,3,2,3,0.05,0,0,2.22440816531889,0,0,0,0,2.29139512218535,0,0
863,3,10,1500,2000,21272531,2,"ifeval_min30",2,3,2,3,0.05,0,0,2.24882979760878,0,0,0,0,0,0,0
864,3,10,1500,2000,21272531,2,"ifeval_min30",2,3,2,3,0.05,0,2.74238044186495,2.315967974253,0,0,0,0,0,0,0
865,3,10,1500,2000,21272531,2,"ifeval_min30",2,3,2,3,0.05,0,0,2.93373276782222,0,0,0,0,0,0,0
866,3,10,1500,2000,21272531,2,"ifeval_min30",2,3,2,3,0.05,0,0,2.10632122005336,0,0,-2.42459436645731,0,0,0,0
867,3,10,1500,2000,21272531,2,"ifeval_min30",2,3,2,3,0.05,0,0,2.28042062930763,0,0,0,0,0,0,0
868,3,10,1500,2000,21272531,2,"ifeval_min30",2,3,2,3,0.05,0,0,2.69767860230058,0,0,2.1253523142077,0,0,0,0
869,3,10,1500,2000,21272531,2,"ifeval_min30",2,3,2,3,0.05,0,-2.81327865202911,2.33716343715787,0,0,2.35730148642324,0,0,0,0
870,3,10,1500,2000,21272531,2,"ifeval_min30",2,3,2,3,0.05,0,0,2.06936985626817,0,0,0,0,0,0,0
871,3,10,1500,2000,21272531,2,"ifeval_min30",2,3,2,3,0.05,0,0,2.01748047885485,0,0,0,0,0,0,0
872,3,10,1500,2000,21272531,2,"ifeval_min30",2,3,2,3,0.05,0,0,2.53708067070693,0,0,0,0,0,0,0
873,3,10,1500,2000,21272531,2,"ifeval_min30",2,3,2,3,0.05,0,0,2.98148578009568,2.89764334470965,0,0,0,2.37179155508056,0,0
874,3,10,1500,2000,21272531,2,"ifeval_min30",2,3,2,3,0.05,2.78913811757229,0,2.52020648587495,0,0,0,0,0,0,0
875,3,10,1500,2000,21272531,2,"ifeval_min30",2,3,2,3,0.05,0,0,2.65074625983834,0,0,0,0,0,0,0
876,3,10,1500,2000,21272531,2,"ifeval_min30",2,3,2,3,0.05,0,0,2.03827253985219,0,0,0,0,0,0,0
877,3,10,1500,2000,21272531,2,"ifeval_min30",2,3,2,3,0.05,0,0,2.27268416318111,0,0,0,0,0,0,0
878,3,10,1500,2000,21272531,2,"ifeval_min30",2,3,2,3,0.05,0,0,2.59090833319351,0,0,0,0,0,-2.44486341555603,0
879,3,10,1500,2000,21272531,2,"ifeval_min30",2,3,2,3,0.05,0,0,2.5410291980952,0,0,0,0,0,2.73306506918743,0
880,3,10,1500,2000,21272531,2,"ifeval_min30",2,3,2,3,0.05,0,0,2.10096005210653,0,0,0,0,0,0,0
881,3,10,1500,2000,21272531,2,"ifeval_min30",2,3,2,3,0.05,0,0,2.79082694393583,0,0,0,0,0,0,0
882,3,10,1500,2000,21272531,2,"ifeval_min30",2,3,2,3,0.05,0,0,2.70300608640537,0,0,0,0,0,0,0
883,3,10,1500,2000,21272531,2,"ifeval_min30",2,3,2,3,0.05,-2.49130564904772,0,2.88294640090317,0,0,-2.03633438772522,0,0,0,0
884,3,10,1500,2000,21272531,2,"ifeval_min30",2,3,2,3,0.05,0,0,2.19709905143827,0,0,0,0,0,0,0
885,3,10,1500,2000,21272531,2,"ifeval_min30",2,3,2,3,0.05,0,0,2.52797976508737,0,0,0,0,0,0,0
886,3,10,1500,2000,21272531,2,"ifeval_min30",2,3,2,3,0.05,0,0,2.26018676138483,0,0,0,0,0,0,0
887,3,10,1500,2000,21272531,2,"ifeval_min30",2,3,2,3,0.05,0,0,2.84176338813268,0,0,0,0,0,0,0
888,3,10,1500,2000,21272531,2,"ifeval_min30",2,3,2,3,0.05,0,0,2.66595298540778,0,0,0,0,0,0,0
889,3,10,1500,2000,21272531,2,"ifeval_min30",2,3,2,3,0.05,0,0,2.85314803966321,0,0,0,0,0,0,0
890,3,10,1500,2000,21272531,2,"ifeval_min30",2,3,2,3,0.05,0,0,2.12575329118408,0,0,0,0,0,0,0
891,3,10,1500,2000,21272531,2,"ifeval_min30",2,3,2,3,0.05,-2.89631244121119,0,2.38560712779872,0,0,0,0,0,0,-2.11880228319205
892,3,10,1500,2000,21272531,2,"ifeval_min30",2,3,2,3,0.05,0,-2.05487364553846,2.18881587847136,0,0,2.45537979202345,0,-2.32979210163467,0,0
893,3,10,1500,2000,21272531,2,"ifeval_min30",2,3,2,3,0.05,0,0,2.54399381554686,-2.29643485648558,0,-2.96564599242993,0,0,0,0
894,3,10,1500,2000,21272531,2,"ifeval_min30",2,3,2,3,0.05,0,0,2.7560937369708,0,0,2.58236030023545,0,0,2.34991768491454,0
895,3,10,1500,2000,21272531,2,"ifeval_min30",2,3,2,3,0.05,2.74027292872779,0,2.47348081110977,0,0,2.70871206675656,-2.23132812394761,0,0,0
896,3,10,1500,2000,21272531,2,"ifeval_min30",2,3,2,3,0.05,0,0,2.43710339162499,0,0,0,0,-2.6920238272287,0,0
897,3,10,1500,2000,21272531,2,"ifeval_min30",2,3,2,3,0.05,0,0,2.43662009923719,0,0,0,0,0,0,0
898,3,10,1500,2000,21272531,2,"ifeval_min30",2,3,2,3,0.05,0,0,2.89824544056319,0,0,0,0,0,0,0
899,3,10,1500,2000,21272531,2,"ifeval_min30",2,3,2,3,0.05,0,0,2.43760580499656,0,0,0,0,0,0,0
900,3,10,1500,2000,21272531,2,"ifeval_min30",2,3,2,3,0.05,0,0,2.95793115836568,0,0,0,0,0,0,0
901,3,10,1500,2000,21272531,2,"ifeval_min30",2,3,2,3,0.05,0,0,2.72228380595334,0,0,0,0,0,0,0
902,3,10,1500,2000,21272531,2,"ifeval_min30",2,3,2,3,0.05,0,0,2.98394539160654,0,0,0,0,0,0,0
903,3,10,1500,2000,21272531,2,"ifeval_min30",2,3,2,3,0.05,0,0,2.71500527556054,0,0,0,0,0,0,0
904,3,10,1500,2000,21272531,2,"ifeval_min30",2,3,2,3,0.05,0,0,2.79130116244778,0,0,0,0,0,0,0
905,3,10,1500,2000,21272531,2,"ifeval_min30",2,3,2,3,0.05,0,0,2.21942974627018,0,0,0,0,0,0,0
906,3,10,1500,2000,21272531,2,"ifeval_min30",2,3,2,3,0.05,0,0,2.52226832229644,0,0,0,-2.1899818549864,0,0,0
907,3,10,1500,2000,21272531,2,"ifeval_min30",2,3,2,3,0.05,0,0,2.39682583021931,0,-2.85576474084519,0,0,0,0,0
908,3,10,1500,2000,21272531,2,"ifeval_min30",2,3,2,3,0.05,0,0,2.48629936203361,0,0,-2.0593944482971,0,0,0,0
909,3,10,1500,2000,21272531,2,"ifeval_min30",2,3,2,3,0.05,0,0,2.66654547094367,0,0,0,0,0,2.22427883674391,0
910,3,10,1500,2000,21272531,2,"ifeval_min30",2,3,2,3,0.05,0,0,2.51752773392946,0,0,0,0,0,0,0
911,3,10,1500,2000,21272531,2,"ifeval_min30",2,3,2,3,0.05,0,0,2.59017701935954,0,0,0,0,0,0,0
912,3,10,1500,2000,21272531,2,"ifeval_min30",2,3,2,3,0.05,0,0,2.8068259707652,0,0,0,0,0,0,0
913,3,10,1500,2000,21272531,2,"ifeval_min30",2,3,2,3,0.05,0,0,2.01291171577759,0,0,0,0,0,0,0
914,3,10,1500,2000,21272531,2,"ifeval_min30",2,3,2,3,0.05,0,0,2.50532138883136,0,0,0,0,0,0,0
915,3,10,1500,2000,21272531,2,"ifeval_min30",2,3,2,3,0.05,0,0,2.69081243057735,0,0,2.93634275090881,0,0,0,0
916,3,10,1500,2000,21272531,2,"ifeval_min30",2,3,2,3,0.05,0,0,2.27386971376836,0,0,-2.06380893290043,0,0,0,0
917,3,10,1500,2000,21272531,2,"ifeval_min30",2,3,2,3,0.05,0,0,2.82103813625872,2.48051175265573,0,0,0,0,0,0
918,3,10,1500,2000,21272531,2,"ifeval_min30",2,3,2,3,0.05,0,0,2.42060361150652,0,0,0,0,0,0,0
919,3,10,1500,2000,21272531,2,"ifeval_min30",2,3,2,3,0.05,0,0,2.1649905089289,0,0,0,0,0,0,0
920,3,10,1500,2000,21272531,2,"ifeval_min30",2,3,2,3,0.05,0,0,2.39328875439242,0,0,0,0,0,0,0
921,3,10,1500,2000,21272531,2,"ifeval_min30",2,3,2,3,0.05,0,0,2.64810079173185,0,0,2.6886408010032,0,2.03079942357726,2.00433417363092,0
922,3,10,1500,2000,21272531,2,"ifeval_min30",2,3,2,3,0.05,0,0,2.40076696965843,0,0,0,0,0,0,0
923,3,10,1500,2000,21272531,2,"ifeval_min30",2,3,2,3,0.05,0,0,2.36423616297543,0,2.26955203269608,0,0,0,0,0
924,3,10,1500,2000,21272531,2,"ifeval_min30",2,3,2,3,0.05,0,0,2.14360161521472,0,0,0,0,0,0,0
925,3,10,1500,2000,21272531,2,"ifeval_min30",2,3,2,3,0.05,0,0,2.18747087591328,0,0,0,0,0,0,0
926,3,10,1500,2000,21272531,2,"ifeval_min30",2,3,2,3,0.05,0,0,2.03029414173216,0,0,2.17936775018461,0,0,0,0
927,3,10,1500,2000,21272531,2,"ifeval_min30",2,3,2,3,0.05,0,0,2.03062722156756,0,0,0,0,-2.64280840312131,2.71194424736314,0
928,3,10,1500,2000,21272531,2,"ifeval_min30",2,3,2,3,0.05,0,0,2.55261813104153,0,0,0,0,0,-2.64697341900319,0
929,3,10,1500,2000,21272531,2,"ifeval_min30",2,3,2,3,0.05,0,0,2.17894525150768,0,0,0,0,-2.42042271699756,0,0
930,3,10,1500,2000,21272531,2,"ifeval_min30",2,3,2,3,0.05,0,0,2.60186167550273,0,0,0,0,0,0,0
931,3,10,1500,2000,21272531,2,"ifeval_min30",2,3,2,3,0.05,0,0,2.26777670974843,0,2.31508614984341,-2.52398294419982,0,0,0,2.17950057354756
932,3,10,1500,2000,21272531,2,"ifeval_min30",2,3,2,3,0.05,0,0,2.85947352624498,0,0,0,0,0,0,0
933,3,10,1500,2000,21272531,2,"ifeval_min30",2,3,2,3,0.05,0,0,2.06351526500657,0,0,0,0,0,0,0
934,3,10,1500,2000,21272531,2,"ifeval_min30",2,3,2,3,0.05,0,0,2.75669733108953,0,2.35321031883359,0,0,0,0,0
935,3,10,1500,2000,21272531,2,"ifeval_min30",2,3,2,3,0.05,0,0,2.39791634073481,0,0,0,0,0,0,0
936,3,10,1500,2000,21272531,2,"ifeval_min30",2,3,2,3,0.05,0,0,2.99637881014496,0,0,0,0,-2.17838047794066,0,0
937,3,10,1500,2000,21272531,2,"ifeval_min30",2,3,2,3,0.05,0,0,2.1854996914044,0,0,2.23084980272688,0,0,0,2.91639779950492
938,4,10,1500,2000,21272531,2,"ifeval_min30",2,3,2,3,0.05,0,0,0,2.6107182817068,0,0,0,-2.10088329995051,2.33385564992204,0
939,4,10,1500,2000,21272531,2,"ifeval_min30",2,3,2,3,0.05,0,0,0,2.642266219249,0,0,0,0,0,0
940,4,10,1500,2000,21272531,2,"ifeval_min30",2,3,2,3,0.05,0,0,0,2.4789522360079,0,0,0,0,0,0
941,4,10,1500,2000,21272531,2,"ifeval_min30",2,3,2,3,0.05,-2.2867769987788,0,0,2.20761508541182,0,0,0,2.50078911683522,0,0
942,4,10,1500,2000,21272531,2,"ifeval_min30",2,3,2,3,0.05,0,2.10850527300499,0,2.40659452346154,0,0,-2.78309282613918,0,0,0
943,4,10,1500,2000,21272531,2,"ifeval_min30",2,3,2,3,0.05,0,0,0,2.78377218684182,0,0,0,0,0,0
944,4,10,1500,2000,21272531,2,"ifeval_min30",2,3,2,3,0.05,0,0,0,2.97266917070374,0,0,0,0,0,0
945,4,10,1500,2000,21272531,2,"ifeval_min30",2,3,2,3,0.05,0,0,0,2.45789189590141,0,0,0,0,0,0
946,4,10,1500,2000,21272531,2,"ifeval_min30",2,3,2,3,0.05,0,-2.96706554689445,0,2.9092246463988,0,0,0,0,0,0
947,4,10,1500,2000,21272531,2,"ifeval_min30",2,3,2,3,0.05,0,0,0,2.94652904407121,0,0,0,0,0,0
948,4,10,1500,2000,21272531,2,"ifeval_min30",2,3,2,3,0.05,0,0,0,2.48822352779098,0,0,0,0,0,0
949,4,10,1500,2000,21272531,2,"ifeval_min30",2,3,2,3,0.05,2.71964572998695,0,0,2.32985598547384,0,0,0,0,0,0
950,4,10,1500,2000,21272531,2,"ifeval_min30",2,3,2,3,0.05,0,0,0,2.0392846444156,0,0,0,0,0,0
951,4,10,1500,2000,21272531,2,"ifeval_min30",2,3,2,3,0.05,0,0,0,2.5843508343678,0,0,0,0,0,0
952,4,10,1500,2000,21272531,2,"ifeval_min30",2,3,2,3,0.05,0,0,0,2.82690097903833,0,0,0,0,0,0
953,4,10,1500,2000,21272531,2,"ifeval_min30",2,3,2,3,0.05,0,0,0,2.68326493608765,0,0,0,0,0,0
954,4,10,1500,2000,21272531,2,"ifeval_min30",2,3,2,3,0.05,0,0,0,2.45721869030967,0,0,0,0,0,0
955,4,10,1500,2000,21272531,2,"ifeval_min30",2,3,2,3,0.05,0,0,0,2.10694080055691,0,0,-2.13100571325049,0,0,0
956,4,10,1500,2000,21272531,2,"ifeval_min30",2,3,2,3,0.05,0,0,-2.1362782260403,2.4426734438166,0,0,0,0,0,0
957,4,10,1500,2000,21272531,2,"ifeval_min30",2,3,2,3,0.05,0,0,0,2.70525935059413,0,0,0,0,0,0
958,4,10,1500,2000,21272531,2,"ifeval_min30",2,3,2,3,0.05,0,0,0,2.31528150383383,0,0,0,0,2.33993749460205,0
959,4,10,1500,2000,21272531,2,"ifeval_min30",2,3,2,3,0.05,2.48367204330862,0,0,2.61423026677221,0,0,0,0,0,0
960,4,10,1500,2000,21272531,2,"ifeval_min30",2,3,2,3,0.05,0,0,0,2.38819902646355,0,0,0,0,0,0
961,4,10,1500,2000,21272531,2,"ifeval_min30",2,3,2,3,0.05,0,0,0,2.88970122439787,0,0,0,0,0,0
962,4,10,1500,2000,21272531,2,"ifeval_min30",2,3,2,3,0.05,0,0,2.64277164731175,2.75857216701843,0,2.95647561736405,0,0,0,-2.51720106159337
963,4,10,1500,2000,21272531,2,"ifeval_min30",2,3,2,3,0.05,0,0,2.42889387742616,2.10376877570525,-2.74125040089712,0,0,0,0,0
964,4,10,1500,2000,21272531,2,"ifeval_min30",2,3,2,3,0.05,0,0,0,2.32614427106455,0,0,0,0,0,0
965,4,10,1500,2000,21272531,2,"ifeval_min30",2,3,2,3,0.05,0,2.84725553519093,0,2.87400431418791,0,0,0,0,0,0
966,4,10,1500,2000,21272531,2,"ifeval_min30",2,3,2,3,0.05,0,0,0,2.37637135572731,0,0,0,0,0,0
967,4,10,1500,2000,21272531,2,"ifeval_min30",2,3,2,3,0.05,0,0,0,2.06685428717174,0,0,0,0,0,0
968,4,10,1500,2000,21272531,2,"ifeval_min30",2,3,2,3,0.05,0,0,0,2.18571028648876,0,0,0,2.40814989223145,2.51466274540871,0
969,4,10,1500,2000,21272531,2,"ifeval_min30",2,3,2,3,0.05,-2.88650520145893,0,0,2.29199476959184,0,0,0,0,0,0
970,4,10,1500,2000,21272531,2,"ifeval_min30",2,3,2,3,0.05,0,0,0,2.74792635790072,0,0,0,0,0,0
971,4,10,1500,2000,21272531,2,"ifeval_min30",2,3,2,3,0.05,0,0,0,2.77637391211465,0,0,0,0,0,0
972,4,10,1500,2000,21272531,2,"ifeval_min30",2,3,2,3,0.05,0,2.02448551123962,0,2.50058059836738,0,0,0,0,0,0
973,4,10,1500,2000,21272531,2,"ifeval_min30",2,3,2,3,0.05,0,0,0,2.42384517099708,0,0,-2.53068250068463,0,0,0
974,4,10,1500,2000,21272531,2,"ifeval_min30",2,3,2,3,0.05,0,0,0,2.67371465358883,0,0,0,0,0,0
975,4,10,1500,2000,21272531,2,"ifeval_min30",2,3,2,3,0.05,0,0,0,2.4377049440518,2.62196196010336,0,0,0,0,0
976,4,10,1500,2000,21272531,2,"ifeval_min30",2,3,2,3,0.05,0,-2.65571583458222,0,2.55361437168904,0,0,0,0,0,0
977,4,10,1500,2000,21272531,2,"ifeval_min30",2,3,2,3,0.05,0,0,0,2.97499075508676,0,0,0,0,0,0
978,4,10,1500,2000,21272531,2,"ifeval_min30",2,3,2,3,0.05,0,0,0,2.37397924461402,0,0,0,0,0,0
979,4,10,1500,2000,21272531,2,"ifeval_min30",2,3,2,3,0.05,0,0,0,2.46264188131317,0,0,0,0,0,0
980,4,10,1500,2000,21272531,2,"ifeval_min30",2,3,2,3,0.05,0,0,0,2.03794100577943,0,0,0,0,0,0
981,4,10,1500,2000,21272531,2,"ifeval_min30",2,3,2,3,0.05,0,0,0,2.86937564937398,0,0,0,0,0,0
982,4,10,1500,2000,21272531,2,"ifeval_min30",2,3,2,3,0.05,0,0,0,2.14248613617383,2.1031963955611,0,0,0,0,0
983,4,10,1500,2000,21272531,2,"ifeval_min30",2,3,2,3,0.05,0,0,0,2.62418843666092,0,0,0,0,0,0
984,4,10,1500,2000,21272531,2,"ifeval_min30",2,3,2,3,0.05,-2.97596864379011,0,0,2.28891835524701,0,0,0,0,0,0
985,4,10,1500,2000,21272531,2,"ifeval_min30",2,3,2,3,0.05,0,0,0,2.41083118808456,0,0,0,0,0,0
986,4,10,1500,2000,21272531,2,"ifeval_min30",2,3,2,3,0.05,0,0,0,2.45750896702521,0,0,0,0,0,0
987,4,10,1500,2000,21272531,2,"ifeval_min30",2,3,2,3,0.05,0,0,0,2.32203410658985,0,0,0,-2.42752175196074,0,0
988,4,10,1500,2000,21272531,2,"ifeval_min30",2,3,2,3,0.05,0,0,0,2.56886364705861,0,0,0,0,0,0
989,4,10,1500,2000,21272531,2,"ifeval_min30",2,3,2,3,0.05,2.8198717595078,0,0,2.64425835269503,0,0,0,0,0,0
990,4,10,1500,2000,21272531,2,"ifeval_min30",2,3,2,3,0.05,0,0,0,2.71244858484715,0,0,0,0,0,0
991,4,10,1500,2000,21272531,2,"ifeval_min30",2,3,2,3,0.05,0,0,0,2.56615732610226,0,0,0,0,0,0
992,4,10,1500,2000,21272531,2,"ifeval_min30",2,3,2,3,0.05,0,0,0,2.6240783452522,0,0,0,0,0,0
993,4,10,1500,2000,21272531,2,"ifeval_min30",2,3,2,3,0.05,0,0,0,2.04790242016315,0,0,0,0,0,0
994,4,10,1500,2000,21272531,2,"ifeval_min30",2,3,2,3,0.05,0,0,0,2.68412689003162,0,0,0,0,0,0
995,4,10,1500,2000,21272531,2,"ifeval_min30",2,3,2,3,0.05,0,0,0,2.94700020598248,-2.59249019576237,0,0,0,0,0
996,4,10,1500,2000,21272531,2,"ifeval_min30",2,3,2,3,0.05,0,0,-2.35595515393652,2.90061863791198,0,0,0,0,0,0
997,4,10,1500,2000,21272531,2,"ifeval_min30",2,3,2,3,0.05,0,0,0,2.56100545893423,0,0,0,0,0,0
998,4,10,1500,2000,21272531,2,"ifeval_min30",2,3,2,3,0.05,0,0,0,2.86450819508173,0,0,0,0,0,0
999,4,10,1500,2000,21272531,2,"ifeval_min30",2,3,2,3,0.05,0,0,0,2.57938562124036,0,0,0,0,0,0
1000,4,10,1500,2000,21272531,2,"ifeval_min30",2,3,2,3,0.05,0,0,2.05684536951594,2.62772778631188,0,0,0,0,0,0
1001,4,10,1500,2000,21272531,2,"ifeval_min30",2,3,2,3,0.05,0,0,0,2.1932802235242,0,0,0,0,0,0
1002,4,10,1500,2000,21272531,2,"ifeval_min30",2,3,2,3,0.05,0,0,0,2.57022159406915,0,0,0,0,0,0
1003,4,10,1500,2000,21272531,2,"ifeval_min30",2,3,2,3,0.05,0,0,0,2.82689894689247,2.62915494502522,0,2.360076157609,0,0,0
1004,4,10,1500,2000,21272531,2,"ifeval_min30",2,3,2,3,0.05,0,0,0,2.27930098958313,0,-2.67263604514301,0,0,-2.2927424153313,0
1005,4,10,1500,2000,21272531,2,"ifeval_min30",2,3,2,3,0.05,0,0,0,2.33818320930004,-2.76717237150297,0,0,0,0,0
1006,4,10,1500,2000,21272531,2,"ifeval_min30",2,3,2,3,0.05,0,0,0,2.90513271349482,0,0,0,0,0,0
1007,4,10,1500,2000,21272531,2,"ifeval_min30",2,3,2,3,0.05,0,0,0,2.21556410519406,0,0,0,0,0,0
1008,4,10,1500,2000,21272531,2,"ifeval_min30",2,3,2,3,0.05,0,0,0,2.84533800813369,0,0,0,0,0,0
1009,4,10,1500,2000,21272531,2,"ifeval_min30",2,3,2,3,0.05,0,2.73863884713501,0,2.07199494121596,2.07276024064049,0,0,0,0,0
1010,4,10,1500,2000,21272531,2,"ifeval_min30",2,3,2,3,0.05,0,0,0,2.77706420631148,0,0,0,0,0,0
1011,4,10,1500,2000,21272531,2,"ifeval_min30",2,3,2,3,0.05,0,0,0,2.19387813936919,0,0,0,0,0,0
1012,4,10,1500,2000,21272531,2,"ifeval_min30",2,3,2,3,0.05,0,0,0,2.02157619735226,0,0,0,0,0,0
1013,4,10,1500,2000,21272531,2,"ifeval_min30",2,3,2,3,0.05,0,0,0,2.58454560604878,0,0,0,0,0,0
1014,4,10,1500,2000,21272531,2,"ifeval_min30",2,3,2,3,0.05,0,0,0,2.50958870211616,0,0,0,0,2.39764711400494,0
1015,4,10,1500,2000,21272531,2,"ifeval_min30",2,3,2,3,0.05,0,0,0,2.35907090036198,0,0,0,0,0,0
1016,4,10,1500,2000,21272531,2,"ifeval_min30",2,3,2,3,0.05,0,0,0,2.41927238134667,0,0,0,0,0,0
1017,4,10,1500,2000,21272531,2,"ifeval_min30",2,3,2,3,0.05,0,0,0,2.64851374551654,0,0,0,0,0,0
1018,4,10,1500,2000,21272531,2,"ifeval_min30",2,3,2,3,0.05,0,0,0,2.24347759434022,0,0,0,0,0,0
1019,4,10,1500,2000,21272531,2,"ifeval_min30",2,3,2,3,0.05,0,0,0,2.71541619976051,0,0,0,0,0,0
1020,4,10,1500,2000,21272531,2,"ifeval_min30",2,3,2,3,0.05,0,0,0,2.10240056389011,0,0,0,0,0,0
1021,4,10,1500,2000,21272531,2,"ifeval_min30",2,3,2,3,0.05,0,0,0,2.23864136636257,0,0,0,0,0,0
1022,4,10,1500,2000,21272531,2,"ifeval_min30",2,3,2,3,0.05,0,0,0,2.1016546364408,0,0,0,0,0,0
1023,4,10,1500,2000,21272531,2,"ifeval_min30",2,3,2,3,0.05,0,0,0,2.5573944048956,0,0,0,0,0,0
1024,4,10,1500,2000,21272531,2,"ifeval_min30",2,3,2,3,0.05,0,0,0,2.89700636314228,0,0,0,0,0,0
1025,4,10,1500,2000,21272531,2,"ifeval_min30",2,3,2,3,0.05,0,0,0,2.28699830314144,0,0,0,0,0,0
1026,4,10,1500,2000,21272531,2,"ifeval_min30",2,3,2,3,0.05,0,0,0,2.89607499516569,0,0,0,0,0,0
1027,4,10,1500,2000,21272531,2,"ifeval_min30",2,3,2,3,0.05,0,0,0,2.61646617553197,0,0,0,0,0,0
1028,4,10,1500,2000,21272531,2,"ifeval_min30",2,3,2,3,0.05,0,0,0,2.00993703468703,0,0,0,0,0,0
1029,4,10,1500,2000,21272531,2,"ifeval_min30",2,3,2,3,0.05,0,0,0,2.45788140199147,0,0,0,0,0,0
1030,4,10,1500,2000,21272531,2,"ifeval_min30",2,3,2,3,0.05,0,0,0,2.22819084930234,0,0,0,0,0,0
1031,4,10,1500,2000,21272531,2,"ifeval_min30",2,3,2,3,0.05,0,0,0,2.14786290191114,0,0,0,0,0,0
1032,4,10,1500,2000,21272531,2,"ifeval_min30",2,3,2,3,0.05,0,0,0,2.04997679591179,0,0,0,0,0,0
1033,4,10,1500,2000,21272531,2,"ifeval_min30",2,3,2,3,0.05,0,0,0,2.87670454545878,0,0,0,0,0,0
1034,4,10,1500,2000,21272531,2,"ifeval_min30",2,3,2,3,0.05,0,0,0,2.07606621296145,0,0,0,0,0,0
1035,4,10,1500,2000,21272531,2,"ifeval_min30",2,3,2,3,0.05,0,0,0,2.96554568200372,0,0,0,0,0,0
1036,4,10,1500,2000,21272531,2,"ifeval_min30",2,3,2,3,0.05,0,0,0,2.14868923998438,0,0,0,0,0,0
1037,4,10,1500,2000,21272531,2,"ifeval_min30",2,3,2,3,0.05,0,0,0,2.48579818243161,0,0,0,0,0,0
1038,4,10,1500,2000,21272531,2,"ifeval_min30",2,3,2,3,0.05,0,0,0,2.44328796537593,0,0,0,0,0,-2.12132527818903
1039,4,10,1500,2000,21272531,2,"ifeval_min30",2,3,2,3,0.05,0,0,0,2.61878472869284,0,0,0,0,0,0
1040,4,10,1500,2000,21272531,2,"ifeval_min30",2,3,2,3,0.05,2.98247321881354,0,0,2.16696967626922,0,0,0,0,0,0
1041,4,10,1500,2000,21272531,2,"ifeval_min30",2,3,2,3,0.05,0,0,0,2.46548501914367,0,0,0,0,0,0
1042,4,10,1500,2000,21272531,2,"ifeval_min30",2,3,2,3,0.05,0,0,0,2.79135637683794,0,-2.87555791670457,2.18664847943,0,0,0
1043,4,10,1500,2000,21272531,2,"ifeval_min30",2,3,2,3,0.05,0,0,0,2.02834307239391,2.53294662176631,0,0,0,0,0
1044,4,10,1500,2000,21272531,2,"ifeval_min30",2,3,2,3,0.05,0,2.80707048950717,0,2.08213157881983,0,0,0,0,0,0
1045,4,10,1500,2000,21272531,2,"ifeval_min30",2,3,2,3,0.05,0,0,0,2.15043960162438,2.96596303978004,0,0,2.20262599852867,0,0
1046,4,10,1500,2000,21272531,2,"ifeval_min30",2,3,2,3,0.05,0,0,0,2.37220007553697,0,0,0,0,0,0
1047,4,10,1500,2000,21272531,2,"ifeval_min30",2,3,2,3,0.05,0,0,0,2.03788559301756,0,0,0,0,0,0
1048,4,10,1500,2000,21272531,2,"ifeval_min30",2,3,2,3,0.05,0,0,0,2.09799755737185,0,0,0,0,0,0
1049,4,10,1500,2000,21272531,2,"ifeval_min30",2,3,2,3,0.05,0,0,0,2.37137086084113,0,0,0,0,0,0
1050,4,10,1500,2000,21272531,2,"ifeval_min30",2,3,2,3,0.05,0,0,0,2.58814993826672,0,0,0,0,0,0
1051,4,10,1500,2000,21272531,2,"ifeval_min30",2,3,2,3,0.05,0,0,0,2.76137782051228,0,0,0,0,0,0
1052,4,10,1500,2000,21272531,2,"ifeval_min30",2,3,2,3,0.05,0,0,0,2.40507599967532,0,0,0,0,0,0
1053,4,10,1500,2000,21272531,2,"ifeval_min30",2,3,2,3,0.05,0,0,0,2.85972245922312,0,0,0,0,0,0
1054,4,10,1500,2000,21272531,2,"ifeval_min30",2,3,2,3,0.05,0,0,0,2.98869629530236,0,0,0,0,0,0
1055,4,10,1500,2000,21272531,2,"ifeval_min30",2,3,2,3,0.05,0,0,0,2.03780627972446,0,0,0,2.24549100152217,0,0
1056,4,10,1500,2000,21272531,2,"ifeval_min30",2,3,2,3,0.05,0,0,0,2.83994145714678,0,0,-2.17350224149413,0,0,0
1057,5,10,1500,2000,21272531,2,"ifeval_min30",2,3,2,3,0.05,0,0,0,0,2.11034952825867,0,0,2.20733273169026,0,0
1058,5,10,1500,2000,21272531,2,"ifeval_min30",2,3,2,3,0.05,0,0,0,0,2.378591587767,0,0,0,0,0
1059,5,10,1500,2000,21272531,2,"ifeval_min30",2,3,2,3,0.05,0,0,0,0,2.36069183959626,0,0,2.22091506631114,0,0
1060,5,10,1500,2000,21272531,2,"ifeval_min30",2,3,2,3,0.05,0,0,0,0,2.39055387605913,0,2.02169421757571,0,0,0
1061,5,10,1500,2000,21272531,2,"ifeval_min30",2,3,2,3,0.05,0,0,0,0,2.05538542103022,0,0,0,0,0
1062,5,10,1500,2000,21272531,2,"ifeval_min30",2,3,2,3,0.05,-2.15284302737564,0,0,-2.10265969415195,2.49935000692494,0,0,0,0,0
1063,5,10,1500,2000,21272531,2,"ifeval_min30",2,3,2,3,0.05,0,0,0,0,2.05174929066561,0,0,0,0,0
1064,5,10,1500,2000,21272531,2,"ifeval_min30",2,3,2,3,0.05,0,0,0,0,2.98268915060908,0,0,0,0,0
1065,5,10,1500,2000,21272531,2,"ifeval_min30",2,3,2,3,0.05,0,0,0,0,2.13409934472293,0,0,-2.62651920341887,0,-2.63602822949179
1066,5,10,1500,2000,21272531,2,"ifeval_min30",2,3,2,3,0.05,0,0,0,0,2.23473511869088,0,0,0,0,0
1067,5,10,1500,2000,21272531,2,"ifeval_min30",2,3,2,3,0.05,0,0,0,0,2.65654973615892,0,0,0,0,0
1068,5,10,1500,2000,21272531,2,"ifeval_min30",2,3,2,3,0.05,0,0,0,0,2.50907161203213,0,0,0,0,0
1069,5,10,1500,2000,21272531,2,"ifeval_min30",2,3,2,3,0.05,0,0,0,0,2.42521502822638,-2.40287909703329,0,0,0,0
1070,5,10,1500,2000,21272531,2,"ifeval_min30",2,3,2,3,0.05,0,0,0,0,2.09347396087833,0,0,0,0,0
1071,5,10,1500,2000,21272531,2,"ifeval_min30",2,3,2,3,0.05,0,-2.5827180845663,0,0,2.27713819639757,0,0,0,0,0
1072,5,10,1500,2000,21272531,2,"ifeval_min30",2,3,2,3,0.05,0,0,0,0,2.75121054030024,0,0,0,0,0
1073,5,10,1500,2000,21272531,2,"ifeval_min30",2,3,2,3,0.05,0,0,0,0,2.23071051668376,0,0,0,-2.27884658239782,0
1074,5,10,1500,2000,21272531,2,"ifeval_min30",2,3,2,3,0.05,0,2.58490464813076,2.25448438618332,0,2.24307400244288,0,0,0,0,0
1075,5,10,1500,2000,21272531,2,"ifeval_min30",2,3,2,3,0.05,0,0,0,0,2.8535639969632,0,0,0,0,0
1076,5,10,1500,2000,21272531,2,"ifeval_min30",2,3,2,3,0.05,2.11785601498559,0,0,0,2.87805136246607,0,0,0,0,0
1077,5,10,1500,2000,21272531,2,"ifeval_min30",2,3,2,3,0.05,0,0,0,0,2.77360797836445,0,0,0,0,0
1078,5,10,1500,2000,21272531,2,"ifeval_min30",2,3,2,3,0.05,0,0,0,0,2.12141490797512,0,0,0,0,0
1079,5,10,1500,2000,21272531,2,"ifeval_min30",2,3,2,3,0.05,0,0,0,0,2.45071050082333,0,0,0,0,0
1080,5,10,1500,2000,21272531,2,"ifeval_min30",2,3,2,3,0.05,0,0,0,0,2.73131810128689,0,0,0,0,0
1081,5,10,1500,2000,21272531,2,"ifeval_min30",2,3,2,3,0.05,0,0,0,0,2.26706556719728,0,0,0,0,0
1082,5,10,1500,2000,21272531,2,"ifeval_min30",2,3,2,3,0.05,0,0,0,0,2.3128754326608,0,0,0,0,0
1083,5,10,1500,2000,21272531,2,"ifeval_min30",2,3,2,3,0.05,0,0,0,0,2.5337174013257,0,0,0,0,0
1084,5,10,1500,2000,21272531,2,"ifeval_min30",2,3,2,3,0.05,0,0,0,0,2.38866988499649,0,0,0,0,0
1085,5,10,1500,2000,21272531,2,"ifeval_min30",2,3,2,3,0.05,0,0,0,0,2.44748398265801,0,0,0,0,0
1086,5,10,1500,2000,21272531,2,"ifeval_min30",2,3,2,3,0.05,0,0,0,0,2.14520908077247,0,0,2.96745810541324,0,0
1087,5,10,1500,2000,21272531,2,"ifeval_min30",2,3,2,3,0.05,0,0,0,0,2.58008834719658,0,0,0,0,0
1088,5,10,1500,2000,21272531,2,"ifeval_min30",2,3,2,3,0.05,0,0,0,0,2.22062614629976,0,0,0,0,0
1089,5,10,1500,2000,21272531,2,"ifeval_min30",2,3,2,3,0.05,0,0,0,0,2.77092305012047,0,0,0,0,0
1090,5,10,1500,2000,21272531,2,"ifeval_min30",2,3,2,3,0.05,0,0,0,2.2212525466457,2.81137852161191,0,0,0,0,0
1091,5,10,1500,2000,21272531,2,"ifeval_min30",2,3,2,3,0.05,0,0,0,0,2.82734971656464,0,2.36350147635676,0,0,2.92715235287324
1092,5,10,1500,2000,21272531,2,"ifeval_min30",2,3,2,3,0.05,0,0,0,0,2.76022047339939,0,0,0,0,0
1093,5,10,1500,2000,21272531,2,"ifeval_min30",2,3,2,3,0.05,0,0,0,0,2.98312218883075,0,0,0,0,0
1094,5,10,1500,2000,21272531,2,"ifeval_min30",2,3,2,3,0.05,0,0,0,0,2.34229531837627,0,0,0,0,0
1095,5,10,1500,2000,21272531,2,"ifeval_min30",2,3,2,3,0.05,0,0,0,0,2.12349838460796,0,0,0,0,0
1096,5,10,1500,2000,21272531,2,"ifeval_min30",2,3,2,3,0.05,0,0,0,2.62121582985856,2.77693577925675,0,0,0,0,0
1097,5,10,1500,2000,21272531,2,"ifeval_min30",2,3,2,3,0.05,0,0,0,0,2.12578113330528,0,0,0,0,0
1098,5,10,1500,2000,21272531,2,"ifeval_min30",2,3,2,3,0.05,0,0,0,2.54475809400901,2.28297213139012,0,0,0,0,0
1099,5,10,1500,2000,21272531,2,"ifeval_min30",2,3,2,3,0.05,0,0,0,0,2.87541619455442,0,0,2.94164551934227,0,0
1100,5,10,1500,2000,21272531,2,"ifeval_min30",2,3,2,3,0.05,0,0,0,0,2.46032074606046,0,0,0,0,0
1101,5,10,1500,2000,21272531,2,"ifeval_min30",2,3,2,3,0.05,0,0,0,0,2.80001584812999,0,0,0,0,0
1102,5,10,1500,2000,21272531,2,"ifeval_min30",2,3,2,3,0.05,0,0,0,0,2.18064805911854,0,2.794630556833,0,0,0
1103,5,10,1500,2000,21272531,2,"ifeval_min30",2,3,2,3,0.05,0,0,0,0,2.34668839746155,0,0,0,0,0
1104,5,10,1500,2000,21272531,2,"ifeval_min30",2,3,2,3,0.05,-2.07370455190539,0,0,0,2.37522813072428,0,0,0,0,2.44877570588142
1105,5,10,1500,2000,21272531,2,"ifeval_min30",2,3,2,3,0.05,0,0,0,0,2.95556463836692,0,0,0,0,0
1106,5,10,1500,2000,21272531,2,"ifeval_min30",2,3,2,3,0.05,0,2.01156513998285,0,0,2.18056022678502,0,0,0,0,0
1107,5,10,1500,2000,21272531,2,"ifeval_min30",2,3,2,3,0.05,0,0,0,0,2.4290188185405,0,0,0,0,0
1108,5,10,1500,2000,21272531,2,"ifeval_min30",2,3,2,3,0.05,0,0,0,0,2.94913402013481,0,0,0,0,0
1109,5,10,1500,2000,21272531,2,"ifeval_min30",2,3,2,3,0.05,0,0,0,0,2.46074434672482,0,0,2.00705033983104,0,0
1110,5,10,1500,2000,21272531,2,"ifeval_min30",2,3,2,3,0.05,0,0,0,0,2.33334647421725,0,0,0,0,0
1111,5,10,1500,2000,21272531,2,"ifeval_min30",2,3,2,3,0.05,0,2.12212561327033,0,0,2.84388522151858,0,0,0,0,0
1112,5,10,1500,2000,21272531,2,"ifeval_min30",2,3,2,3,0.05,0,0,0,0,2.21830542967655,0,0,0,0,0
1113,5,10,1500,2000,21272531,2,"ifeval_min30",2,3,2,3,0.05,2.89268098399043,0,0,0,2.6636146788951,-2.71540525113232,0,0,2.30100626847707,0
1114,5,10,1500,2000,21272531,2,"ifeval_min30",2,3,2,3,0.05,0,0,0,0,2.11279679229483,0,0,-2.35027565248311,0,0
1115,5,10,1500,2000,21272531,2,"ifeval_min30",2,3,2,3,0.05,0,0,0,0,2.84050477272831,0,0,0,0,0
1116,5,10,1500,2000,21272531,2,"ifeval_min30",2,3,2,3,0.05,0,0,0,0,2.97252989700064,0,0,0,0,0
1117,5,10,1500,2000,21272531,2,"ifeval_min30",2,3,2,3,0.05,0,0,0,0,2.3326221704483,0,0,0,0,0
1118,5,10,1500,2000,21272531,2,"ifeval_min30",2,3,2,3,0.05,0,0,0,0,2.22144516371191,0,0,0,0,0
1119,5,10,1500,2000,21272531,2,"ifeval_min30",2,3,2,3,0.05,0,0,0,0,2.78997810743749,0,0,0,0,0
1120,5,10,1500,2000,21272531,2,"ifeval_min30",2,3,2,3,0.05,0,0,0,0,2.54618928139098,0,0,0,0,0
1121,5,10,1500,2000,21272531,2,"ifeval_min30",2,3,2,3,0.05,0,-2.67816322459839,0,0,2.4147546463646,-2.64238629722968,0,0,-2.84867108729668,0
1122,5,10,1500,2000,21272531,2,"ifeval_min30",2,3,2,3,0.05,0,0,0,0,2.78602144215256,0,0,2.86862963763997,0,0
1123,5,10,1500,2000,21272531,2,"ifeval_min30",2,3,2,3,0.05,-2.02940161922015,0,0,0,2.50439145159908,0,0,2.26470192335546,0,0
1124,5,10,1500,2000,21272531,2,"ifeval_min30",2,3,2,3,0.05,0,0,0,0,2.64824192039669,0,0,0,0,0
1125,5,10,1500,2000,21272531,2,"ifeval_min30",2,3,2,3,0.05,0,0,0,-2.55139986262657,2.52960429294035,0,0,0,0,0
1126,5,10,1500,2000,21272531,2,"ifeval_min30",2,3,2,3,0.05,0,0,0,0,2.38987463130616,0,0,0,0,0
1127,5,10,1500,2000,21272531,2,"ifeval_min30",2,3,2,3,0.05,0,2.8389785727486,0,0,2.31561861163937,0,0,0,0,0
1128,5,10,1500,2000,21272531,2,"ifeval_min30",2,3,2,3,0.05,0,-2.11358776083216,0,0,2.23955531604588,0,-2.8898854253348,0,0,0
1129,5,10,1500,2000,21272531,2,"ifeval_min30",2,3,2,3,0.05,0,0,0,0,2.9023268497549,0,0,0,0,0
1130,5,10,1500,2000,21272531,2,"ifeval_min30",2,3,2,3,0.05,0,0,0,0,2.21895494940691,0,0,0,0,0
1131,5,10,1500,2000,21272531,2,"ifeval_min30",2,3,2,3,0.05,0,0,0,0,2.50543658924289,0,0,0,0,0
1132,5,10,1500,2000,21272531,2,"ifeval_min30",2,3,2,3,0.05,0,0,2.57430861680768,0,2.65221459930763,0,-2.68062743335031,0,0,0
1133,5,10,1500,2000,21272531,2,"ifeval_min30",2,3,2,3,0.05,0,0,0,-2.87162826443091,2.93352435901761,0,0,0,0,0
1134,5,10,1500,2000,21272531,2,"ifeval_min30",2,3,2,3,0.05,0,0,0,0,2.57779967505485,0,0,0,0,0
1135,5,10,1500,2000,21272531,2,"ifeval_min30",2,3,2,3,0.05,0,0,0,0,2.78523980989121,0,0,0,2.09850562480278,0
1136,5,10,1500,2000,21272531,2,"ifeval_min30",2,3,2,3,0.05,2.37285292660818,0,0,0,2.71571799577214,0,0,2.4608784657903,0,0
1137,5,10,1500,2000,21272531,2,"ifeval_min30",2,3,2,3,0.05,2.63274108781479,0,0,0,2.2554643151816,0,-2.24852944491431,0,0,0
1138,5,10,1500,2000,21272531,2,"ifeval_min30",2,3,2,3,0.05,0,0,0,0,2.68037827499211,0,0,0,0,0
1139,5,10,1500,2000,21272531,2,"ifeval_min30",2,3,2,3,0.05,-2.91763708903454,0,0,0,2.35008238581941,0,0,0,0,0
1140,5,10,1500,2000,21272531,2,"ifeval_min30",2,3,2,3,0.05,0,0,0,0,2.1833237670362,0,0,0,0,0
1141,5,10,1500,2000,21272531,2,"ifeval_min30",2,3,2,3,0.05,0,0,0,0,2.2265963209793,0,0,0,0,0
1142,5,10,1500,2000,21272531,2,"ifeval_min30",2,3,2,3,0.05,0,0,0,0,2.1811560341157,0,0,0,0,0
1143,5,10,1500,2000,21272531,2,"ifeval_min30",2,3,2,3,0.05,0,0,0,0,2.7834126194939,0,0,0,-2.93575755273923,0
1144,5,10,1500,2000,21272531,2,"ifeval_min30",2,3,2,3,0.05,-2.25623140810058,0,2.29492108151317,0,2.83406627667136,0,0,0,0,0
1145,5,10,1500,2000,21272531,2,"ifeval_min30",2,3,2,3,0.05,0,0,0,0,2.9504047378432,0,0,0,0,-2.26472874474712
1146,5,10,1500,2000,21272531,2,"ifeval_min30",2,3,2,3,0.05,0,0,0,0,2.32133578998037,0,0,0,0,0
1147,5,10,1500,2000,21272531,2,"ifeval_min30",2,3,2,3,0.05,0,0,0,0,2.94048066600226,0,0,0,0,0
1148,5,10,1500,2000,21272531,2,"ifeval_min30",2,3,2,3,0.05,0,0,0,0,2.796246152604,0,0,0,0,0
1149,5,10,1500,2000,21272531,2,"ifeval_min30",2,3,2,3,0.05,0,0,0,0,2.23635173146613,0,0,0,0,0
1150,5,10,1500,2000,21272531,2,"ifeval_min30",2,3,2,3,0.05,0,0,0,0,2.48069794359617,0,0,0,0,0
1151,5,10,1500,2000,21272531,2,"ifeval_min30",2,3,2,3,0.05,0,0,0,0,2.8082011025399,0,0,2.07675689249299,0,-2.64398235781118
1152,5,10,1500,2000,21272531,2,"ifeval_min30",2,3,2,3,0.05,0,0,0,0,2.20283758221194,0,0,0,2.95057244063355,0
1153,5,10,1500,2000,21272531,2,"ifeval_min30",2,3,2,3,0.05,0,0,0,0,2.27865412295796,0,0,0,0,0
1154,5,10,1500,2000,21272531,2,"ifeval_min30",2,3,2,3,0.05,0,0,0,0,2.73613318894058,0,0,0,0,0
1155,6,10,1500,2000,21272531,2,"ifeval_min30",2,3,2,3,0.05,0,0,0,0,0,2.16683766921051,0,0,0,0
1156,6,10,1500,2000,21272531,2,"ifeval_min30",2,3,2,3,0.05,0,0,0,0,0,2.2739860911388,0,0,0,0
1157,6,10,1500,2000,21272531,2,"ifeval_min30",2,3,2,3,0.05,0,0,0,0,0,2.55073057138361,0,0,0,0
1158,6,10,1500,2000,21272531,2,"ifeval_min30",2,3,2,3,0.05,0,0,0,0,0,2.13331667217426,0,0,0,0
1159,6,10,1500,2000,21272531,2,"ifeval_min30",2,3,2,3,0.05,0,0,0,0,0,2.18954712641425,0,0,0,0
1160,6,10,1500,2000,21272531,2,"ifeval_min30",2,3,2,3,0.05,0,0,2.26764084561728,0,0,2.7385270842351,0,0,0,0
1161,6,10,1500,2000,21272531,2,"ifeval_min30",2,3,2,3,0.05,0,0,0,0,0,2.43928945460357,0,0,0,0
1162,6,10,1500,2000,21272531,2,"ifeval_min30",2,3,2,3,0.05,0,0,0,0,0,2.10742640285753,0,0,0,0
1163,6,10,1500,2000,21272531,2,"ifeval_min30",2,3,2,3,0.05,0,0,0,0,0,2.84380301646888,0,0,0,0
1164,6,10,1500,2000,21272531,2,"ifeval_min30",2,3,2,3,0.05,0,0,0,0,0,2.22637327224948,0,0,0,0
1165,6,10,1500,2000,21272531,2,"ifeval_min30",2,3,2,3,0.05,0,0,0,-2.46482243039645,0,2.50346781569533,0,-2.83135869912803,0,-2.22452532243915
1166,6,10,1500,2000,21272531,2,"ifeval_min30",2,3,2,3,0.05,0,0,0,0,0,2.72670658864081,0,0,0,0
1167,6,10,1500,2000,21272531,2,"ifeval_min30",2,3,2,3,0.05,0,0,0,0,0,2.8188964119181,0,0,0,0
1168,6,10,1500,2000,21272531,2,"ifeval_min30",2,3,2,3,0.05,0,0,0,0,0,2.30064433440566,0,0,0,0
1169,6,10,1500,2000,21272531,2,"ifeval_min30",2,3,2,3,0.05,0,0,0,0,0,2.51414659828879,0,0,0,0
1170,6,10,1500,2000,21272531,2,"ifeval_min30",2,3,2,3,0.05,0,0,0,0,0,2.43836998729967,0,0,0,0
1171,6,10,1500,2000,21272531,2,"ifeval_min30",2,3,2,3,0.05,0,-2.4486166308634,0,0,0,2.67588471551426,0,0,0,0
1172,6,10,1500,2000,21272531,2,"ifeval_min30",2,3,2,3,0.05,0,0,0,0,0,2.47804163326509,0,0,0,0
1173,6,10,1500,2000,21272531,2,"ifeval_min30",2,3,2,3,0.05,0,0,0,0,0,2.06569859478623,0,0,0,0
1174,6,10,1500,2000,21272531,2,"ifeval_min30",2,3,2,3,0.05,0,0,0,0,0,2.03460104111582,0,0,0,0
1175,6,10,1500,2000,21272531,2,"ifeval_min30",2,3,2,3,0.05,0,0,0,0,0,2.47876689350232,0,0,0,0
1176,6,10,1500,2000,21272531,2,"ifeval_min30",2,3,2,3,0.05,0,0,0,-2.15485073672608,0,2.04884794075042,0,0,0,0
1177,6,10,1500,2000,21272531,2,"ifeval_min30",2,3,2,3,0.05,0,0,0,0,0,2.28487651934847,0,0,0,0
1178,6,10,1500,2000,21272531,2,"ifeval_min30",2,3,2,3,0.05,0,0,0,2.16163065400906,0,2.37485024170019,0,0,0,0
1179,6,10,1500,2000,21272531,2,"ifeval_min30",2,3,2,3,0.05,0,0,-2.64174480666406,0,0,2.85786391305737,0,0,0,0
1180,6,10,1500,2000,21272531,2,"ifeval_min30",2,3,2,3,0.05,0,0,0,0,0,2.8071079372894,0,0,0,0
1181,6,10,1500,2000,21272531,2,"ifeval_min30",2,3,2,3,0.05,0,0,0,0,0,2.11253795470111,0,0,0,0
1182,6,10,1500,2000,21272531,2,"ifeval_min30",2,3,2,3,0.05,0,0,0,0,0,2.74590933928266,0,0,0,0
1183,6,10,1500,2000,21272531,2,"ifeval_min30",2,3,2,3,0.05,0,0,0,0,0,2.60794272599742,0,0,0,0
1184,6,10,1500,2000,21272531,2,"ifeval_min30",2,3,2,3,0.05,0,0,0,0,0,2.88200666126795,0,0,0,0
1185,6,10,1500,2000,21272531,2,"ifeval_min30",2,3,2,3,0.05,0,0,0,0,0,2.41105384891853,0,0,0,0
1186,6,10,1500,2000,21272531,2,"ifeval_min30",2,3,2,3,0.05,0,0,0,0,0,2.2889937364962,0,2.36086551984772,0,0
1187,6,10,1500,2000,21272531,2,"ifeval_min30",2,3,2,3,0.05,0,0,0,0,0,2.00768012157641,0,0,0,0
1188,6,10,1500,2000,21272531,2,"ifeval_min30",2,3,2,3,0.05,0,0,0,0,0,2.27862366475165,0,0,0,0
1189,6,10,1500,2000,21272531,2,"ifeval_min30",2,3,2,3,0.05,0,0,0,0,0,2.95405681547709,0,0,0,0
1190,6,10,1500,2000,21272531,2,"ifeval_min30",2,3,2,3,0.05,0,0,0,0,0,2.80324329552241,0,0,0,0
1191,6,10,1500,2000,21272531,2,"ifeval_min30",2,3,2,3,0.05,0,0,0,0,0,2.42861962504685,0,0,0,0
1192,6,10,1500,2000,21272531,2,"ifeval_min30",2,3,2,3,0.05,0,0,0,0,0,2.50865697255358,2.24445085879415,0,0,0
1193,6,10,1500,2000,21272531,2,"ifeval_min30",2,3,2,3,0.05,0,0,0,0,0,2.59983701608144,0,0,0,0
1194,6,10,1500,2000,21272531,2,"ifeval_min30",2,3,2,3,0.05,0,0,0,0,0,2.36519527318887,0,0,0,-2.46016217605211
1195,6,10,1500,2000,21272531,2,"ifeval_min30",2,3,2,3,0.05,0,0,0,0,0,2.25556238507852,-2.60452328575775,0,0,0
1196,6,10,1500,2000,21272531,2,"ifeval_min30",2,3,2,3,0.05,0,0,0,0,0,2.48609934397973,0,0,0,0
1197,6,10,1500,2000,21272531,2,"ifeval_min30",2,3,2,3,0.05,0,0,0,0,0,2.99906409461983,0,0,0,0
1198,6,10,1500,2000,21272531,2,"ifeval_min30",2,3,2,3,0.05,0,0,0,0,0,2.31605817680247,0,0,-2.60948713915423,0
1199,6,10,1500,2000,21272531,2,"ifeval_min30",2,3,2,3,0.05,0,0,2.80599641334265,0,0,2.94896560255438,0,0,0,0
1200,6,10,1500,2000,21272531,2,"ifeval_min30",2,3,2,3,0.05,0,0,0,2.24234681017697,0,2.21348750591278,0,0,0,0
1201,6,10,1500,2000,21272531,2,"ifeval_min30",2,3,2,3,0.05,2.43390014558099,0,0,0,0,2.63418839592487,0,0,0,0
1202,6,10,1500,2000,21272531,2,"ifeval_min30",2,3,2,3,0.05,0,0,0,0,0,2.9626301440876,0,0,0,-2.26820187573321
1203,6,10,1500,2000,21272531,2,"ifeval_min30",2,3,2,3,0.05,0,0,0,0,0,2.24089122703299,0,0,0,0
1204,6,10,1500,2000,21272531,2,"ifeval_min30",2,3,2,3,0.05,0,0,0,0,0,2.2322487689089,0,0,0,2.15969501342624
1205,6,10,1500,2000,21272531,2,"ifeval_min30",2,3,2,3,0.05,0,0,0,0,0,2.31639107037336,0,0,0,0
1206,6,10,1500,2000,21272531,2,"ifeval_min30",2,3,2,3,0.05,0,0,0,0,0,2.59574227617122,0,0,0,0
1207,6,10,1500,2000,21272531,2,"ifeval_min30",2,3,2,3,0.05,0,0,0,0,0,2.07258181017824,0,0,0,0
1208,6,10,1500,2000,21272531,2,"ifeval_min30",2,3,2,3,0.05,-2.93842194997706,-2.69757083361037,0,0,0,2.62730577751063,0,0,0,0
1209,6,10,1500,2000,21272531,2,"ifeval_min30",2,3,2,3,0.05,0,0,0,0,0,2.4538589278236,2.82531285565346,-2.407249617856,0,0
1210,6,10,1500,2000,21272531,2,"ifeval_min30",2,3,2,3,0.05,0,0,0,0,0,2.86664703022689,0,0,0,0
1211,6,10,1500,2000,21272531,2,"ifeval_min30",2,3,2,3,0.05,0,0,0,0,0,2.83093011239544,0,0,0,0
1212,6,10,1500,2000,21272531,2,"ifeval_min30",2,3,2,3,0.05,0,0,0,0,0,2.45107808290049,2.36621329351328,0,0,0
1213,6,10,1500,2000,21272531,2,"ifeval_min30",2,3,2,3,0.05,0,0,0,0,0,2.92975095985457,0,0,0,0
1214,6,10,1500,2000,21272531,2,"ifeval_min30",2,3,2,3,0.05,0,0,0,0,0,2.42643295205198,0,0,0,0
1215,6,10,1500,2000,21272531,2,"ifeval_min30",2,3,2,3,0.05,0,0,0,0,0,2.81544619123451,0,0,0,0
1216,6,10,1500,2000,21272531,2,"ifeval_min30",2,3,2,3,0.05,0,0,0,0,0,2.03944191848859,0,2.66043631453067,0,0
1217,6,10,1500,2000,21272531,2,"ifeval_min30",2,3,2,3,0.05,0,0,0,0,2.17106060264632,2.41483621206135,0,0,0,0
1218,6,10,1500,2000,21272531,2,"ifeval_min30",2,3,2,3,0.05,0,0,0,0,0,2.0780771903228,0,0,-2.020912342472,0
1219,6,10,1500,2000,21272531,2,"ifeval_min30",2,3,2,3,0.05,0,0,0,0,0,2.31517892563716,0,0,0,0
1220,6,10,1500,2000,21272531,2,"ifeval_min30",2,3,2,3,0.05,0,2.01085248868912,0,0,0,2.1979174579028,0,0,0,0
1221,6,10,1500,2000,21272531,2,"ifeval_min30",2,3,2,3,0.05,0,0,0,0,0,2.37996403314173,2.91512629552744,2.50103004206903,0,0
1222,6,10,1500,2000,21272531,2,"ifeval_min30",2,3,2,3,0.05,0,0,0,0,0,2.08682561293244,0,0,0,0
1223,6,10,1500,2000,21272531,2,"ifeval_min30",2,3,2,3,0.05,0,0,0,0,0,2.81885187374428,0,0,0,0
1224,6,10,1500,2000,21272531,2,"ifeval_min30",2,3,2,3,0.05,0,0,0,0,0,2.55885777878575,0,0,0,0
1225,6,10,1500,2000,21272531,2,"ifeval_min30",2,3,2,3,0.05,0,0,0,2.43688305909745,0,2.43692883476615,0,0,-2.79482250427827,0
1226,6,10,1500,2000,21272531,2,"ifeval_min30",2,3,2,3,0.05,0,0,0,0,0,2.3865156522952,0,0,0,0
1227,6,10,1500,2000,21272531,2,"ifeval_min30",2,3,2,3,0.05,0,0,0,0,0,2.50514707178809,0,0,0,0
1228,6,10,1500,2000,21272531,2,"ifeval_min30",2,3,2,3,0.05,0,0,0,0,0,2.37422025552951,0,0,0,0
1229,6,10,1500,2000,21272531,2,"ifeval_min30",2,3,2,3,0.05,0,-2.8969458041247,0,0,0,2.27853325405158,0,0,0,0
1230,6,10,1500,2000,21272531,2,"ifeval_min30",2,3,2,3,0.05,0,0,0,0,0,2.56245354819112,0,0,0,0
1231,6,10,1500,2000,21272531,2,"ifeval_min30",2,3,2,3,0.05,0,0,0,0,0,2.17854974349029,0,0,0,0
1232,6,10,1500,2000,21272531,2,"ifeval_min30",2,3,2,3,0.05,-2.20718749705702,0,0,0,0,2.56991939572617,0,2.52087247790769,0,0
1233,6,10,1500,2000,21272531,2,"ifeval_min30",2,3,2,3,0.05,0,0,0,0,0,2.70900361379609,0,0,0,0
1234,6,10,1500,2000,21272531,2,"ifeval_min30",2,3,2,3,0.05,0,0,0,0,0,2.62980953534134,0,0,0,0
1235,6,10,1500,2000,21272531,2,"ifeval_min30",2,3,2,3,0.05,0,0,0,2.35267561115324,0,2.60115309827961,0,0,0,0
1236,6,10,1500,2000,21272531,2,"ifeval_min30",2,3,2,3,0.05,0,0,0,0,0,2.18282606382854,0,0,0,0
1237,6,10,1500,2000,21272531,2,"ifeval_min30",2,3,2,3,0.05,0,0,0,0,0,2.76973873772658,0,0,0,0
1238,6,10,1500,2000,21272531,2,"ifeval_min30",2,3,2,3,0.05,0,0,0,0,0,2.09885876835324,0,0,0,0
1239,7,10,1500,2000,21272531,2,"ifeval_min30",2,3,2,3,0.05,0,0,0,0,0,0,2.32130496995524,0,0,0
1240,7,10,1500,2000,21272531,2,"ifeval_min30",2,3,2,3,0.05,0,0,0,0,0,0,2.16141502652317,0,0,0
1241,7,10,1500,2000,21272531,2,"ifeval_min30",2,3,2,3,0.05,0,0,0,0,0,0,2.01042683399282,0,2.94365500169806,0
1242,7,10,1500,2000,21272531,2,"ifeval_min30",2,3,2,3,0.05,0,0,0,0,0,0,2.21613822481595,0,0,0
1243,7,10,1500,2000,21272531,2,"ifeval_min30",2,3,2,3,0.05,0,0,0,0,0,0,2.02770951413549,0,0,0
1244,7,10,1500,2000,21272531,2,"ifeval_min30",2,3,2,3,0.05,0,0,0,0,0,0,2.26589189562947,0,0,0
1245,7,10,1500,2000,21272531,2,"ifeval_min30",2,3,2,3,0.05,0,0,0,0,0,0,2.33061348926276,0,0,0
1246,7,10,1500,2000,21272531,2,"ifeval_min30",2,3,2,3,0.05,0,0,0,-2.4706273546908,0,0,2.53333185217343,0,0,0
1247,7,10,1500,2000,21272531,2,"ifeval_min30",2,3,2,3,0.05,0,0,0,0,0,0,2.85477692401037,0,0,0
1248,7,10,1500,2000,21272531,2,"ifeval_min30",2,3,2,3,0.05,0,0,0,0,0,0,2.55175213213079,0,0,0
1249,7,10,1500,2000,21272531,2,"ifeval_min30",2,3,2,3,0.05,0,0,0,0,0,-2.89244307158515,2.80738515150733,0,0,0
1250,7,10,1500,2000,21272531,2,"ifeval_min30",2,3,2,3,0.05,0,0,0,0,0,-2.58360627572984,2.47677391418256,0,0,0
1251,7,10,1500,2000,21272531,2,"ifeval_min30",2,3,2,3,0.05,0,0,0,0,0,0,2.66763438982889,0,0,0
1252,7,10,1500,2000,21272531,2,"ifeval_min30",2,3,2,3,0.05,0,0,0,0,0,0,2.42121365456842,0,0,0
1253,7,10,1500,2000,21272531,2,"ifeval_min30",2,3,2,3,0.05,0,0,0,0,0,0,2.84973730472848,0,-2.04607707262039,0
1254,7,10,1500,2000,21272531,2,"ifeval_min30",2,3,2,3,0.05,0,0,0,0,0,0,2.32969927368686,0,0,0
1255,7,10,1500,2000,21272531,2,"ifeval_min30",2,3,2,3,0.05,0,0,0,0,0,0,2.17686841357499,0,0,0
1256,7,10,1500,2000,21272531,2,"ifeval_min30",2,3,2,3,0.05,0,0,0,0,0,0,2.71003300719894,0,0,0
1257,7,10,1500,2000,21272531,2,"ifeval_min30",2,3,2,3,0.05,0,0,0,0,0,0,2.33673258055933,0,0,0
1258,7,10,1500,2000,21272531,2,"ifeval_min30",2,3,2,3,0.05,0,0,0,0,0,0,2.71201740577817,0,0,0
1259,7,10,1500,2000,21272531,2,"ifeval_min30",2,3,2,3,0.05,0,0,0,0,0,0,2.92574555426836,0,0,0
1260,7,10,1500,2000,21272531,2,"ifeval_min30",2,3,2,3,0.05,0,0,0,0,0,0,2.84552411269397,0,0,0
1261,7,10,1500,2000,21272531,2,"ifeval_min30",2,3,2,3,0.05,0,0,0,0,0,0,2.27504636766389,0,0,0
1262,7,10,1500,2000,21272531,2,"ifeval_min30",2,3,2,3,0.05,0,0,0,-2.59218109771609,0,0,2.55401933845133,0,0,0
1263,7,10,1500,2000,21272531,2,"ifeval_min30",2,3,2,3,0.05,0,0,0,0,0,0,2.17914027464576,0,0,0
1264,7,10,1500,2000,21272531,2,"ifeval_min30",2,3,2,3,0.05,0,0,0,0,0,0,2.91594404820353,0,0,0
1265,7,10,1500,2000,21272531,2,"ifeval_min30",2,3,2,3,0.05,0,0,0,0,0,0,2.12667680880986,0,0,0
1266,7,10,1500,2000,21272531,2,"ifeval_min30",2,3,2,3,0.05,0,0,0,0,-2.98357892199419,0,2.95078887767158,0,0,0
1267,7,10,1500,2000,21272531,2,"ifeval_min30",2,3,2,3,0.05,0,0,0,0,0,2.33994864299893,2.94163740100339,0,-2.18840141431428,2.51270072162151
1268,7,10,1500,2000,21272531,2,"ifeval_min30",2,3,2,3,0.05,0,0,0,0,0,0,2.70867552491836,0,0,0
1269,7,10,1500,2000,21272531,2,"ifeval_min30",2,3,2,3,0.05,0,0,0,0,0,0,2.92904547229409,0,0,0
1270,7,10,1500,2000,21272531,2,"ifeval_min30",2,3,2,3,0.05,0,0,0,0,0,0,2.25500076287426,0,0,0
1271,7,10,1500,2000,21272531,2,"ifeval_min30",2,3,2,3,0.05,0,0,0,0,0,0,2.33431595913135,0,0,0
1272,7,10,1500,2000,21272531,2,"ifeval_min30",2,3,2,3,0.05,0,0,0,0,0,0,2.99671690631658,0,0,0
1273,7,10,1500,2000,21272531,2,"ifeval_min30",2,3,2,3,0.05,0,0,0,0,2.67531800130382,0,2.34878799668513,0,0,0
1274,7,10,1500,2000,21272531,2,"ifeval_min30",2,3,2,3,0.05,0,2.32260921830311,0,0,0,0,2.6486592006404,0,0,0
1275,7,10,1500,2000,21272531,2,"ifeval_min30",2,3,2,3,0.05,0,0,0,0,0,0,2.77154946443625,0,0,2.82303446670994
1276,7,10,1500,2000,21272531,2,"ifeval_min30",2,3,2,3,0.05,0,0,0,0,0,0,2.12657935824245,0,0,0
1277,7,10,1500,2000,21272531,2,"ifeval_min30",2,3,2,3,0.05,0,0,0,0,0,0,2.9146631450858,0,0,0
1278,7,10,1500,2000,21272531,2,"ifeval_min30",2,3,2,3,0.05,0,0,0,0,0,0,2.45524467597716,0,0,0
1279,7,10,1500,2000,21272531,2,"ifeval_min30",2,3,2,3,0.05,0,0,0,-2.20087502873503,0,0,2.72309008985758,0,0,0
1280,7,10,1500,2000,21272531,2,"ifeval_min30",2,3,2,3,0.05,2.13201557192951,0,0,0,0,0,2.91649859864265,0,0,0
1281,7,10,1500,2000,21272531,2,"ifeval_min30",2,3,2,3,0.05,0,0,0,0,-2.15628065611236,0,2.19125036918558,0,0,0
1282,7,10,1500,2000,21272531,2,"ifeval_min30",2,3,2,3,0.05,0,0,0,0,0,0,2.92853449704126,0,0,0
1283,7,10,1500,2000,21272531,2,"ifeval_min30",2,3,2,3,0.05,0,0,0,0,0,0,2.58253522356972,-2.97561338939704,0,0
1284,7,10,1500,2000,21272531,2,"ifeval_min30",2,3,2,3,0.05,0,0,0,0,0,0,2.64247365389019,0,0,0
1285,7,10,1500,2000,21272531,2,"ifeval_min30",2,3,2,3,0.05,0,0,0,0,0,0,2.08421030710451,0,-2.91707753925584,0
1286,7,10,1500,2000,21272531,2,"ifeval_min30",2,3,2,3,0.05,0,-2.2481577610597,0,-2.20381467347033,0,0,2.39735221373849,0,0,0
1287,7,10,1500,2000,21272531,2,"ifeval_min30",2,3,2,3,0.05,0,0,-2.85584059730172,0,0,0,2.59451076481491,0,0,0
1288,7,10,1500,2000,21272531,2,"ifeval_min30",2,3,2,3,0.05,2.10384116088971,0,0,0,0,2.25512380967848,2.14159298804589,0,0,0
1289,7,10,1500,2000,21272531,2,"ifeval_min30",2,3,2,3,0.05,0,0,0,0,0,0,2.08457742189057,0,0,0
1290,7,10,1500,2000,21272531,2,"ifeval_min30",2,3,2,3,0.05,0,0,0,0,0,0,2.75741075351834,0,0,0
1291,7,10,1500,2000,21272531,2,"ifeval_min30",2,3,2,3,0.05,0,0,0,0,0,0,2.55835989164189,0,0,0
1292,7,10,1500,2000,21272531,2,"ifeval_min30",2,3,2,3,0.05,0,0,0,0,0,0,2.98790075164288,0,0,0
1293,7,10,1500,2000,21272531,2,"ifeval_min30",2,3,2,3,0.05,0,0,0,0,0,0,2.23892822489142,0,0,0
1294,7,10,1500,2000,21272531,2,"ifeval_min30",2,3,2,3,0.05,0,0,0,0,0,0,2.54184640920721,0,0,0
1295,7,10,1500,2000,21272531,2,"ifeval_min30",2,3,2,3,0.05,0,0,0,0,0,0,2.03703249222599,0,0,0
1296,7,10,1500,2000,21272531,2,"ifeval_min30",2,3,2,3,0.05,0,0,0,0,-2.33595365937799,0,2.0373797363136,0,0,0
1297,7,10,1500,2000,21272531,2,"ifeval_min30",2,3,2,3,0.05,0,-2.2752487952821,0,0,0,0,2.01002756459638,0,0,0
1298,7,10,1500,2000,21272531,2,"ifeval_min30",2,3,2,3,0.05,0,0,0,0,0,0,2.33307069307193,0,0,0
1299,7,10,1500,2000,21272531,2,"ifeval_min30",2,3,2,3,0.05,0,0,0,0,0,0,2.11055667605251,0,0,0
1300,7,10,1500,2000,21272531,2,"ifeval_min30",2,3,2,3,0.05,0,0,0,0,0,0,2.23088566912338,0,0,0
1301,7,10,1500,2000,21272531,2,"ifeval_min30",2,3,2,3,0.05,0,0,0,0,0,0,2.0977149035316,0,0,0
1302,7,10,1500,2000,21272531,2,"ifeval_min30",2,3,2,3,0.05,0,0,0,0,0,0,2.51641589333303,0,0,0
1303,7,10,1500,2000,21272531,2,"ifeval_min30",2,3,2,3,0.05,0,0,0,0,0,0,2.94578475435264,0,0,0
1304,7,10,1500,2000,21272531,2,"ifeval_min30",2,3,2,3,0.05,0,0,0,0,0,0,2.83826724020764,0,0,0
1305,7,10,1500,2000,21272531,2,"ifeval_min30",2,3,2,3,0.05,0,0,0,0,2.40049578645267,-2.08622307470068,2.52322867303155,0,0,0
1306,7,10,1500,2000,21272531,2,"ifeval_min30",2,3,2,3,0.05,0,0,0,0,0,0,2.0329119565431,0,0,0
1307,7,10,1500,2000,21272531,2,"ifeval_min30",2,3,2,3,0.05,0,0,0,0,0,0,2.40394884790294,0,0,0
1308,7,10,1500,2000,21272531,2,"ifeval_min30",2,3,2,3,0.05,0,0,0,0,0,0,2.14020640659146,0,0,0
1309,7,10,1500,2000,21272531,2,"ifeval_min30",2,3,2,3,0.05,0,0,0,0,0,0,2.90531990583986,0,0,0
1310,7,10,1500,2000,21272531,2,"ifeval_min30",2,3,2,3,0.05,0,0,0,0,0,0,2.58750179293565,0,0,0
1311,7,10,1500,2000,21272531,2,"ifeval_min30",2,3,2,3,0.05,0,0,0,2.55310368933715,0,0,2.06029510917142,0,0,0
1312,7,10,1500,2000,21272531,2,"ifeval_min30",2,3,2,3,0.05,0,0,0,0,-2.88046127837151,0,2.02520317770541,0,0,0
1313,8,10,1500,2000,21272531,2,"ifeval_min30",2,3,2,3,0.05,0,0,0,2.206674244022,0,0,0,2.68009300949052,0,0
1314,8,10,1500,2000,21272531,2,"ifeval_min30",2,3,2,3,0.05,0,0,0,0,0,0,0,2.975485508563,0,0
1315,8,10,1500,2000,21272531,2,"ifeval_min30",2,3,2,3,0.05,0,0,0,0,0,0,0,2.06170348869637,0,0
1316,8,10,1500,2000,21272531,2,"ifeval_min30",2,3,2,3,0.05,0,0,0,0,0,0,0,2.48339359858073,0,0
1317,8,10,1500,2000,21272531,2,"ifeval_min30",2,3,2,3,0.05,0,0,0,0,0,0,0,2.53852800955065,0,0
1318,8,10,1500,2000,21272531,2,"ifeval_min30",2,3,2,3,0.05,0,0,0,0,0,0,0,2.55305438954383,0,0
1319,8,10,1500,2000,21272531,2,"ifeval_min30",2,3,2,3,0.05,0,0,0,0,0,0,0,2.66704828152433,0,0
1320,8,10,1500,2000,21272531,2,"ifeval_min30",2,3,2,3,0.05,0,0,0,0,0,0,0,2.1973067522049,0,0
1321,8,10,1500,2000,21272531,2,"ifeval_min30",2,3,2,3,0.05,0,0,0,0,0,0,0,2.17626441665925,0,0
1322,8,10,1500,2000,21272531,2,"ifeval_min30",2,3,2,3,0.05,0,0,0,0,0,0,0,2.11690442985855,0,0
1323,8,10,1500,2000,21272531,2,"ifeval_min30",2,3,2,3,0.05,0,0,0,0,0,0,0,2.07014986569993,0,0
1324,8,10,1500,2000,21272531,2,"ifeval_min30",2,3,2,3,0.05,0,0,0,0,0,0,0,2.61236487678252,0,0
1325,8,10,1500,2000,21272531,2,"ifeval_min30",2,3,2,3,0.05,-2.94026759802364,0,0,0,0,0,0,2.77513821911998,0,0
1326,8,10,1500,2000,21272531,2,"ifeval_min30",2,3,2,3,0.05,0,0,0,0,0,0,0,2.84112210408784,0,-2.64296642993577
1327,8,10,1500,2000,21272531,2,"ifeval_min30",2,3,2,3,0.05,0,0,0,0,0,0,0,2.19876525877044,0,0
1328,8,10,1500,2000,21272531,2,"ifeval_min30",2,3,2,3,0.05,0,0,0,0,0,0,0,2.50412029912695,0,-2.01543122716248
1329,8,10,1500,2000,21272531,2,"ifeval_min30",2,3,2,3,0.05,0,2.24825803446583,0,2.63516138656996,0,0,0,2.37086766422726,0,0
1330,8,10,1500,2000,21272531,2,"ifeval_min30",2,3,2,3,0.05,0,0,0,0,0,0,0,2.52703250502236,2.28966043936089,0
1331,8,10,1500,2000,21272531,2,"ifeval_min30",2,3,2,3,0.05,0,0,0,0,0,0,0,2.12047410733066,0,0
1332,8,10,1500,2000,21272531,2,"ifeval_min30",2,3,2,3,0.05,0,0,0,0,0,0,2.01497398898937,2.36900346586481,0,0
1333,8,10,1500,2000,21272531,2,"ifeval_min30",2,3,2,3,0.05,0,0,0,0,0,0,-2.40050017484464,2.3083134542685,0,0
1334,8,10,1500,2000,21272531,2,"ifeval_min30",2,3,2,3,0.05,0,0,0,0,0,0,2.62462497036904,2.01872765109874,0,0
1335,8,10,1500,2000,21272531,2,"ifeval_min30",2,3,2,3,0.05,0,0,0,2.21358583727852,0,0,0,2.49938147608191,0,0
1336,8,10,1500,2000,21272531,2,"ifeval_min30",2,3,2,3,0.05,0,0,0,0,0,-2.26521775359288,0,2.78870490589179,0,0
1337,8,10,1500,2000,21272531,2,"ifeval_min30",2,3,2,3,0.05,0,0,0,0,0,0,0,2.73262919532135,0,0
1338,8,10,1500,2000,21272531,2,"ifeval_min30",2,3,2,3,0.05,0,0,0,0,0,0,0,2.19387936266139,0,0
1339,8,10,1500,2000,21272531,2,"ifeval_min30",2,3,2,3,0.05,0,0,0,0,0,0,0,2.27404879149981,0,0
1340,8,10,1500,2000,21272531,2,"ifeval_min30",2,3,2,3,0.05,0,0,0,0,0,0,0,2.42462448286824,2.29139705724083,0
1341,8,10,1500,2000,21272531,2,"ifeval_min30",2,3,2,3,0.05,0,0,0,0,0,0,0,2.0327113410458,0,0
1342,8,10,1500,2000,21272531,2,"ifeval_min30",2,3,2,3,0.05,0,0,2.32507755979896,0,0,0,0,2.79673377121799,0,0
1343,8,10,1500,2000,21272531,2,"ifeval_min30",2,3,2,3,0.05,0,0,0,0,0,0,0,2.36484756460413,0,0
1344,8,10,1500,2000,21272531,2,"ifeval_min30",2,3,2,3,0.05,0,0,0,0,0,0,0,2.61214895965531,0,0
1345,8,10,1500,2000,21272531,2,"ifeval_min30",2,3,2,3,0.05,0,0,0,0,2.53441676893272,0,0,2.84406747156754,0,0
1346,8,10,1500,2000,21272531,2,"ifeval_min30",2,3,2,3,0.05,0,0,0,0,2.73090138379484,0,2.47274225112051,2.08527395804413,0,0
1347,8,10,1500,2000,21272531,2,"ifeval_min30",2,3,2,3,0.05,0,0,0,0,0,0,-2.63201416283846,2.71469697123393,0,0
1348,8,10,1500,2000,21272531,2,"ifeval_min30",2,3,2,3,0.05,0,0,0,0,0,0,0,2.26670486084186,0,0
1349,8,10,1500,2000,21272531,2,"ifeval_min30",2,3,2,3,0.05,0,0,0,0,0,0,0,2.23062394070439,0,0
1350,8,10,1500,2000,21272531,2,"ifeval_min30",2,3,2,3,0.05,0,0,0,0,0,0,0,2.33789040986449,0,0
1351,8,10,1500,2000,21272531,2,"ifeval_min30",2,3,2,3,0.05,0,0,0,0,0,0,0,2.52772271214053,0,0
1352,8,10,1500,2000,21272531,2,"ifeval_min30",2,3,2,3,0.05,0,0,0,0,0,0,0,2.17555712000467,0,0
1353,8,10,1500,2000,21272531,2,"ifeval_min30",2,3,2,3,0.05,0,0,0,0,-2.17407051799819,0,0,2.15823001298122,0,0
1354,8,10,1500,2000,21272531,2,"ifeval_min30",2,3,2,3,0.05,0,0,0,0,0,0,0,2.53929496998899,0,0
1355,8,10,1500,2000,21272531,2,"ifeval_min30",2,3,2,3,0.05,0,0,0,0,0,0,0,2.62063816585578,0,0
1356,8,10,1500,2000,21272531,2,"ifeval_min30",2,3,2,3,0.05,0,0,0,0,0,-2.26941274665296,0,2.54337878758088,0,0
1357,8,10,1500,2000,21272531,2,"ifeval_min30",2,3,2,3,0.05,0,0,0,0,0,0,0,2.29877517931163,0,0
1358,8,10,1500,2000,21272531,2,"ifeval_min30",2,3,2,3,0.05,0,0,0,0,0,0,0,2.24959838576615,0,-2.16621271008626
1359,8,10,1500,2000,21272531,2,"ifeval_min30",2,3,2,3,0.05,0,0,0,0,0,0,0,2.37822973402217,0,0
1360,8,10,1500,2000,21272531,2,"ifeval_min30",2,3,2,3,0.05,0,0,0,0,0,0,0,2.92882263404317,2.14031572313979,0
1361,8,10,1500,2000,21272531,2,"ifeval_min30",2,3,2,3,0.05,0,0,0,0,0,0,0,2.30192388803698,0,0
1362,8,10,1500,2000,21272531,2,"ifeval_min30",2,3,2,3,0.05,0,0,0,0,0,0,-2.55310814012773,2.84512146306224,0,0
1363,8,10,1500,2000,21272531,2,"ifeval_min30",2,3,2,3,0.05,0,0,0,0,0,0,0,2.60377095453441,0,0
1364,8,10,1500,2000,21272531,2,"ifeval_min30",2,3,2,3,0.05,0,0,0,0,0,0,0,2.34150235238485,0,0
1365,8,10,1500,2000,21272531,2,"ifeval_min30",2,3,2,3,0.05,0,2.2048098326195,0,0,0,0,0,2.29715275508352,0,0
1366,8,10,1500,2000,21272531,2,"ifeval_min30",2,3,2,3,0.05,0,0,0,0,0,0,0,2.53855719324201,0,0
1367,8,10,1500,2000,21272531,2,"ifeval_min30",2,3,2,3,0.05,0,0,0,0,0,0,0,2.81452250294387,0,0
1368,8,10,1500,2000,21272531,2,"ifeval_min30",2,3,2,3,0.05,0,0,0,0,0,0,0,2.05420661671087,-2.03328945534304,-2.58074140991084
1369,8,10,1500,2000,21272531,2,"ifeval_min30",2,3,2,3,0.05,0,0,0,0,0,0,0,2.39010339067318,0,0
1370,8,10,1500,2000,21272531,2,"ifeval_min30",2,3,2,3,0.05,0,0,0,0,0,0,0,2.32636940758675,0,0
1371,8,10,1500,2000,21272531,2,"ifeval_min30",2,3,2,3,0.05,0,0,0,0,0,0,0,2.96403527376242,0,0
1372,8,10,1500,2000,21272531,2,"ifeval_min30",2,3,2,3,0.05,0,0,0,0,0,0,0,2.41923482366838,0,0
1373,8,10,1500,2000,21272531,2,"ifeval_min30",2,3,2,3,0.05,0,0,0,0,-2.26135503849946,0,0,2.83766589267179,0,0
1374,8,10,1500,2000,21272531,2,"ifeval_min30",2,3,2,3,0.05,0,0,0,0,0,-2.4713587386068,0,2.47553082020022,-2.65478000789881,0
1375,8,10,1500,2000,21272531,2,"ifeval_min30",2,3,2,3,0.05,0,0,0,0,0,0,0,2.18837031326257,0,0
1376,8,10,1500,2000,21272531,2,"ifeval_min30",2,3,2,3,0.05,0,0,0,0,0,0,0,2.83932707598433,0,0
1377,8,10,1500,2000,21272531,2,"ifeval_min30",2,3,2,3,0.05,0,0,0,-2.33981237281114,0,0,0,2.71419242979027,0,0
1378,8,10,1500,2000,21272531,2,"ifeval_min30",2,3,2,3,0.05,0,0,0,0,0,0,0,2.04286738461815,0,0
1379,8,10,1500,2000,21272531,2,"ifeval_min30",2,3,2,3,0.05,0,0,0,0,0,0,0,2.16850899602287,0,0
1380,8,10,1500,2000,21272531,2,"ifeval_min30",2,3,2,3,0.05,0,0,0,0,0,0,0,2.78122794977389,0,0
1381,9,10,1500,2000,21272531,2,"ifeval_min30",2,3,2,3,0.05,0,0,0,0,0,0,0,0,2.99110699188896,0
1382,9,10,1500,2000,21272531,2,"ifeval_min30",2,3,2,3,0.05,0,0,0,0,0,0,2.564774885308,0,2.93198006809689,0
1383,9,10,1500,2000,21272531,2,"ifeval_min30",2,3,2,3,0.05,-2.49919311585836,0,0,0,0,0,0,0,2.11397297168151,0
1384,9,10,1500,2000,21272531,2,"ifeval_min30",2,3,2,3,0.05,2.59819849510677,0,0,0,0,0,0,0,2.97732921293937,0
1385,9,10,1500,2000,21272531,2,"ifeval_min30",2,3,2,3,0.05,0,0,0,0,0,0,0,0,2.94428618228994,0
1386,9,10,1500,2000,21272531,2,"ifeval_min30",2,3,2,3,0.05,0,0,0,0,0,0,-2.90693437191658,0,2.09957422083244,0
1387,9,10,1500,2000,21272531,2,"ifeval_min30",2,3,2,3,0.05,0,0,0,2.23796171089634,0,0,0,0,2.95701815374196,0
1388,9,10,1500,2000,21272531,2,"ifeval_min30",2,3,2,3,0.05,0,0,0,0,0,0,0,0,2.12722881301306,0
1389,9,10,1500,2000,21272531,2,"ifeval_min30",2,3,2,3,0.05,0,0,0,0,0,0,0,0,2.32338129309937,0
1390,9,10,1500,2000,21272531,2,"ifeval_min30",2,3,2,3,0.05,0,2.24551383685321,0,0,0,0,0,0,2.95046827150509,0
1391,9,10,1500,2000,21272531,2,"ifeval_min30",2,3,2,3,0.05,0,0,0,0,0,0,0,0,2.887350454228,0
1392,9,10,1500,2000,21272531,2,"ifeval_min30",2,3,2,3,0.05,0,0,0,0,0,-2.69207252748311,0,0,2.16974252718501,0
1393,9,10,1500,2000,21272531,2,"ifeval_min30",2,3,2,3,0.05,0,0,0,0,0,0,0,0,2.20811876375228,0
1394,9,10,1500,2000,21272531,2,"ifeval_min30",2,3,2,3,0.05,0,0,0,0,0,0,0,2.90985990595073,2.78017217316665,0
1395,9,10,1500,2000,21272531,2,"ifeval_min30",2,3,2,3,0.05,0,0,0,0,0,0,0,0,2.02435725112446,0
1396,9,10,1500,2000,21272531,2,"ifeval_min30",2,3,2,3,0.05,0,0,0,0,0,0,0,0,2.04971693106927,0
1397,9,10,1500,2000,21272531,2,"ifeval_min30",2,3,2,3,0.05,0,0,-2.61478843493387,0,0,0,0,0,2.5736557727214,0
1398,9,10,1500,2000,21272531,2,"ifeval_min30",2,3,2,3,0.05,0,0,0,0,0,0,0,0,2.56599912280217,0
1399,9,10,1500,2000,21272531,2,"ifeval_min30",2,3,2,3,0.05,0,0,0,0,0,0,0,0,2.077963470947,0
1400,9,10,1500,2000,21272531,2,"ifeval_min30",2,3,2,3,0.05,0,0,0,0,0,0,0,0,2.74343800148927,2.99451835313812
1401,9,10,1500,2000,21272531,2,"ifeval_min30",2,3,2,3,0.05,0,2.38533059321344,0,-2.49318723962642,0,0,0,0,2.94549471465871,0
1402,9,10,1500,2000,21272531,2,"ifeval_min30",2,3,2,3,0.05,0,0,-2.09469008073211,0,0,0,0,0,2.22747049923055,0
1403,9,10,1500,2000,21272531,2,"ifeval_min30",2,3,2,3,0.05,0,0,0,0,0,0,0,2.16128133167513,2.33285376545973,0
1404,9,10,1500,2000,21272531,2,"ifeval_min30",2,3,2,3,0.05,0,0,0,0,0,0,0,0,2.2931815343909,0
1405,9,10,1500,2000,21272531,2,"ifeval_min30",2,3,2,3,0.05,0,0,0,0,0,0,0,0,2.49028478725813,0
1406,9,10,1500,2000,21272531,2,"ifeval_min30",2,3,2,3,0.05,0,0,0,0,0,0,0,0,2.10627486812882,0
1407,9,10,1500,2000,21272531,2,"ifeval_min30",2,3,2,3,0.05,0,0,0,0,0,0,0,0,2.21189143927768,0
1408,9,10,1500,2000,21272531,2,"ifeval_min30",2,3,2,3,0.05,0,0,0,0,0,0,-2.26259515387937,0,2.39363006176427,0
1409,9,10,1500,2000,21272531,2,"ifeval_min30",2,3,2,3,0.05,0,0,0,0,0,0,0,0,2.28144329483621,0
1410,9,10,1500,2000,21272531,2,"ifeval_min30",2,3,2,3,0.05,0,0,0,0,0,0,0,-2.85926296398975,2.99270765227266,0
1411,9,10,1500,2000,21272531,2,"ifeval_min30",2,3,2,3,0.05,0,0,0,0,0,2.3586188997142,0,0,2.53227443387732,0
1412,9,10,1500,2000,21272531,2,"ifeval_min30",2,3,2,3,0.05,0,0,0,0,0,0,0,0,2.26143813622184,0
1413,9,10,1500,2000,21272531,2,"ifeval_min30",2,3,2,3,0.05,0,0,0,0,0,0,0,0,2.33187059033662,0
1414,9,10,1500,2000,21272531,2,"ifeval_min30",2,3,2,3,0.05,0,0,0,0,0,0,0,0,2.861961401999,0
1415,9,10,1500,2000,21272531,2,"ifeval_min30",2,3,2,3,0.05,0,-2.89690456166863,0,0,0,0,0,0,2.50051485328004,0
1416,9,10,1500,2000,21272531,2,"ifeval_min30",2,3,2,3,0.05,0,0,0,0,0,0,0,0,2.83570109680295,0
1417,9,10,1500,2000,21272531,2,"ifeval_min30",2,3,2,3,0.05,0,-2.05131289735436,0,0,0,0,0,2.37005071877502,2.3116911672987,0
1418,9,10,1500,2000,21272531,2,"ifeval_min30",2,3,2,3,0.05,0,0,0,2.30936500825919,0,0,0,2.7562673301436,2.03947219229303,0
1419,9,10,1500,2000,21272531,2,"ifeval_min30",2,3,2,3,0.05,0,0,0,0,0,0,0,0,2.01786374277435,0
1420,9,10,1500,2000,21272531,2,"ifeval_min30",2,3,2,3,0.05,0,0,0,0,0,0,0,0,2.16873536095954,0
1421,9,10,1500,2000,21272531,2,"ifeval_min30",2,3,2,3,0.05,0,0,0,0,0,0,0,0,2.93466503894888,0
1422,9,10,1500,2000,21272531,2,"ifeval_min30",2,3,2,3,0.05,0,0,0,0,-2.17893342766911,0,0,0,2.0703858435154,0
1423,9,10,1500,2000,21272531,2,"ifeval_min30",2,3,2,3,0.05,0,0,0,0,0,0,0,0,2.45958114834502,0
1424,9,10,1500,2000,21272531,2,"ifeval_min30",2,3,2,3,0.05,0,0,0,2.59052824275568,0,0,0,0,2.26988309435546,0
1425,9,10,1500,2000,21272531,2,"ifeval_min30",2,3,2,3,0.05,0,0,0,0,0,0,0,0,2.08269136329181,0
1426,9,10,1500,2000,21272531,2,"ifeval_min30",2,3,2,3,0.05,0,0,0,0,0,0,0,0,2.19830759358592,0
1427,9,10,1500,2000,21272531,2,"ifeval_min30",2,3,2,3,0.05,2.91452609747648,0,0,0,0,0,0,0,2.11133994092233,0
1428,9,10,1500,2000,21272531,2,"ifeval_min30",2,3,2,3,0.05,0,0,0,0,0,0,0,0,2.19370475434698,0
1429,9,10,1500,2000,21272531,2,"ifeval_min30",2,3,2,3,0.05,0,0,0,0,0,0,0,0,2.01476586028002,0
1430,9,10,1500,2000,21272531,2,"ifeval_min30",2,3,2,3,0.05,0,0,0,0,0,0,0,0,2.25696306955069,0
1431,9,10,1500,2000,21272531,2,"ifeval_min30",2,3,2,3,0.05,0,0,0,0,0,0,0,0,2.78286959626712,0
1432,9,10,1500,2000,21272531,2,"ifeval_min30",2,3,2,3,0.05,0,0,0,0,0,0,0,0,2.31255727517419,0
1433,9,10,1500,2000,21272531,2,"ifeval_min30",2,3,2,3,0.05,0,0,0,0,0,0,0,0,2.44827039074153,0
1434,9,10,1500,2000,21272531,2,"ifeval_min30",2,3,2,3,0.05,0,0,0,0,0,0,2.09523636475205,0,2.71174828126095,0
1435,9,10,1500,2000,21272531,2,"ifeval_min30",2,3,2,3,0.05,0,0,0,0,0,0,0,0,2.0786495890934,0
1436,9,10,1500,2000,21272531,2,"ifeval_min30",2,3,2,3,0.05,0,0,0,0,2.72424580785446,0,-2.64469374925829,0,2.94736880343407,2.59243820770644
1437,9,10,1500,2000,21272531,2,"ifeval_min30",2,3,2,3,0.05,0,0,0,0,0,0,0,0,2.2563491363544,0
1438,9,10,1500,2000,21272531,2,"ifeval_min30",2,3,2,3,0.05,0,0,0,2.1149907275103,0,0,0,0,2.24286891473457,0
1439,9,10,1500,2000,21272531,2,"ifeval_min30",2,3,2,3,0.05,0,0,0,0,0,0,0,0,2.02238046540879,0
1440,9,10,1500,2000,21272531,2,"ifeval_min30",2,3,2,3,0.05,0,0,0,0,0,0,0,0,2.29638197552413,0
1441,9,10,1500,2000,21272531,2,"ifeval_min30",2,3,2,3,0.05,0,0,0,0,0,0,0,0,2.42427425598726,0
1442,9,10,1500,2000,21272531,2,"ifeval_min30",2,3,2,3,0.05,0,0,0,0,0,0,0,0,2.05663556652144,0
1443,10,10,1500,2000,21272531,2,"ifeval_min30",2,3,2,3,0.05,0,0,0,0,0,0,0,0,0,2.39837259077467
1444,10,10,1500,2000,21272531,2,"ifeval_min30",2,3,2,3,0.05,0,0,0,0,0,0,0,0,0,2.31172379478812
1445,10,10,1500,2000,21272531,2,"ifeval_min30",2,3,2,3,0.05,0,0,0,0,-2.90763818169944,-2.04111793148331,0,0,0,2.62537186034024
1446,10,10,1500,2000,21272531,2,"ifeval_min30",2,3,2,3,0.05,0,0,0,0,0,0,0,0,0,2.1545004977379
1447,10,10,1500,2000,21272531,2,"ifeval_min30",2,3,2,3,0.05,0,0,0,0,0,-2.28788776975125,0,0,0,2.77941579883918
1448,10,10,1500,2000,21272531,2,"ifeval_min30",2,3,2,3,0.05,0,0,0,0,0,0,0,0,-2.57355916523375,2.2885941141285
1449,10,10,1500,2000,21272531,2,"ifeval_min30",2,3,2,3,0.05,0,2.42106790677644,0,0,0,0,0,0,0,2.4256272430066
1450,10,10,1500,2000,21272531,2,"ifeval_min30",2,3,2,3,0.05,0,0,0,0,0,0,0,0,0,2.86341583472677
1451,10,10,1500,2000,21272531,2,"ifeval_min30",2,3,2,3,0.05,0,0,0,0,2.52581011527218,0,0,0,2.77879629540257,2.04471141914837
1452,10,10,1500,2000,21272531,2,"ifeval_min30",2,3,2,3,0.05,0,0,0,0,0,0,0,-2.32655377755873,0,2.16718627838418
1453,10,10,1500,2000,21272531,2,"ifeval_min30",2,3,2,3,0.05,0,0,0,0,-2.61480747442693,0,0,0,0,2.3537275288254
1454,10,10,1500,2000,21272531,2,"ifeval_min30",2,3,2,3,0.05,0,0,0,0,0,0,0,0,0,2.70558772608638
1455,10,10,1500,2000,21272531,2,"ifeval_min30",2,3,2,3,0.05,0,0,0,0,0,0,0,0,0,2.96107316436246
1456,10,10,1500,2000,21272531,2,"ifeval_min30",2,3,2,3,0.05,0,0,0,0,0,0,0,0,-2.45391735737212,2.02749065146782
1457,10,10,1500,2000,21272531,2,"ifeval_min30",2,3,2,3,0.05,0,0,0,0,0,0,0,0,0,2.99410969996825
1458,10,10,1500,2000,21272531,2,"ifeval_min30",2,3,2,3,0.05,0,0,0,0,0,0,0,0,0,2.26065556332469
1459,10,10,1500,2000,21272531,2,"ifeval_min30",2,3,2,3,0.05,0,0,0,0,0,0,0,0,0,2.95874555944465
1460,10,10,1500,2000,21272531,2,"ifeval_min30",2,3,2,3,0.05,0,0,0,0,0,0,0,0,-2.19573150086217,2.72109502111562
1461,10,10,1500,2000,21272531,2,"ifeval_min30",2,3,2,3,0.05,0,0,0,-2.5774518258404,2.74877902888693,0,0,0,0,2.62977841449901
1462,10,10,1500,2000,21272531,2,"ifeval_min30",2,3,2,3,0.05,0,0,0,0,0,0,0,0,0,2.33578368555754
1463,10,10,1500,2000,21272531,2,"ifeval_min30",2,3,2,3,0.05,0,0,0,0,0,0,0,0,0,2.05419417796656
1464,10,10,1500,2000,21272531,2,"ifeval_min30",2,3,2,3,0.05,0,0,0,0,0,0,0,0,0,2.59307043836452
1465,10,10,1500,2000,21272531,2,"ifeval_min30",2,3,2,3,0.05,0,0,0,0,0,0,0,-2.8430642997846,0,2.3438540128991
1466,10,10,1500,2000,21272531,2,"ifeval_min30",2,3,2,3,0.05,0,0,0,0,0,0,0,0,0,2.49548037350178
1467,10,10,1500,2000,21272531,2,"ifeval_min30",2,3,2,3,0.05,0,0,0,0,0,0,0,0,0,2.6543437205255
1468,10,10,1500,2000,21272531,2,"ifeval_min30",2,3,2,3,0.05,0,0,0,0,0,0,0,0,0,2.01063342392445
1469,10,10,1500,2000,21272531,2,"ifeval_min30",2,3,2,3,0.05,0,0,0,0,0,0,0,0,0,2.14851845381781
1470,10,10,1500,2000,21272531,2,"ifeval_min30",2,3,2,3,0.05,0,0,0,0,0,0,0,0,0,2.20278457202949
1471,10,10,1500,2000,21272531,2,"ifeval_min30",2,3,2,3,0.05,0,0,0,0,0,0,0,0,0,2.64164299773984
1472,10,10,1500,2000,21272531,2,"ifeval_min30",2,3,2,3,0.05,0,0,0,0,0,0,0,0,0,2.64977242960595
1473,10,10,1500,2000,21272531,2,"ifeval_min30",2,3,2,3,0.05,0,0,0,0,2.03830983769149,0,0,0,0,2.47022705967538
1474,10,10,1500,2000,21272531,2,"ifeval_min30",2,3,2,3,0.05,0,0,0,0,0,0,0,0,0,2.96919894660823
1475,10,10,1500,2000,21272531,2,"ifeval_min30",2,3,2,3,0.05,0,0,0,0,0,0,0,0,0,2.21133001986891
1476,10,10,1500,2000,21272531,2,"ifeval_min30",2,3,2,3,0.05,0,0,0,0,2.38457235740498,0,0,-2.04165236419067,0,2.34399683913216
1477,10,10,1500,2000,21272531,2,"ifeval_min30",2,3,2,3,0.05,0,0,0,0,0,0,0,0,0,2.05592781305313
1478,10,10,1500,2000,21272531,2,"ifeval_min30",2,3,2,3,0.05,2.29460824443959,0,0,0,0,0,0,-2.54750552074984,0,2.39494856470264
1479,10,10,1500,2000,21272531,2,"ifeval_min30",2,3,2,3,0.05,0,0,0,0,0,0,0,0,0,2.08544824202545
1480,10,10,1500,2000,21272531,2,"ifeval_min30",2,3,2,3,0.05,0,0,0,0,0,0,0,0,0,2.8995678438805
1481,10,10,1500,2000,21272531,2,"ifeval_min30",2,3,2,3,0.05,0,0,0,0,0,0,0,0,0,2.32664450001903
1482,10,10,1500,2000,21272531,2,"ifeval_min30",2,3,2,3,0.05,0,0,0,0,0,0,0,0,0,2.96282888785936
1483,10,10,1500,2000,21272531,2,"ifeval_min30",2,3,2,3,0.05,2.91413713362999,0,0,0,0,2.07634660066105,0,-2.26221381034702,0,2.98651688918471
1484,10,10,1500,2000,21272531,2,"ifeval_min30",2,3,2,3,0.05,0,0,0,0,0,0,0,0,2.59948340337723,2.23938367469236
1485,10,10,1500,2000,21272531,2,"ifeval_min30",2,3,2,3,0.05,0,0,0,0,0,0,0,0,0,2.16449231351726
1486,10,10,1500,2000,21272531,2,"ifeval_min30",2,3,2,3,0.05,0,0,0,0,0,0,0,0,0,2.83575588837266
1487,10,10,1500,2000,21272531,2,"ifeval_min30",2,3,2,3,0.05,0,0,0,0,0,0,0,0,0,2.67136012297124
1488,10,10,1500,2000,21272531,2,"ifeval_min30",2,3,2,3,0.05,0,0,0,0,0,0,0,0,0,2.15137143433094
1489,10,10,1500,2000,21272531,2,"ifeval_min30",2,3,2,3,0.05,0,2.67524801241234,0,0,0,0,0,0,0,2.43436099984683
1490,10,10,1500,2000,21272531,2,"ifeval_min30",2,3,2,3,0.05,0,0,0,0,0,0,0,0,0,2.25021754601039
1491,10,10,1500,2000,21272531,2,"ifeval_min30",2,3,2,3,0.05,0,0,0,0,0,0,0,0,0,2.61969225108624
1492,10,10,1500,2000,21272531,2,"ifeval_min30",2,3,2,3,0.05,0,0,0,0,0,0,0,0,0,2.18157430272549
1493,10,10,1500,2000,21272531,2,"ifeval_min30",2,3,2,3,0.05,0,0,0,0,0,0,0,0,0,2.0492429076694
1494,10,10,1500,2000,21272531,2,"ifeval_min30",2,3,2,3,0.05,0,0,0,0,0,0,0,0,0,2.68329959618859
1495,10,10,1500,2000,21272531,2,"ifeval_min30",2,3,2,3,0.05,0,0,0,0,0,0,0,0,0,2.97722908784635
1496,10,10,1500,2000,21272531,2,"ifeval_min30",2,3,2,3,0.05,0,0,0,0,0,0,0,0,0,2.02398194046691
1497,10,10,1500,2000,21272531,2,"ifeval_min30",2,3,2,3,0.05,0,0,0,0,0,0,-2.3558241489809,0,0,2.97034381981939
1498,10,10,1500,2000,21272531,2,"ifeval_min30",2,3,2,3,0.05,0,0,0,0,0,0,0,2.32217982434668,0,2.05334041384049
1499,10,10,1500,2000,21272531,2,"ifeval_min30",2,3,2,3,0.05,0,0,-2.96656549652107,0,0,0,0,0,0,2.67639693361707
1500,10,10,1500,2000,21272531,2,"ifeval_min30",2,3,2,3,0.05,0,0,0,0,0,0,0,2.63448503357358,0,2.58622087794356
