"item","block","H","p","p_master","loading_seed","separation","block_size_mode","primary_loading_min","primary_loading_max","cross_loading_min","cross_loading_max","cross_loading_prob","F1","F2","F3","F4","F5","F6","F7","F8","F9","F10"
1,1,10,2000,2000,21272531,2,"ifeval_min30",2,3,2,3,0.05,2.66642105602659,0,0,0,0,0,-2.59515826147981,0,0,0
2,1,10,2000,2000,21272531,2,"ifeval_min30",2,3,2,3,0.05,2.40171073935926,0,0,-2.74902609642595,0,0,0,0,0,0
3,1,10,2000,2000,21272531,2,"ifeval_min30",2,3,2,3,0.05,2.128549272893,0,0,0,0,0,0,0,0,0
4,1,10,2000,2000,21272531,2,"ifeval_min30",2,3,2,3,0.05,2.91930621745996,0,0,0,0,0,0,0,0,0
5,1,10,2000,2000,21272531,2,"ifeval_min30",2,3,2,3,0.05,2.15014948090538,0,0,0,0,0,0,0,0,0
6,1,10,2000,2000,21272531,2,"ifeval_min30",2,3,2,3,0.05,2.75938504072838,0,0,0,0,0,0,0,0,0
7,1,10,2000,2000,21272531,2,"ifeval_min30",2,3,2,3,0.05,2.81819585314952,0,0,0,0,0,0,0,-2.70731179788709,0
8,1,10,2000,2000,21272531,2,"ifeval_min30",2,3,2,3,0.05,2.3032113420777,0,0,0,0,0,0,0,0,0
9,1,10,2000,2000,21272531,2,"ifeval_min30",2,3,2,3,0.05,2.43238579831086,0,0,0,2.17721716454253,0,0,0,0,0
10,1,10,2000,2000,21272531,2,"ifeval_min30",2,3,2,3,0.05,2.25454880413599,0,0,0,0,0,0,0,0,0
11,1,10,2000,2000,21272531,2,"ifeval_min30",2,3,2,3,0.05,2.19501245766878,0,0,0,0,0,0,0,0,-2.49415047792718
12,1,10,2000,2000,21272531,2,"ifeval_min30",2,3,2,3,0.05,2.44448423967697,-2.14827240817249,0,0,0,0,0,-2.33018979988992,0,0
13,1,10,2000,2000,21272531,2,"ifeval_min30",2,3,2,3,0.05,2.52691105450504,0,0,0,0,0,0,0,0,0
14,1,10,2000,2000,21272531,2,"ifeval_min30",2,3,2,3,0.05,2.32295300415717,0,0,0,0,2.0363722818438,0,0,0,0
15,1,10,2000,2000,21272531,2,"ifeval_min30",2,3,2,3,0.05,2.43798002670519,0,0,0,0,0,0,0,0,0
16,1,10,2000,2000,21272531,2,"ifeval_min30",2,3,2,3,0.05,2.19751647277735,0,0,0,0,0,0,2.27562036341988,0,0
17,1,10,2000,2000,21272531,2,"ifeval_min30",2,3,2,3,0.05,2.20516954408959,0,0,0,0,0,0,0,0,0
18,1,10,2000,2000,21272531,2,"ifeval_min30",2,3,2,3,0.05,2.12058361223899,0,0,0,0,0,0,0,0,0
19,1,10,2000,2000,21272531,2,"ifeval_min30",2,3,2,3,0.05,2.92204874008894,0,0,0,0,0,0,0,0,0
20,1,10,2000,2000,21272531,2,"ifeval_min30",2,3,2,3,0.05,2.78055283986032,0,0,0,2.80330325849354,0,0,0,0,0
21,1,10,2000,2000,21272531,2,"ifeval_min30",2,3,2,3,0.05,2.02715790690854,0,0,0,0,0,0,0,0,0
22,1,10,2000,2000,21272531,2,"ifeval_min30",2,3,2,3,0.05,2.77204071544111,0,0,0,0,0,0,0,0,0
23,1,10,2000,2000,21272531,2,"ifeval_min30",2,3,2,3,0.05,2.56679436611012,0,0,0,-2.54517924576066,0,0,0,0,0
24,1,10,2000,2000,21272531,2,"ifeval_min30",2,3,2,3,0.05,2.71574206906371,0,0,0,0,0,0,0,0,0
25,1,10,2000,2000,21272531,2,"ifeval_min30",2,3,2,3,0.05,2.49728905432858,0,0,0,0,0,-2.51585192373022,0,0,0
26,1,10,2000,2000,21272531,2,"ifeval_min30",2,3,2,3,0.05,2.85623800545,0,0,0,0,0,0,0,0,0
27,1,10,2000,2000,21272531,2,"ifeval_min30",2,3,2,3,0.05,2.51857285015285,0,0,0,0,0,0,0,0,0
28,1,10,2000,2000,21272531,2,"ifeval_min30",2,3,2,3,0.05,2.99400719348341,0,0,0,2.50872747320682,0,0,0,0,0
29,1,10,2000,2000,21272531,2,"ifeval_min30",2,3,2,3,0.05,2.88488119328395,0,0,0,0,0,0,0,0,0
30,1,10,2000,2000,21272531,2,"ifeval_min30",2,3,2,3,0.05,2.02373236045241,0,0,0,0,0,0,-2.4522427523043,0,0
31,1,10,2000,2000,21272531,2,"ifeval_min30",2,3,2,3,0.05,2.64565813355148,0,0,0,0,0,0,0,0,0
32,1,10,2000,2000,21272531,2,"ifeval_min30",2,3,2,3,0.05,2.47458886355162,0,0,0,0,0,2.42257702630013,0,0,0
33,1,10,2000,2000,21272531,2,"ifeval_min30",2,3,2,3,0.05,2.90964462468401,2.19418875779957,0,0,0,0,0,0,0,0
34,1,10,2000,2000,21272531,2,"ifeval_min30",2,3,2,3,0.05,2.05476657906547,0,0,0,0,0,0,0,0,0
35,1,10,2000,2000,21272531,2,"ifeval_min30",2,3,2,3,0.05,2.6507464570459,0,0,0,0,0,2.58334380295128,0,0,0
36,1,10,2000,2000,21272531,2,"ifeval_min30",2,3,2,3,0.05,2.93790512019768,0,0,2.06121189449914,0,0,0,0,0,0
37,1,10,2000,2000,21272531,2,"ifeval_min30",2,3,2,3,0.05,2.2951173579786,0,0,0,0,0,0,0,0,0
38,1,10,2000,2000,21272531,2,"ifeval_min30",2,3,2,3,0.05,2.17753317439929,0,0,0,0,0,0,0,0,0
39,1,10,2000,2000,21272531,2,"ifeval_min30",2,3,2,3,0.05,2.05687183816917,0,0,0,0,0,-2.39098949753679,0,0,0
40,1,10,2000,2000,21272531,2,"ifeval_min30",2,3,2,3,0.05,2.98461762000807,0,0,0,0,2.88850215054117,0,0,0,0
41,1,10,2000,2000,21272531,2,"ifeval_min30",2,3,2,3,0.05,2.79099404648878,0,0,0,0,0,0,0,2.31226553954184,0
42,1,10,2000,2000,21272531,2,"ifeval_min30",2,3,2,3,0.05,2.46915814559907,0,0,0,0,0,0,0,0,0
43,1,10,2000,2000,21272531,2,"ifeval_min30",2,3,2,3,0.05,2.52306809765287,0,0,0,0,0,0,0,0,0
44,1,10,2000,2000,21272531,2,"ifeval_min30",2,3,2,3,0.05,2.61835342366248,0,0,0,-2.55114438058808,0,0,0,0,0
45,1,10,2000,2000,21272531,2,"ifeval_min30",2,3,2,3,0.05,2.25959780067205,0,0,0,0,0,0,0,0,0
46,1,10,2000,2000,21272531,2,"ifeval_min30",2,3,2,3,0.05,2.20967056811787,0,0,0,0,0,0,0,0,0
47,1,10,2000,2000,21272531,2,"ifeval_min30",2,3,2,3,0.05,2.66563286911696,0,-2.65473715309054,0,0,0,0,0,0,0
48,1,10,2000,2000,21272531,2,"ifeval_min30",2,3,2,3,0.05,2.43305551051162,0,2.99853760632686,-2.11700505693443,0,0,0,0,0,0
49,1,10,2000,2000,21272531,2,"ifeval_min30",2,3,2,3,0.05,2.08394748484716,0,0,0,0,2.89656481612474,0,0,0,0
50,1,10,2000,2000,21272531,2,"ifeval_min30",2,3,2,3,0.05,2.66589486738667,0,0,0,0,0,0,0,0,0
51,1,10,2000,2000,21272531,2,"ifeval_min30",2,3,2,3,0.05,2.5057356976904,0,0,0,0,0,0,0,0,0
52,1,10,2000,2000,21272531,2,"ifeval_min30",2,3,2,3,0.05,2.3987986871507,0,0,0,0,0,0,-2.63963190931827,0,0
53,1,10,2000,2000,21272531,2,"ifeval_min30",2,3,2,3,0.05,2.75329508259892,0,0,0,0,0,0,0,0,0
54,1,10,2000,2000,21272531,2,"ifeval_min30",2,3,2,3,0.05,2.00517158978619,0,0,0,0,0,0,0,2.02264845347963,0
55,1,10,2000,2000,21272531,2,"ifeval_min30",2,3,2,3,0.05,2.20424036518671,0,0,0,0,0,0,0,-2.17982950806618,0
56,1,10,2000,2000,21272531,2,"ifeval_min30",2,3,2,3,0.05,2.07968486449681,0,0,0,0,0,0,0,0,0
57,1,10,2000,2000,21272531,2,"ifeval_min30",2,3,2,3,0.05,2.84759088931605,0,0,0,0,0,0,0,-2.58125953585841,0
58,1,10,2000,2000,21272531,2,"ifeval_min30",2,3,2,3,0.05,2.55917934072204,-2.49193918006495,0,0,0,0,0,0,-2.93629727582447,0
59,1,10,2000,2000,21272531,2,"ifeval_min30",2,3,2,3,0.05,2.39855189039372,0,-2.63917722390033,0,0,0,0,0,0,0
60,1,10,2000,2000,21272531,2,"ifeval_min30",2,3,2,3,0.05,2.27098795305938,0,2.04769698344171,0,0,0,0,0,0,0
61,1,10,2000,2000,21272531,2,"ifeval_min30",2,3,2,3,0.05,2.06672445591539,0,0,0,0,0,0,0,0,0
62,1,10,2000,2000,21272531,2,"ifeval_min30",2,3,2,3,0.05,2.23501764959656,0,0,0,0,0,0,0,0,0
63,1,10,2000,2000,21272531,2,"ifeval_min30",2,3,2,3,0.05,2.83806690061465,0,0,0,0,0,0,0,0,0
64,1,10,2000,2000,21272531,2,"ifeval_min30",2,3,2,3,0.05,2.73470209934749,0,0,0,0,0,0,0,0,0
65,1,10,2000,2000,21272531,2,"ifeval_min30",2,3,2,3,0.05,2.90591868944466,0,0,0,0,0,0,0,0,0
66,1,10,2000,2000,21272531,2,"ifeval_min30",2,3,2,3,0.05,2.51262638601474,0,0,0,0,0,0,2.56666888017207,0,0
67,1,10,2000,2000,21272531,2,"ifeval_min30",2,3,2,3,0.05,2.70053597097285,-2.62329396302812,0,-2.77740461123176,2.2089542769827,0,0,0,0,0
68,1,10,2000,2000,21272531,2,"ifeval_min30",2,3,2,3,0.05,2.89881160994992,0,0,0,0,0,0,0,0,0
69,1,10,2000,2000,21272531,2,"ifeval_min30",2,3,2,3,0.05,2.10897242790088,0,0,0,0,0,0,0,0,0
70,1,10,2000,2000,21272531,2,"ifeval_min30",2,3,2,3,0.05,2.50030713248998,0,0,0,0,0,0,0,0,0
71,1,10,2000,2000,21272531,2,"ifeval_min30",2,3,2,3,0.05,2.93500949325971,0,0,0,0,0,0,0,0,0
72,1,10,2000,2000,21272531,2,"ifeval_min30",2,3,2,3,0.05,2.91675863321871,0,0,0,0,0,0,0,0,0
73,1,10,2000,2000,21272531,2,"ifeval_min30",2,3,2,3,0.05,2.58875515428372,0,0,0,0,0,0,0,0,0
74,1,10,2000,2000,21272531,2,"ifeval_min30",2,3,2,3,0.05,2.14557846123353,0,0,0,0,0,0,0,0,0
75,1,10,2000,2000,21272531,2,"ifeval_min30",2,3,2,3,0.05,2.28643456078134,0,0,0,0,0,0,0,0,0
76,1,10,2000,2000,21272531,2,"ifeval_min30",2,3,2,3,0.05,2.25069810007699,-2.91229804279283,0,0,0,0,0,0,0,0
77,1,10,2000,2000,21272531,2,"ifeval_min30",2,3,2,3,0.05,2.93371413531713,0,0,0,0,0,0,0,0,0
78,1,10,2000,2000,21272531,2,"ifeval_min30",2,3,2,3,0.05,2.71275002299808,0,0,0,0,0,0,0,2.84649808565155,0
79,1,10,2000,2000,21272531,2,"ifeval_min30",2,3,2,3,0.05,2.47311496338807,2.13776283385232,0,0,0,0,0,0,0,0
80,1,10,2000,2000,21272531,2,"ifeval_min30",2,3,2,3,0.05,2.39883219636977,-2.20576879940927,0,0,0,0,0,0,0,0
81,1,10,2000,2000,21272531,2,"ifeval_min30",2,3,2,3,0.05,2.05778387677856,0,0,0,-2.15856564021669,0,0,0,0,0
82,1,10,2000,2000,21272531,2,"ifeval_min30",2,3,2,3,0.05,2.74163366947323,0,0,0,0,0,0,0,0,0
83,1,10,2000,2000,21272531,2,"ifeval_min30",2,3,2,3,0.05,2.76994118886068,0,0,0,0,0,0,0,0,0
84,1,10,2000,2000,21272531,2,"ifeval_min30",2,3,2,3,0.05,2.98164780507796,0,0,0,0,0,0,0,0,0
85,1,10,2000,2000,21272531,2,"ifeval_min30",2,3,2,3,0.05,2.57819137815386,0,0,0,0,0,0,0,0,0
86,1,10,2000,2000,21272531,2,"ifeval_min30",2,3,2,3,0.05,2.51425483031198,0,0,0,-2.39767216774635,0,-2.76843454269692,0,0,0
87,1,10,2000,2000,21272531,2,"ifeval_min30",2,3,2,3,0.05,2.54317677137442,0,0,0,0,0,0,0,0,0
88,1,10,2000,2000,21272531,2,"ifeval_min30",2,3,2,3,0.05,2.10587841272354,0,0,0,0,0,-2.0241808234714,0,0,0
89,1,10,2000,2000,21272531,2,"ifeval_min30",2,3,2,3,0.05,2.11941105592996,0,0,0,0,0,0,0,0,0
90,1,10,2000,2000,21272531,2,"ifeval_min30",2,3,2,3,0.05,2.41430348530412,0,0,0,0,0,2.47352912626229,0,0,0
91,1,10,2000,2000,21272531,2,"ifeval_min30",2,3,2,3,0.05,2.57657022355124,0,0,0,0,0,0,0,0,0
92,1,10,2000,2000,21272531,2,"ifeval_min30",2,3,2,3,0.05,2.12040855945088,0,0,0,0,0,0,0,0,0
93,1,10,2000,2000,21272531,2,"ifeval_min30",2,3,2,3,0.05,2.21913677919656,0,0,0,0,0,2.35441048326902,0,0,0
94,1,10,2000,2000,21272531,2,"ifeval_min30",2,3,2,3,0.05,2.51893499935977,0,0,0,0,0,0,0,0,0
95,1,10,2000,2000,21272531,2,"ifeval_min30",2,3,2,3,0.05,2.9162484635599,0,0,0,0,0,0,0,0,0
96,1,10,2000,2000,21272531,2,"ifeval_min30",2,3,2,3,0.05,2.14231545757502,0,0,0,-2.80938991624862,0,0,0,0,0
97,1,10,2000,2000,21272531,2,"ifeval_min30",2,3,2,3,0.05,2.48724553640932,0,0,0,0,2.06045342655852,0,0,0,0
98,1,10,2000,2000,21272531,2,"ifeval_min30",2,3,2,3,0.05,2.54951785784215,0,2.62741775903851,0,0,0,0,0,0,0
99,1,10,2000,2000,21272531,2,"ifeval_min30",2,3,2,3,0.05,2.78041870938614,0,0,0,0,0,0,0,0,0
100,1,10,2000,2000,21272531,2,"ifeval_min30",2,3,2,3,0.05,2.89843862177804,0,0,0,0,0,0,0,0,0
101,1,10,2000,2000,21272531,2,"ifeval_min30",2,3,2,3,0.05,2.19413767661899,0,2.66053069522604,0,0,0,0,0,0,0
102,1,10,2000,2000,21272531,2,"ifeval_min30",2,3,2,3,0.05,2.56501455558464,0,0,0,0,0,0,0,0,0
103,1,10,2000,2000,21272531,2,"ifeval_min30",2,3,2,3,0.05,2.91830949974246,0,0,0,0,0,0,0,0,0
104,1,10,2000,2000,21272531,2,"ifeval_min30",2,3,2,3,0.05,2.10437055048533,0,0,0,0,0,0,0,0,0
105,1,10,2000,2000,21272531,2,"ifeval_min30",2,3,2,3,0.05,2.01661708205938,0,0,0,0,0,2.41963285650127,0,0,0
106,1,10,2000,2000,21272531,2,"ifeval_min30",2,3,2,3,0.05,2.80502930609509,0,0,0,0,0,-2.91576378978789,0,0,0
107,1,10,2000,2000,21272531,2,"ifeval_min30",2,3,2,3,0.05,2.20712668728083,0,0,0,0,0,0,0,0,0
108,1,10,2000,2000,21272531,2,"ifeval_min30",2,3,2,3,0.05,2.92973743774928,0,0,0,0,0,0,-2.77739567728713,0,0
109,1,10,2000,2000,21272531,2,"ifeval_min30",2,3,2,3,0.05,2.99831328121945,0,0,0,0,0,0,0,0,0
110,1,10,2000,2000,21272531,2,"ifeval_min30",2,3,2,3,0.05,2.10403163800947,0,0,0,0,0,0,0,0,0
111,1,10,2000,2000,21272531,2,"ifeval_min30",2,3,2,3,0.05,2.69436544994824,0,0,0,0,0,0,0,0,0
112,1,10,2000,2000,21272531,2,"ifeval_min30",2,3,2,3,0.05,2.26492799189873,0,0,0,0,0,0,0,0,0
113,1,10,2000,2000,21272531,2,"ifeval_min30",2,3,2,3,0.05,2.65909022348933,0,0,0,0,0,0,0,2.63973523746245,0
114,1,10,2000,2000,21272531,2,"ifeval_min30",2,3,2,3,0.05,2.53352619241923,0,0,0,0,0,0,0,0,0
115,1,10,2000,2000,21272531,2,"ifeval_min30",2,3,2,3,0.05,2.82069222955033,0,0,0,0,0,0,0,0,0
116,1,10,2000,2000,21272531,2,"ifeval_min30",2,3,2,3,0.05,2.43640355137177,0,0,0,0,0,0,0,0,0
117,1,10,2000,2000,21272531,2,"ifeval_min30",2,3,2,3,0.05,2.97154769673944,0,0,0,0,0,0,0,0,0
118,1,10,2000,2000,21272531,2,"ifeval_min30",2,3,2,3,0.05,2.19083433412015,0,0,0,0,0,0,2.94223878555931,0,0
119,1,10,2000,2000,21272531,2,"ifeval_min30",2,3,2,3,0.05,2.90148221561685,0,0,0,0,0,0,0,0,0
120,1,10,2000,2000,21272531,2,"ifeval_min30",2,3,2,3,0.05,2.55459190392867,0,0,0,0,0,0,0,0,2.00287246215157
121,1,10,2000,2000,21272531,2,"ifeval_min30",2,3,2,3,0.05,2.43631006684154,0,0,0,0,0,0,0,0,0
122,1,10,2000,2000,21272531,2,"ifeval_min30",2,3,2,3,0.05,2.18976482795551,0,0,0,0,0,0,0,0,0
123,1,10,2000,2000,21272531,2,"ifeval_min30",2,3,2,3,0.05,2.91168722114526,0,0,0,0,0,0,0,0,0
124,1,10,2000,2000,21272531,2,"ifeval_min30",2,3,2,3,0.05,2.18753034225665,0,0,0,0,0,0,0,0,0
125,1,10,2000,2000,21272531,2,"ifeval_min30",2,3,2,3,0.05,2.12428446253762,0,0,0,0,0,0,0,0,0
126,1,10,2000,2000,21272531,2,"ifeval_min30",2,3,2,3,0.05,2.48011530702934,0,0,0,0,0,0,0,0,0
127,1,10,2000,2000,21272531,2,"ifeval_min30",2,3,2,3,0.05,2.48138026124798,0,0,0,0,0,0,0,0,0
128,1,10,2000,2000,21272531,2,"ifeval_min30",2,3,2,3,0.05,2.01227752957493,0,0,0,0,0,0,0,0,-2.52383592794649
129,1,10,2000,2000,21272531,2,"ifeval_min30",2,3,2,3,0.05,2.43028816813603,0,0,2.57847072253935,0,-2.99016446829773,0,0,0,0
130,1,10,2000,2000,21272531,2,"ifeval_min30",2,3,2,3,0.05,2.05372571852058,0,0,0,0,0,0,0,0,0
131,1,10,2000,2000,21272531,2,"ifeval_min30",2,3,2,3,0.05,2.21487375092693,0,0,0,-2.3910901164636,0,0,0,0,0
132,1,10,2000,2000,21272531,2,"ifeval_min30",2,3,2,3,0.05,2.24008098826744,0,0,0,0,0,-2.78828164027072,0,0,0
133,1,10,2000,2000,21272531,2,"ifeval_min30",2,3,2,3,0.05,2.76445313310251,0,0,2.45281290542334,0,0,0,0,0,-2.66190398903564
134,1,10,2000,2000,21272531,2,"ifeval_min30",2,3,2,3,0.05,2.84999206266366,0,0,0,0,0,0,0,0,0
135,1,10,2000,2000,21272531,2,"ifeval_min30",2,3,2,3,0.05,2.5736547796987,0,0,0,0,0,0,0,0,0
136,1,10,2000,2000,21272531,2,"ifeval_min30",2,3,2,3,0.05,2.48422462935559,0,-2.71149051724933,0,0,0,0,0,2.85150509909727,0
137,1,10,2000,2000,21272531,2,"ifeval_min30",2,3,2,3,0.05,2.48051381483674,0,0,0,0,0,0,0,0,0
138,1,10,2000,2000,21272531,2,"ifeval_min30",2,3,2,3,0.05,2.32819541008212,0,0,-2.23588974238373,0,0,0,0,0,0
139,1,10,2000,2000,21272531,2,"ifeval_min30",2,3,2,3,0.05,2.20019638282247,0,0,0,0,0,0,0,0,0
140,1,10,2000,2000,21272531,2,"ifeval_min30",2,3,2,3,0.05,2.47939642868005,2.9995974584017,0,0,0,0,0,0,0,0
141,1,10,2000,2000,21272531,2,"ifeval_min30",2,3,2,3,0.05,2.32364870421588,0,0,2.66656007454731,0,0,0,0,0,0
142,1,10,2000,2000,21272531,2,"ifeval_min30",2,3,2,3,0.05,2.89856516895816,0,0,0,0,0,0,0,0,0
143,1,10,2000,2000,21272531,2,"ifeval_min30",2,3,2,3,0.05,2.65721949096769,0,0,0,0,-2.28680443181656,0,0,0,0
144,1,10,2000,2000,21272531,2,"ifeval_min30",2,3,2,3,0.05,2.66723197652027,0,0,0,0,0,0,0,0,0
145,1,10,2000,2000,21272531,2,"ifeval_min30",2,3,2,3,0.05,2.98979708366096,0,0,0,0,0,0,0,0,0
146,1,10,2000,2000,21272531,2,"ifeval_min30",2,3,2,3,0.05,2.1485069997143,0,0,0,0,0,0,0,0,0
147,1,10,2000,2000,21272531,2,"ifeval_min30",2,3,2,3,0.05,2.69727103179321,0,0,0,0,0,0,0,2.99722958309576,0
148,1,10,2000,2000,21272531,2,"ifeval_min30",2,3,2,3,0.05,2.6777631607838,0,0,0,0,0,0,0,0,0
149,1,10,2000,2000,21272531,2,"ifeval_min30",2,3,2,3,0.05,2.40669299429283,0,0,0,0,0,0,0,0,0
150,1,10,2000,2000,21272531,2,"ifeval_min30",2,3,2,3,0.05,2.93504004133865,0,0,-2.41958973021246,0,0,0,0,0,0
151,1,10,2000,2000,21272531,2,"ifeval_min30",2,3,2,3,0.05,2.16355129843578,0,-2.06662902631797,0,0,0,0,0,0,0
152,1,10,2000,2000,21272531,2,"ifeval_min30",2,3,2,3,0.05,2.40340806357563,0,0,0,0,0,0,0,0,-2.85984205966815
153,1,10,2000,2000,21272531,2,"ifeval_min30",2,3,2,3,0.05,2.65921645937487,0,0,0,0,0,0,0,0,0
154,1,10,2000,2000,21272531,2,"ifeval_min30",2,3,2,3,0.05,2.40418810094707,0,0,0,0,0,0,0,0,0
155,1,10,2000,2000,21272531,2,"ifeval_min30",2,3,2,3,0.05,2.20595691911876,0,0,0,0,0,0,0,0,0
156,1,10,2000,2000,21272531,2,"ifeval_min30",2,3,2,3,0.05,2.51219862955622,0,0,0,0,0,2.34098935034126,0,0,0
157,1,10,2000,2000,21272531,2,"ifeval_min30",2,3,2,3,0.05,2.56188523001038,0,0,0,0,0,0,0,0,0
158,1,10,2000,2000,21272531,2,"ifeval_min30",2,3,2,3,0.05,2.15316893905401,0,0,0,0,0,-2.15435667568818,0,0,0
159,1,10,2000,2000,21272531,2,"ifeval_min30",2,3,2,3,0.05,2.36966917733662,0,0,0,0,0,0,0,0,0
160,1,10,2000,2000,21272531,2,"ifeval_min30",2,3,2,3,0.05,2.8409945005551,0,0,0,0,0,0,0,0,0
161,1,10,2000,2000,21272531,2,"ifeval_min30",2,3,2,3,0.05,2.24977414566092,0,0,0,0,0,0,0,0,0
162,1,10,2000,2000,21272531,2,"ifeval_min30",2,3,2,3,0.05,2.33462019986473,0,0,0,0,0,0,0,2.2618307156954,-2.74575175321661
163,1,10,2000,2000,21272531,2,"ifeval_min30",2,3,2,3,0.05,2.95488718664274,0,0,0,0,0,0,0,0,0
164,1,10,2000,2000,21272531,2,"ifeval_min30",2,3,2,3,0.05,2.98230570065789,0,0,0,0,0,0,0,0,0
165,1,10,2000,2000,21272531,2,"ifeval_min30",2,3,2,3,0.05,2.30300120287575,0,0,0,0,0,-2.66575711243786,0,0,0
166,1,10,2000,2000,21272531,2,"ifeval_min30",2,3,2,3,0.05,2.17342063598335,2.00431793322787,0,0,0,0,0,0,0,0
167,1,10,2000,2000,21272531,2,"ifeval_min30",2,3,2,3,0.05,2.96092935395427,0,0,0,0,2.49487599916756,0,0,0,0
168,1,10,2000,2000,21272531,2,"ifeval_min30",2,3,2,3,0.05,2.76691029360518,0,0,0,0,0,0,0,0,0
169,1,10,2000,2000,21272531,2,"ifeval_min30",2,3,2,3,0.05,2.69853813387454,0,0,0,0,0,0,0,0,0
170,1,10,2000,2000,21272531,2,"ifeval_min30",2,3,2,3,0.05,2.71311442437582,0,0,0,0,0,0,0,0,0
171,1,10,2000,2000,21272531,2,"ifeval_min30",2,3,2,3,0.05,2.35945786512457,0,0,0,0,0,0,0,0,0
172,1,10,2000,2000,21272531,2,"ifeval_min30",2,3,2,3,0.05,2.12012685509399,0,0,0,0,0,0,0,0,0
173,1,10,2000,2000,21272531,2,"ifeval_min30",2,3,2,3,0.05,2.36538484552875,0,0,0,0,0,0,0,-2.75938070006669,0
174,1,10,2000,2000,21272531,2,"ifeval_min30",2,3,2,3,0.05,2.28079602727666,0,0,0,0,0,0,0,0,0
175,1,10,2000,2000,21272531,2,"ifeval_min30",2,3,2,3,0.05,2.32260784623213,0,0,0,0,0,0,0,0,0
176,1,10,2000,2000,21272531,2,"ifeval_min30",2,3,2,3,0.05,2.49418161134236,0,0,0,0,0,0,-2.70266315154731,0,0
177,1,10,2000,2000,21272531,2,"ifeval_min30",2,3,2,3,0.05,2.30321254231967,0,0,0,0,0,0,2.89017562242225,0,2.87615124811418
178,1,10,2000,2000,21272531,2,"ifeval_min30",2,3,2,3,0.05,2.81709963758476,0,0,0,0,0,0,0,0,0
179,1,10,2000,2000,21272531,2,"ifeval_min30",2,3,2,3,0.05,2.13139862893149,0,0,0,0,0,0,0,0,0
180,1,10,2000,2000,21272531,2,"ifeval_min30",2,3,2,3,0.05,2.5309539292939,0,0,0,0,0,0,0,0,0
181,1,10,2000,2000,21272531,2,"ifeval_min30",2,3,2,3,0.05,2.06624737917446,0,0,0,0,0,0,0,0,0
182,1,10,2000,2000,21272531,2,"ifeval_min30",2,3,2,3,0.05,2.66388306370936,0,0,0,0,0,0,0,0,0
183,1,10,2000,2000,21272531,2,"ifeval_min30",2,3,2,3,0.05,2.71099840919487,0,0,0,0,0,-2.62122300709598,0,0,0
184,1,10,2000,2000,21272531,2,"ifeval_min30",2,3,2,3,0.05,2.39658186049201,0,0,0,0,0,0,0,0,0
185,1,10,2000,2000,21272531,2,"ifeval_min30",2,3,2,3,0.05,2.56230927444994,0,0,0,0,0,0,0,0,0
186,1,10,2000,2000,21272531,2,"ifeval_min30",2,3,2,3,0.05,2.12198195257224,0,0,0,0,0,0,0,0,0
187,1,10,2000,2000,21272531,2,"ifeval_min30",2,3,2,3,0.05,2.01004930539057,0,2.33722923556343,0,-2.74353978852741,0,0,0,0,0
188,1,10,2000,2000,21272531,2,"ifeval_min30",2,3,2,3,0.05,2.2680331969168,0,0,0,0,0,2.27268917113543,0,0,0
189,1,10,2000,2000,21272531,2,"ifeval_min30",2,3,2,3,0.05,2.81877695396543,0,0,0,0,-2.77490958361886,0,0,0,0
190,1,10,2000,2000,21272531,2,"ifeval_min30",2,3,2,3,0.05,2.81897758925334,0,0,-2.58678356092423,0,0,0,0,0,0
191,1,10,2000,2000,21272531,2,"ifeval_min30",2,3,2,3,0.05,2.21506496635266,0,0,0,0,0,0,0,0,0
192,1,10,2000,2000,21272531,2,"ifeval_min30",2,3,2,3,0.05,2.88192554237321,0,0,0,0,0,0,0,0,0
193,1,10,2000,2000,21272531,2,"ifeval_min30",2,3,2,3,0.05,2.12041895324364,0,0,0,0,0,0,0,0,0
194,1,10,2000,2000,21272531,2,"ifeval_min30",2,3,2,3,0.05,2.79576938715763,0,0,0,0,0,0,0,0,0
195,1,10,2000,2000,21272531,2,"ifeval_min30",2,3,2,3,0.05,2.75438531883992,0,0,0,0,0,0,0,0,0
196,1,10,2000,2000,21272531,2,"ifeval_min30",2,3,2,3,0.05,2.25226878677495,0,0,0,0,0,0,0,0,-2.37044114922173
197,1,10,2000,2000,21272531,2,"ifeval_min30",2,3,2,3,0.05,2.91729788458906,0,0,0,0,0,0,0,0,0
198,1,10,2000,2000,21272531,2,"ifeval_min30",2,3,2,3,0.05,2.38321159197949,0,0,0,0,0,0,0,0,0
199,1,10,2000,2000,21272531,2,"ifeval_min30",2,3,2,3,0.05,2.78291331999935,-2.14217265066691,0,0,0,0,0,0,0,0
200,1,10,2000,2000,21272531,2,"ifeval_min30",2,3,2,3,0.05,2.20671035908163,0,0,0,0,0,0,0,0,0
201,1,10,2000,2000,21272531,2,"ifeval_min30",2,3,2,3,0.05,2.73486173409037,0,0,0,0,2.82818589056842,0,-2.44193487963639,0,0
202,1,10,2000,2000,21272531,2,"ifeval_min30",2,3,2,3,0.05,2.16586006921716,0,0,0,0,0,0,-2.82723320042714,2.1243994391989,0
203,1,10,2000,2000,21272531,2,"ifeval_min30",2,3,2,3,0.05,2.17462098109536,0,0,0,0,0,0,0,0,0
204,1,10,2000,2000,21272531,2,"ifeval_min30",2,3,2,3,0.05,2.48268231051043,2.80447608837858,0,0,0,0,0,0,0,0
205,1,10,2000,2000,21272531,2,"ifeval_min30",2,3,2,3,0.05,2.74355414230376,0,0,0,0,0,0,0,0,0
206,1,10,2000,2000,21272531,2,"ifeval_min30",2,3,2,3,0.05,2.40492428420112,0,0,2.40731426049024,0,0,0,0,0,0
207,1,10,2000,2000,21272531,2,"ifeval_min30",2,3,2,3,0.05,2.05454859370366,0,0,0,-2.61960634891875,0,0,0,-2.1677225693129,0
208,1,10,2000,2000,21272531,2,"ifeval_min30",2,3,2,3,0.05,2.98606882081367,0,0,0,0,0,0,0,0,0
209,1,10,2000,2000,21272531,2,"ifeval_min30",2,3,2,3,0.05,2.71829594415613,0,0,0,0,0,0,0,0,0
210,1,10,2000,2000,21272531,2,"ifeval_min30",2,3,2,3,0.05,2.29190518660471,0,0,0,0,0,0,0,0,0
211,1,10,2000,2000,21272531,2,"ifeval_min30",2,3,2,3,0.05,2.4354876934085,0,0,0,0,0,0,0,0,0
212,1,10,2000,2000,21272531,2,"ifeval_min30",2,3,2,3,0.05,2.58794048661366,0,0,0,0,0,0,0,0,0
213,1,10,2000,2000,21272531,2,"ifeval_min30",2,3,2,3,0.05,2.98175116977654,0,0,0,0,0,0,0,0,0
214,1,10,2000,2000,21272531,2,"ifeval_min30",2,3,2,3,0.05,2.06370284617878,0,0,0,0,0,0,0,-2.11100478819571,0
215,1,10,2000,2000,21272531,2,"ifeval_min30",2,3,2,3,0.05,2.71706169866957,0,0,0,0,0,0,0,0,0
216,1,10,2000,2000,21272531,2,"ifeval_min30",2,3,2,3,0.05,2.50907920231111,0,0,0,0,0,0,0,0,0
217,1,10,2000,2000,21272531,2,"ifeval_min30",2,3,2,3,0.05,2.06110228854232,0,0,0,0,0,0,0,0,0
218,1,10,2000,2000,21272531,2,"ifeval_min30",2,3,2,3,0.05,2.54508904065005,0,0,0,0,0,0,0,0,-2.76457680109888
219,1,10,2000,2000,21272531,2,"ifeval_min30",2,3,2,3,0.05,2.77881876402535,0,0,0,0,0,0,0,0,0
220,1,10,2000,2000,21272531,2,"ifeval_min30",2,3,2,3,0.05,2.07747484790161,0,0,0,0,0,0,0,0,0
221,1,10,2000,2000,21272531,2,"ifeval_min30",2,3,2,3,0.05,2.75200373865664,0,0,0,0,0,0,0,0,0
222,1,10,2000,2000,21272531,2,"ifeval_min30",2,3,2,3,0.05,2.63889671862125,0,0,0,0,0,0,0,0,0
223,1,10,2000,2000,21272531,2,"ifeval_min30",2,3,2,3,0.05,2.59813226852566,0,0,0,0,0,0,0,0,0
224,1,10,2000,2000,21272531,2,"ifeval_min30",2,3,2,3,0.05,2.95689396001399,0,0,0,0,0,0,0,0,-2.5409783187788
225,1,10,2000,2000,21272531,2,"ifeval_min30",2,3,2,3,0.05,2.02925550378859,-2.34932606620714,0,0,0,0,0,0,0,0
226,1,10,2000,2000,21272531,2,"ifeval_min30",2,3,2,3,0.05,2.97647348069586,0,0,0,0,0,0,0,0,0
227,1,10,2000,2000,21272531,2,"ifeval_min30",2,3,2,3,0.05,2.69062736770138,0,0,0,0,0,0,0,0,0
228,1,10,2000,2000,21272531,2,"ifeval_min30",2,3,2,3,0.05,2.72877568216063,0,0,0,0,0,0,0,0,0
229,1,10,2000,2000,21272531,2,"ifeval_min30",2,3,2,3,0.05,2.25859973416664,0,0,0,-2.14441476599313,0,0,0,0,0
230,1,10,2000,2000,21272531,2,"ifeval_min30",2,3,2,3,0.05,2.68141325493343,0,0,0,0,0,0,0,-2.99855500389822,0
231,1,10,2000,2000,21272531,2,"ifeval_min30",2,3,2,3,0.05,2.3103786688298,0,2.58608370926231,0,0,0,0,0,0,0
232,1,10,2000,2000,21272531,2,"ifeval_min30",2,3,2,3,0.05,2.17033705068752,0,0,0,0,0,0,0,0,0
233,1,10,2000,2000,21272531,2,"ifeval_min30",2,3,2,3,0.05,2.98549032001756,0,0,0,0,0,0,0,0,0
234,1,10,2000,2000,21272531,2,"ifeval_min30",2,3,2,3,0.05,2.52499233977869,0,0,0,0,0,0,0,0,-2.45496535743587
235,1,10,2000,2000,21272531,2,"ifeval_min30",2,3,2,3,0.05,2.24668125552125,0,0,0,0,0,0,0,0,0
236,1,10,2000,2000,21272531,2,"ifeval_min30",2,3,2,3,0.05,2.95315637276508,0,0,0,0,0,0,0,0,0
237,1,10,2000,2000,21272531,2,"ifeval_min30",2,3,2,3,0.05,2.25009713415056,0,0,0,0,0,0,0,2.01009299908765,0
238,1,10,2000,2000,21272531,2,"ifeval_min30",2,3,2,3,0.05,2.08718624012545,0,0,0,0,0,0,0,0,0
239,1,10,2000,2000,21272531,2,"ifeval_min30",2,3,2,3,0.05,2.6076569526922,0,0,0,0,0,0,0,0,0
240,1,10,2000,2000,21272531,2,"ifeval_min30",2,3,2,3,0.05,2.50970079307444,0,0,0,0,0,0,0,0,0
241,1,10,2000,2000,21272531,2,"ifeval_min30",2,3,2,3,0.05,2.45816622185521,0,0,0,0,0,0,0,0,0
242,1,10,2000,2000,21272531,2,"ifeval_min30",2,3,2,3,0.05,2.10330963600427,0,0,0,0,0,0,0,0,0
243,1,10,2000,2000,21272531,2,"ifeval_min30",2,3,2,3,0.05,2.34014446474612,0,0,0,0,0,0,0,0,0
244,1,10,2000,2000,21272531,2,"ifeval_min30",2,3,2,3,0.05,2.22123100445606,0,0,0,0,0,0,0,0,0
245,1,10,2000,2000,21272531,2,"ifeval_min30",2,3,2,3,0.05,2.46248908457346,0,0,0,0,0,0,0,0,0
246,1,10,2000,2000,21272531,2,"ifeval_min30",2,3,2,3,0.05,2.89371256227605,0,0,0,0,0,0,0,0,0
247,1,10,2000,2000,21272531,2,"ifeval_min30",2,3,2,3,0.05,2.08967382623814,0,0,0,0,0,0,0,0,0
248,1,10,2000,2000,21272531,2,"ifeval_min30",2,3,2,3,0.05,2.74262023856863,0,0,0,0,0,0,0,0,0
249,1,10,2000,2000,21272531,2,"ifeval_min30",2,3,2,3,0.05,2.83112348383293,0,0,0,0,0,0,0,0,0
250,1,10,2000,2000,21272531,2,"ifeval_min30",2,3,2,3,0.05,2.86365928407758,0,0,0,0,0,0,0,0,0
251,1,10,2000,2000,21272531,2,"ifeval_min30",2,3,2,3,0.05,2.87516456656158,0,2.55396582721733,0,0,0,0,0,0,0
252,1,10,2000,2000,21272531,2,"ifeval_min30",2,3,2,3,0.05,2.7066507851705,0,0,0,0,0,0,0,0,0
253,1,10,2000,2000,21272531,2,"ifeval_min30",2,3,2,3,0.05,2.26047294260934,0,0,0,0,0,0,0,0,0
254,1,10,2000,2000,21272531,2,"ifeval_min30",2,3,2,3,0.05,2.57406235486269,0,0,0,0,0,2.52680888795294,0,0,0
255,1,10,2000,2000,21272531,2,"ifeval_min30",2,3,2,3,0.05,2.38585952227004,0,0,0,0,0,0,0,0,0
256,1,10,2000,2000,21272531,2,"ifeval_min30",2,3,2,3,0.05,2.18205424281769,0,0,0,0,0,0,0,0,0
257,1,10,2000,2000,21272531,2,"ifeval_min30",2,3,2,3,0.05,2.47684603836387,0,0,0,0,0,0,0,-2.76470945961773,0
258,1,10,2000,2000,21272531,2,"ifeval_min30",2,3,2,3,0.05,2.75443043094128,0,0,0,0,0,0,0,0,0
259,1,10,2000,2000,21272531,2,"ifeval_min30",2,3,2,3,0.05,2.71520124445669,0,0,0,0,0,0,0,0,0
260,1,10,2000,2000,21272531,2,"ifeval_min30",2,3,2,3,0.05,2.40111482376233,0,0,0,0,0,0,0,0,0
261,1,10,2000,2000,21272531,2,"ifeval_min30",2,3,2,3,0.05,2.6594125488773,0,0,-2.78344194381498,0,0,0,0,0,0
262,1,10,2000,2000,21272531,2,"ifeval_min30",2,3,2,3,0.05,2.00553310429677,0,0,0,0,0,0,0,0,0
263,1,10,2000,2000,21272531,2,"ifeval_min30",2,3,2,3,0.05,2.77218762901612,0,0,2.72464153100736,0,0,0,0,0,0
264,1,10,2000,2000,21272531,2,"ifeval_min30",2,3,2,3,0.05,2.41757506108843,0,0,0,0,0,0,0,0,0
265,1,10,2000,2000,21272531,2,"ifeval_min30",2,3,2,3,0.05,2.44396205688827,0,0,0,0,0,0,0,0,-2.02032154961489
266,1,10,2000,2000,21272531,2,"ifeval_min30",2,3,2,3,0.05,2.48393344669603,0,0,0,0,0,0,0,0,0
267,1,10,2000,2000,21272531,2,"ifeval_min30",2,3,2,3,0.05,2.77036056062207,0,2.85634712828323,0,0,0,0,0,0,0
268,1,10,2000,2000,21272531,2,"ifeval_min30",2,3,2,3,0.05,2.85132052539848,0,0,0,0,0,0,0,0,0
269,1,10,2000,2000,21272531,2,"ifeval_min30",2,3,2,3,0.05,2.14967434760183,0,0,0,0,0,0,0,2.3934210925363,0
270,1,10,2000,2000,21272531,2,"ifeval_min30",2,3,2,3,0.05,2.73849846981466,0,0,0,2.54674096917734,0,0,0,0,0
271,1,10,2000,2000,21272531,2,"ifeval_min30",2,3,2,3,0.05,2.65718176751398,0,0,0,0,0,0,0,0,0
272,1,10,2000,2000,21272531,2,"ifeval_min30",2,3,2,3,0.05,2.69214680488221,0,0,0,0,-2.83483870117925,0,0,0,0
273,1,10,2000,2000,21272531,2,"ifeval_min30",2,3,2,3,0.05,2.03467371943407,0,0,0,0,0,0,0,0,0
274,1,10,2000,2000,21272531,2,"ifeval_min30",2,3,2,3,0.05,2.92632834217511,0,0,0,0,0,0,0,0,0
275,1,10,2000,2000,21272531,2,"ifeval_min30",2,3,2,3,0.05,2.51802435470745,0,0,0,0,0,0,0,0,0
276,1,10,2000,2000,21272531,2,"ifeval_min30",2,3,2,3,0.05,2.01355199841782,0,0,0,0,0,0,0,0,0
277,1,10,2000,2000,21272531,2,"ifeval_min30",2,3,2,3,0.05,2.97009504912421,0,0,0,0,0,0,0,0,0
278,1,10,2000,2000,21272531,2,"ifeval_min30",2,3,2,3,0.05,2.05416589556262,0,0,0,0,-2.79769301740453,0,0,0,0
279,1,10,2000,2000,21272531,2,"ifeval_min30",2,3,2,3,0.05,2.7336395252496,0,0,0,-2.71057809772901,0,0,0,0,0
280,1,10,2000,2000,21272531,2,"ifeval_min30",2,3,2,3,0.05,2.97772750421427,0,-2.81581785460003,0,0,0,0,0,0,0
281,1,10,2000,2000,21272531,2,"ifeval_min30",2,3,2,3,0.05,2.10961283626966,0,0,0,0,0,-2.89904772676528,-2.37744325166568,0,0
282,1,10,2000,2000,21272531,2,"ifeval_min30",2,3,2,3,0.05,2.95721334288828,0,0,0,0,0,0,0,0,0
283,1,10,2000,2000,21272531,2,"ifeval_min30",2,3,2,3,0.05,2.05737576750107,0,0,0,0,0,0,0,0,0
284,1,10,2000,2000,21272531,2,"ifeval_min30",2,3,2,3,0.05,2.29353222670034,0,-2.24031307222322,0,0,0,0,0,0,0
285,1,10,2000,2000,21272531,2,"ifeval_min30",2,3,2,3,0.05,2.73702428932302,0,0,0,0,0,0,0,0,0
286,1,10,2000,2000,21272531,2,"ifeval_min30",2,3,2,3,0.05,2.02378619113006,0,0,0,0,0,0,0,0,0
287,1,10,2000,2000,21272531,2,"ifeval_min30",2,3,2,3,0.05,2.21727252192795,-2.23241601721384,0,0,0,0,0,0,0,0
288,1,10,2000,2000,21272531,2,"ifeval_min30",2,3,2,3,0.05,2.80402734107338,0,0,0,0,-2.37792528420687,0,0,0,0
289,1,10,2000,2000,21272531,2,"ifeval_min30",2,3,2,3,0.05,2.16272212541662,0,0,0,-2.01063268212602,0,0,0,0,0
290,1,10,2000,2000,21272531,2,"ifeval_min30",2,3,2,3,0.05,2.75038168975152,0,0,0,0,0,0,0,0,0
291,1,10,2000,2000,21272531,2,"ifeval_min30",2,3,2,3,0.05,2.46954903937876,0,0,0,0,0,0,0,0,0
292,1,10,2000,2000,21272531,2,"ifeval_min30",2,3,2,3,0.05,2.80394776584581,0,0,0,0,0,0,0,0,0
293,1,10,2000,2000,21272531,2,"ifeval_min30",2,3,2,3,0.05,2.80090765515342,0,0,0,0,0,0,0,0,0
294,1,10,2000,2000,21272531,2,"ifeval_min30",2,3,2,3,0.05,2.78384178783745,0,0,0,0,0,0,0,0,0
295,1,10,2000,2000,21272531,2,"ifeval_min30",2,3,2,3,0.05,2.16300777881406,0,0,0,0,0,0,0,0,0
296,1,10,2000,2000,21272531,2,"ifeval_min30",2,3,2,3,0.05,2.22488574311137,0,0,0,0,0,0,0,0,-2.30644728057086
297,1,10,2000,2000,21272531,2,"ifeval_min30",2,3,2,3,0.05,2.15058280201629,0,0,0,0,0,0,0,0,0
298,1,10,2000,2000,21272531,2,"ifeval_min30",2,3,2,3,0.05,2.61073068110272,0,0,0,0,0,0,0,0,0
299,1,10,2000,2000,21272531,2,"ifeval_min30",2,3,2,3,0.05,2.80937200807966,0,0,0,0,0,0,2.17974511953071,0,0
300,1,10,2000,2000,21272531,2,"ifeval_min30",2,3,2,3,0.05,2.15713492361829,0,0,0,0,0,0,0,0,0
301,1,10,2000,2000,21272531,2,"ifeval_min30",2,3,2,3,0.05,2.11515837162733,2.72901728725992,0,0,0,0,2.22490574256517,0,0,0
302,1,10,2000,2000,21272531,2,"ifeval_min30",2,3,2,3,0.05,2.38930900627747,0,0,0,0,0,0,0,0,0
303,1,10,2000,2000,21272531,2,"ifeval_min30",2,3,2,3,0.05,2.21401916025206,0,0,0,0,-2.68301451252773,0,0,0,0
304,1,10,2000,2000,21272531,2,"ifeval_min30",2,3,2,3,0.05,2.76855316967703,0,0,0,0,-2.15967363398522,0,0,0,0
305,1,10,2000,2000,21272531,2,"ifeval_min30",2,3,2,3,0.05,2.78756232140586,0,0,0,0,0,0,0,0,0
306,1,10,2000,2000,21272531,2,"ifeval_min30",2,3,2,3,0.05,2.18146001943387,-2.41543033020571,0,0,0,0,0,0,0,0
307,1,10,2000,2000,21272531,2,"ifeval_min30",2,3,2,3,0.05,2.9561558845453,0,0,0,0,0,0,0,0,0
308,1,10,2000,2000,21272531,2,"ifeval_min30",2,3,2,3,0.05,2.99665942997672,0,0,0,0,0,0,0,0,0
309,1,10,2000,2000,21272531,2,"ifeval_min30",2,3,2,3,0.05,2.93057770840824,0,0,0,0,0,0,0,0,0
310,1,10,2000,2000,21272531,2,"ifeval_min30",2,3,2,3,0.05,2.10382475052029,0,0,0,0,0,0,0,0,0
311,1,10,2000,2000,21272531,2,"ifeval_min30",2,3,2,3,0.05,2.03755981847644,0,0,0,0,0,0,0,0,0
312,1,10,2000,2000,21272531,2,"ifeval_min30",2,3,2,3,0.05,2.56506762001663,0,0,0,0,0,0,0,0,0
313,1,10,2000,2000,21272531,2,"ifeval_min30",2,3,2,3,0.05,2.6402869601734,0,0,0,0,0,0,0,0,0
314,1,10,2000,2000,21272531,2,"ifeval_min30",2,3,2,3,0.05,2.6462238507811,0,0,0,0,0,0,0,0,0
315,1,10,2000,2000,21272531,2,"ifeval_min30",2,3,2,3,0.05,2.32642229273915,0,0,0,2.54156304197386,0,0,-2.14777159621008,0,0
316,1,10,2000,2000,21272531,2,"ifeval_min30",2,3,2,3,0.05,2.73032850772142,0,0,0,0,0,0,0,0,0
317,1,10,2000,2000,21272531,2,"ifeval_min30",2,3,2,3,0.05,2.14017745526507,0,0,0,0,0,0,0,0,0
318,1,10,2000,2000,21272531,2,"ifeval_min30",2,3,2,3,0.05,2.63606760674156,0,0,0,0,0,0,0,0,0
319,1,10,2000,2000,21272531,2,"ifeval_min30",2,3,2,3,0.05,2.08941845223308,0,0,0,0,0,0,0,0,0
320,1,10,2000,2000,21272531,2,"ifeval_min30",2,3,2,3,0.05,2.8892579281237,0,0,0,2.31453521759249,0,0,0,0,0
321,1,10,2000,2000,21272531,2,"ifeval_min30",2,3,2,3,0.05,2.40222829394042,0,0,0,0,0,0,0,0,0
322,1,10,2000,2000,21272531,2,"ifeval_min30",2,3,2,3,0.05,2.494345479412,0,0,0,0,0,0,0,0,0
323,1,10,2000,2000,21272531,2,"ifeval_min30",2,3,2,3,0.05,2.45673261699267,0,0,0,0,0,0,0,0,0
324,1,10,2000,2000,21272531,2,"ifeval_min30",2,3,2,3,0.05,2.84460526239127,0,0,0,0,0,0,0,0,0
325,1,10,2000,2000,21272531,2,"ifeval_min30",2,3,2,3,0.05,2.36164100142196,0,0,0,0,0,0,0,0,0
326,1,10,2000,2000,21272531,2,"ifeval_min30",2,3,2,3,0.05,2.38215070823207,0,0,0,0,0,0,0,0,0
327,1,10,2000,2000,21272531,2,"ifeval_min30",2,3,2,3,0.05,2.1676510265097,0,0,0,0,0,0,0,0,0
328,1,10,2000,2000,21272531,2,"ifeval_min30",2,3,2,3,0.05,2.3446899629198,0,0,0,0,0,0,0,0,0
329,1,10,2000,2000,21272531,2,"ifeval_min30",2,3,2,3,0.05,2.11861782241613,0,0,0,-2.27190038189292,0,0,0,0,0
330,1,10,2000,2000,21272531,2,"ifeval_min30",2,3,2,3,0.05,2.13590845279396,0,0,0,0,0,0,0,0,0
331,1,10,2000,2000,21272531,2,"ifeval_min30",2,3,2,3,0.05,2.29447085270658,0,0,0,0,-2.42325238836929,0,0,0,0
332,1,10,2000,2000,21272531,2,"ifeval_min30",2,3,2,3,0.05,2.08234280976467,0,0,2.9020924216602,0,0,0,0,0,0
333,1,10,2000,2000,21272531,2,"ifeval_min30",2,3,2,3,0.05,2.32747479341924,0,0,0,0,0,0,0,0,0
334,1,10,2000,2000,21272531,2,"ifeval_min30",2,3,2,3,0.05,2.83960014209151,0,0,0,0,0,0,0,0,0
335,1,10,2000,2000,21272531,2,"ifeval_min30",2,3,2,3,0.05,2.97398652159609,0,0,0,0,0,0,0,0,0
336,1,10,2000,2000,21272531,2,"ifeval_min30",2,3,2,3,0.05,2.20781278796494,2.04657623753883,0,0,0,0,0,0,0,0
337,1,10,2000,2000,21272531,2,"ifeval_min30",2,3,2,3,0.05,2.70755570824258,0,0,0,0,0,0,0,0,0
338,1,10,2000,2000,21272531,2,"ifeval_min30",2,3,2,3,0.05,2.44718709168956,0,0,0,0,0,0,0,0,0
339,1,10,2000,2000,21272531,2,"ifeval_min30",2,3,2,3,0.05,2.46289889956824,0,2.12499454873614,0,0,0,0,0,0,0
340,1,10,2000,2000,21272531,2,"ifeval_min30",2,3,2,3,0.05,2.3237819399219,0,0,0,0,0,0,0,0,0
341,1,10,2000,2000,21272531,2,"ifeval_min30",2,3,2,3,0.05,2.66544645978138,0,0,0,0,0,0,0,0,0
342,1,10,2000,2000,21272531,2,"ifeval_min30",2,3,2,3,0.05,2.08740269136615,0,0,0,0,0,0,0,0,-2.9984166091308
343,1,10,2000,2000,21272531,2,"ifeval_min30",2,3,2,3,0.05,2.0276068886742,0,0,0,0,0,0,0,0,0
344,1,10,2000,2000,21272531,2,"ifeval_min30",2,3,2,3,0.05,2.47131268610246,0,0,0,0,0,0,0,-2.73829288082197,0
345,1,10,2000,2000,21272531,2,"ifeval_min30",2,3,2,3,0.05,2.98233223520219,0,0,0,0,0,0,0,0,2.30639471742325
346,1,10,2000,2000,21272531,2,"ifeval_min30",2,3,2,3,0.05,2.24588765925728,0,0,0,0,0,0,0,0,0
347,1,10,2000,2000,21272531,2,"ifeval_min30",2,3,2,3,0.05,2.8825809659902,0,0,0,2.18924380326644,0,0,0,0,0
348,1,10,2000,2000,21272531,2,"ifeval_min30",2,3,2,3,0.05,2.77307899831794,0,2.16138019389473,0,0,0,0,0,2.8477332033217,0
349,1,10,2000,2000,21272531,2,"ifeval_min30",2,3,2,3,0.05,2.22380412579514,0,0,0,0,0,0,0,0,0
350,1,10,2000,2000,21272531,2,"ifeval_min30",2,3,2,3,0.05,2.03642020840198,0,0,0,0,0,0,0,0,2.10350588406436
351,1,10,2000,2000,21272531,2,"ifeval_min30",2,3,2,3,0.05,2.81757375970483,-2.63074688846245,0,0,0,0,0,0,0,0
352,1,10,2000,2000,21272531,2,"ifeval_min30",2,3,2,3,0.05,2.31285891355947,0,0,0,0,0,0,0,-2.72762720147148,0
353,1,10,2000,2000,21272531,2,"ifeval_min30",2,3,2,3,0.05,2.35982380225323,0,0,0,0,0,0,0,0,-2.04374783788808
354,1,10,2000,2000,21272531,2,"ifeval_min30",2,3,2,3,0.05,2.58597699296661,0,0,0,0,0,0,0,0,0
355,1,10,2000,2000,21272531,2,"ifeval_min30",2,3,2,3,0.05,2.56384934601374,0,0,0,0,0,0,0,0,0
356,1,10,2000,2000,21272531,2,"ifeval_min30",2,3,2,3,0.05,2.91959484666586,0,0,0,0,-2.40579608571716,0,0,0,0
357,1,10,2000,2000,21272531,2,"ifeval_min30",2,3,2,3,0.05,2.96164359571412,0,0,0,0,0,0,0,0,0
358,1,10,2000,2000,21272531,2,"ifeval_min30",2,3,2,3,0.05,2.61993183521554,0,0,0,0,0,0,0,0,0
359,1,10,2000,2000,21272531,2,"ifeval_min30",2,3,2,3,0.05,2.85767162474804,0,-2.01020780671388,0,0,0,0,0,0,0
360,1,10,2000,2000,21272531,2,"ifeval_min30",2,3,2,3,0.05,2.77629826380871,0,0,0,0,0,0,0,0,0
361,1,10,2000,2000,21272531,2,"ifeval_min30",2,3,2,3,0.05,2.98599488008767,0,0,0,0,0,0,0,0,0
362,1,10,2000,2000,21272531,2,"ifeval_min30",2,3,2,3,0.05,2.5949892278295,0,0,0,0,0,0,0,0,0
363,1,10,2000,2000,21272531,2,"ifeval_min30",2,3,2,3,0.05,2.46697786170989,0,0,0,0,0,0,0,0,0
364,1,10,2000,2000,21272531,2,"ifeval_min30",2,3,2,3,0.05,2.88500551437028,0,0,0,0,0,0,0,0,0
365,1,10,2000,2000,21272531,2,"ifeval_min30",2,3,2,3,0.05,2.03393169934861,0,0,0,0,0,0,0,0,0
366,1,10,2000,2000,21272531,2,"ifeval_min30",2,3,2,3,0.05,2.75911814207211,-2.16882054880261,0,0,0,0,0,2.49757632287219,0,0
367,1,10,2000,2000,21272531,2,"ifeval_min30",2,3,2,3,0.05,2.67509058793075,0,0,0,0,0,0,0,0,0
368,1,10,2000,2000,21272531,2,"ifeval_min30",2,3,2,3,0.05,2.29715617955662,0,0,0,0,0,0,0,0,0
369,1,10,2000,2000,21272531,2,"ifeval_min30",2,3,2,3,0.05,2.63970127236098,0,0,0,0,0,0,0,0,0
370,1,10,2000,2000,21272531,2,"ifeval_min30",2,3,2,3,0.05,2.80256280954927,0,0,0,0,0,0,0,-2.2946506710723,0
371,1,10,2000,2000,21272531,2,"ifeval_min30",2,3,2,3,0.05,2.25129975168966,0,0,0,0,0,0,0,0,0
372,1,10,2000,2000,21272531,2,"ifeval_min30",2,3,2,3,0.05,2.88088284549303,0,0,0,0,0,0,0,0,0
373,1,10,2000,2000,21272531,2,"ifeval_min30",2,3,2,3,0.05,2.07561363908462,0,0,0,0,0,0,0,0,0
374,1,10,2000,2000,21272531,2,"ifeval_min30",2,3,2,3,0.05,2.19673923985101,0,0,0,0,0,0,0,0,0
375,1,10,2000,2000,21272531,2,"ifeval_min30",2,3,2,3,0.05,2.04869655845687,0,0,0,0,0,0,0,0,0
376,1,10,2000,2000,21272531,2,"ifeval_min30",2,3,2,3,0.05,2.98737790226005,0,0,0,0,-2.00997398863547,0,0,0,0
377,1,10,2000,2000,21272531,2,"ifeval_min30",2,3,2,3,0.05,2.5924164513126,0,0,0,-2.97296031960286,-2.11509261839092,0,0,0,0
378,1,10,2000,2000,21272531,2,"ifeval_min30",2,3,2,3,0.05,2.34445668640547,0,0,0,0,0,0,0,0,0
379,1,10,2000,2000,21272531,2,"ifeval_min30",2,3,2,3,0.05,2.10141619155183,0,0,0,0,-2.81460048118606,0,0,0,0
380,1,10,2000,2000,21272531,2,"ifeval_min30",2,3,2,3,0.05,2.62709070369601,0,0,0,0,0,0,0,0,0
381,1,10,2000,2000,21272531,2,"ifeval_min30",2,3,2,3,0.05,2.99843533546664,0,0,0,0,0,0,0,0,0
382,1,10,2000,2000,21272531,2,"ifeval_min30",2,3,2,3,0.05,2.07786024431698,0,0,0,0,0,0,0,0,0
383,1,10,2000,2000,21272531,2,"ifeval_min30",2,3,2,3,0.05,2.06498657283373,0,0,0,0,2.5886715054512,0,0,0,0
384,1,10,2000,2000,21272531,2,"ifeval_min30",2,3,2,3,0.05,2.4311812533997,0,0,0,0,0,0,-2.3917078373488,0,0
385,1,10,2000,2000,21272531,2,"ifeval_min30",2,3,2,3,0.05,2.53087416477501,0,0,0,0,0,0,-2.00728544988669,0,0
386,1,10,2000,2000,21272531,2,"ifeval_min30",2,3,2,3,0.05,2.74113332247362,0,0,0,0,0,0,0,0,0
387,1,10,2000,2000,21272531,2,"ifeval_min30",2,3,2,3,0.05,2.17638740199618,0,0,0,0,0,0,0,0,0
388,1,10,2000,2000,21272531,2,"ifeval_min30",2,3,2,3,0.05,2.85290157981217,0,-2.13415267691016,0,0,0,0,0,0,0
389,1,10,2000,2000,21272531,2,"ifeval_min30",2,3,2,3,0.05,2.00518399546854,0,0,0,0,0,-2.91624211706221,0,0,-2.61305412487127
390,1,10,2000,2000,21272531,2,"ifeval_min30",2,3,2,3,0.05,2.27496633725241,0,0,0,0,0,0,0,0,0
391,1,10,2000,2000,21272531,2,"ifeval_min30",2,3,2,3,0.05,2.1643508633133,0,0,0,0,0,0,0,0,0
392,1,10,2000,2000,21272531,2,"ifeval_min30",2,3,2,3,0.05,2.9273198582232,0,0,0,0,0,0,0,0,0
393,1,10,2000,2000,21272531,2,"ifeval_min30",2,3,2,3,0.05,2.06637065904215,0,0,0,0,0,0,0,-2.53751928126439,0
394,1,10,2000,2000,21272531,2,"ifeval_min30",2,3,2,3,0.05,2.92294191010296,0,0,0,0,0,0,0,0,0
395,1,10,2000,2000,21272531,2,"ifeval_min30",2,3,2,3,0.05,2.60167461633682,0,0,0,0,0,0,0,0,0
396,1,10,2000,2000,21272531,2,"ifeval_min30",2,3,2,3,0.05,2.26207403396256,0,0,0,0,0,0,0,0,0
397,1,10,2000,2000,21272531,2,"ifeval_min30",2,3,2,3,0.05,2.65735458256677,0,0,0,0,0,-2.69748853822239,0,0,0
398,1,10,2000,2000,21272531,2,"ifeval_min30",2,3,2,3,0.05,2.89830394578166,0,0,0,0,0,0,0,0,0
399,1,10,2000,2000,21272531,2,"ifeval_min30",2,3,2,3,0.05,2.92460451368243,0,0,0,0,0,0,0,0,0
400,1,10,2000,2000,21272531,2,"ifeval_min30",2,3,2,3,0.05,2.03080730256625,0,0,0,0,0,0,0,0,0
401,1,10,2000,2000,21272531,2,"ifeval_min30",2,3,2,3,0.05,2.05620815325528,0,0,0,0,0,0,0,0,0
402,1,10,2000,2000,21272531,2,"ifeval_min30",2,3,2,3,0.05,2.12680341210216,0,0,0,0,-2.07265537977219,0,0,0,0
403,1,10,2000,2000,21272531,2,"ifeval_min30",2,3,2,3,0.05,2.95028543146327,0,0,0,0,0,0,0,0,0
404,1,10,2000,2000,21272531,2,"ifeval_min30",2,3,2,3,0.05,2.48147683311254,0,0,0,0,0,0,0,0,0
405,1,10,2000,2000,21272531,2,"ifeval_min30",2,3,2,3,0.05,2.45571731193922,0,0,0,0,0,0,0,0,0
406,1,10,2000,2000,21272531,2,"ifeval_min30",2,3,2,3,0.05,2.2046288298443,2.63493102020584,0,0,0,0,0,0,0,0
407,1,10,2000,2000,21272531,2,"ifeval_min30",2,3,2,3,0.05,2.84362902236171,0,0,0,0,0,0,0,0,0
408,1,10,2000,2000,21272531,2,"ifeval_min30",2,3,2,3,0.05,2.9876032974571,0,0,0,0,0,0,0,0,0
409,1,10,2000,2000,21272531,2,"ifeval_min30",2,3,2,3,0.05,2.28329510195181,0,0,0,0,0,0,0,0,0
410,1,10,2000,2000,21272531,2,"ifeval_min30",2,3,2,3,0.05,2.96269542165101,0,0,0,0,0,0,0,0,0
411,1,10,2000,2000,21272531,2,"ifeval_min30",2,3,2,3,0.05,2.88637645798735,0,0,0,0,0,0,0,0,0
412,1,10,2000,2000,21272531,2,"ifeval_min30",2,3,2,3,0.05,2.80315537704155,0,0,0,0,2.77719311905093,0,0,0,0
413,1,10,2000,2000,21272531,2,"ifeval_min30",2,3,2,3,0.05,2.41377273667604,0,0,0,0,0,0,0,0,0
414,1,10,2000,2000,21272531,2,"ifeval_min30",2,3,2,3,0.05,2.02944009238854,0,0,0,0,0,0,0,0,0
415,1,10,2000,2000,21272531,2,"ifeval_min30",2,3,2,3,0.05,2.83258301275782,0,0,0,0,0,0,0,0,0
416,1,10,2000,2000,21272531,2,"ifeval_min30",2,3,2,3,0.05,2.74288918683305,0,0,0,0,0,-2.43509062053636,0,0,0
417,1,10,2000,2000,21272531,2,"ifeval_min30",2,3,2,3,0.05,2.5756300042849,0,0,2.62474170676433,0,0,0,0,0,0
418,1,10,2000,2000,21272531,2,"ifeval_min30",2,3,2,3,0.05,2.48534548305906,0,0,0,0,0,0,0,0,0
419,1,10,2000,2000,21272531,2,"ifeval_min30",2,3,2,3,0.05,2.91351123992354,0,0,0,0,0,0,0,0,0
420,1,10,2000,2000,21272531,2,"ifeval_min30",2,3,2,3,0.05,2.759790642187,0,0,0,0,0,0,0,0,0
421,1,10,2000,2000,21272531,2,"ifeval_min30",2,3,2,3,0.05,2.5076881791465,-2.75523412041366,0,0,0,0,0,0,0,0
422,1,10,2000,2000,21272531,2,"ifeval_min30",2,3,2,3,0.05,2.61373264319263,0,0,0,0,0,0,0,0,0
423,1,10,2000,2000,21272531,2,"ifeval_min30",2,3,2,3,0.05,2.3367069887463,0,0,0,0,0,0,0,0,0
424,1,10,2000,2000,21272531,2,"ifeval_min30",2,3,2,3,0.05,2.41968785063364,0,0,0,0,0,0,-2.05526114953682,0,0
425,1,10,2000,2000,21272531,2,"ifeval_min30",2,3,2,3,0.05,2.2808339598123,0,0,0,0,0,0,0,0,0
426,1,10,2000,2000,21272531,2,"ifeval_min30",2,3,2,3,0.05,2.30455696000718,0,-2.82652747514658,0,0,0,0,0,-2.22661068802699,0
427,1,10,2000,2000,21272531,2,"ifeval_min30",2,3,2,3,0.05,2.73318684659898,0,0,0,0,0,0,0,0,0
428,1,10,2000,2000,21272531,2,"ifeval_min30",2,3,2,3,0.05,2.15713277761824,0,0,0,0,0,0,0,0,0
429,1,10,2000,2000,21272531,2,"ifeval_min30",2,3,2,3,0.05,2.90773447253741,0,0,0,0,0,0,0,-2.82707682088949,0
430,1,10,2000,2000,21272531,2,"ifeval_min30",2,3,2,3,0.05,2.90774612082168,0,0,0,0,0,0,0,0,0
431,1,10,2000,2000,21272531,2,"ifeval_min30",2,3,2,3,0.05,2.58773783873767,0,0,0,0,0,0,0,0,0
432,1,10,2000,2000,21272531,2,"ifeval_min30",2,3,2,3,0.05,2.53310092492029,0,0,0,0,0,0,0,2.26944051263854,0
433,1,10,2000,2000,21272531,2,"ifeval_min30",2,3,2,3,0.05,2.77410792629234,0,0,0,0,0,0,0,0,0
434,1,10,2000,2000,21272531,2,"ifeval_min30",2,3,2,3,0.05,2.66374898701906,0,0,0,0,0,0,0,0,0
435,1,10,2000,2000,21272531,2,"ifeval_min30",2,3,2,3,0.05,2.27641813387163,0,0,0,0,0,0,0,0,0
436,1,10,2000,2000,21272531,2,"ifeval_min30",2,3,2,3,0.05,2.23481056862511,0,0,0,0,0,0,2.8408075182233,0,0
437,1,10,2000,2000,21272531,2,"ifeval_min30",2,3,2,3,0.05,2.48456605453975,0,0,0,0,0,0,0,0,0
438,1,10,2000,2000,21272531,2,"ifeval_min30",2,3,2,3,0.05,2.49126023822464,0,0,0,0,0,0,0,2.36603579064831,0
439,1,10,2000,2000,21272531,2,"ifeval_min30",2,3,2,3,0.05,2.793697983725,0,0,0,0,0,0,0,0,0
440,1,10,2000,2000,21272531,2,"ifeval_min30",2,3,2,3,0.05,2.17089383141138,0,0,0,0,0,0,0,0,0
441,1,10,2000,2000,21272531,2,"ifeval_min30",2,3,2,3,0.05,2.54246120434254,0,0,2.59222325356677,0,0,0,0,0,-2.36430127429776
442,1,10,2000,2000,21272531,2,"ifeval_min30",2,3,2,3,0.05,2.24065071414225,0,0,0,0,0,0,0,0,0
443,1,10,2000,2000,21272531,2,"ifeval_min30",2,3,2,3,0.05,2.03606856730767,0,0,0,0,0,0,0,0,0
444,1,10,2000,2000,21272531,2,"ifeval_min30",2,3,2,3,0.05,2.15144896158017,0,0,2.17279567359947,0,0,0,0,0,0
445,1,10,2000,2000,21272531,2,"ifeval_min30",2,3,2,3,0.05,2.14212564239278,0,0,0,0,0,0,0,0,0
446,1,10,2000,2000,21272531,2,"ifeval_min30",2,3,2,3,0.05,2.18403537617996,-2.04591760621406,0,0,0,0,0,0,0,0
447,1,10,2000,2000,21272531,2,"ifeval_min30",2,3,2,3,0.05,2.59285108349286,0,0,0,0,0,0,0,0,0
448,1,10,2000,2000,21272531,2,"ifeval_min30",2,3,2,3,0.05,2.81043492793106,0,0,0,0,0,0,0,0,0
449,1,10,2000,2000,21272531,2,"ifeval_min30",2,3,2,3,0.05,2.93106275377795,0,0,0,0,-2.98344956780784,0,0,0,0
450,1,10,2000,2000,21272531,2,"ifeval_min30",2,3,2,3,0.05,2.11450973479077,0,0,0,0,0,0,0,0,0
451,1,10,2000,2000,21272531,2,"ifeval_min30",2,3,2,3,0.05,2.81609977618791,0,0,0,0,0,0,0,0,0
452,1,10,2000,2000,21272531,2,"ifeval_min30",2,3,2,3,0.05,2.4348783986643,0,0,0,0,0,0,0,2.38351164548658,0
453,1,10,2000,2000,21272531,2,"ifeval_min30",2,3,2,3,0.05,2.8857782993,0,0,0,0,0,0,0,0,-2.6063045640476
454,1,10,2000,2000,21272531,2,"ifeval_min30",2,3,2,3,0.05,2.85492837592028,0,0,0,0,0,0,0,0,0
455,1,10,2000,2000,21272531,2,"ifeval_min30",2,3,2,3,0.05,2.05121890339069,0,0,0,0,0,0,0,0,0
456,1,10,2000,2000,21272531,2,"ifeval_min30",2,3,2,3,0.05,2.86088962294161,0,0,0,0,0,0,0,0,0
457,1,10,2000,2000,21272531,2,"ifeval_min30",2,3,2,3,0.05,2.67591312713921,0,0,0,0,0,0,0,0,0
458,1,10,2000,2000,21272531,2,"ifeval_min30",2,3,2,3,0.05,2.76660569966771,0,0,0,0,0,0,0,0,0
459,1,10,2000,2000,21272531,2,"ifeval_min30",2,3,2,3,0.05,2.74329472146928,0,0,0,0,0,0,0,0,0
460,1,10,2000,2000,21272531,2,"ifeval_min30",2,3,2,3,0.05,2.87604143260978,0,2.23445121804252,0,2.08224725024775,0,0,0,-2.70574460714124,0
461,1,10,2000,2000,21272531,2,"ifeval_min30",2,3,2,3,0.05,2.44138206075877,0,0,0,0,0,0,0,0,0
462,1,10,2000,2000,21272531,2,"ifeval_min30",2,3,2,3,0.05,2.10870461561717,-2.11278418242,0,2.27416975074448,0,0,0,0,0,0
463,1,10,2000,2000,21272531,2,"ifeval_min30",2,3,2,3,0.05,2.58252543373965,0,0,0,0,0,0,0,0,0
464,1,10,2000,2000,21272531,2,"ifeval_min30",2,3,2,3,0.05,2.16589466831647,0,0,0,0,0,0,0,0,0
465,1,10,2000,2000,21272531,2,"ifeval_min30",2,3,2,3,0.05,2.02014654502273,0,0,0,0,0,0,0,0,0
466,1,10,2000,2000,21272531,2,"ifeval_min30",2,3,2,3,0.05,2.55502914846875,0,0,0,0,0,0,-2.85821614274755,0,0
467,1,10,2000,2000,21272531,2,"ifeval_min30",2,3,2,3,0.05,2.75462967110798,0,0,0,0,0,0,-2.62627216987312,2.00539993052371,0
468,1,10,2000,2000,21272531,2,"ifeval_min30",2,3,2,3,0.05,2.81576474802569,0,0,0,0,-2.50149505166337,0,0,0,-2.55483449622989
469,1,10,2000,2000,21272531,2,"ifeval_min30",2,3,2,3,0.05,2.9427489459049,0,0,-2.57540822029114,0,0,0,0,0,0
470,1,10,2000,2000,21272531,2,"ifeval_min30",2,3,2,3,0.05,2.76024685753509,0,0,0,0,0,0,0,0,0
471,1,10,2000,2000,21272531,2,"ifeval_min30",2,3,2,3,0.05,2.80258528888226,0,0,0,0,0,0,0,0,0
472,1,10,2000,2000,21272531,2,"ifeval_min30",2,3,2,3,0.05,2.32844884437509,0,0,0,0,0,0,0,0,0
473,1,10,2000,2000,21272531,2,"ifeval_min30",2,3,2,3,0.05,2.5207257727161,0,0,0,0,0,0,0,0,0
474,1,10,2000,2000,21272531,2,"ifeval_min30",2,3,2,3,0.05,2.7567862845026,2.73938366724178,0,0,0,0,0,0,0,0
475,1,10,2000,2000,21272531,2,"ifeval_min30",2,3,2,3,0.05,2.38051711814478,0,0,0,0,0,0,0,0,0
476,1,10,2000,2000,21272531,2,"ifeval_min30",2,3,2,3,0.05,2.95409926958382,0,2.48752715811133,0,0,0,0,0,0,0
477,1,10,2000,2000,21272531,2,"ifeval_min30",2,3,2,3,0.05,2.00978545751423,0,0,0,0,0,-2.0149339477066,0,0,0
478,1,10,2000,2000,21272531,2,"ifeval_min30",2,3,2,3,0.05,2.74464564281516,0,0,0,0,0,0,0,0,0
479,1,10,2000,2000,21272531,2,"ifeval_min30",2,3,2,3,0.05,2.06147811748087,0,0,2.74794831243344,0,0,0,0,0,0
480,1,10,2000,2000,21272531,2,"ifeval_min30",2,3,2,3,0.05,2.21830165316351,0,0,0,0,0,0,0,0,0
481,1,10,2000,2000,21272531,2,"ifeval_min30",2,3,2,3,0.05,2.76789062819444,0,0,0,0,0,0,0,0,0
482,1,10,2000,2000,21272531,2,"ifeval_min30",2,3,2,3,0.05,2.53282302734442,0,0,0,0,0,0,0,0,2.19947471492924
483,1,10,2000,2000,21272531,2,"ifeval_min30",2,3,2,3,0.05,2.65994005906396,0,0,0,0,0,0,2.32891190238297,0,0
484,1,10,2000,2000,21272531,2,"ifeval_min30",2,3,2,3,0.05,2.18460892816074,0,0,0,0,0,0,0,0,0
485,1,10,2000,2000,21272531,2,"ifeval_min30",2,3,2,3,0.05,2.24855484743603,0,0,0,0,0,-2.39965809765272,0,0,0
486,1,10,2000,2000,21272531,2,"ifeval_min30",2,3,2,3,0.05,2.2076152942609,0,0,0,0,0,0,2.50497822230682,0,0
487,1,10,2000,2000,21272531,2,"ifeval_min30",2,3,2,3,0.05,2.85821828409098,0,0,0,0,0,0,0,0,0
488,1,10,2000,2000,21272531,2,"ifeval_min30",2,3,2,3,0.05,2.16887609404512,0,0,0,0,0,0,0,0,0
489,1,10,2000,2000,21272531,2,"ifeval_min30",2,3,2,3,0.05,2.628048786195,0,0,0,0,0,0,0,0,0
490,1,10,2000,2000,21272531,2,"ifeval_min30",2,3,2,3,0.05,2.07898813439533,0,0,0,0,0,0,0,0,0
491,1,10,2000,2000,21272531,2,"ifeval_min30",2,3,2,3,0.05,2.1253915654961,0,0,0,0,0,-2.02452050684951,0,0,0
492,1,10,2000,2000,21272531,2,"ifeval_min30",2,3,2,3,0.05,2.40725947031751,0,0,0,0,0,0,0,0,0
493,1,10,2000,2000,21272531,2,"ifeval_min30",2,3,2,3,0.05,2.61992395156994,0,0,0,0,0,0,0,0,0
494,1,10,2000,2000,21272531,2,"ifeval_min30",2,3,2,3,0.05,2.41984958504327,0,0,0,0,0,0,0,0,0
495,1,10,2000,2000,21272531,2,"ifeval_min30",2,3,2,3,0.05,2.12165765278041,0,0,0,0,0,0,0,0,0
496,1,10,2000,2000,21272531,2,"ifeval_min30",2,3,2,3,0.05,2.86549359001219,0,0,0,0,0,0,0,0,0
497,1,10,2000,2000,21272531,2,"ifeval_min30",2,3,2,3,0.05,2.24218341335654,0,0,0,0,0,0,0,0,0
498,1,10,2000,2000,21272531,2,"ifeval_min30",2,3,2,3,0.05,2.19020855356939,0,0,0,0,0,0,0,0,0
499,1,10,2000,2000,21272531,2,"ifeval_min30",2,3,2,3,0.05,2.49022563989274,0,0,0,0,0,0,0,0,0
500,1,10,2000,2000,21272531,2,"ifeval_min30",2,3,2,3,0.05,2.29663566453382,0,0,0,0,0,0,0,0,0
501,1,10,2000,2000,21272531,2,"ifeval_min30",2,3,2,3,0.05,2.17566637997515,0,0,0,0,0,0,0,0,0
502,1,10,2000,2000,21272531,2,"ifeval_min30",2,3,2,3,0.05,2.49139911914244,0,0,0,0,0,0,0,0,0
503,1,10,2000,2000,21272531,2,"ifeval_min30",2,3,2,3,0.05,2.46835028287023,0,0,0,0,0,0,-2.53431368828751,0,0
504,1,10,2000,2000,21272531,2,"ifeval_min30",2,3,2,3,0.05,2.76478628674522,0,0,0,0,0,0,0,0,0
505,1,10,2000,2000,21272531,2,"ifeval_min30",2,3,2,3,0.05,2.65099523542449,0,0,0,0,0,0,0,0,0
506,1,10,2000,2000,21272531,2,"ifeval_min30",2,3,2,3,0.05,2.84699784987606,0,0,0,0,0,0,0,0,0
507,1,10,2000,2000,21272531,2,"ifeval_min30",2,3,2,3,0.05,2.19943046197295,2.71373242256232,0,0,0,0,0,0,0,0
508,1,10,2000,2000,21272531,2,"ifeval_min30",2,3,2,3,0.05,2.36021725973114,-2.47850232594647,0,0,0,0,0,0,0,0
509,1,10,2000,2000,21272531,2,"ifeval_min30",2,3,2,3,0.05,2.81999412341975,0,0,0,0,0,-2.5107372275088,0,0,0
510,1,10,2000,2000,21272531,2,"ifeval_min30",2,3,2,3,0.05,2.94651262671687,0,0,0,0,0,0,2.59363347268663,0,2.77269801381044
511,1,10,2000,2000,21272531,2,"ifeval_min30",2,3,2,3,0.05,2.53451643255539,0,0,0,0,0,0,0,0,0
512,1,10,2000,2000,21272531,2,"ifeval_min30",2,3,2,3,0.05,2.48540817177854,0,0,0,0,0,0,0,0,0
513,1,10,2000,2000,21272531,2,"ifeval_min30",2,3,2,3,0.05,2.39586820360273,0,0,0,0,0,0,0,0,-2.67189708910882
514,1,10,2000,2000,21272531,2,"ifeval_min30",2,3,2,3,0.05,2.51519837439992,0,0,0,0,0,-2.56985294399783,0,0,0
515,1,10,2000,2000,21272531,2,"ifeval_min30",2,3,2,3,0.05,2.64990924601443,0,0,0,0,0,0,0,0,0
516,1,10,2000,2000,21272531,2,"ifeval_min30",2,3,2,3,0.05,2.26317497179843,0,0,0,0,0,0,0,0,0
517,1,10,2000,2000,21272531,2,"ifeval_min30",2,3,2,3,0.05,2.8977496959269,0,0,0,0,-2.57660136418417,0,0,0,0
518,1,10,2000,2000,21272531,2,"ifeval_min30",2,3,2,3,0.05,2.49846661929041,0,0,0,-2.2458293705713,0,0,0,0,0
519,1,10,2000,2000,21272531,2,"ifeval_min30",2,3,2,3,0.05,2.76772879459895,0,0,0,0,0,0,0,0,0
520,1,10,2000,2000,21272531,2,"ifeval_min30",2,3,2,3,0.05,2.56132439058274,2.51046365126967,0,0,2.42765083583072,0,0,0,0,0
521,1,10,2000,2000,21272531,2,"ifeval_min30",2,3,2,3,0.05,2.30536703951657,0,0,0,0,0,0,0,0,0
522,1,10,2000,2000,21272531,2,"ifeval_min30",2,3,2,3,0.05,2.98446480417624,0,0,0,0,-2.76613250351511,0,0,0,0
523,1,10,2000,2000,21272531,2,"ifeval_min30",2,3,2,3,0.05,2.03654394322075,0,0,0,0,0,0,0,0,0
524,1,10,2000,2000,21272531,2,"ifeval_min30",2,3,2,3,0.05,2.5332694533281,0,0,0,0,0,2.3977974599693,0,0,0
525,1,10,2000,2000,21272531,2,"ifeval_min30",2,3,2,3,0.05,2.99666557181627,0,0,0,0,0,0,0,2.98430616944097,0
526,1,10,2000,2000,21272531,2,"ifeval_min30",2,3,2,3,0.05,2.37739231041633,0,0,0,0,0,0,0,0,0
527,1,10,2000,2000,21272531,2,"ifeval_min30",2,3,2,3,0.05,2.29926426731981,0,0,0,-2.99977267137729,0,0,0,0,0
528,1,10,2000,2000,21272531,2,"ifeval_min30",2,3,2,3,0.05,2.1863837945275,0,0,0,0,0,0,0,0,0
529,1,10,2000,2000,21272531,2,"ifeval_min30",2,3,2,3,0.05,2.44351695221849,0,0,0,0,0,0,0,0,0
530,1,10,2000,2000,21272531,2,"ifeval_min30",2,3,2,3,0.05,2.05322705372237,0,-2.56175237055868,0,0,0,0,0,0,0
531,1,10,2000,2000,21272531,2,"ifeval_min30",2,3,2,3,0.05,2.36195705924183,0,0,0,0,0,-2.57443632977083,0,0,0
532,1,10,2000,2000,21272531,2,"ifeval_min30",2,3,2,3,0.05,2.30092105572112,0,0,0,0,0,0,0,0,0
533,1,10,2000,2000,21272531,2,"ifeval_min30",2,3,2,3,0.05,2.10781487403437,0,0,0,0,0,0,0,0,0
534,1,10,2000,2000,21272531,2,"ifeval_min30",2,3,2,3,0.05,2.59004726656713,0,0,0,0,0,0,0,0,0
535,1,10,2000,2000,21272531,2,"ifeval_min30",2,3,2,3,0.05,2.510321744252,0,0,0,0,0,0,0,0,0
536,1,10,2000,2000,21272531,2,"ifeval_min30",2,3,2,3,0.05,2.03897437499836,0,0,0,0,2.44624430662952,0,0,0,0
537,1,10,2000,2000,21272531,2,"ifeval_min30",2,3,2,3,0.05,2.27527034492232,0,0,0,0,0,0,0,0,0
538,1,10,2000,2000,21272531,2,"ifeval_min30",2,3,2,3,0.05,2.23913687979802,0,0,2.96968378731981,0,0,0,0,0,0
539,1,10,2000,2000,21272531,2,"ifeval_min30",2,3,2,3,0.05,2.05018592393026,0,0,0,0,0,0,0,0,0
540,1,10,2000,2000,21272531,2,"ifeval_min30",2,3,2,3,0.05,2.26497772196308,2.62224112963304,0,0,0,0,0,0,0,0
541,1,10,2000,2000,21272531,2,"ifeval_min30",2,3,2,3,0.05,2.33930047228932,0,0,0,0,0,0,0,0,0
542,1,10,2000,2000,21272531,2,"ifeval_min30",2,3,2,3,0.05,2.39953241776675,0,0,0,0,0,0,2.07658966374584,0,0
543,1,10,2000,2000,21272531,2,"ifeval_min30",2,3,2,3,0.05,2.35673913336359,0,0,0,0,0,0,0,0,0
544,1,10,2000,2000,21272531,2,"ifeval_min30",2,3,2,3,0.05,2.85090829082765,0,0,0,0,0,0,0,0,0
545,1,10,2000,2000,21272531,2,"ifeval_min30",2,3,2,3,0.05,2.0576971929986,0,0,0,0,0,0,0,0,0
546,1,10,2000,2000,21272531,2,"ifeval_min30",2,3,2,3,0.05,2.08066668803804,0,0,0,0,0,0,0,0,0
547,1,10,2000,2000,21272531,2,"ifeval_min30",2,3,2,3,0.05,2.27077842573635,0,0,0,0,0,0,0,0,0
548,1,10,2000,2000,21272531,2,"ifeval_min30",2,3,2,3,0.05,2.91139090922661,0,0,0,0,0,-2.28627268481068,0,0,0
549,1,10,2000,2000,21272531,2,"ifeval_min30",2,3,2,3,0.05,2.53161079832353,0,-2.20327791804448,0,0,0,0,0,0,0
550,1,10,2000,2000,21272531,2,"ifeval_min30",2,3,2,3,0.05,2.43513924977742,0,0,0,0,0,0,0,0,0
551,1,10,2000,2000,21272531,2,"ifeval_min30",2,3,2,3,0.05,2.49031234602444,0,0,0,0,0,0,0,0,0
552,1,10,2000,2000,21272531,2,"ifeval_min30",2,3,2,3,0.05,2.86085736099631,0,0,0,0,0,0,0,0,0
553,1,10,2000,2000,21272531,2,"ifeval_min30",2,3,2,3,0.05,2.12263364810497,0,0,0,0,0,0,0,0,0
554,1,10,2000,2000,21272531,2,"ifeval_min30",2,3,2,3,0.05,2.02243714733049,0,0,0,0,0,0,0,-2.81674296269193,0
555,1,10,2000,2000,21272531,2,"ifeval_min30",2,3,2,3,0.05,2.47359441453591,0,0,0,0,0,0,0,0,0
556,1,10,2000,2000,21272531,2,"ifeval_min30",2,3,2,3,0.05,2.79679715377279,0,0,0,0,0,0,0,0,0
557,1,10,2000,2000,21272531,2,"ifeval_min30",2,3,2,3,0.05,2.42482348019257,-2.09689052193426,0,-2.1110419742763,0,-2.59691977361217,0,0,0,0
558,1,10,2000,2000,21272531,2,"ifeval_min30",2,3,2,3,0.05,2.54995621927083,0,0,0,0,0,0,0,0,0
559,1,10,2000,2000,21272531,2,"ifeval_min30",2,3,2,3,0.05,2.81851365789771,0,0,0,0,0,0,0,0,2.81165965320542
560,1,10,2000,2000,21272531,2,"ifeval_min30",2,3,2,3,0.05,2.80697179026902,0,0,0,0,0,0,0,0,0
561,1,10,2000,2000,21272531,2,"ifeval_min30",2,3,2,3,0.05,2.90401930268854,0,0,0,0,0,0,0,0,0
562,1,10,2000,2000,21272531,2,"ifeval_min30",2,3,2,3,0.05,2.00197396217845,-2.03175599174574,0,0,0,0,0,0,0,0
563,1,10,2000,2000,21272531,2,"ifeval_min30",2,3,2,3,0.05,2.98916339292191,0,0,0,0,0,0,0,0,0
564,1,10,2000,2000,21272531,2,"ifeval_min30",2,3,2,3,0.05,2.1260076505132,0,2.53665408468805,0,0,0,0,0,0,0
565,1,10,2000,2000,21272531,2,"ifeval_min30",2,3,2,3,0.05,2.3097527816426,0,0,0,0,0,0,0,0,0
566,1,10,2000,2000,21272531,2,"ifeval_min30",2,3,2,3,0.05,2.88782677706331,0,0,0,0,0,0,0,0,0
567,1,10,2000,2000,21272531,2,"ifeval_min30",2,3,2,3,0.05,2.86362552503124,0,0,0,0,0,0,0,0,0
568,1,10,2000,2000,21272531,2,"ifeval_min30",2,3,2,3,0.05,2.02423454495147,0,0,0,0,0,0,0,0,0
569,1,10,2000,2000,21272531,2,"ifeval_min30",2,3,2,3,0.05,2.99302647914737,0,0,0,0,0,0,0,0,0
570,1,10,2000,2000,21272531,2,"ifeval_min30",2,3,2,3,0.05,2.09567954088561,0,0,0,0,0,0,0,0,0
571,1,10,2000,2000,21272531,2,"ifeval_min30",2,3,2,3,0.05,2.87082670070231,0,0,0,0,0,0,0,0,0
572,1,10,2000,2000,21272531,2,"ifeval_min30",2,3,2,3,0.05,2.8385581295006,0,0,2.8446874176152,0,0,0,0,0,0
573,1,10,2000,2000,21272531,2,"ifeval_min30",2,3,2,3,0.05,2.18769408110529,0,0,0,0,0,0,0,0,0
574,1,10,2000,2000,21272531,2,"ifeval_min30",2,3,2,3,0.05,2.22714731213637,0,0,0,0,0,0,0,0,0
575,1,10,2000,2000,21272531,2,"ifeval_min30",2,3,2,3,0.05,2.35350603167899,0,0,0,0,0,0,0,0,0
576,1,10,2000,2000,21272531,2,"ifeval_min30",2,3,2,3,0.05,2.4222752477508,0,0,0,0,0,0,0,0,0
577,1,10,2000,2000,21272531,2,"ifeval_min30",2,3,2,3,0.05,2.94233124656603,0,0,0,0,0,0,0,0,0
578,1,10,2000,2000,21272531,2,"ifeval_min30",2,3,2,3,0.05,2.96346038160846,0,0,0,0,0,0,0,0,0
579,1,10,2000,2000,21272531,2,"ifeval_min30",2,3,2,3,0.05,2.53509915038012,-2.72238380881026,2.47733882837929,0,0,0,0,2.19175820192322,0,0
580,1,10,2000,2000,21272531,2,"ifeval_min30",2,3,2,3,0.05,2.46030417457223,0,0,0,0,0,0,0,0,2.35678698215634
581,1,10,2000,2000,21272531,2,"ifeval_min30",2,3,2,3,0.05,2.00774828670546,0,0,0,0,0,0,0,0,0
582,1,10,2000,2000,21272531,2,"ifeval_min30",2,3,2,3,0.05,2.82014322490431,0,0,0,0,0,0,0,0,0
583,1,10,2000,2000,21272531,2,"ifeval_min30",2,3,2,3,0.05,2.61829586466774,0,0,0,0,0,0,0,0,0
584,1,10,2000,2000,21272531,2,"ifeval_min30",2,3,2,3,0.05,2.2175349004101,0,0,0,2.99542395607568,0,-2.66440469282679,0,0,0
585,1,10,2000,2000,21272531,2,"ifeval_min30",2,3,2,3,0.05,2.90920433960855,0,0,0,0,0,0,0,0,0
586,1,10,2000,2000,21272531,2,"ifeval_min30",2,3,2,3,0.05,2.71481323847547,0,0,0,0,0,0,0,0,0
587,1,10,2000,2000,21272531,2,"ifeval_min30",2,3,2,3,0.05,2.96762319817208,0,0,0,0,0,0,-2.38533482025377,-2.62797398469411,0
588,1,10,2000,2000,21272531,2,"ifeval_min30",2,3,2,3,0.05,2.04630891815759,-2.36760840122588,0,0,0,0,0,0,2.72100547328591,0
589,1,10,2000,2000,21272531,2,"ifeval_min30",2,3,2,3,0.05,2.54017030401155,0,0,0,0,0,0,0,0,0
590,1,10,2000,2000,21272531,2,"ifeval_min30",2,3,2,3,0.05,2.14349720510654,0,0,0,2.69414180889726,0,0,0,0,0
591,1,10,2000,2000,21272531,2,"ifeval_min30",2,3,2,3,0.05,2.14398920931853,0,0,0,2.23358672251925,0,0,0,0,0
592,1,10,2000,2000,21272531,2,"ifeval_min30",2,3,2,3,0.05,2.43194187106565,0,0,0,0,0,0,0,0,0
593,1,10,2000,2000,21272531,2,"ifeval_min30",2,3,2,3,0.05,2.06167718418874,0,0,0,0,0,0,0,0,0
594,1,10,2000,2000,21272531,2,"ifeval_min30",2,3,2,3,0.05,2.07785937492736,0,0,0,0,0,0,0,0,0
595,1,10,2000,2000,21272531,2,"ifeval_min30",2,3,2,3,0.05,2.01546260085888,0,0,0,0,0,0,0,0,0
596,1,10,2000,2000,21272531,2,"ifeval_min30",2,3,2,3,0.05,2.4305621383246,0,0,0,0,0,0,0,0,0
597,1,10,2000,2000,21272531,2,"ifeval_min30",2,3,2,3,0.05,2.53547190083191,0,0,2.95692066801712,0,0,0,0,0,0
598,1,10,2000,2000,21272531,2,"ifeval_min30",2,3,2,3,0.05,2.40667808498256,0,0,0,0,0,0,0,0,0
599,1,10,2000,2000,21272531,2,"ifeval_min30",2,3,2,3,0.05,2.08677100087516,0,0,0,0,-2.27596127707511,0,0,0,0
600,1,10,2000,2000,21272531,2,"ifeval_min30",2,3,2,3,0.05,2.44123257417232,0,0,0,0,0,0,0,0,0
601,1,10,2000,2000,21272531,2,"ifeval_min30",2,3,2,3,0.05,2.71915550576523,0,0,0,0,0,0,0,0,0
602,1,10,2000,2000,21272531,2,"ifeval_min30",2,3,2,3,0.05,2.59447852801532,0,0,0,0,0,0,0,0,0
603,1,10,2000,2000,21272531,2,"ifeval_min30",2,3,2,3,0.05,2.25853188987821,0,0,0,0,0,0,0,0,0
604,1,10,2000,2000,21272531,2,"ifeval_min30",2,3,2,3,0.05,2.65577552001923,0,0,0,0,0,0,0,0,0
605,1,10,2000,2000,21272531,2,"ifeval_min30",2,3,2,3,0.05,2.03484686580487,0,0,0,0,0,0,0,0,0
606,1,10,2000,2000,21272531,2,"ifeval_min30",2,3,2,3,0.05,2.65510255051777,0,0,0,0,0,0,0,0,0
607,1,10,2000,2000,21272531,2,"ifeval_min30",2,3,2,3,0.05,2.30210650502704,0,0,-2.03039138857275,0,0,0,0,0,0
608,1,10,2000,2000,21272531,2,"ifeval_min30",2,3,2,3,0.05,2.5323373998981,0,0,0,0,0,0,0,0,0
609,1,10,2000,2000,21272531,2,"ifeval_min30",2,3,2,3,0.05,2.19993222295307,0,0,0,0,-2.56439530756325,0,0,0,0
610,1,10,2000,2000,21272531,2,"ifeval_min30",2,3,2,3,0.05,2.62971412623301,0,0,0,0,0,0,0,0,0
611,1,10,2000,2000,21272531,2,"ifeval_min30",2,3,2,3,0.05,2.70169611135498,0,0,0,0,0,0,0,0,0
612,1,10,2000,2000,21272531,2,"ifeval_min30",2,3,2,3,0.05,2.13759636320174,0,0,0,0,0,0,0,0,0
613,1,10,2000,2000,21272531,2,"ifeval_min30",2,3,2,3,0.05,2.96346063981764,0,0,0,0,0,0,0,0,0
614,1,10,2000,2000,21272531,2,"ifeval_min30",2,3,2,3,0.05,2.9692635149695,-2.32347711548209,0,0,0,0,0,0,0,-2.02164967288263
615,1,10,2000,2000,21272531,2,"ifeval_min30",2,3,2,3,0.05,2.70936877909116,0,0,0,0,0,0,0,0,0
616,1,10,2000,2000,21272531,2,"ifeval_min30",2,3,2,3,0.05,2.01829036395065,0,0,0,0,0,0,0,0,0
617,1,10,2000,2000,21272531,2,"ifeval_min30",2,3,2,3,0.05,2.65198116586544,0,0,0,0,0,0,0,0,0
618,1,10,2000,2000,21272531,2,"ifeval_min30",2,3,2,3,0.05,2.8896317568142,0,0,0,0,-2.94933138415217,0,0,0,0
619,1,10,2000,2000,21272531,2,"ifeval_min30",2,3,2,3,0.05,2.3326952974312,0,0,0,0,0,0,0,0,0
620,1,10,2000,2000,21272531,2,"ifeval_min30",2,3,2,3,0.05,2.48056634515524,0,0,0,0,0,0,0,0,-2.1994766050484
621,1,10,2000,2000,21272531,2,"ifeval_min30",2,3,2,3,0.05,2.01941430382431,0,0,0,0,0,0,0,0,-2.2857393566519
622,1,10,2000,2000,21272531,2,"ifeval_min30",2,3,2,3,0.05,2.0592150259763,0,0,0,0,0,0,0,0,0
623,1,10,2000,2000,21272531,2,"ifeval_min30",2,3,2,3,0.05,2.60401354450732,0,0,0,0,0,0,0,0,0
624,1,10,2000,2000,21272531,2,"ifeval_min30",2,3,2,3,0.05,2.42116893152706,0,0,0,0,0,0,0,0,0
625,1,10,2000,2000,21272531,2,"ifeval_min30",2,3,2,3,0.05,2.05635389639065,0,0,2.72098533972166,0,0,2.48809317639098,0,0,2.56274548568763
626,1,10,2000,2000,21272531,2,"ifeval_min30",2,3,2,3,0.05,2.22795620327815,0,0,0,0,0,0,0,0,0
627,1,10,2000,2000,21272531,2,"ifeval_min30",2,3,2,3,0.05,2.22416917840019,0,-2.03243340388872,0,0,0,0,0,0,0
628,1,10,2000,2000,21272531,2,"ifeval_min30",2,3,2,3,0.05,2.83861401979811,0,0,0,0,0,0,0,0,0
629,1,10,2000,2000,21272531,2,"ifeval_min30",2,3,2,3,0.05,2.37787624867633,0,0,0,0,0,0,0,-2.63631249521859,0
630,1,10,2000,2000,21272531,2,"ifeval_min30",2,3,2,3,0.05,2.88395026139915,0,-2.28666650177911,0,0,0,0,0,0,0
631,1,10,2000,2000,21272531,2,"ifeval_min30",2,3,2,3,0.05,2.47161576105282,0,0,0,0,0,-2.77067900425754,0,0,0
632,1,10,2000,2000,21272531,2,"ifeval_min30",2,3,2,3,0.05,2.48422108753584,0,0,0,0,0,0,0,0,0
633,1,10,2000,2000,21272531,2,"ifeval_min30",2,3,2,3,0.05,2.10782791348174,0,0,0,2.39930551568978,0,0,0,0,0
634,1,10,2000,2000,21272531,2,"ifeval_min30",2,3,2,3,0.05,2.21798920235597,0,0,0,0,0,0,0,0,-2.03939171205275
635,1,10,2000,2000,21272531,2,"ifeval_min30",2,3,2,3,0.05,2.46871619252488,0,0,-2.74538188381121,0,0,0,0,0,0
636,1,10,2000,2000,21272531,2,"ifeval_min30",2,3,2,3,0.05,2.79599791788496,0,0,-2.00488857808523,0,0,0,0,0,0
637,1,10,2000,2000,21272531,2,"ifeval_min30",2,3,2,3,0.05,2.43491904204711,0,0,0,0,0,0,0,0,0
638,1,10,2000,2000,21272531,2,"ifeval_min30",2,3,2,3,0.05,2.71167198591866,0,0,0,0,0,0,0,0,0
639,1,10,2000,2000,21272531,2,"ifeval_min30",2,3,2,3,0.05,2.95146650378592,0,0,0,0,0,0,0,0,0
640,1,10,2000,2000,21272531,2,"ifeval_min30",2,3,2,3,0.05,2.32373396074399,2.4946756514255,0,0,0,0,0,0,0,0
641,1,10,2000,2000,21272531,2,"ifeval_min30",2,3,2,3,0.05,2.69588432903402,0,0,0,0,0,0,0,0,0
642,1,10,2000,2000,21272531,2,"ifeval_min30",2,3,2,3,0.05,2.11602696008049,0,0,0,0,0,0,0,0,0
643,1,10,2000,2000,21272531,2,"ifeval_min30",2,3,2,3,0.05,2.87375544710085,0,-2.23234992590733,0,0,0,0,0,0,0
644,1,10,2000,2000,21272531,2,"ifeval_min30",2,3,2,3,0.05,2.95219910726883,0,0,0,0,0,0,0,0,0
645,1,10,2000,2000,21272531,2,"ifeval_min30",2,3,2,3,0.05,2.95862384000793,-2.38736780476756,0,0,0,0,0,0,0,0
646,1,10,2000,2000,21272531,2,"ifeval_min30",2,3,2,3,0.05,2.35262406268157,0,0,0,0,0,0,0,0,0
647,1,10,2000,2000,21272531,2,"ifeval_min30",2,3,2,3,0.05,2.68662778311409,0,0,0,0,0,0,0,0,0
648,1,10,2000,2000,21272531,2,"ifeval_min30",2,3,2,3,0.05,2.30630188505165,0,0,0,0,0,0,0,0,0
649,1,10,2000,2000,21272531,2,"ifeval_min30",2,3,2,3,0.05,2.81666542822495,0,0,0,0,0,0,0,0,0
650,1,10,2000,2000,21272531,2,"ifeval_min30",2,3,2,3,0.05,2.12688596709631,0,0,0,0,0,0,0,0,0
651,1,10,2000,2000,21272531,2,"ifeval_min30",2,3,2,3,0.05,2.09788605128415,0,0,0,0,0,0,0,0,0
652,1,10,2000,2000,21272531,2,"ifeval_min30",2,3,2,3,0.05,2.9722659974359,0,2.23607761180028,0,0,-2.31857970543206,0,0,0,0
653,1,10,2000,2000,21272531,2,"ifeval_min30",2,3,2,3,0.05,2.84782259282656,0,0,0,0,0,0,0,0,0
654,1,10,2000,2000,21272531,2,"ifeval_min30",2,3,2,3,0.05,2.94830694189295,0,0,0,0,0,0,0,0,0
655,1,10,2000,2000,21272531,2,"ifeval_min30",2,3,2,3,0.05,2.71616195421666,0,0,0,0,0,0,0,0,0
656,1,10,2000,2000,21272531,2,"ifeval_min30",2,3,2,3,0.05,2.48131829174235,0,0,0,0,0,0,0,0,0
657,1,10,2000,2000,21272531,2,"ifeval_min30",2,3,2,3,0.05,2.35761211276986,0,0,0,0,0,0,0,0,0
658,1,10,2000,2000,21272531,2,"ifeval_min30",2,3,2,3,0.05,2.3360959594138,-2.08804065478034,0,0,0,0,0,0,0,0
659,1,10,2000,2000,21272531,2,"ifeval_min30",2,3,2,3,0.05,2.906568326056,0,0,0,0,0,0,0,0,0
660,1,10,2000,2000,21272531,2,"ifeval_min30",2,3,2,3,0.05,2.8907233835198,0,2.57461251597852,0,0,0,0,0,0,0
661,1,10,2000,2000,21272531,2,"ifeval_min30",2,3,2,3,0.05,2.02518467442133,0,0,0,0,0,0,0,0,0
662,1,10,2000,2000,21272531,2,"ifeval_min30",2,3,2,3,0.05,2.41883127973415,0,0,0,0,0,0,0,0,0
663,1,10,2000,2000,21272531,2,"ifeval_min30",2,3,2,3,0.05,2.12650187825784,0,0,0,0,0,0,0,0,0
664,1,10,2000,2000,21272531,2,"ifeval_min30",2,3,2,3,0.05,2.35582189587876,0,0,0,0,2.99857242987491,0,0,2.51687847194262,0
665,1,10,2000,2000,21272531,2,"ifeval_min30",2,3,2,3,0.05,2.91058124741539,0,-2.6942522127647,0,0,0,0,0,0,0
666,1,10,2000,2000,21272531,2,"ifeval_min30",2,3,2,3,0.05,2.60259149433114,0,0,0,-2.25479559809901,0,2.66559483809397,0,0,-2.25547533901408
667,1,10,2000,2000,21272531,2,"ifeval_min30",2,3,2,3,0.05,2.83367463597097,0,0,0,0,0,0,0,0,0
668,1,10,2000,2000,21272531,2,"ifeval_min30",2,3,2,3,0.05,2.70994771225378,0,0,0,0,0,0,0,0,0
669,1,10,2000,2000,21272531,2,"ifeval_min30",2,3,2,3,0.05,2.521920660045,0,-2.4033054865431,0,0,0,0,0,2.71206355956383,0
670,1,10,2000,2000,21272531,2,"ifeval_min30",2,3,2,3,0.05,2.10712336353026,0,0,0,0,0,0,0,0,0
671,1,10,2000,2000,21272531,2,"ifeval_min30",2,3,2,3,0.05,2.75553379952908,0,0,0,0,0,0,0,0,0
672,1,10,2000,2000,21272531,2,"ifeval_min30",2,3,2,3,0.05,2.66449859226122,0,0,0,0,0,0,0,-2.97024733386934,0
673,1,10,2000,2000,21272531,2,"ifeval_min30",2,3,2,3,0.05,2.74364617699757,0,0,0,0,0,0,0,0,0
674,1,10,2000,2000,21272531,2,"ifeval_min30",2,3,2,3,0.05,2.17672773520462,0,2.90801365906373,-2.34107901132666,0,0,0,0,0,0
675,1,10,2000,2000,21272531,2,"ifeval_min30",2,3,2,3,0.05,2.42578564188443,0,0,0,0,0,0,0,0,0
676,1,10,2000,2000,21272531,2,"ifeval_min30",2,3,2,3,0.05,2.57304996205494,0,0,0,0,0,-2.13256260659546,0,0,0
677,1,10,2000,2000,21272531,2,"ifeval_min30",2,3,2,3,0.05,2.56852984172292,0,0,-2.38690044125542,0,0,0,0,0,0
678,1,10,2000,2000,21272531,2,"ifeval_min30",2,3,2,3,0.05,2.17850886541419,0,0,0,2.70039796829224,0,0,0,0,0
679,1,10,2000,2000,21272531,2,"ifeval_min30",2,3,2,3,0.05,2.61199991917238,0,0,2.09819623245858,0,0,0,0,0,0
680,1,10,2000,2000,21272531,2,"ifeval_min30",2,3,2,3,0.05,2.88357144896872,0,0,0,0,-2.23808058397844,0,0,0,0
681,1,10,2000,2000,21272531,2,"ifeval_min30",2,3,2,3,0.05,2.18754687532783,0,0,0,0,0,0,0,0,0
682,1,10,2000,2000,21272531,2,"ifeval_min30",2,3,2,3,0.05,2.4429137094412,0,0,2.06271906010807,0,0,0,0,0,0
683,1,10,2000,2000,21272531,2,"ifeval_min30",2,3,2,3,0.05,2.61041692784056,0,0,0,0,0,0,0,2.27850476349704,0
684,1,10,2000,2000,21272531,2,"ifeval_min30",2,3,2,3,0.05,2.55858958070166,0,0,0,0,0,0,0,0,2.30747233005241
685,1,10,2000,2000,21272531,2,"ifeval_min30",2,3,2,3,0.05,2.84496019594371,0,0,0,0,0,0,0,0,0
686,1,10,2000,2000,21272531,2,"ifeval_min30",2,3,2,3,0.05,2.38505117688328,0,0,0,0,0,2.83954286226071,0,0,0
687,1,10,2000,2000,21272531,2,"ifeval_min30",2,3,2,3,0.05,2.54818733874708,0,0,0,0,2.09923546947539,0,0,0,0
688,1,10,2000,2000,21272531,2,"ifeval_min30",2,3,2,3,0.05,2.11228994000703,0,0,0,0,0,0,0,0,0
689,1,10,2000,2000,21272531,2,"ifeval_min30",2,3,2,3,0.05,2.81115147145465,0,0,0,0,0,0,0,0,0
690,1,10,2000,2000,21272531,2,"ifeval_min30",2,3,2,3,0.05,2.3879727202002,0,0,0,0,0,0,0,-2.32718036253937,2.0449160085991
691,1,10,2000,2000,21272531,2,"ifeval_min30",2,3,2,3,0.05,2.83901807223447,0,0,0,0,0,0,0,0,-2.87681191670708
692,1,10,2000,2000,21272531,2,"ifeval_min30",2,3,2,3,0.05,2.88826910150237,0,0,0,0,0,0,0,0,0
693,1,10,2000,2000,21272531,2,"ifeval_min30",2,3,2,3,0.05,2.81353843188845,0,0,0,0,0,0,0,0,0
694,1,10,2000,2000,21272531,2,"ifeval_min30",2,3,2,3,0.05,2.06873589544557,0,2.99036944867112,0,0,0,0,0,0,0
695,1,10,2000,2000,21272531,2,"ifeval_min30",2,3,2,3,0.05,2.37550354911946,0,0,0,-2.84451729990542,0,0,0,0,0
696,1,10,2000,2000,21272531,2,"ifeval_min30",2,3,2,3,0.05,2.63318077172153,0,0,0,0,0,0,0,0,0
697,1,10,2000,2000,21272531,2,"ifeval_min30",2,3,2,3,0.05,2.2964584978763,0,0,0,2.33041192451492,0,0,0,0,0
698,1,10,2000,2000,21272531,2,"ifeval_min30",2,3,2,3,0.05,2.58124510128982,0,0,0,0,2.2089169358369,0,0,0,-2.32843172131106
699,1,10,2000,2000,21272531,2,"ifeval_min30",2,3,2,3,0.05,2.88050548476167,2.59429843211547,0,2.88059911504388,0,0,0,0,0,0
700,1,10,2000,2000,21272531,2,"ifeval_min30",2,3,2,3,0.05,2.57256616395898,0,0,0,0,0,0,0,2.536340494873,0
701,1,10,2000,2000,21272531,2,"ifeval_min30",2,3,2,3,0.05,2.39699209365062,0,0,0,0,0,0,2.83817272004671,0,0
702,1,10,2000,2000,21272531,2,"ifeval_min30",2,3,2,3,0.05,2.75040718237869,0,0,0,0,0,0,0,0,-2.92951964354143
703,1,10,2000,2000,21272531,2,"ifeval_min30",2,3,2,3,0.05,2.55776508082636,0,0,0,0,0,0,0,0,0
704,1,10,2000,2000,21272531,2,"ifeval_min30",2,3,2,3,0.05,2.21549402549863,0,0,0,0,0,0,0,0,0
705,1,10,2000,2000,21272531,2,"ifeval_min30",2,3,2,3,0.05,2.8967900518328,0,0,0,0,0,0,0,0,0
706,1,10,2000,2000,21272531,2,"ifeval_min30",2,3,2,3,0.05,2.8272783185821,0,0,0,0,0,0,0,0,0
707,1,10,2000,2000,21272531,2,"ifeval_min30",2,3,2,3,0.05,2.67547501600347,0,0,0,0,0,0,0,0,0
708,1,10,2000,2000,21272531,2,"ifeval_min30",2,3,2,3,0.05,2.45741515653208,0,0,0,0,0,0,0,0,0
709,1,10,2000,2000,21272531,2,"ifeval_min30",2,3,2,3,0.05,2.68040456180461,0,0,0,0,0,0,0,0,0
710,1,10,2000,2000,21272531,2,"ifeval_min30",2,3,2,3,0.05,2.23648369545117,2.54342209082097,0,0,0,0,0,0,0,0
711,1,10,2000,2000,21272531,2,"ifeval_min30",2,3,2,3,0.05,2.97699986537918,2.60699673625641,0,0,0,0,0,0,0,0
712,1,10,2000,2000,21272531,2,"ifeval_min30",2,3,2,3,0.05,2.79947937396355,0,0,0,0,0,0,0,0,0
713,1,10,2000,2000,21272531,2,"ifeval_min30",2,3,2,3,0.05,2.11881607980467,0,0,0,0,0,0,0,2.57225399976596,0
714,1,10,2000,2000,21272531,2,"ifeval_min30",2,3,2,3,0.05,2.7366665455047,0,0,0,0,0,0,0,0,0
715,1,10,2000,2000,21272531,2,"ifeval_min30",2,3,2,3,0.05,2.25329999043606,0,0,0,0,0,-2.9510099038016,0,0,0
716,1,10,2000,2000,21272531,2,"ifeval_min30",2,3,2,3,0.05,2.82053800206631,0,0,0,0,0,0,0,0,0
717,1,10,2000,2000,21272531,2,"ifeval_min30",2,3,2,3,0.05,2.41619639191777,0,0,0,0,0,0,-2.08061528718099,0,0
718,1,10,2000,2000,21272531,2,"ifeval_min30",2,3,2,3,0.05,2.31183423358016,0,0,0,2.6519597619772,0,0,0,0,0
719,1,10,2000,2000,21272531,2,"ifeval_min30",2,3,2,3,0.05,2.42478601867333,0,2.0133327008225,0,0,0,0,0,0,0
720,1,10,2000,2000,21272531,2,"ifeval_min30",2,3,2,3,0.05,2.21390039729886,0,0,0,0,0,0,2.49673118512146,0,0
721,1,10,2000,2000,21272531,2,"ifeval_min30",2,3,2,3,0.05,2.18983996566385,0,0,0,0,0,0,0,0,0
722,1,10,2000,2000,21272531,2,"ifeval_min30",2,3,2,3,0.05,2.54286504676566,0,0,0,0,0,0,0,0,0
723,1,10,2000,2000,21272531,2,"ifeval_min30",2,3,2,3,0.05,2.33824916393496,0,0,0,0,0,0,0,0,0
724,1,10,2000,2000,21272531,2,"ifeval_min30",2,3,2,3,0.05,2.53490881738253,0,0,0,0,0,0,0,0,0
725,1,10,2000,2000,21272531,2,"ifeval_min30",2,3,2,3,0.05,2.51289403485134,0,0,-2.79631856246851,0,0,0,0,0,0
726,1,10,2000,2000,21272531,2,"ifeval_min30",2,3,2,3,0.05,2.04308003513142,0,0,0,0,0,0,0,0,0
727,1,10,2000,2000,21272531,2,"ifeval_min30",2,3,2,3,0.05,2.55645885597914,0,0,0,0,0,0,0,0,0
728,1,10,2000,2000,21272531,2,"ifeval_min30",2,3,2,3,0.05,2.51981947687455,0,0,0,0,0,0,0,0,0
729,1,10,2000,2000,21272531,2,"ifeval_min30",2,3,2,3,0.05,2.5022129570134,0,0,0,0,0,0,0,0,0
730,1,10,2000,2000,21272531,2,"ifeval_min30",2,3,2,3,0.05,2.33045893115923,0,0,0,0,0,0,0,0,0
731,1,10,2000,2000,21272531,2,"ifeval_min30",2,3,2,3,0.05,2.51740253716707,0,0,0,0,0,0,-2.79490603762679,0,0
732,1,10,2000,2000,21272531,2,"ifeval_min30",2,3,2,3,0.05,2.25872917333618,0,0,-2.05229964270256,0,0,0,0,0,0
733,1,10,2000,2000,21272531,2,"ifeval_min30",2,3,2,3,0.05,2.6990709498059,0,0,0,0,0,0,-2.71092463796958,0,0
734,1,10,2000,2000,21272531,2,"ifeval_min30",2,3,2,3,0.05,2.51598873687908,0,0,0,0,0,0,0,0,0
735,1,10,2000,2000,21272531,2,"ifeval_min30",2,3,2,3,0.05,2.51493836403824,0,0,0,0,-2.68520666356198,0,0,0,0
736,1,10,2000,2000,21272531,2,"ifeval_min30",2,3,2,3,0.05,2.48653657268733,0,0,0,0,0,0,0,0,0
737,1,10,2000,2000,21272531,2,"ifeval_min30",2,3,2,3,0.05,2.34713067719713,0,0,0,0,0,0,0,0,0
738,1,10,2000,2000,21272531,2,"ifeval_min30",2,3,2,3,0.05,2.37801937758923,0,0,0,0,0,0,0,0,0
739,1,10,2000,2000,21272531,2,"ifeval_min30",2,3,2,3,0.05,2.26189724425785,0,0,0,0,0,0,0,0,0
740,1,10,2000,2000,21272531,2,"ifeval_min30",2,3,2,3,0.05,2.55633258493617,2.54125175974332,0,0,0,0,0,0,0,0
741,1,10,2000,2000,21272531,2,"ifeval_min30",2,3,2,3,0.05,2.08303824532777,2.80407883250155,0,0,0,0,0,2.02569443243556,0,0
742,1,10,2000,2000,21272531,2,"ifeval_min30",2,3,2,3,0.05,2.4056693338789,0,0,0,0,0,0,2.32045190478675,0,0
743,1,10,2000,2000,21272531,2,"ifeval_min30",2,3,2,3,0.05,2.19345147768036,-2.49639269337058,0,0,0,2.96145075350069,0,0,0,0
744,1,10,2000,2000,21272531,2,"ifeval_min30",2,3,2,3,0.05,2.59399554715492,0,0,0,0,0,0,0,0,0
745,1,10,2000,2000,21272531,2,"ifeval_min30",2,3,2,3,0.05,2.28317005606368,0,0,0,0,0,0,0,0,0
746,1,10,2000,2000,21272531,2,"ifeval_min30",2,3,2,3,0.05,2.12726009264588,0,0,0,0,0,0,0,0,0
747,2,10,2000,2000,21272531,2,"ifeval_min30",2,3,2,3,0.05,2.4964467487298,2.75947337178513,0,0,0,0,0,0,0,0
748,2,10,2000,2000,21272531,2,"ifeval_min30",2,3,2,3,0.05,0,2.98149018827826,0,0,2.98101546382532,0,0,0,0,0
749,2,10,2000,2000,21272531,2,"ifeval_min30",2,3,2,3,0.05,0,2.00868167332374,0,0,0,0,0,0,0,0
750,2,10,2000,2000,21272531,2,"ifeval_min30",2,3,2,3,0.05,0,2.24238976743072,0,0,0,0,0,0,0,0
751,2,10,2000,2000,21272531,2,"ifeval_min30",2,3,2,3,0.05,0,2.25934342085384,0,0,0,0,0,0,0,0
752,2,10,2000,2000,21272531,2,"ifeval_min30",2,3,2,3,0.05,0,2.53214682079852,0,0,0,0,0,0,0,0
753,2,10,2000,2000,21272531,2,"ifeval_min30",2,3,2,3,0.05,0,2.89329136372544,0,0,0,0,0,0,0,0
754,2,10,2000,2000,21272531,2,"ifeval_min30",2,3,2,3,0.05,0,2.73144848411903,0,0,0,0,0,0,0,0
755,2,10,2000,2000,21272531,2,"ifeval_min30",2,3,2,3,0.05,0,2.48437857092358,0,0,0,0,0,0,0,0
756,2,10,2000,2000,21272531,2,"ifeval_min30",2,3,2,3,0.05,0,2.98504861071706,0,0,0,0,0,2.588167660404,0,0
757,2,10,2000,2000,21272531,2,"ifeval_min30",2,3,2,3,0.05,0,2.54708788380958,0,0,0,0,0,0,0,0
758,2,10,2000,2000,21272531,2,"ifeval_min30",2,3,2,3,0.05,0,2.27070231596008,0,0,2.36393316229805,0,0,0,0,0
759,2,10,2000,2000,21272531,2,"ifeval_min30",2,3,2,3,0.05,0,2.83209782559425,0,0,0,0,0,0,0,0
760,2,10,2000,2000,21272531,2,"ifeval_min30",2,3,2,3,0.05,0,2.33062600856647,0,0,0,0,0,0,0,0
761,2,10,2000,2000,21272531,2,"ifeval_min30",2,3,2,3,0.05,0,2.97708253888413,0,0,0,0,0,0,0,0
762,2,10,2000,2000,21272531,2,"ifeval_min30",2,3,2,3,0.05,0,2.95916480198503,0,0,0,0,0,0,0,0
763,2,10,2000,2000,21272531,2,"ifeval_min30",2,3,2,3,0.05,0,2.90106209740043,0,0,0,0,0,0,0,0
764,2,10,2000,2000,21272531,2,"ifeval_min30",2,3,2,3,0.05,0,2.00182068231516,0,0,0,-2.81363773113117,0,0,0,0
765,2,10,2000,2000,21272531,2,"ifeval_min30",2,3,2,3,0.05,0,2.96252668905072,0,0,0,0,0,0,0,0
766,2,10,2000,2000,21272531,2,"ifeval_min30",2,3,2,3,0.05,0,2.09274784754962,0,0,0,0,0,0,0,2.3705611852929
767,2,10,2000,2000,21272531,2,"ifeval_min30",2,3,2,3,0.05,0,2.32332733087242,0,0,0,0,0,0,0,0
768,2,10,2000,2000,21272531,2,"ifeval_min30",2,3,2,3,0.05,0,2.95581331895664,0,0,0,0,0,0,0,0
769,2,10,2000,2000,21272531,2,"ifeval_min30",2,3,2,3,0.05,0,2.01950804167427,0,0,0,0,0,0,0,0
770,2,10,2000,2000,21272531,2,"ifeval_min30",2,3,2,3,0.05,0,2.81507054925896,0,0,0,0,0,0,0,0
771,2,10,2000,2000,21272531,2,"ifeval_min30",2,3,2,3,0.05,0,2.1813729708083,0,0,2.03924807207659,0,0,0,0,0
772,2,10,2000,2000,21272531,2,"ifeval_min30",2,3,2,3,0.05,0,2.99355443753302,0,0,0,0,0,0,0,0
773,2,10,2000,2000,21272531,2,"ifeval_min30",2,3,2,3,0.05,0,2.85438895295374,0,0,0,-2.2013813527301,0,0,0,2.1398268120829
774,2,10,2000,2000,21272531,2,"ifeval_min30",2,3,2,3,0.05,0,2.77401271183044,2.10578251467086,0,0,0,0,0,0,0
775,2,10,2000,2000,21272531,2,"ifeval_min30",2,3,2,3,0.05,0,2.17237005615607,0,0,0,0,0,0,0,0
776,2,10,2000,2000,21272531,2,"ifeval_min30",2,3,2,3,0.05,0,2.05977193429135,0,0,0,0,0,0,0,0
777,2,10,2000,2000,21272531,2,"ifeval_min30",2,3,2,3,0.05,0,2.5376428226009,0,0,0,0,0,0,0,0
778,2,10,2000,2000,21272531,2,"ifeval_min30",2,3,2,3,0.05,0,2.35583958169445,0,0,-2.76405232236721,0,0,0,-2.49201385583729,0
779,2,10,2000,2000,21272531,2,"ifeval_min30",2,3,2,3,0.05,0,2.96166125498712,0,0,0,0,0,0,0,0
780,2,10,2000,2000,21272531,2,"ifeval_min30",2,3,2,3,0.05,0,2.80731793656014,0,0,0,0,2.59275551023893,0,0,0
781,2,10,2000,2000,21272531,2,"ifeval_min30",2,3,2,3,0.05,0,2.8249121629633,0,0,0,0,0,0,0,0
782,2,10,2000,2000,21272531,2,"ifeval_min30",2,3,2,3,0.05,0,2.59239012026228,0,0,0,0,0,0,0,0
783,2,10,2000,2000,21272531,2,"ifeval_min30",2,3,2,3,0.05,0,2.73367515020072,0,0,0,0,0,0,0,2.4444586916361
784,2,10,2000,2000,21272531,2,"ifeval_min30",2,3,2,3,0.05,0,2.76882655196823,0,0,0,2.02458963845856,0,0,0,2.49581257277168
785,2,10,2000,2000,21272531,2,"ifeval_min30",2,3,2,3,0.05,0,2.97850260441191,0,0,0,0,0,0,0,0
786,2,10,2000,2000,21272531,2,"ifeval_min30",2,3,2,3,0.05,0,2.71322038234212,0,0,0,0,0,0,0,0
787,2,10,2000,2000,21272531,2,"ifeval_min30",2,3,2,3,0.05,0,2.03240569145419,0,0,0,0,0,0,0,0
788,2,10,2000,2000,21272531,2,"ifeval_min30",2,3,2,3,0.05,0,2.75108919362538,0,0,0,-2.70538657950237,0,2.90549331251532,0,0
789,2,10,2000,2000,21272531,2,"ifeval_min30",2,3,2,3,0.05,0,2.76607003202662,0,0,0,0,0,0,0,0
790,2,10,2000,2000,21272531,2,"ifeval_min30",2,3,2,3,0.05,0,2.17550804954953,0,0,0,0,0,0,0,0
791,2,10,2000,2000,21272531,2,"ifeval_min30",2,3,2,3,0.05,0,2.11117072356865,-2.60035404143855,0,0,0,0,0,0,0
792,2,10,2000,2000,21272531,2,"ifeval_min30",2,3,2,3,0.05,0,2.30585118988529,0,0,0,0,0,0,0,0
793,2,10,2000,2000,21272531,2,"ifeval_min30",2,3,2,3,0.05,0,2.5573689090088,0,0,0,0,0,0,2.53999582980759,0
794,2,10,2000,2000,21272531,2,"ifeval_min30",2,3,2,3,0.05,0,2.59417543350719,0,0,0,0,0,2.06480961153284,0,0
795,2,10,2000,2000,21272531,2,"ifeval_min30",2,3,2,3,0.05,0,2.04079129896127,0,0,0,0,0,0,0,0
796,2,10,2000,2000,21272531,2,"ifeval_min30",2,3,2,3,0.05,0,2.37368824332952,0,0,-2.46250454499386,0,0,0,0,0
797,2,10,2000,2000,21272531,2,"ifeval_min30",2,3,2,3,0.05,0,2.88522695982829,0,0,0,0,0,0,2.65542894788086,0
798,2,10,2000,2000,21272531,2,"ifeval_min30",2,3,2,3,0.05,-2.21064523048699,2.25975740258582,0,0,0,0,0,0,0,0
799,2,10,2000,2000,21272531,2,"ifeval_min30",2,3,2,3,0.05,0,2.66430001473054,0,0,0,0,0,0,0,0
800,2,10,2000,2000,21272531,2,"ifeval_min30",2,3,2,3,0.05,0,2.69614638318308,0,2.67745333211496,0,2.50301292701624,0,0,-2.88720735651441,0
801,2,10,2000,2000,21272531,2,"ifeval_min30",2,3,2,3,0.05,0,2.85789190651849,2.55266889883205,0,0,0,0,0,0,0
802,2,10,2000,2000,21272531,2,"ifeval_min30",2,3,2,3,0.05,0,2.98136804788373,0,0,0,0,0,0,0,0
803,2,10,2000,2000,21272531,2,"ifeval_min30",2,3,2,3,0.05,0,2.58725745300762,0,0,0,0,0,0,0,0
804,2,10,2000,2000,21272531,2,"ifeval_min30",2,3,2,3,0.05,0,2.44573589414358,-2.74356837105006,0,0,0,0,0,0,0
805,2,10,2000,2000,21272531,2,"ifeval_min30",2,3,2,3,0.05,0,2.92173457588069,0,0,0,0,0,0,0,0
806,2,10,2000,2000,21272531,2,"ifeval_min30",2,3,2,3,0.05,0,2.89947384921834,0,0,0,0,0,0,0,0
807,2,10,2000,2000,21272531,2,"ifeval_min30",2,3,2,3,0.05,0,2.32489219564013,0,0,0,0,0,0,0,0
808,2,10,2000,2000,21272531,2,"ifeval_min30",2,3,2,3,0.05,0,2.18107904866338,0,0,0,0,0,0,0,0
809,2,10,2000,2000,21272531,2,"ifeval_min30",2,3,2,3,0.05,0,2.68836686946452,0,0,0,-2.95854089199565,0,0,0,0
810,2,10,2000,2000,21272531,2,"ifeval_min30",2,3,2,3,0.05,0,2.50710642593913,0,0,0,0,0,0,0,0
811,2,10,2000,2000,21272531,2,"ifeval_min30",2,3,2,3,0.05,0,2.61557751637883,0,0,0,0,0,0,0,0
812,2,10,2000,2000,21272531,2,"ifeval_min30",2,3,2,3,0.05,0,2.02501908293925,0,0,0,2.35388619475998,0,0,0,0
813,2,10,2000,2000,21272531,2,"ifeval_min30",2,3,2,3,0.05,0,2.89458913868293,0,0,0,0,0,0,0,0
814,2,10,2000,2000,21272531,2,"ifeval_min30",2,3,2,3,0.05,0,2.21287393430248,0,0,0,0,0,0,0,0
815,2,10,2000,2000,21272531,2,"ifeval_min30",2,3,2,3,0.05,0,2.21907630399801,0,0,0,0,2.1648351920303,0,0,0
816,2,10,2000,2000,21272531,2,"ifeval_min30",2,3,2,3,0.05,0,2.63426879956387,0,0,0,0,0,0,0,-2.90719327540137
817,2,10,2000,2000,21272531,2,"ifeval_min30",2,3,2,3,0.05,0,2.85144529538229,0,0,0,0,0,0,0,-2.75760836456902
818,2,10,2000,2000,21272531,2,"ifeval_min30",2,3,2,3,0.05,0,2.64274677308276,0,0,0,0,0,0,0,0
819,2,10,2000,2000,21272531,2,"ifeval_min30",2,3,2,3,0.05,2.98654894111678,2.98048733337782,0,0,0,0,0,0,0,0
820,2,10,2000,2000,21272531,2,"ifeval_min30",2,3,2,3,0.05,0,2.01496151741594,0,0,0,0,0,0,0,0
821,2,10,2000,2000,21272531,2,"ifeval_min30",2,3,2,3,0.05,0,2.57877464173362,0,0,-2.17329731932841,2.91007505217567,0,0,0,0
822,2,10,2000,2000,21272531,2,"ifeval_min30",2,3,2,3,0.05,0,2.91509297746234,0,0,0,0,0,-2.15966331586242,0,0
823,2,10,2000,2000,21272531,2,"ifeval_min30",2,3,2,3,0.05,0,2.14454932441004,0,0,0,0,0,0,0,0
824,2,10,2000,2000,21272531,2,"ifeval_min30",2,3,2,3,0.05,0,2.45493497396819,0,0,0,0,0,0,0,0
825,2,10,2000,2000,21272531,2,"ifeval_min30",2,3,2,3,0.05,0,2.10023553739302,0,0,0,0,0,0,0,0
826,2,10,2000,2000,21272531,2,"ifeval_min30",2,3,2,3,0.05,0,2.25770670431666,0,0,0,0,0,0,0,0
827,2,10,2000,2000,21272531,2,"ifeval_min30",2,3,2,3,0.05,0,2.69687513168901,0,0,0,0,2.03350783186033,0,0,0
828,2,10,2000,2000,21272531,2,"ifeval_min30",2,3,2,3,0.05,-2.47564608324319,2.60838464298286,0,0,0,0,0,0,0,0
829,2,10,2000,2000,21272531,2,"ifeval_min30",2,3,2,3,0.05,0,2.58501222729683,0,0,0,0,0,0,0,0
830,2,10,2000,2000,21272531,2,"ifeval_min30",2,3,2,3,0.05,0,2.73108721082099,0,0,0,0,0,0,0,0
831,2,10,2000,2000,21272531,2,"ifeval_min30",2,3,2,3,0.05,0,2.80786730838008,0,0,0,0,2.80712140025571,0,0,0
832,2,10,2000,2000,21272531,2,"ifeval_min30",2,3,2,3,0.05,0,2.77461219392717,0,0,0,0,0,0,0,0
833,2,10,2000,2000,21272531,2,"ifeval_min30",2,3,2,3,0.05,0,2.216154740192,0,0,0,0,0,0,0,0
834,2,10,2000,2000,21272531,2,"ifeval_min30",2,3,2,3,0.05,0,2.91297006467357,0,0,0,0,0,0,0,0
835,2,10,2000,2000,21272531,2,"ifeval_min30",2,3,2,3,0.05,0,2.47487533395179,0,0,0,0,0,0,0,0
836,2,10,2000,2000,21272531,2,"ifeval_min30",2,3,2,3,0.05,0,2.9212247801479,0,0,0,0,0,0,0,0
837,2,10,2000,2000,21272531,2,"ifeval_min30",2,3,2,3,0.05,0,2.01992174657062,0,-2.09658472053707,0,0,0,0,0,0
838,2,10,2000,2000,21272531,2,"ifeval_min30",2,3,2,3,0.05,-2.12534084171057,2.3027738109231,0,0,0,0,0,0,0,0
839,2,10,2000,2000,21272531,2,"ifeval_min30",2,3,2,3,0.05,0,2.66917039314285,0,0,0,0,0,0,0,0
840,2,10,2000,2000,21272531,2,"ifeval_min30",2,3,2,3,0.05,0,2.70012459438294,0,0,0,0,0,0,0,0
841,2,10,2000,2000,21272531,2,"ifeval_min30",2,3,2,3,0.05,0,2.845899655018,0,2.04261522111483,0,2.9624570151791,0,0,0,0
842,2,10,2000,2000,21272531,2,"ifeval_min30",2,3,2,3,0.05,0,2.13472455972806,0,0,0,0,-2.45621187752113,0,0,0
843,2,10,2000,2000,21272531,2,"ifeval_min30",2,3,2,3,0.05,0,2.28983009327203,0,0,0,0,0,0,0,0
844,2,10,2000,2000,21272531,2,"ifeval_min30",2,3,2,3,0.05,0,2.68068892206065,0,0,0,0,0,-2.18186370679177,0,0
845,2,10,2000,2000,21272531,2,"ifeval_min30",2,3,2,3,0.05,0,2.63131192582659,0,-2.15269377618097,0,0,0,0,0,0
846,2,10,2000,2000,21272531,2,"ifeval_min30",2,3,2,3,0.05,0,2.6828034305945,0,0,0,2.2946365904063,0,0,0,0
847,2,10,2000,2000,21272531,2,"ifeval_min30",2,3,2,3,0.05,0,2.3435955226887,0,0,0,0,0,0,0,0
848,2,10,2000,2000,21272531,2,"ifeval_min30",2,3,2,3,0.05,0,2.20386120700277,0,-2.37071636901237,0,2.17684465879574,0,0,0,0
849,2,10,2000,2000,21272531,2,"ifeval_min30",2,3,2,3,0.05,0,2.78534758021124,0,0,0,0,0,0,0,0
850,2,10,2000,2000,21272531,2,"ifeval_min30",2,3,2,3,0.05,0,2.77370111667551,0,0,0,0,0,0,0,0
851,2,10,2000,2000,21272531,2,"ifeval_min30",2,3,2,3,0.05,0,2.9366666644346,0,0,0,0,0,0,0,0
852,2,10,2000,2000,21272531,2,"ifeval_min30",2,3,2,3,0.05,0,2.89898045524023,0,0,0,0,0,0,0,0
853,2,10,2000,2000,21272531,2,"ifeval_min30",2,3,2,3,0.05,0,2.8692565294914,0,0,0,0,0,0,0,0
854,2,10,2000,2000,21272531,2,"ifeval_min30",2,3,2,3,0.05,0,2.35178291029297,0,0,0,0,0,0,0,0
855,2,10,2000,2000,21272531,2,"ifeval_min30",2,3,2,3,0.05,0,2.08990929624997,0,0,0,0,0,0,0,0
856,2,10,2000,2000,21272531,2,"ifeval_min30",2,3,2,3,0.05,0,2.85397414700128,0,0,0,0,0,0,0,0
857,2,10,2000,2000,21272531,2,"ifeval_min30",2,3,2,3,0.05,0,2.79414531425573,0,0,0,0,0,0,0,0
858,2,10,2000,2000,21272531,2,"ifeval_min30",2,3,2,3,0.05,0,2.07106730109081,0,0,2.4706906483043,0,-2.1887948892545,0,0,0
859,2,10,2000,2000,21272531,2,"ifeval_min30",2,3,2,3,0.05,-2.25866682897322,2.73115768353455,0,0,0,0,0,0,0,0
860,2,10,2000,2000,21272531,2,"ifeval_min30",2,3,2,3,0.05,0,2.55199616821483,0,0,0,0,0,0,0,0
861,2,10,2000,2000,21272531,2,"ifeval_min30",2,3,2,3,0.05,0,2.52340694074519,0,0,0,0,0,0,0,0
862,2,10,2000,2000,21272531,2,"ifeval_min30",2,3,2,3,0.05,0,2.76731823896989,0,0,0,0,0,0,0,0
863,2,10,2000,2000,21272531,2,"ifeval_min30",2,3,2,3,0.05,0,2.85903597786091,0,0,0,0,0,0,0,0
864,2,10,2000,2000,21272531,2,"ifeval_min30",2,3,2,3,0.05,0,2.91003843490034,0,0,0,0,0,0,0,0
865,2,10,2000,2000,21272531,2,"ifeval_min30",2,3,2,3,0.05,0,2.97531005903147,0,0,0,0,0,0,0,0
866,2,10,2000,2000,21272531,2,"ifeval_min30",2,3,2,3,0.05,0,2.60298700653948,0,0,0,0,0,0,-2.0461164265871,0
867,2,10,2000,2000,21272531,2,"ifeval_min30",2,3,2,3,0.05,0,2.41597183025442,0,0,0,0,0,0,0,0
868,2,10,2000,2000,21272531,2,"ifeval_min30",2,3,2,3,0.05,0,2.12562180566601,0,0,0,0,0,-2.21090030274354,0,0
869,2,10,2000,2000,21272531,2,"ifeval_min30",2,3,2,3,0.05,-2.76343923667446,2.97470158035867,0,0,0,0,0,0,-2.69724549469538,0
870,2,10,2000,2000,21272531,2,"ifeval_min30",2,3,2,3,0.05,0,2.16190574713983,0,0,0,0,0,0,0,0
871,2,10,2000,2000,21272531,2,"ifeval_min30",2,3,2,3,0.05,0,2.72481470787898,0,0,0,0,0,0,0,0
872,2,10,2000,2000,21272531,2,"ifeval_min30",2,3,2,3,0.05,0,2.51740680332296,0,0,0,0,0,0,0,0
873,2,10,2000,2000,21272531,2,"ifeval_min30",2,3,2,3,0.05,0,2.4761766558513,0,0,0,0,0,0,0,0
874,2,10,2000,2000,21272531,2,"ifeval_min30",2,3,2,3,0.05,0,2.21882212394848,0,0,0,0,0,0,0,0
875,2,10,2000,2000,21272531,2,"ifeval_min30",2,3,2,3,0.05,0,2.45089843706228,0,0,0,0,0,0,0,0
876,2,10,2000,2000,21272531,2,"ifeval_min30",2,3,2,3,0.05,0,2.04480506456457,0,0,0,0,0,0,0,0
877,2,10,2000,2000,21272531,2,"ifeval_min30",2,3,2,3,0.05,0,2.89835715922527,0,0,0,0,0,0,0,0
878,2,10,2000,2000,21272531,2,"ifeval_min30",2,3,2,3,0.05,0,2.62025592033751,0,0,0,0,-2.65143639082089,0,0,0
879,2,10,2000,2000,21272531,2,"ifeval_min30",2,3,2,3,0.05,0,2.74105554446578,0,0,0,0,0,0,0,0
880,2,10,2000,2000,21272531,2,"ifeval_min30",2,3,2,3,0.05,0,2.05816651042551,0,0,0,0,0,0,0,0
881,2,10,2000,2000,21272531,2,"ifeval_min30",2,3,2,3,0.05,0,2.59643556806259,0,0,0,0,0,0,0,0
882,2,10,2000,2000,21272531,2,"ifeval_min30",2,3,2,3,0.05,0,2.18211555271409,0,0,-2.90034317993559,0,0,0,0,0
883,2,10,2000,2000,21272531,2,"ifeval_min30",2,3,2,3,0.05,0,2.51112404209562,0,0,0,0,0,0,0,0
884,2,10,2000,2000,21272531,2,"ifeval_min30",2,3,2,3,0.05,0,2.1755093135871,0,0,0,0,0,0,0,0
885,2,10,2000,2000,21272531,2,"ifeval_min30",2,3,2,3,0.05,0,2.86367984837852,0,0,0,-2.7230953075923,0,0,0,0
886,2,10,2000,2000,21272531,2,"ifeval_min30",2,3,2,3,0.05,0,2.79426962858997,0,0,2.48794977297075,0,0,0,0,0
887,2,10,2000,2000,21272531,2,"ifeval_min30",2,3,2,3,0.05,0,2.34513431717642,0,0,0,0,0,0,0,0
888,2,10,2000,2000,21272531,2,"ifeval_min30",2,3,2,3,0.05,0,2.04493343597278,0,0,0,0,0,0,2.17794521292672,0
889,2,10,2000,2000,21272531,2,"ifeval_min30",2,3,2,3,0.05,0,2.60274909692816,0,0,0,0,0,0,-2.12700261641294,0
890,2,10,2000,2000,21272531,2,"ifeval_min30",2,3,2,3,0.05,0,2.68285112897865,0,0,0,0,0,0,0,0
891,2,10,2000,2000,21272531,2,"ifeval_min30",2,3,2,3,0.05,0,2.17192836268805,0,0,0,0,0,0,0,0
892,2,10,2000,2000,21272531,2,"ifeval_min30",2,3,2,3,0.05,0,2.4251035163179,0,0,0,0,0,0,0,0
893,2,10,2000,2000,21272531,2,"ifeval_min30",2,3,2,3,0.05,0,2.11615194892511,0,0,0,2.74899474484846,0,0,0,0
894,2,10,2000,2000,21272531,2,"ifeval_min30",2,3,2,3,0.05,2.37274240399711,2.45816522813402,0,0,0,0,0,0,0,0
895,2,10,2000,2000,21272531,2,"ifeval_min30",2,3,2,3,0.05,0,2.45784739404917,0,0,0,0,0,0,0,0
896,2,10,2000,2000,21272531,2,"ifeval_min30",2,3,2,3,0.05,0,2.58588480832987,0,0,0,0,0,0,0,0
897,2,10,2000,2000,21272531,2,"ifeval_min30",2,3,2,3,0.05,0,2.5876621035859,0,0,0,0,0,2.21864959853701,2.22950639342889,0
898,2,10,2000,2000,21272531,2,"ifeval_min30",2,3,2,3,0.05,-2.51226645265706,2.53760187258013,0,0,0,0,0,0,0,0
899,2,10,2000,2000,21272531,2,"ifeval_min30",2,3,2,3,0.05,0,2.8912315487396,0,0,0,0,0,0,0,0
900,2,10,2000,2000,21272531,2,"ifeval_min30",2,3,2,3,0.05,0,2.02021401561797,0,0,0,0,0,0,-2.8839456231799,0
901,2,10,2000,2000,21272531,2,"ifeval_min30",2,3,2,3,0.05,0,2.09911590022966,0,0,0,0,0,0,0,-2.20454571186565
902,2,10,2000,2000,21272531,2,"ifeval_min30",2,3,2,3,0.05,0,2.72009574598633,-2.68919425364584,0,0,0,0,0,0,2.14810994500294
903,2,10,2000,2000,21272531,2,"ifeval_min30",2,3,2,3,0.05,0,2.56409076205455,0,0,0,0,0,0,0,0
904,2,10,2000,2000,21272531,2,"ifeval_min30",2,3,2,3,0.05,0,2.69753953558393,0,0,0,0,0,0,0,0
905,2,10,2000,2000,21272531,2,"ifeval_min30",2,3,2,3,0.05,0,2.36137319752015,0,0,0,0,0,0,0,0
906,2,10,2000,2000,21272531,2,"ifeval_min30",2,3,2,3,0.05,0,2.13843031320721,0,0,0,0,0,0,0,0
907,2,10,2000,2000,21272531,2,"ifeval_min30",2,3,2,3,0.05,0,2.57762579503469,0,0,0,0,0,0,0,0
908,2,10,2000,2000,21272531,2,"ifeval_min30",2,3,2,3,0.05,0,2.11193991196342,0,-2.41973736230284,0,0,0,0,0,0
909,2,10,2000,2000,21272531,2,"ifeval_min30",2,3,2,3,0.05,0,2.77149854740128,0,0,0,0,-2.63122263248079,0,0,0
910,2,10,2000,2000,21272531,2,"ifeval_min30",2,3,2,3,0.05,0,2.37145013012923,0,0,0,0,0,0,0,0
911,2,10,2000,2000,21272531,2,"ifeval_min30",2,3,2,3,0.05,0,2.61357377539389,0,0,0,0,0,0,0,0
912,2,10,2000,2000,21272531,2,"ifeval_min30",2,3,2,3,0.05,0,2.53976857406087,0,0,0,0,0,0,0,0
913,2,10,2000,2000,21272531,2,"ifeval_min30",2,3,2,3,0.05,0,2.39330125413835,0,0,0,0,0,0,0,2.5360332087148
914,2,10,2000,2000,21272531,2,"ifeval_min30",2,3,2,3,0.05,0,2.44676908943802,0,0,0,0,0,0,0,-2.63255439419299
915,2,10,2000,2000,21272531,2,"ifeval_min30",2,3,2,3,0.05,0,2.62386997533031,0,0,0,0,0,0,0,0
916,2,10,2000,2000,21272531,2,"ifeval_min30",2,3,2,3,0.05,0,2.18871225556359,0,0,0,0,0,0,0,0
917,2,10,2000,2000,21272531,2,"ifeval_min30",2,3,2,3,0.05,0,2.0472540545743,0,0,0,0,0,0,0,0
918,2,10,2000,2000,21272531,2,"ifeval_min30",2,3,2,3,0.05,0,2.58998880418949,0,0,0,0,0,0,0,0
919,2,10,2000,2000,21272531,2,"ifeval_min30",2,3,2,3,0.05,0,2.88200476532802,0,0,0,0,-2.48125981679186,0,0,0
920,2,10,2000,2000,21272531,2,"ifeval_min30",2,3,2,3,0.05,0,2.39934770576656,0,0,0,0,0,0,0,0
921,2,10,2000,2000,21272531,2,"ifeval_min30",2,3,2,3,0.05,0,2.42317591095343,0,0,0,0,0,0,-2.48336228798144,0
922,2,10,2000,2000,21272531,2,"ifeval_min30",2,3,2,3,0.05,0,2.84065592195839,2.18233727430925,0,0,0,0,-2.0441961302422,0,-2.4810583377257
923,2,10,2000,2000,21272531,2,"ifeval_min30",2,3,2,3,0.05,0,2.68049343908206,0,0,0,0,0,2.94512131437659,0,0
924,2,10,2000,2000,21272531,2,"ifeval_min30",2,3,2,3,0.05,0,2.84325137198903,0,0,0,0,0,0,0,0
925,2,10,2000,2000,21272531,2,"ifeval_min30",2,3,2,3,0.05,0,2.05706369667314,0,0,0,0,0,0,0,2.17196385399438
926,2,10,2000,2000,21272531,2,"ifeval_min30",2,3,2,3,0.05,0,2.48247984191403,0,0,0,0,0,0,0,0
927,2,10,2000,2000,21272531,2,"ifeval_min30",2,3,2,3,0.05,0,2.99535963777453,0,0,0,0,0,0,0,0
928,2,10,2000,2000,21272531,2,"ifeval_min30",2,3,2,3,0.05,0,2.66462923563085,0,0,0,0,0,0,0,0
929,2,10,2000,2000,21272531,2,"ifeval_min30",2,3,2,3,0.05,0,2.01377493422478,-2.65044003142975,0,0,0,-2.94138853228651,2.7161353842821,0,2.62535657105036
930,2,10,2000,2000,21272531,2,"ifeval_min30",2,3,2,3,0.05,0,2.22766866208985,0,0,0,0,0,0,0,0
931,2,10,2000,2000,21272531,2,"ifeval_min30",2,3,2,3,0.05,0,2.59016332309693,0,0,0,2.94497790723108,-2.08164197695442,0,0,0
932,2,10,2000,2000,21272531,2,"ifeval_min30",2,3,2,3,0.05,0,2.54888993641362,0,0,0,0,0,0,0,0
933,2,10,2000,2000,21272531,2,"ifeval_min30",2,3,2,3,0.05,0,2.41232452681288,0,0,0,0,0,0,0,0
934,2,10,2000,2000,21272531,2,"ifeval_min30",2,3,2,3,0.05,2.22104193549603,2.3189869185444,0,0,0,-2.06194715900347,0,0,0,0
935,2,10,2000,2000,21272531,2,"ifeval_min30",2,3,2,3,0.05,0,2.92232377361506,-2.00233325688168,0,0,0,2.99706224980764,0,0,-2.08492137328722
936,2,10,2000,2000,21272531,2,"ifeval_min30",2,3,2,3,0.05,0,2.31887889932841,0,0,0,0,0,0,0,0
937,2,10,2000,2000,21272531,2,"ifeval_min30",2,3,2,3,0.05,0,2.67021276243031,0,0,0,0,0,0,0,0
938,2,10,2000,2000,21272531,2,"ifeval_min30",2,3,2,3,0.05,0,2.96923790476285,0,0,0,-2.07438769401051,0,0,0,0
939,2,10,2000,2000,21272531,2,"ifeval_min30",2,3,2,3,0.05,0,2.38102283608168,0,0,0,0,0,0,0,0
940,2,10,2000,2000,21272531,2,"ifeval_min30",2,3,2,3,0.05,0,2.63161891279742,0,0,0,0,0,0,0,0
941,2,10,2000,2000,21272531,2,"ifeval_min30",2,3,2,3,0.05,0,2.97442458267324,0,0,0,0,0,0,0,0
942,2,10,2000,2000,21272531,2,"ifeval_min30",2,3,2,3,0.05,0,2.1647051605396,0,0,0,0,0,0,0,0
943,2,10,2000,2000,21272531,2,"ifeval_min30",2,3,2,3,0.05,0,2.32446236838587,0,0,0,0,0,0,0,0
944,2,10,2000,2000,21272531,2,"ifeval_min30",2,3,2,3,0.05,0,2.25998681853525,0,0,0,0,0,0,0,0
945,2,10,2000,2000,21272531,2,"ifeval_min30",2,3,2,3,0.05,0,2.25668986933306,0,0,0,0,0,0,0,0
946,2,10,2000,2000,21272531,2,"ifeval_min30",2,3,2,3,0.05,0,2.27163714310154,0,2.32744049839675,0,0,0,0,-2.98827346274629,0
947,2,10,2000,2000,21272531,2,"ifeval_min30",2,3,2,3,0.05,0,2.23158559016883,0,0,0,0,0,0,0,0
948,2,10,2000,2000,21272531,2,"ifeval_min30",2,3,2,3,0.05,0,2.34872751752846,0,0,0,-2.49158024694771,0,0,0,0
949,2,10,2000,2000,21272531,2,"ifeval_min30",2,3,2,3,0.05,0,2.40914984373376,0,0,0,0,0,0,0,0
950,2,10,2000,2000,21272531,2,"ifeval_min30",2,3,2,3,0.05,0,2.47217232780531,0,0,0,0,0,0,0,0
951,2,10,2000,2000,21272531,2,"ifeval_min30",2,3,2,3,0.05,0,2.65463007683866,0,0,0,0,0,0,0,0
952,2,10,2000,2000,21272531,2,"ifeval_min30",2,3,2,3,0.05,0,2.9630675856024,0,-2.52841323195025,0,0,0,0,0,0
953,2,10,2000,2000,21272531,2,"ifeval_min30",2,3,2,3,0.05,0,2.83581236749887,2.00260523171164,0,0,0,0,0,0,0
954,2,10,2000,2000,21272531,2,"ifeval_min30",2,3,2,3,0.05,0,2.86024258122779,0,0,0,0,0,0,0,0
955,2,10,2000,2000,21272531,2,"ifeval_min30",2,3,2,3,0.05,0,2.44500107667409,0,0,0,0,0,0,0,0
956,2,10,2000,2000,21272531,2,"ifeval_min30",2,3,2,3,0.05,-2.01105605135672,2.07256350433454,0,0,0,0,0,0,0,0
957,2,10,2000,2000,21272531,2,"ifeval_min30",2,3,2,3,0.05,0,2.07139111217111,0,0,0,0,0,0,0,2.97448613168672
958,2,10,2000,2000,21272531,2,"ifeval_min30",2,3,2,3,0.05,0,2.71423858427443,0,0,0,0,0,0,0,0
959,2,10,2000,2000,21272531,2,"ifeval_min30",2,3,2,3,0.05,0,2.7770499677863,0,0,0,0,0,0,0,0
960,2,10,2000,2000,21272531,2,"ifeval_min30",2,3,2,3,0.05,0,2.14968691021204,0,0,0,0,0,0,0,0
961,2,10,2000,2000,21272531,2,"ifeval_min30",2,3,2,3,0.05,0,2.65121344709769,0,0,0,0,0,0,0,2.95634272834286
962,2,10,2000,2000,21272531,2,"ifeval_min30",2,3,2,3,0.05,-2.6457326663658,2.58537147357129,0,0,0,0,0,0,0,0
963,2,10,2000,2000,21272531,2,"ifeval_min30",2,3,2,3,0.05,0,2.84526067785919,0,0,0,0,0,0,0,0
964,2,10,2000,2000,21272531,2,"ifeval_min30",2,3,2,3,0.05,0,2.65098325442523,0,0,0,0,0,0,0,0
965,2,10,2000,2000,21272531,2,"ifeval_min30",2,3,2,3,0.05,0,2.99068228108808,0,0,0,0,0,0,0,0
966,2,10,2000,2000,21272531,2,"ifeval_min30",2,3,2,3,0.05,0,2.90645340364426,0,0,0,0,0,-2.01826191646978,0,0
967,2,10,2000,2000,21272531,2,"ifeval_min30",2,3,2,3,0.05,0,2.25280259293504,0,0,0,0,0,0,0,0
968,2,10,2000,2000,21272531,2,"ifeval_min30",2,3,2,3,0.05,2.26529000326991,2.63803481590003,0,0,0,0,0,0,0,0
969,2,10,2000,2000,21272531,2,"ifeval_min30",2,3,2,3,0.05,0,2.41772060911171,0,0,0,0,-2.19703942211345,0,0,0
970,2,10,2000,2000,21272531,2,"ifeval_min30",2,3,2,3,0.05,0,2.38643294968642,0,0,0,0,0,0,0,0
971,2,10,2000,2000,21272531,2,"ifeval_min30",2,3,2,3,0.05,0,2.74122472642921,0,0,0,0,0,0,0,-2.08023198810406
972,2,10,2000,2000,21272531,2,"ifeval_min30",2,3,2,3,0.05,0,2.4061147980392,0,0,0,0,0,0,0,0
973,2,10,2000,2000,21272531,2,"ifeval_min30",2,3,2,3,0.05,0,2.98099287413061,0,0,0,0,0,0,0,0
974,2,10,2000,2000,21272531,2,"ifeval_min30",2,3,2,3,0.05,0,2.59923307504505,0,0,0,0,0,0,0,0
975,2,10,2000,2000,21272531,2,"ifeval_min30",2,3,2,3,0.05,0,2.23264157213271,0,0,0,0,2.93370556458831,0,0,0
976,2,10,2000,2000,21272531,2,"ifeval_min30",2,3,2,3,0.05,0,2.80765448301099,0,0,0,0,0,0,0,0
977,2,10,2000,2000,21272531,2,"ifeval_min30",2,3,2,3,0.05,0,2.79166787466966,0,0,0,0,0,0,0,0
978,2,10,2000,2000,21272531,2,"ifeval_min30",2,3,2,3,0.05,0,2.91755931149237,0,0,0,0,0,0,0,0
979,2,10,2000,2000,21272531,2,"ifeval_min30",2,3,2,3,0.05,0,2.05289106164128,0,0,0,0,0,0,0,0
980,2,10,2000,2000,21272531,2,"ifeval_min30",2,3,2,3,0.05,0,2.63046662160195,0,0,0,0,0,0,0,0
981,2,10,2000,2000,21272531,2,"ifeval_min30",2,3,2,3,0.05,0,2.13285779603757,0,0,0,0,0,0,0,0
982,2,10,2000,2000,21272531,2,"ifeval_min30",2,3,2,3,0.05,0,2.11890947632492,0,0,0,0,0,0,0,0
983,2,10,2000,2000,21272531,2,"ifeval_min30",2,3,2,3,0.05,0,2.51893502962776,0,0,-2.18173487950116,0,0,0,0,0
984,2,10,2000,2000,21272531,2,"ifeval_min30",2,3,2,3,0.05,0,2.79205101495609,2.86213603033684,0,0,0,0,0,0,0
985,2,10,2000,2000,21272531,2,"ifeval_min30",2,3,2,3,0.05,0,2.4385541100055,0,0,-2.58698724256828,0,0,0,0,0
986,2,10,2000,2000,21272531,2,"ifeval_min30",2,3,2,3,0.05,0,2.6313543682918,0,0,0,0,0,0,0,0
987,2,10,2000,2000,21272531,2,"ifeval_min30",2,3,2,3,0.05,0,2.40758498641662,0,0,0,0,0,0,0,0
988,2,10,2000,2000,21272531,2,"ifeval_min30",2,3,2,3,0.05,0,2.2545989274513,0,0,0,0,2.98889927240089,0,0,0
989,2,10,2000,2000,21272531,2,"ifeval_min30",2,3,2,3,0.05,0,2.45474967174232,0,0,0,0,0,0,0,0
990,2,10,2000,2000,21272531,2,"ifeval_min30",2,3,2,3,0.05,0,2.8353151245974,-2.55968712945469,0,0,0,0,0,0,0
991,2,10,2000,2000,21272531,2,"ifeval_min30",2,3,2,3,0.05,0,2.96794766862877,0,0,0,0,0,0,0,0
992,2,10,2000,2000,21272531,2,"ifeval_min30",2,3,2,3,0.05,0,2.60652376711369,0,0,0,0,0,0,0,2.50099474936724
993,2,10,2000,2000,21272531,2,"ifeval_min30",2,3,2,3,0.05,0,2.45080292667262,0,0,0,0,0,0,0,0
994,2,10,2000,2000,21272531,2,"ifeval_min30",2,3,2,3,0.05,0,2.86775772669353,0,-2.24388438044116,0,0,0,0,0,-2.52831488102674
995,2,10,2000,2000,21272531,2,"ifeval_min30",2,3,2,3,0.05,0,2.71372097940184,0,2.95677031250671,0,0,0,0,0,0
996,2,10,2000,2000,21272531,2,"ifeval_min30",2,3,2,3,0.05,-2.58505640458316,2.76222213520668,0,0,0,2.62343153404072,0,-2.87570606218651,0,0
997,2,10,2000,2000,21272531,2,"ifeval_min30",2,3,2,3,0.05,0,2.90988761349581,0,0,0,0,0,0,0,0
998,2,10,2000,2000,21272531,2,"ifeval_min30",2,3,2,3,0.05,0,2.7442402234301,0,0,-2.63689741003327,0,0,0,0,0
999,2,10,2000,2000,21272531,2,"ifeval_min30",2,3,2,3,0.05,0,2.11359883937985,0,0,0,0,0,0,0,0
1000,2,10,2000,2000,21272531,2,"ifeval_min30",2,3,2,3,0.05,0,2.65662098675966,0,0,0,0,0,0,0,0
1001,2,10,2000,2000,21272531,2,"ifeval_min30",2,3,2,3,0.05,0,2.25874484307133,0,0,0,0,0,0,0,0
1002,2,10,2000,2000,21272531,2,"ifeval_min30",2,3,2,3,0.05,0,2.894608609844,0,2.30221049580723,2.36408380628563,0,0,0,0,-2.73765991674736
1003,2,10,2000,2000,21272531,2,"ifeval_min30",2,3,2,3,0.05,0,2.76103263092227,0,0,0,0,0,0,0,0
1004,2,10,2000,2000,21272531,2,"ifeval_min30",2,3,2,3,0.05,0,2.68405394651927,0,-2.89958226797171,0,0,0,0,0,0
1005,2,10,2000,2000,21272531,2,"ifeval_min30",2,3,2,3,0.05,0,2.9045309079811,0,0,0,0,0,0,0,0
1006,2,10,2000,2000,21272531,2,"ifeval_min30",2,3,2,3,0.05,0,2.58254705090076,0,0,0,0,0,-2.3630935177207,0,0
1007,2,10,2000,2000,21272531,2,"ifeval_min30",2,3,2,3,0.05,0,2.90103316912428,0,0,0,0,0,0,0,0
1008,2,10,2000,2000,21272531,2,"ifeval_min30",2,3,2,3,0.05,0,2.85584610560909,0,2.13106094254181,0,0,0,0,0,-2.70064581930637
1009,2,10,2000,2000,21272531,2,"ifeval_min30",2,3,2,3,0.05,0,2.6090228324756,0,0,0,0,0,0,0,0
1010,2,10,2000,2000,21272531,2,"ifeval_min30",2,3,2,3,0.05,0,2.25294237560593,0,0,0,0,0,0,0,0
1011,2,10,2000,2000,21272531,2,"ifeval_min30",2,3,2,3,0.05,0,2.51547633903101,0,0,-2.16476121847518,0,0,0,0,0
1012,2,10,2000,2000,21272531,2,"ifeval_min30",2,3,2,3,0.05,0,2.38252135459334,0,0,0,0,-2.56812826171517,0,0,0
1013,2,10,2000,2000,21272531,2,"ifeval_min30",2,3,2,3,0.05,2.92704769410193,2.43243028991856,0,0,0,0,0,0,0,0
1014,2,10,2000,2000,21272531,2,"ifeval_min30",2,3,2,3,0.05,0,2.3656457553152,0,0,0,0,0,0,0,0
1015,2,10,2000,2000,21272531,2,"ifeval_min30",2,3,2,3,0.05,0,2.97946690442041,0,0,0,0,0,0,0,0
1016,2,10,2000,2000,21272531,2,"ifeval_min30",2,3,2,3,0.05,0,2.16528582642786,0,0,0,0,0,0,0,0
1017,2,10,2000,2000,21272531,2,"ifeval_min30",2,3,2,3,0.05,0,2.00083601102233,0,0,0,0,0,0,0,0
1018,2,10,2000,2000,21272531,2,"ifeval_min30",2,3,2,3,0.05,0,2.09513468854129,0,0,0,0,0,0,0,0
1019,2,10,2000,2000,21272531,2,"ifeval_min30",2,3,2,3,0.05,0,2.7726770513691,0,0,0,0,0,0,0,0
1020,2,10,2000,2000,21272531,2,"ifeval_min30",2,3,2,3,0.05,0,2.25900340545923,0,0,0,0,0,0,0,0
1021,2,10,2000,2000,21272531,2,"ifeval_min30",2,3,2,3,0.05,0,2.14287254121155,0,0,0,0,0,0,0,0
1022,2,10,2000,2000,21272531,2,"ifeval_min30",2,3,2,3,0.05,0,2.89035163121298,0,0,0,0,0,0,0,2.74027008307166
1023,2,10,2000,2000,21272531,2,"ifeval_min30",2,3,2,3,0.05,2.30131538235582,2.59241346479394,0,0,0,0,0,0,0,0
1024,2,10,2000,2000,21272531,2,"ifeval_min30",2,3,2,3,0.05,0,2.87004144419916,0,0,0,0,0,0,0,0
1025,2,10,2000,2000,21272531,2,"ifeval_min30",2,3,2,3,0.05,0,2.68423246522434,0,0,0,0,0,0,0,0
1026,2,10,2000,2000,21272531,2,"ifeval_min30",2,3,2,3,0.05,0,2.7111162119545,0,0,0,0,0,0,0,0
1027,2,10,2000,2000,21272531,2,"ifeval_min30",2,3,2,3,0.05,0,2.20776303624734,0,0,0,0,0,0,0,0
1028,2,10,2000,2000,21272531,2,"ifeval_min30",2,3,2,3,0.05,0,2.02311387611553,0,0,0,0,0,0,0,-2.22072487464175
1029,2,10,2000,2000,21272531,2,"ifeval_min30",2,3,2,3,0.05,0,2.65350762568414,0,0,0,0,2.44862687261775,0,0,0
1030,2,10,2000,2000,21272531,2,"ifeval_min30",2,3,2,3,0.05,0,2.01371485530399,0,0,0,0,0,-2.15952406567521,0,0
1031,2,10,2000,2000,21272531,2,"ifeval_min30",2,3,2,3,0.05,0,2.39665161957964,0,0,0,0,0,0,0,0
1032,2,10,2000,2000,21272531,2,"ifeval_min30",2,3,2,3,0.05,0,2.50746286194772,0,0,0,0,0,0,0,0
1033,2,10,2000,2000,21272531,2,"ifeval_min30",2,3,2,3,0.05,0,2.6884294222109,0,0,0,0,0,0,0,0
1034,2,10,2000,2000,21272531,2,"ifeval_min30",2,3,2,3,0.05,0,2.18889318592846,0,0,0,2.08188749151304,0,0,0,0
1035,2,10,2000,2000,21272531,2,"ifeval_min30",2,3,2,3,0.05,0,2.5105315966066,0,0,0,0,0,0,0,0
1036,2,10,2000,2000,21272531,2,"ifeval_min30",2,3,2,3,0.05,0,2.82386375404894,-2.94748307648115,0,0,0,0,0,0,0
1037,2,10,2000,2000,21272531,2,"ifeval_min30",2,3,2,3,0.05,0,2.10148040414788,0,0,0,0,0,0,0,0
1038,2,10,2000,2000,21272531,2,"ifeval_min30",2,3,2,3,0.05,0,2.27091410732828,0,0,0,0,0,0,0,0
1039,2,10,2000,2000,21272531,2,"ifeval_min30",2,3,2,3,0.05,0,2.79395556729287,0,0,0,0,0,0,2.91074824798852,0
1040,2,10,2000,2000,21272531,2,"ifeval_min30",2,3,2,3,0.05,0,2.36859130091034,0,0,0,0,0,0,0,0
1041,2,10,2000,2000,21272531,2,"ifeval_min30",2,3,2,3,0.05,0,2.28589023370296,0,0,0,0,0,0,-2.66828376171179,0
1042,2,10,2000,2000,21272531,2,"ifeval_min30",2,3,2,3,0.05,0,2.051701444434,0,0,0,0,0,0,0,0
1043,2,10,2000,2000,21272531,2,"ifeval_min30",2,3,2,3,0.05,0,2.65737161086872,0,0,0,0,0,0,0,-2.54878289857879
1044,2,10,2000,2000,21272531,2,"ifeval_min30",2,3,2,3,0.05,0,2.5610681490507,0,0,0,0,0,0,0,0
1045,2,10,2000,2000,21272531,2,"ifeval_min30",2,3,2,3,0.05,0,2.26549604162574,0,0,0,0,0,0,0,0
1046,2,10,2000,2000,21272531,2,"ifeval_min30",2,3,2,3,0.05,0,2.8862822833471,0,0,0,0,0,0,0,0
1047,2,10,2000,2000,21272531,2,"ifeval_min30",2,3,2,3,0.05,0,2.66060105082579,0,0,0,0,0,0,0,0
1048,2,10,2000,2000,21272531,2,"ifeval_min30",2,3,2,3,0.05,0,2.61764749744907,0,0,0,0,0,0,0,0
1049,2,10,2000,2000,21272531,2,"ifeval_min30",2,3,2,3,0.05,0,2.9220311390236,0,0,0,0,0,2.7218481451273,0,0
1050,2,10,2000,2000,21272531,2,"ifeval_min30",2,3,2,3,0.05,0,2.82518148305826,0,0,0,0,0,0,0,0
1051,2,10,2000,2000,21272531,2,"ifeval_min30",2,3,2,3,0.05,0,2.75257917353883,0,0,0,0,0,0,0,0
1052,2,10,2000,2000,21272531,2,"ifeval_min30",2,3,2,3,0.05,0,2.81662279018201,0,0,0,0,0,0,0,0
1053,2,10,2000,2000,21272531,2,"ifeval_min30",2,3,2,3,0.05,0,2.88111392059363,0,0,0,0,0,0,0,0
1054,2,10,2000,2000,21272531,2,"ifeval_min30",2,3,2,3,0.05,0,2.38792706490494,0,0,0,0,0,0,0,0
1055,2,10,2000,2000,21272531,2,"ifeval_min30",2,3,2,3,0.05,0,2.9995991801843,0,0,0,0,0,0,0,0
1056,2,10,2000,2000,21272531,2,"ifeval_min30",2,3,2,3,0.05,0,2.82220226712525,0,0,0,0,0,0,0,0
1057,2,10,2000,2000,21272531,2,"ifeval_min30",2,3,2,3,0.05,0,2.40668528340757,0,0,0,0,0,0,0,0
1058,2,10,2000,2000,21272531,2,"ifeval_min30",2,3,2,3,0.05,0,2.17151183844544,0,0,0,0,0,0,0,0
1059,2,10,2000,2000,21272531,2,"ifeval_min30",2,3,2,3,0.05,0,2.16084131435491,0,0,0,0,0,0,-2.93029105756432,0
1060,2,10,2000,2000,21272531,2,"ifeval_min30",2,3,2,3,0.05,0,2.17702884646133,0,0,0,0,0,0,0,0
1061,2,10,2000,2000,21272531,2,"ifeval_min30",2,3,2,3,0.05,-2.27925135567784,2.54577197530307,0,0,0,0,0,0,0,0
1062,2,10,2000,2000,21272531,2,"ifeval_min30",2,3,2,3,0.05,0,2.5037794187665,0,0,2.76929091964848,0,0,0,0,0
1063,2,10,2000,2000,21272531,2,"ifeval_min30",2,3,2,3,0.05,0,2.3796266077552,0,0,0,0,0,0,0,0
1064,2,10,2000,2000,21272531,2,"ifeval_min30",2,3,2,3,0.05,0,2.98704174533486,0,0,2.69126548571512,0,0,0,0,0
1065,2,10,2000,2000,21272531,2,"ifeval_min30",2,3,2,3,0.05,0,2.8731651857961,0,0,0,0,0,0,0,0
1066,2,10,2000,2000,21272531,2,"ifeval_min30",2,3,2,3,0.05,0,2.4218668511603,0,0,0,0,0,0,0,0
1067,2,10,2000,2000,21272531,2,"ifeval_min30",2,3,2,3,0.05,0,2.34589995443821,0,0,0,0,-2.09310313826427,0,0,0
1068,2,10,2000,2000,21272531,2,"ifeval_min30",2,3,2,3,0.05,0,2.43927709688433,0,0,0,0,0,0,0,0
1069,2,10,2000,2000,21272531,2,"ifeval_min30",2,3,2,3,0.05,0,2.00548173557036,0,0,0,0,0,2.95733810169622,0,0
1070,2,10,2000,2000,21272531,2,"ifeval_min30",2,3,2,3,0.05,0,2.40450425446033,0,0,0,0,0,0,0,0
1071,2,10,2000,2000,21272531,2,"ifeval_min30",2,3,2,3,0.05,0,2.2891637836583,0,0,0,0,-2.74572879634798,0,0,0
1072,2,10,2000,2000,21272531,2,"ifeval_min30",2,3,2,3,0.05,-2.60082845948637,2.41643105773255,0,0,0,0,0,0,0,0
1073,2,10,2000,2000,21272531,2,"ifeval_min30",2,3,2,3,0.05,0,2.89726848318242,0,0,0,0,0,0,0,0
1074,2,10,2000,2000,21272531,2,"ifeval_min30",2,3,2,3,0.05,-2.08982382970862,2.89319358184002,0,0,0,0,0,0,0,0
1075,2,10,2000,2000,21272531,2,"ifeval_min30",2,3,2,3,0.05,0,2.73928090301342,-2.42694958252832,0,0,0,0,0,0,0
1076,2,10,2000,2000,21272531,2,"ifeval_min30",2,3,2,3,0.05,0,2.53211476840079,0,0,0,0,0,0,-2.93172475579195,0
1077,2,10,2000,2000,21272531,2,"ifeval_min30",2,3,2,3,0.05,0,2.01965539669618,0,0,0,0,0,0,0,2.18104894016869
1078,3,10,2000,2000,21272531,2,"ifeval_min30",2,3,2,3,0.05,0,0,2.06595701607876,0,0,0,0,0,0,0
1079,3,10,2000,2000,21272531,2,"ifeval_min30",2,3,2,3,0.05,0,0,2.88708454649895,0,0,0,0,0,0,0
1080,3,10,2000,2000,21272531,2,"ifeval_min30",2,3,2,3,0.05,0,0,2.1011524416972,0,0,0,0,0,0,0
1081,3,10,2000,2000,21272531,2,"ifeval_min30",2,3,2,3,0.05,0,0,2.1819753232412,0,0,0,-2.38653094507754,0,0,0
1082,3,10,2000,2000,21272531,2,"ifeval_min30",2,3,2,3,0.05,0,0,2.36646597483195,0,0,0,0,0,0,0
1083,3,10,2000,2000,21272531,2,"ifeval_min30",2,3,2,3,0.05,0,0,2.12719598016702,0,0,0,0,0,0,0
1084,3,10,2000,2000,21272531,2,"ifeval_min30",2,3,2,3,0.05,0,0,2.1038787481375,2.80855826218612,0,0,0,0,0,0
1085,3,10,2000,2000,21272531,2,"ifeval_min30",2,3,2,3,0.05,0,0,2.05675354832783,0,0,0,0,0,2.41836679377593,0
1086,3,10,2000,2000,21272531,2,"ifeval_min30",2,3,2,3,0.05,0,0,2.69404492946342,0,0,0,0,0,0,0
1087,3,10,2000,2000,21272531,2,"ifeval_min30",2,3,2,3,0.05,0,0,2.27849106676877,0,0,0,0,0,0,0
1088,3,10,2000,2000,21272531,2,"ifeval_min30",2,3,2,3,0.05,0,0,2.25784503598697,0,0,0,0,0,0,0
1089,3,10,2000,2000,21272531,2,"ifeval_min30",2,3,2,3,0.05,0,0,2.59726175270043,0,0,0,0,0,0,0
1090,3,10,2000,2000,21272531,2,"ifeval_min30",2,3,2,3,0.05,0,0,2.43426866619848,0,0,0,0,0,0,0
1091,3,10,2000,2000,21272531,2,"ifeval_min30",2,3,2,3,0.05,0,0,2.86909806728363,0,0,0,0,0,0,0
1092,3,10,2000,2000,21272531,2,"ifeval_min30",2,3,2,3,0.05,0,0,2.28772416384891,0,0,2.35747333080508,0,0,0,0
1093,3,10,2000,2000,21272531,2,"ifeval_min30",2,3,2,3,0.05,0,-2.33262064051814,2.98175355535932,0,0,0,2.75631887558848,0,0,0
1094,3,10,2000,2000,21272531,2,"ifeval_min30",2,3,2,3,0.05,0,0,2.44322629575618,0,0,0,0,0,0,0
1095,3,10,2000,2000,21272531,2,"ifeval_min30",2,3,2,3,0.05,0,0,2.68101946520619,0,0,0,0,0,0,0
1096,3,10,2000,2000,21272531,2,"ifeval_min30",2,3,2,3,0.05,0,0,2.60287166433409,0,0,0,0,0,0,0
1097,3,10,2000,2000,21272531,2,"ifeval_min30",2,3,2,3,0.05,0,0,2.7872898876667,0,0,0,0,0,-2.8136724899523,0
1098,3,10,2000,2000,21272531,2,"ifeval_min30",2,3,2,3,0.05,2.54360881191678,0,2.26395332650281,0,0,0,0,0,0,0
1099,3,10,2000,2000,21272531,2,"ifeval_min30",2,3,2,3,0.05,0,2.43546480010264,2.57520582666621,0,0,0,0,0,0,0
1100,3,10,2000,2000,21272531,2,"ifeval_min30",2,3,2,3,0.05,0,0,2.20498663792387,0,0,0,0,0,0,0
1101,3,10,2000,2000,21272531,2,"ifeval_min30",2,3,2,3,0.05,0,0,2.94320320291445,0,0,0,0,0,0,0
1102,3,10,2000,2000,21272531,2,"ifeval_min30",2,3,2,3,0.05,0,0,2.93849559407681,0,0,0,0,0,0,0
1103,3,10,2000,2000,21272531,2,"ifeval_min30",2,3,2,3,0.05,0,-2.18358737463132,2.53972925618291,0,0,0,0,0,0,0
1104,3,10,2000,2000,21272531,2,"ifeval_min30",2,3,2,3,0.05,0,0,2.42563641141169,-2.04874165332876,0,2.74393964908086,0,0,0,0
1105,3,10,2000,2000,21272531,2,"ifeval_min30",2,3,2,3,0.05,0,0,2.74011102155782,0,0,0,0,0,0,0
1106,3,10,2000,2000,21272531,2,"ifeval_min30",2,3,2,3,0.05,0,0,2.75954125635326,0,0,0,0,0,0,0
1107,3,10,2000,2000,21272531,2,"ifeval_min30",2,3,2,3,0.05,0,0,2.56690501398407,0,2.28225441393442,0,0,0,0,0
1108,3,10,2000,2000,21272531,2,"ifeval_min30",2,3,2,3,0.05,0,0,2.80737230577506,0,0,0,0,0,0,0
1109,3,10,2000,2000,21272531,2,"ifeval_min30",2,3,2,3,0.05,0,0,2.7310535593424,2.50286210677586,0,0,0,0,0,0
1110,3,10,2000,2000,21272531,2,"ifeval_min30",2,3,2,3,0.05,0,0,2.37943346286193,0,0,0,0,0,2.1594495032914,0
1111,3,10,2000,2000,21272531,2,"ifeval_min30",2,3,2,3,0.05,0,0,2.1013014272321,0,0,0,0,0,0,0
1112,3,10,2000,2000,21272531,2,"ifeval_min30",2,3,2,3,0.05,0,0,2.42098548752256,0,0,0,0,0,0,0
1113,3,10,2000,2000,21272531,2,"ifeval_min30",2,3,2,3,0.05,0,0,2.57420072378591,0,0,0,0,0,0,0
1114,3,10,2000,2000,21272531,2,"ifeval_min30",2,3,2,3,0.05,0,0,2.7004858115688,0,0,2.04182628681883,0,0,0,0
1115,3,10,2000,2000,21272531,2,"ifeval_min30",2,3,2,3,0.05,0,0,2.00049989973195,0,0,0,0,0,0,0
1116,3,10,2000,2000,21272531,2,"ifeval_min30",2,3,2,3,0.05,0,0,2.25894205505028,-2.49436998507008,0,0,0,0,0,0
1117,3,10,2000,2000,21272531,2,"ifeval_min30",2,3,2,3,0.05,0,0,2.01835078769363,0,-2.58440852188505,0,0,0,0,0
1118,3,10,2000,2000,21272531,2,"ifeval_min30",2,3,2,3,0.05,0,0,2.93441413738765,0,0,0,0,0,0,0
1119,3,10,2000,2000,21272531,2,"ifeval_min30",2,3,2,3,0.05,0,0,2.50255791074596,0,0,0,0,0,0,0
1120,3,10,2000,2000,21272531,2,"ifeval_min30",2,3,2,3,0.05,0,0,2.41162685560994,0,0,0,-2.65113805234432,0,0,0
1121,3,10,2000,2000,21272531,2,"ifeval_min30",2,3,2,3,0.05,0,0,2.27968886634335,0,0,0,0,0,0,0
1122,3,10,2000,2000,21272531,2,"ifeval_min30",2,3,2,3,0.05,0,0,2.56240820884705,0,0,0,-2.10430092993192,0,0,0
1123,3,10,2000,2000,21272531,2,"ifeval_min30",2,3,2,3,0.05,0,0,2.02431628596969,2.28204936231486,0,0,0,0,0,0
1124,3,10,2000,2000,21272531,2,"ifeval_min30",2,3,2,3,0.05,0,0,2.69903445034288,0,0,0,0,0,0,0
1125,3,10,2000,2000,21272531,2,"ifeval_min30",2,3,2,3,0.05,0,0,2.29599446919747,0,0,0,0,0,0,0
1126,3,10,2000,2000,21272531,2,"ifeval_min30",2,3,2,3,0.05,0,0,2.22423556959257,0,0,0,0,0,0,0
1127,3,10,2000,2000,21272531,2,"ifeval_min30",2,3,2,3,0.05,0,0,2.80893644480966,0,2.76767393155023,0,0,0,0,0
1128,3,10,2000,2000,21272531,2,"ifeval_min30",2,3,2,3,0.05,0,0,2.28757898486219,0,0,-2.28888177708723,0,0,0,0
1129,3,10,2000,2000,21272531,2,"ifeval_min30",2,3,2,3,0.05,0,0,2.08528546453454,0,-2.7955390822608,0,0,0,0,0
1130,3,10,2000,2000,21272531,2,"ifeval_min30",2,3,2,3,0.05,0,0,2.98196646012366,0,0,0,0,0,0,0
1131,3,10,2000,2000,21272531,2,"ifeval_min30",2,3,2,3,0.05,0,0,2.18959624855779,0,0,0,0,0,0,0
1132,3,10,2000,2000,21272531,2,"ifeval_min30",2,3,2,3,0.05,0,0,2.96426012297161,0,0,0,0,0,0,0
1133,3,10,2000,2000,21272531,2,"ifeval_min30",2,3,2,3,0.05,0,0,2.18382836668752,0,0,0,0,0,0,0
1134,3,10,2000,2000,21272531,2,"ifeval_min30",2,3,2,3,0.05,0,0,2.29994995612651,0,0,0,-2.54148660320789,0,2.60787541861646,0
1135,3,10,2000,2000,21272531,2,"ifeval_min30",2,3,2,3,0.05,0,0,2.41922828997485,0,0,0,0,0,0,0
1136,3,10,2000,2000,21272531,2,"ifeval_min30",2,3,2,3,0.05,0,0,2.59688025084324,0,0,0,0,0,0,0
1137,3,10,2000,2000,21272531,2,"ifeval_min30",2,3,2,3,0.05,0,0,2.2674725074321,0,0,0,0,0,0,0
1138,3,10,2000,2000,21272531,2,"ifeval_min30",2,3,2,3,0.05,0,0,2.80223039211705,0,0,0,0,0,-2.67290113843046,0
1139,3,10,2000,2000,21272531,2,"ifeval_min30",2,3,2,3,0.05,0,0,2.03904647100717,0,0,0,0,0,0,0
1140,3,10,2000,2000,21272531,2,"ifeval_min30",2,3,2,3,0.05,0,0,2.71413647942245,0,0,2.51890936261043,0,0,0,0
1141,3,10,2000,2000,21272531,2,"ifeval_min30",2,3,2,3,0.05,0,0,2.41674427478574,0,0,0,0,0,0,0
1142,3,10,2000,2000,21272531,2,"ifeval_min30",2,3,2,3,0.05,0,0,2.94145848089829,0,0,0,0,0,0,0
1143,3,10,2000,2000,21272531,2,"ifeval_min30",2,3,2,3,0.05,0,0,2.13743207999505,0,0,0,0,0,0,0
1144,3,10,2000,2000,21272531,2,"ifeval_min30",2,3,2,3,0.05,0,0,2.11655465816148,0,0,2.32129770494066,0,0,0,0
1145,3,10,2000,2000,21272531,2,"ifeval_min30",2,3,2,3,0.05,0,0,2.65809801616706,0,0,0,0,0,0,0
1146,3,10,2000,2000,21272531,2,"ifeval_min30",2,3,2,3,0.05,0,0,2.3408028408885,0,0,0,0,0,0,0
1147,3,10,2000,2000,21272531,2,"ifeval_min30",2,3,2,3,0.05,0,2.50786757329479,2.43616816704161,0,0,0,0,0,0,0
1148,3,10,2000,2000,21272531,2,"ifeval_min30",2,3,2,3,0.05,0,0,2.54035334405489,0,0,0,0,0,2.74945788085461,0
1149,3,10,2000,2000,21272531,2,"ifeval_min30",2,3,2,3,0.05,0,0,2.32850954611786,0,0,0,0,0,2.88201418961398,0
1150,3,10,2000,2000,21272531,2,"ifeval_min30",2,3,2,3,0.05,0,0,2.5369295058772,0,0,0,0,0,0,0
1151,3,10,2000,2000,21272531,2,"ifeval_min30",2,3,2,3,0.05,0,0,2.10641459841281,0,0,0,0,0,0,0
1152,3,10,2000,2000,21272531,2,"ifeval_min30",2,3,2,3,0.05,0,0,2.15168057312258,0,0,0,0,-2.38826970756054,0,0
1153,3,10,2000,2000,21272531,2,"ifeval_min30",2,3,2,3,0.05,0,0,2.65999997360632,0,0,0,0,0,0,0
1154,3,10,2000,2000,21272531,2,"ifeval_min30",2,3,2,3,0.05,0,0,2.45582788973115,0,0,0,0,0,0,0
1155,3,10,2000,2000,21272531,2,"ifeval_min30",2,3,2,3,0.05,0,0,2.68619061401114,0,0,-2.20993421180174,0,0,0,0
1156,3,10,2000,2000,21272531,2,"ifeval_min30",2,3,2,3,0.05,0,0,2.9270503509324,0,0,0,0,0,0,-2.71461974596605
1157,3,10,2000,2000,21272531,2,"ifeval_min30",2,3,2,3,0.05,0,0,2.63859529863112,0,0,0,0,0,0,0
1158,3,10,2000,2000,21272531,2,"ifeval_min30",2,3,2,3,0.05,0,0,2.41152311000042,0,0,0,0,0,0,0
1159,3,10,2000,2000,21272531,2,"ifeval_min30",2,3,2,3,0.05,0,0,2.87299417681061,0,0,0,0,0,0,0
1160,3,10,2000,2000,21272531,2,"ifeval_min30",2,3,2,3,0.05,0,0,2.22440816531889,0,0,0,0,2.29139512218535,0,0
1161,3,10,2000,2000,21272531,2,"ifeval_min30",2,3,2,3,0.05,0,0,2.24882979760878,0,0,0,0,0,0,0
1162,3,10,2000,2000,21272531,2,"ifeval_min30",2,3,2,3,0.05,0,2.74238044186495,2.315967974253,0,0,0,0,0,0,0
1163,3,10,2000,2000,21272531,2,"ifeval_min30",2,3,2,3,0.05,0,0,2.93373276782222,0,0,0,0,0,0,0
1164,3,10,2000,2000,21272531,2,"ifeval_min30",2,3,2,3,0.05,0,0,2.10632122005336,0,0,-2.42459436645731,0,0,0,0
1165,3,10,2000,2000,21272531,2,"ifeval_min30",2,3,2,3,0.05,0,0,2.28042062930763,0,0,0,0,0,0,0
1166,3,10,2000,2000,21272531,2,"ifeval_min30",2,3,2,3,0.05,0,0,2.69767860230058,0,0,2.1253523142077,0,0,0,0
1167,3,10,2000,2000,21272531,2,"ifeval_min30",2,3,2,3,0.05,0,-2.81327865202911,2.33716343715787,0,0,2.35730148642324,0,0,0,0
1168,3,10,2000,2000,21272531,2,"ifeval_min30",2,3,2,3,0.05,0,0,2.06936985626817,0,0,0,0,0,0,0
1169,3,10,2000,2000,21272531,2,"ifeval_min30",2,3,2,3,0.05,0,0,2.01748047885485,0,0,0,0,0,0,0
1170,3,10,2000,2000,21272531,2,"ifeval_min30",2,3,2,3,0.05,0,0,2.53708067070693,0,0,0,0,0,0,0
1171,3,10,2000,2000,21272531,2,"ifeval_min30",2,3,2,3,0.05,0,0,2.98148578009568,2.89764334470965,0,0,0,2.37179155508056,0,0
1172,3,10,2000,2000,21272531,2,"ifeval_min30",2,3,2,3,0.05,2.78913811757229,0,2.52020648587495,0,0,0,0,0,0,0
1173,3,10,2000,2000,21272531,2,"ifeval_min30",2,3,2,3,0.05,0,0,2.65074625983834,0,0,0,0,0,0,0
1174,3,10,2000,2000,21272531,2,"ifeval_min30",2,3,2,3,0.05,0,0,2.03827253985219,0,0,0,0,0,0,0
1175,3,10,2000,2000,21272531,2,"ifeval_min30",2,3,2,3,0.05,0,0,2.27268416318111,0,0,0,0,0,0,0
1176,3,10,2000,2000,21272531,2,"ifeval_min30",2,3,2,3,0.05,0,0,2.59090833319351,0,0,0,0,0,-2.44486341555603,0
1177,3,10,2000,2000,21272531,2,"ifeval_min30",2,3,2,3,0.05,0,0,2.5410291980952,0,0,0,0,0,2.73306506918743,0
1178,3,10,2000,2000,21272531,2,"ifeval_min30",2,3,2,3,0.05,0,0,2.10096005210653,0,0,0,0,0,0,0
1179,3,10,2000,2000,21272531,2,"ifeval_min30",2,3,2,3,0.05,0,0,2.79082694393583,0,0,0,0,0,0,0
1180,3,10,2000,2000,21272531,2,"ifeval_min30",2,3,2,3,0.05,0,0,2.70300608640537,0,0,0,0,0,0,0
1181,3,10,2000,2000,21272531,2,"ifeval_min30",2,3,2,3,0.05,-2.49130564904772,0,2.88294640090317,0,0,-2.03633438772522,0,0,0,0
1182,3,10,2000,2000,21272531,2,"ifeval_min30",2,3,2,3,0.05,0,0,2.19709905143827,0,0,0,0,0,0,0
1183,3,10,2000,2000,21272531,2,"ifeval_min30",2,3,2,3,0.05,0,0,2.52797976508737,0,0,0,0,0,0,0
1184,3,10,2000,2000,21272531,2,"ifeval_min30",2,3,2,3,0.05,0,0,2.26018676138483,0,0,0,0,0,0,0
1185,3,10,2000,2000,21272531,2,"ifeval_min30",2,3,2,3,0.05,0,0,2.84176338813268,0,0,0,0,0,0,0
1186,3,10,2000,2000,21272531,2,"ifeval_min30",2,3,2,3,0.05,0,0,2.66595298540778,0,0,0,0,0,0,0
1187,3,10,2000,2000,21272531,2,"ifeval_min30",2,3,2,3,0.05,0,0,2.85314803966321,0,0,0,0,0,0,0
1188,3,10,2000,2000,21272531,2,"ifeval_min30",2,3,2,3,0.05,0,0,2.12575329118408,0,0,0,0,0,0,0
1189,3,10,2000,2000,21272531,2,"ifeval_min30",2,3,2,3,0.05,-2.89631244121119,0,2.38560712779872,0,0,0,0,0,0,-2.11880228319205
1190,3,10,2000,2000,21272531,2,"ifeval_min30",2,3,2,3,0.05,0,-2.05487364553846,2.18881587847136,0,0,2.45537979202345,0,-2.32979210163467,0,0
1191,3,10,2000,2000,21272531,2,"ifeval_min30",2,3,2,3,0.05,0,0,2.54399381554686,-2.29643485648558,0,-2.96564599242993,0,0,0,0
1192,3,10,2000,2000,21272531,2,"ifeval_min30",2,3,2,3,0.05,0,0,2.7560937369708,0,0,2.58236030023545,0,0,2.34991768491454,0
1193,3,10,2000,2000,21272531,2,"ifeval_min30",2,3,2,3,0.05,2.74027292872779,0,2.47348081110977,0,0,2.70871206675656,-2.23132812394761,0,0,0
1194,3,10,2000,2000,21272531,2,"ifeval_min30",2,3,2,3,0.05,0,0,2.43710339162499,0,0,0,0,-2.6920238272287,0,0
1195,3,10,2000,2000,21272531,2,"ifeval_min30",2,3,2,3,0.05,0,0,2.43662009923719,0,0,0,0,0,0,0
1196,3,10,2000,2000,21272531,2,"ifeval_min30",2,3,2,3,0.05,0,0,2.89824544056319,0,0,0,0,0,0,0
1197,3,10,2000,2000,21272531,2,"ifeval_min30",2,3,2,3,0.05,0,0,2.43760580499656,0,0,0,0,0,0,0
1198,3,10,2000,2000,21272531,2,"ifeval_min30",2,3,2,3,0.05,0,0,2.95793115836568,0,0,0,0,0,0,0
1199,3,10,2000,2000,21272531,2,"ifeval_min30",2,3,2,3,0.05,0,0,2.72228380595334,0,0,0,0,0,0,0
1200,3,10,2000,2000,21272531,2,"ifeval_min30",2,3,2,3,0.05,0,0,2.98394539160654,0,0,0,0,0,0,0
1201,3,10,2000,2000,21272531,2,"ifeval_min30",2,3,2,3,0.05,0,0,2.71500527556054,0,0,0,0,0,0,0
1202,3,10,2000,2000,21272531,2,"ifeval_min30",2,3,2,3,0.05,0,0,2.79130116244778,0,0,0,0,0,0,0
1203,3,10,2000,2000,21272531,2,"ifeval_min30",2,3,2,3,0.05,0,0,2.21942974627018,0,0,0,0,0,0,0
1204,3,10,2000,2000,21272531,2,"ifeval_min30",2,3,2,3,0.05,0,0,2.52226832229644,0,0,0,-2.1899818549864,0,0,0
1205,3,10,2000,2000,21272531,2,"ifeval_min30",2,3,2,3,0.05,0,0,2.39682583021931,0,-2.85576474084519,0,0,0,0,0
1206,3,10,2000,2000,21272531,2,"ifeval_min30",2,3,2,3,0.05,0,0,2.48629936203361,0,0,-2.0593944482971,0,0,0,0
1207,3,10,2000,2000,21272531,2,"ifeval_min30",2,3,2,3,0.05,0,0,2.66654547094367,0,0,0,0,0,2.22427883674391,0
1208,3,10,2000,2000,21272531,2,"ifeval_min30",2,3,2,3,0.05,0,0,2.51752773392946,0,0,0,0,0,0,0
1209,3,10,2000,2000,21272531,2,"ifeval_min30",2,3,2,3,0.05,0,0,2.59017701935954,0,0,0,0,0,0,0
1210,3,10,2000,2000,21272531,2,"ifeval_min30",2,3,2,3,0.05,0,0,2.8068259707652,0,0,0,0,0,0,0
1211,3,10,2000,2000,21272531,2,"ifeval_min30",2,3,2,3,0.05,0,0,2.01291171577759,0,0,0,0,0,0,0
1212,3,10,2000,2000,21272531,2,"ifeval_min30",2,3,2,3,0.05,0,0,2.50532138883136,0,0,0,0,0,0,0
1213,3,10,2000,2000,21272531,2,"ifeval_min30",2,3,2,3,0.05,0,0,2.69081243057735,0,0,2.93634275090881,0,0,0,0
1214,3,10,2000,2000,21272531,2,"ifeval_min30",2,3,2,3,0.05,0,0,2.27386971376836,0,0,-2.06380893290043,0,0,0,0
1215,3,10,2000,2000,21272531,2,"ifeval_min30",2,3,2,3,0.05,0,0,2.82103813625872,2.48051175265573,0,0,0,0,0,0
1216,3,10,2000,2000,21272531,2,"ifeval_min30",2,3,2,3,0.05,0,0,2.42060361150652,0,0,0,0,0,0,0
1217,3,10,2000,2000,21272531,2,"ifeval_min30",2,3,2,3,0.05,0,0,2.1649905089289,0,0,0,0,0,0,0
1218,3,10,2000,2000,21272531,2,"ifeval_min30",2,3,2,3,0.05,0,0,2.39328875439242,0,0,0,0,0,0,0
1219,3,10,2000,2000,21272531,2,"ifeval_min30",2,3,2,3,0.05,0,0,2.64810079173185,0,0,2.6886408010032,0,2.03079942357726,2.00433417363092,0
1220,3,10,2000,2000,21272531,2,"ifeval_min30",2,3,2,3,0.05,0,0,2.40076696965843,0,0,0,0,0,0,0
1221,3,10,2000,2000,21272531,2,"ifeval_min30",2,3,2,3,0.05,0,0,2.36423616297543,0,2.26955203269608,0,0,0,0,0
1222,3,10,2000,2000,21272531,2,"ifeval_min30",2,3,2,3,0.05,0,0,2.14360161521472,0,0,0,0,0,0,0
1223,3,10,2000,2000,21272531,2,"ifeval_min30",2,3,2,3,0.05,0,0,2.18747087591328,0,0,0,0,0,0,0
1224,3,10,2000,2000,21272531,2,"ifeval_min30",2,3,2,3,0.05,0,0,2.03029414173216,0,0,2.17936775018461,0,0,0,0
1225,3,10,2000,2000,21272531,2,"ifeval_min30",2,3,2,3,0.05,0,0,2.03062722156756,0,0,0,0,-2.64280840312131,2.71194424736314,0
1226,3,10,2000,2000,21272531,2,"ifeval_min30",2,3,2,3,0.05,0,0,2.55261813104153,0,0,0,0,0,-2.64697341900319,0
1227,3,10,2000,2000,21272531,2,"ifeval_min30",2,3,2,3,0.05,0,0,2.17894525150768,0,0,0,0,-2.42042271699756,0,0
1228,3,10,2000,2000,21272531,2,"ifeval_min30",2,3,2,3,0.05,0,0,2.60186167550273,0,0,0,0,0,0,0
1229,3,10,2000,2000,21272531,2,"ifeval_min30",2,3,2,3,0.05,0,0,2.26777670974843,0,2.31508614984341,-2.52398294419982,0,0,0,2.17950057354756
1230,3,10,2000,2000,21272531,2,"ifeval_min30",2,3,2,3,0.05,0,0,2.85947352624498,0,0,0,0,0,0,0
1231,3,10,2000,2000,21272531,2,"ifeval_min30",2,3,2,3,0.05,0,0,2.06351526500657,0,0,0,0,0,0,0
1232,3,10,2000,2000,21272531,2,"ifeval_min30",2,3,2,3,0.05,0,0,2.75669733108953,0,2.35321031883359,0,0,0,0,0
1233,3,10,2000,2000,21272531,2,"ifeval_min30",2,3,2,3,0.05,0,0,2.39791634073481,0,0,0,0,0,0,0
1234,3,10,2000,2000,21272531,2,"ifeval_min30",2,3,2,3,0.05,0,0,2.99637881014496,0,0,0,0,-2.17838047794066,0,0
1235,3,10,2000,2000,21272531,2,"ifeval_min30",2,3,2,3,0.05,0,0,2.1854996914044,0,0,2.23084980272688,0,0,0,2.91639779950492
1236,3,10,2000,2000,21272531,2,"ifeval_min30",2,3,2,3,0.05,0,0,2.24552677269094,0,0,0,0,0,0,0
1237,3,10,2000,2000,21272531,2,"ifeval_min30",2,3,2,3,0.05,2.6810777799692,0,2.6428447868675,0,0,0,0,-2.51800593431108,0,0
1238,3,10,2000,2000,21272531,2,"ifeval_min30",2,3,2,3,0.05,0,0,2.78745294292457,0,0,0,0,0,0,0
1239,3,10,2000,2000,21272531,2,"ifeval_min30",2,3,2,3,0.05,0,0,2.29491226025857,0,0,0,0,0,0,2.62155600660481
1240,3,10,2000,2000,21272531,2,"ifeval_min30",2,3,2,3,0.05,0,0,2.68371026986279,0,0,0,0,0,0,0
1241,3,10,2000,2000,21272531,2,"ifeval_min30",2,3,2,3,0.05,0,0,2.21268812613562,0,0,0,0,0,0,0
1242,3,10,2000,2000,21272531,2,"ifeval_min30",2,3,2,3,0.05,0,0,2.14960410841741,0,0,0,0,0,0,0
1243,3,10,2000,2000,21272531,2,"ifeval_min30",2,3,2,3,0.05,0,2.47797454474494,2.19079811987467,0,0,-2.4523344039917,0,0,0,0
1244,3,10,2000,2000,21272531,2,"ifeval_min30",2,3,2,3,0.05,0,0,2.86569823534228,0,-2.15016149519943,0,-2.24956749286503,0,0,0
1245,3,10,2000,2000,21272531,2,"ifeval_min30",2,3,2,3,0.05,0,0,2.21743842540309,0,0,0,0,0,0,0
1246,3,10,2000,2000,21272531,2,"ifeval_min30",2,3,2,3,0.05,0,0,2.96075947815552,0,0,0,0,0,0,0
1247,3,10,2000,2000,21272531,2,"ifeval_min30",2,3,2,3,0.05,0,0,2.47259310749359,0,0,0,0,0,-2.70776480296627,0
1248,3,10,2000,2000,21272531,2,"ifeval_min30",2,3,2,3,0.05,0,0,2.38899415824562,0,0,0,2.60824709711596,0,0,0
1249,3,10,2000,2000,21272531,2,"ifeval_min30",2,3,2,3,0.05,0,0,2.81187465274706,0,0,0,0,0,0,0
1250,3,10,2000,2000,21272531,2,"ifeval_min30",2,3,2,3,0.05,0,0,2.30280288006179,0,0,0,0,0,0,0
1251,3,10,2000,2000,21272531,2,"ifeval_min30",2,3,2,3,0.05,0,0,2.56381487147883,0,0,0,0,0,0,0
1252,3,10,2000,2000,21272531,2,"ifeval_min30",2,3,2,3,0.05,0,0,2.08855763846077,0,0,0,0,0,0,0
1253,3,10,2000,2000,21272531,2,"ifeval_min30",2,3,2,3,0.05,0,0,2.43359118956141,0,0,0,0,0,0,0
1254,3,10,2000,2000,21272531,2,"ifeval_min30",2,3,2,3,0.05,0,0,2.48565288586542,2.45862950384617,0,0,0,0,0,0
1255,3,10,2000,2000,21272531,2,"ifeval_min30",2,3,2,3,0.05,-2.22361911088228,2.24367936793715,2.95697894669138,-2.34625211986713,0,0,0,0,0,0
1256,3,10,2000,2000,21272531,2,"ifeval_min30",2,3,2,3,0.05,0,0,2.12187800207175,0,0,0,0,0,0,-2.0281998894643
1257,3,10,2000,2000,21272531,2,"ifeval_min30",2,3,2,3,0.05,0,0,2.07261489937082,0,0,0,0,0,2.32693894323893,0
1258,3,10,2000,2000,21272531,2,"ifeval_min30",2,3,2,3,0.05,0,0,2.18948086863384,0,0,0,0,0,0,0
1259,3,10,2000,2000,21272531,2,"ifeval_min30",2,3,2,3,0.05,0,0,2.60128861712292,0,0,0,0,0,0,0
1260,3,10,2000,2000,21272531,2,"ifeval_min30",2,3,2,3,0.05,0,0,2.97699613962322,0,0,0,2.8819864273537,0,0,0
1261,3,10,2000,2000,21272531,2,"ifeval_min30",2,3,2,3,0.05,0,0,2.69461031886749,0,-2.93586630583741,0,0,0,0,0
1262,3,10,2000,2000,21272531,2,"ifeval_min30",2,3,2,3,0.05,0,0,2.1007774930913,0,0,0,0,0,0,0
1263,3,10,2000,2000,21272531,2,"ifeval_min30",2,3,2,3,0.05,0,0,2.34493157477118,0,0,0,0,2.00079314084724,0,0
1264,3,10,2000,2000,21272531,2,"ifeval_min30",2,3,2,3,0.05,0,0,2.30533131607808,0,0,0,0,0,0,0
1265,3,10,2000,2000,21272531,2,"ifeval_min30",2,3,2,3,0.05,0,0,2.40778005705215,0,0,0,0,0,0,0
1266,3,10,2000,2000,21272531,2,"ifeval_min30",2,3,2,3,0.05,0,0,2.26058050594293,0,0,0,0,0,0,0
1267,3,10,2000,2000,21272531,2,"ifeval_min30",2,3,2,3,0.05,0,0,2.10026145749725,0,0,0,0,0,0,0
1268,3,10,2000,2000,21272531,2,"ifeval_min30",2,3,2,3,0.05,0,0,2.47794062201865,0,0,0,0,-2.66906657489017,0,0
1269,3,10,2000,2000,21272531,2,"ifeval_min30",2,3,2,3,0.05,0,0,2.91433707159013,0,0,0,0,0,2.56858945218846,0
1270,3,10,2000,2000,21272531,2,"ifeval_min30",2,3,2,3,0.05,0,0,2.9227348624263,0,0,0,2.43257701746188,0,0,0
1271,3,10,2000,2000,21272531,2,"ifeval_min30",2,3,2,3,0.05,0,0,2.12205379619263,0,0,0,0,0,0,0
1272,3,10,2000,2000,21272531,2,"ifeval_min30",2,3,2,3,0.05,0,0,2.5558555375319,0,0,0,0,0,0,0
1273,3,10,2000,2000,21272531,2,"ifeval_min30",2,3,2,3,0.05,0,0,2.78817006386817,0,0,0,0,2.71409665164538,0,0
1274,3,10,2000,2000,21272531,2,"ifeval_min30",2,3,2,3,0.05,0,0,2.44022852741182,0,0,0,0,0,0,0
1275,3,10,2000,2000,21272531,2,"ifeval_min30",2,3,2,3,0.05,0,0,2.40961861191317,0,0,0,0,0,0,0
1276,3,10,2000,2000,21272531,2,"ifeval_min30",2,3,2,3,0.05,0,0,2.75101301446557,0,0,0,0,0,0,0
1277,3,10,2000,2000,21272531,2,"ifeval_min30",2,3,2,3,0.05,0,0,2.35513765271753,0,0,0,0,0,0,0
1278,3,10,2000,2000,21272531,2,"ifeval_min30",2,3,2,3,0.05,0,0,2.96404661494307,0,0,0,0,0,0,0
1279,3,10,2000,2000,21272531,2,"ifeval_min30",2,3,2,3,0.05,0,-2.78875326528214,2.46558322058991,0,-2.52387968054973,0,0,0,0,0
1280,3,10,2000,2000,21272531,2,"ifeval_min30",2,3,2,3,0.05,0,0,2.89238061313517,0,0,0,0,0,0,0
1281,3,10,2000,2000,21272531,2,"ifeval_min30",2,3,2,3,0.05,0,0,2.8011102702003,0,0,0,0,0,0,0
1282,3,10,2000,2000,21272531,2,"ifeval_min30",2,3,2,3,0.05,0,0,2.76064299512655,0,0,0,0,0,0,-2.14978624787182
1283,3,10,2000,2000,21272531,2,"ifeval_min30",2,3,2,3,0.05,0,0,2.29789186408743,0,0,0,0,0,0,0
1284,3,10,2000,2000,21272531,2,"ifeval_min30",2,3,2,3,0.05,0,0,2.95709811616689,0,0,2.73035419778898,0,0,0,0
1285,3,10,2000,2000,21272531,2,"ifeval_min30",2,3,2,3,0.05,0,0,2.29665223648772,0,0,0,0,0,0,0
1286,3,10,2000,2000,21272531,2,"ifeval_min30",2,3,2,3,0.05,0,0,2.51206695172004,0,0,0,0,0,0,2.42949299653992
1287,3,10,2000,2000,21272531,2,"ifeval_min30",2,3,2,3,0.05,0,0,2.10112262959592,0,0,0,0,0,0,0
1288,3,10,2000,2000,21272531,2,"ifeval_min30",2,3,2,3,0.05,0,0,2.47727535432205,0,0,0,0,0,0,0
1289,3,10,2000,2000,21272531,2,"ifeval_min30",2,3,2,3,0.05,0,0,2.81115802470595,0,0,0,0,0,0,0
1290,4,10,2000,2000,21272531,2,"ifeval_min30",2,3,2,3,0.05,0,0,0,2.6107182817068,0,0,0,-2.10088329995051,2.33385564992204,0
1291,4,10,2000,2000,21272531,2,"ifeval_min30",2,3,2,3,0.05,0,0,0,2.642266219249,0,0,0,0,0,0
1292,4,10,2000,2000,21272531,2,"ifeval_min30",2,3,2,3,0.05,0,0,0,2.4789522360079,0,0,0,0,0,0
1293,4,10,2000,2000,21272531,2,"ifeval_min30",2,3,2,3,0.05,-2.2867769987788,0,0,2.20761508541182,0,0,0,2.50078911683522,0,0
1294,4,10,2000,2000,21272531,2,"ifeval_min30",2,3,2,3,0.05,0,2.10850527300499,0,2.40659452346154,0,0,-2.78309282613918,0,0,0
1295,4,10,2000,2000,21272531,2,"ifeval_min30",2,3,2,3,0.05,0,0,0,2.78377218684182,0,0,0,0,0,0
1296,4,10,2000,2000,21272531,2,"ifeval_min30",2,3,2,3,0.05,0,0,0,2.97266917070374,0,0,0,0,0,0
1297,4,10,2000,2000,21272531,2,"ifeval_min30",2,3,2,3,0.05,0,0,0,2.45789189590141,0,0,0,0,0,0
1298,4,10,2000,2000,21272531,2,"ifeval_min30",2,3,2,3,0.05,0,-2.96706554689445,0,2.9092246463988,0,0,0,0,0,0
1299,4,10,2000,2000,21272531,2,"ifeval_min30",2,3,2,3,0.05,0,0,0,2.94652904407121,0,0,0,0,0,0
1300,4,10,2000,2000,21272531,2,"ifeval_min30",2,3,2,3,0.05,0,0,0,2.48822352779098,0,0,0,0,0,0
1301,4,10,2000,2000,21272531,2,"ifeval_min30",2,3,2,3,0.05,2.71964572998695,0,0,2.32985598547384,0,0,0,0,0,0
1302,4,10,2000,2000,21272531,2,"ifeval_min30",2,3,2,3,0.05,0,0,0,2.0392846444156,0,0,0,0,0,0
1303,4,10,2000,2000,21272531,2,"ifeval_min30",2,3,2,3,0.05,0,0,0,2.5843508343678,0,0,0,0,0,0
1304,4,10,2000,2000,21272531,2,"ifeval_min30",2,3,2,3,0.05,0,0,0,2.82690097903833,0,0,0,0,0,0
1305,4,10,2000,2000,21272531,2,"ifeval_min30",2,3,2,3,0.05,0,0,0,2.68326493608765,0,0,0,0,0,0
1306,4,10,2000,2000,21272531,2,"ifeval_min30",2,3,2,3,0.05,0,0,0,2.45721869030967,0,0,0,0,0,0
1307,4,10,2000,2000,21272531,2,"ifeval_min30",2,3,2,3,0.05,0,0,0,2.10694080055691,0,0,-2.13100571325049,0,0,0
1308,4,10,2000,2000,21272531,2,"ifeval_min30",2,3,2,3,0.05,0,0,-2.1362782260403,2.4426734438166,0,0,0,0,0,0
1309,4,10,2000,2000,21272531,2,"ifeval_min30",2,3,2,3,0.05,0,0,0,2.70525935059413,0,0,0,0,0,0
1310,4,10,2000,2000,21272531,2,"ifeval_min30",2,3,2,3,0.05,0,0,0,2.31528150383383,0,0,0,0,2.33993749460205,0
1311,4,10,2000,2000,21272531,2,"ifeval_min30",2,3,2,3,0.05,2.48367204330862,0,0,2.61423026677221,0,0,0,0,0,0
1312,4,10,2000,2000,21272531,2,"ifeval_min30",2,3,2,3,0.05,0,0,0,2.38819902646355,0,0,0,0,0,0
1313,4,10,2000,2000,21272531,2,"ifeval_min30",2,3,2,3,0.05,0,0,0,2.88970122439787,0,0,0,0,0,0
1314,4,10,2000,2000,21272531,2,"ifeval_min30",2,3,2,3,0.05,0,0,2.64277164731175,2.75857216701843,0,2.95647561736405,0,0,0,-2.51720106159337
1315,4,10,2000,2000,21272531,2,"ifeval_min30",2,3,2,3,0.05,0,0,2.42889387742616,2.10376877570525,-2.74125040089712,0,0,0,0,0
1316,4,10,2000,2000,21272531,2,"ifeval_min30",2,3,2,3,0.05,0,0,0,2.32614427106455,0,0,0,0,0,0
1317,4,10,2000,2000,21272531,2,"ifeval_min30",2,3,2,3,0.05,0,2.84725553519093,0,2.87400431418791,0,0,0,0,0,0
1318,4,10,2000,2000,21272531,2,"ifeval_min30",2,3,2,3,0.05,0,0,0,2.37637135572731,0,0,0,0,0,0
1319,4,10,2000,2000,21272531,2,"ifeval_min30",2,3,2,3,0.05,0,0,0,2.06685428717174,0,0,0,0,0,0
1320,4,10,2000,2000,21272531,2,"ifeval_min30",2,3,2,3,0.05,0,0,0,2.18571028648876,0,0,0,2.40814989223145,2.51466274540871,0
1321,4,10,2000,2000,21272531,2,"ifeval_min30",2,3,2,3,0.05,-2.88650520145893,0,0,2.29199476959184,0,0,0,0,0,0
1322,4,10,2000,2000,21272531,2,"ifeval_min30",2,3,2,3,0.05,0,0,0,2.74792635790072,0,0,0,0,0,0
1323,4,10,2000,2000,21272531,2,"ifeval_min30",2,3,2,3,0.05,0,0,0,2.77637391211465,0,0,0,0,0,0
1324,4,10,2000,2000,21272531,2,"ifeval_min30",2,3,2,3,0.05,0,2.02448551123962,0,2.50058059836738,0,0,0,0,0,0
1325,4,10,2000,2000,21272531,2,"ifeval_min30",2,3,2,3,0.05,0,0,0,2.42384517099708,0,0,-2.53068250068463,0,0,0
1326,4,10,2000,2000,21272531,2,"ifeval_min30",2,3,2,3,0.05,0,0,0,2.67371465358883,0,0,0,0,0,0
1327,4,10,2000,2000,21272531,2,"ifeval_min30",2,3,2,3,0.05,0,0,0,2.4377049440518,2.62196196010336,0,0,0,0,0
1328,4,10,2000,2000,21272531,2,"ifeval_min30",2,3,2,3,0.05,0,-2.65571583458222,0,2.55361437168904,0,0,0,0,0,0
1329,4,10,2000,2000,21272531,2,"ifeval_min30",2,3,2,3,0.05,0,0,0,2.97499075508676,0,0,0,0,0,0
1330,4,10,2000,2000,21272531,2,"ifeval_min30",2,3,2,3,0.05,0,0,0,2.37397924461402,0,0,0,0,0,0
1331,4,10,2000,2000,21272531,2,"ifeval_min30",2,3,2,3,0.05,0,0,0,2.46264188131317,0,0,0,0,0,0
1332,4,10,2000,2000,21272531,2,"ifeval_min30",2,3,2,3,0.05,0,0,0,2.03794100577943,0,0,0,0,0,0
1333,4,10,2000,2000,21272531,2,"ifeval_min30",2,3,2,3,0.05,0,0,0,2.86937564937398,0,0,0,0,0,0
1334,4,10,2000,2000,21272531,2,"ifeval_min30",2,3,2,3,0.05,0,0,0,2.14248613617383,2.1031963955611,0,0,0,0,0
1335,4,10,2000,2000,21272531,2,"ifeval_min30",2,3,2,3,0.05,0,0,0,2.62418843666092,0,0,0,0,0,0
1336,4,10,2000,2000,21272531,2,"ifeval_min30",2,3,2,3,0.05,-2.97596864379011,0,0,2.28891835524701,0,0,0,0,0,0
1337,4,10,2000,2000,21272531,2,"ifeval_min30",2,3,2,3,0.05,0,0,0,2.41083118808456,0,0,0,0,0,0
1338,4,10,2000,2000,21272531,2,"ifeval_min30",2,3,2,3,0.05,0,0,0,2.45750896702521,0,0,0,0,0,0
1339,4,10,2000,2000,21272531,2,"ifeval_min30",2,3,2,3,0.05,0,0,0,2.32203410658985,0,0,0,-2.42752175196074,0,0
1340,4,10,2000,2000,21272531,2,"ifeval_min30",2,3,2,3,0.05,0,0,0,2.56886364705861,0,0,0,0,0,0
1341,4,10,2000,2000,21272531,2,"ifeval_min30",2,3,2,3,0.05,2.8198717595078,0,0,2.64425835269503,0,0,0,0,0,0
1342,4,10,2000,2000,21272531,2,"ifeval_min30",2,3,2,3,0.05,0,0,0,2.71244858484715,0,0,0,0,0,0
1343,4,10,2000,2000,21272531,2,"ifeval_min30",2,3,2,3,0.05,0,0,0,2.56615732610226,0,0,0,0,0,0
1344,4,10,2000,2000,21272531,2,"ifeval_min30",2,3,2,3,0.05,0,0,0,2.6240783452522,0,0,0,0,0,0
1345,4,10,2000,2000,21272531,2,"ifeval_min30",2,3,2,3,0.05,0,0,0,2.04790242016315,0,0,0,0,0,0
1346,4,10,2000,2000,21272531,2,"ifeval_min30",2,3,2,3,0.05,0,0,0,2.68412689003162,0,0,0,0,0,0
1347,4,10,2000,2000,21272531,2,"ifeval_min30",2,3,2,3,0.05,0,0,0,2.94700020598248,-2.59249019576237,0,0,0,0,0
1348,4,10,2000,2000,21272531,2,"ifeval_min30",2,3,2,3,0.05,0,0,-2.35595515393652,2.90061863791198,0,0,0,0,0,0
1349,4,10,2000,2000,21272531,2,"ifeval_min30",2,3,2,3,0.05,0,0,0,2.56100545893423,0,0,0,0,0,0
1350,4,10,2000,2000,21272531,2,"ifeval_min30",2,3,2,3,0.05,0,0,0,2.86450819508173,0,0,0,0,0,0
1351,4,10,2000,2000,21272531,2,"ifeval_min30",2,3,2,3,0.05,0,0,0,2.57938562124036,0,0,0,0,0,0
1352,4,10,2000,2000,21272531,2,"ifeval_min30",2,3,2,3,0.05,0,0,2.05684536951594,2.62772778631188,0,0,0,0,0,0
1353,4,10,2000,2000,21272531,2,"ifeval_min30",2,3,2,3,0.05,0,0,0,2.1932802235242,0,0,0,0,0,0
1354,4,10,2000,2000,21272531,2,"ifeval_min30",2,3,2,3,0.05,0,0,0,2.57022159406915,0,0,0,0,0,0
1355,4,10,2000,2000,21272531,2,"ifeval_min30",2,3,2,3,0.05,0,0,0,2.82689894689247,2.62915494502522,0,2.360076157609,0,0,0
1356,4,10,2000,2000,21272531,2,"ifeval_min30",2,3,2,3,0.05,0,0,0,2.27930098958313,0,-2.67263604514301,0,0,-2.2927424153313,0
1357,4,10,2000,2000,21272531,2,"ifeval_min30",2,3,2,3,0.05,0,0,0,2.33818320930004,-2.76717237150297,0,0,0,0,0
1358,4,10,2000,2000,21272531,2,"ifeval_min30",2,3,2,3,0.05,0,0,0,2.90513271349482,0,0,0,0,0,0
1359,4,10,2000,2000,21272531,2,"ifeval_min30",2,3,2,3,0.05,0,0,0,2.21556410519406,0,0,0,0,0,0
1360,4,10,2000,2000,21272531,2,"ifeval_min30",2,3,2,3,0.05,0,0,0,2.84533800813369,0,0,0,0,0,0
1361,4,10,2000,2000,21272531,2,"ifeval_min30",2,3,2,3,0.05,0,2.73863884713501,0,2.07199494121596,2.07276024064049,0,0,0,0,0
1362,4,10,2000,2000,21272531,2,"ifeval_min30",2,3,2,3,0.05,0,0,0,2.77706420631148,0,0,0,0,0,0
1363,4,10,2000,2000,21272531,2,"ifeval_min30",2,3,2,3,0.05,0,0,0,2.19387813936919,0,0,0,0,0,0
1364,4,10,2000,2000,21272531,2,"ifeval_min30",2,3,2,3,0.05,0,0,0,2.02157619735226,0,0,0,0,0,0
1365,4,10,2000,2000,21272531,2,"ifeval_min30",2,3,2,3,0.05,0,0,0,2.58454560604878,0,0,0,0,0,0
1366,4,10,2000,2000,21272531,2,"ifeval_min30",2,3,2,3,0.05,0,0,0,2.50958870211616,0,0,0,0,2.39764711400494,0
1367,4,10,2000,2000,21272531,2,"ifeval_min30",2,3,2,3,0.05,0,0,0,2.35907090036198,0,0,0,0,0,0
1368,4,10,2000,2000,21272531,2,"ifeval_min30",2,3,2,3,0.05,0,0,0,2.41927238134667,0,0,0,0,0,0
1369,4,10,2000,2000,21272531,2,"ifeval_min30",2,3,2,3,0.05,0,0,0,2.64851374551654,0,0,0,0,0,0
1370,4,10,2000,2000,21272531,2,"ifeval_min30",2,3,2,3,0.05,0,0,0,2.24347759434022,0,0,0,0,0,0
1371,4,10,2000,2000,21272531,2,"ifeval_min30",2,3,2,3,0.05,0,0,0,2.71541619976051,0,0,0,0,0,0
1372,4,10,2000,2000,21272531,2,"ifeval_min30",2,3,2,3,0.05,0,0,0,2.10240056389011,0,0,0,0,0,0
1373,4,10,2000,2000,21272531,2,"ifeval_min30",2,3,2,3,0.05,0,0,0,2.23864136636257,0,0,0,0,0,0
1374,4,10,2000,2000,21272531,2,"ifeval_min30",2,3,2,3,0.05,0,0,0,2.1016546364408,0,0,0,0,0,0
1375,4,10,2000,2000,21272531,2,"ifeval_min30",2,3,2,3,0.05,0,0,0,2.5573944048956,0,0,0,0,0,0
1376,4,10,2000,2000,21272531,2,"ifeval_min30",2,3,2,3,0.05,0,0,0,2.89700636314228,0,0,0,0,0,0
1377,4,10,2000,2000,21272531,2,"ifeval_min30",2,3,2,3,0.05,0,0,0,2.28699830314144,0,0,0,0,0,0
1378,4,10,2000,2000,21272531,2,"ifeval_min30",2,3,2,3,0.05,0,0,0,2.89607499516569,0,0,0,0,0,0
1379,4,10,2000,2000,21272531,2,"ifeval_min30",2,3,2,3,0.05,0,0,0,2.61646617553197,0,0,0,0,0,0
1380,4,10,2000,2000,21272531,2,"ifeval_min30",2,3,2,3,0.05,0,0,0,2.00993703468703,0,0,0,0,0,0
1381,4,10,2000,2000,21272531,2,"ifeval_min30",2,3,2,3,0.05,0,0,0,2.45788140199147,0,0,0,0,0,0
1382,4,10,2000,2000,21272531,2,"ifeval_min30",2,3,2,3,0.05,0,0,0,2.22819084930234,0,0,0,0,0,0
1383,4,10,2000,2000,21272531,2,"ifeval_min30",2,3,2,3,0.05,0,0,0,2.14786290191114,0,0,0,0,0,0
1384,4,10,2000,2000,21272531,2,"ifeval_min30",2,3,2,3,0.05,0,0,0,2.04997679591179,0,0,0,0,0,0
1385,4,10,2000,2000,21272531,2,"ifeval_min30",2,3,2,3,0.05,0,0,0,2.87670454545878,0,0,0,0,0,0
1386,4,10,2000,2000,21272531,2,"ifeval_min30",2,3,2,3,0.05,0,0,0,2.07606621296145,0,0,0,0,0,0
1387,4,10,2000,2000,21272531,2,"ifeval_min30",2,3,2,3,0.05,0,0,0,2.96554568200372,0,0,0,0,0,0
1388,4,10,2000,2000,21272531,2,"ifeval_min30",2,3,2,3,0.05,0,0,0,2.14868923998438,0,0,0,0,0,0
1389,4,10,2000,2000,21272531,2,"ifeval_min30",2,3,2,3,0.05,0,0,0,2.48579818243161,0,0,0,0,0,0
1390,4,10,2000,2000,21272531,2,"ifeval_min30",2,3,2,3,0.05,0,0,0,2.44328796537593,0,0,0,0,0,-2.12132527818903
1391,4,10,2000,2000,21272531,2,"ifeval_min30",2,3,2,3,0.05,0,0,0,2.61878472869284,0,0,0,0,0,0
1392,4,10,2000,2000,21272531,2,"ifeval_min30",2,3,2,3,0.05,2.98247321881354,0,0,2.16696967626922,0,0,0,0,0,0
1393,4,10,2000,2000,21272531,2,"ifeval_min30",2,3,2,3,0.05,0,0,0,2.46548501914367,0,0,0,0,0,0
1394,4,10,2000,2000,21272531,2,"ifeval_min30",2,3,2,3,0.05,0,0,0,2.79135637683794,0,-2.87555791670457,2.18664847943,0,0,0
1395,4,10,2000,2000,21272531,2,"ifeval_min30",2,3,2,3,0.05,0,0,0,2.02834307239391,2.53294662176631,0,0,0,0,0
1396,4,10,2000,2000,21272531,2,"ifeval_min30",2,3,2,3,0.05,0,2.80707048950717,0,2.08213157881983,0,0,0,0,0,0
1397,4,10,2000,2000,21272531,2,"ifeval_min30",2,3,2,3,0.05,0,0,0,2.15043960162438,2.96596303978004,0,0,2.20262599852867,0,0
1398,4,10,2000,2000,21272531,2,"ifeval_min30",2,3,2,3,0.05,0,0,0,2.37220007553697,0,0,0,0,0,0
1399,4,10,2000,2000,21272531,2,"ifeval_min30",2,3,2,3,0.05,0,0,0,2.03788559301756,0,0,0,0,0,0
1400,4,10,2000,2000,21272531,2,"ifeval_min30",2,3,2,3,0.05,0,0,0,2.09799755737185,0,0,0,0,0,0
1401,4,10,2000,2000,21272531,2,"ifeval_min30",2,3,2,3,0.05,0,0,0,2.37137086084113,0,0,0,0,0,0
1402,4,10,2000,2000,21272531,2,"ifeval_min30",2,3,2,3,0.05,0,0,0,2.58814993826672,0,0,0,0,0,0
1403,4,10,2000,2000,21272531,2,"ifeval_min30",2,3,2,3,0.05,0,0,0,2.76137782051228,0,0,0,0,0,0
1404,4,10,2000,2000,21272531,2,"ifeval_min30",2,3,2,3,0.05,0,0,0,2.40507599967532,0,0,0,0,0,0
1405,4,10,2000,2000,21272531,2,"ifeval_min30",2,3,2,3,0.05,0,0,0,2.85972245922312,0,0,0,0,0,0
1406,4,10,2000,2000,21272531,2,"ifeval_min30",2,3,2,3,0.05,0,0,0,2.98869629530236,0,0,0,0,0,0
1407,4,10,2000,2000,21272531,2,"ifeval_min30",2,3,2,3,0.05,0,0,0,2.03780627972446,0,0,0,2.24549100152217,0,0
1408,4,10,2000,2000,21272531,2,"ifeval_min30",2,3,2,3,0.05,0,0,0,2.83994145714678,0,0,-2.17350224149413,0,0,0
1409,4,10,2000,2000,21272531,2,"ifeval_min30",2,3,2,3,0.05,0,0,0,2.11682793358341,0,0,0,0,0,0
1410,4,10,2000,2000,21272531,2,"ifeval_min30",2,3,2,3,0.05,0,0,0,2.22298755403608,0,0,0,0,0,0
1411,4,10,2000,2000,21272531,2,"ifeval_min30",2,3,2,3,0.05,0,0,0,2.33025976759382,0,0,0,0,2.58272750000469,0
1412,4,10,2000,2000,21272531,2,"ifeval_min30",2,3,2,3,0.05,-2.30754096712917,0,0,2.49406968709081,0,0,0,2.70326357125305,2.50614203722216,0
1413,4,10,2000,2000,21272531,2,"ifeval_min30",2,3,2,3,0.05,0,0,0,2.23094696947373,0,0,0,0,0,0
1414,4,10,2000,2000,21272531,2,"ifeval_min30",2,3,2,3,0.05,0,0,0,2.66571134468541,0,0,0,0,0,0
1415,4,10,2000,2000,21272531,2,"ifeval_min30",2,3,2,3,0.05,0,0,0,2.9906756260898,0,0,0,0,0,0
1416,4,10,2000,2000,21272531,2,"ifeval_min30",2,3,2,3,0.05,0,0,0,2.44667297997512,0,0,-2.41860603471287,0,0,0
1417,4,10,2000,2000,21272531,2,"ifeval_min30",2,3,2,3,0.05,0,0,0,2.21415957761928,0,0,0,0,0,0
1418,4,10,2000,2000,21272531,2,"ifeval_min30",2,3,2,3,0.05,0,0,0,2.68291534925811,0,0,0,0,0,0
1419,4,10,2000,2000,21272531,2,"ifeval_min30",2,3,2,3,0.05,0,0,0,2.28025807277299,0,0,0,0,0,0
1420,4,10,2000,2000,21272531,2,"ifeval_min30",2,3,2,3,0.05,0,0,-2.95319785620086,2.57574168336578,0,0,0,0,0,0
1421,4,10,2000,2000,21272531,2,"ifeval_min30",2,3,2,3,0.05,0,0,0,2.09766870550811,0,0,0,0,0,0
1422,4,10,2000,2000,21272531,2,"ifeval_min30",2,3,2,3,0.05,0,0,0,2.95707397675142,0,-2.98742662067525,0,0,0,0
1423,4,10,2000,2000,21272531,2,"ifeval_min30",2,3,2,3,0.05,-2.72687097941525,0,0,2.27004876942374,0,0,0,0,0,0
1424,4,10,2000,2000,21272531,2,"ifeval_min30",2,3,2,3,0.05,0,0,0,2.4075921473559,0,0,0,0,0,0
1425,4,10,2000,2000,21272531,2,"ifeval_min30",2,3,2,3,0.05,0,0,0,2.65440973406658,0,0,0,0,0,0
1426,4,10,2000,2000,21272531,2,"ifeval_min30",2,3,2,3,0.05,0,0,0,2.82995003950782,0,0,0,0,0,0
1427,4,10,2000,2000,21272531,2,"ifeval_min30",2,3,2,3,0.05,0,0,0,2.11015556729399,0,0,0,0,0,0
1428,4,10,2000,2000,21272531,2,"ifeval_min30",2,3,2,3,0.05,0,0,2.71350782108493,2.53511099005118,0,0,0,0,0,0
1429,4,10,2000,2000,21272531,2,"ifeval_min30",2,3,2,3,0.05,0,0,0,2.40603810083121,0,0,0,0,0,0
1430,4,10,2000,2000,21272531,2,"ifeval_min30",2,3,2,3,0.05,0,2.0849038369488,0,2.53979100985453,0,0,0,0,-2.79985132743604,0
1431,4,10,2000,2000,21272531,2,"ifeval_min30",2,3,2,3,0.05,0,0,0,2.15210864623077,0,0,0,0,0,0
1432,4,10,2000,2000,21272531,2,"ifeval_min30",2,3,2,3,0.05,0,0,0,2.7139132458251,0,0,0,0,0,0
1433,4,10,2000,2000,21272531,2,"ifeval_min30",2,3,2,3,0.05,0,0,0,2.5742471551057,0,0,0,0,0,0
1434,4,10,2000,2000,21272531,2,"ifeval_min30",2,3,2,3,0.05,0,2.06906349142082,0,2.858772611944,0,0,0,0,0,0
1435,4,10,2000,2000,21272531,2,"ifeval_min30",2,3,2,3,0.05,0,0,0,2.80816529854201,2.10070425900631,0,0,0,0,0
1436,4,10,2000,2000,21272531,2,"ifeval_min30",2,3,2,3,0.05,-2.2600791293662,0,0,2.89259813749231,0,0,0,0,0,0
1437,4,10,2000,2000,21272531,2,"ifeval_min30",2,3,2,3,0.05,-2.61365498043597,0,0,2.89463260117918,0,0,0,0,0,0
1438,4,10,2000,2000,21272531,2,"ifeval_min30",2,3,2,3,0.05,0,0,0,2.01138226524927,0,0,0,0,0,0
1439,4,10,2000,2000,21272531,2,"ifeval_min30",2,3,2,3,0.05,0,0,0,2.33313151285984,0,0,0,0,0,0
1440,4,10,2000,2000,21272531,2,"ifeval_min30",2,3,2,3,0.05,0,0,0,2.61490025743842,0,0,0,0,0,0
1441,4,10,2000,2000,21272531,2,"ifeval_min30",2,3,2,3,0.05,0,0,0,2.80680414149538,0,0,0,0,0,2.08384568314068
1442,4,10,2000,2000,21272531,2,"ifeval_min30",2,3,2,3,0.05,0,0,0,2.32591227418743,0,0,0,0,0,0
1443,4,10,2000,2000,21272531,2,"ifeval_min30",2,3,2,3,0.05,0,0,0,2.99511233763769,0,2.91947954101488,0,0,0,0
1444,4,10,2000,2000,21272531,2,"ifeval_min30",2,3,2,3,0.05,0,0,0,2.87124540260993,0,0,-2.39467260730453,0,0,0
1445,4,10,2000,2000,21272531,2,"ifeval_min30",2,3,2,3,0.05,0,0,0,2.31455537676811,0,0,0,0,0,0
1446,4,10,2000,2000,21272531,2,"ifeval_min30",2,3,2,3,0.05,0,0,0,2.06090092309751,0,0,0,0,0,0
1447,5,10,2000,2000,21272531,2,"ifeval_min30",2,3,2,3,0.05,0,0,0,0,2.11034952825867,0,0,2.20733273169026,0,0
1448,5,10,2000,2000,21272531,2,"ifeval_min30",2,3,2,3,0.05,0,0,0,0,2.378591587767,0,0,0,0,0
1449,5,10,2000,2000,21272531,2,"ifeval_min30",2,3,2,3,0.05,0,0,0,0,2.36069183959626,0,0,2.22091506631114,0,0
1450,5,10,2000,2000,21272531,2,"ifeval_min30",2,3,2,3,0.05,0,0,0,0,2.39055387605913,0,2.02169421757571,0,0,0
1451,5,10,2000,2000,21272531,2,"ifeval_min30",2,3,2,3,0.05,0,0,0,0,2.05538542103022,0,0,0,0,0
1452,5,10,2000,2000,21272531,2,"ifeval_min30",2,3,2,3,0.05,-2.15284302737564,0,0,-2.10265969415195,2.49935000692494,0,0,0,0,0
1453,5,10,2000,2000,21272531,2,"ifeval_min30",2,3,2,3,0.05,0,0,0,0,2.05174929066561,0,0,0,0,0
1454,5,10,2000,2000,21272531,2,"ifeval_min30",2,3,2,3,0.05,0,0,0,0,2.98268915060908,0,0,0,0,0
1455,5,10,2000,2000,21272531,2,"ifeval_min30",2,3,2,3,0.05,0,0,0,0,2.13409934472293,0,0,-2.62651920341887,0,-2.63602822949179
1456,5,10,2000,2000,21272531,2,"ifeval_min30",2,3,2,3,0.05,0,0,0,0,2.23473511869088,0,0,0,0,0
1457,5,10,2000,2000,21272531,2,"ifeval_min30",2,3,2,3,0.05,0,0,0,0,2.65654973615892,0,0,0,0,0
1458,5,10,2000,2000,21272531,2,"ifeval_min30",2,3,2,3,0.05,0,0,0,0,2.50907161203213,0,0,0,0,0
1459,5,10,2000,2000,21272531,2,"ifeval_min30",2,3,2,3,0.05,0,0,0,0,2.42521502822638,-2.40287909703329,0,0,0,0
1460,5,10,2000,2000,21272531,2,"ifeval_min30",2,3,2,3,0.05,0,0,0,0,2.09347396087833,0,0,0,0,0
1461,5,10,2000,2000,21272531,2,"ifeval_min30",2,3,2,3,0.05,0,-2.5827180845663,0,0,2.27713819639757,0,0,0,0,0
1462,5,10,2000,2000,21272531,2,"ifeval_min30",2,3,2,3,0.05,0,0,0,0,2.75121054030024,0,0,0,0,0
1463,5,10,2000,2000,21272531,2,"ifeval_min30",2,3,2,3,0.05,0,0,0,0,2.23071051668376,0,0,0,-2.27884658239782,0
1464,5,10,2000,2000,21272531,2,"ifeval_min30",2,3,2,3,0.05,0,2.58490464813076,2.25448438618332,0,2.24307400244288,0,0,0,0,0
1465,5,10,2000,2000,21272531,2,"ifeval_min30",2,3,2,3,0.05,0,0,0,0,2.8535639969632,0,0,0,0,0
1466,5,10,2000,2000,21272531,2,"ifeval_min30",2,3,2,3,0.05,2.11785601498559,0,0,0,2.87805136246607,0,0,0,0,0
1467,5,10,2000,2000,21272531,2,"ifeval_min30",2,3,2,3,0.05,0,0,0,0,2.77360797836445,0,0,0,0,0
1468,5,10,2000,2000,21272531,2,"ifeval_min30",2,3,2,3,0.05,0,0,0,0,2.12141490797512,0,0,0,0,0
1469,5,10,2000,2000,21272531,2,"ifeval_min30",2,3,2,3,0.05,0,0,0,0,2.45071050082333,0,0,0,0,0
1470,5,10,2000,2000,21272531,2,"ifeval_min30",2,3,2,3,0.05,0,0,0,0,2.73131810128689,0,0,0,0,0
1471,5,10,2000,2000,21272531,2,"ifeval_min30",2,3,2,3,0.05,0,0,0,0,2.26706556719728,0,0,0,0,0
1472,5,10,2000,2000,21272531,2,"ifeval_min30",2,3,2,3,0.05,0,0,0,0,2.3128754326608,0,0,0,0,0
1473,5,10,2000,2000,21272531,2,"ifeval_min30",2,3,2,3,0.05,0,0,0,0,2.5337174013257,0,0,0,0,0
1474,5,10,2000,2000,21272531,2,"ifeval_min30",2,3,2,3,0.05,0,0,0,0,2.38866988499649,0,0,0,0,0
1475,5,10,2000,2000,21272531,2,"ifeval_min30",2,3,2,3,0.05,0,0,0,0,2.44748398265801,0,0,0,0,0
1476,5,10,2000,2000,21272531,2,"ifeval_min30",2,3,2,3,0.05,0,0,0,0,2.14520908077247,0,0,2.96745810541324,0,0
1477,5,10,2000,2000,21272531,2,"ifeval_min30",2,3,2,3,0.05,0,0,0,0,2.58008834719658,0,0,0,0,0
1478,5,10,2000,2000,21272531,2,"ifeval_min30",2,3,2,3,0.05,0,0,0,0,2.22062614629976,0,0,0,0,0
1479,5,10,2000,2000,21272531,2,"ifeval_min30",2,3,2,3,0.05,0,0,0,0,2.77092305012047,0,0,0,0,0
1480,5,10,2000,2000,21272531,2,"ifeval_min30",2,3,2,3,0.05,0,0,0,2.2212525466457,2.81137852161191,0,0,0,0,0
1481,5,10,2000,2000,21272531,2,"ifeval_min30",2,3,2,3,0.05,0,0,0,0,2.82734971656464,0,2.36350147635676,0,0,2.92715235287324
1482,5,10,2000,2000,21272531,2,"ifeval_min30",2,3,2,3,0.05,0,0,0,0,2.76022047339939,0,0,0,0,0
1483,5,10,2000,2000,21272531,2,"ifeval_min30",2,3,2,3,0.05,0,0,0,0,2.98312218883075,0,0,0,0,0
1484,5,10,2000,2000,21272531,2,"ifeval_min30",2,3,2,3,0.05,0,0,0,0,2.34229531837627,0,0,0,0,0
1485,5,10,2000,2000,21272531,2,"ifeval_min30",2,3,2,3,0.05,0,0,0,0,2.12349838460796,0,0,0,0,0
1486,5,10,2000,2000,21272531,2,"ifeval_min30",2,3,2,3,0.05,0,0,0,2.62121582985856,2.77693577925675,0,0,0,0,0
1487,5,10,2000,2000,21272531,2,"ifeval_min30",2,3,2,3,0.05,0,0,0,0,2.12578113330528,0,0,0,0,0
1488,5,10,2000,2000,21272531,2,"ifeval_min30",2,3,2,3,0.05,0,0,0,2.54475809400901,2.28297213139012,0,0,0,0,0
1489,5,10,2000,2000,21272531,2,"ifeval_min30",2,3,2,3,0.05,0,0,0,0,2.87541619455442,0,0,2.94164551934227,0,0
1490,5,10,2000,2000,21272531,2,"ifeval_min30",2,3,2,3,0.05,0,0,0,0,2.46032074606046,0,0,0,0,0
1491,5,10,2000,2000,21272531,2,"ifeval_min30",2,3,2,3,0.05,0,0,0,0,2.80001584812999,0,0,0,0,0
1492,5,10,2000,2000,21272531,2,"ifeval_min30",2,3,2,3,0.05,0,0,0,0,2.18064805911854,0,2.794630556833,0,0,0
1493,5,10,2000,2000,21272531,2,"ifeval_min30",2,3,2,3,0.05,0,0,0,0,2.34668839746155,0,0,0,0,0
1494,5,10,2000,2000,21272531,2,"ifeval_min30",2,3,2,3,0.05,-2.07370455190539,0,0,0,2.37522813072428,0,0,0,0,2.44877570588142
1495,5,10,2000,2000,21272531,2,"ifeval_min30",2,3,2,3,0.05,0,0,0,0,2.95556463836692,0,0,0,0,0
1496,5,10,2000,2000,21272531,2,"ifeval_min30",2,3,2,3,0.05,0,2.01156513998285,0,0,2.18056022678502,0,0,0,0,0
1497,5,10,2000,2000,21272531,2,"ifeval_min30",2,3,2,3,0.05,0,0,0,0,2.4290188185405,0,0,0,0,0
1498,5,10,2000,2000,21272531,2,"ifeval_min30",2,3,2,3,0.05,0,0,0,0,2.94913402013481,0,0,0,0,0
1499,5,10,2000,2000,21272531,2,"ifeval_min30",2,3,2,3,0.05,0,0,0,0,2.46074434672482,0,0,2.00705033983104,0,0
1500,5,10,2000,2000,21272531,2,"ifeval_min30",2,3,2,3,0.05,0,0,0,0,2.33334647421725,0,0,0,0,0
1501,5,10,2000,2000,21272531,2,"ifeval_min30",2,3,2,3,0.05,0,2.12212561327033,0,0,2.84388522151858,0,0,0,0,0
1502,5,10,2000,2000,21272531,2,"ifeval_min30",2,3,2,3,0.05,0,0,0,0,2.21830542967655,0,0,0,0,0
1503,5,10,2000,2000,21272531,2,"ifeval_min30",2,3,2,3,0.05,2.89268098399043,0,0,0,2.6636146788951,-2.71540525113232,0,0,2.30100626847707,0
1504,5,10,2000,2000,21272531,2,"ifeval_min30",2,3,2,3,0.05,0,0,0,0,2.11279679229483,0,0,-2.35027565248311,0,0
1505,5,10,2000,2000,21272531,2,"ifeval_min30",2,3,2,3,0.05,0,0,0,0,2.84050477272831,0,0,0,0,0
1506,5,10,2000,2000,21272531,2,"ifeval_min30",2,3,2,3,0.05,0,0,0,0,2.97252989700064,0,0,0,0,0
1507,5,10,2000,2000,21272531,2,"ifeval_min30",2,3,2,3,0.05,0,0,0,0,2.3326221704483,0,0,0,0,0
1508,5,10,2000,2000,21272531,2,"ifeval_min30",2,3,2,3,0.05,0,0,0,0,2.22144516371191,0,0,0,0,0
1509,5,10,2000,2000,21272531,2,"ifeval_min30",2,3,2,3,0.05,0,0,0,0,2.78997810743749,0,0,0,0,0
1510,5,10,2000,2000,21272531,2,"ifeval_min30",2,3,2,3,0.05,0,0,0,0,2.54618928139098,0,0,0,0,0
1511,5,10,2000,2000,21272531,2,"ifeval_min30",2,3,2,3,0.05,0,-2.67816322459839,0,0,2.4147546463646,-2.64238629722968,0,0,-2.84867108729668,0
1512,5,10,2000,2000,21272531,2,"ifeval_min30",2,3,2,3,0.05,0,0,0,0,2.78602144215256,0,0,2.86862963763997,0,0
1513,5,10,2000,2000,21272531,2,"ifeval_min30",2,3,2,3,0.05,-2.02940161922015,0,0,0,2.50439145159908,0,0,2.26470192335546,0,0
1514,5,10,2000,2000,21272531,2,"ifeval_min30",2,3,2,3,0.05,0,0,0,0,2.64824192039669,0,0,0,0,0
1515,5,10,2000,2000,21272531,2,"ifeval_min30",2,3,2,3,0.05,0,0,0,-2.55139986262657,2.52960429294035,0,0,0,0,0
1516,5,10,2000,2000,21272531,2,"ifeval_min30",2,3,2,3,0.05,0,0,0,0,2.38987463130616,0,0,0,0,0
1517,5,10,2000,2000,21272531,2,"ifeval_min30",2,3,2,3,0.05,0,2.8389785727486,0,0,2.31561861163937,0,0,0,0,0
1518,5,10,2000,2000,21272531,2,"ifeval_min30",2,3,2,3,0.05,0,-2.11358776083216,0,0,2.23955531604588,0,-2.8898854253348,0,0,0
1519,5,10,2000,2000,21272531,2,"ifeval_min30",2,3,2,3,0.05,0,0,0,0,2.9023268497549,0,0,0,0,0
1520,5,10,2000,2000,21272531,2,"ifeval_min30",2,3,2,3,0.05,0,0,0,0,2.21895494940691,0,0,0,0,0
1521,5,10,2000,2000,21272531,2,"ifeval_min30",2,3,2,3,0.05,0,0,0,0,2.50543658924289,0,0,0,0,0
1522,5,10,2000,2000,21272531,2,"ifeval_min30",2,3,2,3,0.05,0,0,2.57430861680768,0,2.65221459930763,0,-2.68062743335031,0,0,0
1523,5,10,2000,2000,21272531,2,"ifeval_min30",2,3,2,3,0.05,0,0,0,-2.87162826443091,2.93352435901761,0,0,0,0,0
1524,5,10,2000,2000,21272531,2,"ifeval_min30",2,3,2,3,0.05,0,0,0,0,2.57779967505485,0,0,0,0,0
1525,5,10,2000,2000,21272531,2,"ifeval_min30",2,3,2,3,0.05,0,0,0,0,2.78523980989121,0,0,0,2.09850562480278,0
1526,5,10,2000,2000,21272531,2,"ifeval_min30",2,3,2,3,0.05,2.37285292660818,0,0,0,2.71571799577214,0,0,2.4608784657903,0,0
1527,5,10,2000,2000,21272531,2,"ifeval_min30",2,3,2,3,0.05,2.63274108781479,0,0,0,2.2554643151816,0,-2.24852944491431,0,0,0
1528,5,10,2000,2000,21272531,2,"ifeval_min30",2,3,2,3,0.05,0,0,0,0,2.68037827499211,0,0,0,0,0
1529,5,10,2000,2000,21272531,2,"ifeval_min30",2,3,2,3,0.05,-2.91763708903454,0,0,0,2.35008238581941,0,0,0,0,0
1530,5,10,2000,2000,21272531,2,"ifeval_min30",2,3,2,3,0.05,0,0,0,0,2.1833237670362,0,0,0,0,0
1531,5,10,2000,2000,21272531,2,"ifeval_min30",2,3,2,3,0.05,0,0,0,0,2.2265963209793,0,0,0,0,0
1532,5,10,2000,2000,21272531,2,"ifeval_min30",2,3,2,3,0.05,0,0,0,0,2.1811560341157,0,0,0,0,0
1533,5,10,2000,2000,21272531,2,"ifeval_min30",2,3,2,3,0.05,0,0,0,0,2.7834126194939,0,0,0,-2.93575755273923,0
1534,5,10,2000,2000,21272531,2,"ifeval_min30",2,3,2,3,0.05,-2.25623140810058,0,2.29492108151317,0,2.83406627667136,0,0,0,0,0
1535,5,10,2000,2000,21272531,2,"ifeval_min30",2,3,2,3,0.05,0,0,0,0,2.9504047378432,0,0,0,0,-2.26472874474712
1536,5,10,2000,2000,21272531,2,"ifeval_min30",2,3,2,3,0.05,0,0,0,0,2.32133578998037,0,0,0,0,0
1537,5,10,2000,2000,21272531,2,"ifeval_min30",2,3,2,3,0.05,0,0,0,0,2.94048066600226,0,0,0,0,0
1538,5,10,2000,2000,21272531,2,"ifeval_min30",2,3,2,3,0.05,0,0,0,0,2.796246152604,0,0,0,0,0
1539,5,10,2000,2000,21272531,2,"ifeval_min30",2,3,2,3,0.05,0,0,0,0,2.23635173146613,0,0,0,0,0
1540,5,10,2000,2000,21272531,2,"ifeval_min30",2,3,2,3,0.05,0,0,0,0,2.48069794359617,0,0,0,0,0
1541,5,10,2000,2000,21272531,2,"ifeval_min30",2,3,2,3,0.05,0,0,0,0,2.8082011025399,0,0,2.07675689249299,0,-2.64398235781118
1542,5,10,2000,2000,21272531,2,"ifeval_min30",2,3,2,3,0.05,0,0,0,0,2.20283758221194,0,0,0,2.95057244063355,0
1543,5,10,2000,2000,21272531,2,"ifeval_min30",2,3,2,3,0.05,0,0,0,0,2.27865412295796,0,0,0,0,0
1544,5,10,2000,2000,21272531,2,"ifeval_min30",2,3,2,3,0.05,0,0,0,0,2.73613318894058,0,0,0,0,0
1545,5,10,2000,2000,21272531,2,"ifeval_min30",2,3,2,3,0.05,0,0,0,0,2.43079378153197,0,0,0,-2.93867336749099,0
1546,5,10,2000,2000,21272531,2,"ifeval_min30",2,3,2,3,0.05,0,0,0,0,2.82052012206987,0,0,0,0,0
1547,5,10,2000,2000,21272531,2,"ifeval_min30",2,3,2,3,0.05,0,0,0,0,2.20417551929131,0,0,0,0,0
1548,5,10,2000,2000,21272531,2,"ifeval_min30",2,3,2,3,0.05,0,0,-2.11302672233433,0,2.88008900242858,0,0,-2.98315141536295,0,0
1549,5,10,2000,2000,21272531,2,"ifeval_min30",2,3,2,3,0.05,0,0,0,0,2.70632036589086,0,0,0,0,-2.42511561675929
1550,5,10,2000,2000,21272531,2,"ifeval_min30",2,3,2,3,0.05,0,0,0,0,2.10260454728268,0,0,0,0,-2.31091445428319
1551,5,10,2000,2000,21272531,2,"ifeval_min30",2,3,2,3,0.05,0,0,0,0,2.22639231593348,0,0,0,0,0
1552,5,10,2000,2000,21272531,2,"ifeval_min30",2,3,2,3,0.05,-2.24289152747951,-2.9235313385725,0,0,2.60092046507634,0,0,0,0,0
1553,5,10,2000,2000,21272531,2,"ifeval_min30",2,3,2,3,0.05,0,0,0,0,2.25806860043667,0,0,0,0,0
1554,5,10,2000,2000,21272531,2,"ifeval_min30",2,3,2,3,0.05,0,0,0,0,2.95016131177545,-2.01193359773606,0,0,0,2.8172709303908
1555,5,10,2000,2000,21272531,2,"ifeval_min30",2,3,2,3,0.05,0,0,0,0,2.51476255129091,0,0,0,0,0
1556,5,10,2000,2000,21272531,2,"ifeval_min30",2,3,2,3,0.05,0,0,0,0,2.87691380805336,0,0,0,0,0
1557,5,10,2000,2000,21272531,2,"ifeval_min30",2,3,2,3,0.05,0,0,0,0,2.53892237995751,0,0,0,0,0
1558,5,10,2000,2000,21272531,2,"ifeval_min30",2,3,2,3,0.05,2.6102001585532,0,0,0,2.19355560536496,0,0,0,0,0
1559,5,10,2000,2000,21272531,2,"ifeval_min30",2,3,2,3,0.05,0,0,0,0,2.36624814313836,0,0,0,0,0
1560,5,10,2000,2000,21272531,2,"ifeval_min30",2,3,2,3,0.05,0,0,0,0,2.81557893007994,0,0,0,0,0
1561,5,10,2000,2000,21272531,2,"ifeval_min30",2,3,2,3,0.05,0,0,0,0,2.18604956287891,0,0,0,0,0
1562,5,10,2000,2000,21272531,2,"ifeval_min30",2,3,2,3,0.05,0,0,0,0,2.14999297284521,0,0,0,-2.44397451961413,0
1563,5,10,2000,2000,21272531,2,"ifeval_min30",2,3,2,3,0.05,0,0,0,0,2.54471516143531,0,0,0,0,0
1564,5,10,2000,2000,21272531,2,"ifeval_min30",2,3,2,3,0.05,0,0,0,0,2.47419070242904,0,0,0,0,0
1565,5,10,2000,2000,21272531,2,"ifeval_min30",2,3,2,3,0.05,0,0,0,0,2.19203785993159,0,0,0,0,0
1566,5,10,2000,2000,21272531,2,"ifeval_min30",2,3,2,3,0.05,0,-2.51803024392575,0,0,2.46883210889064,0,0,0,0,0
1567,5,10,2000,2000,21272531,2,"ifeval_min30",2,3,2,3,0.05,0,0,0,0,2.59537720936351,0,0,0,0,0
1568,5,10,2000,2000,21272531,2,"ifeval_min30",2,3,2,3,0.05,0,0,0,0,2.0047514939215,0,0,0,0,0
1569,5,10,2000,2000,21272531,2,"ifeval_min30",2,3,2,3,0.05,0,0,0,0,2.34116145200096,0,0,0,0,0
1570,5,10,2000,2000,21272531,2,"ifeval_min30",2,3,2,3,0.05,0,0,0,0,2.22955411765724,0,0,0,0,0
1571,5,10,2000,2000,21272531,2,"ifeval_min30",2,3,2,3,0.05,0,0,0,0,2.12365305167623,0,-2.08949599927291,0,0,0
1572,5,10,2000,2000,21272531,2,"ifeval_min30",2,3,2,3,0.05,0,0,0,0,2.81585727073252,0,0,0,0,0
1573,6,10,2000,2000,21272531,2,"ifeval_min30",2,3,2,3,0.05,0,0,0,0,0,2.16683766921051,0,0,0,0
1574,6,10,2000,2000,21272531,2,"ifeval_min30",2,3,2,3,0.05,0,0,0,0,0,2.2739860911388,0,0,0,0
1575,6,10,2000,2000,21272531,2,"ifeval_min30",2,3,2,3,0.05,0,0,0,0,0,2.55073057138361,0,0,0,0
1576,6,10,2000,2000,21272531,2,"ifeval_min30",2,3,2,3,0.05,0,0,0,0,0,2.13331667217426,0,0,0,0
1577,6,10,2000,2000,21272531,2,"ifeval_min30",2,3,2,3,0.05,0,0,0,0,0,2.18954712641425,0,0,0,0
1578,6,10,2000,2000,21272531,2,"ifeval_min30",2,3,2,3,0.05,0,0,2.26764084561728,0,0,2.7385270842351,0,0,0,0
1579,6,10,2000,2000,21272531,2,"ifeval_min30",2,3,2,3,0.05,0,0,0,0,0,2.43928945460357,0,0,0,0
1580,6,10,2000,2000,21272531,2,"ifeval_min30",2,3,2,3,0.05,0,0,0,0,0,2.10742640285753,0,0,0,0
1581,6,10,2000,2000,21272531,2,"ifeval_min30",2,3,2,3,0.05,0,0,0,0,0,2.84380301646888,0,0,0,0
1582,6,10,2000,2000,21272531,2,"ifeval_min30",2,3,2,3,0.05,0,0,0,0,0,2.22637327224948,0,0,0,0
1583,6,10,2000,2000,21272531,2,"ifeval_min30",2,3,2,3,0.05,0,0,0,-2.46482243039645,0,2.50346781569533,0,-2.83135869912803,0,-2.22452532243915
1584,6,10,2000,2000,21272531,2,"ifeval_min30",2,3,2,3,0.05,0,0,0,0,0,2.72670658864081,0,0,0,0
1585,6,10,2000,2000,21272531,2,"ifeval_min30",2,3,2,3,0.05,0,0,0,0,0,2.8188964119181,0,0,0,0
1586,6,10,2000,2000,21272531,2,"ifeval_min30",2,3,2,3,0.05,0,0,0,0,0,2.30064433440566,0,0,0,0
1587,6,10,2000,2000,21272531,2,"ifeval_min30",2,3,2,3,0.05,0,0,0,0,0,2.51414659828879,0,0,0,0
1588,6,10,2000,2000,21272531,2,"ifeval_min30",2,3,2,3,0.05,0,0,0,0,0,2.43836998729967,0,0,0,0
1589,6,10,2000,2000,21272531,2,"ifeval_min30",2,3,2,3,0.05,0,-2.4486166308634,0,0,0,2.67588471551426,0,0,0,0
1590,6,10,2000,2000,21272531,2,"ifeval_min30",2,3,2,3,0.05,0,0,0,0,0,2.47804163326509,0,0,0,0
1591,6,10,2000,2000,21272531,2,"ifeval_min30",2,3,2,3,0.05,0,0,0,0,0,2.06569859478623,0,0,0,0
1592,6,10,2000,2000,21272531,2,"ifeval_min30",2,3,2,3,0.05,0,0,0,0,0,2.03460104111582,0,0,0,0
1593,6,10,2000,2000,21272531,2,"ifeval_min30",2,3,2,3,0.05,0,0,0,0,0,2.47876689350232,0,0,0,0
1594,6,10,2000,2000,21272531,2,"ifeval_min30",2,3,2,3,0.05,0,0,0,-2.15485073672608,0,2.04884794075042,0,0,0,0
1595,6,10,2000,2000,21272531,2,"ifeval_min30",2,3,2,3,0.05,0,0,0,0,0,2.28487651934847,0,0,0,0
1596,6,10,2000,2000,21272531,2,"ifeval_min30",2,3,2,3,0.05,0,0,0,2.16163065400906,0,2.37485024170019,0,0,0,0
1597,6,10,2000,2000,21272531,2,"ifeval_min30",2,3,2,3,0.05,0,0,-2.64174480666406,0,0,2.85786391305737,0,0,0,0
1598,6,10,2000,2000,21272531,2,"ifeval_min30",2,3,2,3,0.05,0,0,0,0,0,2.8071079372894,0,0,0,0
1599,6,10,2000,2000,21272531,2,"ifeval_min30",2,3,2,3,0.05,0,0,0,0,0,2.11253795470111,0,0,0,0
1600,6,10,2000,2000,21272531,2,"ifeval_min30",2,3,2,3,0.05,0,0,0,0,0,2.74590933928266,0,0,0,0
1601,6,10,2000,2000,21272531,2,"ifeval_min30",2,3,2,3,0.05,0,0,0,0,0,2.60794272599742,0,0,0,0
1602,6,10,2000,2000,21272531,2,"ifeval_min30",2,3,2,3,0.05,0,0,0,0,0,2.88200666126795,0,0,0,0
1603,6,10,2000,2000,21272531,2,"ifeval_min30",2,3,2,3,0.05,0,0,0,0,0,2.41105384891853,0,0,0,0
1604,6,10,2000,2000,21272531,2,"ifeval_min30",2,3,2,3,0.05,0,0,0,0,0,2.2889937364962,0,2.36086551984772,0,0
1605,6,10,2000,2000,21272531,2,"ifeval_min30",2,3,2,3,0.05,0,0,0,0,0,2.00768012157641,0,0,0,0
1606,6,10,2000,2000,21272531,2,"ifeval_min30",2,3,2,3,0.05,0,0,0,0,0,2.27862366475165,0,0,0,0
1607,6,10,2000,2000,21272531,2,"ifeval_min30",2,3,2,3,0.05,0,0,0,0,0,2.95405681547709,0,0,0,0
1608,6,10,2000,2000,21272531,2,"ifeval_min30",2,3,2,3,0.05,0,0,0,0,0,2.80324329552241,0,0,0,0
1609,6,10,2000,2000,21272531,2,"ifeval_min30",2,3,2,3,0.05,0,0,0,0,0,2.42861962504685,0,0,0,0
1610,6,10,2000,2000,21272531,2,"ifeval_min30",2,3,2,3,0.05,0,0,0,0,0,2.50865697255358,2.24445085879415,0,0,0
1611,6,10,2000,2000,21272531,2,"ifeval_min30",2,3,2,3,0.05,0,0,0,0,0,2.59983701608144,0,0,0,0
1612,6,10,2000,2000,21272531,2,"ifeval_min30",2,3,2,3,0.05,0,0,0,0,0,2.36519527318887,0,0,0,-2.46016217605211
1613,6,10,2000,2000,21272531,2,"ifeval_min30",2,3,2,3,0.05,0,0,0,0,0,2.25556238507852,-2.60452328575775,0,0,0
1614,6,10,2000,2000,21272531,2,"ifeval_min30",2,3,2,3,0.05,0,0,0,0,0,2.48609934397973,0,0,0,0
1615,6,10,2000,2000,21272531,2,"ifeval_min30",2,3,2,3,0.05,0,0,0,0,0,2.99906409461983,0,0,0,0
1616,6,10,2000,2000,21272531,2,"ifeval_min30",2,3,2,3,0.05,0,0,0,0,0,2.31605817680247,0,0,-2.60948713915423,0
1617,6,10,2000,2000,21272531,2,"ifeval_min30",2,3,2,3,0.05,0,0,2.80599641334265,0,0,2.94896560255438,0,0,0,0
1618,6,10,2000,2000,21272531,2,"ifeval_min30",2,3,2,3,0.05,0,0,0,2.24234681017697,0,2.21348750591278,0,0,0,0
1619,6,10,2000,2000,21272531,2,"ifeval_min30",2,3,2,3,0.05,2.43390014558099,0,0,0,0,2.63418839592487,0,0,0,0
1620,6,10,2000,2000,21272531,2,"ifeval_min30",2,3,2,3,0.05,0,0,0,0,0,2.9626301440876,0,0,0,-2.26820187573321
1621,6,10,2000,2000,21272531,2,"ifeval_min30",2,3,2,3,0.05,0,0,0,0,0,2.24089122703299,0,0,0,0
1622,6,10,2000,2000,21272531,2,"ifeval_min30",2,3,2,3,0.05,0,0,0,0,0,2.2322487689089,0,0,0,2.15969501342624
1623,6,10,2000,2000,21272531,2,"ifeval_min30",2,3,2,3,0.05,0,0,0,0,0,2.31639107037336,0,0,0,0
1624,6,10,2000,2000,21272531,2,"ifeval_min30",2,3,2,3,0.05,0,0,0,0,0,2.59574227617122,0,0,0,0
1625,6,10,2000,2000,21272531,2,"ifeval_min30",2,3,2,3,0.05,0,0,0,0,0,2.07258181017824,0,0,0,0
1626,6,10,2000,2000,21272531,2,"ifeval_min30",2,3,2,3,0.05,-2.93842194997706,-2.69757083361037,0,0,0,2.62730577751063,0,0,0,0
1627,6,10,2000,2000,21272531,2,"ifeval_min30",2,3,2,3,0.05,0,0,0,0,0,2.4538589278236,2.82531285565346,-2.407249617856,0,0
1628,6,10,2000,2000,21272531,2,"ifeval_min30",2,3,2,3,0.05,0,0,0,0,0,2.86664703022689,0,0,0,0
1629,6,10,2000,2000,21272531,2,"ifeval_min30",2,3,2,3,0.05,0,0,0,0,0,2.83093011239544,0,0,0,0
1630,6,10,2000,2000,21272531,2,"ifeval_min30",2,3,2,3,0.05,0,0,0,0,0,2.45107808290049,2.36621329351328,0,0,0
1631,6,10,2000,2000,21272531,2,"ifeval_min30",2,3,2,3,0.05,0,0,0,0,0,2.92975095985457,0,0,0,0
1632,6,10,2000,2000,21272531,2,"ifeval_min30",2,3,2,3,0.05,0,0,0,0,0,2.42643295205198,0,0,0,0
1633,6,10,2000,2000,21272531,2,"ifeval_min30",2,3,2,3,0.05,0,0,0,0,0,2.81544619123451,0,0,0,0
1634,6,10,2000,2000,21272531,2,"ifeval_min30",2,3,2,3,0.05,0,0,0,0,0,2.03944191848859,0,2.66043631453067,0,0
1635,6,10,2000,2000,21272531,2,"ifeval_min30",2,3,2,3,0.05,0,0,0,0,2.17106060264632,2.41483621206135,0,0,0,0
1636,6,10,2000,2000,21272531,2,"ifeval_min30",2,3,2,3,0.05,0,0,0,0,0,2.0780771903228,0,0,-2.020912342472,0
1637,6,10,2000,2000,21272531,2,"ifeval_min30",2,3,2,3,0.05,0,0,0,0,0,2.31517892563716,0,0,0,0
1638,6,10,2000,2000,21272531,2,"ifeval_min30",2,3,2,3,0.05,0,2.01085248868912,0,0,0,2.1979174579028,0,0,0,0
1639,6,10,2000,2000,21272531,2,"ifeval_min30",2,3,2,3,0.05,0,0,0,0,0,2.37996403314173,2.91512629552744,2.50103004206903,0,0
1640,6,10,2000,2000,21272531,2,"ifeval_min30",2,3,2,3,0.05,0,0,0,0,0,2.08682561293244,0,0,0,0
1641,6,10,2000,2000,21272531,2,"ifeval_min30",2,3,2,3,0.05,0,0,0,0,0,2.81885187374428,0,0,0,0
1642,6,10,2000,2000,21272531,2,"ifeval_min30",2,3,2,3,0.05,0,0,0,0,0,2.55885777878575,0,0,0,0
1643,6,10,2000,2000,21272531,2,"ifeval_min30",2,3,2,3,0.05,0,0,0,2.43688305909745,0,2.43692883476615,0,0,-2.79482250427827,0
1644,6,10,2000,2000,21272531,2,"ifeval_min30",2,3,2,3,0.05,0,0,0,0,0,2.3865156522952,0,0,0,0
1645,6,10,2000,2000,21272531,2,"ifeval_min30",2,3,2,3,0.05,0,0,0,0,0,2.50514707178809,0,0,0,0
1646,6,10,2000,2000,21272531,2,"ifeval_min30",2,3,2,3,0.05,0,0,0,0,0,2.37422025552951,0,0,0,0
1647,6,10,2000,2000,21272531,2,"ifeval_min30",2,3,2,3,0.05,0,-2.8969458041247,0,0,0,2.27853325405158,0,0,0,0
1648,6,10,2000,2000,21272531,2,"ifeval_min30",2,3,2,3,0.05,0,0,0,0,0,2.56245354819112,0,0,0,0
1649,6,10,2000,2000,21272531,2,"ifeval_min30",2,3,2,3,0.05,0,0,0,0,0,2.17854974349029,0,0,0,0
1650,6,10,2000,2000,21272531,2,"ifeval_min30",2,3,2,3,0.05,-2.20718749705702,0,0,0,0,2.56991939572617,0,2.52087247790769,0,0
1651,6,10,2000,2000,21272531,2,"ifeval_min30",2,3,2,3,0.05,0,0,0,0,0,2.70900361379609,0,0,0,0
1652,6,10,2000,2000,21272531,2,"ifeval_min30",2,3,2,3,0.05,0,0,0,0,0,2.62980953534134,0,0,0,0
1653,6,10,2000,2000,21272531,2,"ifeval_min30",2,3,2,3,0.05,0,0,0,2.35267561115324,0,2.60115309827961,0,0,0,0
1654,6,10,2000,2000,21272531,2,"ifeval_min30",2,3,2,3,0.05,0,0,0,0,0,2.18282606382854,0,0,0,0
1655,6,10,2000,2000,21272531,2,"ifeval_min30",2,3,2,3,0.05,0,0,0,0,0,2.76973873772658,0,0,0,0
1656,6,10,2000,2000,21272531,2,"ifeval_min30",2,3,2,3,0.05,0,0,0,0,0,2.09885876835324,0,0,0,0
1657,6,10,2000,2000,21272531,2,"ifeval_min30",2,3,2,3,0.05,0,0,0,2.14776178984903,0,2.62066098232754,0,0,0,0
1658,6,10,2000,2000,21272531,2,"ifeval_min30",2,3,2,3,0.05,0,0,0,0,0,2.4207277498208,0,0,0,0
1659,6,10,2000,2000,21272531,2,"ifeval_min30",2,3,2,3,0.05,0,0,0,0,0,2.00632234872319,0,0,0,0
1660,6,10,2000,2000,21272531,2,"ifeval_min30",2,3,2,3,0.05,0,0,0,0,0,2.47460436704569,0,0,0,0
1661,6,10,2000,2000,21272531,2,"ifeval_min30",2,3,2,3,0.05,0,0,0,0,0,2.36153482063673,0,0,0,0
1662,6,10,2000,2000,21272531,2,"ifeval_min30",2,3,2,3,0.05,0,0,0,0,0,2.79431540705264,0,0,0,0
1663,6,10,2000,2000,21272531,2,"ifeval_min30",2,3,2,3,0.05,0,0,0,0,2.83419780735858,2.78141731536016,0,0,0,0
1664,6,10,2000,2000,21272531,2,"ifeval_min30",2,3,2,3,0.05,0,0,0,0,0,2.08523334632628,0,0,0,0
1665,6,10,2000,2000,21272531,2,"ifeval_min30",2,3,2,3,0.05,0,0,0,0,0,2.30689279618673,0,0,0,0
1666,6,10,2000,2000,21272531,2,"ifeval_min30",2,3,2,3,0.05,0,0,0,0,0,2.76565721002407,0,0,0,0
1667,6,10,2000,2000,21272531,2,"ifeval_min30",2,3,2,3,0.05,0,0,0,0,0,2.21765046264045,0,0,0,0
1668,6,10,2000,2000,21272531,2,"ifeval_min30",2,3,2,3,0.05,0,0,0,0,0,2.41554228099994,0,0,-2.79758954839781,0
1669,6,10,2000,2000,21272531,2,"ifeval_min30",2,3,2,3,0.05,0,0,0,0,-2.31865777634084,2.11116858269088,-2.29721477604471,0,0,0
1670,6,10,2000,2000,21272531,2,"ifeval_min30",2,3,2,3,0.05,-2.99582586577162,0,0,0,0,2.15325223701075,0,0,0,0
1671,6,10,2000,2000,21272531,2,"ifeval_min30",2,3,2,3,0.05,0,2.99355097324587,0,0,0,2.7247353263665,0,0,0,0
1672,6,10,2000,2000,21272531,2,"ifeval_min30",2,3,2,3,0.05,0,0,0,0,0,2.65796478651464,0,0,0,0
1673,6,10,2000,2000,21272531,2,"ifeval_min30",2,3,2,3,0.05,2.85643568239175,0,0,0,0,2.91475484822877,0,0,0,0
1674,6,10,2000,2000,21272531,2,"ifeval_min30",2,3,2,3,0.05,0,0,0,0,0,2.45744265685789,0,0,0,0
1675,6,10,2000,2000,21272531,2,"ifeval_min30",2,3,2,3,0.05,0,0,0,0,0,2.94587078131735,0,0,0,0
1676,6,10,2000,2000,21272531,2,"ifeval_min30",2,3,2,3,0.05,0,2.76918179169297,0,0,0,2.36844652262516,0,0,0,0
1677,6,10,2000,2000,21272531,2,"ifeval_min30",2,3,2,3,0.05,0,2.2044316935353,0,0,0,2.91067591821775,2.54426267743111,0,0,0
1678,6,10,2000,2000,21272531,2,"ifeval_min30",2,3,2,3,0.05,0,0,2.59623774094507,0,0,2.69748509279452,0,0,0,0
1679,7,10,2000,2000,21272531,2,"ifeval_min30",2,3,2,3,0.05,0,0,0,0,0,0,2.32130496995524,0,0,0
1680,7,10,2000,2000,21272531,2,"ifeval_min30",2,3,2,3,0.05,0,0,0,0,0,0,2.16141502652317,0,0,0
1681,7,10,2000,2000,21272531,2,"ifeval_min30",2,3,2,3,0.05,0,0,0,0,0,0,2.01042683399282,0,2.94365500169806,0
1682,7,10,2000,2000,21272531,2,"ifeval_min30",2,3,2,3,0.05,0,0,0,0,0,0,2.21613822481595,0,0,0
1683,7,10,2000,2000,21272531,2,"ifeval_min30",2,3,2,3,0.05,0,0,0,0,0,0,2.02770951413549,0,0,0
1684,7,10,2000,2000,21272531,2,"ifeval_min30",2,3,2,3,0.05,0,0,0,0,0,0,2.26589189562947,0,0,0
1685,7,10,2000,2000,21272531,2,"ifeval_min30",2,3,2,3,0.05,0,0,0,0,0,0,2.33061348926276,0,0,0
1686,7,10,2000,2000,21272531,2,"ifeval_min30",2,3,2,3,0.05,0,0,0,-2.4706273546908,0,0,2.53333185217343,0,0,0
1687,7,10,2000,2000,21272531,2,"ifeval_min30",2,3,2,3,0.05,0,0,0,0,0,0,2.85477692401037,0,0,0
1688,7,10,2000,2000,21272531,2,"ifeval_min30",2,3,2,3,0.05,0,0,0,0,0,0,2.55175213213079,0,0,0
1689,7,10,2000,2000,21272531,2,"ifeval_min30",2,3,2,3,0.05,0,0,0,0,0,-2.89244307158515,2.80738515150733,0,0,0
1690,7,10,2000,2000,21272531,2,"ifeval_min30",2,3,2,3,0.05,0,0,0,0,0,-2.58360627572984,2.47677391418256,0,0,0
1691,7,10,2000,2000,21272531,2,"ifeval_min30",2,3,2,3,0.05,0,0,0,0,0,0,2.66763438982889,0,0,0
1692,7,10,2000,2000,21272531,2,"ifeval_min30",2,3,2,3,0.05,0,0,0,0,0,0,2.42121365456842,0,0,0
1693,7,10,2000,2000,21272531,2,"ifeval_min30",2,3,2,3,0.05,0,0,0,0,0,0,2.84973730472848,0,-2.04607707262039,0
1694,7,10,2000,2000,21272531,2,"ifeval_min30",2,3,2,3,0.05,0,0,0,0,0,0,2.32969927368686,0,0,0
1695,7,10,2000,2000,21272531,2,"ifeval_min30",2,3,2,3,0.05,0,0,0,0,0,0,2.17686841357499,0,0,0
1696,7,10,2000,2000,21272531,2,"ifeval_min30",2,3,2,3,0.05,0,0,0,0,0,0,2.71003300719894,0,0,0
1697,7,10,2000,2000,21272531,2,"ifeval_min30",2,3,2,3,0.05,0,0,0,0,0,0,2.33673258055933,0,0,0
1698,7,10,2000,2000,21272531,2,"ifeval_min30",2,3,2,3,0.05,0,0,0,0,0,0,2.71201740577817,0,0,0
1699,7,10,2000,2000,21272531,2,"ifeval_min30",2,3,2,3,0.05,0,0,0,0,0,0,2.92574555426836,0,0,0
1700,7,10,2000,2000,21272531,2,"ifeval_min30",2,3,2,3,0.05,0,0,0,0,0,0,2.84552411269397,0,0,0
1701,7,10,2000,2000,21272531,2,"ifeval_min30",2,3,2,3,0.05,0,0,0,0,0,0,2.27504636766389,0,0,0
1702,7,10,2000,2000,21272531,2,"ifeval_min30",2,3,2,3,0.05,0,0,0,-2.59218109771609,0,0,2.55401933845133,0,0,0
1703,7,10,2000,2000,21272531,2,"ifeval_min30",2,3,2,3,0.05,0,0,0,0,0,0,2.17914027464576,0,0,0
1704,7,10,2000,2000,21272531,2,"ifeval_min30",2,3,2,3,0.05,0,0,0,0,0,0,2.91594404820353,0,0,0
1705,7,10,2000,2000,21272531,2,"ifeval_min30",2,3,2,3,0.05,0,0,0,0,0,0,2.12667680880986,0,0,0
1706,7,10,2000,2000,21272531,2,"ifeval_min30",2,3,2,3,0.05,0,0,0,0,-2.98357892199419,0,2.95078887767158,0,0,0
1707,7,10,2000,2000,21272531,2,"ifeval_min30",2,3,2,3,0.05,0,0,0,0,0,2.33994864299893,2.94163740100339,0,-2.18840141431428,2.51270072162151
1708,7,10,2000,2000,21272531,2,"ifeval_min30",2,3,2,3,0.05,0,0,0,0,0,0,2.70867552491836,0,0,0
1709,7,10,2000,2000,21272531,2,"ifeval_min30",2,3,2,3,0.05,0,0,0,0,0,0,2.92904547229409,0,0,0
1710,7,10,2000,2000,21272531,2,"ifeval_min30",2,3,2,3,0.05,0,0,0,0,0,0,2.25500076287426,0,0,0
1711,7,10,2000,2000,21272531,2,"ifeval_min30",2,3,2,3,0.05,0,0,0,0,0,0,2.33431595913135,0,0,0
1712,7,10,2000,2000,21272531,2,"ifeval_min30",2,3,2,3,0.05,0,0,0,0,0,0,2.99671690631658,0,0,0
1713,7,10,2000,2000,21272531,2,"ifeval_min30",2,3,2,3,0.05,0,0,0,0,2.67531800130382,0,2.34878799668513,0,0,0
1714,7,10,2000,2000,21272531,2,"ifeval_min30",2,3,2,3,0.05,0,2.32260921830311,0,0,0,0,2.6486592006404,0,0,0
1715,7,10,2000,2000,21272531,2,"ifeval_min30",2,3,2,3,0.05,0,0,0,0,0,0,2.77154946443625,0,0,2.82303446670994
1716,7,10,2000,2000,21272531,2,"ifeval_min30",2,3,2,3,0.05,0,0,0,0,0,0,2.12657935824245,0,0,0
1717,7,10,2000,2000,21272531,2,"ifeval_min30",2,3,2,3,0.05,0,0,0,0,0,0,2.9146631450858,0,0,0
1718,7,10,2000,2000,21272531,2,"ifeval_min30",2,3,2,3,0.05,0,0,0,0,0,0,2.45524467597716,0,0,0
1719,7,10,2000,2000,21272531,2,"ifeval_min30",2,3,2,3,0.05,0,0,0,-2.20087502873503,0,0,2.72309008985758,0,0,0
1720,7,10,2000,2000,21272531,2,"ifeval_min30",2,3,2,3,0.05,2.13201557192951,0,0,0,0,0,2.91649859864265,0,0,0
1721,7,10,2000,2000,21272531,2,"ifeval_min30",2,3,2,3,0.05,0,0,0,0,-2.15628065611236,0,2.19125036918558,0,0,0
1722,7,10,2000,2000,21272531,2,"ifeval_min30",2,3,2,3,0.05,0,0,0,0,0,0,2.92853449704126,0,0,0
1723,7,10,2000,2000,21272531,2,"ifeval_min30",2,3,2,3,0.05,0,0,0,0,0,0,2.58253522356972,-2.97561338939704,0,0
1724,7,10,2000,2000,21272531,2,"ifeval_min30",2,3,2,3,0.05,0,0,0,0,0,0,2.64247365389019,0,0,0
1725,7,10,2000,2000,21272531,2,"ifeval_min30",2,3,2,3,0.05,0,0,0,0,0,0,2.08421030710451,0,-2.91707753925584,0
1726,7,10,2000,2000,21272531,2,"ifeval_min30",2,3,2,3,0.05,0,-2.2481577610597,0,-2.20381467347033,0,0,2.39735221373849,0,0,0
1727,7,10,2000,2000,21272531,2,"ifeval_min30",2,3,2,3,0.05,0,0,-2.85584059730172,0,0,0,2.59451076481491,0,0,0
1728,7,10,2000,2000,21272531,2,"ifeval_min30",2,3,2,3,0.05,2.10384116088971,0,0,0,0,2.25512380967848,2.14159298804589,0,0,0
1729,7,10,2000,2000,21272531,2,"ifeval_min30",2,3,2,3,0.05,0,0,0,0,0,0,2.08457742189057,0,0,0
1730,7,10,2000,2000,21272531,2,"ifeval_min30",2,3,2,3,0.05,0,0,0,0,0,0,2.75741075351834,0,0,0
1731,7,10,2000,2000,21272531,2,"ifeval_min30",2,3,2,3,0.05,0,0,0,0,0,0,2.55835989164189,0,0,0
1732,7,10,2000,2000,21272531,2,"ifeval_min30",2,3,2,3,0.05,0,0,0,0,0,0,2.98790075164288,0,0,0
1733,7,10,2000,2000,21272531,2,"ifeval_min30",2,3,2,3,0.05,0,0,0,0,0,0,2.23892822489142,0,0,0
1734,7,10,2000,2000,21272531,2,"ifeval_min30",2,3,2,3,0.05,0,0,0,0,0,0,2.54184640920721,0,0,0
1735,7,10,2000,2000,21272531,2,"ifeval_min30",2,3,2,3,0.05,0,0,0,0,0,0,2.03703249222599,0,0,0
1736,7,10,2000,2000,21272531,2,"ifeval_min30",2,3,2,3,0.05,0,0,0,0,-2.33595365937799,0,2.0373797363136,0,0,0
1737,7,10,2000,2000,21272531,2,"ifeval_min30",2,3,2,3,0.05,0,-2.2752487952821,0,0,0,0,2.01002756459638,0,0,0
1738,7,10,2000,2000,21272531,2,"ifeval_min30",2,3,2,3,0.05,0,0,0,0,0,0,2.33307069307193,0,0,0
1739,7,10,2000,2000,21272531,2,"ifeval_min30",2,3,2,3,0.05,0,0,0,0,0,0,2.11055667605251,0,0,0
1740,7,10,2000,2000,21272531,2,"ifeval_min30",2,3,2,3,0.05,0,0,0,0,0,0,2.23088566912338,0,0,0
1741,7,10,2000,2000,21272531,2,"ifeval_min30",2,3,2,3,0.05,0,0,0,0,0,0,2.0977149035316,0,0,0
1742,7,10,2000,2000,21272531,2,"ifeval_min30",2,3,2,3,0.05,0,0,0,0,0,0,2.51641589333303,0,0,0
1743,7,10,2000,2000,21272531,2,"ifeval_min30",2,3,2,3,0.05,0,0,0,0,0,0,2.94578475435264,0,0,0
1744,7,10,2000,2000,21272531,2,"ifeval_min30",2,3,2,3,0.05,0,0,0,0,0,0,2.83826724020764,0,0,0
1745,7,10,2000,2000,21272531,2,"ifeval_min30",2,3,2,3,0.05,0,0,0,0,2.40049578645267,-2.08622307470068,2.52322867303155,0,0,0
1746,7,10,2000,2000,21272531,2,"ifeval_min30",2,3,2,3,0.05,0,0,0,0,0,0,2.0329119565431,0,0,0
1747,7,10,2000,2000,21272531,2,"ifeval_min30",2,3,2,3,0.05,0,0,0,0,0,0,2.40394884790294,0,0,0
1748,7,10,2000,2000,21272531,2,"ifeval_min30",2,3,2,3,0.05,0,0,0,0,0,0,2.14020640659146,0,0,0
1749,7,10,2000,2000,21272531,2,"ifeval_min30",2,3,2,3,0.05,0,0,0,0,0,0,2.90531990583986,0,0,0
1750,7,10,2000,2000,21272531,2,"ifeval_min30",2,3,2,3,0.05,0,0,0,0,0,0,2.58750179293565,0,0,0
1751,7,10,2000,2000,21272531,2,"ifeval_min30",2,3,2,3,0.05,0,0,0,2.55310368933715,0,0,2.06029510917142,0,0,0
1752,7,10,2000,2000,21272531,2,"ifeval_min30",2,3,2,3,0.05,0,0,0,0,-2.88046127837151,0,2.02520317770541,0,0,0
1753,7,10,2000,2000,21272531,2,"ifeval_min30",2,3,2,3,0.05,0,0,0,0,0,0,2.48324387520552,0,0,0
1754,7,10,2000,2000,21272531,2,"ifeval_min30",2,3,2,3,0.05,0,0,0,-2.80695624579675,0,0,2.33296329039149,0,0,0
1755,7,10,2000,2000,21272531,2,"ifeval_min30",2,3,2,3,0.05,0,0,0,0,0,0,2.21514736372046,0,0,0
1756,7,10,2000,2000,21272531,2,"ifeval_min30",2,3,2,3,0.05,0,0,0,0,0,0,2.77001496753655,0,0,0
1757,7,10,2000,2000,21272531,2,"ifeval_min30",2,3,2,3,0.05,0,0,0,0,0,0,2.05406165658496,0,0,-2.80378815415315
1758,7,10,2000,2000,21272531,2,"ifeval_min30",2,3,2,3,0.05,0,0,0,0,0,0,2.53535413066857,0,0,0
1759,7,10,2000,2000,21272531,2,"ifeval_min30",2,3,2,3,0.05,0,0,0,0,0,0,2.11616734205745,0,0,0
1760,7,10,2000,2000,21272531,2,"ifeval_min30",2,3,2,3,0.05,0,0,0,0,0,0,2.62859648303129,-2.16435893112794,0,-2.49944661837071
1761,7,10,2000,2000,21272531,2,"ifeval_min30",2,3,2,3,0.05,0,0,0,2.06040475191548,0,2.38049815944396,2.68268912192434,0,0,0
1762,7,10,2000,2000,21272531,2,"ifeval_min30",2,3,2,3,0.05,0,-2.64095175592229,0,0,0,0,2.14046934852377,0,0,0
1763,7,10,2000,2000,21272531,2,"ifeval_min30",2,3,2,3,0.05,0,0,0,0,2.77345126308501,0,2.72958836937323,0,0,0
1764,7,10,2000,2000,21272531,2,"ifeval_min30",2,3,2,3,0.05,0,0,0,0,0,2.06295147095807,2.14494692254812,0,0,0
1765,7,10,2000,2000,21272531,2,"ifeval_min30",2,3,2,3,0.05,0,0,0,0,0,0,2.91020535258576,0,2.80538153811358,0
1766,7,10,2000,2000,21272531,2,"ifeval_min30",2,3,2,3,0.05,0,-2.00799232022837,0,0,0,0,2.41096388408914,0,0,0
1767,7,10,2000,2000,21272531,2,"ifeval_min30",2,3,2,3,0.05,0,0,0,0,0,0,2.41509415651672,0,0,0
1768,7,10,2000,2000,21272531,2,"ifeval_min30",2,3,2,3,0.05,0,0,0,0,0,0,2.43623543879949,0,0,0
1769,7,10,2000,2000,21272531,2,"ifeval_min30",2,3,2,3,0.05,0,0,0,0,0,2.96483718254603,2.83781777671538,0,0,0
1770,7,10,2000,2000,21272531,2,"ifeval_min30",2,3,2,3,0.05,0,0,0,0,0,0,2.92828818457201,0,0,0
1771,7,10,2000,2000,21272531,2,"ifeval_min30",2,3,2,3,0.05,0,0,0,0,0,0,2.63293256657198,0,0,0
1772,8,10,2000,2000,21272531,2,"ifeval_min30",2,3,2,3,0.05,0,0,0,2.206674244022,0,0,0,2.68009300949052,0,0
1773,8,10,2000,2000,21272531,2,"ifeval_min30",2,3,2,3,0.05,0,0,0,0,0,0,0,2.975485508563,0,0
1774,8,10,2000,2000,21272531,2,"ifeval_min30",2,3,2,3,0.05,0,0,0,0,0,0,0,2.06170348869637,0,0
1775,8,10,2000,2000,21272531,2,"ifeval_min30",2,3,2,3,0.05,0,0,0,0,0,0,0,2.48339359858073,0,0
1776,8,10,2000,2000,21272531,2,"ifeval_min30",2,3,2,3,0.05,0,0,0,0,0,0,0,2.53852800955065,0,0
1777,8,10,2000,2000,21272531,2,"ifeval_min30",2,3,2,3,0.05,0,0,0,0,0,0,0,2.55305438954383,0,0
1778,8,10,2000,2000,21272531,2,"ifeval_min30",2,3,2,3,0.05,0,0,0,0,0,0,0,2.66704828152433,0,0
1779,8,10,2000,2000,21272531,2,"ifeval_min30",2,3,2,3,0.05,0,0,0,0,0,0,0,2.1973067522049,0,0
1780,8,10,2000,2000,21272531,2,"ifeval_min30",2,3,2,3,0.05,0,0,0,0,0,0,0,2.17626441665925,0,0
1781,8,10,2000,2000,21272531,2,"ifeval_min30",2,3,2,3,0.05,0,0,0,0,0,0,0,2.11690442985855,0,0
1782,8,10,2000,2000,21272531,2,"ifeval_min30",2,3,2,3,0.05,0,0,0,0,0,0,0,2.07014986569993,0,0
1783,8,10,2000,2000,21272531,2,"ifeval_min30",2,3,2,3,0.05,0,0,0,0,0,0,0,2.61236487678252,0,0
1784,8,10,2000,2000,21272531,2,"ifeval_min30",2,3,2,3,0.05,-2.94026759802364,0,0,0,0,0,0,2.77513821911998,0,0
1785,8,10,2000,2000,21272531,2,"ifeval_min30",2,3,2,3,0.05,0,0,0,0,0,0,0,2.84112210408784,0,-2.64296642993577
1786,8,10,2000,2000,21272531,2,"ifeval_min30",2,3,2,3,0.05,0,0,0,0,0,0,0,2.19876525877044,0,0
1787,8,10,2000,2000,21272531,2,"ifeval_min30",2,3,2,3,0.05,0,0,0,0,0,0,0,2.50412029912695,0,-2.01543122716248
1788,8,10,2000,2000,21272531,2,"ifeval_min30",2,3,2,3,0.05,0,2.24825803446583,0,2.63516138656996,0,0,0,2.37086766422726,0,0
1789,8,10,2000,2000,21272531,2,"ifeval_min30",2,3,2,3,0.05,0,0,0,0,0,0,0,2.52703250502236,2.28966043936089,0
1790,8,10,2000,2000,21272531,2,"ifeval_min30",2,3,2,3,0.05,0,0,0,0,0,0,0,2.12047410733066,0,0
1791,8,10,2000,2000,21272531,2,"ifeval_min30",2,3,2,3,0.05,0,0,0,0,0,0,2.01497398898937,2.36900346586481,0,0
1792,8,10,2000,2000,21272531,2,"ifeval_min30",2,3,2,3,0.05,0,0,0,0,0,0,-2.40050017484464,2.3083134542685,0,0
1793,8,10,2000,2000,21272531,2,"ifeval_min30",2,3,2,3,0.05,0,0,0,0,0,0,2.62462497036904,2.01872765109874,0,0
1794,8,10,2000,2000,21272531,2,"ifeval_min30",2,3,2,3,0.05,0,0,0,2.21358583727852,0,0,0,2.49938147608191,0,0
1795,8,10,2000,2000,21272531,2,"ifeval_min30",2,3,2,3,0.05,0,0,0,0,0,-2.26521775359288,0,2.78870490589179,0,0
1796,8,10,2000,2000,21272531,2,"ifeval_min30",2,3,2,3,0.05,0,0,0,0,0,0,0,2.73262919532135,0,0
1797,8,10,2000,2000,21272531,2,"ifeval_min30",2,3,2,3,0.05,0,0,0,0,0,0,0,2.19387936266139,0,0
1798,8,10,2000,2000,21272531,2,"ifeval_min30",2,3,2,3,0.05,0,0,0,0,0,0,0,2.27404879149981,0,0
1799,8,10,2000,2000,21272531,2,"ifeval_min30",2,3,2,3,0.05,0,0,0,0,0,0,0,2.42462448286824,2.29139705724083,0
1800,8,10,2000,2000,21272531,2,"ifeval_min30",2,3,2,3,0.05,0,0,0,0,0,0,0,2.0327113410458,0,0
1801,8,10,2000,2000,21272531,2,"ifeval_min30",2,3,2,3,0.05,0,0,2.32507755979896,0,0,0,0,2.79673377121799,0,0
1802,8,10,2000,2000,21272531,2,"ifeval_min30",2,3,2,3,0.05,0,0,0,0,0,0,0,2.36484756460413,0,0
1803,8,10,2000,2000,21272531,2,"ifeval_min30",2,3,2,3,0.05,0,0,0,0,0,0,0,2.61214895965531,0,0
1804,8,10,2000,2000,21272531,2,"ifeval_min30",2,3,2,3,0.05,0,0,0,0,2.53441676893272,0,0,2.84406747156754,0,0
1805,8,10,2000,2000,21272531,2,"ifeval_min30",2,3,2,3,0.05,0,0,0,0,2.73090138379484,0,2.47274225112051,2.08527395804413,0,0
1806,8,10,2000,2000,21272531,2,"ifeval_min30",2,3,2,3,0.05,0,0,0,0,0,0,-2.63201416283846,2.71469697123393,0,0
1807,8,10,2000,2000,21272531,2,"ifeval_min30",2,3,2,3,0.05,0,0,0,0,0,0,0,2.26670486084186,0,0
1808,8,10,2000,2000,21272531,2,"ifeval_min30",2,3,2,3,0.05,0,0,0,0,0,0,0,2.23062394070439,0,0
1809,8,10,2000,2000,21272531,2,"ifeval_min30",2,3,2,3,0.05,0,0,0,0,0,0,0,2.33789040986449,0,0
1810,8,10,2000,2000,21272531,2,"ifeval_min30",2,3,2,3,0.05,0,0,0,0,0,0,0,2.52772271214053,0,0
1811,8,10,2000,2000,21272531,2,"ifeval_min30",2,3,2,3,0.05,0,0,0,0,0,0,0,2.17555712000467,0,0
1812,8,10,2000,2000,21272531,2,"ifeval_min30",2,3,2,3,0.05,0,0,0,0,-2.17407051799819,0,0,2.15823001298122,0,0
1813,8,10,2000,2000,21272531,2,"ifeval_min30",2,3,2,3,0.05,0,0,0,0,0,0,0,2.53929496998899,0,0
1814,8,10,2000,2000,21272531,2,"ifeval_min30",2,3,2,3,0.05,0,0,0,0,0,0,0,2.62063816585578,0,0
1815,8,10,2000,2000,21272531,2,"ifeval_min30",2,3,2,3,0.05,0,0,0,0,0,-2.26941274665296,0,2.54337878758088,0,0
1816,8,10,2000,2000,21272531,2,"ifeval_min30",2,3,2,3,0.05,0,0,0,0,0,0,0,2.29877517931163,0,0
1817,8,10,2000,2000,21272531,2,"ifeval_min30",2,3,2,3,0.05,0,0,0,0,0,0,0,2.24959838576615,0,-2.16621271008626
1818,8,10,2000,2000,21272531,2,"ifeval_min30",2,3,2,3,0.05,0,0,0,0,0,0,0,2.37822973402217,0,0
1819,8,10,2000,2000,21272531,2,"ifeval_min30",2,3,2,3,0.05,0,0,0,0,0,0,0,2.92882263404317,2.14031572313979,0
1820,8,10,2000,2000,21272531,2,"ifeval_min30",2,3,2,3,0.05,0,0,0,0,0,0,0,2.30192388803698,0,0
1821,8,10,2000,2000,21272531,2,"ifeval_min30",2,3,2,3,0.05,0,0,0,0,0,0,-2.55310814012773,2.84512146306224,0,0
1822,8,10,2000,2000,21272531,2,"ifeval_min30",2,3,2,3,0.05,0,0,0,0,0,0,0,2.60377095453441,0,0
1823,8,10,2000,2000,21272531,2,"ifeval_min30",2,3,2,3,0.05,0,0,0,0,0,0,0,2.34150235238485,0,0
1824,8,10,2000,2000,21272531,2,"ifeval_min30",2,3,2,3,0.05,0,2.2048098326195,0,0,0,0,0,2.29715275508352,0,0
1825,8,10,2000,2000,21272531,2,"ifeval_min30",2,3,2,3,0.05,0,0,0,0,0,0,0,2.53855719324201,0,0
1826,8,10,2000,2000,21272531,2,"ifeval_min30",2,3,2,3,0.05,0,0,0,0,0,0,0,2.81452250294387,0,0
1827,8,10,2000,2000,21272531,2,"ifeval_min30",2,3,2,3,0.05,0,0,0,0,0,0,0,2.05420661671087,-2.03328945534304,-2.58074140991084
1828,8,10,2000,2000,21272531,2,"ifeval_min30",2,3,2,3,0.05,0,0,0,0,0,0,0,2.39010339067318,0,0
1829,8,10,2000,2000,21272531,2,"ifeval_min30",2,3,2,3,0.05,0,0,0,0,0,0,0,2.32636940758675,0,0
1830,8,10,2000,2000,21272531,2,"ifeval_min30",2,3,2,3,0.05,0,0,0,0,0,0,0,2.96403527376242,0,0
1831,8,10,2000,2000,21272531,2,"ifeval_min30",2,3,2,3,0.05,0,0,0,0,0,0,0,2.41923482366838,0,0
1832,8,10,2000,2000,21272531,2,"ifeval_min30",2,3,2,3,0.05,0,0,0,0,-2.26135503849946,0,0,2.83766589267179,0,0
1833,8,10,2000,2000,21272531,2,"ifeval_min30",2,3,2,3,0.05,0,0,0,0,0,-2.4713587386068,0,2.47553082020022,-2.65478000789881,0
1834,8,10,2000,2000,21272531,2,"ifeval_min30",2,3,2,3,0.05,0,0,0,0,0,0,0,2.18837031326257,0,0
1835,8,10,2000,2000,21272531,2,"ifeval_min30",2,3,2,3,0.05,0,0,0,0,0,0,0,2.83932707598433,0,0
1836,8,10,2000,2000,21272531,2,"ifeval_min30",2,3,2,3,0.05,0,0,0,-2.33981237281114,0,0,0,2.71419242979027,0,0
1837,8,10,2000,2000,21272531,2,"ifeval_min30",2,3,2,3,0.05,0,0,0,0,0,0,0,2.04286738461815,0,0
1838,8,10,2000,2000,21272531,2,"ifeval_min30",2,3,2,3,0.05,0,0,0,0,0,0,0,2.16850899602287,0,0
1839,8,10,2000,2000,21272531,2,"ifeval_min30",2,3,2,3,0.05,0,0,0,0,0,0,0,2.78122794977389,0,0
1840,8,10,2000,2000,21272531,2,"ifeval_min30",2,3,2,3,0.05,0,0,0,0,0,0,0,2.63865885464475,0,-2.49159131478518
1841,8,10,2000,2000,21272531,2,"ifeval_min30",2,3,2,3,0.05,0,0,0,0,0,2.6265915594995,0,2.98420079983771,0,-2.17790418537334
1842,8,10,2000,2000,21272531,2,"ifeval_min30",2,3,2,3,0.05,0,0,0,0,0,0,0,2.35636611608788,0,0
1843,8,10,2000,2000,21272531,2,"ifeval_min30",2,3,2,3,0.05,0,0,0,0,0,0,0,2.36450221133418,0,0
1844,8,10,2000,2000,21272531,2,"ifeval_min30",2,3,2,3,0.05,0,2.86538794217631,0,0,0,0,0,2.60725201736204,0,0
1845,8,10,2000,2000,21272531,2,"ifeval_min30",2,3,2,3,0.05,0,2.42535784095526,0,0,0,0,0,2.27588353562169,0,0
1846,8,10,2000,2000,21272531,2,"ifeval_min30",2,3,2,3,0.05,0,0,0,0,0,0,0,2.10442377557047,0,0
1847,8,10,2000,2000,21272531,2,"ifeval_min30",2,3,2,3,0.05,-2.17569166678004,0,0,0,0,0,0,2.62418439961039,0,0
1848,8,10,2000,2000,21272531,2,"ifeval_min30",2,3,2,3,0.05,0,0,0,0,0,0,0,2.62824212713167,0,0
1849,8,10,2000,2000,21272531,2,"ifeval_min30",2,3,2,3,0.05,0,0,0,0,0,0,-2.4824828824494,2.66696297796443,0,0
1850,8,10,2000,2000,21272531,2,"ifeval_min30",2,3,2,3,0.05,0,0,0,0,0,0,0,2.54790753708221,0,0
1851,8,10,2000,2000,21272531,2,"ifeval_min30",2,3,2,3,0.05,0,0,0,0,-2.81317202793434,0,0,2.27447803318501,0,0
1852,8,10,2000,2000,21272531,2,"ifeval_min30",2,3,2,3,0.05,0,0,-2.92539480165578,0,2.08085222984664,0,-2.79838503664359,2.08395846234635,0,0
1853,8,10,2000,2000,21272531,2,"ifeval_min30",2,3,2,3,0.05,0,0,0,0,0,0,0,2.54415142396465,0,0
1854,8,10,2000,2000,21272531,2,"ifeval_min30",2,3,2,3,0.05,2.85582881607115,0,0,0,0,0,0,2.7930131778121,0,0
1855,9,10,2000,2000,21272531,2,"ifeval_min30",2,3,2,3,0.05,0,0,0,0,0,0,0,0,2.99110699188896,0
1856,9,10,2000,2000,21272531,2,"ifeval_min30",2,3,2,3,0.05,0,0,0,0,0,0,2.564774885308,0,2.93198006809689,0
1857,9,10,2000,2000,21272531,2,"ifeval_min30",2,3,2,3,0.05,-2.49919311585836,0,0,0,0,0,0,0,2.11397297168151,0
1858,9,10,2000,2000,21272531,2,"ifeval_min30",2,3,2,3,0.05,2.59819849510677,0,0,0,0,0,0,0,2.97732921293937,0
1859,9,10,2000,2000,21272531,2,"ifeval_min30",2,3,2,3,0.05,0,0,0,0,0,0,0,0,2.94428618228994,0
1860,9,10,2000,2000,21272531,2,"ifeval_min30",2,3,2,3,0.05,0,0,0,0,0,0,-2.90693437191658,0,2.09957422083244,0
1861,9,10,2000,2000,21272531,2,"ifeval_min30",2,3,2,3,0.05,0,0,0,2.23796171089634,0,0,0,0,2.95701815374196,0
1862,9,10,2000,2000,21272531,2,"ifeval_min30",2,3,2,3,0.05,0,0,0,0,0,0,0,0,2.12722881301306,0
1863,9,10,2000,2000,21272531,2,"ifeval_min30",2,3,2,3,0.05,0,0,0,0,0,0,0,0,2.32338129309937,0
1864,9,10,2000,2000,21272531,2,"ifeval_min30",2,3,2,3,0.05,0,2.24551383685321,0,0,0,0,0,0,2.95046827150509,0
1865,9,10,2000,2000,21272531,2,"ifeval_min30",2,3,2,3,0.05,0,0,0,0,0,0,0,0,2.887350454228,0
1866,9,10,2000,2000,21272531,2,"ifeval_min30",2,3,2,3,0.05,0,0,0,0,0,-2.69207252748311,0,0,2.16974252718501,0
1867,9,10,2000,2000,21272531,2,"ifeval_min30",2,3,2,3,0.05,0,0,0,0,0,0,0,0,2.20811876375228,0
1868,9,10,2000,2000,21272531,2,"ifeval_min30",2,3,2,3,0.05,0,0,0,0,0,0,0,2.90985990595073,2.78017217316665,0
1869,9,10,2000,2000,21272531,2,"ifeval_min30",2,3,2,3,0.05,0,0,0,0,0,0,0,0,2.02435725112446,0
1870,9,10,2000,2000,21272531,2,"ifeval_min30",2,3,2,3,0.05,0,0,0,0,0,0,0,0,2.04971693106927,0
1871,9,10,2000,2000,21272531,2,"ifeval_min30",2,3,2,3,0.05,0,0,-2.61478843493387,0,0,0,0,0,2.5736557727214,0
1872,9,10,2000,2000,21272531,2,"ifeval_min30",2,3,2,3,0.05,0,0,0,0,0,0,0,0,2.56599912280217,0
1873,9,10,2000,2000,21272531,2,"ifeval_min30",2,3,2,3,0.05,0,0,0,0,0,0,0,0,2.077963470947,0
1874,9,10,2000,2000,21272531,2,"ifeval_min30",2,3,2,3,0.05,0,0,0,0,0,0,0,0,2.74343800148927,2.99451835313812
1875,9,10,2000,2000,21272531,2,"ifeval_min30",2,3,2,3,0.05,0,2.38533059321344,0,-2.49318723962642,0,0,0,0,2.94549471465871,0
1876,9,10,2000,2000,21272531,2,"ifeval_min30",2,3,2,3,0.05,0,0,-2.09469008073211,0,0,0,0,0,2.22747049923055,0
1877,9,10,2000,2000,21272531,2,"ifeval_min30",2,3,2,3,0.05,0,0,0,0,0,0,0,2.16128133167513,2.33285376545973,0
1878,9,10,2000,2000,21272531,2,"ifeval_min30",2,3,2,3,0.05,0,0,0,0,0,0,0,0,2.2931815343909,0
1879,9,10,2000,2000,21272531,2,"ifeval_min30",2,3,2,3,0.05,0,0,0,0,0,0,0,0,2.49028478725813,0
1880,9,10,2000,2000,21272531,2,"ifeval_min30",2,3,2,3,0.05,0,0,0,0,0,0,0,0,2.10627486812882,0
1881,9,10,2000,2000,21272531,2,"ifeval_min30",2,3,2,3,0.05,0,0,0,0,0,0,0,0,2.21189143927768,0
1882,9,10,2000,2000,21272531,2,"ifeval_min30",2,3,2,3,0.05,0,0,0,0,0,0,-2.26259515387937,0,2.39363006176427,0
1883,9,10,2000,2000,21272531,2,"ifeval_min30",2,3,2,3,0.05,0,0,0,0,0,0,0,0,2.28144329483621,0
1884,9,10,2000,2000,21272531,2,"ifeval_min30",2,3,2,3,0.05,0,0,0,0,0,0,0,-2.85926296398975,2.99270765227266,0
1885,9,10,2000,2000,21272531,2,"ifeval_min30",2,3,2,3,0.05,0,0,0,0,0,2.3586188997142,0,0,2.53227443387732,0
1886,9,10,2000,2000,21272531,2,"ifeval_min30",2,3,2,3,0.05,0,0,0,0,0,0,0,0,2.26143813622184,0
1887,9,10,2000,2000,21272531,2,"ifeval_min30",2,3,2,3,0.05,0,0,0,0,0,0,0,0,2.33187059033662,0
1888,9,10,2000,2000,21272531,2,"ifeval_min30",2,3,2,3,0.05,0,0,0,0,0,0,0,0,2.861961401999,0
1889,9,10,2000,2000,21272531,2,"ifeval_min30",2,3,2,3,0.05,0,-2.89690456166863,0,0,0,0,0,0,2.50051485328004,0
1890,9,10,2000,2000,21272531,2,"ifeval_min30",2,3,2,3,0.05,0,0,0,0,0,0,0,0,2.83570109680295,0
1891,9,10,2000,2000,21272531,2,"ifeval_min30",2,3,2,3,0.05,0,-2.05131289735436,0,0,0,0,0,2.37005071877502,2.3116911672987,0
1892,9,10,2000,2000,21272531,2,"ifeval_min30",2,3,2,3,0.05,0,0,0,2.30936500825919,0,0,0,2.7562673301436,2.03947219229303,0
1893,9,10,2000,2000,21272531,2,"ifeval_min30",2,3,2,3,0.05,0,0,0,0,0,0,0,0,2.01786374277435,0
1894,9,10,2000,2000,21272531,2,"ifeval_min30",2,3,2,3,0.05,0,0,0,0,0,0,0,0,2.16873536095954,0
1895,9,10,2000,2000,21272531,2,"ifeval_min30",2,3,2,3,0.05,0,0,0,0,0,0,0,0,2.93466503894888,0
1896,9,10,2000,2000,21272531,2,"ifeval_min30",2,3,2,3,0.05,0,0,0,0,-2.17893342766911,0,0,0,2.0703858435154,0
1897,9,10,2000,2000,21272531,2,"ifeval_min30",2,3,2,3,0.05,0,0,0,0,0,0,0,0,2.45958114834502,0
1898,9,10,2000,2000,21272531,2,"ifeval_min30",2,3,2,3,0.05,0,0,0,2.59052824275568,0,0,0,0,2.26988309435546,0
1899,9,10,2000,2000,21272531,2,"ifeval_min30",2,3,2,3,0.05,0,0,0,0,0,0,0,0,2.08269136329181,0
1900,9,10,2000,2000,21272531,2,"ifeval_min30",2,3,2,3,0.05,0,0,0,0,0,0,0,0,2.19830759358592,0
1901,9,10,2000,2000,21272531,2,"ifeval_min30",2,3,2,3,0.05,2.91452609747648,0,0,0,0,0,0,0,2.11133994092233,0
1902,9,10,2000,2000,21272531,2,"ifeval_min30",2,3,2,3,0.05,0,0,0,0,0,0,0,0,2.19370475434698,0
1903,9,10,2000,2000,21272531,2,"ifeval_min30",2,3,2,3,0.05,0,0,0,0,0,0,0,0,2.01476586028002,0
1904,9,10,2000,2000,21272531,2,"ifeval_min30",2,3,2,3,0.05,0,0,0,0,0,0,0,0,2.25696306955069,0
1905,9,10,2000,2000,21272531,2,"ifeval_min30",2,3,2,3,0.05,0,0,0,0,0,0,0,0,2.78286959626712,0
1906,9,10,2000,2000,21272531,2,"ifeval_min30",2,3,2,3,0.05,0,0,0,0,0,0,0,0,2.31255727517419,0
1907,9,10,2000,2000,21272531,2,"ifeval_min30",2,3,2,3,0.05,0,0,0,0,0,0,0,0,2.44827039074153,0
1908,9,10,2000,2000,21272531,2,"ifeval_min30",2,3,2,3,0.05,0,0,0,0,0,0,2.09523636475205,0,2.71174828126095,0
1909,9,10,2000,2000,21272531,2,"ifeval_min30",2,3,2,3,0.05,0,0,0,0,0,0,0,0,2.0786495890934,0
1910,9,10,2000,2000,21272531,2,"ifeval_min30",2,3,2,3,0.05,0,0,0,0,2.72424580785446,0,-2.64469374925829,0,2.94736880343407,2.59243820770644
1911,9,10,2000,2000,21272531,2,"ifeval_min30",2,3,2,3,0.05,0,0,0,0,0,0,0,0,2.2563491363544,0
1912,9,10,2000,2000,21272531,2,"ifeval_min30",2,3,2,3,0.05,0,0,0,2.1149907275103,0,0,0,0,2.24286891473457,0
1913,9,10,2000,2000,21272531,2,"ifeval_min30",2,3,2,3,0.05,0,0,0,0,0,0,0,0,2.02238046540879,0
1914,9,10,2000,2000,21272531,2,"ifeval_min30",2,3,2,3,0.05,0,0,0,0,0,0,0,0,2.29638197552413,0
1915,9,10,2000,2000,21272531,2,"ifeval_min30",2,3,2,3,0.05,0,0,0,0,0,0,0,0,2.42427425598726,0
1916,9,10,2000,2000,21272531,2,"ifeval_min30",2,3,2,3,0.05,0,0,0,0,0,0,0,0,2.05663556652144,0
1917,9,10,2000,2000,21272531,2,"ifeval_min30",2,3,2,3,0.05,0,0,0,0,0,0,0,0,2.51805605692789,0
1918,9,10,2000,2000,21272531,2,"ifeval_min30",2,3,2,3,0.05,0,0,0,0,0,-2.39522567600943,0,2.40948811150156,2.44668541359715,0
1919,9,10,2000,2000,21272531,2,"ifeval_min30",2,3,2,3,0.05,0,0,0,0,0,0,2.98308557854034,0,2.35645610885695,0
1920,9,10,2000,2000,21272531,2,"ifeval_min30",2,3,2,3,0.05,0,0,0,0,0,0,0,0,2.1094248984009,0
1921,9,10,2000,2000,21272531,2,"ifeval_min30",2,3,2,3,0.05,0,0,0,0,0,0,0,0,2.60977698303759,0
1922,9,10,2000,2000,21272531,2,"ifeval_min30",2,3,2,3,0.05,0,0,0,0,2.15158230368979,0,0,0,2.00609337096103,0
1923,9,10,2000,2000,21272531,2,"ifeval_min30",2,3,2,3,0.05,0,0,0,0,0,0,0,0,2.7700984661933,0
1924,9,10,2000,2000,21272531,2,"ifeval_min30",2,3,2,3,0.05,2.50690508005209,0,0,0,0,0,0,0,2.91668480914086,0
1925,9,10,2000,2000,21272531,2,"ifeval_min30",2,3,2,3,0.05,0,0,0,-2.47524317866191,0,0,0,0,2.39645190630108,0
1926,9,10,2000,2000,21272531,2,"ifeval_min30",2,3,2,3,0.05,0,0,0,0,0,0,-2.7942191530019,0,2.60760108637623,0
1927,9,10,2000,2000,21272531,2,"ifeval_min30",2,3,2,3,0.05,0,0,0,0,0,0,0,0,2.19106862926856,0
1928,9,10,2000,2000,21272531,2,"ifeval_min30",2,3,2,3,0.05,0,0,0,0,0,0,0,0,2.21830123011023,0
1929,9,10,2000,2000,21272531,2,"ifeval_min30",2,3,2,3,0.05,0,0,0,0,0,0,0,0,2.50660177576356,0
1930,9,10,2000,2000,21272531,2,"ifeval_min30",2,3,2,3,0.05,0,0,0,0,0,0,0,2.31538207130507,2.11862095142715,0
1931,10,10,2000,2000,21272531,2,"ifeval_min30",2,3,2,3,0.05,0,0,0,0,0,0,0,0,0,2.39837259077467
1932,10,10,2000,2000,21272531,2,"ifeval_min30",2,3,2,3,0.05,0,0,0,0,0,0,0,0,0,2.31172379478812
1933,10,10,2000,2000,21272531,2,"ifeval_min30",2,3,2,3,0.05,0,0,0,0,-2.90763818169944,-2.04111793148331,0,0,0,2.62537186034024
1934,10,10,2000,2000,21272531,2,"ifeval_min30",2,3,2,3,0.05,0,0,0,0,0,0,0,0,0,2.1545004977379
1935,10,10,2000,2000,21272531,2,"ifeval_min30",2,3,2,3,0.05,0,0,0,0,0,-2.28788776975125,0,0,0,2.77941579883918
1936,10,10,2000,2000,21272531,2,"ifeval_min30",2,3,2,3,0.05,0,0,0,0,0,0,0,0,-2.57355916523375,2.2885941141285
1937,10,10,2000,2000,21272531,2,"ifeval_min30",2,3,2,3,0.05,0,2.42106790677644,0,0,0,0,0,0,0,2.4256272430066
1938,10,10,2000,2000,21272531,2,"ifeval_min30",2,3,2,3,0.05,0,0,0,0,0,0,0,0,0,2.86341583472677
1939,10,10,2000,2000,21272531,2,"ifeval_min30",2,3,2,3,0.05,0,0,0,0,2.52581011527218,0,0,0,2.77879629540257,2.04471141914837
1940,10,10,2000,2000,21272531,2,"ifeval_min30",2,3,2,3,0.05,0,0,0,0,0,0,0,-2.32655377755873,0,2.16718627838418
1941,10,10,2000,2000,21272531,2,"ifeval_min30",2,3,2,3,0.05,0,0,0,0,-2.61480747442693,0,0,0,0,2.3537275288254
1942,10,10,2000,2000,21272531,2,"ifeval_min30",2,3,2,3,0.05,0,0,0,0,0,0,0,0,0,2.70558772608638
1943,10,10,2000,2000,21272531,2,"ifeval_min30",2,3,2,3,0.05,0,0,0,0,0,0,0,0,0,2.96107316436246
1944,10,10,2000,2000,21272531,2,"ifeval_min30",2,3,2,3,0.05,0,0,0,0,0,0,0,0,-2.45391735737212,2.02749065146782
1945,10,10,2000,2000,21272531,2,"ifeval_min30",2,3,2,3,0.05,0,0,0,0,0,0,0,0,0,2.99410969996825
1946,10,10,2000,2000,21272531,2,"ifeval_min30",2,3,2,3,0.05,0,0,0,0,0,0,0,0,0,2.26065556332469
1947,10,10,2000,2000,21272531,2,"ifeval_min30",2,3,2,3,0.05,0,0,0,0,0,0,0,0,0,2.95874555944465
1948,10,10,2000,2000,21272531,2,"ifeval_min30",2,3,2,3,0.05,0,0,0,0,0,0,0,0,-2.19573150086217,2.72109502111562
1949,10,10,2000,2000,21272531,2,"ifeval_min30",2,3,2,3,0.05,0,0,0,-2.5774518258404,2.74877902888693,0,0,0,0,2.62977841449901
1950,10,10,2000,2000,21272531,2,"ifeval_min30",2,3,2,3,0.05,0,0,0,0,0,0,0,0,0,2.33578368555754
1951,10,10,2000,2000,21272531,2,"ifeval_min30",2,3,2,3,0.05,0,0,0,0,0,0,0,0,0,2.05419417796656
1952,10,10,2000,2000,21272531,2,"ifeval_min30",2,3,2,3,0.05,0,0,0,0,0,0,0,0,0,2.59307043836452
1953,10,10,2000,2000,21272531,2,"ifeval_min30",2,3,2,3,0.05,0,0,0,0,0,0,0,-2.8430642997846,0,2.3438540128991
1954,10,10,2000,2000,21272531,2,"ifeval_min30",2,3,2,3,0.05,0,0,0,0,0,0,0,0,0,2.49548037350178
1955,10,10,2000,2000,21272531,2,"ifeval_min30",2,3,2,3,0.05,0,0,0,0,0,0,0,0,0,2.6543437205255
1956,10,10,2000,2000,21272531,2,"ifeval_min30",2,3,2,3,0.05,0,0,0,0,0,0,0,0,0,2.01063342392445
1957,10,10,2000,2000,21272531,2,"ifeval_min30",2,3,2,3,0.05,0,0,0,0,0,0,0,0,0,2.14851845381781
1958,10,10,2000,2000,21272531,2,"ifeval_min30",2,3,2,3,0.05,0,0,0,0,0,0,0,0,0,2.20278457202949
1959,10,10,2000,2000,21272531,2,"ifeval_min30",2,3,2,3,0.05,0,0,0,0,0,0,0,0,0,2.64164299773984
1960,10,10,2000,2000,21272531,2,"ifeval_min30",2,3,2,3,0.05,0,0,0,0,0,0,0,0,0,2.64977242960595
1961,10,10,2000,2000,21272531,2,"ifeval_min30",2,3,2,3,0.05,0,0,0,0,2.03830983769149,0,0,0,0,2.47022705967538
1962,10,10,2000,2000,21272531,2,"ifeval_min30",2,3,2,3,0.05,0,0,0,0,0,0,0,0,0,2.96919894660823
1963,10,10,2000,2000,21272531,2,"ifeval_min30",2,3,2,3,0.05,0,0,0,0,0,0,0,0,0,2.21133001986891
1964,10,10,2000,2000,21272531,2,"ifeval_min30",2,3,2,3,0.05,0,0,0,0,2.38457235740498,0,0,-2.04165236419067,0,2.34399683913216
1965,10,10,2000,2000,21272531,2,"ifeval_min30",2,3,2,3,0.05,0,0,0,0,0,0,0,0,0,2.05592781305313
1966,10,10,2000,2000,21272531,2,"ifeval_min30",2,3,2,3,0.05,2.29460824443959,0,0,0,0,0,0,-2.54750552074984,0,2.39494856470264
1967,10,10,2000,2000,21272531,2,"ifeval_min30",2,3,2,3,0.05,0,0,0,0,0,0,0,0,0,2.08544824202545
1968,10,10,2000,2000,21272531,2,"ifeval_min30",2,3,2,3,0.05,0,0,0,0,0,0,0,0,0,2.8995678438805
1969,10,10,2000,2000,21272531,2,"ifeval_min30",2,3,2,3,0.05,0,0,0,0,0,0,0,0,0,2.32664450001903
1970,10,10,2000,2000,21272531,2,"ifeval_min30",2,3,2,3,0.05,0,0,0,0,0,0,0,0,0,2.96282888785936
1971,10,10,2000,2000,21272531,2,"ifeval_min30",2,3,2,3,0.05,2.91413713362999,0,0,0,0,2.07634660066105,0,-2.26221381034702,0,2.98651688918471
1972,10,10,2000,2000,21272531,2,"ifeval_min30",2,3,2,3,0.05,0,0,0,0,0,0,0,0,2.59948340337723,2.23938367469236
1973,10,10,2000,2000,21272531,2,"ifeval_min30",2,3,2,3,0.05,0,0,0,0,0,0,0,0,0,2.16449231351726
1974,10,10,2000,2000,21272531,2,"ifeval_min30",2,3,2,3,0.05,0,0,0,0,0,0,0,0,0,2.83575588837266
1975,10,10,2000,2000,21272531,2,"ifeval_min30",2,3,2,3,0.05,0,0,0,0,0,0,0,0,0,2.67136012297124
1976,10,10,2000,2000,21272531,2,"ifeval_min30",2,3,2,3,0.05,0,0,0,0,0,0,0,0,0,2.15137143433094
1977,10,10,2000,2000,21272531,2,"ifeval_min30",2,3,2,3,0.05,0,2.67524801241234,0,0,0,0,0,0,0,2.43436099984683
1978,10,10,2000,2000,21272531,2,"ifeval_min30",2,3,2,3,0.05,0,0,0,0,0,0,0,0,0,2.25021754601039
1979,10,10,2000,2000,21272531,2,"ifeval_min30",2,3,2,3,0.05,0,0,0,0,0,0,0,0,0,2.61969225108624
1980,10,10,2000,2000,21272531,2,"ifeval_min30",2,3,2,3,0.05,0,0,0,0,0,0,0,0,0,2.18157430272549
1981,10,10,2000,2000,21272531,2,"ifeval_min30",2,3,2,3,0.05,0,0,0,0,0,0,0,0,0,2.0492429076694
1982,10,10,2000,2000,21272531,2,"ifeval_min30",2,3,2,3,0.05,0,0,0,0,0,0,0,0,0,2.68329959618859
1983,10,10,2000,2000,21272531,2,"ifeval_min30",2,3,2,3,0.05,0,0,0,0,0,0,0,0,0,2.97722908784635
1984,10,10,2000,2000,21272531,2,"ifeval_min30",2,3,2,3,0.05,0,0,0,0,0,0,0,0,0,2.02398194046691
1985,10,10,2000,2000,21272531,2,"ifeval_min30",2,3,2,3,0.05,0,0,0,0,0,0,-2.3558241489809,0,0,2.97034381981939
1986,10,10,2000,2000,21272531,2,"ifeval_min30",2,3,2,3,0.05,0,0,0,0,0,0,0,2.32217982434668,0,2.05334041384049
1987,10,10,2000,2000,21272531,2,"ifeval_min30",2,3,2,3,0.05,0,0,-2.96656549652107,0,0,0,0,0,0,2.67639693361707
1988,10,10,2000,2000,21272531,2,"ifeval_min30",2,3,2,3,0.05,0,0,0,0,0,0,0,2.63448503357358,0,2.58622087794356
1989,10,10,2000,2000,21272531,2,"ifeval_min30",2,3,2,3,0.05,0,0,0,0,0,0,0,0,0,2.16311644739471
1990,10,10,2000,2000,21272531,2,"ifeval_min30",2,3,2,3,0.05,0,0,0,0,0,0,0,0,0,2.60050833015703
1991,10,10,2000,2000,21272531,2,"ifeval_min30",2,3,2,3,0.05,0,0,0,0,0,0,-2.14543616585433,0,0,2.41852937242948
1992,10,10,2000,2000,21272531,2,"ifeval_min30",2,3,2,3,0.05,0,0,0,0,0,0,0,0,0,2.93113145930693
1993,10,10,2000,2000,21272531,2,"ifeval_min30",2,3,2,3,0.05,0,0,0,0,0,0,0,0,0,2.25604819646105
1994,10,10,2000,2000,21272531,2,"ifeval_min30",2,3,2,3,0.05,0,0,2.06056981207803,0,0,0,0,0,0,2.74893669481389
1995,10,10,2000,2000,21272531,2,"ifeval_min30",2,3,2,3,0.05,0,0,0,0,0,0,0,0,0,2.19981359574012
1996,10,10,2000,2000,21272531,2,"ifeval_min30",2,3,2,3,0.05,0,0,0,0,0,0,0,0,0,2.2728631531354
1997,10,10,2000,2000,21272531,2,"ifeval_min30",2,3,2,3,0.05,0,0,0,0,0,0,0,0,0,2.9684530235827
1998,10,10,2000,2000,21272531,2,"ifeval_min30",2,3,2,3,0.05,0,0,0,0,0,0,0,0,0,2.84771758178249
1999,10,10,2000,2000,21272531,2,"ifeval_min30",2,3,2,3,0.05,0,0,0,0,0,0,0,0,0,2.71963058738038
2000,10,10,2000,2000,21272531,2,"ifeval_min30",2,3,2,3,0.05,0,0,0,0,0,0,0,0,0,2.98212995543145
