"item","block","H","p","p_master","loading_seed","separation","block_size_mode","primary_loading_min","primary_loading_max","cross_loading_min","cross_loading_max","cross_loading_prob","F1","F2","F3","F4","F5","F6","F7","F8","F9","F10"
1,1,10,1000,2000,21272531,2,"ifeval_min30",2,3,2,3,0.05,2.66642105602659,0,0,0,0,0,-2.59515826147981,0,0,0
2,1,10,1000,2000,21272531,2,"ifeval_min30",2,3,2,3,0.05,2.40171073935926,0,0,-2.74902609642595,0,0,0,0,0,0
3,1,10,1000,2000,21272531,2,"ifeval_min30",2,3,2,3,0.05,2.128549272893,0,0,0,0,0,0,0,0,0
4,1,10,1000,2000,21272531,2,"ifeval_min30",2,3,2,3,0.05,2.91930621745996,0,0,0,0,0,0,0,0,0
5,1,10,1000,2000,21272531,2,"ifeval_min30",2,3,2,3,0.05,2.15014948090538,0,0,0,0,0,0,0,0,0
6,1,10,1000,2000,21272531,2,"ifeval_min30",2,3,2,3,0.05,2.75938504072838,0,0,0,0,0,0,0,0,0
7,1,10,1000,2000,21272531,2,"ifeval_min30",2,3,2,3,0.05,2.81819585314952,0,0,0,0,0,0,0,-2.70731179788709,0
8,1,10,1000,2000,21272531,2,"ifeval_min30",2,3,2,3,0.05,2.3032113420777,0,0,0,0,0,0,0,0,0
9,1,10,1000,2000,21272531,2,"ifeval_min30",2,3,2,3,0.05,2.43238579831086,0,0,0,2.17721716454253,0,0,0,0,0
10,1,10,1000,2000,21272531,2,"ifeval_min30",2,3,2,3,0.05,2.25454880413599,0,0,0,0,0,0,0,0,0
11,1,10,1000,2000,21272531,2,"ifeval_min30",2,3,2,3,0.05,2.19501245766878,0,0,0,0,0,0,0,0,-2.49415047792718
12,1,10,1000,2000,21272531,2,"ifeval_min30",2,3,2,3,0.05,2.44448423967697,-2.14827240817249,0,0,0,0,0,-2.33018979988992,0,0
13,1,10,1000,2000,21272531,2,"ifeval_min30",2,3,2,3,0.05,2.52691105450504,0,0,0,0,0,0,0,0,0
14,1,10,1000,2000,21272531,2,"ifeval_min30",2,3,2,3,0.05,2.32295300415717,0,0,0,0,2.0363722818438,0,0,0,0
15,1,10,1000,2000,21272531,2,"ifeval_min30",2,3,2,3,0.05,2.43798002670519,0,0,0,0,0,0,0,0,0
16,1,10,1000,2000,21272531,2,"ifeval_min30",2,3,2,3,0.05,2.19751647277735,0,0,0,0,0,0,2.27562036341988,0,0
17,1,10,1000,2000,21272531,2,"ifeval_min30",2,3,2,3,0.05,2.20516954408959,0,0,0,0,0,0,0,0,0
18,1,10,1000,2000,21272531,2,"ifeval_min30",2,3,2,3,0.05,2.12058361223899,0,0,0,0,0,0,0,0,0
19,1,10,1000,2000,21272531,2,"ifeval_min30",2,3,2,3,0.05,2.92204874008894,0,0,0,0,0,0,0,0,0
20,1,10,1000,2000,21272531,2,"ifeval_min30",2,3,2,3,0.05,2.78055283986032,0,0,0,2.80330325849354,0,0,0,0,0
21,1,10,1000,2000,21272531,2,"ifeval_min30",2,3,2,3,0.05,2.02715790690854,0,0,0,0,0,0,0,0,0
22,1,10,1000,2000,21272531,2,"ifeval_min30",2,3,2,3,0.05,2.77204071544111,0,0,0,0,0,0,0,0,0
23,1,10,1000,2000,21272531,2,"ifeval_min30",2,3,2,3,0.05,2.56679436611012,0,0,0,-2.54517924576066,0,0,0,0,0
24,1,10,1000,2000,21272531,2,"ifeval_min30",2,3,2,3,0.05,2.71574206906371,0,0,0,0,0,0,0,0,0
25,1,10,1000,2000,21272531,2,"ifeval_min30",2,3,2,3,0.05,2.49728905432858,0,0,0,0,0,-2.51585192373022,0,0,0
26,1,10,1000,2000,21272531,2,"ifeval_min30",2,3,2,3,0.05,2.85623800545,0,0,0,0,0,0,0,0,0
27,1,10,1000,2000,21272531,2,"ifeval_min30",2,3,2,3,0.05,2.51857285015285,0,0,0,0,0,0,0,0,0
28,1,10,1000,2000,21272531,2,"ifeval_min30",2,3,2,3,0.05,2.99400719348341,0,0,0,2.50872747320682,0,0,0,0,0
29,1,10,1000,2000,21272531,2,"ifeval_min30",2,3,2,3,0.05,2.88488119328395,0,0,0,0,0,0,0,0,0
30,1,10,1000,2000,21272531,2,"ifeval_min30",2,3,2,3,0.05,2.02373236045241,0,0,0,0,0,0,-2.4522427523043,0,0
31,1,10,1000,2000,21272531,2,"ifeval_min30",2,3,2,3,0.05,2.64565813355148,0,0,0,0,0,0,0,0,0
32,1,10,1000,2000,21272531,2,"ifeval_min30",2,3,2,3,0.05,2.47458886355162,0,0,0,0,0,2.42257702630013,0,0,0
33,1,10,1000,2000,21272531,2,"ifeval_min30",2,3,2,3,0.05,2.90964462468401,2.19418875779957,0,0,0,0,0,0,0,0
34,1,10,1000,2000,21272531,2,"ifeval_min30",2,3,2,3,0.05,2.05476657906547,0,0,0,0,0,0,0,0,0
35,1,10,1000,2000,21272531,2,"ifeval_min30",2,3,2,3,0.05,2.6507464570459,0,0,0,0,0,2.58334380295128,0,0,0
36,1,10,1000,2000,21272531,2,"ifeval_min30",2,3,2,3,0.05,2.93790512019768,0,0,2.06121189449914,0,0,0,0,0,0
37,1,10,1000,2000,21272531,2,"ifeval_min30",2,3,2,3,0.05,2.2951173579786,0,0,0,0,0,0,0,0,0
38,1,10,1000,2000,21272531,2,"ifeval_min30",2,3,2,3,0.05,2.17753317439929,0,0,0,0,0,0,0,0,0
39,1,10,1000,2000,21272531,2,"ifeval_min30",2,3,2,3,0.05,2.05687183816917,0,0,0,0,0,-2.39098949753679,0,0,0
40,1,10,1000,2000,21272531,2,"ifeval_min30",2,3,2,3,0.05,2.98461762000807,0,0,0,0,2.88850215054117,0,0,0,0
41,1,10,1000,2000,21272531,2,"ifeval_min30",2,3,2,3,0.05,2.79099404648878,0,0,0,0,0,0,0,2.31226553954184,0
42,1,10,1000,2000,21272531,2,"ifeval_min30",2,3,2,3,0.05,2.46915814559907,0,0,0,0,0,0,0,0,0
43,1,10,1000,2000,21272531,2,"ifeval_min30",2,3,2,3,0.05,2.52306809765287,0,0,0,0,0,0,0,0,0
44,1,10,1000,2000,21272531,2,"ifeval_min30",2,3,2,3,0.05,2.61835342366248,0,0,0,-2.55114438058808,0,0,0,0,0
45,1,10,1000,2000,21272531,2,"ifeval_min30",2,3,2,3,0.05,2.25959780067205,0,0,0,0,0,0,0,0,0
46,1,10,1000,2000,21272531,2,"ifeval_min30",2,3,2,3,0.05,2.20967056811787,0,0,0,0,0,0,0,0,0
47,1,10,1000,2000,21272531,2,"ifeval_min30",2,3,2,3,0.05,2.66563286911696,0,-2.65473715309054,0,0,0,0,0,0,0
48,1,10,1000,2000,21272531,2,"ifeval_min30",2,3,2,3,0.05,2.43305551051162,0,2.99853760632686,-2.11700505693443,0,0,0,0,0,0
49,1,10,1000,2000,21272531,2,"ifeval_min30",2,3,2,3,0.05,2.08394748484716,0,0,0,0,2.89656481612474,0,0,0,0
50,1,10,1000,2000,21272531,2,"ifeval_min30",2,3,2,3,0.05,2.66589486738667,0,0,0,0,0,0,0,0,0
51,1,10,1000,2000,21272531,2,"ifeval_min30",2,3,2,3,0.05,2.5057356976904,0,0,0,0,0,0,0,0,0
52,1,10,1000,2000,21272531,2,"ifeval_min30",2,3,2,3,0.05,2.3987986871507,0,0,0,0,0,0,-2.63963190931827,0,0
53,1,10,1000,2000,21272531,2,"ifeval_min30",2,3,2,3,0.05,2.75329508259892,0,0,0,0,0,0,0,0,0
54,1,10,1000,2000,21272531,2,"ifeval_min30",2,3,2,3,0.05,2.00517158978619,0,0,0,0,0,0,0,2.02264845347963,0
55,1,10,1000,2000,21272531,2,"ifeval_min30",2,3,2,3,0.05,2.20424036518671,0,0,0,0,0,0,0,-2.17982950806618,0
56,1,10,1000,2000,21272531,2,"ifeval_min30",2,3,2,3,0.05,2.07968486449681,0,0,0,0,0,0,0,0,0
57,1,10,1000,2000,21272531,2,"ifeval_min30",2,3,2,3,0.05,2.84759088931605,0,0,0,0,0,0,0,-2.58125953585841,0
58,1,10,1000,2000,21272531,2,"ifeval_min30",2,3,2,3,0.05,2.55917934072204,-2.49193918006495,0,0,0,0,0,0,-2.93629727582447,0
59,1,10,1000,2000,21272531,2,"ifeval_min30",2,3,2,3,0.05,2.39855189039372,0,-2.63917722390033,0,0,0,0,0,0,0
60,1,10,1000,2000,21272531,2,"ifeval_min30",2,3,2,3,0.05,2.27098795305938,0,2.04769698344171,0,0,0,0,0,0,0
61,1,10,1000,2000,21272531,2,"ifeval_min30",2,3,2,3,0.05,2.06672445591539,0,0,0,0,0,0,0,0,0
62,1,10,1000,2000,21272531,2,"ifeval_min30",2,3,2,3,0.05,2.23501764959656,0,0,0,0,0,0,0,0,0
63,1,10,1000,2000,21272531,2,"ifeval_min30",2,3,2,3,0.05,2.83806690061465,0,0,0,0,0,0,0,0,0
64,1,10,1000,2000,21272531,2,"ifeval_min30",2,3,2,3,0.05,2.73470209934749,0,0,0,0,0,0,0,0,0
65,1,10,1000,2000,21272531,2,"ifeval_min30",2,3,2,3,0.05,2.90591868944466,0,0,0,0,0,0,0,0,0
66,1,10,1000,2000,21272531,2,"ifeval_min30",2,3,2,3,0.05,2.51262638601474,0,0,0,0,0,0,2.56666888017207,0,0
67,1,10,1000,2000,21272531,2,"ifeval_min30",2,3,2,3,0.05,2.70053597097285,-2.62329396302812,0,-2.77740461123176,2.2089542769827,0,0,0,0,0
68,1,10,1000,2000,21272531,2,"ifeval_min30",2,3,2,3,0.05,2.89881160994992,0,0,0,0,0,0,0,0,0
69,1,10,1000,2000,21272531,2,"ifeval_min30",2,3,2,3,0.05,2.10897242790088,0,0,0,0,0,0,0,0,0
70,1,10,1000,2000,21272531,2,"ifeval_min30",2,3,2,3,0.05,2.50030713248998,0,0,0,0,0,0,0,0,0
71,1,10,1000,2000,21272531,2,"ifeval_min30",2,3,2,3,0.05,2.93500949325971,0,0,0,0,0,0,0,0,0
72,1,10,1000,2000,21272531,2,"ifeval_min30",2,3,2,3,0.05,2.91675863321871,0,0,0,0,0,0,0,0,0
73,1,10,1000,2000,21272531,2,"ifeval_min30",2,3,2,3,0.05,2.58875515428372,0,0,0,0,0,0,0,0,0
74,1,10,1000,2000,21272531,2,"ifeval_min30",2,3,2,3,0.05,2.14557846123353,0,0,0,0,0,0,0,0,0
75,1,10,1000,2000,21272531,2,"ifeval_min30",2,3,2,3,0.05,2.28643456078134,0,0,0,0,0,0,0,0,0
76,1,10,1000,2000,21272531,2,"ifeval_min30",2,3,2,3,0.05,2.25069810007699,-2.91229804279283,0,0,0,0,0,0,0,0
77,1,10,1000,2000,21272531,2,"ifeval_min30",2,3,2,3,0.05,2.93371413531713,0,0,0,0,0,0,0,0,0
78,1,10,1000,2000,21272531,2,"ifeval_min30",2,3,2,3,0.05,2.71275002299808,0,0,0,0,0,0,0,2.84649808565155,0
79,1,10,1000,2000,21272531,2,"ifeval_min30",2,3,2,3,0.05,2.47311496338807,2.13776283385232,0,0,0,0,0,0,0,0
80,1,10,1000,2000,21272531,2,"ifeval_min30",2,3,2,3,0.05,2.39883219636977,-2.20576879940927,0,0,0,0,0,0,0,0
81,1,10,1000,2000,21272531,2,"ifeval_min30",2,3,2,3,0.05,2.05778387677856,0,0,0,-2.15856564021669,0,0,0,0,0
82,1,10,1000,2000,21272531,2,"ifeval_min30",2,3,2,3,0.05,2.74163366947323,0,0,0,0,0,0,0,0,0
83,1,10,1000,2000,21272531,2,"ifeval_min30",2,3,2,3,0.05,2.76994118886068,0,0,0,0,0,0,0,0,0
84,1,10,1000,2000,21272531,2,"ifeval_min30",2,3,2,3,0.05,2.98164780507796,0,0,0,0,0,0,0,0,0
85,1,10,1000,2000,21272531,2,"ifeval_min30",2,3,2,3,0.05,2.57819137815386,0,0,0,0,0,0,0,0,0
86,1,10,1000,2000,21272531,2,"ifeval_min30",2,3,2,3,0.05,2.51425483031198,0,0,0,-2.39767216774635,0,-2.76843454269692,0,0,0
87,1,10,1000,2000,21272531,2,"ifeval_min30",2,3,2,3,0.05,2.54317677137442,0,0,0,0,0,0,0,0,0
88,1,10,1000,2000,21272531,2,"ifeval_min30",2,3,2,3,0.05,2.10587841272354,0,0,0,0,0,-2.0241808234714,0,0,0
89,1,10,1000,2000,21272531,2,"ifeval_min30",2,3,2,3,0.05,2.11941105592996,0,0,0,0,0,0,0,0,0
90,1,10,1000,2000,21272531,2,"ifeval_min30",2,3,2,3,0.05,2.41430348530412,0,0,0,0,0,2.47352912626229,0,0,0
91,1,10,1000,2000,21272531,2,"ifeval_min30",2,3,2,3,0.05,2.57657022355124,0,0,0,0,0,0,0,0,0
92,1,10,1000,2000,21272531,2,"ifeval_min30",2,3,2,3,0.05,2.12040855945088,0,0,0,0,0,0,0,0,0
93,1,10,1000,2000,21272531,2,"ifeval_min30",2,3,2,3,0.05,2.21913677919656,0,0,0,0,0,2.35441048326902,0,0,0
94,1,10,1000,2000,21272531,2,"ifeval_min30",2,3,2,3,0.05,2.51893499935977,0,0,0,0,0,0,0,0,0
95,1,10,1000,2000,21272531,2,"ifeval_min30",2,3,2,3,0.05,2.9162484635599,0,0,0,0,0,0,0,0,0
96,1,10,1000,2000,21272531,2,"ifeval_min30",2,3,2,3,0.05,2.14231545757502,0,0,0,-2.80938991624862,0,0,0,0,0
97,1,10,1000,2000,21272531,2,"ifeval_min30",2,3,2,3,0.05,2.48724553640932,0,0,0,0,2.06045342655852,0,0,0,0
98,1,10,1000,2000,21272531,2,"ifeval_min30",2,3,2,3,0.05,2.54951785784215,0,2.62741775903851,0,0,0,0,0,0,0
99,1,10,1000,2000,21272531,2,"ifeval_min30",2,3,2,3,0.05,2.78041870938614,0,0,0,0,0,0,0,0,0
100,1,10,1000,2000,21272531,2,"ifeval_min30",2,3,2,3,0.05,2.89843862177804,0,0,0,0,0,0,0,0,0
101,1,10,1000,2000,21272531,2,"ifeval_min30",2,3,2,3,0.05,2.19413767661899,0,2.66053069522604,0,0,0,0,0,0,0
102,1,10,1000,2000,21272531,2,"ifeval_min30",2,3,2,3,0.05,2.56501455558464,0,0,0,0,0,0,0,0,0
103,1,10,1000,2000,21272531,2,"ifeval_min30",2,3,2,3,0.05,2.91830949974246,0,0,0,0,0,0,0,0,0
104,1,10,1000,2000,21272531,2,"ifeval_min30",2,3,2,3,0.05,2.10437055048533,0,0,0,0,0,0,0,0,0
105,1,10,1000,2000,21272531,2,"ifeval_min30",2,3,2,3,0.05,2.01661708205938,0,0,0,0,0,2.41963285650127,0,0,0
106,1,10,1000,2000,21272531,2,"ifeval_min30",2,3,2,3,0.05,2.80502930609509,0,0,0,0,0,-2.91576378978789,0,0,0
107,1,10,1000,2000,21272531,2,"ifeval_min30",2,3,2,3,0.05,2.20712668728083,0,0,0,0,0,0,0,0,0
108,1,10,1000,2000,21272531,2,"ifeval_min30",2,3,2,3,0.05,2.92973743774928,0,0,0,0,0,0,-2.77739567728713,0,0
109,1,10,1000,2000,21272531,2,"ifeval_min30",2,3,2,3,0.05,2.99831328121945,0,0,0,0,0,0,0,0,0
110,1,10,1000,2000,21272531,2,"ifeval_min30",2,3,2,3,0.05,2.10403163800947,0,0,0,0,0,0,0,0,0
111,1,10,1000,2000,21272531,2,"ifeval_min30",2,3,2,3,0.05,2.69436544994824,0,0,0,0,0,0,0,0,0
112,1,10,1000,2000,21272531,2,"ifeval_min30",2,3,2,3,0.05,2.26492799189873,0,0,0,0,0,0,0,0,0
113,1,10,1000,2000,21272531,2,"ifeval_min30",2,3,2,3,0.05,2.65909022348933,0,0,0,0,0,0,0,2.63973523746245,0
114,1,10,1000,2000,21272531,2,"ifeval_min30",2,3,2,3,0.05,2.53352619241923,0,0,0,0,0,0,0,0,0
115,1,10,1000,2000,21272531,2,"ifeval_min30",2,3,2,3,0.05,2.82069222955033,0,0,0,0,0,0,0,0,0
116,1,10,1000,2000,21272531,2,"ifeval_min30",2,3,2,3,0.05,2.43640355137177,0,0,0,0,0,0,0,0,0
117,1,10,1000,2000,21272531,2,"ifeval_min30",2,3,2,3,0.05,2.97154769673944,0,0,0,0,0,0,0,0,0
118,1,10,1000,2000,21272531,2,"ifeval_min30",2,3,2,3,0.05,2.19083433412015,0,0,0,0,0,0,2.94223878555931,0,0
119,1,10,1000,2000,21272531,2,"ifeval_min30",2,3,2,3,0.05,2.90148221561685,0,0,0,0,0,0,0,0,0
120,1,10,1000,2000,21272531,2,"ifeval_min30",2,3,2,3,0.05,2.55459190392867,0,0,0,0,0,0,0,0,2.00287246215157
121,1,10,1000,2000,21272531,2,"ifeval_min30",2,3,2,3,0.05,2.43631006684154,0,0,0,0,0,0,0,0,0
122,1,10,1000,2000,21272531,2,"ifeval_min30",2,3,2,3,0.05,2.18976482795551,0,0,0,0,0,0,0,0,0
123,1,10,1000,2000,21272531,2,"ifeval_min30",2,3,2,3,0.05,2.91168722114526,0,0,0,0,0,0,0,0,0
124,1,10,1000,2000,21272531,2,"ifeval_min30",2,3,2,3,0.05,2.18753034225665,0,0,0,0,0,0,0,0,0
125,1,10,1000,2000,21272531,2,"ifeval_min30",2,3,2,3,0.05,2.12428446253762,0,0,0,0,0,0,0,0,0
126,1,10,1000,2000,21272531,2,"ifeval_min30",2,3,2,3,0.05,2.48011530702934,0,0,0,0,0,0,0,0,0
127,1,10,1000,2000,21272531,2,"ifeval_min30",2,3,2,3,0.05,2.48138026124798,0,0,0,0,0,0,0,0,0
128,1,10,1000,2000,21272531,2,"ifeval_min30",2,3,2,3,0.05,2.01227752957493,0,0,0,0,0,0,0,0,-2.52383592794649
129,1,10,1000,2000,21272531,2,"ifeval_min30",2,3,2,3,0.05,2.43028816813603,0,0,2.57847072253935,0,-2.99016446829773,0,0,0,0
130,1,10,1000,2000,21272531,2,"ifeval_min30",2,3,2,3,0.05,2.05372571852058,0,0,0,0,0,0,0,0,0
131,1,10,1000,2000,21272531,2,"ifeval_min30",2,3,2,3,0.05,2.21487375092693,0,0,0,-2.3910901164636,0,0,0,0,0
132,1,10,1000,2000,21272531,2,"ifeval_min30",2,3,2,3,0.05,2.24008098826744,0,0,0,0,0,-2.78828164027072,0,0,0
133,1,10,1000,2000,21272531,2,"ifeval_min30",2,3,2,3,0.05,2.76445313310251,0,0,2.45281290542334,0,0,0,0,0,-2.66190398903564
134,1,10,1000,2000,21272531,2,"ifeval_min30",2,3,2,3,0.05,2.84999206266366,0,0,0,0,0,0,0,0,0
135,1,10,1000,2000,21272531,2,"ifeval_min30",2,3,2,3,0.05,2.5736547796987,0,0,0,0,0,0,0,0,0
136,1,10,1000,2000,21272531,2,"ifeval_min30",2,3,2,3,0.05,2.48422462935559,0,-2.71149051724933,0,0,0,0,0,2.85150509909727,0
137,1,10,1000,2000,21272531,2,"ifeval_min30",2,3,2,3,0.05,2.48051381483674,0,0,0,0,0,0,0,0,0
138,1,10,1000,2000,21272531,2,"ifeval_min30",2,3,2,3,0.05,2.32819541008212,0,0,-2.23588974238373,0,0,0,0,0,0
139,1,10,1000,2000,21272531,2,"ifeval_min30",2,3,2,3,0.05,2.20019638282247,0,0,0,0,0,0,0,0,0
140,1,10,1000,2000,21272531,2,"ifeval_min30",2,3,2,3,0.05,2.47939642868005,2.9995974584017,0,0,0,0,0,0,0,0
141,1,10,1000,2000,21272531,2,"ifeval_min30",2,3,2,3,0.05,2.32364870421588,0,0,2.66656007454731,0,0,0,0,0,0
142,1,10,1000,2000,21272531,2,"ifeval_min30",2,3,2,3,0.05,2.89856516895816,0,0,0,0,0,0,0,0,0
143,1,10,1000,2000,21272531,2,"ifeval_min30",2,3,2,3,0.05,2.65721949096769,0,0,0,0,-2.28680443181656,0,0,0,0
144,1,10,1000,2000,21272531,2,"ifeval_min30",2,3,2,3,0.05,2.66723197652027,0,0,0,0,0,0,0,0,0
145,1,10,1000,2000,21272531,2,"ifeval_min30",2,3,2,3,0.05,2.98979708366096,0,0,0,0,0,0,0,0,0
146,1,10,1000,2000,21272531,2,"ifeval_min30",2,3,2,3,0.05,2.1485069997143,0,0,0,0,0,0,0,0,0
147,1,10,1000,2000,21272531,2,"ifeval_min30",2,3,2,3,0.05,2.69727103179321,0,0,0,0,0,0,0,2.99722958309576,0
148,1,10,1000,2000,21272531,2,"ifeval_min30",2,3,2,3,0.05,2.6777631607838,0,0,0,0,0,0,0,0,0
149,1,10,1000,2000,21272531,2,"ifeval_min30",2,3,2,3,0.05,2.40669299429283,0,0,0,0,0,0,0,0,0
150,1,10,1000,2000,21272531,2,"ifeval_min30",2,3,2,3,0.05,2.93504004133865,0,0,-2.41958973021246,0,0,0,0,0,0
151,1,10,1000,2000,21272531,2,"ifeval_min30",2,3,2,3,0.05,2.16355129843578,0,-2.06662902631797,0,0,0,0,0,0,0
152,1,10,1000,2000,21272531,2,"ifeval_min30",2,3,2,3,0.05,2.40340806357563,0,0,0,0,0,0,0,0,-2.85984205966815
153,1,10,1000,2000,21272531,2,"ifeval_min30",2,3,2,3,0.05,2.65921645937487,0,0,0,0,0,0,0,0,0
154,1,10,1000,2000,21272531,2,"ifeval_min30",2,3,2,3,0.05,2.40418810094707,0,0,0,0,0,0,0,0,0
155,1,10,1000,2000,21272531,2,"ifeval_min30",2,3,2,3,0.05,2.20595691911876,0,0,0,0,0,0,0,0,0
156,1,10,1000,2000,21272531,2,"ifeval_min30",2,3,2,3,0.05,2.51219862955622,0,0,0,0,0,2.34098935034126,0,0,0
157,1,10,1000,2000,21272531,2,"ifeval_min30",2,3,2,3,0.05,2.56188523001038,0,0,0,0,0,0,0,0,0
158,1,10,1000,2000,21272531,2,"ifeval_min30",2,3,2,3,0.05,2.15316893905401,0,0,0,0,0,-2.15435667568818,0,0,0
159,1,10,1000,2000,21272531,2,"ifeval_min30",2,3,2,3,0.05,2.36966917733662,0,0,0,0,0,0,0,0,0
160,1,10,1000,2000,21272531,2,"ifeval_min30",2,3,2,3,0.05,2.8409945005551,0,0,0,0,0,0,0,0,0
161,1,10,1000,2000,21272531,2,"ifeval_min30",2,3,2,3,0.05,2.24977414566092,0,0,0,0,0,0,0,0,0
162,1,10,1000,2000,21272531,2,"ifeval_min30",2,3,2,3,0.05,2.33462019986473,0,0,0,0,0,0,0,2.2618307156954,-2.74575175321661
163,1,10,1000,2000,21272531,2,"ifeval_min30",2,3,2,3,0.05,2.95488718664274,0,0,0,0,0,0,0,0,0
164,1,10,1000,2000,21272531,2,"ifeval_min30",2,3,2,3,0.05,2.98230570065789,0,0,0,0,0,0,0,0,0
165,1,10,1000,2000,21272531,2,"ifeval_min30",2,3,2,3,0.05,2.30300120287575,0,0,0,0,0,-2.66575711243786,0,0,0
166,1,10,1000,2000,21272531,2,"ifeval_min30",2,3,2,3,0.05,2.17342063598335,2.00431793322787,0,0,0,0,0,0,0,0
167,1,10,1000,2000,21272531,2,"ifeval_min30",2,3,2,3,0.05,2.96092935395427,0,0,0,0,2.49487599916756,0,0,0,0
168,1,10,1000,2000,21272531,2,"ifeval_min30",2,3,2,3,0.05,2.76691029360518,0,0,0,0,0,0,0,0,0
169,1,10,1000,2000,21272531,2,"ifeval_min30",2,3,2,3,0.05,2.69853813387454,0,0,0,0,0,0,0,0,0
170,1,10,1000,2000,21272531,2,"ifeval_min30",2,3,2,3,0.05,2.71311442437582,0,0,0,0,0,0,0,0,0
171,1,10,1000,2000,21272531,2,"ifeval_min30",2,3,2,3,0.05,2.35945786512457,0,0,0,0,0,0,0,0,0
172,1,10,1000,2000,21272531,2,"ifeval_min30",2,3,2,3,0.05,2.12012685509399,0,0,0,0,0,0,0,0,0
173,1,10,1000,2000,21272531,2,"ifeval_min30",2,3,2,3,0.05,2.36538484552875,0,0,0,0,0,0,0,-2.75938070006669,0
174,1,10,1000,2000,21272531,2,"ifeval_min30",2,3,2,3,0.05,2.28079602727666,0,0,0,0,0,0,0,0,0
175,1,10,1000,2000,21272531,2,"ifeval_min30",2,3,2,3,0.05,2.32260784623213,0,0,0,0,0,0,0,0,0
176,1,10,1000,2000,21272531,2,"ifeval_min30",2,3,2,3,0.05,2.49418161134236,0,0,0,0,0,0,-2.70266315154731,0,0
177,1,10,1000,2000,21272531,2,"ifeval_min30",2,3,2,3,0.05,2.30321254231967,0,0,0,0,0,0,2.89017562242225,0,2.87615124811418
178,1,10,1000,2000,21272531,2,"ifeval_min30",2,3,2,3,0.05,2.81709963758476,0,0,0,0,0,0,0,0,0
179,1,10,1000,2000,21272531,2,"ifeval_min30",2,3,2,3,0.05,2.13139862893149,0,0,0,0,0,0,0,0,0
180,1,10,1000,2000,21272531,2,"ifeval_min30",2,3,2,3,0.05,2.5309539292939,0,0,0,0,0,0,0,0,0
181,1,10,1000,2000,21272531,2,"ifeval_min30",2,3,2,3,0.05,2.06624737917446,0,0,0,0,0,0,0,0,0
182,1,10,1000,2000,21272531,2,"ifeval_min30",2,3,2,3,0.05,2.66388306370936,0,0,0,0,0,0,0,0,0
183,1,10,1000,2000,21272531,2,"ifeval_min30",2,3,2,3,0.05,2.71099840919487,0,0,0,0,0,-2.62122300709598,0,0,0
184,1,10,1000,2000,21272531,2,"ifeval_min30",2,3,2,3,0.05,2.39658186049201,0,0,0,0,0,0,0,0,0
185,1,10,1000,2000,21272531,2,"ifeval_min30",2,3,2,3,0.05,2.56230927444994,0,0,0,0,0,0,0,0,0
186,1,10,1000,2000,21272531,2,"ifeval_min30",2,3,2,3,0.05,2.12198195257224,0,0,0,0,0,0,0,0,0
187,1,10,1000,2000,21272531,2,"ifeval_min30",2,3,2,3,0.05,2.01004930539057,0,2.33722923556343,0,-2.74353978852741,0,0,0,0,0
188,1,10,1000,2000,21272531,2,"ifeval_min30",2,3,2,3,0.05,2.2680331969168,0,0,0,0,0,2.27268917113543,0,0,0
189,1,10,1000,2000,21272531,2,"ifeval_min30",2,3,2,3,0.05,2.81877695396543,0,0,0,0,-2.77490958361886,0,0,0,0
190,1,10,1000,2000,21272531,2,"ifeval_min30",2,3,2,3,0.05,2.81897758925334,0,0,-2.58678356092423,0,0,0,0,0,0
191,1,10,1000,2000,21272531,2,"ifeval_min30",2,3,2,3,0.05,2.21506496635266,0,0,0,0,0,0,0,0,0
192,1,10,1000,2000,21272531,2,"ifeval_min30",2,3,2,3,0.05,2.88192554237321,0,0,0,0,0,0,0,0,0
193,1,10,1000,2000,21272531,2,"ifeval_min30",2,3,2,3,0.05,2.12041895324364,0,0,0,0,0,0,0,0,0
194,1,10,1000,2000,21272531,2,"ifeval_min30",2,3,2,3,0.05,2.79576938715763,0,0,0,0,0,0,0,0,0
195,1,10,1000,2000,21272531,2,"ifeval_min30",2,3,2,3,0.05,2.75438531883992,0,0,0,0,0,0,0,0,0
196,1,10,1000,2000,21272531,2,"ifeval_min30",2,3,2,3,0.05,2.25226878677495,0,0,0,0,0,0,0,0,-2.37044114922173
197,1,10,1000,2000,21272531,2,"ifeval_min30",2,3,2,3,0.05,2.91729788458906,0,0,0,0,0,0,0,0,0
198,1,10,1000,2000,21272531,2,"ifeval_min30",2,3,2,3,0.05,2.38321159197949,0,0,0,0,0,0,0,0,0
199,1,10,1000,2000,21272531,2,"ifeval_min30",2,3,2,3,0.05,2.78291331999935,-2.14217265066691,0,0,0,0,0,0,0,0
200,1,10,1000,2000,21272531,2,"ifeval_min30",2,3,2,3,0.05,2.20671035908163,0,0,0,0,0,0,0,0,0
201,1,10,1000,2000,21272531,2,"ifeval_min30",2,3,2,3,0.05,2.73486173409037,0,0,0,0,2.82818589056842,0,-2.44193487963639,0,0
202,1,10,1000,2000,21272531,2,"ifeval_min30",2,3,2,3,0.05,2.16586006921716,0,0,0,0,0,0,-2.82723320042714,2.1243994391989,0
203,1,10,1000,2000,21272531,2,"ifeval_min30",2,3,2,3,0.05,2.17462098109536,0,0,0,0,0,0,0,0,0
204,1,10,1000,2000,21272531,2,"ifeval_min30",2,3,2,3,0.05,2.48268231051043,2.80447608837858,0,0,0,0,0,0,0,0
205,1,10,1000,2000,21272531,2,"ifeval_min30",2,3,2,3,0.05,2.74355414230376,0,0,0,0,0,0,0,0,0
206,1,10,1000,2000,21272531,2,"ifeval_min30",2,3,2,3,0.05,2.40492428420112,0,0,2.40731426049024,0,0,0,0,0,0
207,1,10,1000,2000,21272531,2,"ifeval_min30",2,3,2,3,0.05,2.05454859370366,0,0,0,-2.61960634891875,0,0,0,-2.1677225693129,0
208,1,10,1000,2000,21272531,2,"ifeval_min30",2,3,2,3,0.05,2.98606882081367,0,0,0,0,0,0,0,0,0
209,1,10,1000,2000,21272531,2,"ifeval_min30",2,3,2,3,0.05,2.71829594415613,0,0,0,0,0,0,0,0,0
210,1,10,1000,2000,21272531,2,"ifeval_min30",2,3,2,3,0.05,2.29190518660471,0,0,0,0,0,0,0,0,0
211,1,10,1000,2000,21272531,2,"ifeval_min30",2,3,2,3,0.05,2.4354876934085,0,0,0,0,0,0,0,0,0
212,1,10,1000,2000,21272531,2,"ifeval_min30",2,3,2,3,0.05,2.58794048661366,0,0,0,0,0,0,0,0,0
213,1,10,1000,2000,21272531,2,"ifeval_min30",2,3,2,3,0.05,2.98175116977654,0,0,0,0,0,0,0,0,0
214,1,10,1000,2000,21272531,2,"ifeval_min30",2,3,2,3,0.05,2.06370284617878,0,0,0,0,0,0,0,-2.11100478819571,0
215,1,10,1000,2000,21272531,2,"ifeval_min30",2,3,2,3,0.05,2.71706169866957,0,0,0,0,0,0,0,0,0
216,1,10,1000,2000,21272531,2,"ifeval_min30",2,3,2,3,0.05,2.50907920231111,0,0,0,0,0,0,0,0,0
217,1,10,1000,2000,21272531,2,"ifeval_min30",2,3,2,3,0.05,2.06110228854232,0,0,0,0,0,0,0,0,0
218,1,10,1000,2000,21272531,2,"ifeval_min30",2,3,2,3,0.05,2.54508904065005,0,0,0,0,0,0,0,0,-2.76457680109888
219,1,10,1000,2000,21272531,2,"ifeval_min30",2,3,2,3,0.05,2.77881876402535,0,0,0,0,0,0,0,0,0
220,1,10,1000,2000,21272531,2,"ifeval_min30",2,3,2,3,0.05,2.07747484790161,0,0,0,0,0,0,0,0,0
221,1,10,1000,2000,21272531,2,"ifeval_min30",2,3,2,3,0.05,2.75200373865664,0,0,0,0,0,0,0,0,0
222,1,10,1000,2000,21272531,2,"ifeval_min30",2,3,2,3,0.05,2.63889671862125,0,0,0,0,0,0,0,0,0
223,1,10,1000,2000,21272531,2,"ifeval_min30",2,3,2,3,0.05,2.59813226852566,0,0,0,0,0,0,0,0,0
224,1,10,1000,2000,21272531,2,"ifeval_min30",2,3,2,3,0.05,2.95689396001399,0,0,0,0,0,0,0,0,-2.5409783187788
225,1,10,1000,2000,21272531,2,"ifeval_min30",2,3,2,3,0.05,2.02925550378859,-2.34932606620714,0,0,0,0,0,0,0,0
226,1,10,1000,2000,21272531,2,"ifeval_min30",2,3,2,3,0.05,2.97647348069586,0,0,0,0,0,0,0,0,0
227,1,10,1000,2000,21272531,2,"ifeval_min30",2,3,2,3,0.05,2.69062736770138,0,0,0,0,0,0,0,0,0
228,1,10,1000,2000,21272531,2,"ifeval_min30",2,3,2,3,0.05,2.72877568216063,0,0,0,0,0,0,0,0,0
229,1,10,1000,2000,21272531,2,"ifeval_min30",2,3,2,3,0.05,2.25859973416664,0,0,0,-2.14441476599313,0,0,0,0,0
230,1,10,1000,2000,21272531,2,"ifeval_min30",2,3,2,3,0.05,2.68141325493343,0,0,0,0,0,0,0,-2.99855500389822,0
231,1,10,1000,2000,21272531,2,"ifeval_min30",2,3,2,3,0.05,2.3103786688298,0,2.58608370926231,0,0,0,0,0,0,0
232,1,10,1000,2000,21272531,2,"ifeval_min30",2,3,2,3,0.05,2.17033705068752,0,0,0,0,0,0,0,0,0
233,1,10,1000,2000,21272531,2,"ifeval_min30",2,3,2,3,0.05,2.98549032001756,0,0,0,0,0,0,0,0,0
234,1,10,1000,2000,21272531,2,"ifeval_min30",2,3,2,3,0.05,2.52499233977869,0,0,0,0,0,0,0,0,-2.45496535743587
235,1,10,1000,2000,21272531,2,"ifeval_min30",2,3,2,3,0.05,2.24668125552125,0,0,0,0,0,0,0,0,0
236,1,10,1000,2000,21272531,2,"ifeval_min30",2,3,2,3,0.05,2.95315637276508,0,0,0,0,0,0,0,0,0
237,1,10,1000,2000,21272531,2,"ifeval_min30",2,3,2,3,0.05,2.25009713415056,0,0,0,0,0,0,0,2.01009299908765,0
238,1,10,1000,2000,21272531,2,"ifeval_min30",2,3,2,3,0.05,2.08718624012545,0,0,0,0,0,0,0,0,0
239,1,10,1000,2000,21272531,2,"ifeval_min30",2,3,2,3,0.05,2.6076569526922,0,0,0,0,0,0,0,0,0
240,1,10,1000,2000,21272531,2,"ifeval_min30",2,3,2,3,0.05,2.50970079307444,0,0,0,0,0,0,0,0,0
241,1,10,1000,2000,21272531,2,"ifeval_min30",2,3,2,3,0.05,2.45816622185521,0,0,0,0,0,0,0,0,0
242,1,10,1000,2000,21272531,2,"ifeval_min30",2,3,2,3,0.05,2.10330963600427,0,0,0,0,0,0,0,0,0
243,1,10,1000,2000,21272531,2,"ifeval_min30",2,3,2,3,0.05,2.34014446474612,0,0,0,0,0,0,0,0,0
244,1,10,1000,2000,21272531,2,"ifeval_min30",2,3,2,3,0.05,2.22123100445606,0,0,0,0,0,0,0,0,0
245,1,10,1000,2000,21272531,2,"ifeval_min30",2,3,2,3,0.05,2.46248908457346,0,0,0,0,0,0,0,0,0
246,1,10,1000,2000,21272531,2,"ifeval_min30",2,3,2,3,0.05,2.89371256227605,0,0,0,0,0,0,0,0,0
247,1,10,1000,2000,21272531,2,"ifeval_min30",2,3,2,3,0.05,2.08967382623814,0,0,0,0,0,0,0,0,0
248,1,10,1000,2000,21272531,2,"ifeval_min30",2,3,2,3,0.05,2.74262023856863,0,0,0,0,0,0,0,0,0
249,1,10,1000,2000,21272531,2,"ifeval_min30",2,3,2,3,0.05,2.83112348383293,0,0,0,0,0,0,0,0,0
250,1,10,1000,2000,21272531,2,"ifeval_min30",2,3,2,3,0.05,2.86365928407758,0,0,0,0,0,0,0,0,0
251,1,10,1000,2000,21272531,2,"ifeval_min30",2,3,2,3,0.05,2.87516456656158,0,2.55396582721733,0,0,0,0,0,0,0
252,1,10,1000,2000,21272531,2,"ifeval_min30",2,3,2,3,0.05,2.7066507851705,0,0,0,0,0,0,0,0,0
253,1,10,1000,2000,21272531,2,"ifeval_min30",2,3,2,3,0.05,2.26047294260934,0,0,0,0,0,0,0,0,0
254,1,10,1000,2000,21272531,2,"ifeval_min30",2,3,2,3,0.05,2.57406235486269,0,0,0,0,0,2.52680888795294,0,0,0
255,1,10,1000,2000,21272531,2,"ifeval_min30",2,3,2,3,0.05,2.38585952227004,0,0,0,0,0,0,0,0,0
256,1,10,1000,2000,21272531,2,"ifeval_min30",2,3,2,3,0.05,2.18205424281769,0,0,0,0,0,0,0,0,0
257,1,10,1000,2000,21272531,2,"ifeval_min30",2,3,2,3,0.05,2.47684603836387,0,0,0,0,0,0,0,-2.76470945961773,0
258,1,10,1000,2000,21272531,2,"ifeval_min30",2,3,2,3,0.05,2.75443043094128,0,0,0,0,0,0,0,0,0
259,1,10,1000,2000,21272531,2,"ifeval_min30",2,3,2,3,0.05,2.71520124445669,0,0,0,0,0,0,0,0,0
260,1,10,1000,2000,21272531,2,"ifeval_min30",2,3,2,3,0.05,2.40111482376233,0,0,0,0,0,0,0,0,0
261,1,10,1000,2000,21272531,2,"ifeval_min30",2,3,2,3,0.05,2.6594125488773,0,0,-2.78344194381498,0,0,0,0,0,0
262,1,10,1000,2000,21272531,2,"ifeval_min30",2,3,2,3,0.05,2.00553310429677,0,0,0,0,0,0,0,0,0
263,1,10,1000,2000,21272531,2,"ifeval_min30",2,3,2,3,0.05,2.77218762901612,0,0,2.72464153100736,0,0,0,0,0,0
264,1,10,1000,2000,21272531,2,"ifeval_min30",2,3,2,3,0.05,2.41757506108843,0,0,0,0,0,0,0,0,0
265,1,10,1000,2000,21272531,2,"ifeval_min30",2,3,2,3,0.05,2.44396205688827,0,0,0,0,0,0,0,0,-2.02032154961489
266,1,10,1000,2000,21272531,2,"ifeval_min30",2,3,2,3,0.05,2.48393344669603,0,0,0,0,0,0,0,0,0
267,1,10,1000,2000,21272531,2,"ifeval_min30",2,3,2,3,0.05,2.77036056062207,0,2.85634712828323,0,0,0,0,0,0,0
268,1,10,1000,2000,21272531,2,"ifeval_min30",2,3,2,3,0.05,2.85132052539848,0,0,0,0,0,0,0,0,0
269,1,10,1000,2000,21272531,2,"ifeval_min30",2,3,2,3,0.05,2.14967434760183,0,0,0,0,0,0,0,2.3934210925363,0
270,1,10,1000,2000,21272531,2,"ifeval_min30",2,3,2,3,0.05,2.73849846981466,0,0,0,2.54674096917734,0,0,0,0,0
271,1,10,1000,2000,21272531,2,"ifeval_min30",2,3,2,3,0.05,2.65718176751398,0,0,0,0,0,0,0,0,0
272,1,10,1000,2000,21272531,2,"ifeval_min30",2,3,2,3,0.05,2.69214680488221,0,0,0,0,-2.83483870117925,0,0,0,0
273,1,10,1000,2000,21272531,2,"ifeval_min30",2,3,2,3,0.05,2.03467371943407,0,0,0,0,0,0,0,0,0
274,1,10,1000,2000,21272531,2,"ifeval_min30",2,3,2,3,0.05,2.92632834217511,0,0,0,0,0,0,0,0,0
275,1,10,1000,2000,21272531,2,"ifeval_min30",2,3,2,3,0.05,2.51802435470745,0,0,0,0,0,0,0,0,0
276,1,10,1000,2000,21272531,2,"ifeval_min30",2,3,2,3,0.05,2.01355199841782,0,0,0,0,0,0,0,0,0
277,1,10,1000,2000,21272531,2,"ifeval_min30",2,3,2,3,0.05,2.97009504912421,0,0,0,0,0,0,0,0,0
278,1,10,1000,2000,21272531,2,"ifeval_min30",2,3,2,3,0.05,2.05416589556262,0,0,0,0,-2.79769301740453,0,0,0,0
279,1,10,1000,2000,21272531,2,"ifeval_min30",2,3,2,3,0.05,2.7336395252496,0,0,0,-2.71057809772901,0,0,0,0,0
280,1,10,1000,2000,21272531,2,"ifeval_min30",2,3,2,3,0.05,2.97772750421427,0,-2.81581785460003,0,0,0,0,0,0,0
281,1,10,1000,2000,21272531,2,"ifeval_min30",2,3,2,3,0.05,2.10961283626966,0,0,0,0,0,-2.89904772676528,-2.37744325166568,0,0
282,1,10,1000,2000,21272531,2,"ifeval_min30",2,3,2,3,0.05,2.95721334288828,0,0,0,0,0,0,0,0,0
283,1,10,1000,2000,21272531,2,"ifeval_min30",2,3,2,3,0.05,2.05737576750107,0,0,0,0,0,0,0,0,0
284,1,10,1000,2000,21272531,2,"ifeval_min30",2,3,2,3,0.05,2.29353222670034,0,-2.24031307222322,0,0,0,0,0,0,0
285,1,10,1000,2000,21272531,2,"ifeval_min30",2,3,2,3,0.05,2.73702428932302,0,0,0,0,0,0,0,0,0
286,1,10,1000,2000,21272531,2,"ifeval_min30",2,3,2,3,0.05,2.02378619113006,0,0,0,0,0,0,0,0,0
287,1,10,1000,2000,21272531,2,"ifeval_min30",2,3,2,3,0.05,2.21727252192795,-2.23241601721384,0,0,0,0,0,0,0,0
288,1,10,1000,2000,21272531,2,"ifeval_min30",2,3,2,3,0.05,2.80402734107338,0,0,0,0,-2.37792528420687,0,0,0,0
289,1,10,1000,2000,21272531,2,"ifeval_min30",2,3,2,3,0.05,2.16272212541662,0,0,0,-2.01063268212602,0,0,0,0,0
290,1,10,1000,2000,21272531,2,"ifeval_min30",2,3,2,3,0.05,2.75038168975152,0,0,0,0,0,0,0,0,0
291,1,10,1000,2000,21272531,2,"ifeval_min30",2,3,2,3,0.05,2.46954903937876,0,0,0,0,0,0,0,0,0
292,1,10,1000,2000,21272531,2,"ifeval_min30",2,3,2,3,0.05,2.80394776584581,0,0,0,0,0,0,0,0,0
293,1,10,1000,2000,21272531,2,"ifeval_min30",2,3,2,3,0.05,2.80090765515342,0,0,0,0,0,0,0,0,0
294,1,10,1000,2000,21272531,2,"ifeval_min30",2,3,2,3,0.05,2.78384178783745,0,0,0,0,0,0,0,0,0
295,1,10,1000,2000,21272531,2,"ifeval_min30",2,3,2,3,0.05,2.16300777881406,0,0,0,0,0,0,0,0,0
296,1,10,1000,2000,21272531,2,"ifeval_min30",2,3,2,3,0.05,2.22488574311137,0,0,0,0,0,0,0,0,-2.30644728057086
297,1,10,1000,2000,21272531,2,"ifeval_min30",2,3,2,3,0.05,2.15058280201629,0,0,0,0,0,0,0,0,0
298,1,10,1000,2000,21272531,2,"ifeval_min30",2,3,2,3,0.05,2.61073068110272,0,0,0,0,0,0,0,0,0
299,1,10,1000,2000,21272531,2,"ifeval_min30",2,3,2,3,0.05,2.80937200807966,0,0,0,0,0,0,2.17974511953071,0,0
300,1,10,1000,2000,21272531,2,"ifeval_min30",2,3,2,3,0.05,2.15713492361829,0,0,0,0,0,0,0,0,0
301,1,10,1000,2000,21272531,2,"ifeval_min30",2,3,2,3,0.05,2.11515837162733,2.72901728725992,0,0,0,0,2.22490574256517,0,0,0
302,1,10,1000,2000,21272531,2,"ifeval_min30",2,3,2,3,0.05,2.38930900627747,0,0,0,0,0,0,0,0,0
303,1,10,1000,2000,21272531,2,"ifeval_min30",2,3,2,3,0.05,2.21401916025206,0,0,0,0,-2.68301451252773,0,0,0,0
304,1,10,1000,2000,21272531,2,"ifeval_min30",2,3,2,3,0.05,2.76855316967703,0,0,0,0,-2.15967363398522,0,0,0,0
305,1,10,1000,2000,21272531,2,"ifeval_min30",2,3,2,3,0.05,2.78756232140586,0,0,0,0,0,0,0,0,0
306,1,10,1000,2000,21272531,2,"ifeval_min30",2,3,2,3,0.05,2.18146001943387,-2.41543033020571,0,0,0,0,0,0,0,0
307,1,10,1000,2000,21272531,2,"ifeval_min30",2,3,2,3,0.05,2.9561558845453,0,0,0,0,0,0,0,0,0
308,1,10,1000,2000,21272531,2,"ifeval_min30",2,3,2,3,0.05,2.99665942997672,0,0,0,0,0,0,0,0,0
309,1,10,1000,2000,21272531,2,"ifeval_min30",2,3,2,3,0.05,2.93057770840824,0,0,0,0,0,0,0,0,0
310,1,10,1000,2000,21272531,2,"ifeval_min30",2,3,2,3,0.05,2.10382475052029,0,0,0,0,0,0,0,0,0
311,1,10,1000,2000,21272531,2,"ifeval_min30",2,3,2,3,0.05,2.03755981847644,0,0,0,0,0,0,0,0,0
312,1,10,1000,2000,21272531,2,"ifeval_min30",2,3,2,3,0.05,2.56506762001663,0,0,0,0,0,0,0,0,0
313,1,10,1000,2000,21272531,2,"ifeval_min30",2,3,2,3,0.05,2.6402869601734,0,0,0,0,0,0,0,0,0
314,1,10,1000,2000,21272531,2,"ifeval_min30",2,3,2,3,0.05,2.6462238507811,0,0,0,0,0,0,0,0,0
315,1,10,1000,2000,21272531,2,"ifeval_min30",2,3,2,3,0.05,2.32642229273915,0,0,0,2.54156304197386,0,0,-2.14777159621008,0,0
316,1,10,1000,2000,21272531,2,"ifeval_min30",2,3,2,3,0.05,2.73032850772142,0,0,0,0,0,0,0,0,0
317,1,10,1000,2000,21272531,2,"ifeval_min30",2,3,2,3,0.05,2.14017745526507,0,0,0,0,0,0,0,0,0
318,1,10,1000,2000,21272531,2,"ifeval_min30",2,3,2,3,0.05,2.63606760674156,0,0,0,0,0,0,0,0,0
319,1,10,1000,2000,21272531,2,"ifeval_min30",2,3,2,3,0.05,2.08941845223308,0,0,0,0,0,0,0,0,0
320,1,10,1000,2000,21272531,2,"ifeval_min30",2,3,2,3,0.05,2.8892579281237,0,0,0,2.31453521759249,0,0,0,0,0
321,1,10,1000,2000,21272531,2,"ifeval_min30",2,3,2,3,0.05,2.40222829394042,0,0,0,0,0,0,0,0,0
322,1,10,1000,2000,21272531,2,"ifeval_min30",2,3,2,3,0.05,2.494345479412,0,0,0,0,0,0,0,0,0
323,1,10,1000,2000,21272531,2,"ifeval_min30",2,3,2,3,0.05,2.45673261699267,0,0,0,0,0,0,0,0,0
324,1,10,1000,2000,21272531,2,"ifeval_min30",2,3,2,3,0.05,2.84460526239127,0,0,0,0,0,0,0,0,0
325,1,10,1000,2000,21272531,2,"ifeval_min30",2,3,2,3,0.05,2.36164100142196,0,0,0,0,0,0,0,0,0
326,2,10,1000,2000,21272531,2,"ifeval_min30",2,3,2,3,0.05,2.4964467487298,2.75947337178513,0,0,0,0,0,0,0,0
327,2,10,1000,2000,21272531,2,"ifeval_min30",2,3,2,3,0.05,0,2.98149018827826,0,0,2.98101546382532,0,0,0,0,0
328,2,10,1000,2000,21272531,2,"ifeval_min30",2,3,2,3,0.05,0,2.00868167332374,0,0,0,0,0,0,0,0
329,2,10,1000,2000,21272531,2,"ifeval_min30",2,3,2,3,0.05,0,2.24238976743072,0,0,0,0,0,0,0,0
330,2,10,1000,2000,21272531,2,"ifeval_min30",2,3,2,3,0.05,0,2.25934342085384,0,0,0,0,0,0,0,0
331,2,10,1000,2000,21272531,2,"ifeval_min30",2,3,2,3,0.05,0,2.53214682079852,0,0,0,0,0,0,0,0
332,2,10,1000,2000,21272531,2,"ifeval_min30",2,3,2,3,0.05,0,2.89329136372544,0,0,0,0,0,0,0,0
333,2,10,1000,2000,21272531,2,"ifeval_min30",2,3,2,3,0.05,0,2.73144848411903,0,0,0,0,0,0,0,0
334,2,10,1000,2000,21272531,2,"ifeval_min30",2,3,2,3,0.05,0,2.48437857092358,0,0,0,0,0,0,0,0
335,2,10,1000,2000,21272531,2,"ifeval_min30",2,3,2,3,0.05,0,2.98504861071706,0,0,0,0,0,2.588167660404,0,0
336,2,10,1000,2000,21272531,2,"ifeval_min30",2,3,2,3,0.05,0,2.54708788380958,0,0,0,0,0,0,0,0
337,2,10,1000,2000,21272531,2,"ifeval_min30",2,3,2,3,0.05,0,2.27070231596008,0,0,2.36393316229805,0,0,0,0,0
338,2,10,1000,2000,21272531,2,"ifeval_min30",2,3,2,3,0.05,0,2.83209782559425,0,0,0,0,0,0,0,0
339,2,10,1000,2000,21272531,2,"ifeval_min30",2,3,2,3,0.05,0,2.33062600856647,0,0,0,0,0,0,0,0
340,2,10,1000,2000,21272531,2,"ifeval_min30",2,3,2,3,0.05,0,2.97708253888413,0,0,0,0,0,0,0,0
341,2,10,1000,2000,21272531,2,"ifeval_min30",2,3,2,3,0.05,0,2.95916480198503,0,0,0,0,0,0,0,0
342,2,10,1000,2000,21272531,2,"ifeval_min30",2,3,2,3,0.05,0,2.90106209740043,0,0,0,0,0,0,0,0
343,2,10,1000,2000,21272531,2,"ifeval_min30",2,3,2,3,0.05,0,2.00182068231516,0,0,0,-2.81363773113117,0,0,0,0
344,2,10,1000,2000,21272531,2,"ifeval_min30",2,3,2,3,0.05,0,2.96252668905072,0,0,0,0,0,0,0,0
345,2,10,1000,2000,21272531,2,"ifeval_min30",2,3,2,3,0.05,0,2.09274784754962,0,0,0,0,0,0,0,2.3705611852929
346,2,10,1000,2000,21272531,2,"ifeval_min30",2,3,2,3,0.05,0,2.32332733087242,0,0,0,0,0,0,0,0
347,2,10,1000,2000,21272531,2,"ifeval_min30",2,3,2,3,0.05,0,2.95581331895664,0,0,0,0,0,0,0,0
348,2,10,1000,2000,21272531,2,"ifeval_min30",2,3,2,3,0.05,0,2.01950804167427,0,0,0,0,0,0,0,0
349,2,10,1000,2000,21272531,2,"ifeval_min30",2,3,2,3,0.05,0,2.81507054925896,0,0,0,0,0,0,0,0
350,2,10,1000,2000,21272531,2,"ifeval_min30",2,3,2,3,0.05,0,2.1813729708083,0,0,2.03924807207659,0,0,0,0,0
351,2,10,1000,2000,21272531,2,"ifeval_min30",2,3,2,3,0.05,0,2.99355443753302,0,0,0,0,0,0,0,0
352,2,10,1000,2000,21272531,2,"ifeval_min30",2,3,2,3,0.05,0,2.85438895295374,0,0,0,-2.2013813527301,0,0,0,2.1398268120829
353,2,10,1000,2000,21272531,2,"ifeval_min30",2,3,2,3,0.05,0,2.77401271183044,2.10578251467086,0,0,0,0,0,0,0
354,2,10,1000,2000,21272531,2,"ifeval_min30",2,3,2,3,0.05,0,2.17237005615607,0,0,0,0,0,0,0,0
355,2,10,1000,2000,21272531,2,"ifeval_min30",2,3,2,3,0.05,0,2.05977193429135,0,0,0,0,0,0,0,0
356,2,10,1000,2000,21272531,2,"ifeval_min30",2,3,2,3,0.05,0,2.5376428226009,0,0,0,0,0,0,0,0
357,2,10,1000,2000,21272531,2,"ifeval_min30",2,3,2,3,0.05,0,2.35583958169445,0,0,-2.76405232236721,0,0,0,-2.49201385583729,0
358,2,10,1000,2000,21272531,2,"ifeval_min30",2,3,2,3,0.05,0,2.96166125498712,0,0,0,0,0,0,0,0
359,2,10,1000,2000,21272531,2,"ifeval_min30",2,3,2,3,0.05,0,2.80731793656014,0,0,0,0,2.59275551023893,0,0,0
360,2,10,1000,2000,21272531,2,"ifeval_min30",2,3,2,3,0.05,0,2.8249121629633,0,0,0,0,0,0,0,0
361,2,10,1000,2000,21272531,2,"ifeval_min30",2,3,2,3,0.05,0,2.59239012026228,0,0,0,0,0,0,0,0
362,2,10,1000,2000,21272531,2,"ifeval_min30",2,3,2,3,0.05,0,2.73367515020072,0,0,0,0,0,0,0,2.4444586916361
363,2,10,1000,2000,21272531,2,"ifeval_min30",2,3,2,3,0.05,0,2.76882655196823,0,0,0,2.02458963845856,0,0,0,2.49581257277168
364,2,10,1000,2000,21272531,2,"ifeval_min30",2,3,2,3,0.05,0,2.97850260441191,0,0,0,0,0,0,0,0
365,2,10,1000,2000,21272531,2,"ifeval_min30",2,3,2,3,0.05,0,2.71322038234212,0,0,0,0,0,0,0,0
366,2,10,1000,2000,21272531,2,"ifeval_min30",2,3,2,3,0.05,0,2.03240569145419,0,0,0,0,0,0,0,0
367,2,10,1000,2000,21272531,2,"ifeval_min30",2,3,2,3,0.05,0,2.75108919362538,0,0,0,-2.70538657950237,0,2.90549331251532,0,0
368,2,10,1000,2000,21272531,2,"ifeval_min30",2,3,2,3,0.05,0,2.76607003202662,0,0,0,0,0,0,0,0
369,2,10,1000,2000,21272531,2,"ifeval_min30",2,3,2,3,0.05,0,2.17550804954953,0,0,0,0,0,0,0,0
370,2,10,1000,2000,21272531,2,"ifeval_min30",2,3,2,3,0.05,0,2.11117072356865,-2.60035404143855,0,0,0,0,0,0,0
371,2,10,1000,2000,21272531,2,"ifeval_min30",2,3,2,3,0.05,0,2.30585118988529,0,0,0,0,0,0,0,0
372,2,10,1000,2000,21272531,2,"ifeval_min30",2,3,2,3,0.05,0,2.5573689090088,0,0,0,0,0,0,2.53999582980759,0
373,2,10,1000,2000,21272531,2,"ifeval_min30",2,3,2,3,0.05,0,2.59417543350719,0,0,0,0,0,2.06480961153284,0,0
374,2,10,1000,2000,21272531,2,"ifeval_min30",2,3,2,3,0.05,0,2.04079129896127,0,0,0,0,0,0,0,0
375,2,10,1000,2000,21272531,2,"ifeval_min30",2,3,2,3,0.05,0,2.37368824332952,0,0,-2.46250454499386,0,0,0,0,0
376,2,10,1000,2000,21272531,2,"ifeval_min30",2,3,2,3,0.05,0,2.88522695982829,0,0,0,0,0,0,2.65542894788086,0
377,2,10,1000,2000,21272531,2,"ifeval_min30",2,3,2,3,0.05,-2.21064523048699,2.25975740258582,0,0,0,0,0,0,0,0
378,2,10,1000,2000,21272531,2,"ifeval_min30",2,3,2,3,0.05,0,2.66430001473054,0,0,0,0,0,0,0,0
379,2,10,1000,2000,21272531,2,"ifeval_min30",2,3,2,3,0.05,0,2.69614638318308,0,2.67745333211496,0,2.50301292701624,0,0,-2.88720735651441,0
380,2,10,1000,2000,21272531,2,"ifeval_min30",2,3,2,3,0.05,0,2.85789190651849,2.55266889883205,0,0,0,0,0,0,0
381,2,10,1000,2000,21272531,2,"ifeval_min30",2,3,2,3,0.05,0,2.98136804788373,0,0,0,0,0,0,0,0
382,2,10,1000,2000,21272531,2,"ifeval_min30",2,3,2,3,0.05,0,2.58725745300762,0,0,0,0,0,0,0,0
383,2,10,1000,2000,21272531,2,"ifeval_min30",2,3,2,3,0.05,0,2.44573589414358,-2.74356837105006,0,0,0,0,0,0,0
384,2,10,1000,2000,21272531,2,"ifeval_min30",2,3,2,3,0.05,0,2.92173457588069,0,0,0,0,0,0,0,0
385,2,10,1000,2000,21272531,2,"ifeval_min30",2,3,2,3,0.05,0,2.89947384921834,0,0,0,0,0,0,0,0
386,2,10,1000,2000,21272531,2,"ifeval_min30",2,3,2,3,0.05,0,2.32489219564013,0,0,0,0,0,0,0,0
387,2,10,1000,2000,21272531,2,"ifeval_min30",2,3,2,3,0.05,0,2.18107904866338,0,0,0,0,0,0,0,0
388,2,10,1000,2000,21272531,2,"ifeval_min30",2,3,2,3,0.05,0,2.68836686946452,0,0,0,-2.95854089199565,0,0,0,0
389,2,10,1000,2000,21272531,2,"ifeval_min30",2,3,2,3,0.05,0,2.50710642593913,0,0,0,0,0,0,0,0
390,2,10,1000,2000,21272531,2,"ifeval_min30",2,3,2,3,0.05,0,2.61557751637883,0,0,0,0,0,0,0,0
391,2,10,1000,2000,21272531,2,"ifeval_min30",2,3,2,3,0.05,0,2.02501908293925,0,0,0,2.35388619475998,0,0,0,0
392,2,10,1000,2000,21272531,2,"ifeval_min30",2,3,2,3,0.05,0,2.89458913868293,0,0,0,0,0,0,0,0
393,2,10,1000,2000,21272531,2,"ifeval_min30",2,3,2,3,0.05,0,2.21287393430248,0,0,0,0,0,0,0,0
394,2,10,1000,2000,21272531,2,"ifeval_min30",2,3,2,3,0.05,0,2.21907630399801,0,0,0,0,2.1648351920303,0,0,0
395,2,10,1000,2000,21272531,2,"ifeval_min30",2,3,2,3,0.05,0,2.63426879956387,0,0,0,0,0,0,0,-2.90719327540137
396,2,10,1000,2000,21272531,2,"ifeval_min30",2,3,2,3,0.05,0,2.85144529538229,0,0,0,0,0,0,0,-2.75760836456902
397,2,10,1000,2000,21272531,2,"ifeval_min30",2,3,2,3,0.05,0,2.64274677308276,0,0,0,0,0,0,0,0
398,2,10,1000,2000,21272531,2,"ifeval_min30",2,3,2,3,0.05,2.98654894111678,2.98048733337782,0,0,0,0,0,0,0,0
399,2,10,1000,2000,21272531,2,"ifeval_min30",2,3,2,3,0.05,0,2.01496151741594,0,0,0,0,0,0,0,0
400,2,10,1000,2000,21272531,2,"ifeval_min30",2,3,2,3,0.05,0,2.57877464173362,0,0,-2.17329731932841,2.91007505217567,0,0,0,0
401,2,10,1000,2000,21272531,2,"ifeval_min30",2,3,2,3,0.05,0,2.91509297746234,0,0,0,0,0,-2.15966331586242,0,0
402,2,10,1000,2000,21272531,2,"ifeval_min30",2,3,2,3,0.05,0,2.14454932441004,0,0,0,0,0,0,0,0
403,2,10,1000,2000,21272531,2,"ifeval_min30",2,3,2,3,0.05,0,2.45493497396819,0,0,0,0,0,0,0,0
404,2,10,1000,2000,21272531,2,"ifeval_min30",2,3,2,3,0.05,0,2.10023553739302,0,0,0,0,0,0,0,0
405,2,10,1000,2000,21272531,2,"ifeval_min30",2,3,2,3,0.05,0,2.25770670431666,0,0,0,0,0,0,0,0
406,2,10,1000,2000,21272531,2,"ifeval_min30",2,3,2,3,0.05,0,2.69687513168901,0,0,0,0,2.03350783186033,0,0,0
407,2,10,1000,2000,21272531,2,"ifeval_min30",2,3,2,3,0.05,-2.47564608324319,2.60838464298286,0,0,0,0,0,0,0,0
408,2,10,1000,2000,21272531,2,"ifeval_min30",2,3,2,3,0.05,0,2.58501222729683,0,0,0,0,0,0,0,0
409,2,10,1000,2000,21272531,2,"ifeval_min30",2,3,2,3,0.05,0,2.73108721082099,0,0,0,0,0,0,0,0
410,2,10,1000,2000,21272531,2,"ifeval_min30",2,3,2,3,0.05,0,2.80786730838008,0,0,0,0,2.80712140025571,0,0,0
411,2,10,1000,2000,21272531,2,"ifeval_min30",2,3,2,3,0.05,0,2.77461219392717,0,0,0,0,0,0,0,0
412,2,10,1000,2000,21272531,2,"ifeval_min30",2,3,2,3,0.05,0,2.216154740192,0,0,0,0,0,0,0,0
413,2,10,1000,2000,21272531,2,"ifeval_min30",2,3,2,3,0.05,0,2.91297006467357,0,0,0,0,0,0,0,0
414,2,10,1000,2000,21272531,2,"ifeval_min30",2,3,2,3,0.05,0,2.47487533395179,0,0,0,0,0,0,0,0
415,2,10,1000,2000,21272531,2,"ifeval_min30",2,3,2,3,0.05,0,2.9212247801479,0,0,0,0,0,0,0,0
416,2,10,1000,2000,21272531,2,"ifeval_min30",2,3,2,3,0.05,0,2.01992174657062,0,-2.09658472053707,0,0,0,0,0,0
417,2,10,1000,2000,21272531,2,"ifeval_min30",2,3,2,3,0.05,-2.12534084171057,2.3027738109231,0,0,0,0,0,0,0,0
418,2,10,1000,2000,21272531,2,"ifeval_min30",2,3,2,3,0.05,0,2.66917039314285,0,0,0,0,0,0,0,0
419,2,10,1000,2000,21272531,2,"ifeval_min30",2,3,2,3,0.05,0,2.70012459438294,0,0,0,0,0,0,0,0
420,2,10,1000,2000,21272531,2,"ifeval_min30",2,3,2,3,0.05,0,2.845899655018,0,2.04261522111483,0,2.9624570151791,0,0,0,0
421,2,10,1000,2000,21272531,2,"ifeval_min30",2,3,2,3,0.05,0,2.13472455972806,0,0,0,0,-2.45621187752113,0,0,0
422,2,10,1000,2000,21272531,2,"ifeval_min30",2,3,2,3,0.05,0,2.28983009327203,0,0,0,0,0,0,0,0
423,2,10,1000,2000,21272531,2,"ifeval_min30",2,3,2,3,0.05,0,2.68068892206065,0,0,0,0,0,-2.18186370679177,0,0
424,2,10,1000,2000,21272531,2,"ifeval_min30",2,3,2,3,0.05,0,2.63131192582659,0,-2.15269377618097,0,0,0,0,0,0
425,2,10,1000,2000,21272531,2,"ifeval_min30",2,3,2,3,0.05,0,2.6828034305945,0,0,0,2.2946365904063,0,0,0,0
426,2,10,1000,2000,21272531,2,"ifeval_min30",2,3,2,3,0.05,0,2.3435955226887,0,0,0,0,0,0,0,0
427,2,10,1000,2000,21272531,2,"ifeval_min30",2,3,2,3,0.05,0,2.20386120700277,0,-2.37071636901237,0,2.17684465879574,0,0,0,0
428,2,10,1000,2000,21272531,2,"ifeval_min30",2,3,2,3,0.05,0,2.78534758021124,0,0,0,0,0,0,0,0
429,2,10,1000,2000,21272531,2,"ifeval_min30",2,3,2,3,0.05,0,2.77370111667551,0,0,0,0,0,0,0,0
430,2,10,1000,2000,21272531,2,"ifeval_min30",2,3,2,3,0.05,0,2.9366666644346,0,0,0,0,0,0,0,0
431,2,10,1000,2000,21272531,2,"ifeval_min30",2,3,2,3,0.05,0,2.89898045524023,0,0,0,0,0,0,0,0
432,2,10,1000,2000,21272531,2,"ifeval_min30",2,3,2,3,0.05,0,2.8692565294914,0,0,0,0,0,0,0,0
433,2,10,1000,2000,21272531,2,"ifeval_min30",2,3,2,3,0.05,0,2.35178291029297,0,0,0,0,0,0,0,0
434,2,10,1000,2000,21272531,2,"ifeval_min30",2,3,2,3,0.05,0,2.08990929624997,0,0,0,0,0,0,0,0
435,2,10,1000,2000,21272531,2,"ifeval_min30",2,3,2,3,0.05,0,2.85397414700128,0,0,0,0,0,0,0,0
436,2,10,1000,2000,21272531,2,"ifeval_min30",2,3,2,3,0.05,0,2.79414531425573,0,0,0,0,0,0,0,0
437,2,10,1000,2000,21272531,2,"ifeval_min30",2,3,2,3,0.05,0,2.07106730109081,0,0,2.4706906483043,0,-2.1887948892545,0,0,0
438,2,10,1000,2000,21272531,2,"ifeval_min30",2,3,2,3,0.05,-2.25866682897322,2.73115768353455,0,0,0,0,0,0,0,0
439,2,10,1000,2000,21272531,2,"ifeval_min30",2,3,2,3,0.05,0,2.55199616821483,0,0,0,0,0,0,0,0
440,2,10,1000,2000,21272531,2,"ifeval_min30",2,3,2,3,0.05,0,2.52340694074519,0,0,0,0,0,0,0,0
441,2,10,1000,2000,21272531,2,"ifeval_min30",2,3,2,3,0.05,0,2.76731823896989,0,0,0,0,0,0,0,0
442,2,10,1000,2000,21272531,2,"ifeval_min30",2,3,2,3,0.05,0,2.85903597786091,0,0,0,0,0,0,0,0
443,2,10,1000,2000,21272531,2,"ifeval_min30",2,3,2,3,0.05,0,2.91003843490034,0,0,0,0,0,0,0,0
444,2,10,1000,2000,21272531,2,"ifeval_min30",2,3,2,3,0.05,0,2.97531005903147,0,0,0,0,0,0,0,0
445,2,10,1000,2000,21272531,2,"ifeval_min30",2,3,2,3,0.05,0,2.60298700653948,0,0,0,0,0,0,-2.0461164265871,0
446,2,10,1000,2000,21272531,2,"ifeval_min30",2,3,2,3,0.05,0,2.41597183025442,0,0,0,0,0,0,0,0
447,2,10,1000,2000,21272531,2,"ifeval_min30",2,3,2,3,0.05,0,2.12562180566601,0,0,0,0,0,-2.21090030274354,0,0
448,2,10,1000,2000,21272531,2,"ifeval_min30",2,3,2,3,0.05,-2.76343923667446,2.97470158035867,0,0,0,0,0,0,-2.69724549469538,0
449,2,10,1000,2000,21272531,2,"ifeval_min30",2,3,2,3,0.05,0,2.16190574713983,0,0,0,0,0,0,0,0
450,2,10,1000,2000,21272531,2,"ifeval_min30",2,3,2,3,0.05,0,2.72481470787898,0,0,0,0,0,0,0,0
451,2,10,1000,2000,21272531,2,"ifeval_min30",2,3,2,3,0.05,0,2.51740680332296,0,0,0,0,0,0,0,0
452,2,10,1000,2000,21272531,2,"ifeval_min30",2,3,2,3,0.05,0,2.4761766558513,0,0,0,0,0,0,0,0
453,2,10,1000,2000,21272531,2,"ifeval_min30",2,3,2,3,0.05,0,2.21882212394848,0,0,0,0,0,0,0,0
454,2,10,1000,2000,21272531,2,"ifeval_min30",2,3,2,3,0.05,0,2.45089843706228,0,0,0,0,0,0,0,0
455,2,10,1000,2000,21272531,2,"ifeval_min30",2,3,2,3,0.05,0,2.04480506456457,0,0,0,0,0,0,0,0
456,2,10,1000,2000,21272531,2,"ifeval_min30",2,3,2,3,0.05,0,2.89835715922527,0,0,0,0,0,0,0,0
457,2,10,1000,2000,21272531,2,"ifeval_min30",2,3,2,3,0.05,0,2.62025592033751,0,0,0,0,-2.65143639082089,0,0,0
458,2,10,1000,2000,21272531,2,"ifeval_min30",2,3,2,3,0.05,0,2.74105554446578,0,0,0,0,0,0,0,0
459,2,10,1000,2000,21272531,2,"ifeval_min30",2,3,2,3,0.05,0,2.05816651042551,0,0,0,0,0,0,0,0
460,2,10,1000,2000,21272531,2,"ifeval_min30",2,3,2,3,0.05,0,2.59643556806259,0,0,0,0,0,0,0,0
461,2,10,1000,2000,21272531,2,"ifeval_min30",2,3,2,3,0.05,0,2.18211555271409,0,0,-2.90034317993559,0,0,0,0,0
462,2,10,1000,2000,21272531,2,"ifeval_min30",2,3,2,3,0.05,0,2.51112404209562,0,0,0,0,0,0,0,0
463,2,10,1000,2000,21272531,2,"ifeval_min30",2,3,2,3,0.05,0,2.1755093135871,0,0,0,0,0,0,0,0
464,2,10,1000,2000,21272531,2,"ifeval_min30",2,3,2,3,0.05,0,2.86367984837852,0,0,0,-2.7230953075923,0,0,0,0
465,2,10,1000,2000,21272531,2,"ifeval_min30",2,3,2,3,0.05,0,2.79426962858997,0,0,2.48794977297075,0,0,0,0,0
466,2,10,1000,2000,21272531,2,"ifeval_min30",2,3,2,3,0.05,0,2.34513431717642,0,0,0,0,0,0,0,0
467,2,10,1000,2000,21272531,2,"ifeval_min30",2,3,2,3,0.05,0,2.04493343597278,0,0,0,0,0,0,2.17794521292672,0
468,2,10,1000,2000,21272531,2,"ifeval_min30",2,3,2,3,0.05,0,2.60274909692816,0,0,0,0,0,0,-2.12700261641294,0
469,2,10,1000,2000,21272531,2,"ifeval_min30",2,3,2,3,0.05,0,2.68285112897865,0,0,0,0,0,0,0,0
470,2,10,1000,2000,21272531,2,"ifeval_min30",2,3,2,3,0.05,0,2.17192836268805,0,0,0,0,0,0,0,0
471,2,10,1000,2000,21272531,2,"ifeval_min30",2,3,2,3,0.05,0,2.4251035163179,0,0,0,0,0,0,0,0
472,2,10,1000,2000,21272531,2,"ifeval_min30",2,3,2,3,0.05,0,2.11615194892511,0,0,0,2.74899474484846,0,0,0,0
473,2,10,1000,2000,21272531,2,"ifeval_min30",2,3,2,3,0.05,2.37274240399711,2.45816522813402,0,0,0,0,0,0,0,0
474,2,10,1000,2000,21272531,2,"ifeval_min30",2,3,2,3,0.05,0,2.45784739404917,0,0,0,0,0,0,0,0
475,2,10,1000,2000,21272531,2,"ifeval_min30",2,3,2,3,0.05,0,2.58588480832987,0,0,0,0,0,0,0,0
476,2,10,1000,2000,21272531,2,"ifeval_min30",2,3,2,3,0.05,0,2.5876621035859,0,0,0,0,0,2.21864959853701,2.22950639342889,0
477,2,10,1000,2000,21272531,2,"ifeval_min30",2,3,2,3,0.05,-2.51226645265706,2.53760187258013,0,0,0,0,0,0,0,0
478,2,10,1000,2000,21272531,2,"ifeval_min30",2,3,2,3,0.05,0,2.8912315487396,0,0,0,0,0,0,0,0
479,2,10,1000,2000,21272531,2,"ifeval_min30",2,3,2,3,0.05,0,2.02021401561797,0,0,0,0,0,0,-2.8839456231799,0
480,3,10,1000,2000,21272531,2,"ifeval_min30",2,3,2,3,0.05,0,0,2.06595701607876,0,0,0,0,0,0,0
481,3,10,1000,2000,21272531,2,"ifeval_min30",2,3,2,3,0.05,0,0,2.88708454649895,0,0,0,0,0,0,0
482,3,10,1000,2000,21272531,2,"ifeval_min30",2,3,2,3,0.05,0,0,2.1011524416972,0,0,0,0,0,0,0
483,3,10,1000,2000,21272531,2,"ifeval_min30",2,3,2,3,0.05,0,0,2.1819753232412,0,0,0,-2.38653094507754,0,0,0
484,3,10,1000,2000,21272531,2,"ifeval_min30",2,3,2,3,0.05,0,0,2.36646597483195,0,0,0,0,0,0,0
485,3,10,1000,2000,21272531,2,"ifeval_min30",2,3,2,3,0.05,0,0,2.12719598016702,0,0,0,0,0,0,0
486,3,10,1000,2000,21272531,2,"ifeval_min30",2,3,2,3,0.05,0,0,2.1038787481375,2.80855826218612,0,0,0,0,0,0
487,3,10,1000,2000,21272531,2,"ifeval_min30",2,3,2,3,0.05,0,0,2.05675354832783,0,0,0,0,0,2.41836679377593,0
488,3,10,1000,2000,21272531,2,"ifeval_min30",2,3,2,3,0.05,0,0,2.69404492946342,0,0,0,0,0,0,0
489,3,10,1000,2000,21272531,2,"ifeval_min30",2,3,2,3,0.05,0,0,2.27849106676877,0,0,0,0,0,0,0
490,3,10,1000,2000,21272531,2,"ifeval_min30",2,3,2,3,0.05,0,0,2.25784503598697,0,0,0,0,0,0,0
491,3,10,1000,2000,21272531,2,"ifeval_min30",2,3,2,3,0.05,0,0,2.59726175270043,0,0,0,0,0,0,0
492,3,10,1000,2000,21272531,2,"ifeval_min30",2,3,2,3,0.05,0,0,2.43426866619848,0,0,0,0,0,0,0
493,3,10,1000,2000,21272531,2,"ifeval_min30",2,3,2,3,0.05,0,0,2.86909806728363,0,0,0,0,0,0,0
494,3,10,1000,2000,21272531,2,"ifeval_min30",2,3,2,3,0.05,0,0,2.28772416384891,0,0,2.35747333080508,0,0,0,0
495,3,10,1000,2000,21272531,2,"ifeval_min30",2,3,2,3,0.05,0,-2.33262064051814,2.98175355535932,0,0,0,2.75631887558848,0,0,0
496,3,10,1000,2000,21272531,2,"ifeval_min30",2,3,2,3,0.05,0,0,2.44322629575618,0,0,0,0,0,0,0
497,3,10,1000,2000,21272531,2,"ifeval_min30",2,3,2,3,0.05,0,0,2.68101946520619,0,0,0,0,0,0,0
498,3,10,1000,2000,21272531,2,"ifeval_min30",2,3,2,3,0.05,0,0,2.60287166433409,0,0,0,0,0,0,0
499,3,10,1000,2000,21272531,2,"ifeval_min30",2,3,2,3,0.05,0,0,2.7872898876667,0,0,0,0,0,-2.8136724899523,0
500,3,10,1000,2000,21272531,2,"ifeval_min30",2,3,2,3,0.05,2.54360881191678,0,2.26395332650281,0,0,0,0,0,0,0
501,3,10,1000,2000,21272531,2,"ifeval_min30",2,3,2,3,0.05,0,2.43546480010264,2.57520582666621,0,0,0,0,0,0,0
502,3,10,1000,2000,21272531,2,"ifeval_min30",2,3,2,3,0.05,0,0,2.20498663792387,0,0,0,0,0,0,0
503,3,10,1000,2000,21272531,2,"ifeval_min30",2,3,2,3,0.05,0,0,2.94320320291445,0,0,0,0,0,0,0
504,3,10,1000,2000,21272531,2,"ifeval_min30",2,3,2,3,0.05,0,0,2.93849559407681,0,0,0,0,0,0,0
505,3,10,1000,2000,21272531,2,"ifeval_min30",2,3,2,3,0.05,0,-2.18358737463132,2.53972925618291,0,0,0,0,0,0,0
506,3,10,1000,2000,21272531,2,"ifeval_min30",2,3,2,3,0.05,0,0,2.42563641141169,-2.04874165332876,0,2.74393964908086,0,0,0,0
507,3,10,1000,2000,21272531,2,"ifeval_min30",2,3,2,3,0.05,0,0,2.74011102155782,0,0,0,0,0,0,0
508,3,10,1000,2000,21272531,2,"ifeval_min30",2,3,2,3,0.05,0,0,2.75954125635326,0,0,0,0,0,0,0
509,3,10,1000,2000,21272531,2,"ifeval_min30",2,3,2,3,0.05,0,0,2.56690501398407,0,2.28225441393442,0,0,0,0,0
510,3,10,1000,2000,21272531,2,"ifeval_min30",2,3,2,3,0.05,0,0,2.80737230577506,0,0,0,0,0,0,0
511,3,10,1000,2000,21272531,2,"ifeval_min30",2,3,2,3,0.05,0,0,2.7310535593424,2.50286210677586,0,0,0,0,0,0
512,3,10,1000,2000,21272531,2,"ifeval_min30",2,3,2,3,0.05,0,0,2.37943346286193,0,0,0,0,0,2.1594495032914,0
513,3,10,1000,2000,21272531,2,"ifeval_min30",2,3,2,3,0.05,0,0,2.1013014272321,0,0,0,0,0,0,0
514,3,10,1000,2000,21272531,2,"ifeval_min30",2,3,2,3,0.05,0,0,2.42098548752256,0,0,0,0,0,0,0
515,3,10,1000,2000,21272531,2,"ifeval_min30",2,3,2,3,0.05,0,0,2.57420072378591,0,0,0,0,0,0,0
516,3,10,1000,2000,21272531,2,"ifeval_min30",2,3,2,3,0.05,0,0,2.7004858115688,0,0,2.04182628681883,0,0,0,0
517,3,10,1000,2000,21272531,2,"ifeval_min30",2,3,2,3,0.05,0,0,2.00049989973195,0,0,0,0,0,0,0
518,3,10,1000,2000,21272531,2,"ifeval_min30",2,3,2,3,0.05,0,0,2.25894205505028,-2.49436998507008,0,0,0,0,0,0
519,3,10,1000,2000,21272531,2,"ifeval_min30",2,3,2,3,0.05,0,0,2.01835078769363,0,-2.58440852188505,0,0,0,0,0
520,3,10,1000,2000,21272531,2,"ifeval_min30",2,3,2,3,0.05,0,0,2.93441413738765,0,0,0,0,0,0,0
521,3,10,1000,2000,21272531,2,"ifeval_min30",2,3,2,3,0.05,0,0,2.50255791074596,0,0,0,0,0,0,0
522,3,10,1000,2000,21272531,2,"ifeval_min30",2,3,2,3,0.05,0,0,2.41162685560994,0,0,0,-2.65113805234432,0,0,0
523,3,10,1000,2000,21272531,2,"ifeval_min30",2,3,2,3,0.05,0,0,2.27968886634335,0,0,0,0,0,0,0
524,3,10,1000,2000,21272531,2,"ifeval_min30",2,3,2,3,0.05,0,0,2.56240820884705,0,0,0,-2.10430092993192,0,0,0
525,3,10,1000,2000,21272531,2,"ifeval_min30",2,3,2,3,0.05,0,0,2.02431628596969,2.28204936231486,0,0,0,0,0,0
526,3,10,1000,2000,21272531,2,"ifeval_min30",2,3,2,3,0.05,0,0,2.69903445034288,0,0,0,0,0,0,0
527,3,10,1000,2000,21272531,2,"ifeval_min30",2,3,2,3,0.05,0,0,2.29599446919747,0,0,0,0,0,0,0
528,3,10,1000,2000,21272531,2,"ifeval_min30",2,3,2,3,0.05,0,0,2.22423556959257,0,0,0,0,0,0,0
529,3,10,1000,2000,21272531,2,"ifeval_min30",2,3,2,3,0.05,0,0,2.80893644480966,0,2.76767393155023,0,0,0,0,0
530,3,10,1000,2000,21272531,2,"ifeval_min30",2,3,2,3,0.05,0,0,2.28757898486219,0,0,-2.28888177708723,0,0,0,0
531,3,10,1000,2000,21272531,2,"ifeval_min30",2,3,2,3,0.05,0,0,2.08528546453454,0,-2.7955390822608,0,0,0,0,0
532,3,10,1000,2000,21272531,2,"ifeval_min30",2,3,2,3,0.05,0,0,2.98196646012366,0,0,0,0,0,0,0
533,3,10,1000,2000,21272531,2,"ifeval_min30",2,3,2,3,0.05,0,0,2.18959624855779,0,0,0,0,0,0,0
534,3,10,1000,2000,21272531,2,"ifeval_min30",2,3,2,3,0.05,0,0,2.96426012297161,0,0,0,0,0,0,0
535,3,10,1000,2000,21272531,2,"ifeval_min30",2,3,2,3,0.05,0,0,2.18382836668752,0,0,0,0,0,0,0
536,3,10,1000,2000,21272531,2,"ifeval_min30",2,3,2,3,0.05,0,0,2.29994995612651,0,0,0,-2.54148660320789,0,2.60787541861646,0
537,3,10,1000,2000,21272531,2,"ifeval_min30",2,3,2,3,0.05,0,0,2.41922828997485,0,0,0,0,0,0,0
538,3,10,1000,2000,21272531,2,"ifeval_min30",2,3,2,3,0.05,0,0,2.59688025084324,0,0,0,0,0,0,0
539,3,10,1000,2000,21272531,2,"ifeval_min30",2,3,2,3,0.05,0,0,2.2674725074321,0,0,0,0,0,0,0
540,3,10,1000,2000,21272531,2,"ifeval_min30",2,3,2,3,0.05,0,0,2.80223039211705,0,0,0,0,0,-2.67290113843046,0
541,3,10,1000,2000,21272531,2,"ifeval_min30",2,3,2,3,0.05,0,0,2.03904647100717,0,0,0,0,0,0,0
542,3,10,1000,2000,21272531,2,"ifeval_min30",2,3,2,3,0.05,0,0,2.71413647942245,0,0,2.51890936261043,0,0,0,0
543,3,10,1000,2000,21272531,2,"ifeval_min30",2,3,2,3,0.05,0,0,2.41674427478574,0,0,0,0,0,0,0
544,3,10,1000,2000,21272531,2,"ifeval_min30",2,3,2,3,0.05,0,0,2.94145848089829,0,0,0,0,0,0,0
545,3,10,1000,2000,21272531,2,"ifeval_min30",2,3,2,3,0.05,0,0,2.13743207999505,0,0,0,0,0,0,0
546,3,10,1000,2000,21272531,2,"ifeval_min30",2,3,2,3,0.05,0,0,2.11655465816148,0,0,2.32129770494066,0,0,0,0
547,3,10,1000,2000,21272531,2,"ifeval_min30",2,3,2,3,0.05,0,0,2.65809801616706,0,0,0,0,0,0,0
548,3,10,1000,2000,21272531,2,"ifeval_min30",2,3,2,3,0.05,0,0,2.3408028408885,0,0,0,0,0,0,0
549,3,10,1000,2000,21272531,2,"ifeval_min30",2,3,2,3,0.05,0,2.50786757329479,2.43616816704161,0,0,0,0,0,0,0
550,3,10,1000,2000,21272531,2,"ifeval_min30",2,3,2,3,0.05,0,0,2.54035334405489,0,0,0,0,0,2.74945788085461,0
551,3,10,1000,2000,21272531,2,"ifeval_min30",2,3,2,3,0.05,0,0,2.32850954611786,0,0,0,0,0,2.88201418961398,0
552,3,10,1000,2000,21272531,2,"ifeval_min30",2,3,2,3,0.05,0,0,2.5369295058772,0,0,0,0,0,0,0
553,3,10,1000,2000,21272531,2,"ifeval_min30",2,3,2,3,0.05,0,0,2.10641459841281,0,0,0,0,0,0,0
554,3,10,1000,2000,21272531,2,"ifeval_min30",2,3,2,3,0.05,0,0,2.15168057312258,0,0,0,0,-2.38826970756054,0,0
555,3,10,1000,2000,21272531,2,"ifeval_min30",2,3,2,3,0.05,0,0,2.65999997360632,0,0,0,0,0,0,0
556,3,10,1000,2000,21272531,2,"ifeval_min30",2,3,2,3,0.05,0,0,2.45582788973115,0,0,0,0,0,0,0
557,3,10,1000,2000,21272531,2,"ifeval_min30",2,3,2,3,0.05,0,0,2.68619061401114,0,0,-2.20993421180174,0,0,0,0
558,3,10,1000,2000,21272531,2,"ifeval_min30",2,3,2,3,0.05,0,0,2.9270503509324,0,0,0,0,0,0,-2.71461974596605
559,3,10,1000,2000,21272531,2,"ifeval_min30",2,3,2,3,0.05,0,0,2.63859529863112,0,0,0,0,0,0,0
560,3,10,1000,2000,21272531,2,"ifeval_min30",2,3,2,3,0.05,0,0,2.41152311000042,0,0,0,0,0,0,0
561,3,10,1000,2000,21272531,2,"ifeval_min30",2,3,2,3,0.05,0,0,2.87299417681061,0,0,0,0,0,0,0
562,3,10,1000,2000,21272531,2,"ifeval_min30",2,3,2,3,0.05,0,0,2.22440816531889,0,0,0,0,2.29139512218535,0,0
563,3,10,1000,2000,21272531,2,"ifeval_min30",2,3,2,3,0.05,0,0,2.24882979760878,0,0,0,0,0,0,0
564,3,10,1000,2000,21272531,2,"ifeval_min30",2,3,2,3,0.05,0,2.74238044186495,2.315967974253,0,0,0,0,0,0,0
565,3,10,1000,2000,21272531,2,"ifeval_min30",2,3,2,3,0.05,0,0,2.93373276782222,0,0,0,0,0,0,0
566,3,10,1000,2000,21272531,2,"ifeval_min30",2,3,2,3,0.05,0,0,2.10632122005336,0,0,-2.42459436645731,0,0,0,0
567,3,10,1000,2000,21272531,2,"ifeval_min30",2,3,2,3,0.05,0,0,2.28042062930763,0,0,0,0,0,0,0
568,3,10,1000,2000,21272531,2,"ifeval_min30",2,3,2,3,0.05,0,0,2.69767860230058,0,0,2.1253523142077,0,0,0,0
569,3,10,1000,2000,21272531,2,"ifeval_min30",2,3,2,3,0.05,0,-2.81327865202911,2.33716343715787,0,0,2.35730148642324,0,0,0,0
570,3,10,1000,2000,21272531,2,"ifeval_min30",2,3,2,3,0.05,0,0,2.06936985626817,0,0,0,0,0,0,0
571,3,10,1000,2000,21272531,2,"ifeval_min30",2,3,2,3,0.05,0,0,2.01748047885485,0,0,0,0,0,0,0
572,3,10,1000,2000,21272531,2,"ifeval_min30",2,3,2,3,0.05,0,0,2.53708067070693,0,0,0,0,0,0,0
573,3,10,1000,2000,21272531,2,"ifeval_min30",2,3,2,3,0.05,0,0,2.98148578009568,2.89764334470965,0,0,0,2.37179155508056,0,0
574,3,10,1000,2000,21272531,2,"ifeval_min30",2,3,2,3,0.05,2.78913811757229,0,2.52020648587495,0,0,0,0,0,0,0
575,3,10,1000,2000,21272531,2,"ifeval_min30",2,3,2,3,0.05,0,0,2.65074625983834,0,0,0,0,0,0,0
576,3,10,1000,2000,21272531,2,"ifeval_min30",2,3,2,3,0.05,0,0,2.03827253985219,0,0,0,0,0,0,0
577,3,10,1000,2000,21272531,2,"ifeval_min30",2,3,2,3,0.05,0,0,2.27268416318111,0,0,0,0,0,0,0
578,3,10,1000,2000,21272531,2,"ifeval_min30",2,3,2,3,0.05,0,0,2.59090833319351,0,0,0,0,0,-2.44486341555603,0
579,3,10,1000,2000,21272531,2,"ifeval_min30",2,3,2,3,0.05,0,0,2.5410291980952,0,0,0,0,0,2.73306506918743,0
580,3,10,1000,2000,21272531,2,"ifeval_min30",2,3,2,3,0.05,0,0,2.10096005210653,0,0,0,0,0,0,0
581,3,10,1000,2000,21272531,2,"ifeval_min30",2,3,2,3,0.05,0,0,2.79082694393583,0,0,0,0,0,0,0
582,3,10,1000,2000,21272531,2,"ifeval_min30",2,3,2,3,0.05,0,0,2.70300608640537,0,0,0,0,0,0,0
583,3,10,1000,2000,21272531,2,"ifeval_min30",2,3,2,3,0.05,-2.49130564904772,0,2.88294640090317,0,0,-2.03633438772522,0,0,0,0
584,3,10,1000,2000,21272531,2,"ifeval_min30",2,3,2,3,0.05,0,0,2.19709905143827,0,0,0,0,0,0,0
585,4,10,1000,2000,21272531,2,"ifeval_min30",2,3,2,3,0.05,0,0,0,2.6107182817068,0,0,0,-2.10088329995051,2.33385564992204,0
586,4,10,1000,2000,21272531,2,"ifeval_min30",2,3,2,3,0.05,0,0,0,2.642266219249,0,0,0,0,0,0
587,4,10,1000,2000,21272531,2,"ifeval_min30",2,3,2,3,0.05,0,0,0,2.4789522360079,0,0,0,0,0,0
588,4,10,1000,2000,21272531,2,"ifeval_min30",2,3,2,3,0.05,-2.2867769987788,0,0,2.20761508541182,0,0,0,2.50078911683522,0,0
589,4,10,1000,2000,21272531,2,"ifeval_min30",2,3,2,3,0.05,0,2.10850527300499,0,2.40659452346154,0,0,-2.78309282613918,0,0,0
590,4,10,1000,2000,21272531,2,"ifeval_min30",2,3,2,3,0.05,0,0,0,2.78377218684182,0,0,0,0,0,0
591,4,10,1000,2000,21272531,2,"ifeval_min30",2,3,2,3,0.05,0,0,0,2.97266917070374,0,0,0,0,0,0
592,4,10,1000,2000,21272531,2,"ifeval_min30",2,3,2,3,0.05,0,0,0,2.45789189590141,0,0,0,0,0,0
593,4,10,1000,2000,21272531,2,"ifeval_min30",2,3,2,3,0.05,0,-2.96706554689445,0,2.9092246463988,0,0,0,0,0,0
594,4,10,1000,2000,21272531,2,"ifeval_min30",2,3,2,3,0.05,0,0,0,2.94652904407121,0,0,0,0,0,0
595,4,10,1000,2000,21272531,2,"ifeval_min30",2,3,2,3,0.05,0,0,0,2.48822352779098,0,0,0,0,0,0
596,4,10,1000,2000,21272531,2,"ifeval_min30",2,3,2,3,0.05,2.71964572998695,0,0,2.32985598547384,0,0,0,0,0,0
597,4,10,1000,2000,21272531,2,"ifeval_min30",2,3,2,3,0.05,0,0,0,2.0392846444156,0,0,0,0,0,0
598,4,10,1000,2000,21272531,2,"ifeval_min30",2,3,2,3,0.05,0,0,0,2.5843508343678,0,0,0,0,0,0
599,4,10,1000,2000,21272531,2,"ifeval_min30",2,3,2,3,0.05,0,0,0,2.82690097903833,0,0,0,0,0,0
600,4,10,1000,2000,21272531,2,"ifeval_min30",2,3,2,3,0.05,0,0,0,2.68326493608765,0,0,0,0,0,0
601,4,10,1000,2000,21272531,2,"ifeval_min30",2,3,2,3,0.05,0,0,0,2.45721869030967,0,0,0,0,0,0
602,4,10,1000,2000,21272531,2,"ifeval_min30",2,3,2,3,0.05,0,0,0,2.10694080055691,0,0,-2.13100571325049,0,0,0
603,4,10,1000,2000,21272531,2,"ifeval_min30",2,3,2,3,0.05,0,0,-2.1362782260403,2.4426734438166,0,0,0,0,0,0
604,4,10,1000,2000,21272531,2,"ifeval_min30",2,3,2,3,0.05,0,0,0,2.70525935059413,0,0,0,0,0,0
605,4,10,1000,2000,21272531,2,"ifeval_min30",2,3,2,3,0.05,0,0,0,2.31528150383383,0,0,0,0,2.33993749460205,0
606,4,10,1000,2000,21272531,2,"ifeval_min30",2,3,2,3,0.05,2.48367204330862,0,0,2.61423026677221,0,0,0,0,0,0
607,4,10,1000,2000,21272531,2,"ifeval_min30",2,3,2,3,0.05,0,0,0,2.38819902646355,0,0,0,0,0,0
608,4,10,1000,2000,21272531,2,"ifeval_min30",2,3,2,3,0.05,0,0,0,2.88970122439787,0,0,0,0,0,0
609,4,10,1000,2000,21272531,2,"ifeval_min30",2,3,2,3,0.05,0,0,2.64277164731175,2.75857216701843,0,2.95647561736405,0,0,0,-2.51720106159337
610,4,10,1000,2000,21272531,2,"ifeval_min30",2,3,2,3,0.05,0,0,2.42889387742616,2.10376877570525,-2.74125040089712,0,0,0,0,0
611,4,10,1000,2000,21272531,2,"ifeval_min30",2,3,2,3,0.05,0,0,0,2.32614427106455,0,0,0,0,0,0
612,4,10,1000,2000,21272531,2,"ifeval_min30",2,3,2,3,0.05,0,2.84725553519093,0,2.87400431418791,0,0,0,0,0,0
613,4,10,1000,2000,21272531,2,"ifeval_min30",2,3,2,3,0.05,0,0,0,2.37637135572731,0,0,0,0,0,0
614,4,10,1000,2000,21272531,2,"ifeval_min30",2,3,2,3,0.05,0,0,0,2.06685428717174,0,0,0,0,0,0
615,4,10,1000,2000,21272531,2,"ifeval_min30",2,3,2,3,0.05,0,0,0,2.18571028648876,0,0,0,2.40814989223145,2.51466274540871,0
616,4,10,1000,2000,21272531,2,"ifeval_min30",2,3,2,3,0.05,-2.88650520145893,0,0,2.29199476959184,0,0,0,0,0,0
617,4,10,1000,2000,21272531,2,"ifeval_min30",2,3,2,3,0.05,0,0,0,2.74792635790072,0,0,0,0,0,0
618,4,10,1000,2000,21272531,2,"ifeval_min30",2,3,2,3,0.05,0,0,0,2.77637391211465,0,0,0,0,0,0
619,4,10,1000,2000,21272531,2,"ifeval_min30",2,3,2,3,0.05,0,2.02448551123962,0,2.50058059836738,0,0,0,0,0,0
620,4,10,1000,2000,21272531,2,"ifeval_min30",2,3,2,3,0.05,0,0,0,2.42384517099708,0,0,-2.53068250068463,0,0,0
621,4,10,1000,2000,21272531,2,"ifeval_min30",2,3,2,3,0.05,0,0,0,2.67371465358883,0,0,0,0,0,0
622,4,10,1000,2000,21272531,2,"ifeval_min30",2,3,2,3,0.05,0,0,0,2.4377049440518,2.62196196010336,0,0,0,0,0
623,4,10,1000,2000,21272531,2,"ifeval_min30",2,3,2,3,0.05,0,-2.65571583458222,0,2.55361437168904,0,0,0,0,0,0
624,4,10,1000,2000,21272531,2,"ifeval_min30",2,3,2,3,0.05,0,0,0,2.97499075508676,0,0,0,0,0,0
625,4,10,1000,2000,21272531,2,"ifeval_min30",2,3,2,3,0.05,0,0,0,2.37397924461402,0,0,0,0,0,0
626,4,10,1000,2000,21272531,2,"ifeval_min30",2,3,2,3,0.05,0,0,0,2.46264188131317,0,0,0,0,0,0
627,4,10,1000,2000,21272531,2,"ifeval_min30",2,3,2,3,0.05,0,0,0,2.03794100577943,0,0,0,0,0,0
628,4,10,1000,2000,21272531,2,"ifeval_min30",2,3,2,3,0.05,0,0,0,2.86937564937398,0,0,0,0,0,0
629,4,10,1000,2000,21272531,2,"ifeval_min30",2,3,2,3,0.05,0,0,0,2.14248613617383,2.1031963955611,0,0,0,0,0
630,4,10,1000,2000,21272531,2,"ifeval_min30",2,3,2,3,0.05,0,0,0,2.62418843666092,0,0,0,0,0,0
631,4,10,1000,2000,21272531,2,"ifeval_min30",2,3,2,3,0.05,-2.97596864379011,0,0,2.28891835524701,0,0,0,0,0,0
632,4,10,1000,2000,21272531,2,"ifeval_min30",2,3,2,3,0.05,0,0,0,2.41083118808456,0,0,0,0,0,0
633,4,10,1000,2000,21272531,2,"ifeval_min30",2,3,2,3,0.05,0,0,0,2.45750896702521,0,0,0,0,0,0
634,4,10,1000,2000,21272531,2,"ifeval_min30",2,3,2,3,0.05,0,0,0,2.32203410658985,0,0,0,-2.42752175196074,0,0
635,4,10,1000,2000,21272531,2,"ifeval_min30",2,3,2,3,0.05,0,0,0,2.56886364705861,0,0,0,0,0,0
636,4,10,1000,2000,21272531,2,"ifeval_min30",2,3,2,3,0.05,2.8198717595078,0,0,2.64425835269503,0,0,0,0,0,0
637,4,10,1000,2000,21272531,2,"ifeval_min30",2,3,2,3,0.05,0,0,0,2.71244858484715,0,0,0,0,0,0
638,4,10,1000,2000,21272531,2,"ifeval_min30",2,3,2,3,0.05,0,0,0,2.56615732610226,0,0,0,0,0,0
639,4,10,1000,2000,21272531,2,"ifeval_min30",2,3,2,3,0.05,0,0,0,2.6240783452522,0,0,0,0,0,0
640,4,10,1000,2000,21272531,2,"ifeval_min30",2,3,2,3,0.05,0,0,0,2.04790242016315,0,0,0,0,0,0
641,4,10,1000,2000,21272531,2,"ifeval_min30",2,3,2,3,0.05,0,0,0,2.68412689003162,0,0,0,0,0,0
642,4,10,1000,2000,21272531,2,"ifeval_min30",2,3,2,3,0.05,0,0,0,2.94700020598248,-2.59249019576237,0,0,0,0,0
643,4,10,1000,2000,21272531,2,"ifeval_min30",2,3,2,3,0.05,0,0,-2.35595515393652,2.90061863791198,0,0,0,0,0,0
644,4,10,1000,2000,21272531,2,"ifeval_min30",2,3,2,3,0.05,0,0,0,2.56100545893423,0,0,0,0,0,0
645,4,10,1000,2000,21272531,2,"ifeval_min30",2,3,2,3,0.05,0,0,0,2.86450819508173,0,0,0,0,0,0
646,4,10,1000,2000,21272531,2,"ifeval_min30",2,3,2,3,0.05,0,0,0,2.57938562124036,0,0,0,0,0,0
647,4,10,1000,2000,21272531,2,"ifeval_min30",2,3,2,3,0.05,0,0,2.05684536951594,2.62772778631188,0,0,0,0,0,0
648,4,10,1000,2000,21272531,2,"ifeval_min30",2,3,2,3,0.05,0,0,0,2.1932802235242,0,0,0,0,0,0
649,4,10,1000,2000,21272531,2,"ifeval_min30",2,3,2,3,0.05,0,0,0,2.57022159406915,0,0,0,0,0,0
650,4,10,1000,2000,21272531,2,"ifeval_min30",2,3,2,3,0.05,0,0,0,2.82689894689247,2.62915494502522,0,2.360076157609,0,0,0
651,4,10,1000,2000,21272531,2,"ifeval_min30",2,3,2,3,0.05,0,0,0,2.27930098958313,0,-2.67263604514301,0,0,-2.2927424153313,0
652,4,10,1000,2000,21272531,2,"ifeval_min30",2,3,2,3,0.05,0,0,0,2.33818320930004,-2.76717237150297,0,0,0,0,0
653,4,10,1000,2000,21272531,2,"ifeval_min30",2,3,2,3,0.05,0,0,0,2.90513271349482,0,0,0,0,0,0
654,4,10,1000,2000,21272531,2,"ifeval_min30",2,3,2,3,0.05,0,0,0,2.21556410519406,0,0,0,0,0,0
655,4,10,1000,2000,21272531,2,"ifeval_min30",2,3,2,3,0.05,0,0,0,2.84533800813369,0,0,0,0,0,0
656,4,10,1000,2000,21272531,2,"ifeval_min30",2,3,2,3,0.05,0,2.73863884713501,0,2.07199494121596,2.07276024064049,0,0,0,0,0
657,4,10,1000,2000,21272531,2,"ifeval_min30",2,3,2,3,0.05,0,0,0,2.77706420631148,0,0,0,0,0,0
658,4,10,1000,2000,21272531,2,"ifeval_min30",2,3,2,3,0.05,0,0,0,2.19387813936919,0,0,0,0,0,0
659,4,10,1000,2000,21272531,2,"ifeval_min30",2,3,2,3,0.05,0,0,0,2.02157619735226,0,0,0,0,0,0
660,4,10,1000,2000,21272531,2,"ifeval_min30",2,3,2,3,0.05,0,0,0,2.58454560604878,0,0,0,0,0,0
661,4,10,1000,2000,21272531,2,"ifeval_min30",2,3,2,3,0.05,0,0,0,2.50958870211616,0,0,0,0,2.39764711400494,0
662,4,10,1000,2000,21272531,2,"ifeval_min30",2,3,2,3,0.05,0,0,0,2.35907090036198,0,0,0,0,0,0
663,4,10,1000,2000,21272531,2,"ifeval_min30",2,3,2,3,0.05,0,0,0,2.41927238134667,0,0,0,0,0,0
664,4,10,1000,2000,21272531,2,"ifeval_min30",2,3,2,3,0.05,0,0,0,2.64851374551654,0,0,0,0,0,0
665,4,10,1000,2000,21272531,2,"ifeval_min30",2,3,2,3,0.05,0,0,0,2.24347759434022,0,0,0,0,0,0
666,4,10,1000,2000,21272531,2,"ifeval_min30",2,3,2,3,0.05,0,0,0,2.71541619976051,0,0,0,0,0,0
667,5,10,1000,2000,21272531,2,"ifeval_min30",2,3,2,3,0.05,0,0,0,0,2.11034952825867,0,0,2.20733273169026,0,0
668,5,10,1000,2000,21272531,2,"ifeval_min30",2,3,2,3,0.05,0,0,0,0,2.378591587767,0,0,0,0,0
669,5,10,1000,2000,21272531,2,"ifeval_min30",2,3,2,3,0.05,0,0,0,0,2.36069183959626,0,0,2.22091506631114,0,0
670,5,10,1000,2000,21272531,2,"ifeval_min30",2,3,2,3,0.05,0,0,0,0,2.39055387605913,0,2.02169421757571,0,0,0
671,5,10,1000,2000,21272531,2,"ifeval_min30",2,3,2,3,0.05,0,0,0,0,2.05538542103022,0,0,0,0,0
672,5,10,1000,2000,21272531,2,"ifeval_min30",2,3,2,3,0.05,-2.15284302737564,0,0,-2.10265969415195,2.49935000692494,0,0,0,0,0
673,5,10,1000,2000,21272531,2,"ifeval_min30",2,3,2,3,0.05,0,0,0,0,2.05174929066561,0,0,0,0,0
674,5,10,1000,2000,21272531,2,"ifeval_min30",2,3,2,3,0.05,0,0,0,0,2.98268915060908,0,0,0,0,0
675,5,10,1000,2000,21272531,2,"ifeval_min30",2,3,2,3,0.05,0,0,0,0,2.13409934472293,0,0,-2.62651920341887,0,-2.63602822949179
676,5,10,1000,2000,21272531,2,"ifeval_min30",2,3,2,3,0.05,0,0,0,0,2.23473511869088,0,0,0,0,0
677,5,10,1000,2000,21272531,2,"ifeval_min30",2,3,2,3,0.05,0,0,0,0,2.65654973615892,0,0,0,0,0
678,5,10,1000,2000,21272531,2,"ifeval_min30",2,3,2,3,0.05,0,0,0,0,2.50907161203213,0,0,0,0,0
679,5,10,1000,2000,21272531,2,"ifeval_min30",2,3,2,3,0.05,0,0,0,0,2.42521502822638,-2.40287909703329,0,0,0,0
680,5,10,1000,2000,21272531,2,"ifeval_min30",2,3,2,3,0.05,0,0,0,0,2.09347396087833,0,0,0,0,0
681,5,10,1000,2000,21272531,2,"ifeval_min30",2,3,2,3,0.05,0,-2.5827180845663,0,0,2.27713819639757,0,0,0,0,0
682,5,10,1000,2000,21272531,2,"ifeval_min30",2,3,2,3,0.05,0,0,0,0,2.75121054030024,0,0,0,0,0
683,5,10,1000,2000,21272531,2,"ifeval_min30",2,3,2,3,0.05,0,0,0,0,2.23071051668376,0,0,0,-2.27884658239782,0
684,5,10,1000,2000,21272531,2,"ifeval_min30",2,3,2,3,0.05,0,2.58490464813076,2.25448438618332,0,2.24307400244288,0,0,0,0,0
685,5,10,1000,2000,21272531,2,"ifeval_min30",2,3,2,3,0.05,0,0,0,0,2.8535639969632,0,0,0,0,0
686,5,10,1000,2000,21272531,2,"ifeval_min30",2,3,2,3,0.05,2.11785601498559,0,0,0,2.87805136246607,0,0,0,0,0
687,5,10,1000,2000,21272531,2,"ifeval_min30",2,3,2,3,0.05,0,0,0,0,2.77360797836445,0,0,0,0,0
688,5,10,1000,2000,21272531,2,"ifeval_min30",2,3,2,3,0.05,0,0,0,0,2.12141490797512,0,0,0,0,0
689,5,10,1000,2000,21272531,2,"ifeval_min30",2,3,2,3,0.05,0,0,0,0,2.45071050082333,0,0,0,0,0
690,5,10,1000,2000,21272531,2,"ifeval_min30",2,3,2,3,0.05,0,0,0,0,2.73131810128689,0,0,0,0,0
691,5,10,1000,2000,21272531,2,"ifeval_min30",2,3,2,3,0.05,0,0,0,0,2.26706556719728,0,0,0,0,0
692,5,10,1000,2000,21272531,2,"ifeval_min30",2,3,2,3,0.05,0,0,0,0,2.3128754326608,0,0,0,0,0
693,5,10,1000,2000,21272531,2,"ifeval_min30",2,3,2,3,0.05,0,0,0,0,2.5337174013257,0,0,0,0,0
694,5,10,1000,2000,21272531,2,"ifeval_min30",2,3,2,3,0.05,0,0,0,0,2.38866988499649,0,0,0,0,0
695,5,10,1000,2000,21272531,2,"ifeval_min30",2,3,2,3,0.05,0,0,0,0,2.44748398265801,0,0,0,0,0
696,5,10,1000,2000,21272531,2,"ifeval_min30",2,3,2,3,0.05,0,0,0,0,2.14520908077247,0,0,2.96745810541324,0,0
697,5,10,1000,2000,21272531,2,"ifeval_min30",2,3,2,3,0.05,0,0,0,0,2.58008834719658,0,0,0,0,0
698,5,10,1000,2000,21272531,2,"ifeval_min30",2,3,2,3,0.05,0,0,0,0,2.22062614629976,0,0,0,0,0
699,5,10,1000,2000,21272531,2,"ifeval_min30",2,3,2,3,0.05,0,0,0,0,2.77092305012047,0,0,0,0,0
700,5,10,1000,2000,21272531,2,"ifeval_min30",2,3,2,3,0.05,0,0,0,2.2212525466457,2.81137852161191,0,0,0,0,0
701,5,10,1000,2000,21272531,2,"ifeval_min30",2,3,2,3,0.05,0,0,0,0,2.82734971656464,0,2.36350147635676,0,0,2.92715235287324
702,5,10,1000,2000,21272531,2,"ifeval_min30",2,3,2,3,0.05,0,0,0,0,2.76022047339939,0,0,0,0,0
703,5,10,1000,2000,21272531,2,"ifeval_min30",2,3,2,3,0.05,0,0,0,0,2.98312218883075,0,0,0,0,0
704,5,10,1000,2000,21272531,2,"ifeval_min30",2,3,2,3,0.05,0,0,0,0,2.34229531837627,0,0,0,0,0
705,5,10,1000,2000,21272531,2,"ifeval_min30",2,3,2,3,0.05,0,0,0,0,2.12349838460796,0,0,0,0,0
706,5,10,1000,2000,21272531,2,"ifeval_min30",2,3,2,3,0.05,0,0,0,2.62121582985856,2.77693577925675,0,0,0,0,0
707,5,10,1000,2000,21272531,2,"ifeval_min30",2,3,2,3,0.05,0,0,0,0,2.12578113330528,0,0,0,0,0
708,5,10,1000,2000,21272531,2,"ifeval_min30",2,3,2,3,0.05,0,0,0,2.54475809400901,2.28297213139012,0,0,0,0,0
709,5,10,1000,2000,21272531,2,"ifeval_min30",2,3,2,3,0.05,0,0,0,0,2.87541619455442,0,0,2.94164551934227,0,0
710,5,10,1000,2000,21272531,2,"ifeval_min30",2,3,2,3,0.05,0,0,0,0,2.46032074606046,0,0,0,0,0
711,5,10,1000,2000,21272531,2,"ifeval_min30",2,3,2,3,0.05,0,0,0,0,2.80001584812999,0,0,0,0,0
712,5,10,1000,2000,21272531,2,"ifeval_min30",2,3,2,3,0.05,0,0,0,0,2.18064805911854,0,2.794630556833,0,0,0
713,5,10,1000,2000,21272531,2,"ifeval_min30",2,3,2,3,0.05,0,0,0,0,2.34668839746155,0,0,0,0,0
714,5,10,1000,2000,21272531,2,"ifeval_min30",2,3,2,3,0.05,-2.07370455190539,0,0,0,2.37522813072428,0,0,0,0,2.44877570588142
715,5,10,1000,2000,21272531,2,"ifeval_min30",2,3,2,3,0.05,0,0,0,0,2.95556463836692,0,0,0,0,0
716,5,10,1000,2000,21272531,2,"ifeval_min30",2,3,2,3,0.05,0,2.01156513998285,0,0,2.18056022678502,0,0,0,0,0
717,5,10,1000,2000,21272531,2,"ifeval_min30",2,3,2,3,0.05,0,0,0,0,2.4290188185405,0,0,0,0,0
718,5,10,1000,2000,21272531,2,"ifeval_min30",2,3,2,3,0.05,0,0,0,0,2.94913402013481,0,0,0,0,0
719,5,10,1000,2000,21272531,2,"ifeval_min30",2,3,2,3,0.05,0,0,0,0,2.46074434672482,0,0,2.00705033983104,0,0
720,5,10,1000,2000,21272531,2,"ifeval_min30",2,3,2,3,0.05,0,0,0,0,2.33334647421725,0,0,0,0,0
721,5,10,1000,2000,21272531,2,"ifeval_min30",2,3,2,3,0.05,0,2.12212561327033,0,0,2.84388522151858,0,0,0,0,0
722,5,10,1000,2000,21272531,2,"ifeval_min30",2,3,2,3,0.05,0,0,0,0,2.21830542967655,0,0,0,0,0
723,5,10,1000,2000,21272531,2,"ifeval_min30",2,3,2,3,0.05,2.89268098399043,0,0,0,2.6636146788951,-2.71540525113232,0,0,2.30100626847707,0
724,5,10,1000,2000,21272531,2,"ifeval_min30",2,3,2,3,0.05,0,0,0,0,2.11279679229483,0,0,-2.35027565248311,0,0
725,5,10,1000,2000,21272531,2,"ifeval_min30",2,3,2,3,0.05,0,0,0,0,2.84050477272831,0,0,0,0,0
726,5,10,1000,2000,21272531,2,"ifeval_min30",2,3,2,3,0.05,0,0,0,0,2.97252989700064,0,0,0,0,0
727,5,10,1000,2000,21272531,2,"ifeval_min30",2,3,2,3,0.05,0,0,0,0,2.3326221704483,0,0,0,0,0
728,5,10,1000,2000,21272531,2,"ifeval_min30",2,3,2,3,0.05,0,0,0,0,2.22144516371191,0,0,0,0,0
729,5,10,1000,2000,21272531,2,"ifeval_min30",2,3,2,3,0.05,0,0,0,0,2.78997810743749,0,0,0,0,0
730,5,10,1000,2000,21272531,2,"ifeval_min30",2,3,2,3,0.05,0,0,0,0,2.54618928139098,0,0,0,0,0
731,5,10,1000,2000,21272531,2,"ifeval_min30",2,3,2,3,0.05,0,-2.67816322459839,0,0,2.4147546463646,-2.64238629722968,0,0,-2.84867108729668,0
732,5,10,1000,2000,21272531,2,"ifeval_min30",2,3,2,3,0.05,0,0,0,0,2.78602144215256,0,0,2.86862963763997,0,0
733,5,10,1000,2000,21272531,2,"ifeval_min30",2,3,2,3,0.05,-2.02940161922015,0,0,0,2.50439145159908,0,0,2.26470192335546,0,0
734,5,10,1000,2000,21272531,2,"ifeval_min30",2,3,2,3,0.05,0,0,0,0,2.64824192039669,0,0,0,0,0
735,5,10,1000,2000,21272531,2,"ifeval_min30",2,3,2,3,0.05,0,0,0,-2.55139986262657,2.52960429294035,0,0,0,0,0
736,6,10,1000,2000,21272531,2,"ifeval_min30",2,3,2,3,0.05,0,0,0,0,0,2.16683766921051,0,0,0,0
737,6,10,1000,2000,21272531,2,"ifeval_min30",2,3,2,3,0.05,0,0,0,0,0,2.2739860911388,0,0,0,0
738,6,10,1000,2000,21272531,2,"ifeval_min30",2,3,2,3,0.05,0,0,0,0,0,2.55073057138361,0,0,0,0
739,6,10,1000,2000,21272531,2,"ifeval_min30",2,3,2,3,0.05,0,0,0,0,0,2.13331667217426,0,0,0,0
740,6,10,1000,2000,21272531,2,"ifeval_min30",2,3,2,3,0.05,0,0,0,0,0,2.18954712641425,0,0,0,0
741,6,10,1000,2000,21272531,2,"ifeval_min30",2,3,2,3,0.05,0,0,2.26764084561728,0,0,2.7385270842351,0,0,0,0
742,6,10,1000,2000,21272531,2,"ifeval_min30",2,3,2,3,0.05,0,0,0,0,0,2.43928945460357,0,0,0,0
743,6,10,1000,2000,21272531,2,"ifeval_min30",2,3,2,3,0.05,0,0,0,0,0,2.10742640285753,0,0,0,0
744,6,10,1000,2000,21272531,2,"ifeval_min30",2,3,2,3,0.05,0,0,0,0,0,2.84380301646888,0,0,0,0
745,6,10,1000,2000,21272531,2,"ifeval_min30",2,3,2,3,0.05,0,0,0,0,0,2.22637327224948,0,0,0,0
746,6,10,1000,2000,21272531,2,"ifeval_min30",2,3,2,3,0.05,0,0,0,-2.46482243039645,0,2.50346781569533,0,-2.83135869912803,0,-2.22452532243915
747,6,10,1000,2000,21272531,2,"ifeval_min30",2,3,2,3,0.05,0,0,0,0,0,2.72670658864081,0,0,0,0
748,6,10,1000,2000,21272531,2,"ifeval_min30",2,3,2,3,0.05,0,0,0,0,0,2.8188964119181,0,0,0,0
749,6,10,1000,2000,21272531,2,"ifeval_min30",2,3,2,3,0.05,0,0,0,0,0,2.30064433440566,0,0,0,0
750,6,10,1000,2000,21272531,2,"ifeval_min30",2,3,2,3,0.05,0,0,0,0,0,2.51414659828879,0,0,0,0
751,6,10,1000,2000,21272531,2,"ifeval_min30",2,3,2,3,0.05,0,0,0,0,0,2.43836998729967,0,0,0,0
752,6,10,1000,2000,21272531,2,"ifeval_min30",2,3,2,3,0.05,0,-2.4486166308634,0,0,0,2.67588471551426,0,0,0,0
753,6,10,1000,2000,21272531,2,"ifeval_min30",2,3,2,3,0.05,0,0,0,0,0,2.47804163326509,0,0,0,0
754,6,10,1000,2000,21272531,2,"ifeval_min30",2,3,2,3,0.05,0,0,0,0,0,2.06569859478623,0,0,0,0
755,6,10,1000,2000,21272531,2,"ifeval_min30",2,3,2,3,0.05,0,0,0,0,0,2.03460104111582,0,0,0,0
756,6,10,1000,2000,21272531,2,"ifeval_min30",2,3,2,3,0.05,0,0,0,0,0,2.47876689350232,0,0,0,0
757,6,10,1000,2000,21272531,2,"ifeval_min30",2,3,2,3,0.05,0,0,0,-2.15485073672608,0,2.04884794075042,0,0,0,0
758,6,10,1000,2000,21272531,2,"ifeval_min30",2,3,2,3,0.05,0,0,0,0,0,2.28487651934847,0,0,0,0
759,6,10,1000,2000,21272531,2,"ifeval_min30",2,3,2,3,0.05,0,0,0,2.16163065400906,0,2.37485024170019,0,0,0,0
760,6,10,1000,2000,21272531,2,"ifeval_min30",2,3,2,3,0.05,0,0,-2.64174480666406,0,0,2.85786391305737,0,0,0,0
761,6,10,1000,2000,21272531,2,"ifeval_min30",2,3,2,3,0.05,0,0,0,0,0,2.8071079372894,0,0,0,0
762,6,10,1000,2000,21272531,2,"ifeval_min30",2,3,2,3,0.05,0,0,0,0,0,2.11253795470111,0,0,0,0
763,6,10,1000,2000,21272531,2,"ifeval_min30",2,3,2,3,0.05,0,0,0,0,0,2.74590933928266,0,0,0,0
764,6,10,1000,2000,21272531,2,"ifeval_min30",2,3,2,3,0.05,0,0,0,0,0,2.60794272599742,0,0,0,0
765,6,10,1000,2000,21272531,2,"ifeval_min30",2,3,2,3,0.05,0,0,0,0,0,2.88200666126795,0,0,0,0
766,6,10,1000,2000,21272531,2,"ifeval_min30",2,3,2,3,0.05,0,0,0,0,0,2.41105384891853,0,0,0,0
767,6,10,1000,2000,21272531,2,"ifeval_min30",2,3,2,3,0.05,0,0,0,0,0,2.2889937364962,0,2.36086551984772,0,0
768,6,10,1000,2000,21272531,2,"ifeval_min30",2,3,2,3,0.05,0,0,0,0,0,2.00768012157641,0,0,0,0
769,6,10,1000,2000,21272531,2,"ifeval_min30",2,3,2,3,0.05,0,0,0,0,0,2.27862366475165,0,0,0,0
770,6,10,1000,2000,21272531,2,"ifeval_min30",2,3,2,3,0.05,0,0,0,0,0,2.95405681547709,0,0,0,0
771,6,10,1000,2000,21272531,2,"ifeval_min30",2,3,2,3,0.05,0,0,0,0,0,2.80324329552241,0,0,0,0
772,6,10,1000,2000,21272531,2,"ifeval_min30",2,3,2,3,0.05,0,0,0,0,0,2.42861962504685,0,0,0,0
773,6,10,1000,2000,21272531,2,"ifeval_min30",2,3,2,3,0.05,0,0,0,0,0,2.50865697255358,2.24445085879415,0,0,0
774,6,10,1000,2000,21272531,2,"ifeval_min30",2,3,2,3,0.05,0,0,0,0,0,2.59983701608144,0,0,0,0
775,6,10,1000,2000,21272531,2,"ifeval_min30",2,3,2,3,0.05,0,0,0,0,0,2.36519527318887,0,0,0,-2.46016217605211
776,6,10,1000,2000,21272531,2,"ifeval_min30",2,3,2,3,0.05,0,0,0,0,0,2.25556238507852,-2.60452328575775,0,0,0
777,6,10,1000,2000,21272531,2,"ifeval_min30",2,3,2,3,0.05,0,0,0,0,0,2.48609934397973,0,0,0,0
778,6,10,1000,2000,21272531,2,"ifeval_min30",2,3,2,3,0.05,0,0,0,0,0,2.99906409461983,0,0,0,0
779,6,10,1000,2000,21272531,2,"ifeval_min30",2,3,2,3,0.05,0,0,0,0,0,2.31605817680247,0,0,-2.60948713915423,0
780,6,10,1000,2000,21272531,2,"ifeval_min30",2,3,2,3,0.05,0,0,2.80599641334265,0,0,2.94896560255438,0,0,0,0
781,6,10,1000,2000,21272531,2,"ifeval_min30",2,3,2,3,0.05,0,0,0,2.24234681017697,0,2.21348750591278,0,0,0,0
782,6,10,1000,2000,21272531,2,"ifeval_min30",2,3,2,3,0.05,2.43390014558099,0,0,0,0,2.63418839592487,0,0,0,0
783,6,10,1000,2000,21272531,2,"ifeval_min30",2,3,2,3,0.05,0,0,0,0,0,2.9626301440876,0,0,0,-2.26820187573321
784,6,10,1000,2000,21272531,2,"ifeval_min30",2,3,2,3,0.05,0,0,0,0,0,2.24089122703299,0,0,0,0
785,6,10,1000,2000,21272531,2,"ifeval_min30",2,3,2,3,0.05,0,0,0,0,0,2.2322487689089,0,0,0,2.15969501342624
786,6,10,1000,2000,21272531,2,"ifeval_min30",2,3,2,3,0.05,0,0,0,0,0,2.31639107037336,0,0,0,0
787,6,10,1000,2000,21272531,2,"ifeval_min30",2,3,2,3,0.05,0,0,0,0,0,2.59574227617122,0,0,0,0
788,6,10,1000,2000,21272531,2,"ifeval_min30",2,3,2,3,0.05,0,0,0,0,0,2.07258181017824,0,0,0,0
789,6,10,1000,2000,21272531,2,"ifeval_min30",2,3,2,3,0.05,-2.93842194997706,-2.69757083361037,0,0,0,2.62730577751063,0,0,0,0
790,6,10,1000,2000,21272531,2,"ifeval_min30",2,3,2,3,0.05,0,0,0,0,0,2.4538589278236,2.82531285565346,-2.407249617856,0,0
791,6,10,1000,2000,21272531,2,"ifeval_min30",2,3,2,3,0.05,0,0,0,0,0,2.86664703022689,0,0,0,0
792,6,10,1000,2000,21272531,2,"ifeval_min30",2,3,2,3,0.05,0,0,0,0,0,2.83093011239544,0,0,0,0
793,6,10,1000,2000,21272531,2,"ifeval_min30",2,3,2,3,0.05,0,0,0,0,0,2.45107808290049,2.36621329351328,0,0,0
794,6,10,1000,2000,21272531,2,"ifeval_min30",2,3,2,3,0.05,0,0,0,0,0,2.92975095985457,0,0,0,0
795,6,10,1000,2000,21272531,2,"ifeval_min30",2,3,2,3,0.05,0,0,0,0,0,2.42643295205198,0,0,0,0
796,6,10,1000,2000,21272531,2,"ifeval_min30",2,3,2,3,0.05,0,0,0,0,0,2.81544619123451,0,0,0,0
797,7,10,1000,2000,21272531,2,"ifeval_min30",2,3,2,3,0.05,0,0,0,0,0,0,2.32130496995524,0,0,0
798,7,10,1000,2000,21272531,2,"ifeval_min30",2,3,2,3,0.05,0,0,0,0,0,0,2.16141502652317,0,0,0
799,7,10,1000,2000,21272531,2,"ifeval_min30",2,3,2,3,0.05,0,0,0,0,0,0,2.01042683399282,0,2.94365500169806,0
800,7,10,1000,2000,21272531,2,"ifeval_min30",2,3,2,3,0.05,0,0,0,0,0,0,2.21613822481595,0,0,0
801,7,10,1000,2000,21272531,2,"ifeval_min30",2,3,2,3,0.05,0,0,0,0,0,0,2.02770951413549,0,0,0
802,7,10,1000,2000,21272531,2,"ifeval_min30",2,3,2,3,0.05,0,0,0,0,0,0,2.26589189562947,0,0,0
803,7,10,1000,2000,21272531,2,"ifeval_min30",2,3,2,3,0.05,0,0,0,0,0,0,2.33061348926276,0,0,0
804,7,10,1000,2000,21272531,2,"ifeval_min30",2,3,2,3,0.05,0,0,0,-2.4706273546908,0,0,2.53333185217343,0,0,0
805,7,10,1000,2000,21272531,2,"ifeval_min30",2,3,2,3,0.05,0,0,0,0,0,0,2.85477692401037,0,0,0
806,7,10,1000,2000,21272531,2,"ifeval_min30",2,3,2,3,0.05,0,0,0,0,0,0,2.55175213213079,0,0,0
807,7,10,1000,2000,21272531,2,"ifeval_min30",2,3,2,3,0.05,0,0,0,0,0,-2.89244307158515,2.80738515150733,0,0,0
808,7,10,1000,2000,21272531,2,"ifeval_min30",2,3,2,3,0.05,0,0,0,0,0,-2.58360627572984,2.47677391418256,0,0,0
809,7,10,1000,2000,21272531,2,"ifeval_min30",2,3,2,3,0.05,0,0,0,0,0,0,2.66763438982889,0,0,0
810,7,10,1000,2000,21272531,2,"ifeval_min30",2,3,2,3,0.05,0,0,0,0,0,0,2.42121365456842,0,0,0
811,7,10,1000,2000,21272531,2,"ifeval_min30",2,3,2,3,0.05,0,0,0,0,0,0,2.84973730472848,0,-2.04607707262039,0
812,7,10,1000,2000,21272531,2,"ifeval_min30",2,3,2,3,0.05,0,0,0,0,0,0,2.32969927368686,0,0,0
813,7,10,1000,2000,21272531,2,"ifeval_min30",2,3,2,3,0.05,0,0,0,0,0,0,2.17686841357499,0,0,0
814,7,10,1000,2000,21272531,2,"ifeval_min30",2,3,2,3,0.05,0,0,0,0,0,0,2.71003300719894,0,0,0
815,7,10,1000,2000,21272531,2,"ifeval_min30",2,3,2,3,0.05,0,0,0,0,0,0,2.33673258055933,0,0,0
816,7,10,1000,2000,21272531,2,"ifeval_min30",2,3,2,3,0.05,0,0,0,0,0,0,2.71201740577817,0,0,0
817,7,10,1000,2000,21272531,2,"ifeval_min30",2,3,2,3,0.05,0,0,0,0,0,0,2.92574555426836,0,0,0
818,7,10,1000,2000,21272531,2,"ifeval_min30",2,3,2,3,0.05,0,0,0,0,0,0,2.84552411269397,0,0,0
819,7,10,1000,2000,21272531,2,"ifeval_min30",2,3,2,3,0.05,0,0,0,0,0,0,2.27504636766389,0,0,0
820,7,10,1000,2000,21272531,2,"ifeval_min30",2,3,2,3,0.05,0,0,0,-2.59218109771609,0,0,2.55401933845133,0,0,0
821,7,10,1000,2000,21272531,2,"ifeval_min30",2,3,2,3,0.05,0,0,0,0,0,0,2.17914027464576,0,0,0
822,7,10,1000,2000,21272531,2,"ifeval_min30",2,3,2,3,0.05,0,0,0,0,0,0,2.91594404820353,0,0,0
823,7,10,1000,2000,21272531,2,"ifeval_min30",2,3,2,3,0.05,0,0,0,0,0,0,2.12667680880986,0,0,0
824,7,10,1000,2000,21272531,2,"ifeval_min30",2,3,2,3,0.05,0,0,0,0,-2.98357892199419,0,2.95078887767158,0,0,0
825,7,10,1000,2000,21272531,2,"ifeval_min30",2,3,2,3,0.05,0,0,0,0,0,2.33994864299893,2.94163740100339,0,-2.18840141431428,2.51270072162151
826,7,10,1000,2000,21272531,2,"ifeval_min30",2,3,2,3,0.05,0,0,0,0,0,0,2.70867552491836,0,0,0
827,7,10,1000,2000,21272531,2,"ifeval_min30",2,3,2,3,0.05,0,0,0,0,0,0,2.92904547229409,0,0,0
828,7,10,1000,2000,21272531,2,"ifeval_min30",2,3,2,3,0.05,0,0,0,0,0,0,2.25500076287426,0,0,0
829,7,10,1000,2000,21272531,2,"ifeval_min30",2,3,2,3,0.05,0,0,0,0,0,0,2.33431595913135,0,0,0
830,7,10,1000,2000,21272531,2,"ifeval_min30",2,3,2,3,0.05,0,0,0,0,0,0,2.99671690631658,0,0,0
831,7,10,1000,2000,21272531,2,"ifeval_min30",2,3,2,3,0.05,0,0,0,0,2.67531800130382,0,2.34878799668513,0,0,0
832,7,10,1000,2000,21272531,2,"ifeval_min30",2,3,2,3,0.05,0,2.32260921830311,0,0,0,0,2.6486592006404,0,0,0
833,7,10,1000,2000,21272531,2,"ifeval_min30",2,3,2,3,0.05,0,0,0,0,0,0,2.77154946443625,0,0,2.82303446670994
834,7,10,1000,2000,21272531,2,"ifeval_min30",2,3,2,3,0.05,0,0,0,0,0,0,2.12657935824245,0,0,0
835,7,10,1000,2000,21272531,2,"ifeval_min30",2,3,2,3,0.05,0,0,0,0,0,0,2.9146631450858,0,0,0
836,7,10,1000,2000,21272531,2,"ifeval_min30",2,3,2,3,0.05,0,0,0,0,0,0,2.45524467597716,0,0,0
837,7,10,1000,2000,21272531,2,"ifeval_min30",2,3,2,3,0.05,0,0,0,-2.20087502873503,0,0,2.72309008985758,0,0,0
838,7,10,1000,2000,21272531,2,"ifeval_min30",2,3,2,3,0.05,2.13201557192951,0,0,0,0,0,2.91649859864265,0,0,0
839,7,10,1000,2000,21272531,2,"ifeval_min30",2,3,2,3,0.05,0,0,0,0,-2.15628065611236,0,2.19125036918558,0,0,0
840,7,10,1000,2000,21272531,2,"ifeval_min30",2,3,2,3,0.05,0,0,0,0,0,0,2.92853449704126,0,0,0
841,7,10,1000,2000,21272531,2,"ifeval_min30",2,3,2,3,0.05,0,0,0,0,0,0,2.58253522356972,-2.97561338939704,0,0
842,7,10,1000,2000,21272531,2,"ifeval_min30",2,3,2,3,0.05,0,0,0,0,0,0,2.64247365389019,0,0,0
843,7,10,1000,2000,21272531,2,"ifeval_min30",2,3,2,3,0.05,0,0,0,0,0,0,2.08421030710451,0,-2.91707753925584,0
844,7,10,1000,2000,21272531,2,"ifeval_min30",2,3,2,3,0.05,0,-2.2481577610597,0,-2.20381467347033,0,0,2.39735221373849,0,0,0
845,7,10,1000,2000,21272531,2,"ifeval_min30",2,3,2,3,0.05,0,0,-2.85584059730172,0,0,0,2.59451076481491,0,0,0
846,7,10,1000,2000,21272531,2,"ifeval_min30",2,3,2,3,0.05,2.10384116088971,0,0,0,0,2.25512380967848,2.14159298804589,0,0,0
847,7,10,1000,2000,21272531,2,"ifeval_min30",2,3,2,3,0.05,0,0,0,0,0,0,2.08457742189057,0,0,0
848,7,10,1000,2000,21272531,2,"ifeval_min30",2,3,2,3,0.05,0,0,0,0,0,0,2.75741075351834,0,0,0
849,7,10,1000,2000,21272531,2,"ifeval_min30",2,3,2,3,0.05,0,0,0,0,0,0,2.55835989164189,0,0,0
850,7,10,1000,2000,21272531,2,"ifeval_min30",2,3,2,3,0.05,0,0,0,0,0,0,2.98790075164288,0,0,0
851,7,10,1000,2000,21272531,2,"ifeval_min30",2,3,2,3,0.05,0,0,0,0,0,0,2.23892822489142,0,0,0
852,7,10,1000,2000,21272531,2,"ifeval_min30",2,3,2,3,0.05,0,0,0,0,0,0,2.54184640920721,0,0,0
853,8,10,1000,2000,21272531,2,"ifeval_min30",2,3,2,3,0.05,0,0,0,2.206674244022,0,0,0,2.68009300949052,0,0
854,8,10,1000,2000,21272531,2,"ifeval_min30",2,3,2,3,0.05,0,0,0,0,0,0,0,2.975485508563,0,0
855,8,10,1000,2000,21272531,2,"ifeval_min30",2,3,2,3,0.05,0,0,0,0,0,0,0,2.06170348869637,0,0
856,8,10,1000,2000,21272531,2,"ifeval_min30",2,3,2,3,0.05,0,0,0,0,0,0,0,2.48339359858073,0,0
857,8,10,1000,2000,21272531,2,"ifeval_min30",2,3,2,3,0.05,0,0,0,0,0,0,0,2.53852800955065,0,0
858,8,10,1000,2000,21272531,2,"ifeval_min30",2,3,2,3,0.05,0,0,0,0,0,0,0,2.55305438954383,0,0
859,8,10,1000,2000,21272531,2,"ifeval_min30",2,3,2,3,0.05,0,0,0,0,0,0,0,2.66704828152433,0,0
860,8,10,1000,2000,21272531,2,"ifeval_min30",2,3,2,3,0.05,0,0,0,0,0,0,0,2.1973067522049,0,0
861,8,10,1000,2000,21272531,2,"ifeval_min30",2,3,2,3,0.05,0,0,0,0,0,0,0,2.17626441665925,0,0
862,8,10,1000,2000,21272531,2,"ifeval_min30",2,3,2,3,0.05,0,0,0,0,0,0,0,2.11690442985855,0,0
863,8,10,1000,2000,21272531,2,"ifeval_min30",2,3,2,3,0.05,0,0,0,0,0,0,0,2.07014986569993,0,0
864,8,10,1000,2000,21272531,2,"ifeval_min30",2,3,2,3,0.05,0,0,0,0,0,0,0,2.61236487678252,0,0
865,8,10,1000,2000,21272531,2,"ifeval_min30",2,3,2,3,0.05,-2.94026759802364,0,0,0,0,0,0,2.77513821911998,0,0
866,8,10,1000,2000,21272531,2,"ifeval_min30",2,3,2,3,0.05,0,0,0,0,0,0,0,2.84112210408784,0,-2.64296642993577
867,8,10,1000,2000,21272531,2,"ifeval_min30",2,3,2,3,0.05,0,0,0,0,0,0,0,2.19876525877044,0,0
868,8,10,1000,2000,21272531,2,"ifeval_min30",2,3,2,3,0.05,0,0,0,0,0,0,0,2.50412029912695,0,-2.01543122716248
869,8,10,1000,2000,21272531,2,"ifeval_min30",2,3,2,3,0.05,0,2.24825803446583,0,2.63516138656996,0,0,0,2.37086766422726,0,0
870,8,10,1000,2000,21272531,2,"ifeval_min30",2,3,2,3,0.05,0,0,0,0,0,0,0,2.52703250502236,2.28966043936089,0
871,8,10,1000,2000,21272531,2,"ifeval_min30",2,3,2,3,0.05,0,0,0,0,0,0,0,2.12047410733066,0,0
872,8,10,1000,2000,21272531,2,"ifeval_min30",2,3,2,3,0.05,0,0,0,0,0,0,2.01497398898937,2.36900346586481,0,0
873,8,10,1000,2000,21272531,2,"ifeval_min30",2,3,2,3,0.05,0,0,0,0,0,0,-2.40050017484464,2.3083134542685,0,0
874,8,10,1000,2000,21272531,2,"ifeval_min30",2,3,2,3,0.05,0,0,0,0,0,0,2.62462497036904,2.01872765109874,0,0
875,8,10,1000,2000,21272531,2,"ifeval_min30",2,3,2,3,0.05,0,0,0,2.21358583727852,0,0,0,2.49938147608191,0,0
876,8,10,1000,2000,21272531,2,"ifeval_min30",2,3,2,3,0.05,0,0,0,0,0,-2.26521775359288,0,2.78870490589179,0,0
877,8,10,1000,2000,21272531,2,"ifeval_min30",2,3,2,3,0.05,0,0,0,0,0,0,0,2.73262919532135,0,0
878,8,10,1000,2000,21272531,2,"ifeval_min30",2,3,2,3,0.05,0,0,0,0,0,0,0,2.19387936266139,0,0
879,8,10,1000,2000,21272531,2,"ifeval_min30",2,3,2,3,0.05,0,0,0,0,0,0,0,2.27404879149981,0,0
880,8,10,1000,2000,21272531,2,"ifeval_min30",2,3,2,3,0.05,0,0,0,0,0,0,0,2.42462448286824,2.29139705724083,0
881,8,10,1000,2000,21272531,2,"ifeval_min30",2,3,2,3,0.05,0,0,0,0,0,0,0,2.0327113410458,0,0
882,8,10,1000,2000,21272531,2,"ifeval_min30",2,3,2,3,0.05,0,0,2.32507755979896,0,0,0,0,2.79673377121799,0,0
883,8,10,1000,2000,21272531,2,"ifeval_min30",2,3,2,3,0.05,0,0,0,0,0,0,0,2.36484756460413,0,0
884,8,10,1000,2000,21272531,2,"ifeval_min30",2,3,2,3,0.05,0,0,0,0,0,0,0,2.61214895965531,0,0
885,8,10,1000,2000,21272531,2,"ifeval_min30",2,3,2,3,0.05,0,0,0,0,2.53441676893272,0,0,2.84406747156754,0,0
886,8,10,1000,2000,21272531,2,"ifeval_min30",2,3,2,3,0.05,0,0,0,0,2.73090138379484,0,2.47274225112051,2.08527395804413,0,0
887,8,10,1000,2000,21272531,2,"ifeval_min30",2,3,2,3,0.05,0,0,0,0,0,0,-2.63201416283846,2.71469697123393,0,0
888,8,10,1000,2000,21272531,2,"ifeval_min30",2,3,2,3,0.05,0,0,0,0,0,0,0,2.26670486084186,0,0
889,8,10,1000,2000,21272531,2,"ifeval_min30",2,3,2,3,0.05,0,0,0,0,0,0,0,2.23062394070439,0,0
890,8,10,1000,2000,21272531,2,"ifeval_min30",2,3,2,3,0.05,0,0,0,0,0,0,0,2.33789040986449,0,0
891,8,10,1000,2000,21272531,2,"ifeval_min30",2,3,2,3,0.05,0,0,0,0,0,0,0,2.52772271214053,0,0
892,8,10,1000,2000,21272531,2,"ifeval_min30",2,3,2,3,0.05,0,0,0,0,0,0,0,2.17555712000467,0,0
893,8,10,1000,2000,21272531,2,"ifeval_min30",2,3,2,3,0.05,0,0,0,0,-2.17407051799819,0,0,2.15823001298122,0,0
894,8,10,1000,2000,21272531,2,"ifeval_min30",2,3,2,3,0.05,0,0,0,0,0,0,0,2.53929496998899,0,0
895,8,10,1000,2000,21272531,2,"ifeval_min30",2,3,2,3,0.05,0,0,0,0,0,0,0,2.62063816585578,0,0
896,8,10,1000,2000,21272531,2,"ifeval_min30",2,3,2,3,0.05,0,0,0,0,0,-2.26941274665296,0,2.54337878758088,0,0
897,8,10,1000,2000,21272531,2,"ifeval_min30",2,3,2,3,0.05,0,0,0,0,0,0,0,2.29877517931163,0,0
898,8,10,1000,2000,21272531,2,"ifeval_min30",2,3,2,3,0.05,0,0,0,0,0,0,0,2.24959838576615,0,-2.16621271008626
899,8,10,1000,2000,21272531,2,"ifeval_min30",2,3,2,3,0.05,0,0,0,0,0,0,0,2.37822973402217,0,0
900,8,10,1000,2000,21272531,2,"ifeval_min30",2,3,2,3,0.05,0,0,0,0,0,0,0,2.92882263404317,2.14031572313979,0
901,8,10,1000,2000,21272531,2,"ifeval_min30",2,3,2,3,0.05,0,0,0,0,0,0,0,2.30192388803698,0,0
902,8,10,1000,2000,21272531,2,"ifeval_min30",2,3,2,3,0.05,0,0,0,0,0,0,-2.55310814012773,2.84512146306224,0,0
903,8,10,1000,2000,21272531,2,"ifeval_min30",2,3,2,3,0.05,0,0,0,0,0,0,0,2.60377095453441,0,0
904,8,10,1000,2000,21272531,2,"ifeval_min30",2,3,2,3,0.05,0,0,0,0,0,0,0,2.34150235238485,0,0
905,9,10,1000,2000,21272531,2,"ifeval_min30",2,3,2,3,0.05,0,0,0,0,0,0,0,0,2.99110699188896,0
906,9,10,1000,2000,21272531,2,"ifeval_min30",2,3,2,3,0.05,0,0,0,0,0,0,2.564774885308,0,2.93198006809689,0
907,9,10,1000,2000,21272531,2,"ifeval_min30",2,3,2,3,0.05,-2.49919311585836,0,0,0,0,0,0,0,2.11397297168151,0
908,9,10,1000,2000,21272531,2,"ifeval_min30",2,3,2,3,0.05,2.59819849510677,0,0,0,0,0,0,0,2.97732921293937,0
909,9,10,1000,2000,21272531,2,"ifeval_min30",2,3,2,3,0.05,0,0,0,0,0,0,0,0,2.94428618228994,0
910,9,10,1000,2000,21272531,2,"ifeval_min30",2,3,2,3,0.05,0,0,0,0,0,0,-2.90693437191658,0,2.09957422083244,0
911,9,10,1000,2000,21272531,2,"ifeval_min30",2,3,2,3,0.05,0,0,0,2.23796171089634,0,0,0,0,2.95701815374196,0
912,9,10,1000,2000,21272531,2,"ifeval_min30",2,3,2,3,0.05,0,0,0,0,0,0,0,0,2.12722881301306,0
913,9,10,1000,2000,21272531,2,"ifeval_min30",2,3,2,3,0.05,0,0,0,0,0,0,0,0,2.32338129309937,0
914,9,10,1000,2000,21272531,2,"ifeval_min30",2,3,2,3,0.05,0,2.24551383685321,0,0,0,0,0,0,2.95046827150509,0
915,9,10,1000,2000,21272531,2,"ifeval_min30",2,3,2,3,0.05,0,0,0,0,0,0,0,0,2.887350454228,0
916,9,10,1000,2000,21272531,2,"ifeval_min30",2,3,2,3,0.05,0,0,0,0,0,-2.69207252748311,0,0,2.16974252718501,0
917,9,10,1000,2000,21272531,2,"ifeval_min30",2,3,2,3,0.05,0,0,0,0,0,0,0,0,2.20811876375228,0
918,9,10,1000,2000,21272531,2,"ifeval_min30",2,3,2,3,0.05,0,0,0,0,0,0,0,2.90985990595073,2.78017217316665,0
919,9,10,1000,2000,21272531,2,"ifeval_min30",2,3,2,3,0.05,0,0,0,0,0,0,0,0,2.02435725112446,0
920,9,10,1000,2000,21272531,2,"ifeval_min30",2,3,2,3,0.05,0,0,0,0,0,0,0,0,2.04971693106927,0
921,9,10,1000,2000,21272531,2,"ifeval_min30",2,3,2,3,0.05,0,0,-2.61478843493387,0,0,0,0,0,2.5736557727214,0
922,9,10,1000,2000,21272531,2,"ifeval_min30",2,3,2,3,0.05,0,0,0,0,0,0,0,0,2.56599912280217,0
923,9,10,1000,2000,21272531,2,"ifeval_min30",2,3,2,3,0.05,0,0,0,0,0,0,0,0,2.077963470947,0
924,9,10,1000,2000,21272531,2,"ifeval_min30",2,3,2,3,0.05,0,0,0,0,0,0,0,0,2.74343800148927,2.99451835313812
925,9,10,1000,2000,21272531,2,"ifeval_min30",2,3,2,3,0.05,0,2.38533059321344,0,-2.49318723962642,0,0,0,0,2.94549471465871,0
926,9,10,1000,2000,21272531,2,"ifeval_min30",2,3,2,3,0.05,0,0,-2.09469008073211,0,0,0,0,0,2.22747049923055,0
927,9,10,1000,2000,21272531,2,"ifeval_min30",2,3,2,3,0.05,0,0,0,0,0,0,0,2.16128133167513,2.33285376545973,0
928,9,10,1000,2000,21272531,2,"ifeval_min30",2,3,2,3,0.05,0,0,0,0,0,0,0,0,2.2931815343909,0
929,9,10,1000,2000,21272531,2,"ifeval_min30",2,3,2,3,0.05,0,0,0,0,0,0,0,0,2.49028478725813,0
930,9,10,1000,2000,21272531,2,"ifeval_min30",2,3,2,3,0.05,0,0,0,0,0,0,0,0,2.10627486812882,0
931,9,10,1000,2000,21272531,2,"ifeval_min30",2,3,2,3,0.05,0,0,0,0,0,0,0,0,2.21189143927768,0
932,9,10,1000,2000,21272531,2,"ifeval_min30",2,3,2,3,0.05,0,0,0,0,0,0,-2.26259515387937,0,2.39363006176427,0
933,9,10,1000,2000,21272531,2,"ifeval_min30",2,3,2,3,0.05,0,0,0,0,0,0,0,0,2.28144329483621,0
934,9,10,1000,2000,21272531,2,"ifeval_min30",2,3,2,3,0.05,0,0,0,0,0,0,0,-2.85926296398975,2.99270765227266,0
935,9,10,1000,2000,21272531,2,"ifeval_min30",2,3,2,3,0.05,0,0,0,0,0,2.3586188997142,0,0,2.53227443387732,0
936,9,10,1000,2000,21272531,2,"ifeval_min30",2,3,2,3,0.05,0,0,0,0,0,0,0,0,2.26143813622184,0
937,9,10,1000,2000,21272531,2,"ifeval_min30",2,3,2,3,0.05,0,0,0,0,0,0,0,0,2.33187059033662,0
938,9,10,1000,2000,21272531,2,"ifeval_min30",2,3,2,3,0.05,0,0,0,0,0,0,0,0,2.861961401999,0
939,9,10,1000,2000,21272531,2,"ifeval_min30",2,3,2,3,0.05,0,-2.89690456166863,0,0,0,0,0,0,2.50051485328004,0
940,9,10,1000,2000,21272531,2,"ifeval_min30",2,3,2,3,0.05,0,0,0,0,0,0,0,0,2.83570109680295,0
941,9,10,1000,2000,21272531,2,"ifeval_min30",2,3,2,3,0.05,0,-2.05131289735436,0,0,0,0,0,2.37005071877502,2.3116911672987,0
942,9,10,1000,2000,21272531,2,"ifeval_min30",2,3,2,3,0.05,0,0,0,2.30936500825919,0,0,0,2.7562673301436,2.03947219229303,0
943,9,10,1000,2000,21272531,2,"ifeval_min30",2,3,2,3,0.05,0,0,0,0,0,0,0,0,2.01786374277435,0
944,9,10,1000,2000,21272531,2,"ifeval_min30",2,3,2,3,0.05,0,0,0,0,0,0,0,0,2.16873536095954,0
945,9,10,1000,2000,21272531,2,"ifeval_min30",2,3,2,3,0.05,0,0,0,0,0,0,0,0,2.93466503894888,0
946,9,10,1000,2000,21272531,2,"ifeval_min30",2,3,2,3,0.05,0,0,0,0,-2.17893342766911,0,0,0,2.0703858435154,0
947,9,10,1000,2000,21272531,2,"ifeval_min30",2,3,2,3,0.05,0,0,0,0,0,0,0,0,2.45958114834502,0
948,9,10,1000,2000,21272531,2,"ifeval_min30",2,3,2,3,0.05,0,0,0,2.59052824275568,0,0,0,0,2.26988309435546,0
949,9,10,1000,2000,21272531,2,"ifeval_min30",2,3,2,3,0.05,0,0,0,0,0,0,0,0,2.08269136329181,0
950,9,10,1000,2000,21272531,2,"ifeval_min30",2,3,2,3,0.05,0,0,0,0,0,0,0,0,2.19830759358592,0
951,9,10,1000,2000,21272531,2,"ifeval_min30",2,3,2,3,0.05,2.91452609747648,0,0,0,0,0,0,0,2.11133994092233,0
952,9,10,1000,2000,21272531,2,"ifeval_min30",2,3,2,3,0.05,0,0,0,0,0,0,0,0,2.19370475434698,0
953,9,10,1000,2000,21272531,2,"ifeval_min30",2,3,2,3,0.05,0,0,0,0,0,0,0,0,2.01476586028002,0
954,10,10,1000,2000,21272531,2,"ifeval_min30",2,3,2,3,0.05,0,0,0,0,0,0,0,0,0,2.39837259077467
955,10,10,1000,2000,21272531,2,"ifeval_min30",2,3,2,3,0.05,0,0,0,0,0,0,0,0,0,2.31172379478812
956,10,10,1000,2000,21272531,2,"ifeval_min30",2,3,2,3,0.05,0,0,0,0,-2.90763818169944,-2.04111793148331,0,0,0,2.62537186034024
957,10,10,1000,2000,21272531,2,"ifeval_min30",2,3,2,3,0.05,0,0,0,0,0,0,0,0,0,2.1545004977379
958,10,10,1000,2000,21272531,2,"ifeval_min30",2,3,2,3,0.05,0,0,0,0,0,-2.28788776975125,0,0,0,2.77941579883918
959,10,10,1000,2000,21272531,2,"ifeval_min30",2,3,2,3,0.05,0,0,0,0,0,0,0,0,-2.57355916523375,2.2885941141285
960,10,10,1000,2000,21272531,2,"ifeval_min30",2,3,2,3,0.05,0,2.42106790677644,0,0,0,0,0,0,0,2.4256272430066
961,10,10,1000,2000,21272531,2,"ifeval_min30",2,3,2,3,0.05,0,0,0,0,0,0,0,0,0,2.86341583472677
962,10,10,1000,2000,21272531,2,"ifeval_min30",2,3,2,3,0.05,0,0,0,0,2.52581011527218,0,0,0,2.77879629540257,2.04471141914837
963,10,10,1000,2000,21272531,2,"ifeval_min30",2,3,2,3,0.05,0,0,0,0,0,0,0,-2.32655377755873,0,2.16718627838418
964,10,10,1000,2000,21272531,2,"ifeval_min30",2,3,2,3,0.05,0,0,0,0,-2.61480747442693,0,0,0,0,2.3537275288254
965,10,10,1000,2000,21272531,2,"ifeval_min30",2,3,2,3,0.05,0,0,0,0,0,0,0,0,0,2.70558772608638
966,10,10,1000,2000,21272531,2,"ifeval_min30",2,3,2,3,0.05,0,0,0,0,0,0,0,0,0,2.96107316436246
967,10,10,1000,2000,21272531,2,"ifeval_min30",2,3,2,3,0.05,0,0,0,0,0,0,0,0,-2.45391735737212,2.02749065146782
968,10,10,1000,2000,21272531,2,"ifeval_min30",2,3,2,3,0.05,0,0,0,0,0,0,0,0,0,2.99410969996825
969,10,10,1000,2000,21272531,2,"ifeval_min30",2,3,2,3,0.05,0,0,0,0,0,0,0,0,0,2.26065556332469
970,10,10,1000,2000,21272531,2,"ifeval_min30",2,3,2,3,0.05,0,0,0,0,0,0,0,0,0,2.95874555944465
971,10,10,1000,2000,21272531,2,"ifeval_min30",2,3,2,3,0.05,0,0,0,0,0,0,0,0,-2.19573150086217,2.72109502111562
972,10,10,1000,2000,21272531,2,"ifeval_min30",2,3,2,3,0.05,0,0,0,-2.5774518258404,2.74877902888693,0,0,0,0,2.62977841449901
973,10,10,1000,2000,21272531,2,"ifeval_min30",2,3,2,3,0.05,0,0,0,0,0,0,0,0,0,2.33578368555754
974,10,10,1000,2000,21272531,2,"ifeval_min30",2,3,2,3,0.05,0,0,0,0,0,0,0,0,0,2.05419417796656
975,10,10,1000,2000,21272531,2,"ifeval_min30",2,3,2,3,0.05,0,0,0,0,0,0,0,0,0,2.59307043836452
976,10,10,1000,2000,21272531,2,"ifeval_min30",2,3,2,3,0.05,0,0,0,0,0,0,0,-2.8430642997846,0,2.3438540128991
977,10,10,1000,2000,21272531,2,"ifeval_min30",2,3,2,3,0.05,0,0,0,0,0,0,0,0,0,2.49548037350178
978,10,10,1000,2000,21272531,2,"ifeval_min30",2,3,2,3,0.05,0,0,0,0,0,0,0,0,0,2.6543437205255
979,10,10,1000,2000,21272531,2,"ifeval_min30",2,3,2,3,0.05,0,0,0,0,0,0,0,0,0,2.01063342392445
980,10,10,1000,2000,21272531,2,"ifeval_min30",2,3,2,3,0.05,0,0,0,0,0,0,0,0,0,2.14851845381781
981,10,10,1000,2000,21272531,2,"ifeval_min30",2,3,2,3,0.05,0,0,0,0,0,0,0,0,0,2.20278457202949
982,10,10,1000,2000,21272531,2,"ifeval_min30",2,3,2,3,0.05,0,0,0,0,0,0,0,0,0,2.64164299773984
983,10,10,1000,2000,21272531,2,"ifeval_min30",2,3,2,3,0.05,0,0,0,0,0,0,0,0,0,2.64977242960595
984,10,10,1000,2000,21272531,2,"ifeval_min30",2,3,2,3,0.05,0,0,0,0,2.03830983769149,0,0,0,0,2.47022705967538
985,10,10,1000,2000,21272531,2,"ifeval_min30",2,3,2,3,0.05,0,0,0,0,0,0,0,0,0,2.96919894660823
986,10,10,1000,2000,21272531,2,"ifeval_min30",2,3,2,3,0.05,0,0,0,0,0,0,0,0,0,2.21133001986891
987,10,10,1000,2000,21272531,2,"ifeval_min30",2,3,2,3,0.05,0,0,0,0,2.38457235740498,0,0,-2.04165236419067,0,2.34399683913216
988,10,10,1000,2000,21272531,2,"ifeval_min30",2,3,2,3,0.05,0,0,0,0,0,0,0,0,0,2.05592781305313
989,10,10,1000,2000,21272531,2,"ifeval_min30",2,3,2,3,0.05,2.29460824443959,0,0,0,0,0,0,-2.54750552074984,0,2.39494856470264
990,10,10,1000,2000,21272531,2,"ifeval_min30",2,3,2,3,0.05,0,0,0,0,0,0,0,0,0,2.08544824202545
991,10,10,1000,2000,21272531,2,"ifeval_min30",2,3,2,3,0.05,0,0,0,0,0,0,0,0,0,2.8995678438805
992,10,10,1000,2000,21272531,2,"ifeval_min30",2,3,2,3,0.05,0,0,0,0,0,0,0,0,0,2.32664450001903
993,10,10,1000,2000,21272531,2,"ifeval_min30",2,3,2,3,0.05,0,0,0,0,0,0,0,0,0,2.96282888785936
994,10,10,1000,2000,21272531,2,"ifeval_min30",2,3,2,3,0.05,2.91413713362999,0,0,0,0,2.07634660066105,0,-2.26221381034702,0,2.98651688918471
995,10,10,1000,2000,21272531,2,"ifeval_min30",2,3,2,3,0.05,0,0,0,0,0,0,0,0,2.59948340337723,2.23938367469236
996,10,10,1000,2000,21272531,2,"ifeval_min30",2,3,2,3,0.05,0,0,0,0,0,0,0,0,0,2.16449231351726
997,10,10,1000,2000,21272531,2,"ifeval_min30",2,3,2,3,0.05,0,0,0,0,0,0,0,0,0,2.83575588837266
998,10,10,1000,2000,21272531,2,"ifeval_min30",2,3,2,3,0.05,0,0,0,0,0,0,0,0,0,2.67136012297124
999,10,10,1000,2000,21272531,2,"ifeval_min30",2,3,2,3,0.05,0,0,0,0,0,0,0,0,0,2.15137143433094
1000,10,10,1000,2000,21272531,2,"ifeval_min30",2,3,2,3,0.05,0,2.67524801241234,0,0,0,0,0,0,0,2.43436099984683
