"item","block","H","p","p_master","loading_seed","separation","block_size_mode","primary_loading_min","primary_loading_max","cross_loading_min","cross_loading_max","cross_loading_prob","F1","F2","F3","F4","F5"
1,1,5,2000,2000,20772531,2,"ifeval_min30",2,3,2,3,0.05,2.84920943202451,0,0,0,0
2,1,5,2000,2000,20772531,2,"ifeval_min30",2,3,2,3,0.05,2.40921621862799,0,-2.39010291057639,0,2.76766955247149
3,1,5,2000,2000,20772531,2,"ifeval_min30",2,3,2,3,0.05,2.73620336735621,0,-2.45587046723813,0,0
4,1,5,2000,2000,20772531,2,"ifeval_min30",2,3,2,3,0.05,2.82213374809362,0,0,0,0
5,1,5,2000,2000,20772531,2,"ifeval_min30",2,3,2,3,0.05,2.50985663547181,-2.24159269407392,0,0,0
6,1,5,2000,2000,20772531,2,"ifeval_min30",2,3,2,3,0.05,2.97610481805168,0,0,0,0
7,1,5,2000,2000,20772531,2,"ifeval_min30",2,3,2,3,0.05,2.93061262951232,0,0,0,0
8,1,5,2000,2000,20772531,2,"ifeval_min30",2,3,2,3,0.05,2.4881474589929,0,0,0,0
9,1,5,2000,2000,20772531,2,"ifeval_min30",2,3,2,3,0.05,2.96748453890905,-2.29002242861316,0,0,0
10,1,5,2000,2000,20772531,2,"ifeval_min30",2,3,2,3,0.05,2.41497995587997,0,0,0,0
11,1,5,2000,2000,20772531,2,"ifeval_min30",2,3,2,3,0.05,2.71915304288268,0,0,0,0
12,1,5,2000,2000,20772531,2,"ifeval_min30",2,3,2,3,0.05,2.08349221921526,0,-2.30890996521339,0,0
13,1,5,2000,2000,20772531,2,"ifeval_min30",2,3,2,3,0.05,2.75559688080102,0,0,0,0
14,1,5,2000,2000,20772531,2,"ifeval_min30",2,3,2,3,0.05,2.78380359127186,0,0,2.43513455172069,0
15,1,5,2000,2000,20772531,2,"ifeval_min30",2,3,2,3,0.05,2.18182430323213,0,0,0,0
16,1,5,2000,2000,20772531,2,"ifeval_min30",2,3,2,3,0.05,2.75904746400192,0,0,-2.57885958394036,0
17,1,5,2000,2000,20772531,2,"ifeval_min30",2,3,2,3,0.05,2.66339030233212,0,0,0,-2.41456366679631
18,1,5,2000,2000,20772531,2,"ifeval_min30",2,3,2,3,0.05,2.19595205993392,0,0,0,0
19,1,5,2000,2000,20772531,2,"ifeval_min30",2,3,2,3,0.05,2.56715625245124,0,0,0,0
20,1,5,2000,2000,20772531,2,"ifeval_min30",2,3,2,3,0.05,2.32101343595423,-2.15331228333525,2.14757686411031,0,0
21,1,5,2000,2000,20772531,2,"ifeval_min30",2,3,2,3,0.05,2.67332762340084,0,0,0,0
22,1,5,2000,2000,20772531,2,"ifeval_min30",2,3,2,3,0.05,2.92310372251086,0,0,0,0
23,1,5,2000,2000,20772531,2,"ifeval_min30",2,3,2,3,0.05,2.3956601168029,0,0,0,0
24,1,5,2000,2000,20772531,2,"ifeval_min30",2,3,2,3,0.05,2.74643160775304,0,0,0,0
25,1,5,2000,2000,20772531,2,"ifeval_min30",2,3,2,3,0.05,2.9848932872992,0,0,0,0
26,1,5,2000,2000,20772531,2,"ifeval_min30",2,3,2,3,0.05,2.81631079758517,0,0,0,0
27,1,5,2000,2000,20772531,2,"ifeval_min30",2,3,2,3,0.05,2.39767617243342,0,0,0,0
28,1,5,2000,2000,20772531,2,"ifeval_min30",2,3,2,3,0.05,2.04764405591413,0,0,-2.83843224565499,0
29,1,5,2000,2000,20772531,2,"ifeval_min30",2,3,2,3,0.05,2.71559594920836,2.06485507707112,0,0,0
30,1,5,2000,2000,20772531,2,"ifeval_min30",2,3,2,3,0.05,2.68423992977478,0,0,-2.47733052237891,0
31,1,5,2000,2000,20772531,2,"ifeval_min30",2,3,2,3,0.05,2.37336222874001,0,0,0,0
32,1,5,2000,2000,20772531,2,"ifeval_min30",2,3,2,3,0.05,2.68743465049192,0,0,0,0
33,1,5,2000,2000,20772531,2,"ifeval_min30",2,3,2,3,0.05,2.33378721075132,0,0,0,0
34,1,5,2000,2000,20772531,2,"ifeval_min30",2,3,2,3,0.05,2.54809853853658,0,0,0,0
35,1,5,2000,2000,20772531,2,"ifeval_min30",2,3,2,3,0.05,2.03634246741422,0,0,0,0
36,1,5,2000,2000,20772531,2,"ifeval_min30",2,3,2,3,0.05,2.33185761002824,0,0,0,0
37,1,5,2000,2000,20772531,2,"ifeval_min30",2,3,2,3,0.05,2.49779317667708,0,0,0,0
38,1,5,2000,2000,20772531,2,"ifeval_min30",2,3,2,3,0.05,2.40160933602601,0,0,0,0
39,1,5,2000,2000,20772531,2,"ifeval_min30",2,3,2,3,0.05,2.2570299974177,0,0,0,0
40,1,5,2000,2000,20772531,2,"ifeval_min30",2,3,2,3,0.05,2.53961774962954,0,0,0,0
41,1,5,2000,2000,20772531,2,"ifeval_min30",2,3,2,3,0.05,2.22521474095993,0,0,0,0
42,1,5,2000,2000,20772531,2,"ifeval_min30",2,3,2,3,0.05,2.62890524463728,0,0,0,0
43,1,5,2000,2000,20772531,2,"ifeval_min30",2,3,2,3,0.05,2.79098943271674,0,0,0,0
44,1,5,2000,2000,20772531,2,"ifeval_min30",2,3,2,3,0.05,2.78608196577989,0,0,0,0
45,1,5,2000,2000,20772531,2,"ifeval_min30",2,3,2,3,0.05,2.23807443398982,0,0,0,0
46,1,5,2000,2000,20772531,2,"ifeval_min30",2,3,2,3,0.05,2.30654941522516,0,0,2.7406865414232,0
47,1,5,2000,2000,20772531,2,"ifeval_min30",2,3,2,3,0.05,2.97543884883635,0,0,0,0
48,1,5,2000,2000,20772531,2,"ifeval_min30",2,3,2,3,0.05,2.89999122079462,0,0,0,0
49,1,5,2000,2000,20772531,2,"ifeval_min30",2,3,2,3,0.05,2.18983723828569,0,0,0,0
50,1,5,2000,2000,20772531,2,"ifeval_min30",2,3,2,3,0.05,2.24964406853542,0,0,0,0
51,1,5,2000,2000,20772531,2,"ifeval_min30",2,3,2,3,0.05,2.79037012881599,0,0,0,0
52,1,5,2000,2000,20772531,2,"ifeval_min30",2,3,2,3,0.05,2.0449884722475,0,0,0,0
53,1,5,2000,2000,20772531,2,"ifeval_min30",2,3,2,3,0.05,2.91183632798493,0,0,0,0
54,1,5,2000,2000,20772531,2,"ifeval_min30",2,3,2,3,0.05,2.20022000279278,0,0,0,0
55,1,5,2000,2000,20772531,2,"ifeval_min30",2,3,2,3,0.05,2.4953148518689,0,2.77430303581059,0,0
56,1,5,2000,2000,20772531,2,"ifeval_min30",2,3,2,3,0.05,2.85601488989778,0,0,0,0
57,1,5,2000,2000,20772531,2,"ifeval_min30",2,3,2,3,0.05,2.12848639232107,0,0,0,0
58,1,5,2000,2000,20772531,2,"ifeval_min30",2,3,2,3,0.05,2.19258694862947,0,0,0,0
59,1,5,2000,2000,20772531,2,"ifeval_min30",2,3,2,3,0.05,2.25450398074463,0,0,0,0
60,1,5,2000,2000,20772531,2,"ifeval_min30",2,3,2,3,0.05,2.79652571165934,0,0,0,0
61,1,5,2000,2000,20772531,2,"ifeval_min30",2,3,2,3,0.05,2.9951127525419,0,-2.45303558465093,0,0
62,1,5,2000,2000,20772531,2,"ifeval_min30",2,3,2,3,0.05,2.36323717026971,0,0,0,0
63,1,5,2000,2000,20772531,2,"ifeval_min30",2,3,2,3,0.05,2.42166327522136,0,2.74747843667865,0,0
64,1,5,2000,2000,20772531,2,"ifeval_min30",2,3,2,3,0.05,2.295214737067,0,0,0,0
65,1,5,2000,2000,20772531,2,"ifeval_min30",2,3,2,3,0.05,2.70966618461534,0,0,0,0
66,1,5,2000,2000,20772531,2,"ifeval_min30",2,3,2,3,0.05,2.72888996847905,0,0,0,0
67,1,5,2000,2000,20772531,2,"ifeval_min30",2,3,2,3,0.05,2.32482236251235,0,0,0,0
68,1,5,2000,2000,20772531,2,"ifeval_min30",2,3,2,3,0.05,2.59576332895085,0,0,0,0
69,1,5,2000,2000,20772531,2,"ifeval_min30",2,3,2,3,0.05,2.73686862550676,0,0,0,0
70,1,5,2000,2000,20772531,2,"ifeval_min30",2,3,2,3,0.05,2.90146993100643,0,0,0,0
71,1,5,2000,2000,20772531,2,"ifeval_min30",2,3,2,3,0.05,2.90670204162598,0,0,0,0
72,1,5,2000,2000,20772531,2,"ifeval_min30",2,3,2,3,0.05,2.13689728779718,0,0,0,0
73,1,5,2000,2000,20772531,2,"ifeval_min30",2,3,2,3,0.05,2.95552486693487,0,0,0,0
74,1,5,2000,2000,20772531,2,"ifeval_min30",2,3,2,3,0.05,2.94577732821926,0,0,0,0
75,1,5,2000,2000,20772531,2,"ifeval_min30",2,3,2,3,0.05,2.45028200396337,0,0,0,0
76,1,5,2000,2000,20772531,2,"ifeval_min30",2,3,2,3,0.05,2.87742683431134,0,0,0,0
77,1,5,2000,2000,20772531,2,"ifeval_min30",2,3,2,3,0.05,2.85856599337421,0,0,0,0
78,1,5,2000,2000,20772531,2,"ifeval_min30",2,3,2,3,0.05,2.04691032576375,0,0,0,0
79,1,5,2000,2000,20772531,2,"ifeval_min30",2,3,2,3,0.05,2.22002655849792,0,0,0,0
80,1,5,2000,2000,20772531,2,"ifeval_min30",2,3,2,3,0.05,2.46842093369924,-2.11474451189861,0,0,0
81,1,5,2000,2000,20772531,2,"ifeval_min30",2,3,2,3,0.05,2.03645264287479,0,0,0,0
82,1,5,2000,2000,20772531,2,"ifeval_min30",2,3,2,3,0.05,2.47778217145242,0,0,0,0
83,1,5,2000,2000,20772531,2,"ifeval_min30",2,3,2,3,0.05,2.32137244078331,0,0,0,0
84,1,5,2000,2000,20772531,2,"ifeval_min30",2,3,2,3,0.05,2.03609507856891,0,0,0,0
85,1,5,2000,2000,20772531,2,"ifeval_min30",2,3,2,3,0.05,2.47276407037862,0,0,0,0
86,1,5,2000,2000,20772531,2,"ifeval_min30",2,3,2,3,0.05,2.02379810204729,0,0,0,0
87,1,5,2000,2000,20772531,2,"ifeval_min30",2,3,2,3,0.05,2.03635133779608,0,0,0,0
88,1,5,2000,2000,20772531,2,"ifeval_min30",2,3,2,3,0.05,2.64851288497448,0,0,0,0
89,1,5,2000,2000,20772531,2,"ifeval_min30",2,3,2,3,0.05,2.62003261153586,0,0,0,0
90,1,5,2000,2000,20772531,2,"ifeval_min30",2,3,2,3,0.05,2.40987927070819,0,0,0,0
91,1,5,2000,2000,20772531,2,"ifeval_min30",2,3,2,3,0.05,2.92470889538527,0,0,0,0
92,1,5,2000,2000,20772531,2,"ifeval_min30",2,3,2,3,0.05,2.20863679517061,0,0,0,0
93,1,5,2000,2000,20772531,2,"ifeval_min30",2,3,2,3,0.05,2.89592706551775,0,0,0,0
94,1,5,2000,2000,20772531,2,"ifeval_min30",2,3,2,3,0.05,2.06979094073176,0,0,2.24019870208576,0
95,1,5,2000,2000,20772531,2,"ifeval_min30",2,3,2,3,0.05,2.33510065684095,0,0,0,0
96,1,5,2000,2000,20772531,2,"ifeval_min30",2,3,2,3,0.05,2.46405653771944,0,0,0,0
97,1,5,2000,2000,20772531,2,"ifeval_min30",2,3,2,3,0.05,2.07523155934177,0,0,0,0
98,1,5,2000,2000,20772531,2,"ifeval_min30",2,3,2,3,0.05,2.40140719339252,0,2.44301402429119,0,0
99,1,5,2000,2000,20772531,2,"ifeval_min30",2,3,2,3,0.05,2.30591540387832,0,0,0,0
100,1,5,2000,2000,20772531,2,"ifeval_min30",2,3,2,3,0.05,2.54561973293312,0,0,0,0
101,1,5,2000,2000,20772531,2,"ifeval_min30",2,3,2,3,0.05,2.42983055021614,0,0,0,0
102,1,5,2000,2000,20772531,2,"ifeval_min30",2,3,2,3,0.05,2.47111291461624,0,0,0,2.05462252092548
103,1,5,2000,2000,20772531,2,"ifeval_min30",2,3,2,3,0.05,2.71818391419947,0,0,0,0
104,1,5,2000,2000,20772531,2,"ifeval_min30",2,3,2,3,0.05,2.85860783443786,0,0,0,0
105,1,5,2000,2000,20772531,2,"ifeval_min30",2,3,2,3,0.05,2.63478759443387,0,0,0,0
106,1,5,2000,2000,20772531,2,"ifeval_min30",2,3,2,3,0.05,2.60756845911965,0,0,0,0
107,1,5,2000,2000,20772531,2,"ifeval_min30",2,3,2,3,0.05,2.43497608741745,0,0,0,0
108,1,5,2000,2000,20772531,2,"ifeval_min30",2,3,2,3,0.05,2.29140576627105,0,0,0,0
109,1,5,2000,2000,20772531,2,"ifeval_min30",2,3,2,3,0.05,2.2407549507916,0,0,0,0
110,1,5,2000,2000,20772531,2,"ifeval_min30",2,3,2,3,0.05,2.94839410064742,0,0,0,0
111,1,5,2000,2000,20772531,2,"ifeval_min30",2,3,2,3,0.05,2.6708190953359,2.35759723978117,0,0,0
112,1,5,2000,2000,20772531,2,"ifeval_min30",2,3,2,3,0.05,2.31398483063094,0,0,0,0
113,1,5,2000,2000,20772531,2,"ifeval_min30",2,3,2,3,0.05,2.83430513949133,0,0,0,0
114,1,5,2000,2000,20772531,2,"ifeval_min30",2,3,2,3,0.05,2.41533361026086,0,-2.31994830095209,0,0
115,1,5,2000,2000,20772531,2,"ifeval_min30",2,3,2,3,0.05,2.20338629256003,0,2.63991152355447,0,0
116,1,5,2000,2000,20772531,2,"ifeval_min30",2,3,2,3,0.05,2.45057777292095,0,0,0,0
117,1,5,2000,2000,20772531,2,"ifeval_min30",2,3,2,3,0.05,2.93626429745927,0,0,0,0
118,1,5,2000,2000,20772531,2,"ifeval_min30",2,3,2,3,0.05,2.40459168795496,0,0,0,0
119,1,5,2000,2000,20772531,2,"ifeval_min30",2,3,2,3,0.05,2.65750619303435,0,0,0,0
120,1,5,2000,2000,20772531,2,"ifeval_min30",2,3,2,3,0.05,2.13274281192571,0,0,0,0
121,1,5,2000,2000,20772531,2,"ifeval_min30",2,3,2,3,0.05,2.34822785668075,0,0,0,0
122,1,5,2000,2000,20772531,2,"ifeval_min30",2,3,2,3,0.05,2.56371403858066,0,0,0,0
123,1,5,2000,2000,20772531,2,"ifeval_min30",2,3,2,3,0.05,2.57816499355249,0,0,0,0
124,1,5,2000,2000,20772531,2,"ifeval_min30",2,3,2,3,0.05,2.81429618224502,0,0,0,0
125,1,5,2000,2000,20772531,2,"ifeval_min30",2,3,2,3,0.05,2.87192397098988,0,0,0,0
126,1,5,2000,2000,20772531,2,"ifeval_min30",2,3,2,3,0.05,2.75824667490087,0,0,0,0
127,1,5,2000,2000,20772531,2,"ifeval_min30",2,3,2,3,0.05,2.27179812104441,0,0,0,0
128,1,5,2000,2000,20772531,2,"ifeval_min30",2,3,2,3,0.05,2.55802596569993,0,0,0,0
129,1,5,2000,2000,20772531,2,"ifeval_min30",2,3,2,3,0.05,2.36032309615985,0,0,0,0
130,1,5,2000,2000,20772531,2,"ifeval_min30",2,3,2,3,0.05,2.07247629039921,0,0,0,0
131,1,5,2000,2000,20772531,2,"ifeval_min30",2,3,2,3,0.05,2.14495377452113,0,0,0,0
132,1,5,2000,2000,20772531,2,"ifeval_min30",2,3,2,3,0.05,2.56252142065205,0,0,0,0
133,1,5,2000,2000,20772531,2,"ifeval_min30",2,3,2,3,0.05,2.29865322588012,0,0,0,0
134,1,5,2000,2000,20772531,2,"ifeval_min30",2,3,2,3,0.05,2.6255283174105,0,0,0,0
135,1,5,2000,2000,20772531,2,"ifeval_min30",2,3,2,3,0.05,2.50423299730755,0,0,-2.83633599546738,0
136,1,5,2000,2000,20772531,2,"ifeval_min30",2,3,2,3,0.05,2.4543066509068,0,0,0,0
137,1,5,2000,2000,20772531,2,"ifeval_min30",2,3,2,3,0.05,2.29919074592181,2.94698413019069,0,0,0
138,1,5,2000,2000,20772531,2,"ifeval_min30",2,3,2,3,0.05,2.17513669608161,0,0,2.39969565463252,-2.14319502934813
139,1,5,2000,2000,20772531,2,"ifeval_min30",2,3,2,3,0.05,2.07547408062965,0,0,0,0
140,1,5,2000,2000,20772531,2,"ifeval_min30",2,3,2,3,0.05,2.02946952614002,0,0,0,0
141,1,5,2000,2000,20772531,2,"ifeval_min30",2,3,2,3,0.05,2.64821074181236,0,0,0,0
142,1,5,2000,2000,20772531,2,"ifeval_min30",2,3,2,3,0.05,2.84569306182675,0,0,2.41912220884115,0
143,1,5,2000,2000,20772531,2,"ifeval_min30",2,3,2,3,0.05,2.71038612071425,0,0,0,0
144,1,5,2000,2000,20772531,2,"ifeval_min30",2,3,2,3,0.05,2.89129513967782,0,0,0,0
145,1,5,2000,2000,20772531,2,"ifeval_min30",2,3,2,3,0.05,2.85768194845878,0,-2.7314689848572,0,0
146,1,5,2000,2000,20772531,2,"ifeval_min30",2,3,2,3,0.05,2.85281122964807,0,0,0,0
147,1,5,2000,2000,20772531,2,"ifeval_min30",2,3,2,3,0.05,2.85233318153769,0,0,0,0
148,1,5,2000,2000,20772531,2,"ifeval_min30",2,3,2,3,0.05,2.43403409724124,0,0,0,0
149,1,5,2000,2000,20772531,2,"ifeval_min30",2,3,2,3,0.05,2.33241304988042,0,0,0,0
150,1,5,2000,2000,20772531,2,"ifeval_min30",2,3,2,3,0.05,2.16414505476132,0,0,0,0
151,1,5,2000,2000,20772531,2,"ifeval_min30",2,3,2,3,0.05,2.04257912188768,0,0,0,-2.31806099321693
152,1,5,2000,2000,20772531,2,"ifeval_min30",2,3,2,3,0.05,2.21456057974137,0,0,0,0
153,1,5,2000,2000,20772531,2,"ifeval_min30",2,3,2,3,0.05,2.27521429210901,0,0,0,0
154,1,5,2000,2000,20772531,2,"ifeval_min30",2,3,2,3,0.05,2.43740271520801,0,0,0,0
155,1,5,2000,2000,20772531,2,"ifeval_min30",2,3,2,3,0.05,2.46683903853409,0,0,0,0
156,1,5,2000,2000,20772531,2,"ifeval_min30",2,3,2,3,0.05,2.27667649253272,0,0,0,0
157,1,5,2000,2000,20772531,2,"ifeval_min30",2,3,2,3,0.05,2.03953625448048,0,0,0,0
158,1,5,2000,2000,20772531,2,"ifeval_min30",2,3,2,3,0.05,2.04721502307802,0,0,0,0
159,1,5,2000,2000,20772531,2,"ifeval_min30",2,3,2,3,0.05,2.87582278554328,0,0,0,0
160,1,5,2000,2000,20772531,2,"ifeval_min30",2,3,2,3,0.05,2.30680594290607,0,0,0,0
161,1,5,2000,2000,20772531,2,"ifeval_min30",2,3,2,3,0.05,2.04657755093649,0,0,0,0
162,1,5,2000,2000,20772531,2,"ifeval_min30",2,3,2,3,0.05,2.48278396925889,0,0,0,0
163,1,5,2000,2000,20772531,2,"ifeval_min30",2,3,2,3,0.05,2.94730280549265,0,0,0,0
164,1,5,2000,2000,20772531,2,"ifeval_min30",2,3,2,3,0.05,2.19514504820108,0,0,0,0
165,1,5,2000,2000,20772531,2,"ifeval_min30",2,3,2,3,0.05,2.95599109074101,0,0,0,0
166,1,5,2000,2000,20772531,2,"ifeval_min30",2,3,2,3,0.05,2.33238265151158,0,-2.64364311238751,0,0
167,1,5,2000,2000,20772531,2,"ifeval_min30",2,3,2,3,0.05,2.5294276252389,0,0,0,0
168,1,5,2000,2000,20772531,2,"ifeval_min30",2,3,2,3,0.05,2.19236941449344,0,0,0,2.60019680904225
169,1,5,2000,2000,20772531,2,"ifeval_min30",2,3,2,3,0.05,2.83018900174648,0,0,0,0
170,1,5,2000,2000,20772531,2,"ifeval_min30",2,3,2,3,0.05,2.04877216741443,0,0,0,0
171,1,5,2000,2000,20772531,2,"ifeval_min30",2,3,2,3,0.05,2.87012938293628,0,0,0,0
172,1,5,2000,2000,20772531,2,"ifeval_min30",2,3,2,3,0.05,2.58940469915979,0,0,0,0
173,1,5,2000,2000,20772531,2,"ifeval_min30",2,3,2,3,0.05,2.77669125585817,0,0,0,0
174,1,5,2000,2000,20772531,2,"ifeval_min30",2,3,2,3,0.05,2.56152201676741,0,0,0,0
175,1,5,2000,2000,20772531,2,"ifeval_min30",2,3,2,3,0.05,2.10741763957776,0,0,2.39924922003411,0
176,1,5,2000,2000,20772531,2,"ifeval_min30",2,3,2,3,0.05,2.24628842924722,0,0,0,0
177,1,5,2000,2000,20772531,2,"ifeval_min30",2,3,2,3,0.05,2.61170658143237,0,0,0,0
178,1,5,2000,2000,20772531,2,"ifeval_min30",2,3,2,3,0.05,2.87670578318648,0,0,-2.96963151195087,0
179,1,5,2000,2000,20772531,2,"ifeval_min30",2,3,2,3,0.05,2.8871057452634,0,0,2.63862157147378,0
180,1,5,2000,2000,20772531,2,"ifeval_min30",2,3,2,3,0.05,2.43944773823023,0,0,0,0
181,1,5,2000,2000,20772531,2,"ifeval_min30",2,3,2,3,0.05,2.98731299769133,0,0,0,-2.73561419569887
182,1,5,2000,2000,20772531,2,"ifeval_min30",2,3,2,3,0.05,2.12612653453834,0,0,0,0
183,1,5,2000,2000,20772531,2,"ifeval_min30",2,3,2,3,0.05,2.74593393993564,0,0,0,0
184,1,5,2000,2000,20772531,2,"ifeval_min30",2,3,2,3,0.05,2.04451705282554,0,0,0,0
185,1,5,2000,2000,20772531,2,"ifeval_min30",2,3,2,3,0.05,2.97109105088748,0,0,0,0
186,1,5,2000,2000,20772531,2,"ifeval_min30",2,3,2,3,0.05,2.08910884312354,0,0,0,0
187,1,5,2000,2000,20772531,2,"ifeval_min30",2,3,2,3,0.05,2.43679584912024,0,0,0,0
188,1,5,2000,2000,20772531,2,"ifeval_min30",2,3,2,3,0.05,2.63870872044936,0,0,0,0
189,1,5,2000,2000,20772531,2,"ifeval_min30",2,3,2,3,0.05,2.4560806392692,0,0,0,0
190,1,5,2000,2000,20772531,2,"ifeval_min30",2,3,2,3,0.05,2.04601127002388,0,0,-2.9533901263494,-2.88140642363578
191,1,5,2000,2000,20772531,2,"ifeval_min30",2,3,2,3,0.05,2.15828787791543,0,0,0,0
192,1,5,2000,2000,20772531,2,"ifeval_min30",2,3,2,3,0.05,2.49593245587312,0,0,0,0
193,1,5,2000,2000,20772531,2,"ifeval_min30",2,3,2,3,0.05,2.45237974869087,0,0,0,0
194,1,5,2000,2000,20772531,2,"ifeval_min30",2,3,2,3,0.05,2.3743286812678,0,0,-2.2997849250678,-2.40363912284374
195,1,5,2000,2000,20772531,2,"ifeval_min30",2,3,2,3,0.05,2.92762403492816,0,0,0,0
196,1,5,2000,2000,20772531,2,"ifeval_min30",2,3,2,3,0.05,2.00447386107408,0,0,0,0
197,1,5,2000,2000,20772531,2,"ifeval_min30",2,3,2,3,0.05,2.05130190518685,0,0,0,-2.90103647322394
198,1,5,2000,2000,20772531,2,"ifeval_min30",2,3,2,3,0.05,2.35147740622051,0,0,0,0
199,1,5,2000,2000,20772531,2,"ifeval_min30",2,3,2,3,0.05,2.86536734248511,0,-2.1823044619523,0,0
200,1,5,2000,2000,20772531,2,"ifeval_min30",2,3,2,3,0.05,2.84987084427848,0,0,0,0
201,1,5,2000,2000,20772531,2,"ifeval_min30",2,3,2,3,0.05,2.1559279023204,0,2.37936844886281,0,0
202,1,5,2000,2000,20772531,2,"ifeval_min30",2,3,2,3,0.05,2.56552350637503,0,0,0,0
203,1,5,2000,2000,20772531,2,"ifeval_min30",2,3,2,3,0.05,2.78498447290622,0,0,0,0
204,1,5,2000,2000,20772531,2,"ifeval_min30",2,3,2,3,0.05,2.73755435040221,0,0,0,0
205,1,5,2000,2000,20772531,2,"ifeval_min30",2,3,2,3,0.05,2.94989082985558,0,0,0,0
206,1,5,2000,2000,20772531,2,"ifeval_min30",2,3,2,3,0.05,2.54139634873718,0,0,0,0
207,1,5,2000,2000,20772531,2,"ifeval_min30",2,3,2,3,0.05,2.62788124918006,0,0,0,0
208,1,5,2000,2000,20772531,2,"ifeval_min30",2,3,2,3,0.05,2.84638799377717,0,0,0,0
209,1,5,2000,2000,20772531,2,"ifeval_min30",2,3,2,3,0.05,2.9067421532236,0,0,0,0
210,1,5,2000,2000,20772531,2,"ifeval_min30",2,3,2,3,0.05,2.97269610036165,0,0,0,0
211,1,5,2000,2000,20772531,2,"ifeval_min30",2,3,2,3,0.05,2.92118908301927,0,0,0,0
212,1,5,2000,2000,20772531,2,"ifeval_min30",2,3,2,3,0.05,2.32017712551169,0,0,0,0
213,1,5,2000,2000,20772531,2,"ifeval_min30",2,3,2,3,0.05,2.1785112102516,0,0,0,0
214,1,5,2000,2000,20772531,2,"ifeval_min30",2,3,2,3,0.05,2.98884047172032,0,0,0,0
215,1,5,2000,2000,20772531,2,"ifeval_min30",2,3,2,3,0.05,2.08688716241159,0,0,0,0
216,1,5,2000,2000,20772531,2,"ifeval_min30",2,3,2,3,0.05,2.71542622707784,0,0,0,0
217,1,5,2000,2000,20772531,2,"ifeval_min30",2,3,2,3,0.05,2.32041796320118,0,0,0,0
218,1,5,2000,2000,20772531,2,"ifeval_min30",2,3,2,3,0.05,2.88314834958874,0,0,0,0
219,1,5,2000,2000,20772531,2,"ifeval_min30",2,3,2,3,0.05,2.16735081141815,0,0,0,0
220,1,5,2000,2000,20772531,2,"ifeval_min30",2,3,2,3,0.05,2.30525454925373,0,0,0,0
221,1,5,2000,2000,20772531,2,"ifeval_min30",2,3,2,3,0.05,2.51961354957893,-2.72447718749754,0,0,0
222,1,5,2000,2000,20772531,2,"ifeval_min30",2,3,2,3,0.05,2.43935369653627,0,0,0,0
223,1,5,2000,2000,20772531,2,"ifeval_min30",2,3,2,3,0.05,2.53356152656488,0,0,0,0
224,1,5,2000,2000,20772531,2,"ifeval_min30",2,3,2,3,0.05,2.54546807147563,0,0,0,0
225,1,5,2000,2000,20772531,2,"ifeval_min30",2,3,2,3,0.05,2.16234118607827,0,0,0,0
226,1,5,2000,2000,20772531,2,"ifeval_min30",2,3,2,3,0.05,2.71677430393174,0,0,0,0
227,1,5,2000,2000,20772531,2,"ifeval_min30",2,3,2,3,0.05,2.37441801675595,0,0,0,0
228,1,5,2000,2000,20772531,2,"ifeval_min30",2,3,2,3,0.05,2.32201486453414,0,0,0,0
229,1,5,2000,2000,20772531,2,"ifeval_min30",2,3,2,3,0.05,2.16193980234675,0,0,0,0
230,1,5,2000,2000,20772531,2,"ifeval_min30",2,3,2,3,0.05,2.13992853765376,0,0,0,0
231,1,5,2000,2000,20772531,2,"ifeval_min30",2,3,2,3,0.05,2.84590755635872,0,0,0,0
232,1,5,2000,2000,20772531,2,"ifeval_min30",2,3,2,3,0.05,2.38648125925101,0,0,0,0
233,1,5,2000,2000,20772531,2,"ifeval_min30",2,3,2,3,0.05,2.52579193096608,0,0,0,0
234,1,5,2000,2000,20772531,2,"ifeval_min30",2,3,2,3,0.05,2.56564601371065,0,0,0,0
235,1,5,2000,2000,20772531,2,"ifeval_min30",2,3,2,3,0.05,2.45807229564525,0,0,0,0
236,1,5,2000,2000,20772531,2,"ifeval_min30",2,3,2,3,0.05,2.27112744748592,0,0,0,0
237,1,5,2000,2000,20772531,2,"ifeval_min30",2,3,2,3,0.05,2.66876886459067,0,0,2.65714041958563,0
238,1,5,2000,2000,20772531,2,"ifeval_min30",2,3,2,3,0.05,2.22858867398463,0,0,0,0
239,1,5,2000,2000,20772531,2,"ifeval_min30",2,3,2,3,0.05,2.78306880197488,2.8523790880572,0,0,0
240,1,5,2000,2000,20772531,2,"ifeval_min30",2,3,2,3,0.05,2.20282948063686,0,0,0,0
241,1,5,2000,2000,20772531,2,"ifeval_min30",2,3,2,3,0.05,2.88218286307529,0,0,0,0
242,1,5,2000,2000,20772531,2,"ifeval_min30",2,3,2,3,0.05,2.61169794970192,0,0,0,0
243,1,5,2000,2000,20772531,2,"ifeval_min30",2,3,2,3,0.05,2.80454238248058,0,0,0,0
244,1,5,2000,2000,20772531,2,"ifeval_min30",2,3,2,3,0.05,2.95501724630594,0,0,0,0
245,1,5,2000,2000,20772531,2,"ifeval_min30",2,3,2,3,0.05,2.68350583338179,0,0,0,0
246,1,5,2000,2000,20772531,2,"ifeval_min30",2,3,2,3,0.05,2.31910110637546,0,-2.99032807000913,0,0
247,1,5,2000,2000,20772531,2,"ifeval_min30",2,3,2,3,0.05,2.21753619168885,0,0,0,2.54296317859553
248,1,5,2000,2000,20772531,2,"ifeval_min30",2,3,2,3,0.05,2.48230305826291,0,0,0,0
249,1,5,2000,2000,20772531,2,"ifeval_min30",2,3,2,3,0.05,2.19677824922837,0,0,0,2.8303699074313
250,1,5,2000,2000,20772531,2,"ifeval_min30",2,3,2,3,0.05,2.08387818327174,0,0,0,0
251,1,5,2000,2000,20772531,2,"ifeval_min30",2,3,2,3,0.05,2.83897348982282,0,0,0,0
252,1,5,2000,2000,20772531,2,"ifeval_min30",2,3,2,3,0.05,2.6332392047625,0,0,0,0
253,1,5,2000,2000,20772531,2,"ifeval_min30",2,3,2,3,0.05,2.19766208296642,0,0,0,0
254,1,5,2000,2000,20772531,2,"ifeval_min30",2,3,2,3,0.05,2.42688436782919,0,0,0,0
255,1,5,2000,2000,20772531,2,"ifeval_min30",2,3,2,3,0.05,2.46628541685641,0,0,0,0
256,1,5,2000,2000,20772531,2,"ifeval_min30",2,3,2,3,0.05,2.75855554710142,0,0,0,0
257,1,5,2000,2000,20772531,2,"ifeval_min30",2,3,2,3,0.05,2.58033178769983,0,0,0,0
258,1,5,2000,2000,20772531,2,"ifeval_min30",2,3,2,3,0.05,2.20210787001997,0,0,0,0
259,1,5,2000,2000,20772531,2,"ifeval_min30",2,3,2,3,0.05,2.27228933409788,0,0,0,0
260,1,5,2000,2000,20772531,2,"ifeval_min30",2,3,2,3,0.05,2.27428171690553,0,0,0,0
261,1,5,2000,2000,20772531,2,"ifeval_min30",2,3,2,3,0.05,2.10458568297327,0,0,0,0
262,1,5,2000,2000,20772531,2,"ifeval_min30",2,3,2,3,0.05,2.82194634643383,0,0,0,0
263,1,5,2000,2000,20772531,2,"ifeval_min30",2,3,2,3,0.05,2.87902765558101,0,0,0,0
264,1,5,2000,2000,20772531,2,"ifeval_min30",2,3,2,3,0.05,2.00978793250397,0,0,0,0
265,1,5,2000,2000,20772531,2,"ifeval_min30",2,3,2,3,0.05,2.70022235577926,0,0,0,0
266,1,5,2000,2000,20772531,2,"ifeval_min30",2,3,2,3,0.05,2.39322009519674,0,0,0,0
267,1,5,2000,2000,20772531,2,"ifeval_min30",2,3,2,3,0.05,2.27902745129541,0,0,0,0
268,1,5,2000,2000,20772531,2,"ifeval_min30",2,3,2,3,0.05,2.60916388290934,0,0,0,0
269,1,5,2000,2000,20772531,2,"ifeval_min30",2,3,2,3,0.05,2.90257224277593,0,0,0,0
270,1,5,2000,2000,20772531,2,"ifeval_min30",2,3,2,3,0.05,2.37941285292618,0,0,0,0
271,1,5,2000,2000,20772531,2,"ifeval_min30",2,3,2,3,0.05,2.79737036465667,0,0,0,0
272,1,5,2000,2000,20772531,2,"ifeval_min30",2,3,2,3,0.05,2.4221807019785,0,0,0,0
273,1,5,2000,2000,20772531,2,"ifeval_min30",2,3,2,3,0.05,2.3337754518725,0,0,-2.22902860073373,0
274,1,5,2000,2000,20772531,2,"ifeval_min30",2,3,2,3,0.05,2.22302687051706,0,0,0,0
275,1,5,2000,2000,20772531,2,"ifeval_min30",2,3,2,3,0.05,2.2997206361033,0,0,0,0
276,1,5,2000,2000,20772531,2,"ifeval_min30",2,3,2,3,0.05,2.88935660361312,0,0,0,0
277,1,5,2000,2000,20772531,2,"ifeval_min30",2,3,2,3,0.05,2.08045371971093,0,0,0,0
278,1,5,2000,2000,20772531,2,"ifeval_min30",2,3,2,3,0.05,2.33855067566037,0,2.7628093843814,0,0
279,1,5,2000,2000,20772531,2,"ifeval_min30",2,3,2,3,0.05,2.85125551116653,0,0,0,0
280,1,5,2000,2000,20772531,2,"ifeval_min30",2,3,2,3,0.05,2.4653030151967,0,0,0,0
281,1,5,2000,2000,20772531,2,"ifeval_min30",2,3,2,3,0.05,2.88146530790254,0,0,0,0
282,1,5,2000,2000,20772531,2,"ifeval_min30",2,3,2,3,0.05,2.38401219737716,0,0,0,0
283,1,5,2000,2000,20772531,2,"ifeval_min30",2,3,2,3,0.05,2.17103188717738,0,0,0,0
284,1,5,2000,2000,20772531,2,"ifeval_min30",2,3,2,3,0.05,2.24353144364432,0,0,0,2.7869687571656
285,1,5,2000,2000,20772531,2,"ifeval_min30",2,3,2,3,0.05,2.16706397081725,0,0,0,0
286,1,5,2000,2000,20772531,2,"ifeval_min30",2,3,2,3,0.05,2.39318531798199,0,0,0,0
287,1,5,2000,2000,20772531,2,"ifeval_min30",2,3,2,3,0.05,2.01789473416284,0,0,0,0
288,1,5,2000,2000,20772531,2,"ifeval_min30",2,3,2,3,0.05,2.51912500918843,0,0,0,0
289,1,5,2000,2000,20772531,2,"ifeval_min30",2,3,2,3,0.05,2.2332003088668,0,0,0,0
290,1,5,2000,2000,20772531,2,"ifeval_min30",2,3,2,3,0.05,2.40512254461646,0,0,0,0
291,1,5,2000,2000,20772531,2,"ifeval_min30",2,3,2,3,0.05,2.41469318675809,0,0,0,0
292,1,5,2000,2000,20772531,2,"ifeval_min30",2,3,2,3,0.05,2.44879945321009,0,0,0,0
293,1,5,2000,2000,20772531,2,"ifeval_min30",2,3,2,3,0.05,2.46869139815681,0,0,0,0
294,1,5,2000,2000,20772531,2,"ifeval_min30",2,3,2,3,0.05,2.69335480500013,0,0,0,0
295,1,5,2000,2000,20772531,2,"ifeval_min30",2,3,2,3,0.05,2.02713804622181,0,0,0,0
296,1,5,2000,2000,20772531,2,"ifeval_min30",2,3,2,3,0.05,2.59089823020622,0,0,0,0
297,1,5,2000,2000,20772531,2,"ifeval_min30",2,3,2,3,0.05,2.69793777680025,0,0,0,0
298,1,5,2000,2000,20772531,2,"ifeval_min30",2,3,2,3,0.05,2.29946328140795,0,0,0,0
299,1,5,2000,2000,20772531,2,"ifeval_min30",2,3,2,3,0.05,2.10417107446119,0,0,0,0
300,1,5,2000,2000,20772531,2,"ifeval_min30",2,3,2,3,0.05,2.99606206105091,0,0,0,0
301,1,5,2000,2000,20772531,2,"ifeval_min30",2,3,2,3,0.05,2.7904386415612,0,0,0,0
302,1,5,2000,2000,20772531,2,"ifeval_min30",2,3,2,3,0.05,2.93031724100001,0,0,0,0
303,1,5,2000,2000,20772531,2,"ifeval_min30",2,3,2,3,0.05,2.52147604618222,0,0,0,0
304,1,5,2000,2000,20772531,2,"ifeval_min30",2,3,2,3,0.05,2.09799430891871,0,0,0,0
305,1,5,2000,2000,20772531,2,"ifeval_min30",2,3,2,3,0.05,2.96859379136004,0,0,2.54363209567964,0
306,1,5,2000,2000,20772531,2,"ifeval_min30",2,3,2,3,0.05,2.73963933135383,0,0,0,0
307,1,5,2000,2000,20772531,2,"ifeval_min30",2,3,2,3,0.05,2.13966805092059,0,0,0,0
308,1,5,2000,2000,20772531,2,"ifeval_min30",2,3,2,3,0.05,2.24255932494998,0,0,0,0
309,1,5,2000,2000,20772531,2,"ifeval_min30",2,3,2,3,0.05,2.74358796142042,0,0,0,0
310,1,5,2000,2000,20772531,2,"ifeval_min30",2,3,2,3,0.05,2.57104406622238,0,0,0,-2.86656206240878
311,1,5,2000,2000,20772531,2,"ifeval_min30",2,3,2,3,0.05,2.70002970751375,0,0,0,0
312,1,5,2000,2000,20772531,2,"ifeval_min30",2,3,2,3,0.05,2.83748757094145,0,0,0,-2.44436600990593
313,1,5,2000,2000,20772531,2,"ifeval_min30",2,3,2,3,0.05,2.905696824193,0,0,0,0
314,1,5,2000,2000,20772531,2,"ifeval_min30",2,3,2,3,0.05,2.4842607290484,2.92669195355847,0,0,0
315,1,5,2000,2000,20772531,2,"ifeval_min30",2,3,2,3,0.05,2.99067438300699,0,0,0,0
316,1,5,2000,2000,20772531,2,"ifeval_min30",2,3,2,3,0.05,2.71670435671695,0,0,0,0
317,1,5,2000,2000,20772531,2,"ifeval_min30",2,3,2,3,0.05,2.45239797327667,0,0,0,0
318,1,5,2000,2000,20772531,2,"ifeval_min30",2,3,2,3,0.05,2.29187112837099,0,0,0,0
319,1,5,2000,2000,20772531,2,"ifeval_min30",2,3,2,3,0.05,2.17404977814294,0,0,0,0
320,1,5,2000,2000,20772531,2,"ifeval_min30",2,3,2,3,0.05,2.69811408710666,0,0,0,0
321,1,5,2000,2000,20772531,2,"ifeval_min30",2,3,2,3,0.05,2.38638436305337,0,0,0,0
322,1,5,2000,2000,20772531,2,"ifeval_min30",2,3,2,3,0.05,2.64622898562811,2.52686234307475,0,0,0
323,1,5,2000,2000,20772531,2,"ifeval_min30",2,3,2,3,0.05,2.08231145027094,2.01807447103783,0,0,0
324,1,5,2000,2000,20772531,2,"ifeval_min30",2,3,2,3,0.05,2.979001871543,0,2.91113028186373,0,0
325,1,5,2000,2000,20772531,2,"ifeval_min30",2,3,2,3,0.05,2.76637035864405,0,0,0,0
326,1,5,2000,2000,20772531,2,"ifeval_min30",2,3,2,3,0.05,2.40917741693556,0,0,0,0
327,1,5,2000,2000,20772531,2,"ifeval_min30",2,3,2,3,0.05,2.89272463717498,0,0,0,0
328,1,5,2000,2000,20772531,2,"ifeval_min30",2,3,2,3,0.05,2.02791975089349,0,0,0,0
329,1,5,2000,2000,20772531,2,"ifeval_min30",2,3,2,3,0.05,2.262631255202,0,0,0,0
330,1,5,2000,2000,20772531,2,"ifeval_min30",2,3,2,3,0.05,2.0302835914772,2.17795950360596,0,0,0
331,1,5,2000,2000,20772531,2,"ifeval_min30",2,3,2,3,0.05,2.65620578429662,0,0,0,0
332,1,5,2000,2000,20772531,2,"ifeval_min30",2,3,2,3,0.05,2.02102669910528,0,0,0,0
333,1,5,2000,2000,20772531,2,"ifeval_min30",2,3,2,3,0.05,2.80837105540559,0,0,0,0
334,1,5,2000,2000,20772531,2,"ifeval_min30",2,3,2,3,0.05,2.14896592032164,0,0,0,0
335,1,5,2000,2000,20772531,2,"ifeval_min30",2,3,2,3,0.05,2.05590487574227,-2.79371289722621,0,0,0
336,1,5,2000,2000,20772531,2,"ifeval_min30",2,3,2,3,0.05,2.9802801120095,0,0,0,0
337,1,5,2000,2000,20772531,2,"ifeval_min30",2,3,2,3,0.05,2.23510357760824,0,0,0,0
338,1,5,2000,2000,20772531,2,"ifeval_min30",2,3,2,3,0.05,2.32458137837239,0,0,0,0
339,1,5,2000,2000,20772531,2,"ifeval_min30",2,3,2,3,0.05,2.9284876708407,-2.38716705539264,0,0,0
340,1,5,2000,2000,20772531,2,"ifeval_min30",2,3,2,3,0.05,2.06265336181968,0,0,0,0
341,1,5,2000,2000,20772531,2,"ifeval_min30",2,3,2,3,0.05,2.9954956790898,0,0,0,0
342,1,5,2000,2000,20772531,2,"ifeval_min30",2,3,2,3,0.05,2.2135373975616,0,0,0,0
343,1,5,2000,2000,20772531,2,"ifeval_min30",2,3,2,3,0.05,2.27447244524956,0,0,0,0
344,1,5,2000,2000,20772531,2,"ifeval_min30",2,3,2,3,0.05,2.03509939135984,0,0,0,0
345,1,5,2000,2000,20772531,2,"ifeval_min30",2,3,2,3,0.05,2.44853403186426,0,0,0,0
346,1,5,2000,2000,20772531,2,"ifeval_min30",2,3,2,3,0.05,2.12350261653773,0,2.80335621885024,0,0
347,1,5,2000,2000,20772531,2,"ifeval_min30",2,3,2,3,0.05,2.07766628242098,0,0,0,0
348,1,5,2000,2000,20772531,2,"ifeval_min30",2,3,2,3,0.05,2.64629706344567,0,0,0,0
349,1,5,2000,2000,20772531,2,"ifeval_min30",2,3,2,3,0.05,2.97684071958065,0,0,0,0
350,1,5,2000,2000,20772531,2,"ifeval_min30",2,3,2,3,0.05,2.63351457472891,0,0,0,0
351,1,5,2000,2000,20772531,2,"ifeval_min30",2,3,2,3,0.05,2.49045184440911,0,0,0,0
352,1,5,2000,2000,20772531,2,"ifeval_min30",2,3,2,3,0.05,2.04386824858375,-2.87799160764553,-2.99951928388327,0,0
353,1,5,2000,2000,20772531,2,"ifeval_min30",2,3,2,3,0.05,2.2060208611656,2.73706515086815,0,0,0
354,1,5,2000,2000,20772531,2,"ifeval_min30",2,3,2,3,0.05,2.78035180154257,0,-2.50410132482648,0,0
355,1,5,2000,2000,20772531,2,"ifeval_min30",2,3,2,3,0.05,2.4571991849225,0,0,0,0
356,1,5,2000,2000,20772531,2,"ifeval_min30",2,3,2,3,0.05,2.88556725042872,0,0,0,0
357,1,5,2000,2000,20772531,2,"ifeval_min30",2,3,2,3,0.05,2.23973587877117,0,0,0,0
358,1,5,2000,2000,20772531,2,"ifeval_min30",2,3,2,3,0.05,2.25842429813929,0,0,0,0
359,1,5,2000,2000,20772531,2,"ifeval_min30",2,3,2,3,0.05,2.02054287539795,0,0,0,0
360,1,5,2000,2000,20772531,2,"ifeval_min30",2,3,2,3,0.05,2.91702174348757,0,0,0,-2.75251577305607
361,1,5,2000,2000,20772531,2,"ifeval_min30",2,3,2,3,0.05,2.36791116627865,0,-2.1577395265922,0,0
362,1,5,2000,2000,20772531,2,"ifeval_min30",2,3,2,3,0.05,2.54600972495973,0,0,0,0
363,1,5,2000,2000,20772531,2,"ifeval_min30",2,3,2,3,0.05,2.3785499103833,-2.78301398246549,0,0,0
364,1,5,2000,2000,20772531,2,"ifeval_min30",2,3,2,3,0.05,2.68978021689691,0,0,0,0
365,1,5,2000,2000,20772531,2,"ifeval_min30",2,3,2,3,0.05,2.05910013150424,-2.4627970776055,0,0,0
366,1,5,2000,2000,20772531,2,"ifeval_min30",2,3,2,3,0.05,2.99127041641623,0,0,0,0
367,1,5,2000,2000,20772531,2,"ifeval_min30",2,3,2,3,0.05,2.32118077133782,0,0,0,0
368,1,5,2000,2000,20772531,2,"ifeval_min30",2,3,2,3,0.05,2.80540002719499,0,0,0,0
369,1,5,2000,2000,20772531,2,"ifeval_min30",2,3,2,3,0.05,2.54182595433667,0,2.52498639165424,0,0
370,1,5,2000,2000,20772531,2,"ifeval_min30",2,3,2,3,0.05,2.61197084095329,0,0,0,0
371,1,5,2000,2000,20772531,2,"ifeval_min30",2,3,2,3,0.05,2.15491855680011,0,0,0,0
372,1,5,2000,2000,20772531,2,"ifeval_min30",2,3,2,3,0.05,2.6684090802446,0,0,0,0
373,1,5,2000,2000,20772531,2,"ifeval_min30",2,3,2,3,0.05,2.94063535006717,0,0,0,0
374,1,5,2000,2000,20772531,2,"ifeval_min30",2,3,2,3,0.05,2.71743794623762,0,0,0,0
375,1,5,2000,2000,20772531,2,"ifeval_min30",2,3,2,3,0.05,2.61941812280566,0,0,0,0
376,1,5,2000,2000,20772531,2,"ifeval_min30",2,3,2,3,0.05,2.24549177801237,0,0,0,0
377,1,5,2000,2000,20772531,2,"ifeval_min30",2,3,2,3,0.05,2.99312258837745,0,0,0,0
378,1,5,2000,2000,20772531,2,"ifeval_min30",2,3,2,3,0.05,2.86369502940215,0,2.13551749126054,0,0
379,1,5,2000,2000,20772531,2,"ifeval_min30",2,3,2,3,0.05,2.44066968653351,0,0,0,0
380,1,5,2000,2000,20772531,2,"ifeval_min30",2,3,2,3,0.05,2.93963458086364,0,0,0,0
381,1,5,2000,2000,20772531,2,"ifeval_min30",2,3,2,3,0.05,2.81056657223962,0,0,0,0
382,1,5,2000,2000,20772531,2,"ifeval_min30",2,3,2,3,0.05,2.12475520372391,0,0,0,0
383,1,5,2000,2000,20772531,2,"ifeval_min30",2,3,2,3,0.05,2.4481874529738,0,0,0,0
384,1,5,2000,2000,20772531,2,"ifeval_min30",2,3,2,3,0.05,2.80309157841839,0,0,0,0
385,1,5,2000,2000,20772531,2,"ifeval_min30",2,3,2,3,0.05,2.32126891403459,0,0,0,0
386,1,5,2000,2000,20772531,2,"ifeval_min30",2,3,2,3,0.05,2.49887586385012,0,0,0,2.58022391353734
387,1,5,2000,2000,20772531,2,"ifeval_min30",2,3,2,3,0.05,2.42215625755489,0,0,-2.36848182091489,0
388,1,5,2000,2000,20772531,2,"ifeval_min30",2,3,2,3,0.05,2.42323962296359,-2.60453558643349,0,0,0
389,1,5,2000,2000,20772531,2,"ifeval_min30",2,3,2,3,0.05,2.81108457711525,0,0,0,0
390,1,5,2000,2000,20772531,2,"ifeval_min30",2,3,2,3,0.05,2.42821704782546,0,0,0,0
391,1,5,2000,2000,20772531,2,"ifeval_min30",2,3,2,3,0.05,2.84217552584596,0,0,0,0
392,1,5,2000,2000,20772531,2,"ifeval_min30",2,3,2,3,0.05,2.11330771329813,0,0,0,0
393,1,5,2000,2000,20772531,2,"ifeval_min30",2,3,2,3,0.05,2.75824835570529,0,0,0,0
394,1,5,2000,2000,20772531,2,"ifeval_min30",2,3,2,3,0.05,2.49315253831446,0,0,0,0
395,1,5,2000,2000,20772531,2,"ifeval_min30",2,3,2,3,0.05,2.37772411946207,0,0,0,0
396,1,5,2000,2000,20772531,2,"ifeval_min30",2,3,2,3,0.05,2.3825970327016,0,0,0,0
397,1,5,2000,2000,20772531,2,"ifeval_min30",2,3,2,3,0.05,2.05690307798795,0,0,0,0
398,1,5,2000,2000,20772531,2,"ifeval_min30",2,3,2,3,0.05,2.81229078071192,0,0,0,0
399,1,5,2000,2000,20772531,2,"ifeval_min30",2,3,2,3,0.05,2.96420019329526,2.17247326974757,0,0,0
400,1,5,2000,2000,20772531,2,"ifeval_min30",2,3,2,3,0.05,2.0665772089269,0,0,0,0
401,1,5,2000,2000,20772531,2,"ifeval_min30",2,3,2,3,0.05,2.59491227963008,0,0,0,0
402,1,5,2000,2000,20772531,2,"ifeval_min30",2,3,2,3,0.05,2.32316709076986,0,0,0,0
403,1,5,2000,2000,20772531,2,"ifeval_min30",2,3,2,3,0.05,2.02935957722366,0,0,0,0
404,1,5,2000,2000,20772531,2,"ifeval_min30",2,3,2,3,0.05,2.54340827907436,0,0,0,0
405,1,5,2000,2000,20772531,2,"ifeval_min30",2,3,2,3,0.05,2.03185821231455,0,0,0,0
406,1,5,2000,2000,20772531,2,"ifeval_min30",2,3,2,3,0.05,2.27161206468008,0,0,0,0
407,1,5,2000,2000,20772531,2,"ifeval_min30",2,3,2,3,0.05,2.34185567009263,0,0,0,0
408,1,5,2000,2000,20772531,2,"ifeval_min30",2,3,2,3,0.05,2.47635856457055,0,0,-2.63451783219352,0
409,1,5,2000,2000,20772531,2,"ifeval_min30",2,3,2,3,0.05,2.67103237356059,0,0,0,0
410,1,5,2000,2000,20772531,2,"ifeval_min30",2,3,2,3,0.05,2.69927928992547,0,0,0,0
411,1,5,2000,2000,20772531,2,"ifeval_min30",2,3,2,3,0.05,2.12625007610768,0,2.13088961131871,0,0
412,1,5,2000,2000,20772531,2,"ifeval_min30",2,3,2,3,0.05,2.13543163100258,0,0,0,0
413,1,5,2000,2000,20772531,2,"ifeval_min30",2,3,2,3,0.05,2.74614316271618,0,-2.57178052444942,0,0
414,1,5,2000,2000,20772531,2,"ifeval_min30",2,3,2,3,0.05,2.75475848093629,0,0,0,0
415,1,5,2000,2000,20772531,2,"ifeval_min30",2,3,2,3,0.05,2.69685838813893,0,0,0,0
416,1,5,2000,2000,20772531,2,"ifeval_min30",2,3,2,3,0.05,2.92563247354701,0,0,0,0
417,1,5,2000,2000,20772531,2,"ifeval_min30",2,3,2,3,0.05,2.91187500301749,0,0,0,0
418,1,5,2000,2000,20772531,2,"ifeval_min30",2,3,2,3,0.05,2.05308156390674,0,0,0,0
419,1,5,2000,2000,20772531,2,"ifeval_min30",2,3,2,3,0.05,2.87730668229051,0,2.2339491089806,0,0
420,1,5,2000,2000,20772531,2,"ifeval_min30",2,3,2,3,0.05,2.48809996154159,0,0,0,0
421,1,5,2000,2000,20772531,2,"ifeval_min30",2,3,2,3,0.05,2.68492427607998,0,0,0,-2.89204556890763
422,1,5,2000,2000,20772531,2,"ifeval_min30",2,3,2,3,0.05,2.06275337794796,0,0,0,0
423,1,5,2000,2000,20772531,2,"ifeval_min30",2,3,2,3,0.05,2.21488146949559,0,0,0,0
424,1,5,2000,2000,20772531,2,"ifeval_min30",2,3,2,3,0.05,2.94929217570461,0,0,0,0
425,1,5,2000,2000,20772531,2,"ifeval_min30",2,3,2,3,0.05,2.16550740995444,0,0,0,0
426,1,5,2000,2000,20772531,2,"ifeval_min30",2,3,2,3,0.05,2.19373037689365,0,0,0,0
427,1,5,2000,2000,20772531,2,"ifeval_min30",2,3,2,3,0.05,2.3354471437633,0,0,0,0
428,1,5,2000,2000,20772531,2,"ifeval_min30",2,3,2,3,0.05,2.25170076917857,0,0,2.10488553415053,0
429,1,5,2000,2000,20772531,2,"ifeval_min30",2,3,2,3,0.05,2.59761611372232,0,0,0,0
430,1,5,2000,2000,20772531,2,"ifeval_min30",2,3,2,3,0.05,2.12275839876384,0,0,0,0
431,1,5,2000,2000,20772531,2,"ifeval_min30",2,3,2,3,0.05,2.93141609756276,-2.95192419085652,0,0,0
432,1,5,2000,2000,20772531,2,"ifeval_min30",2,3,2,3,0.05,2.84219835116528,0,0,2.87593410769477,0
433,1,5,2000,2000,20772531,2,"ifeval_min30",2,3,2,3,0.05,2.89086709544063,0,0,0,0
434,1,5,2000,2000,20772531,2,"ifeval_min30",2,3,2,3,0.05,2.56164188450202,0,0,0,0
435,1,5,2000,2000,20772531,2,"ifeval_min30",2,3,2,3,0.05,2.92538812826388,0,0,-2.59333876473829,0
436,1,5,2000,2000,20772531,2,"ifeval_min30",2,3,2,3,0.05,2.70587264630012,0,0,0,0
437,1,5,2000,2000,20772531,2,"ifeval_min30",2,3,2,3,0.05,2.38784763147123,0,0,0,0
438,1,5,2000,2000,20772531,2,"ifeval_min30",2,3,2,3,0.05,2.88796049938537,0,0,0,0
439,1,5,2000,2000,20772531,2,"ifeval_min30",2,3,2,3,0.05,2.1500451345928,0,0,0,0
440,1,5,2000,2000,20772531,2,"ifeval_min30",2,3,2,3,0.05,2.32316615851596,0,0,0,0
441,1,5,2000,2000,20772531,2,"ifeval_min30",2,3,2,3,0.05,2.48071679612622,0,0,-2.80839386000298,0
442,1,5,2000,2000,20772531,2,"ifeval_min30",2,3,2,3,0.05,2.89507373841479,0,0,0,0
443,1,5,2000,2000,20772531,2,"ifeval_min30",2,3,2,3,0.05,2.69335472513922,0,0,0,0
444,1,5,2000,2000,20772531,2,"ifeval_min30",2,3,2,3,0.05,2.84559092111886,0,0,2.95075786160305,-2.92040985682979
445,1,5,2000,2000,20772531,2,"ifeval_min30",2,3,2,3,0.05,2.30283689452335,0,0,0,0
446,1,5,2000,2000,20772531,2,"ifeval_min30",2,3,2,3,0.05,2.18962990329601,0,0,0,0
447,1,5,2000,2000,20772531,2,"ifeval_min30",2,3,2,3,0.05,2.44654558436014,0,-2.13648806256242,0,0
448,1,5,2000,2000,20772531,2,"ifeval_min30",2,3,2,3,0.05,2.39695884054527,0,0,0,0
449,1,5,2000,2000,20772531,2,"ifeval_min30",2,3,2,3,0.05,2.49497261806391,0,0,0,0
450,1,5,2000,2000,20772531,2,"ifeval_min30",2,3,2,3,0.05,2.51264992472716,0,0,0,0
451,1,5,2000,2000,20772531,2,"ifeval_min30",2,3,2,3,0.05,2.2188190901652,0,0,0,0
452,1,5,2000,2000,20772531,2,"ifeval_min30",2,3,2,3,0.05,2.48765576351434,0,0,0,0
453,1,5,2000,2000,20772531,2,"ifeval_min30",2,3,2,3,0.05,2.15296775079332,0,0,0,0
454,1,5,2000,2000,20772531,2,"ifeval_min30",2,3,2,3,0.05,2.35300216218457,0,0,0,0
455,1,5,2000,2000,20772531,2,"ifeval_min30",2,3,2,3,0.05,2.93632985884324,0,0,0,0
456,1,5,2000,2000,20772531,2,"ifeval_min30",2,3,2,3,0.05,2.95025318022817,0,0,0,0
457,1,5,2000,2000,20772531,2,"ifeval_min30",2,3,2,3,0.05,2.21692878054455,0,0,0,0
458,1,5,2000,2000,20772531,2,"ifeval_min30",2,3,2,3,0.05,2.88828236283734,0,0,0,0
459,1,5,2000,2000,20772531,2,"ifeval_min30",2,3,2,3,0.05,2.91878879745491,0,0,0,0
460,1,5,2000,2000,20772531,2,"ifeval_min30",2,3,2,3,0.05,2.24365945835598,0,0,0,0
461,1,5,2000,2000,20772531,2,"ifeval_min30",2,3,2,3,0.05,2.88986990507692,0,0,0,0
462,1,5,2000,2000,20772531,2,"ifeval_min30",2,3,2,3,0.05,2.63953295978718,0,0,0,0
463,1,5,2000,2000,20772531,2,"ifeval_min30",2,3,2,3,0.05,2.79374331329018,0,0,0,0
464,1,5,2000,2000,20772531,2,"ifeval_min30",2,3,2,3,0.05,2.71595726697706,0,0,0,0
465,1,5,2000,2000,20772531,2,"ifeval_min30",2,3,2,3,0.05,2.94333816040307,0,0,0,0
466,1,5,2000,2000,20772531,2,"ifeval_min30",2,3,2,3,0.05,2.65112127107568,0,0,0,0
467,1,5,2000,2000,20772531,2,"ifeval_min30",2,3,2,3,0.05,2.5737166153267,0,-2.98824555776082,-2.60699737211689,0
468,1,5,2000,2000,20772531,2,"ifeval_min30",2,3,2,3,0.05,2.68509914632887,2.41217285604216,0,0,0
469,1,5,2000,2000,20772531,2,"ifeval_min30",2,3,2,3,0.05,2.03602894814685,0,0,0,0
470,1,5,2000,2000,20772531,2,"ifeval_min30",2,3,2,3,0.05,2.09094342845492,0,0,0,0
471,1,5,2000,2000,20772531,2,"ifeval_min30",2,3,2,3,0.05,2.44194820639677,0,0,0,0
472,1,5,2000,2000,20772531,2,"ifeval_min30",2,3,2,3,0.05,2.34497271943837,0,0,0,0
473,1,5,2000,2000,20772531,2,"ifeval_min30",2,3,2,3,0.05,2.96491724275984,0,0,2.64039974892512,0
474,1,5,2000,2000,20772531,2,"ifeval_min30",2,3,2,3,0.05,2.45636607613415,0,0,0,0
475,1,5,2000,2000,20772531,2,"ifeval_min30",2,3,2,3,0.05,2.01311426702887,0,0,0,0
476,1,5,2000,2000,20772531,2,"ifeval_min30",2,3,2,3,0.05,2.19800993986428,0,0,0,0
477,1,5,2000,2000,20772531,2,"ifeval_min30",2,3,2,3,0.05,2.2649390664883,0,0,0,0
478,1,5,2000,2000,20772531,2,"ifeval_min30",2,3,2,3,0.05,2.32329943566583,0,0,0,-2.53598430776037
479,1,5,2000,2000,20772531,2,"ifeval_min30",2,3,2,3,0.05,2.22460076073185,0,0,0,0
480,1,5,2000,2000,20772531,2,"ifeval_min30",2,3,2,3,0.05,2.28216438950039,0,0,0,0
481,1,5,2000,2000,20772531,2,"ifeval_min30",2,3,2,3,0.05,2.8809540097136,0,-2.86949365306646,0,0
482,1,5,2000,2000,20772531,2,"ifeval_min30",2,3,2,3,0.05,2.52110711066052,0,0,0,0
483,1,5,2000,2000,20772531,2,"ifeval_min30",2,3,2,3,0.05,2.60309205600061,0,0,0,0
484,1,5,2000,2000,20772531,2,"ifeval_min30",2,3,2,3,0.05,2.3565657294821,-2.59103195671923,0,0,0
485,1,5,2000,2000,20772531,2,"ifeval_min30",2,3,2,3,0.05,2.94083154364489,0,0,-2.50445710285567,0
486,1,5,2000,2000,20772531,2,"ifeval_min30",2,3,2,3,0.05,2.13500486593693,0,-2.87111636716872,0,0
487,1,5,2000,2000,20772531,2,"ifeval_min30",2,3,2,3,0.05,2.78356887213886,0,0,0,0
488,1,5,2000,2000,20772531,2,"ifeval_min30",2,3,2,3,0.05,2.71692819450982,0,-2.71565144369379,0,0
489,1,5,2000,2000,20772531,2,"ifeval_min30",2,3,2,3,0.05,2.63018136867322,0,0,0,0
490,1,5,2000,2000,20772531,2,"ifeval_min30",2,3,2,3,0.05,2.43901685066521,0,0,0,0
491,1,5,2000,2000,20772531,2,"ifeval_min30",2,3,2,3,0.05,2.39124605990946,0,0,0,0
492,1,5,2000,2000,20772531,2,"ifeval_min30",2,3,2,3,0.05,2.67787124426104,0,0,0,0
493,1,5,2000,2000,20772531,2,"ifeval_min30",2,3,2,3,0.05,2.20201828773133,0,0,0,0
494,1,5,2000,2000,20772531,2,"ifeval_min30",2,3,2,3,0.05,2.79107737913728,0,0,0,0
495,1,5,2000,2000,20772531,2,"ifeval_min30",2,3,2,3,0.05,2.32590122893453,0,0,2.58749162196182,0
496,1,5,2000,2000,20772531,2,"ifeval_min30",2,3,2,3,0.05,2.31782014667988,0,0,0,0
497,1,5,2000,2000,20772531,2,"ifeval_min30",2,3,2,3,0.05,2.53203745605424,0,0,0,0
498,1,5,2000,2000,20772531,2,"ifeval_min30",2,3,2,3,0.05,2.07508501061238,0,0,0,0
499,1,5,2000,2000,20772531,2,"ifeval_min30",2,3,2,3,0.05,2.25558199244551,0,0,0,0
500,1,5,2000,2000,20772531,2,"ifeval_min30",2,3,2,3,0.05,2.44577841903083,0,0,0,-2.42551256436855
501,1,5,2000,2000,20772531,2,"ifeval_min30",2,3,2,3,0.05,2.02391994418576,0,0,0,0
502,1,5,2000,2000,20772531,2,"ifeval_min30",2,3,2,3,0.05,2.99651098367758,0,0,0,0
503,1,5,2000,2000,20772531,2,"ifeval_min30",2,3,2,3,0.05,2.45793539541773,0,-2.84906273265369,0,0
504,1,5,2000,2000,20772531,2,"ifeval_min30",2,3,2,3,0.05,2.24725181306712,0,0,0,0
505,1,5,2000,2000,20772531,2,"ifeval_min30",2,3,2,3,0.05,2.15151325589977,0,0,0,0
506,1,5,2000,2000,20772531,2,"ifeval_min30",2,3,2,3,0.05,2.05141937779263,0,0,0,0
507,1,5,2000,2000,20772531,2,"ifeval_min30",2,3,2,3,0.05,2.50085632107221,0,0,0,0
508,1,5,2000,2000,20772531,2,"ifeval_min30",2,3,2,3,0.05,2.62038704077713,0,0,0,0
509,1,5,2000,2000,20772531,2,"ifeval_min30",2,3,2,3,0.05,2.69515464315191,0,0,0,0
510,1,5,2000,2000,20772531,2,"ifeval_min30",2,3,2,3,0.05,2.45624828687869,0,2.99610933498479,0,0
511,1,5,2000,2000,20772531,2,"ifeval_min30",2,3,2,3,0.05,2.77665054285899,0,0,0,0
512,1,5,2000,2000,20772531,2,"ifeval_min30",2,3,2,3,0.05,2.39409601339139,0,0,0,0
513,1,5,2000,2000,20772531,2,"ifeval_min30",2,3,2,3,0.05,2.21227081073448,0,0,0,0
514,1,5,2000,2000,20772531,2,"ifeval_min30",2,3,2,3,0.05,2.17926115286537,0,0,0,0
515,1,5,2000,2000,20772531,2,"ifeval_min30",2,3,2,3,0.05,2.1704675515648,0,0,0,0
516,1,5,2000,2000,20772531,2,"ifeval_min30",2,3,2,3,0.05,2.44429956702515,0,0,2.34644613903947,0
517,1,5,2000,2000,20772531,2,"ifeval_min30",2,3,2,3,0.05,2.23590598185547,0,0,0,0
518,1,5,2000,2000,20772531,2,"ifeval_min30",2,3,2,3,0.05,2.37236786144786,0,0,0,0
519,1,5,2000,2000,20772531,2,"ifeval_min30",2,3,2,3,0.05,2.56269651418552,0,0,0,0
520,1,5,2000,2000,20772531,2,"ifeval_min30",2,3,2,3,0.05,2.85015510069206,0,0,0,0
521,1,5,2000,2000,20772531,2,"ifeval_min30",2,3,2,3,0.05,2.88673341274261,0,2.83757760608569,0,0
522,1,5,2000,2000,20772531,2,"ifeval_min30",2,3,2,3,0.05,2.25994988856837,0,0,0,0
523,1,5,2000,2000,20772531,2,"ifeval_min30",2,3,2,3,0.05,2.20641141873784,0,0,0,0
524,1,5,2000,2000,20772531,2,"ifeval_min30",2,3,2,3,0.05,2.51561260968447,0,0,0,0
525,1,5,2000,2000,20772531,2,"ifeval_min30",2,3,2,3,0.05,2.59968959307298,0,0,0,0
526,1,5,2000,2000,20772531,2,"ifeval_min30",2,3,2,3,0.05,2.46966705215164,0,0,0,2.5742175898049
527,1,5,2000,2000,20772531,2,"ifeval_min30",2,3,2,3,0.05,2.61359183862805,-2.25875322963111,0,0,0
528,1,5,2000,2000,20772531,2,"ifeval_min30",2,3,2,3,0.05,2.73684123181738,0,0,0,0
529,1,5,2000,2000,20772531,2,"ifeval_min30",2,3,2,3,0.05,2.76608131919056,0,0,0,0
530,1,5,2000,2000,20772531,2,"ifeval_min30",2,3,2,3,0.05,2.82483231951483,0,0,0,0
531,1,5,2000,2000,20772531,2,"ifeval_min30",2,3,2,3,0.05,2.25790803087875,0,0,0,0
532,1,5,2000,2000,20772531,2,"ifeval_min30",2,3,2,3,0.05,2.73559507657774,0,0,0,0
533,1,5,2000,2000,20772531,2,"ifeval_min30",2,3,2,3,0.05,2.15604872372933,0,0,0,0
534,1,5,2000,2000,20772531,2,"ifeval_min30",2,3,2,3,0.05,2.17175618419424,0,0,0,0
535,1,5,2000,2000,20772531,2,"ifeval_min30",2,3,2,3,0.05,2.47780431574211,0,0,0,0
536,1,5,2000,2000,20772531,2,"ifeval_min30",2,3,2,3,0.05,2.43142387224361,0,0,0,0
537,1,5,2000,2000,20772531,2,"ifeval_min30",2,3,2,3,0.05,2.17912619421259,0,0,-2.77252838388085,0
538,1,5,2000,2000,20772531,2,"ifeval_min30",2,3,2,3,0.05,2.33135423576459,0,0,0,0
539,1,5,2000,2000,20772531,2,"ifeval_min30",2,3,2,3,0.05,2.97956597153097,0,0,0,0
540,1,5,2000,2000,20772531,2,"ifeval_min30",2,3,2,3,0.05,2.67495198803954,0,0,0,0
541,1,5,2000,2000,20772531,2,"ifeval_min30",2,3,2,3,0.05,2.34725852962583,0,0,0,0
542,1,5,2000,2000,20772531,2,"ifeval_min30",2,3,2,3,0.05,2.77163556474261,0,0,0,0
543,1,5,2000,2000,20772531,2,"ifeval_min30",2,3,2,3,0.05,2.93049879604951,0,0,0,0
544,1,5,2000,2000,20772531,2,"ifeval_min30",2,3,2,3,0.05,2.49132312065922,0,0,0,0
545,1,5,2000,2000,20772531,2,"ifeval_min30",2,3,2,3,0.05,2.39144710544497,0,0,0,0
546,1,5,2000,2000,20772531,2,"ifeval_min30",2,3,2,3,0.05,2.10189182450995,0,0,0,0
547,1,5,2000,2000,20772531,2,"ifeval_min30",2,3,2,3,0.05,2.95832716440782,0,-2.44863635650836,0,0
548,1,5,2000,2000,20772531,2,"ifeval_min30",2,3,2,3,0.05,2.77789641055278,0,0,0,0
549,1,5,2000,2000,20772531,2,"ifeval_min30",2,3,2,3,0.05,2.89945150399581,0,0,0,0
550,1,5,2000,2000,20772531,2,"ifeval_min30",2,3,2,3,0.05,2.54193141544238,0,0,0,0
551,1,5,2000,2000,20772531,2,"ifeval_min30",2,3,2,3,0.05,2.31278082169592,0,0,0,0
552,1,5,2000,2000,20772531,2,"ifeval_min30",2,3,2,3,0.05,2.615996157052,0,0,2.25091397459619,0
553,1,5,2000,2000,20772531,2,"ifeval_min30",2,3,2,3,0.05,2.3124765297398,-2.93124267878011,0,0,0
554,1,5,2000,2000,20772531,2,"ifeval_min30",2,3,2,3,0.05,2.45523560116999,0,0,0,0
555,1,5,2000,2000,20772531,2,"ifeval_min30",2,3,2,3,0.05,2.39971495210193,0,0,0,0
556,1,5,2000,2000,20772531,2,"ifeval_min30",2,3,2,3,0.05,2.10666207456961,2.51547472761013,0,0,0
557,1,5,2000,2000,20772531,2,"ifeval_min30",2,3,2,3,0.05,2.28078505559824,0,0,0,0
558,1,5,2000,2000,20772531,2,"ifeval_min30",2,3,2,3,0.05,2.8142936124932,0,0,0,0
559,1,5,2000,2000,20772531,2,"ifeval_min30",2,3,2,3,0.05,2.82979393610731,0,0,0,0
560,1,5,2000,2000,20772531,2,"ifeval_min30",2,3,2,3,0.05,2.90025892388076,0,0,-2.05818058364093,0
561,1,5,2000,2000,20772531,2,"ifeval_min30",2,3,2,3,0.05,2.69171323650517,0,0,0,0
562,1,5,2000,2000,20772531,2,"ifeval_min30",2,3,2,3,0.05,2.70640034577809,0,0,0,0
563,1,5,2000,2000,20772531,2,"ifeval_min30",2,3,2,3,0.05,2.5940925120376,0,0,0,0
564,1,5,2000,2000,20772531,2,"ifeval_min30",2,3,2,3,0.05,2.61920777894557,0,0,0,0
565,1,5,2000,2000,20772531,2,"ifeval_min30",2,3,2,3,0.05,2.19573566131294,0,0,0,0
566,1,5,2000,2000,20772531,2,"ifeval_min30",2,3,2,3,0.05,2.11748027661815,0,0,0,0
567,1,5,2000,2000,20772531,2,"ifeval_min30",2,3,2,3,0.05,2.63366515142843,0,0,-2.09060128382407,0
568,1,5,2000,2000,20772531,2,"ifeval_min30",2,3,2,3,0.05,2.3759306226857,0,0,0,0
569,1,5,2000,2000,20772531,2,"ifeval_min30",2,3,2,3,0.05,2.09821602189913,0,0,0,0
570,1,5,2000,2000,20772531,2,"ifeval_min30",2,3,2,3,0.05,2.53146477253176,0,0,0,0
571,1,5,2000,2000,20772531,2,"ifeval_min30",2,3,2,3,0.05,2.60681262100115,0,0,0,0
572,1,5,2000,2000,20772531,2,"ifeval_min30",2,3,2,3,0.05,2.58026246214285,0,0,0,0
573,1,5,2000,2000,20772531,2,"ifeval_min30",2,3,2,3,0.05,2.711567285005,0,0,0,0
574,1,5,2000,2000,20772531,2,"ifeval_min30",2,3,2,3,0.05,2.11513383151032,0,0,0,0
575,1,5,2000,2000,20772531,2,"ifeval_min30",2,3,2,3,0.05,2.70093441475183,0,0,0,0
576,1,5,2000,2000,20772531,2,"ifeval_min30",2,3,2,3,0.05,2.78720572870225,0,0,0,0
577,1,5,2000,2000,20772531,2,"ifeval_min30",2,3,2,3,0.05,2.97542878496461,0,0,0,0
578,1,5,2000,2000,20772531,2,"ifeval_min30",2,3,2,3,0.05,2.76257837819867,0,-2.14409920200706,0,0
579,1,5,2000,2000,20772531,2,"ifeval_min30",2,3,2,3,0.05,2.37499804492109,0,0,0,0
580,1,5,2000,2000,20772531,2,"ifeval_min30",2,3,2,3,0.05,2.0685476725921,0,0,0,0
581,1,5,2000,2000,20772531,2,"ifeval_min30",2,3,2,3,0.05,2.38787696813233,0,0,0,0
582,1,5,2000,2000,20772531,2,"ifeval_min30",2,3,2,3,0.05,2.76767195179127,0,0,0,0
583,1,5,2000,2000,20772531,2,"ifeval_min30",2,3,2,3,0.05,2.50552663113922,0,0,0,0
584,1,5,2000,2000,20772531,2,"ifeval_min30",2,3,2,3,0.05,2.57186839473434,0,0,0,0
585,1,5,2000,2000,20772531,2,"ifeval_min30",2,3,2,3,0.05,2.9262321558781,0,0,0,2.12098207953386
586,1,5,2000,2000,20772531,2,"ifeval_min30",2,3,2,3,0.05,2.73359448486008,0,0,0,0
587,1,5,2000,2000,20772531,2,"ifeval_min30",2,3,2,3,0.05,2.92460711300373,0,0,0,0
588,1,5,2000,2000,20772531,2,"ifeval_min30",2,3,2,3,0.05,2.56649107113481,0,0,0,0
589,1,5,2000,2000,20772531,2,"ifeval_min30",2,3,2,3,0.05,2.00349530554377,0,0,0,0
590,1,5,2000,2000,20772531,2,"ifeval_min30",2,3,2,3,0.05,2.39119484578259,0,0,0,0
591,1,5,2000,2000,20772531,2,"ifeval_min30",2,3,2,3,0.05,2.78323475038633,0,0,0,0
592,1,5,2000,2000,20772531,2,"ifeval_min30",2,3,2,3,0.05,2.54755117464811,0,0,0,0
593,1,5,2000,2000,20772531,2,"ifeval_min30",2,3,2,3,0.05,2.58239204785787,0,0,0,0
594,1,5,2000,2000,20772531,2,"ifeval_min30",2,3,2,3,0.05,2.86039702710696,0,0,0,2.6606027239468
595,1,5,2000,2000,20772531,2,"ifeval_min30",2,3,2,3,0.05,2.2936294763349,0,2.31745914020576,0,0
596,1,5,2000,2000,20772531,2,"ifeval_min30",2,3,2,3,0.05,2.55046829232015,0,0,0,0
597,1,5,2000,2000,20772531,2,"ifeval_min30",2,3,2,3,0.05,2.48409833968617,0,0,0,-2.21174123650417
598,1,5,2000,2000,20772531,2,"ifeval_min30",2,3,2,3,0.05,2.07584242615849,0,0,0,0
599,1,5,2000,2000,20772531,2,"ifeval_min30",2,3,2,3,0.05,2.06604721373878,0,0,0,0
600,1,5,2000,2000,20772531,2,"ifeval_min30",2,3,2,3,0.05,2.18678955826908,0,0,0,0
601,1,5,2000,2000,20772531,2,"ifeval_min30",2,3,2,3,0.05,2.95762669341639,0,0,0,0
602,1,5,2000,2000,20772531,2,"ifeval_min30",2,3,2,3,0.05,2.77774817543104,0,0,0,0
603,1,5,2000,2000,20772531,2,"ifeval_min30",2,3,2,3,0.05,2.73732912261039,0,0,0,0
604,1,5,2000,2000,20772531,2,"ifeval_min30",2,3,2,3,0.05,2.44403147534467,0,0,0,0
605,1,5,2000,2000,20772531,2,"ifeval_min30",2,3,2,3,0.05,2.38571570604108,0,0,0,0
606,1,5,2000,2000,20772531,2,"ifeval_min30",2,3,2,3,0.05,2.92824867507443,0,0,0,0
607,1,5,2000,2000,20772531,2,"ifeval_min30",2,3,2,3,0.05,2.27206860412844,0,0,0,0
608,1,5,2000,2000,20772531,2,"ifeval_min30",2,3,2,3,0.05,2.08404882601462,0,0,0,0
609,1,5,2000,2000,20772531,2,"ifeval_min30",2,3,2,3,0.05,2.4837464063894,0,0,0,0
610,1,5,2000,2000,20772531,2,"ifeval_min30",2,3,2,3,0.05,2.89315156638622,0,0,0,0
611,1,5,2000,2000,20772531,2,"ifeval_min30",2,3,2,3,0.05,2.05361361359246,0,0,0,0
612,1,5,2000,2000,20772531,2,"ifeval_min30",2,3,2,3,0.05,2.5027639165055,0,0,0,0
613,1,5,2000,2000,20772531,2,"ifeval_min30",2,3,2,3,0.05,2.28885430912487,0,0,0,0
614,1,5,2000,2000,20772531,2,"ifeval_min30",2,3,2,3,0.05,2.6652807041537,0,0,0,0
615,1,5,2000,2000,20772531,2,"ifeval_min30",2,3,2,3,0.05,2.14078704593703,0,0,0,0
616,1,5,2000,2000,20772531,2,"ifeval_min30",2,3,2,3,0.05,2.99953722255304,0,0,0,0
617,1,5,2000,2000,20772531,2,"ifeval_min30",2,3,2,3,0.05,2.89351028832607,0,0,0,0
618,1,5,2000,2000,20772531,2,"ifeval_min30",2,3,2,3,0.05,2.84183732536621,0,0,0,2.04453389253467
619,1,5,2000,2000,20772531,2,"ifeval_min30",2,3,2,3,0.05,2.33184176310897,0,0,0,0
620,1,5,2000,2000,20772531,2,"ifeval_min30",2,3,2,3,0.05,2.36967502813786,0,0,0,0
621,1,5,2000,2000,20772531,2,"ifeval_min30",2,3,2,3,0.05,2.04041057708673,0,0,0,0
622,1,5,2000,2000,20772531,2,"ifeval_min30",2,3,2,3,0.05,2.69249477609992,0,0,0,0
623,1,5,2000,2000,20772531,2,"ifeval_min30",2,3,2,3,0.05,2.59598816372454,0,0,0,0
624,1,5,2000,2000,20772531,2,"ifeval_min30",2,3,2,3,0.05,2.17746925074607,0,-2.42478355602361,0,0
625,1,5,2000,2000,20772531,2,"ifeval_min30",2,3,2,3,0.05,2.75259342952631,0,0,0,0
626,1,5,2000,2000,20772531,2,"ifeval_min30",2,3,2,3,0.05,2.21807103627361,0,0,0,0
627,1,5,2000,2000,20772531,2,"ifeval_min30",2,3,2,3,0.05,2.84053023741581,0,0,0,0
628,1,5,2000,2000,20772531,2,"ifeval_min30",2,3,2,3,0.05,2.62471087952144,0,0,0,0
629,1,5,2000,2000,20772531,2,"ifeval_min30",2,3,2,3,0.05,2.28567296802066,-2.32418930530548,0,0,0
630,1,5,2000,2000,20772531,2,"ifeval_min30",2,3,2,3,0.05,2.42350124637596,0,0,0,0
631,1,5,2000,2000,20772531,2,"ifeval_min30",2,3,2,3,0.05,2.13832747656852,0,0,0,0
632,1,5,2000,2000,20772531,2,"ifeval_min30",2,3,2,3,0.05,2.76891933009028,0,0,2.16399786109105,0
633,1,5,2000,2000,20772531,2,"ifeval_min30",2,3,2,3,0.05,2.87700884183869,0,0,0,0
634,1,5,2000,2000,20772531,2,"ifeval_min30",2,3,2,3,0.05,2.84399435436353,0,0,0,0
635,1,5,2000,2000,20772531,2,"ifeval_min30",2,3,2,3,0.05,2.26653172960505,0,0,0,0
636,1,5,2000,2000,20772531,2,"ifeval_min30",2,3,2,3,0.05,2.6065553734079,0,0,0,0
637,1,5,2000,2000,20772531,2,"ifeval_min30",2,3,2,3,0.05,2.89595281053334,0,0,0,0
638,1,5,2000,2000,20772531,2,"ifeval_min30",2,3,2,3,0.05,2.20179774751887,0,0,0,0
639,1,5,2000,2000,20772531,2,"ifeval_min30",2,3,2,3,0.05,2.32997768744826,0,0,0,0
640,1,5,2000,2000,20772531,2,"ifeval_min30",2,3,2,3,0.05,2.20320014003664,0,0,0,-2.22563331434503
641,1,5,2000,2000,20772531,2,"ifeval_min30",2,3,2,3,0.05,2.25212124688551,0,0,0,0
642,1,5,2000,2000,20772531,2,"ifeval_min30",2,3,2,3,0.05,2.64811137318611,0,0,0,0
643,1,5,2000,2000,20772531,2,"ifeval_min30",2,3,2,3,0.05,2.06954336329363,0,0,0,0
644,1,5,2000,2000,20772531,2,"ifeval_min30",2,3,2,3,0.05,2.39289889601059,0,0,0,-2.29294594563544
645,1,5,2000,2000,20772531,2,"ifeval_min30",2,3,2,3,0.05,2.57796536013484,0,0,0,0
646,1,5,2000,2000,20772531,2,"ifeval_min30",2,3,2,3,0.05,2.17566256318241,0,2.9026554422453,0,0
647,1,5,2000,2000,20772531,2,"ifeval_min30",2,3,2,3,0.05,2.29416338005103,0,0,0,0
648,1,5,2000,2000,20772531,2,"ifeval_min30",2,3,2,3,0.05,2.76694429479539,0,0,0,0
649,1,5,2000,2000,20772531,2,"ifeval_min30",2,3,2,3,0.05,2.73311970569193,0,0,0,0
650,1,5,2000,2000,20772531,2,"ifeval_min30",2,3,2,3,0.05,2.36574603570625,0,0,0,0
651,1,5,2000,2000,20772531,2,"ifeval_min30",2,3,2,3,0.05,2.88235886348411,0,0,0,0
652,1,5,2000,2000,20772531,2,"ifeval_min30",2,3,2,3,0.05,2.15820241370238,0,0,0,0
653,1,5,2000,2000,20772531,2,"ifeval_min30",2,3,2,3,0.05,2.57468223711476,0,0,0,0
654,1,5,2000,2000,20772531,2,"ifeval_min30",2,3,2,3,0.05,2.15545066958293,0,0,0,0
655,1,5,2000,2000,20772531,2,"ifeval_min30",2,3,2,3,0.05,2.5676751958672,0,0,0,0
656,1,5,2000,2000,20772531,2,"ifeval_min30",2,3,2,3,0.05,2.5336709881667,0,0,2.22115086950362,0
657,1,5,2000,2000,20772531,2,"ifeval_min30",2,3,2,3,0.05,2.76340627484024,0,0,0,0
658,1,5,2000,2000,20772531,2,"ifeval_min30",2,3,2,3,0.05,2.39609921816736,0,0,0,0
659,1,5,2000,2000,20772531,2,"ifeval_min30",2,3,2,3,0.05,2.48842222546227,0,0,0,0
660,1,5,2000,2000,20772531,2,"ifeval_min30",2,3,2,3,0.05,2.48670950788073,0,0,0,0
661,1,5,2000,2000,20772531,2,"ifeval_min30",2,3,2,3,0.05,2.15507111907937,0,0,0,0
662,1,5,2000,2000,20772531,2,"ifeval_min30",2,3,2,3,0.05,2.21931249764748,0,0,0,0
663,1,5,2000,2000,20772531,2,"ifeval_min30",2,3,2,3,0.05,2.00394029077142,0,0,0,0
664,1,5,2000,2000,20772531,2,"ifeval_min30",2,3,2,3,0.05,2.85589469829574,0,0,0,0
665,1,5,2000,2000,20772531,2,"ifeval_min30",2,3,2,3,0.05,2.23254758911207,0,2.76341542531736,0,0
666,1,5,2000,2000,20772531,2,"ifeval_min30",2,3,2,3,0.05,2.55840377369896,0,0,0,0
667,1,5,2000,2000,20772531,2,"ifeval_min30",2,3,2,3,0.05,2.72963969549164,0,0,0,0
668,1,5,2000,2000,20772531,2,"ifeval_min30",2,3,2,3,0.05,2.44402101426385,0,0,0,0
669,1,5,2000,2000,20772531,2,"ifeval_min30",2,3,2,3,0.05,2.76340447925031,0,0,0,2.58676522248425
670,1,5,2000,2000,20772531,2,"ifeval_min30",2,3,2,3,0.05,2.33251285157166,0,-2.02592207188718,0,0
671,1,5,2000,2000,20772531,2,"ifeval_min30",2,3,2,3,0.05,2.02095503569581,0,0,0,0
672,1,5,2000,2000,20772531,2,"ifeval_min30",2,3,2,3,0.05,2.70362392649986,0,0,0,0
673,1,5,2000,2000,20772531,2,"ifeval_min30",2,3,2,3,0.05,2.92739463294856,0,0,0,0
674,1,5,2000,2000,20772531,2,"ifeval_min30",2,3,2,3,0.05,2.90428185393102,0,0,0,0
675,1,5,2000,2000,20772531,2,"ifeval_min30",2,3,2,3,0.05,2.89051028992981,0,0,0,0
676,1,5,2000,2000,20772531,2,"ifeval_min30",2,3,2,3,0.05,2.90146846044809,0,0,0,0
677,1,5,2000,2000,20772531,2,"ifeval_min30",2,3,2,3,0.05,2.82757462747395,0,0,0,0
678,1,5,2000,2000,20772531,2,"ifeval_min30",2,3,2,3,0.05,2.20055905007757,0,0,0,0
679,1,5,2000,2000,20772531,2,"ifeval_min30",2,3,2,3,0.05,2.73620577831753,0,0,0,0
680,1,5,2000,2000,20772531,2,"ifeval_min30",2,3,2,3,0.05,2.59825539519079,0,0,-2.90667270030826,0
681,1,5,2000,2000,20772531,2,"ifeval_min30",2,3,2,3,0.05,2.67137724882923,0,0,0,0
682,1,5,2000,2000,20772531,2,"ifeval_min30",2,3,2,3,0.05,2.63695644796826,0,0,2.38553264876828,0
683,1,5,2000,2000,20772531,2,"ifeval_min30",2,3,2,3,0.05,2.29910823516548,0,0,0,0
684,1,5,2000,2000,20772531,2,"ifeval_min30",2,3,2,3,0.05,2.38152818614617,0,2.9394319136627,0,0
685,1,5,2000,2000,20772531,2,"ifeval_min30",2,3,2,3,0.05,2.74988253414631,0,2.96302135917358,0,0
686,1,5,2000,2000,20772531,2,"ifeval_min30",2,3,2,3,0.05,2.57306644390337,0,0,0,0
687,1,5,2000,2000,20772531,2,"ifeval_min30",2,3,2,3,0.05,2.84156920411624,0,0,0,0
688,1,5,2000,2000,20772531,2,"ifeval_min30",2,3,2,3,0.05,2.91478683659807,0,0,0,0
689,1,5,2000,2000,20772531,2,"ifeval_min30",2,3,2,3,0.05,2.73296729614958,0,0,0,0
690,1,5,2000,2000,20772531,2,"ifeval_min30",2,3,2,3,0.05,2.35590273444541,0,0,0,0
691,1,5,2000,2000,20772531,2,"ifeval_min30",2,3,2,3,0.05,2.94183146534488,0,0,0,0
692,1,5,2000,2000,20772531,2,"ifeval_min30",2,3,2,3,0.05,2.69179268716834,0,0,0,0
693,1,5,2000,2000,20772531,2,"ifeval_min30",2,3,2,3,0.05,2.96473083761521,0,0,0,0
694,1,5,2000,2000,20772531,2,"ifeval_min30",2,3,2,3,0.05,2.24328113277443,0,0,0,0
695,1,5,2000,2000,20772531,2,"ifeval_min30",2,3,2,3,0.05,2.86715171230026,0,0,0,0
696,1,5,2000,2000,20772531,2,"ifeval_min30",2,3,2,3,0.05,2.5598252043128,0,0,0,0
697,1,5,2000,2000,20772531,2,"ifeval_min30",2,3,2,3,0.05,2.44858980388381,0,0,0,0
698,1,5,2000,2000,20772531,2,"ifeval_min30",2,3,2,3,0.05,2.27661918755621,0,0,0,0
699,1,5,2000,2000,20772531,2,"ifeval_min30",2,3,2,3,0.05,2.12025834131055,0,0,0,0
700,1,5,2000,2000,20772531,2,"ifeval_min30",2,3,2,3,0.05,2.14937479211949,2.16163326893002,0,0,0
701,1,5,2000,2000,20772531,2,"ifeval_min30",2,3,2,3,0.05,2.32483947719447,0,0,0,0
702,1,5,2000,2000,20772531,2,"ifeval_min30",2,3,2,3,0.05,2.46660646051168,0,0,2.52558393683285,0
703,1,5,2000,2000,20772531,2,"ifeval_min30",2,3,2,3,0.05,2.73987876879983,0,0,0,0
704,1,5,2000,2000,20772531,2,"ifeval_min30",2,3,2,3,0.05,2.08515583747067,0,0,0,0
705,1,5,2000,2000,20772531,2,"ifeval_min30",2,3,2,3,0.05,2.82092901645228,0,0,0,0
706,1,5,2000,2000,20772531,2,"ifeval_min30",2,3,2,3,0.05,2.34459525253624,0,0,0,0
707,1,5,2000,2000,20772531,2,"ifeval_min30",2,3,2,3,0.05,2.35009269649163,0,0,0,0
708,1,5,2000,2000,20772531,2,"ifeval_min30",2,3,2,3,0.05,2.42288763378747,0,0,0,0
709,1,5,2000,2000,20772531,2,"ifeval_min30",2,3,2,3,0.05,2.29969828063622,0,0,0,0
710,1,5,2000,2000,20772531,2,"ifeval_min30",2,3,2,3,0.05,2.86481818999164,0,0,0,0
711,1,5,2000,2000,20772531,2,"ifeval_min30",2,3,2,3,0.05,2.19273381843232,0,0,2.06020705681294,0
712,1,5,2000,2000,20772531,2,"ifeval_min30",2,3,2,3,0.05,2.23263766546734,0,0,0,0
713,1,5,2000,2000,20772531,2,"ifeval_min30",2,3,2,3,0.05,2.71293178736232,0,0,0,0
714,1,5,2000,2000,20772531,2,"ifeval_min30",2,3,2,3,0.05,2.31928873597644,0,0,0,0
715,1,5,2000,2000,20772531,2,"ifeval_min30",2,3,2,3,0.05,2.15176985692233,0,0,2.24030247423798,0
716,1,5,2000,2000,20772531,2,"ifeval_min30",2,3,2,3,0.05,2.26764151966199,0,0,0,0
717,1,5,2000,2000,20772531,2,"ifeval_min30",2,3,2,3,0.05,2.74488515546545,0,0,0,0
718,1,5,2000,2000,20772531,2,"ifeval_min30",2,3,2,3,0.05,2.32096310216002,0,0,0,0
719,1,5,2000,2000,20772531,2,"ifeval_min30",2,3,2,3,0.05,2.51585416705348,0,0,0,0
720,1,5,2000,2000,20772531,2,"ifeval_min30",2,3,2,3,0.05,2.50304204877466,0,0,0,0
721,1,5,2000,2000,20772531,2,"ifeval_min30",2,3,2,3,0.05,2.39077372010797,0,0,0,0
722,1,5,2000,2000,20772531,2,"ifeval_min30",2,3,2,3,0.05,2.28588070767,0,0,0,0
723,1,5,2000,2000,20772531,2,"ifeval_min30",2,3,2,3,0.05,2.30389278987423,-2.84652931638993,0,0,0
724,1,5,2000,2000,20772531,2,"ifeval_min30",2,3,2,3,0.05,2.54647154849954,0,0,0,0
725,1,5,2000,2000,20772531,2,"ifeval_min30",2,3,2,3,0.05,2.02623752877116,0,0,0,0
726,1,5,2000,2000,20772531,2,"ifeval_min30",2,3,2,3,0.05,2.84383035823703,0,0,0,0
727,1,5,2000,2000,20772531,2,"ifeval_min30",2,3,2,3,0.05,2.94029195071198,0,0,0,0
728,1,5,2000,2000,20772531,2,"ifeval_min30",2,3,2,3,0.05,2.22684900416061,0,0,0,0
729,1,5,2000,2000,20772531,2,"ifeval_min30",2,3,2,3,0.05,2.49829697073437,0,0,0,-2.50569830322638
730,1,5,2000,2000,20772531,2,"ifeval_min30",2,3,2,3,0.05,2.12443554354832,0,0,0,0
731,1,5,2000,2000,20772531,2,"ifeval_min30",2,3,2,3,0.05,2.18570506223477,0,0,0,-2.0988027586136
732,1,5,2000,2000,20772531,2,"ifeval_min30",2,3,2,3,0.05,2.35126351285726,0,0,0,0
733,1,5,2000,2000,20772531,2,"ifeval_min30",2,3,2,3,0.05,2.89589481777512,0,2.12802977627143,0,0
734,1,5,2000,2000,20772531,2,"ifeval_min30",2,3,2,3,0.05,2.30837721610442,0,0,0,0
735,1,5,2000,2000,20772531,2,"ifeval_min30",2,3,2,3,0.05,2.74677707138471,2.63299424829893,0,0,0
736,1,5,2000,2000,20772531,2,"ifeval_min30",2,3,2,3,0.05,2.39346901234239,0,0,0,0
737,1,5,2000,2000,20772531,2,"ifeval_min30",2,3,2,3,0.05,2.57320289569907,0,0,0,0
738,1,5,2000,2000,20772531,2,"ifeval_min30",2,3,2,3,0.05,2.09517048951238,0,0,0,0
739,1,5,2000,2000,20772531,2,"ifeval_min30",2,3,2,3,0.05,2.75000951508991,0,0,0,0
740,1,5,2000,2000,20772531,2,"ifeval_min30",2,3,2,3,0.05,2.21288202214055,0,-2.24811759172007,0,0
741,1,5,2000,2000,20772531,2,"ifeval_min30",2,3,2,3,0.05,2.48609394952655,0,0,0,0
742,1,5,2000,2000,20772531,2,"ifeval_min30",2,3,2,3,0.05,2.04531832016073,0,-2.4805757550057,0,0
743,1,5,2000,2000,20772531,2,"ifeval_min30",2,3,2,3,0.05,2.61946652294137,-2.16828389861621,0,0,0
744,1,5,2000,2000,20772531,2,"ifeval_min30",2,3,2,3,0.05,2.00001180171967,-2.96785898110829,0,0,0
745,1,5,2000,2000,20772531,2,"ifeval_min30",2,3,2,3,0.05,2.39869604981504,0,0,0,0
746,1,5,2000,2000,20772531,2,"ifeval_min30",2,3,2,3,0.05,2.32291974429972,0,0,0,0
747,1,5,2000,2000,20772531,2,"ifeval_min30",2,3,2,3,0.05,2.67345471959561,0,0,0,0
748,1,5,2000,2000,20772531,2,"ifeval_min30",2,3,2,3,0.05,2.95333012123592,0,0,0,0
749,1,5,2000,2000,20772531,2,"ifeval_min30",2,3,2,3,0.05,2.27590922010131,0,0,0,0
750,1,5,2000,2000,20772531,2,"ifeval_min30",2,3,2,3,0.05,2.63527004071511,0,0,0,0
751,1,5,2000,2000,20772531,2,"ifeval_min30",2,3,2,3,0.05,2.05215745931491,0,0,0,0
752,1,5,2000,2000,20772531,2,"ifeval_min30",2,3,2,3,0.05,2.71884915116243,0,0,0,0
753,1,5,2000,2000,20772531,2,"ifeval_min30",2,3,2,3,0.05,2.0177935033571,0,0,0,0
754,1,5,2000,2000,20772531,2,"ifeval_min30",2,3,2,3,0.05,2.77850917470641,0,0,0,0
755,1,5,2000,2000,20772531,2,"ifeval_min30",2,3,2,3,0.05,2.69747700029984,0,0,0,0
756,1,5,2000,2000,20772531,2,"ifeval_min30",2,3,2,3,0.05,2.34503854275681,0,0,0,0
757,1,5,2000,2000,20772531,2,"ifeval_min30",2,3,2,3,0.05,2.25611730967648,0,0,0,0
758,1,5,2000,2000,20772531,2,"ifeval_min30",2,3,2,3,0.05,2.21856094477698,0,0,0,0
759,1,5,2000,2000,20772531,2,"ifeval_min30",2,3,2,3,0.05,2.00303558353335,2.54725961689837,0,0,0
760,1,5,2000,2000,20772531,2,"ifeval_min30",2,3,2,3,0.05,2.26163951819763,0,0,0,0
761,1,5,2000,2000,20772531,2,"ifeval_min30",2,3,2,3,0.05,2.04146019066684,0,0,0,0
762,1,5,2000,2000,20772531,2,"ifeval_min30",2,3,2,3,0.05,2.30986311286688,0,0,0,0
763,1,5,2000,2000,20772531,2,"ifeval_min30",2,3,2,3,0.05,2.97372500621714,0,0,0,0
764,1,5,2000,2000,20772531,2,"ifeval_min30",2,3,2,3,0.05,2.57379802060314,0,0,0,0
765,1,5,2000,2000,20772531,2,"ifeval_min30",2,3,2,3,0.05,2.71342478622682,0,0,0,0
766,1,5,2000,2000,20772531,2,"ifeval_min30",2,3,2,3,0.05,2.5505832566414,0,0,0,0
767,1,5,2000,2000,20772531,2,"ifeval_min30",2,3,2,3,0.05,2.45398443983868,0,0,0,0
768,1,5,2000,2000,20772531,2,"ifeval_min30",2,3,2,3,0.05,2.72707663080655,0,0,0,0
769,1,5,2000,2000,20772531,2,"ifeval_min30",2,3,2,3,0.05,2.56962866568938,0,2.17746210913174,0,0
770,1,5,2000,2000,20772531,2,"ifeval_min30",2,3,2,3,0.05,2.66418503434397,0,0,0,-2.18006032542326
771,1,5,2000,2000,20772531,2,"ifeval_min30",2,3,2,3,0.05,2.16451790649444,0,0,0,0
772,1,5,2000,2000,20772531,2,"ifeval_min30",2,3,2,3,0.05,2.68992081074975,0,0,0,0
773,1,5,2000,2000,20772531,2,"ifeval_min30",2,3,2,3,0.05,2.31194670149125,0,0,0,0
774,1,5,2000,2000,20772531,2,"ifeval_min30",2,3,2,3,0.05,2.84729882632382,0,0,0,0
775,1,5,2000,2000,20772531,2,"ifeval_min30",2,3,2,3,0.05,2.37417800794356,0,0,0,0
776,1,5,2000,2000,20772531,2,"ifeval_min30",2,3,2,3,0.05,2.16903892438859,0,0,0,0
777,1,5,2000,2000,20772531,2,"ifeval_min30",2,3,2,3,0.05,2.69535824982449,0,0,0,0
778,1,5,2000,2000,20772531,2,"ifeval_min30",2,3,2,3,0.05,2.11378439050168,0,0,0,0
779,1,5,2000,2000,20772531,2,"ifeval_min30",2,3,2,3,0.05,2.19201655569486,0,2.90968137327582,0,0
780,1,5,2000,2000,20772531,2,"ifeval_min30",2,3,2,3,0.05,2.2219627648592,0,0,0,0
781,1,5,2000,2000,20772531,2,"ifeval_min30",2,3,2,3,0.05,2.74211961193942,0,0,0,0
782,1,5,2000,2000,20772531,2,"ifeval_min30",2,3,2,3,0.05,2.7757718032226,0,0,0,0
783,1,5,2000,2000,20772531,2,"ifeval_min30",2,3,2,3,0.05,2.72236432810314,0,0,0,0
784,1,5,2000,2000,20772531,2,"ifeval_min30",2,3,2,3,0.05,2.56062208604999,0,0,0,0
785,1,5,2000,2000,20772531,2,"ifeval_min30",2,3,2,3,0.05,2.3023146847263,0,0,0,0
786,1,5,2000,2000,20772531,2,"ifeval_min30",2,3,2,3,0.05,2.62393883266486,0,0,0,0
787,1,5,2000,2000,20772531,2,"ifeval_min30",2,3,2,3,0.05,2.98441664432175,0,-2.35449886624701,0,0
788,1,5,2000,2000,20772531,2,"ifeval_min30",2,3,2,3,0.05,2.95010381471366,0,0,0,0
789,1,5,2000,2000,20772531,2,"ifeval_min30",2,3,2,3,0.05,2.48672058526427,0,0,0,0
790,1,5,2000,2000,20772531,2,"ifeval_min30",2,3,2,3,0.05,2.85164348687977,0,0,0,0
791,1,5,2000,2000,20772531,2,"ifeval_min30",2,3,2,3,0.05,2.0199810154736,0,0,0,0
792,1,5,2000,2000,20772531,2,"ifeval_min30",2,3,2,3,0.05,2.27782924752682,0,0,0,0
793,1,5,2000,2000,20772531,2,"ifeval_min30",2,3,2,3,0.05,2.067128601484,0,0,0,0
794,1,5,2000,2000,20772531,2,"ifeval_min30",2,3,2,3,0.05,2.16206398350187,0,0,0,0
795,1,5,2000,2000,20772531,2,"ifeval_min30",2,3,2,3,0.05,2.73301254585385,0,0,0,0
796,1,5,2000,2000,20772531,2,"ifeval_min30",2,3,2,3,0.05,2.86707655061036,0,0,0,0
797,1,5,2000,2000,20772531,2,"ifeval_min30",2,3,2,3,0.05,2.32177715096623,0,0,0,0
798,1,5,2000,2000,20772531,2,"ifeval_min30",2,3,2,3,0.05,2.24753912049346,0,0,0,0
799,1,5,2000,2000,20772531,2,"ifeval_min30",2,3,2,3,0.05,2.7749819138553,0,0,0,0
800,1,5,2000,2000,20772531,2,"ifeval_min30",2,3,2,3,0.05,2.39746080501936,0,0,0,0
801,1,5,2000,2000,20772531,2,"ifeval_min30",2,3,2,3,0.05,2.23353365622461,0,0,0,0
802,1,5,2000,2000,20772531,2,"ifeval_min30",2,3,2,3,0.05,2.07399598602206,0,-2.04841236257926,0,0
803,1,5,2000,2000,20772531,2,"ifeval_min30",2,3,2,3,0.05,2.43213556357659,0,0,0,0
804,1,5,2000,2000,20772531,2,"ifeval_min30",2,3,2,3,0.05,2.17003488820046,0,0,0,0
805,1,5,2000,2000,20772531,2,"ifeval_min30",2,3,2,3,0.05,2.88267641956918,0,0,0,0
806,1,5,2000,2000,20772531,2,"ifeval_min30",2,3,2,3,0.05,2.53833194682375,0,0,0,0
807,1,5,2000,2000,20772531,2,"ifeval_min30",2,3,2,3,0.05,2.91831524623558,0,0,0,0
808,1,5,2000,2000,20772531,2,"ifeval_min30",2,3,2,3,0.05,2.96732481638901,0,0,0,0
809,1,5,2000,2000,20772531,2,"ifeval_min30",2,3,2,3,0.05,2.65181729081087,0,0,0,0
810,1,5,2000,2000,20772531,2,"ifeval_min30",2,3,2,3,0.05,2.98305407282896,0,0,0,0
811,1,5,2000,2000,20772531,2,"ifeval_min30",2,3,2,3,0.05,2.28305375156924,0,0,0,0
812,1,5,2000,2000,20772531,2,"ifeval_min30",2,3,2,3,0.05,2.22325745341368,2.71331373229623,0,0,-2.62193918996491
813,1,5,2000,2000,20772531,2,"ifeval_min30",2,3,2,3,0.05,2.05593028198928,0,-2.81187314796261,0,0
814,1,5,2000,2000,20772531,2,"ifeval_min30",2,3,2,3,0.05,2.21485088765621,0,0,0,0
815,1,5,2000,2000,20772531,2,"ifeval_min30",2,3,2,3,0.05,2.51489038649015,0,0,0,0
816,1,5,2000,2000,20772531,2,"ifeval_min30",2,3,2,3,0.05,2.8674842515029,0,0,0,0
817,1,5,2000,2000,20772531,2,"ifeval_min30",2,3,2,3,0.05,2.75148808024824,0,0,0,0
818,1,5,2000,2000,20772531,2,"ifeval_min30",2,3,2,3,0.05,2.52494476665743,0,0,0,0
819,1,5,2000,2000,20772531,2,"ifeval_min30",2,3,2,3,0.05,2.73883911315352,0,0,0,0
820,1,5,2000,2000,20772531,2,"ifeval_min30",2,3,2,3,0.05,2.95380968065001,0,0,0,0
821,1,5,2000,2000,20772531,2,"ifeval_min30",2,3,2,3,0.05,2.1975897254888,0,0,0,-2.66010425845161
822,1,5,2000,2000,20772531,2,"ifeval_min30",2,3,2,3,0.05,2.73819351103157,0,0,0,0
823,1,5,2000,2000,20772531,2,"ifeval_min30",2,3,2,3,0.05,2.19377157883719,0,0,0,0
824,1,5,2000,2000,20772531,2,"ifeval_min30",2,3,2,3,0.05,2.79652449954301,0,0,0,0
825,1,5,2000,2000,20772531,2,"ifeval_min30",2,3,2,3,0.05,2.84461056930013,0,0,0,0
826,1,5,2000,2000,20772531,2,"ifeval_min30",2,3,2,3,0.05,2.08305158722214,0,0,0,0
827,1,5,2000,2000,20772531,2,"ifeval_min30",2,3,2,3,0.05,2.67834984092042,0,0,0,0
828,1,5,2000,2000,20772531,2,"ifeval_min30",2,3,2,3,0.05,2.18261306849308,0,0,-2.32961996947415,0
829,1,5,2000,2000,20772531,2,"ifeval_min30",2,3,2,3,0.05,2.70972807938233,0,0,0,0
830,1,5,2000,2000,20772531,2,"ifeval_min30",2,3,2,3,0.05,2.43259899225086,0,0,0,0
831,1,5,2000,2000,20772531,2,"ifeval_min30",2,3,2,3,0.05,2.53235660982318,0,0,0,0
832,1,5,2000,2000,20772531,2,"ifeval_min30",2,3,2,3,0.05,2.96406656340696,0,0,0,0
833,1,5,2000,2000,20772531,2,"ifeval_min30",2,3,2,3,0.05,2.50506653846242,0,0,2.26489796326496,0
834,1,5,2000,2000,20772531,2,"ifeval_min30",2,3,2,3,0.05,2.46754578943364,0,0,0,0
835,1,5,2000,2000,20772531,2,"ifeval_min30",2,3,2,3,0.05,2.84721738519147,0,0,0,0
836,1,5,2000,2000,20772531,2,"ifeval_min30",2,3,2,3,0.05,2.04477538261563,-2.08023032173514,0,0,0
837,1,5,2000,2000,20772531,2,"ifeval_min30",2,3,2,3,0.05,2.93715201620944,0,0,2.16653426433913,0
838,1,5,2000,2000,20772531,2,"ifeval_min30",2,3,2,3,0.05,2.24416589271277,0,0,0,0
839,1,5,2000,2000,20772531,2,"ifeval_min30",2,3,2,3,0.05,2.55119834910147,0,0,0,0
840,1,5,2000,2000,20772531,2,"ifeval_min30",2,3,2,3,0.05,2.62079908256419,0,0,0,0
841,1,5,2000,2000,20772531,2,"ifeval_min30",2,3,2,3,0.05,2.99489740049466,0,0,-2.77210482559167,0
842,1,5,2000,2000,20772531,2,"ifeval_min30",2,3,2,3,0.05,2.69263754831627,0,0,0,0
843,1,5,2000,2000,20772531,2,"ifeval_min30",2,3,2,3,0.05,2.03728141449392,2.43342827004381,0,0,0
844,1,5,2000,2000,20772531,2,"ifeval_min30",2,3,2,3,0.05,2.64010912855156,0,0,0,0
845,1,5,2000,2000,20772531,2,"ifeval_min30",2,3,2,3,0.05,2.48257989925332,0,2.43789867102169,0,0
846,1,5,2000,2000,20772531,2,"ifeval_min30",2,3,2,3,0.05,2.85305408155546,0,0,0,0
847,1,5,2000,2000,20772531,2,"ifeval_min30",2,3,2,3,0.05,2.28864295966923,0,0,0,0
848,1,5,2000,2000,20772531,2,"ifeval_min30",2,3,2,3,0.05,2.09969027759507,0,0,0,0
849,1,5,2000,2000,20772531,2,"ifeval_min30",2,3,2,3,0.05,2.37187508121133,0,0,0,0
850,1,5,2000,2000,20772531,2,"ifeval_min30",2,3,2,3,0.05,2.79076859168708,0,0,0,0
851,1,5,2000,2000,20772531,2,"ifeval_min30",2,3,2,3,0.05,2.2427417631261,0,0,0,0
852,1,5,2000,2000,20772531,2,"ifeval_min30",2,3,2,3,0.05,2.97149063972756,0,0,0,0
853,1,5,2000,2000,20772531,2,"ifeval_min30",2,3,2,3,0.05,2.67099995352328,0,0,0,0
854,1,5,2000,2000,20772531,2,"ifeval_min30",2,3,2,3,0.05,2.01160163478926,0,0,0,0
855,1,5,2000,2000,20772531,2,"ifeval_min30",2,3,2,3,0.05,2.50826767203398,0,2.20125351916067,0,0
856,1,5,2000,2000,20772531,2,"ifeval_min30",2,3,2,3,0.05,2.14896008581854,0,0,0,0
857,1,5,2000,2000,20772531,2,"ifeval_min30",2,3,2,3,0.05,2.3330341919791,0,0,0,0
858,1,5,2000,2000,20772531,2,"ifeval_min30",2,3,2,3,0.05,2.93312914529815,0,0,0,0
859,1,5,2000,2000,20772531,2,"ifeval_min30",2,3,2,3,0.05,2.10284618916921,0,2.24395919684321,0,0
860,1,5,2000,2000,20772531,2,"ifeval_min30",2,3,2,3,0.05,2.81381429149769,0,0,0,0
861,1,5,2000,2000,20772531,2,"ifeval_min30",2,3,2,3,0.05,2.42699714982882,0,0,0,0
862,1,5,2000,2000,20772531,2,"ifeval_min30",2,3,2,3,0.05,2.6144870694261,0,0,0,0
863,1,5,2000,2000,20772531,2,"ifeval_min30",2,3,2,3,0.05,2.4596826734487,0,0,0,0
864,1,5,2000,2000,20772531,2,"ifeval_min30",2,3,2,3,0.05,2.31239695218392,0,0,0,0
865,1,5,2000,2000,20772531,2,"ifeval_min30",2,3,2,3,0.05,2.64126958302222,0,0,0,2.28567647142336
866,1,5,2000,2000,20772531,2,"ifeval_min30",2,3,2,3,0.05,2.09607821144164,0,0,0,0
867,1,5,2000,2000,20772531,2,"ifeval_min30",2,3,2,3,0.05,2.01368629629724,0,0,0,2.91333934548311
868,1,5,2000,2000,20772531,2,"ifeval_min30",2,3,2,3,0.05,2.85328917414881,0,0,0,0
869,1,5,2000,2000,20772531,2,"ifeval_min30",2,3,2,3,0.05,2.88741981890053,0,0,2.47083400306292,0
870,1,5,2000,2000,20772531,2,"ifeval_min30",2,3,2,3,0.05,2.09175623650663,2.91534968651831,0,0,0
871,1,5,2000,2000,20772531,2,"ifeval_min30",2,3,2,3,0.05,2.39541270397604,0,0,0,0
872,1,5,2000,2000,20772531,2,"ifeval_min30",2,3,2,3,0.05,2.999568475876,0,0,0,0
873,1,5,2000,2000,20772531,2,"ifeval_min30",2,3,2,3,0.05,2.07800810155459,0,0,0,0
874,1,5,2000,2000,20772531,2,"ifeval_min30",2,3,2,3,0.05,2.28879146836698,0,0,0,0
875,1,5,2000,2000,20772531,2,"ifeval_min30",2,3,2,3,0.05,2.55013950518332,0,0,0,0
876,1,5,2000,2000,20772531,2,"ifeval_min30",2,3,2,3,0.05,2.68448859243654,0,0,0,0
877,1,5,2000,2000,20772531,2,"ifeval_min30",2,3,2,3,0.05,2.34957396169193,0,0,0,0
878,1,5,2000,2000,20772531,2,"ifeval_min30",2,3,2,3,0.05,2.78263018233702,0,0,-2.79821419995278,0
879,1,5,2000,2000,20772531,2,"ifeval_min30",2,3,2,3,0.05,2.91981625882909,0,0,0,0
880,1,5,2000,2000,20772531,2,"ifeval_min30",2,3,2,3,0.05,2.50138371693902,0,0,0,0
881,1,5,2000,2000,20772531,2,"ifeval_min30",2,3,2,3,0.05,2.49962260434404,0,0,0,0
882,1,5,2000,2000,20772531,2,"ifeval_min30",2,3,2,3,0.05,2.80176308681257,0,0,0,0
883,1,5,2000,2000,20772531,2,"ifeval_min30",2,3,2,3,0.05,2.53151365322992,0,0,0,0
884,1,5,2000,2000,20772531,2,"ifeval_min30",2,3,2,3,0.05,2.0907826081384,0,0,0,0
885,1,5,2000,2000,20772531,2,"ifeval_min30",2,3,2,3,0.05,2.1631247238256,0,0,0,0
886,1,5,2000,2000,20772531,2,"ifeval_min30",2,3,2,3,0.05,2.1549891368486,0,0,0,0
887,1,5,2000,2000,20772531,2,"ifeval_min30",2,3,2,3,0.05,2.39371926011518,0,-2.89800962293521,0,0
888,1,5,2000,2000,20772531,2,"ifeval_min30",2,3,2,3,0.05,2.11776323569939,0,0,0,0
889,1,5,2000,2000,20772531,2,"ifeval_min30",2,3,2,3,0.05,2.6161020451691,0,0,0,0
890,1,5,2000,2000,20772531,2,"ifeval_min30",2,3,2,3,0.05,2.1135655795224,0,0,0,0
891,1,5,2000,2000,20772531,2,"ifeval_min30",2,3,2,3,0.05,2.44363725325093,0,0,0,0
892,1,5,2000,2000,20772531,2,"ifeval_min30",2,3,2,3,0.05,2.10826229373924,0,0,0,0
893,1,5,2000,2000,20772531,2,"ifeval_min30",2,3,2,3,0.05,2.62825502781197,0,0,0,0
894,1,5,2000,2000,20772531,2,"ifeval_min30",2,3,2,3,0.05,2.06882014358416,0,0,0,0
895,1,5,2000,2000,20772531,2,"ifeval_min30",2,3,2,3,0.05,2.22104316437617,0,0,0,0
896,1,5,2000,2000,20772531,2,"ifeval_min30",2,3,2,3,0.05,2.66873430181295,0,0,0,0
897,1,5,2000,2000,20772531,2,"ifeval_min30",2,3,2,3,0.05,2.43773990008049,2.01788977626711,0,0,0
898,1,5,2000,2000,20772531,2,"ifeval_min30",2,3,2,3,0.05,2.77657168288715,0,0,0,0
899,1,5,2000,2000,20772531,2,"ifeval_min30",2,3,2,3,0.05,2.70385539974086,0,0,0,0
900,1,5,2000,2000,20772531,2,"ifeval_min30",2,3,2,3,0.05,2.44972248794511,0,0,0,0
901,1,5,2000,2000,20772531,2,"ifeval_min30",2,3,2,3,0.05,2.53248998546042,0,0,-2.17626453144476,0
902,1,5,2000,2000,20772531,2,"ifeval_min30",2,3,2,3,0.05,2.82658365694806,0,0,0,0
903,1,5,2000,2000,20772531,2,"ifeval_min30",2,3,2,3,0.05,2.24996067467146,0,0,0,0
904,1,5,2000,2000,20772531,2,"ifeval_min30",2,3,2,3,0.05,2.66002736007795,2.37441750825383,0,0,0
905,1,5,2000,2000,20772531,2,"ifeval_min30",2,3,2,3,0.05,2.07902741082944,0,0,0,0
906,1,5,2000,2000,20772531,2,"ifeval_min30",2,3,2,3,0.05,2.36865864438005,0,0,2.58864044863731,2.86830843333155
907,1,5,2000,2000,20772531,2,"ifeval_min30",2,3,2,3,0.05,2.13726599304937,0,0,0,2.15674427105114
908,1,5,2000,2000,20772531,2,"ifeval_min30",2,3,2,3,0.05,2.16419554525055,0,0,0,0
909,1,5,2000,2000,20772531,2,"ifeval_min30",2,3,2,3,0.05,2.51688519120216,0,0,0,0
910,1,5,2000,2000,20772531,2,"ifeval_min30",2,3,2,3,0.05,2.82977633574046,0,0,0,-2.83392247534357
911,1,5,2000,2000,20772531,2,"ifeval_min30",2,3,2,3,0.05,2.99078142712824,0,0,0,0
912,1,5,2000,2000,20772531,2,"ifeval_min30",2,3,2,3,0.05,2.33699659351259,0,0,0,0
913,1,5,2000,2000,20772531,2,"ifeval_min30",2,3,2,3,0.05,2.90932050137781,0,0,0,0
914,1,5,2000,2000,20772531,2,"ifeval_min30",2,3,2,3,0.05,2.29501411132514,0,0,0,0
915,1,5,2000,2000,20772531,2,"ifeval_min30",2,3,2,3,0.05,2.09893199172802,0,0,0,0
916,1,5,2000,2000,20772531,2,"ifeval_min30",2,3,2,3,0.05,2.77977899648249,0,0,0,0
917,1,5,2000,2000,20772531,2,"ifeval_min30",2,3,2,3,0.05,2.82535826368257,0,0,0,0
918,1,5,2000,2000,20772531,2,"ifeval_min30",2,3,2,3,0.05,2.77894568676129,0,0,0,0
919,1,5,2000,2000,20772531,2,"ifeval_min30",2,3,2,3,0.05,2.03899660450406,0,0,0,0
920,1,5,2000,2000,20772531,2,"ifeval_min30",2,3,2,3,0.05,2.05827944399789,0,0,0,-2.85027830628678
921,1,5,2000,2000,20772531,2,"ifeval_min30",2,3,2,3,0.05,2.86051427992061,0,0,0,0
922,1,5,2000,2000,20772531,2,"ifeval_min30",2,3,2,3,0.05,2.43250851263292,0,0,0,0
923,1,5,2000,2000,20772531,2,"ifeval_min30",2,3,2,3,0.05,2.24699264531955,0,0,0,0
924,1,5,2000,2000,20772531,2,"ifeval_min30",2,3,2,3,0.05,2.2294063239824,0,0,0,0
925,1,5,2000,2000,20772531,2,"ifeval_min30",2,3,2,3,0.05,2.54554528277367,0,0,0,0
926,1,5,2000,2000,20772531,2,"ifeval_min30",2,3,2,3,0.05,2.83975012321025,0,0,0,0
927,1,5,2000,2000,20772531,2,"ifeval_min30",2,3,2,3,0.05,2.20065280213021,0,0,0,0
928,1,5,2000,2000,20772531,2,"ifeval_min30",2,3,2,3,0.05,2.32330237049609,0,0,0,0
929,1,5,2000,2000,20772531,2,"ifeval_min30",2,3,2,3,0.05,2.60091390134767,0,0,0,0
930,1,5,2000,2000,20772531,2,"ifeval_min30",2,3,2,3,0.05,2.06349606835283,0,0,0,0
931,1,5,2000,2000,20772531,2,"ifeval_min30",2,3,2,3,0.05,2.30956907430664,0,0,0,0
932,1,5,2000,2000,20772531,2,"ifeval_min30",2,3,2,3,0.05,2.88837392698042,0,-2.99236984294839,0,0
933,1,5,2000,2000,20772531,2,"ifeval_min30",2,3,2,3,0.05,2.08523913705721,0,0,0,0
934,1,5,2000,2000,20772531,2,"ifeval_min30",2,3,2,3,0.05,2.42442818032578,0,0,0,0
935,1,5,2000,2000,20772531,2,"ifeval_min30",2,3,2,3,0.05,2.74188859923743,0,0,0,0
936,1,5,2000,2000,20772531,2,"ifeval_min30",2,3,2,3,0.05,2.32757370802574,0,0,0,0
937,1,5,2000,2000,20772531,2,"ifeval_min30",2,3,2,3,0.05,2.90170846297406,0,0,0,0
938,1,5,2000,2000,20772531,2,"ifeval_min30",2,3,2,3,0.05,2.48372569493949,0,0,0,0
939,1,5,2000,2000,20772531,2,"ifeval_min30",2,3,2,3,0.05,2.38864278024994,-2.66234515560791,0,0,0
940,1,5,2000,2000,20772531,2,"ifeval_min30",2,3,2,3,0.05,2.14766820659861,0,0,0,0
941,1,5,2000,2000,20772531,2,"ifeval_min30",2,3,2,3,0.05,2.59071226418018,0,0,0,0
942,1,5,2000,2000,20772531,2,"ifeval_min30",2,3,2,3,0.05,2.0580550681334,0,0,0,0
943,1,5,2000,2000,20772531,2,"ifeval_min30",2,3,2,3,0.05,2.1248231716454,0,0,0,0
944,1,5,2000,2000,20772531,2,"ifeval_min30",2,3,2,3,0.05,2.07636159006506,0,0,0,0
945,1,5,2000,2000,20772531,2,"ifeval_min30",2,3,2,3,0.05,2.70651825587265,0,0,0,0
946,1,5,2000,2000,20772531,2,"ifeval_min30",2,3,2,3,0.05,2.82618299731985,0,0,0,0
947,1,5,2000,2000,20772531,2,"ifeval_min30",2,3,2,3,0.05,2.01539203873836,0,0,0,0
948,1,5,2000,2000,20772531,2,"ifeval_min30",2,3,2,3,0.05,2.739455482224,0,0,0,2.76268777204677
949,1,5,2000,2000,20772531,2,"ifeval_min30",2,3,2,3,0.05,2.6325696229469,0,0,0,0
950,1,5,2000,2000,20772531,2,"ifeval_min30",2,3,2,3,0.05,2.97485581366345,0,0,0,0
951,1,5,2000,2000,20772531,2,"ifeval_min30",2,3,2,3,0.05,2.35252396436408,-2.9969409937039,0,0,0
952,1,5,2000,2000,20772531,2,"ifeval_min30",2,3,2,3,0.05,2.11887822230347,0,0,0,0
953,1,5,2000,2000,20772531,2,"ifeval_min30",2,3,2,3,0.05,2.88440814171918,0,0,0,0
954,1,5,2000,2000,20772531,2,"ifeval_min30",2,3,2,3,0.05,2.06243552290834,0,0,0,0
955,1,5,2000,2000,20772531,2,"ifeval_min30",2,3,2,3,0.05,2.15182060259394,0,0,0,0
956,1,5,2000,2000,20772531,2,"ifeval_min30",2,3,2,3,0.05,2.36798094632104,0,0,0,0
957,1,5,2000,2000,20772531,2,"ifeval_min30",2,3,2,3,0.05,2.71103307791054,0,0,0,0
958,1,5,2000,2000,20772531,2,"ifeval_min30",2,3,2,3,0.05,2.53472343808971,0,0,0,0
959,1,5,2000,2000,20772531,2,"ifeval_min30",2,3,2,3,0.05,2.12611193698831,0,0,0,0
960,1,5,2000,2000,20772531,2,"ifeval_min30",2,3,2,3,0.05,2.73835492716171,0,0,0,0
961,1,5,2000,2000,20772531,2,"ifeval_min30",2,3,2,3,0.05,2.35552758374251,0,0,0,0
962,1,5,2000,2000,20772531,2,"ifeval_min30",2,3,2,3,0.05,2.03151371260174,0,0,0,0
963,2,5,2000,2000,20772531,2,"ifeval_min30",2,3,2,3,0.05,0,2.03274056245573,0,0,0
964,2,5,2000,2000,20772531,2,"ifeval_min30",2,3,2,3,0.05,0,2.37200889666565,0,0,0
965,2,5,2000,2000,20772531,2,"ifeval_min30",2,3,2,3,0.05,0,2.98608191637322,0,0,0
966,2,5,2000,2000,20772531,2,"ifeval_min30",2,3,2,3,0.05,0,2.45429980149493,0,0,0
967,2,5,2000,2000,20772531,2,"ifeval_min30",2,3,2,3,0.05,0,2.16788102313876,0,0,0
968,2,5,2000,2000,20772531,2,"ifeval_min30",2,3,2,3,0.05,0,2.91208823863417,0,0,0
969,2,5,2000,2000,20772531,2,"ifeval_min30",2,3,2,3,0.05,0,2.43899638974108,0,0,0
970,2,5,2000,2000,20772531,2,"ifeval_min30",2,3,2,3,0.05,0,2.79843503260054,0,-2.24979915539734,0
971,2,5,2000,2000,20772531,2,"ifeval_min30",2,3,2,3,0.05,0,2.34338403795846,0,0,0
972,2,5,2000,2000,20772531,2,"ifeval_min30",2,3,2,3,0.05,0,2.10041601443663,0,0,0
973,2,5,2000,2000,20772531,2,"ifeval_min30",2,3,2,3,0.05,0,2.73634144593962,2.77358714630827,0,0
974,2,5,2000,2000,20772531,2,"ifeval_min30",2,3,2,3,0.05,0,2.70421467861161,0,0,0
975,2,5,2000,2000,20772531,2,"ifeval_min30",2,3,2,3,0.05,0,2.53775274078362,0,2.29509599809535,0
976,2,5,2000,2000,20772531,2,"ifeval_min30",2,3,2,3,0.05,0,2.32723428774625,0,0,0
977,2,5,2000,2000,20772531,2,"ifeval_min30",2,3,2,3,0.05,0,2.19544869055972,0,0,0
978,2,5,2000,2000,20772531,2,"ifeval_min30",2,3,2,3,0.05,0,2.75128513062373,2.94199758628383,0,0
979,2,5,2000,2000,20772531,2,"ifeval_min30",2,3,2,3,0.05,0,2.71408913028426,0,0,0
980,2,5,2000,2000,20772531,2,"ifeval_min30",2,3,2,3,0.05,0,2.81858080159873,0,-2.36530822794884,0
981,2,5,2000,2000,20772531,2,"ifeval_min30",2,3,2,3,0.05,0,2.43373397248797,0,0,0
982,2,5,2000,2000,20772531,2,"ifeval_min30",2,3,2,3,0.05,0,2.93797569535673,0,0,2.91438027704135
983,2,5,2000,2000,20772531,2,"ifeval_min30",2,3,2,3,0.05,-2.40166786080226,2.12351878685877,0,0,0
984,2,5,2000,2000,20772531,2,"ifeval_min30",2,3,2,3,0.05,0,2.59029515925795,0,0,0
985,2,5,2000,2000,20772531,2,"ifeval_min30",2,3,2,3,0.05,0,2.4836475471966,0,0,0
986,2,5,2000,2000,20772531,2,"ifeval_min30",2,3,2,3,0.05,0,2.20653717964888,0,0,0
987,2,5,2000,2000,20772531,2,"ifeval_min30",2,3,2,3,0.05,0,2.44870850723237,0,0,0
988,2,5,2000,2000,20772531,2,"ifeval_min30",2,3,2,3,0.05,0,2.38083224534057,0,0,0
989,2,5,2000,2000,20772531,2,"ifeval_min30",2,3,2,3,0.05,0,2.30524183763191,0,0,-2.25480161095038
990,2,5,2000,2000,20772531,2,"ifeval_min30",2,3,2,3,0.05,0,2.16698721726425,0,0,0
991,2,5,2000,2000,20772531,2,"ifeval_min30",2,3,2,3,0.05,0,2.28425308782607,0,0,0
992,2,5,2000,2000,20772531,2,"ifeval_min30",2,3,2,3,0.05,0,2.14575479412451,0,0,0
993,2,5,2000,2000,20772531,2,"ifeval_min30",2,3,2,3,0.05,0,2.09659840445966,0,0,0
994,2,5,2000,2000,20772531,2,"ifeval_min30",2,3,2,3,0.05,0,2.50708201504312,0,0,0
995,2,5,2000,2000,20772531,2,"ifeval_min30",2,3,2,3,0.05,0,2.13788702827878,0,0,0
996,2,5,2000,2000,20772531,2,"ifeval_min30",2,3,2,3,0.05,0,2.87694826512598,0,0,0
997,2,5,2000,2000,20772531,2,"ifeval_min30",2,3,2,3,0.05,0,2.34011276066303,0,0,0
998,2,5,2000,2000,20772531,2,"ifeval_min30",2,3,2,3,0.05,0,2.66777878720313,0,0,0
999,2,5,2000,2000,20772531,2,"ifeval_min30",2,3,2,3,0.05,0,2.53323150495999,0,0,0
1000,2,5,2000,2000,20772531,2,"ifeval_min30",2,3,2,3,0.05,0,2.92986271390691,0,0,0
1001,2,5,2000,2000,20772531,2,"ifeval_min30",2,3,2,3,0.05,0,2.90768470428884,0,0,0
1002,2,5,2000,2000,20772531,2,"ifeval_min30",2,3,2,3,0.05,0,2.01823577098548,0,0,0
1003,2,5,2000,2000,20772531,2,"ifeval_min30",2,3,2,3,0.05,0,2.48922844743356,0,0,0
1004,2,5,2000,2000,20772531,2,"ifeval_min30",2,3,2,3,0.05,0,2.16821833956055,0,0,0
1005,2,5,2000,2000,20772531,2,"ifeval_min30",2,3,2,3,0.05,0,2.5340074505657,0,0,0
1006,2,5,2000,2000,20772531,2,"ifeval_min30",2,3,2,3,0.05,0,2.81782072875649,0,0,0
1007,2,5,2000,2000,20772531,2,"ifeval_min30",2,3,2,3,0.05,0,2.63440062035806,0,0,0
1008,2,5,2000,2000,20772531,2,"ifeval_min30",2,3,2,3,0.05,0,2.09975780802779,0,0,0
1009,2,5,2000,2000,20772531,2,"ifeval_min30",2,3,2,3,0.05,0,2.95907947258092,0,0,0
1010,2,5,2000,2000,20772531,2,"ifeval_min30",2,3,2,3,0.05,0,2.27236676681787,0,0,0
1011,2,5,2000,2000,20772531,2,"ifeval_min30",2,3,2,3,0.05,0,2.29455208685249,0,0,0
1012,2,5,2000,2000,20772531,2,"ifeval_min30",2,3,2,3,0.05,0,2.18367785727605,0,0,0
1013,2,5,2000,2000,20772531,2,"ifeval_min30",2,3,2,3,0.05,0,2.41640839073807,0,0,0
1014,2,5,2000,2000,20772531,2,"ifeval_min30",2,3,2,3,0.05,0,2.10397433699109,0,0,0
1015,2,5,2000,2000,20772531,2,"ifeval_min30",2,3,2,3,0.05,0,2.0903369600419,0,0,0
1016,2,5,2000,2000,20772531,2,"ifeval_min30",2,3,2,3,0.05,0,2.90391608327627,0,0,0
1017,2,5,2000,2000,20772531,2,"ifeval_min30",2,3,2,3,0.05,0,2.74074560077861,0,0,0
1018,2,5,2000,2000,20772531,2,"ifeval_min30",2,3,2,3,0.05,0,2.78576809167862,0,0,0
1019,2,5,2000,2000,20772531,2,"ifeval_min30",2,3,2,3,0.05,0,2.762439355487,0,0,0
1020,2,5,2000,2000,20772531,2,"ifeval_min30",2,3,2,3,0.05,0,2.46523459185846,0,0,-2.49968830985017
1021,2,5,2000,2000,20772531,2,"ifeval_min30",2,3,2,3,0.05,0,2.26733921444975,0,0,0
1022,2,5,2000,2000,20772531,2,"ifeval_min30",2,3,2,3,0.05,0,2.62116118636914,0,0,0
1023,2,5,2000,2000,20772531,2,"ifeval_min30",2,3,2,3,0.05,0,2.0759880268015,0,0,0
1024,2,5,2000,2000,20772531,2,"ifeval_min30",2,3,2,3,0.05,0,2.32816827762872,0,0,0
1025,2,5,2000,2000,20772531,2,"ifeval_min30",2,3,2,3,0.05,0,2.39765056222677,0,0,0
1026,2,5,2000,2000,20772531,2,"ifeval_min30",2,3,2,3,0.05,0,2.07704295427538,0,0,0
1027,2,5,2000,2000,20772531,2,"ifeval_min30",2,3,2,3,0.05,0,2.4889997439459,0,0,0
1028,2,5,2000,2000,20772531,2,"ifeval_min30",2,3,2,3,0.05,0,2.18416231474839,0,0,0
1029,2,5,2000,2000,20772531,2,"ifeval_min30",2,3,2,3,0.05,0,2.13423309638165,-2.64774629310705,0,0
1030,2,5,2000,2000,20772531,2,"ifeval_min30",2,3,2,3,0.05,0,2.17584134661593,0,0,0
1031,2,5,2000,2000,20772531,2,"ifeval_min30",2,3,2,3,0.05,2.03144001006149,2.48986594425514,0,0,0
1032,2,5,2000,2000,20772531,2,"ifeval_min30",2,3,2,3,0.05,0,2.76023608772084,0,0,0
1033,2,5,2000,2000,20772531,2,"ifeval_min30",2,3,2,3,0.05,0,2.08765203086659,0,0,0
1034,2,5,2000,2000,20772531,2,"ifeval_min30",2,3,2,3,0.05,0,2.21812718408182,0,0,0
1035,2,5,2000,2000,20772531,2,"ifeval_min30",2,3,2,3,0.05,0,2.99379495391622,-2.51798984827474,2.09526437032036,0
1036,2,5,2000,2000,20772531,2,"ifeval_min30",2,3,2,3,0.05,0,2.33931787335314,0,0,0
1037,2,5,2000,2000,20772531,2,"ifeval_min30",2,3,2,3,0.05,0,2.80933895800263,0,0,0
1038,2,5,2000,2000,20772531,2,"ifeval_min30",2,3,2,3,0.05,0,2.39848254178651,0,0,0
1039,2,5,2000,2000,20772531,2,"ifeval_min30",2,3,2,3,0.05,0,2.60514708817936,0,0,0
1040,2,5,2000,2000,20772531,2,"ifeval_min30",2,3,2,3,0.05,0,2.45132173178717,0,0,0
1041,2,5,2000,2000,20772531,2,"ifeval_min30",2,3,2,3,0.05,2.18469578633085,2.2787003077101,0,0,0
1042,2,5,2000,2000,20772531,2,"ifeval_min30",2,3,2,3,0.05,0,2.31548942904919,0,0,0
1043,2,5,2000,2000,20772531,2,"ifeval_min30",2,3,2,3,0.05,0,2.28447293909267,0,0,0
1044,2,5,2000,2000,20772531,2,"ifeval_min30",2,3,2,3,0.05,0,2.3409753094893,0,0,0
1045,2,5,2000,2000,20772531,2,"ifeval_min30",2,3,2,3,0.05,0,2.82504408969544,0,0,0
1046,2,5,2000,2000,20772531,2,"ifeval_min30",2,3,2,3,0.05,0,2.74209207412787,0,0,0
1047,2,5,2000,2000,20772531,2,"ifeval_min30",2,3,2,3,0.05,0,2.11530153080821,0,0,0
1048,2,5,2000,2000,20772531,2,"ifeval_min30",2,3,2,3,0.05,0,2.15899028419517,0,0,0
1049,2,5,2000,2000,20772531,2,"ifeval_min30",2,3,2,3,0.05,0,2.24456462473609,0,0,0
1050,2,5,2000,2000,20772531,2,"ifeval_min30",2,3,2,3,0.05,0,2.56885514291935,0,0,0
1051,2,5,2000,2000,20772531,2,"ifeval_min30",2,3,2,3,0.05,0,2.61071221553721,0,0,0
1052,2,5,2000,2000,20772531,2,"ifeval_min30",2,3,2,3,0.05,0,2.14865894452669,0,-2.52628069347702,0
1053,2,5,2000,2000,20772531,2,"ifeval_min30",2,3,2,3,0.05,0,2.88850287906826,0,0,0
1054,2,5,2000,2000,20772531,2,"ifeval_min30",2,3,2,3,0.05,0,2.06961175287142,0,0,0
1055,2,5,2000,2000,20772531,2,"ifeval_min30",2,3,2,3,0.05,0,2.81581578333862,0,0,0
1056,2,5,2000,2000,20772531,2,"ifeval_min30",2,3,2,3,0.05,0,2.05500209750608,0,0,0
1057,2,5,2000,2000,20772531,2,"ifeval_min30",2,3,2,3,0.05,0,2.43695714953355,0,0,0
1058,2,5,2000,2000,20772531,2,"ifeval_min30",2,3,2,3,0.05,0,2.43182029994205,0,0,0
1059,2,5,2000,2000,20772531,2,"ifeval_min30",2,3,2,3,0.05,0,2.8044385346584,0,0,0
1060,2,5,2000,2000,20772531,2,"ifeval_min30",2,3,2,3,0.05,0,2.86861801776104,0,0,-2.22260134411044
1061,2,5,2000,2000,20772531,2,"ifeval_min30",2,3,2,3,0.05,0,2.69276482448913,0,0,0
1062,2,5,2000,2000,20772531,2,"ifeval_min30",2,3,2,3,0.05,0,2.71082067047246,0,0,0
1063,2,5,2000,2000,20772531,2,"ifeval_min30",2,3,2,3,0.05,0,2.34497645590454,0,0,0
1064,2,5,2000,2000,20772531,2,"ifeval_min30",2,3,2,3,0.05,0,2.60954256542027,0,0,0
1065,2,5,2000,2000,20772531,2,"ifeval_min30",2,3,2,3,0.05,0,2.72472613863647,0,0,0
1066,2,5,2000,2000,20772531,2,"ifeval_min30",2,3,2,3,0.05,0,2.64552358398214,0,2.21968520642258,-2.22441764222458
1067,2,5,2000,2000,20772531,2,"ifeval_min30",2,3,2,3,0.05,0,2.57749366876669,0,0,0
1068,2,5,2000,2000,20772531,2,"ifeval_min30",2,3,2,3,0.05,0,2.75145164504647,0,0,0
1069,2,5,2000,2000,20772531,2,"ifeval_min30",2,3,2,3,0.05,0,2.09321124665439,0,0,0
1070,2,5,2000,2000,20772531,2,"ifeval_min30",2,3,2,3,0.05,0,2.57226286665536,0,0,0
1071,2,5,2000,2000,20772531,2,"ifeval_min30",2,3,2,3,0.05,0,2.70668879360892,0,0,0
1072,2,5,2000,2000,20772531,2,"ifeval_min30",2,3,2,3,0.05,0,2.02629138785414,0,0,0
1073,2,5,2000,2000,20772531,2,"ifeval_min30",2,3,2,3,0.05,0,2.4217778891325,0,0,0
1074,2,5,2000,2000,20772531,2,"ifeval_min30",2,3,2,3,0.05,0,2.39359989832155,0,0,0
1075,2,5,2000,2000,20772531,2,"ifeval_min30",2,3,2,3,0.05,0,2.77780501171947,0,0,0
1076,2,5,2000,2000,20772531,2,"ifeval_min30",2,3,2,3,0.05,0,2.90803336282261,0,0,0
1077,2,5,2000,2000,20772531,2,"ifeval_min30",2,3,2,3,0.05,0,2.85720547940582,0,0,0
1078,2,5,2000,2000,20772531,2,"ifeval_min30",2,3,2,3,0.05,0,2.31500578299165,0,0,0
1079,2,5,2000,2000,20772531,2,"ifeval_min30",2,3,2,3,0.05,0,2.0445524067618,-2.34492570068687,0,0
1080,2,5,2000,2000,20772531,2,"ifeval_min30",2,3,2,3,0.05,0,2.26044555567205,0,0,0
1081,2,5,2000,2000,20772531,2,"ifeval_min30",2,3,2,3,0.05,0,2.86122315237299,0,0,0
1082,2,5,2000,2000,20772531,2,"ifeval_min30",2,3,2,3,0.05,0,2.64624219504185,0,0,0
1083,2,5,2000,2000,20772531,2,"ifeval_min30",2,3,2,3,0.05,0,2.14131925720721,0,0,0
1084,2,5,2000,2000,20772531,2,"ifeval_min30",2,3,2,3,0.05,0,2.49342683306895,0,0,0
1085,2,5,2000,2000,20772531,2,"ifeval_min30",2,3,2,3,0.05,0,2.20058606262319,0,0,0
1086,2,5,2000,2000,20772531,2,"ifeval_min30",2,3,2,3,0.05,0,2.78026362881064,0,0,0
1087,2,5,2000,2000,20772531,2,"ifeval_min30",2,3,2,3,0.05,0,2.39930332172662,0,0,0
1088,2,5,2000,2000,20772531,2,"ifeval_min30",2,3,2,3,0.05,0,2.59542959206738,0,0,0
1089,2,5,2000,2000,20772531,2,"ifeval_min30",2,3,2,3,0.05,0,2.15739947115071,0,0,0
1090,2,5,2000,2000,20772531,2,"ifeval_min30",2,3,2,3,0.05,0,2.65112280636095,0,0,0
1091,2,5,2000,2000,20772531,2,"ifeval_min30",2,3,2,3,0.05,0,2.03736164513975,0,0,0
1092,2,5,2000,2000,20772531,2,"ifeval_min30",2,3,2,3,0.05,0,2.66531996289268,0,0,0
1093,2,5,2000,2000,20772531,2,"ifeval_min30",2,3,2,3,0.05,0,2.3020961608272,0,0,0
1094,2,5,2000,2000,20772531,2,"ifeval_min30",2,3,2,3,0.05,0,2.69933285471052,0,0,0
1095,2,5,2000,2000,20772531,2,"ifeval_min30",2,3,2,3,0.05,0,2.48206399963237,0,0,0
1096,2,5,2000,2000,20772531,2,"ifeval_min30",2,3,2,3,0.05,0,2.54361445526592,0,0,0
1097,2,5,2000,2000,20772531,2,"ifeval_min30",2,3,2,3,0.05,0,2.02200334751979,0,0,0
1098,2,5,2000,2000,20772531,2,"ifeval_min30",2,3,2,3,0.05,0,2.43791375961155,0,0,0
1099,2,5,2000,2000,20772531,2,"ifeval_min30",2,3,2,3,0.05,0,2.58032633177936,0,0,0
1100,2,5,2000,2000,20772531,2,"ifeval_min30",2,3,2,3,0.05,0,2.39321225788444,0,0,0
1101,2,5,2000,2000,20772531,2,"ifeval_min30",2,3,2,3,0.05,-2.42189014935866,2.91595345875248,0,0,2.01635212730616
1102,2,5,2000,2000,20772531,2,"ifeval_min30",2,3,2,3,0.05,0,2.0828680077102,0,-2.05693273083307,2.37665254459716
1103,2,5,2000,2000,20772531,2,"ifeval_min30",2,3,2,3,0.05,0,2.47289219987579,0,0,0
1104,2,5,2000,2000,20772531,2,"ifeval_min30",2,3,2,3,0.05,0,2.9478458405938,0,0,0
1105,2,5,2000,2000,20772531,2,"ifeval_min30",2,3,2,3,0.05,0,2.4615598518867,0,0,2.45758041134104
1106,2,5,2000,2000,20772531,2,"ifeval_min30",2,3,2,3,0.05,0,2.8340119770728,0,0,0
1107,2,5,2000,2000,20772531,2,"ifeval_min30",2,3,2,3,0.05,0,2.9504799908027,0,0,0
1108,2,5,2000,2000,20772531,2,"ifeval_min30",2,3,2,3,0.05,0,2.28163832961582,0,0,0
1109,2,5,2000,2000,20772531,2,"ifeval_min30",2,3,2,3,0.05,0,2.30615002592094,0,0,-2.12950220680796
1110,2,5,2000,2000,20772531,2,"ifeval_min30",2,3,2,3,0.05,2.01131940935738,2.35043314332142,0,0,0
1111,2,5,2000,2000,20772531,2,"ifeval_min30",2,3,2,3,0.05,0,2.3236839431338,0,0,0
1112,2,5,2000,2000,20772531,2,"ifeval_min30",2,3,2,3,0.05,0,2.14435427100398,0,0,0
1113,2,5,2000,2000,20772531,2,"ifeval_min30",2,3,2,3,0.05,0,2.83121691341512,0,0,0
1114,2,5,2000,2000,20772531,2,"ifeval_min30",2,3,2,3,0.05,0,2.43913326691836,0,0,0
1115,2,5,2000,2000,20772531,2,"ifeval_min30",2,3,2,3,0.05,0,2.37684140517376,0,0,0
1116,2,5,2000,2000,20772531,2,"ifeval_min30",2,3,2,3,0.05,0,2.92612564587034,0,0,0
1117,2,5,2000,2000,20772531,2,"ifeval_min30",2,3,2,3,0.05,0,2.35768119175918,0,0,0
1118,2,5,2000,2000,20772531,2,"ifeval_min30",2,3,2,3,0.05,0,2.02322621410713,0,0,0
1119,2,5,2000,2000,20772531,2,"ifeval_min30",2,3,2,3,0.05,0,2.16913219820708,0,0,0
1120,2,5,2000,2000,20772531,2,"ifeval_min30",2,3,2,3,0.05,0,2.21869859914295,0,0,0
1121,2,5,2000,2000,20772531,2,"ifeval_min30",2,3,2,3,0.05,0,2.36496076313779,0,0,0
1122,2,5,2000,2000,20772531,2,"ifeval_min30",2,3,2,3,0.05,0,2.26256840163842,0,2.76497888285667,0
1123,2,5,2000,2000,20772531,2,"ifeval_min30",2,3,2,3,0.05,0,2.4758924820926,0,0,0
1124,2,5,2000,2000,20772531,2,"ifeval_min30",2,3,2,3,0.05,0,2.99942899192683,0,0,0
1125,2,5,2000,2000,20772531,2,"ifeval_min30",2,3,2,3,0.05,0,2.88066403684206,0,0,0
1126,2,5,2000,2000,20772531,2,"ifeval_min30",2,3,2,3,0.05,0,2.75575506314635,0,0,0
1127,2,5,2000,2000,20772531,2,"ifeval_min30",2,3,2,3,0.05,0,2.51552584208548,0,0,0
1128,2,5,2000,2000,20772531,2,"ifeval_min30",2,3,2,3,0.05,0,2.89827195112593,0,0,0
1129,2,5,2000,2000,20772531,2,"ifeval_min30",2,3,2,3,0.05,0,2.06581318192184,0,0,0
1130,2,5,2000,2000,20772531,2,"ifeval_min30",2,3,2,3,0.05,0,2.39736287039705,0,0,0
1131,2,5,2000,2000,20772531,2,"ifeval_min30",2,3,2,3,0.05,0,2.74571428308263,0,0,2.96478680497967
1132,2,5,2000,2000,20772531,2,"ifeval_min30",2,3,2,3,0.05,0,2.66245304443873,0,0,0
1133,2,5,2000,2000,20772531,2,"ifeval_min30",2,3,2,3,0.05,0,2.56729241018184,0,0,0
1134,2,5,2000,2000,20772531,2,"ifeval_min30",2,3,2,3,0.05,0,2.42956580757163,0,0,0
1135,2,5,2000,2000,20772531,2,"ifeval_min30",2,3,2,3,0.05,0,2.61662197113037,0,0,0
1136,2,5,2000,2000,20772531,2,"ifeval_min30",2,3,2,3,0.05,0,2.83348940243013,0,0,0
1137,2,5,2000,2000,20772531,2,"ifeval_min30",2,3,2,3,0.05,0,2.44655251619406,0,0,0
1138,2,5,2000,2000,20772531,2,"ifeval_min30",2,3,2,3,0.05,0,2.54361858521588,0,-2.97530903480947,0
1139,2,5,2000,2000,20772531,2,"ifeval_min30",2,3,2,3,0.05,0,2.09103719191626,-2.96772329648957,0,0
1140,2,5,2000,2000,20772531,2,"ifeval_min30",2,3,2,3,0.05,0,2.86111752898432,0,0,0
1141,2,5,2000,2000,20772531,2,"ifeval_min30",2,3,2,3,0.05,0,2.39232883625664,0,0,0
1142,2,5,2000,2000,20772531,2,"ifeval_min30",2,3,2,3,0.05,0,2.95789993018843,0,0,0
1143,2,5,2000,2000,20772531,2,"ifeval_min30",2,3,2,3,0.05,0,2.57214336609468,2.56163885467686,0,0
1144,2,5,2000,2000,20772531,2,"ifeval_min30",2,3,2,3,0.05,0,2.10224548703991,0,0,0
1145,2,5,2000,2000,20772531,2,"ifeval_min30",2,3,2,3,0.05,0,2.74037565267645,0,0,0
1146,2,5,2000,2000,20772531,2,"ifeval_min30",2,3,2,3,0.05,0,2.05531103117391,0,0,0
1147,2,5,2000,2000,20772531,2,"ifeval_min30",2,3,2,3,0.05,0,2.39777537644841,0,0,0
1148,2,5,2000,2000,20772531,2,"ifeval_min30",2,3,2,3,0.05,0,2.12644503870979,0,0,0
1149,2,5,2000,2000,20772531,2,"ifeval_min30",2,3,2,3,0.05,0,2.46503832330927,0,0,0
1150,2,5,2000,2000,20772531,2,"ifeval_min30",2,3,2,3,0.05,0,2.69633471639827,2.36208777781576,0,0
1151,2,5,2000,2000,20772531,2,"ifeval_min30",2,3,2,3,0.05,0,2.11407962534577,0,0,0
1152,2,5,2000,2000,20772531,2,"ifeval_min30",2,3,2,3,0.05,0,2.27939833677374,0,0,0
1153,2,5,2000,2000,20772531,2,"ifeval_min30",2,3,2,3,0.05,0,2.34197519696318,0,0,0
1154,2,5,2000,2000,20772531,2,"ifeval_min30",2,3,2,3,0.05,0,2.00178178399801,0,0,0
1155,2,5,2000,2000,20772531,2,"ifeval_min30",2,3,2,3,0.05,0,2.78659069282003,0,0,0
1156,2,5,2000,2000,20772531,2,"ifeval_min30",2,3,2,3,0.05,0,2.37661353917792,0,0,0
1157,2,5,2000,2000,20772531,2,"ifeval_min30",2,3,2,3,0.05,0,2.51435680571012,0,0,0
1158,2,5,2000,2000,20772531,2,"ifeval_min30",2,3,2,3,0.05,0,2.40377850388177,0,0,0
1159,2,5,2000,2000,20772531,2,"ifeval_min30",2,3,2,3,0.05,0,2.63143995217979,0,0,0
1160,2,5,2000,2000,20772531,2,"ifeval_min30",2,3,2,3,0.05,0,2.29386174003594,0,0,0
1161,2,5,2000,2000,20772531,2,"ifeval_min30",2,3,2,3,0.05,0,2.18734831851907,0,0,0
1162,2,5,2000,2000,20772531,2,"ifeval_min30",2,3,2,3,0.05,0,2.8585100742057,0,0,0
1163,2,5,2000,2000,20772531,2,"ifeval_min30",2,3,2,3,0.05,0,2.65527419303544,0,0,0
1164,2,5,2000,2000,20772531,2,"ifeval_min30",2,3,2,3,0.05,0,2.97508836747147,0,0,0
1165,2,5,2000,2000,20772531,2,"ifeval_min30",2,3,2,3,0.05,0,2.81178369512782,0,0,0
1166,2,5,2000,2000,20772531,2,"ifeval_min30",2,3,2,3,0.05,0,2.40572238876484,0,0,0
1167,2,5,2000,2000,20772531,2,"ifeval_min30",2,3,2,3,0.05,0,2.58200592081994,0,0,0
1168,2,5,2000,2000,20772531,2,"ifeval_min30",2,3,2,3,0.05,0,2.03882765700109,2.67723619798198,0,0
1169,2,5,2000,2000,20772531,2,"ifeval_min30",2,3,2,3,0.05,0,2.50635243090801,0,0,0
1170,2,5,2000,2000,20772531,2,"ifeval_min30",2,3,2,3,0.05,0,2.55748084420338,0,0,0
1171,2,5,2000,2000,20772531,2,"ifeval_min30",2,3,2,3,0.05,0,2.22817213344388,0,0,0
1172,2,5,2000,2000,20772531,2,"ifeval_min30",2,3,2,3,0.05,0,2.82065974362195,0,0,0
1173,2,5,2000,2000,20772531,2,"ifeval_min30",2,3,2,3,0.05,0,2.71495559858158,2.91946921520866,0,0
1174,2,5,2000,2000,20772531,2,"ifeval_min30",2,3,2,3,0.05,0,2.58709364407696,0,0,0
1175,2,5,2000,2000,20772531,2,"ifeval_min30",2,3,2,3,0.05,0,2.1928287174087,0,0,2.1879151952453
1176,2,5,2000,2000,20772531,2,"ifeval_min30",2,3,2,3,0.05,0,2.08082669973373,0,0,0
1177,2,5,2000,2000,20772531,2,"ifeval_min30",2,3,2,3,0.05,0,2.7833139479626,0,0,0
1178,2,5,2000,2000,20772531,2,"ifeval_min30",2,3,2,3,0.05,0,2.97247751709074,0,0,0
1179,2,5,2000,2000,20772531,2,"ifeval_min30",2,3,2,3,0.05,0,2.22880110004917,0,0,0
1180,2,5,2000,2000,20772531,2,"ifeval_min30",2,3,2,3,0.05,0,2.50022220355459,0,0,0
1181,2,5,2000,2000,20772531,2,"ifeval_min30",2,3,2,3,0.05,0,2.54012066288851,0,0,-2.02484482503496
1182,2,5,2000,2000,20772531,2,"ifeval_min30",2,3,2,3,0.05,0,2.03707322059199,0,0,0
1183,2,5,2000,2000,20772531,2,"ifeval_min30",2,3,2,3,0.05,0,2.19532244815491,0,0,0
1184,2,5,2000,2000,20772531,2,"ifeval_min30",2,3,2,3,0.05,0,2.41948322183453,0,0,0
1185,2,5,2000,2000,20772531,2,"ifeval_min30",2,3,2,3,0.05,0,2.51745704654604,0,0,0
1186,2,5,2000,2000,20772531,2,"ifeval_min30",2,3,2,3,0.05,0,2.58069223887287,0,0,0
1187,2,5,2000,2000,20772531,2,"ifeval_min30",2,3,2,3,0.05,0,2.53298181877472,0,0,0
1188,2,5,2000,2000,20772531,2,"ifeval_min30",2,3,2,3,0.05,0,2.26652965927497,0,0,0
1189,2,5,2000,2000,20772531,2,"ifeval_min30",2,3,2,3,0.05,0,2.73923275829293,0,0,0
1190,2,5,2000,2000,20772531,2,"ifeval_min30",2,3,2,3,0.05,0,2.14381136838347,0,0,0
1191,2,5,2000,2000,20772531,2,"ifeval_min30",2,3,2,3,0.05,0,2.77797505119815,0,0,0
1192,2,5,2000,2000,20772531,2,"ifeval_min30",2,3,2,3,0.05,0,2.1755267130211,0,0,0
1193,2,5,2000,2000,20772531,2,"ifeval_min30",2,3,2,3,0.05,0,2.50321868411265,0,0,0
1194,2,5,2000,2000,20772531,2,"ifeval_min30",2,3,2,3,0.05,0,2.18303781980649,0,0,0
1195,2,5,2000,2000,20772531,2,"ifeval_min30",2,3,2,3,0.05,0,2.50455761374906,0,0,0
1196,2,5,2000,2000,20772531,2,"ifeval_min30",2,3,2,3,0.05,0,2.18487354577519,0,0,0
1197,2,5,2000,2000,20772531,2,"ifeval_min30",2,3,2,3,0.05,0,2.71303804870695,0,0,0
1198,2,5,2000,2000,20772531,2,"ifeval_min30",2,3,2,3,0.05,0,2.93633707473055,0,0,0
1199,2,5,2000,2000,20772531,2,"ifeval_min30",2,3,2,3,0.05,0,2.6569653598126,0,0,0
1200,2,5,2000,2000,20772531,2,"ifeval_min30",2,3,2,3,0.05,0,2.67099792556837,-2.61632265103981,0,0
1201,2,5,2000,2000,20772531,2,"ifeval_min30",2,3,2,3,0.05,0,2.99593346123584,0,0,0
1202,2,5,2000,2000,20772531,2,"ifeval_min30",2,3,2,3,0.05,0,2.949933859054,0,0,0
1203,2,5,2000,2000,20772531,2,"ifeval_min30",2,3,2,3,0.05,0,2.50682505755685,0,0,0
1204,2,5,2000,2000,20772531,2,"ifeval_min30",2,3,2,3,0.05,0,2.05876397388056,0,2.60514201875776,0
1205,2,5,2000,2000,20772531,2,"ifeval_min30",2,3,2,3,0.05,0,2.58991081849672,0,0,0
1206,2,5,2000,2000,20772531,2,"ifeval_min30",2,3,2,3,0.05,0,2.16837484482676,0,0,0
1207,2,5,2000,2000,20772531,2,"ifeval_min30",2,3,2,3,0.05,0,2.43941846466623,0,0,0
1208,2,5,2000,2000,20772531,2,"ifeval_min30",2,3,2,3,0.05,0,2.20575910434127,0,0,0
1209,2,5,2000,2000,20772531,2,"ifeval_min30",2,3,2,3,0.05,0,2.04569309251383,0,0,0
1210,2,5,2000,2000,20772531,2,"ifeval_min30",2,3,2,3,0.05,0,2.66097875498235,0,0,0
1211,2,5,2000,2000,20772531,2,"ifeval_min30",2,3,2,3,0.05,-2.14531378773972,2.08127133455127,0,0,0
1212,2,5,2000,2000,20772531,2,"ifeval_min30",2,3,2,3,0.05,0,2.61865205829963,0,0,0
1213,2,5,2000,2000,20772531,2,"ifeval_min30",2,3,2,3,0.05,0,2.43088286183774,0,0,0
1214,2,5,2000,2000,20772531,2,"ifeval_min30",2,3,2,3,0.05,0,2.90772245218977,0,0,0
1215,2,5,2000,2000,20772531,2,"ifeval_min30",2,3,2,3,0.05,0,2.63754230202176,0,0,0
1216,2,5,2000,2000,20772531,2,"ifeval_min30",2,3,2,3,0.05,0,2.64491243520752,0,0,0
1217,2,5,2000,2000,20772531,2,"ifeval_min30",2,3,2,3,0.05,0,2.09212662302889,0,0,0
1218,2,5,2000,2000,20772531,2,"ifeval_min30",2,3,2,3,0.05,0,2.40518447826616,0,0,0
1219,2,5,2000,2000,20772531,2,"ifeval_min30",2,3,2,3,0.05,0,2.03995123133063,0,0,-2.18050722009502
1220,2,5,2000,2000,20772531,2,"ifeval_min30",2,3,2,3,0.05,0,2.42414470319636,0,0,0
1221,2,5,2000,2000,20772531,2,"ifeval_min30",2,3,2,3,0.05,0,2.97999119968154,0,0,0
1222,2,5,2000,2000,20772531,2,"ifeval_min30",2,3,2,3,0.05,0,2.68751141848043,0,0,0
1223,2,5,2000,2000,20772531,2,"ifeval_min30",2,3,2,3,0.05,0,2.29520373465493,0,0,0
1224,2,5,2000,2000,20772531,2,"ifeval_min30",2,3,2,3,0.05,0,2.33447509561665,0,0,0
1225,2,5,2000,2000,20772531,2,"ifeval_min30",2,3,2,3,0.05,0,2.92876587971114,0,0,0
1226,2,5,2000,2000,20772531,2,"ifeval_min30",2,3,2,3,0.05,0,2.81734340661205,0,0,0
1227,2,5,2000,2000,20772531,2,"ifeval_min30",2,3,2,3,0.05,0,2.55066972249188,0,0,0
1228,2,5,2000,2000,20772531,2,"ifeval_min30",2,3,2,3,0.05,0,2.80362768354826,0,0,0
1229,2,5,2000,2000,20772531,2,"ifeval_min30",2,3,2,3,0.05,0,2.43800386926159,0,0,0
1230,2,5,2000,2000,20772531,2,"ifeval_min30",2,3,2,3,0.05,0,2.92992564709857,0,0,0
1231,2,5,2000,2000,20772531,2,"ifeval_min30",2,3,2,3,0.05,0,2.15989060769789,0,0,0
1232,2,5,2000,2000,20772531,2,"ifeval_min30",2,3,2,3,0.05,0,2.21336312103085,0,0,0
1233,2,5,2000,2000,20772531,2,"ifeval_min30",2,3,2,3,0.05,-2.05487655568868,2.1889887379948,0,0,0
1234,2,5,2000,2000,20772531,2,"ifeval_min30",2,3,2,3,0.05,2.16501716896892,2.50541244191118,0,0,0
1235,2,5,2000,2000,20772531,2,"ifeval_min30",2,3,2,3,0.05,0,2.44462573481724,0,0,0
1236,2,5,2000,2000,20772531,2,"ifeval_min30",2,3,2,3,0.05,0,2.68326464947313,0,0,0
1237,2,5,2000,2000,20772531,2,"ifeval_min30",2,3,2,3,0.05,0,2.63954308442771,0,0,0
1238,2,5,2000,2000,20772531,2,"ifeval_min30",2,3,2,3,0.05,0,2.94787063030526,0,2.88564036833122,0
1239,2,5,2000,2000,20772531,2,"ifeval_min30",2,3,2,3,0.05,0,2.4906603093259,0,2.80801928159781,0
1240,2,5,2000,2000,20772531,2,"ifeval_min30",2,3,2,3,0.05,0,2.40502266865224,0,0,0
1241,2,5,2000,2000,20772531,2,"ifeval_min30",2,3,2,3,0.05,0,2.53854336286895,0,0,0
1242,2,5,2000,2000,20772531,2,"ifeval_min30",2,3,2,3,0.05,0,2.57278880779631,0,0,0
1243,2,5,2000,2000,20772531,2,"ifeval_min30",2,3,2,3,0.05,0,2.67621897300705,0,0,0
1244,2,5,2000,2000,20772531,2,"ifeval_min30",2,3,2,3,0.05,0,2.97468622331508,0,0,0
1245,2,5,2000,2000,20772531,2,"ifeval_min30",2,3,2,3,0.05,0,2.11237036739476,0,0,0
1246,2,5,2000,2000,20772531,2,"ifeval_min30",2,3,2,3,0.05,0,2.72670389059931,0,0,0
1247,2,5,2000,2000,20772531,2,"ifeval_min30",2,3,2,3,0.05,0,2.97984932432882,-2.31987436371855,0,0
1248,2,5,2000,2000,20772531,2,"ifeval_min30",2,3,2,3,0.05,0,2.05301941558719,0,-2.66801321110688,0
1249,2,5,2000,2000,20772531,2,"ifeval_min30",2,3,2,3,0.05,0,2.44965722854249,0,0,0
1250,2,5,2000,2000,20772531,2,"ifeval_min30",2,3,2,3,0.05,-2.84939547185786,2.90209124190733,0,0,0
1251,2,5,2000,2000,20772531,2,"ifeval_min30",2,3,2,3,0.05,0,2.88032809249125,0,0,0
1252,2,5,2000,2000,20772531,2,"ifeval_min30",2,3,2,3,0.05,0,2.83404184645042,0,0,0
1253,2,5,2000,2000,20772531,2,"ifeval_min30",2,3,2,3,0.05,0,2.31441549770534,0,0,0
1254,2,5,2000,2000,20772531,2,"ifeval_min30",2,3,2,3,0.05,0,2.29598571872339,0,0,2.87283955630846
1255,2,5,2000,2000,20772531,2,"ifeval_min30",2,3,2,3,0.05,0,2.66132144769654,0,0,0
1256,2,5,2000,2000,20772531,2,"ifeval_min30",2,3,2,3,0.05,0,2.64592583710328,0,0,0
1257,2,5,2000,2000,20772531,2,"ifeval_min30",2,3,2,3,0.05,0,2.81877117557451,0,0,0
1258,2,5,2000,2000,20772531,2,"ifeval_min30",2,3,2,3,0.05,0,2.86839047516696,0,0,0
1259,2,5,2000,2000,20772531,2,"ifeval_min30",2,3,2,3,0.05,0,2.05940730753355,0,0,0
1260,2,5,2000,2000,20772531,2,"ifeval_min30",2,3,2,3,0.05,0,2.82297614356503,0,0,0
1261,2,5,2000,2000,20772531,2,"ifeval_min30",2,3,2,3,0.05,-2.29223729413934,2.25558909098618,0,0,0
1262,2,5,2000,2000,20772531,2,"ifeval_min30",2,3,2,3,0.05,0,2.90853230468929,0,0,0
1263,2,5,2000,2000,20772531,2,"ifeval_min30",2,3,2,3,0.05,0,2.85016773082316,0,0,0
1264,2,5,2000,2000,20772531,2,"ifeval_min30",2,3,2,3,0.05,0,2.8308821588289,0,0,0
1265,2,5,2000,2000,20772531,2,"ifeval_min30",2,3,2,3,0.05,0,2.18339861300774,0,0,0
1266,2,5,2000,2000,20772531,2,"ifeval_min30",2,3,2,3,0.05,0,2.79678751761094,0,0,0
1267,2,5,2000,2000,20772531,2,"ifeval_min30",2,3,2,3,0.05,0,2.49321567523293,-2.00489139812998,0,0
1268,2,5,2000,2000,20772531,2,"ifeval_min30",2,3,2,3,0.05,0,2.12351016304456,0,0,0
1269,2,5,2000,2000,20772531,2,"ifeval_min30",2,3,2,3,0.05,0,2.92513936548494,0,0,0
1270,2,5,2000,2000,20772531,2,"ifeval_min30",2,3,2,3,0.05,0,2.67129604634829,0,0,0
1271,2,5,2000,2000,20772531,2,"ifeval_min30",2,3,2,3,0.05,0,2.79341675247997,0,0,0
1272,2,5,2000,2000,20772531,2,"ifeval_min30",2,3,2,3,0.05,0,2.69174023601227,0,0,0
1273,2,5,2000,2000,20772531,2,"ifeval_min30",2,3,2,3,0.05,0,2.00163236469962,0,0,0
1274,2,5,2000,2000,20772531,2,"ifeval_min30",2,3,2,3,0.05,0,2.75189439347014,0,0,0
1275,2,5,2000,2000,20772531,2,"ifeval_min30",2,3,2,3,0.05,0,2.86214833683334,0,0,0
1276,2,5,2000,2000,20772531,2,"ifeval_min30",2,3,2,3,0.05,0,2.15899886307307,0,0,0
1277,2,5,2000,2000,20772531,2,"ifeval_min30",2,3,2,3,0.05,0,2.17537667439319,0,0,0
1278,2,5,2000,2000,20772531,2,"ifeval_min30",2,3,2,3,0.05,0,2.01221737102605,0,0,2.39626087201759
1279,2,5,2000,2000,20772531,2,"ifeval_min30",2,3,2,3,0.05,0,2.29291439289227,0,-2.76466661435552,0
1280,2,5,2000,2000,20772531,2,"ifeval_min30",2,3,2,3,0.05,-2.07121732807718,2.63589787995443,0,0,-2.71613262081519
1281,2,5,2000,2000,20772531,2,"ifeval_min30",2,3,2,3,0.05,0,2.71222473075613,0,0,0
1282,2,5,2000,2000,20772531,2,"ifeval_min30",2,3,2,3,0.05,0,2.3148185047321,0,0,0
1283,2,5,2000,2000,20772531,2,"ifeval_min30",2,3,2,3,0.05,0,2.99081431003287,0,0,0
1284,2,5,2000,2000,20772531,2,"ifeval_min30",2,3,2,3,0.05,0,2.81988738337532,2.26115927938372,0,0
1285,2,5,2000,2000,20772531,2,"ifeval_min30",2,3,2,3,0.05,0,2.90222836006433,0,0,0
1286,2,5,2000,2000,20772531,2,"ifeval_min30",2,3,2,3,0.05,0,2.03751528309658,0,0,0
1287,2,5,2000,2000,20772531,2,"ifeval_min30",2,3,2,3,0.05,0,2.43264655862004,0,0,0
1288,2,5,2000,2000,20772531,2,"ifeval_min30",2,3,2,3,0.05,0,2.62892540125176,0,0,0
1289,2,5,2000,2000,20772531,2,"ifeval_min30",2,3,2,3,0.05,0,2.95990223926492,0,0,0
1290,2,5,2000,2000,20772531,2,"ifeval_min30",2,3,2,3,0.05,0,2.32391835958697,0,0,0
1291,2,5,2000,2000,20772531,2,"ifeval_min30",2,3,2,3,0.05,0,2.58330604596995,0,0,0
1292,2,5,2000,2000,20772531,2,"ifeval_min30",2,3,2,3,0.05,0,2.90441845194437,0,0,0
1293,2,5,2000,2000,20772531,2,"ifeval_min30",2,3,2,3,0.05,0,2.18536058138125,0,2.81514761433937,0
1294,2,5,2000,2000,20772531,2,"ifeval_min30",2,3,2,3,0.05,0,2.23831720231101,0,0,0
1295,2,5,2000,2000,20772531,2,"ifeval_min30",2,3,2,3,0.05,2.15451080724597,2.95696677663364,0,0,0
1296,2,5,2000,2000,20772531,2,"ifeval_min30",2,3,2,3,0.05,0,2.56844794657081,0,0,0
1297,2,5,2000,2000,20772531,2,"ifeval_min30",2,3,2,3,0.05,0,2.81638949597254,0,0,0
1298,2,5,2000,2000,20772531,2,"ifeval_min30",2,3,2,3,0.05,0,2.31305535603315,0,0,0
1299,2,5,2000,2000,20772531,2,"ifeval_min30",2,3,2,3,0.05,2.2127084902022,2.42363128950819,2.75948839774355,0,0
1300,2,5,2000,2000,20772531,2,"ifeval_min30",2,3,2,3,0.05,0,2.99621368618682,0,0,0
1301,2,5,2000,2000,20772531,2,"ifeval_min30",2,3,2,3,0.05,0,2.2091236715205,0,0,2.82229321938939
1302,2,5,2000,2000,20772531,2,"ifeval_min30",2,3,2,3,0.05,0,2.54049784666859,0,0,2.39912430290133
1303,2,5,2000,2000,20772531,2,"ifeval_min30",2,3,2,3,0.05,0,2.20173981157131,0,0,0
1304,2,5,2000,2000,20772531,2,"ifeval_min30",2,3,2,3,0.05,0,2.98461364791729,0,0,0
1305,2,5,2000,2000,20772531,2,"ifeval_min30",2,3,2,3,0.05,0,2.32676624204032,0,-2.99111469020136,0
1306,2,5,2000,2000,20772531,2,"ifeval_min30",2,3,2,3,0.05,0,2.9560266120825,-2.5223132900428,0,0
1307,2,5,2000,2000,20772531,2,"ifeval_min30",2,3,2,3,0.05,0,2.41461569140665,0,0,0
1308,2,5,2000,2000,20772531,2,"ifeval_min30",2,3,2,3,0.05,0,2.50001462479122,0,0,0
1309,2,5,2000,2000,20772531,2,"ifeval_min30",2,3,2,3,0.05,0,2.75900360499509,0,0,0
1310,2,5,2000,2000,20772531,2,"ifeval_min30",2,3,2,3,0.05,0,2.5685417172499,0,0,0
1311,2,5,2000,2000,20772531,2,"ifeval_min30",2,3,2,3,0.05,0,2.93003269308247,0,0,0
1312,2,5,2000,2000,20772531,2,"ifeval_min30",2,3,2,3,0.05,0,2.00327662541531,-2.20936510013416,0,0
1313,2,5,2000,2000,20772531,2,"ifeval_min30",2,3,2,3,0.05,0,2.52002938184887,0,0,0
1314,2,5,2000,2000,20772531,2,"ifeval_min30",2,3,2,3,0.05,0,2.30210365960374,0,0,0
1315,2,5,2000,2000,20772531,2,"ifeval_min30",2,3,2,3,0.05,0,2.90823423769325,0,0,0
1316,2,5,2000,2000,20772531,2,"ifeval_min30",2,3,2,3,0.05,0,2.52185662812553,0,0,0
1317,2,5,2000,2000,20772531,2,"ifeval_min30",2,3,2,3,0.05,0,2.19064773269929,0,0,0
1318,2,5,2000,2000,20772531,2,"ifeval_min30",2,3,2,3,0.05,0,2.92231191019528,0,0,0
1319,2,5,2000,2000,20772531,2,"ifeval_min30",2,3,2,3,0.05,0,2.96799961919896,0,0,0
1320,2,5,2000,2000,20772531,2,"ifeval_min30",2,3,2,3,0.05,0,2.01641295757145,0,0,0
1321,2,5,2000,2000,20772531,2,"ifeval_min30",2,3,2,3,0.05,2.03489766828716,2.62907892698422,0,0,0
1322,2,5,2000,2000,20772531,2,"ifeval_min30",2,3,2,3,0.05,0,2.90993693168275,0,0,0
1323,2,5,2000,2000,20772531,2,"ifeval_min30",2,3,2,3,0.05,0,2.25267032789998,0,0,0
1324,2,5,2000,2000,20772531,2,"ifeval_min30",2,3,2,3,0.05,0,2.36769349896349,0,0,0
1325,2,5,2000,2000,20772531,2,"ifeval_min30",2,3,2,3,0.05,0,2.35092088463716,0,0,0
1326,2,5,2000,2000,20772531,2,"ifeval_min30",2,3,2,3,0.05,0,2.94788835593499,0,2.41744518047199,0
1327,2,5,2000,2000,20772531,2,"ifeval_min30",2,3,2,3,0.05,0,2.35213899449445,0,0,0
1328,2,5,2000,2000,20772531,2,"ifeval_min30",2,3,2,3,0.05,0,2.74538233759813,0,-2.47878368105739,0
1329,2,5,2000,2000,20772531,2,"ifeval_min30",2,3,2,3,0.05,0,2.25423268694431,0,0,0
1330,2,5,2000,2000,20772531,2,"ifeval_min30",2,3,2,3,0.05,0,2.8226347961463,0,0,0
1331,2,5,2000,2000,20772531,2,"ifeval_min30",2,3,2,3,0.05,0,2.44649370620027,0,0,0
1332,2,5,2000,2000,20772531,2,"ifeval_min30",2,3,2,3,0.05,0,2.85166495200247,0,-2.06552358483896,0
1333,2,5,2000,2000,20772531,2,"ifeval_min30",2,3,2,3,0.05,0,2.08697879570536,0,0,0
1334,2,5,2000,2000,20772531,2,"ifeval_min30",2,3,2,3,0.05,0,2.0100135540124,0,0,-2.14181949803606
1335,2,5,2000,2000,20772531,2,"ifeval_min30",2,3,2,3,0.05,0,2.12349057989195,0,0,0
1336,2,5,2000,2000,20772531,2,"ifeval_min30",2,3,2,3,0.05,0,2.70570387435146,0,0,0
1337,2,5,2000,2000,20772531,2,"ifeval_min30",2,3,2,3,0.05,0,2.49496943433769,0,0,0
1338,2,5,2000,2000,20772531,2,"ifeval_min30",2,3,2,3,0.05,-2.56405392568558,2.32727517443709,0,0,0
1339,2,5,2000,2000,20772531,2,"ifeval_min30",2,3,2,3,0.05,0,2.08118694135919,0,0,0
1340,2,5,2000,2000,20772531,2,"ifeval_min30",2,3,2,3,0.05,0,2.46620625909418,0,0,-2.94251063466072
1341,2,5,2000,2000,20772531,2,"ifeval_min30",2,3,2,3,0.05,0,2.05799049907364,0,0,0
1342,2,5,2000,2000,20772531,2,"ifeval_min30",2,3,2,3,0.05,0,2.50308095291257,0,0,0
1343,2,5,2000,2000,20772531,2,"ifeval_min30",2,3,2,3,0.05,2.43624976556748,2.06224912311882,0,0,0
1344,2,5,2000,2000,20772531,2,"ifeval_min30",2,3,2,3,0.05,0,2.34877392696217,0,0,0
1345,2,5,2000,2000,20772531,2,"ifeval_min30",2,3,2,3,0.05,0,2.90180172235705,0,0,0
1346,2,5,2000,2000,20772531,2,"ifeval_min30",2,3,2,3,0.05,0,2.56876553688198,0,0,0
1347,2,5,2000,2000,20772531,2,"ifeval_min30",2,3,2,3,0.05,0,2.75513342977501,0,0,0
1348,2,5,2000,2000,20772531,2,"ifeval_min30",2,3,2,3,0.05,0,2.05237678415142,0,0,0
1349,2,5,2000,2000,20772531,2,"ifeval_min30",2,3,2,3,0.05,0,2.91399141144939,0,0,0
1350,2,5,2000,2000,20772531,2,"ifeval_min30",2,3,2,3,0.05,0,2.07531426707283,0,0,0
1351,2,5,2000,2000,20772531,2,"ifeval_min30",2,3,2,3,0.05,0,2.47390414099209,0,2.18516108393669,0
1352,2,5,2000,2000,20772531,2,"ifeval_min30",2,3,2,3,0.05,0,2.7802987168543,0,0,0
1353,2,5,2000,2000,20772531,2,"ifeval_min30",2,3,2,3,0.05,0,2.81763880280778,0,0,0
1354,2,5,2000,2000,20772531,2,"ifeval_min30",2,3,2,3,0.05,0,2.29143490479328,0,0,0
1355,2,5,2000,2000,20772531,2,"ifeval_min30",2,3,2,3,0.05,0,2.74463723413646,0,0,0
1356,2,5,2000,2000,20772531,2,"ifeval_min30",2,3,2,3,0.05,0,2.06055968231522,0,0,0
1357,2,5,2000,2000,20772531,2,"ifeval_min30",2,3,2,3,0.05,0,2.61054274626076,0,0,0
1358,2,5,2000,2000,20772531,2,"ifeval_min30",2,3,2,3,0.05,0,2.35121880890802,0,0,0
1359,2,5,2000,2000,20772531,2,"ifeval_min30",2,3,2,3,0.05,0,2.04115236899815,0,0,0
1360,2,5,2000,2000,20772531,2,"ifeval_min30",2,3,2,3,0.05,0,2.05802878551185,0,0,2.96219030651264
1361,2,5,2000,2000,20772531,2,"ifeval_min30",2,3,2,3,0.05,0,2.54998494149186,0,0,0
1362,2,5,2000,2000,20772531,2,"ifeval_min30",2,3,2,3,0.05,0,2.87829987262376,0,0,0
1363,2,5,2000,2000,20772531,2,"ifeval_min30",2,3,2,3,0.05,0,2.16755948751234,0,0,0
1364,2,5,2000,2000,20772531,2,"ifeval_min30",2,3,2,3,0.05,0,2.63785536726937,0,0,0
1365,2,5,2000,2000,20772531,2,"ifeval_min30",2,3,2,3,0.05,0,2.93378957593814,0,0,0
1366,2,5,2000,2000,20772531,2,"ifeval_min30",2,3,2,3,0.05,0,2.73525046673603,0,0,0
1367,2,5,2000,2000,20772531,2,"ifeval_min30",2,3,2,3,0.05,0,2.13716670614667,0,0,0
1368,2,5,2000,2000,20772531,2,"ifeval_min30",2,3,2,3,0.05,0,2.14832665491849,0,0,0
1369,2,5,2000,2000,20772531,2,"ifeval_min30",2,3,2,3,0.05,0,2.48439606931061,0,0,0
1370,2,5,2000,2000,20772531,2,"ifeval_min30",2,3,2,3,0.05,0,2.13192657916807,0,0,0
1371,2,5,2000,2000,20772531,2,"ifeval_min30",2,3,2,3,0.05,0,2.4749332035426,0,0,0
1372,2,5,2000,2000,20772531,2,"ifeval_min30",2,3,2,3,0.05,0,2.64513283385895,0,0,0
1373,2,5,2000,2000,20772531,2,"ifeval_min30",2,3,2,3,0.05,0,2.61902980855666,0,0,0
1374,2,5,2000,2000,20772531,2,"ifeval_min30",2,3,2,3,0.05,0,2.88954140199348,0,0,0
1375,2,5,2000,2000,20772531,2,"ifeval_min30",2,3,2,3,0.05,0,2.23342653270811,0,0,0
1376,2,5,2000,2000,20772531,2,"ifeval_min30",2,3,2,3,0.05,0,2.74439733009785,0,0,0
1377,2,5,2000,2000,20772531,2,"ifeval_min30",2,3,2,3,0.05,0,2.32592150382698,0,0,0
1378,2,5,2000,2000,20772531,2,"ifeval_min30",2,3,2,3,0.05,0,2.23638808820397,0,0,0
1379,2,5,2000,2000,20772531,2,"ifeval_min30",2,3,2,3,0.05,0,2.79272900219075,0,0,0
1380,2,5,2000,2000,20772531,2,"ifeval_min30",2,3,2,3,0.05,0,2.64735760935582,0,0,0
1381,2,5,2000,2000,20772531,2,"ifeval_min30",2,3,2,3,0.05,0,2.8932422590442,0,2.17047883593477,2.24541456042789
1382,2,5,2000,2000,20772531,2,"ifeval_min30",2,3,2,3,0.05,0,2.92866660933942,0,0,0
1383,2,5,2000,2000,20772531,2,"ifeval_min30",2,3,2,3,0.05,0,2.14057892328128,0,0,0
1384,2,5,2000,2000,20772531,2,"ifeval_min30",2,3,2,3,0.05,0,2.16141571500339,0,0,0
1385,3,5,2000,2000,20772531,2,"ifeval_min30",2,3,2,3,0.05,0,0,2.0316611751914,0,0
1386,3,5,2000,2000,20772531,2,"ifeval_min30",2,3,2,3,0.05,0,0,2.78394276439212,0,0
1387,3,5,2000,2000,20772531,2,"ifeval_min30",2,3,2,3,0.05,0,0,2.94999162480235,0,0
1388,3,5,2000,2000,20772531,2,"ifeval_min30",2,3,2,3,0.05,0,0,2.63700430630706,-2.95215967786498,0
1389,3,5,2000,2000,20772531,2,"ifeval_min30",2,3,2,3,0.05,0,0,2.03143221791834,0,0
1390,3,5,2000,2000,20772531,2,"ifeval_min30",2,3,2,3,0.05,0,0,2.80385306174867,0,0
1391,3,5,2000,2000,20772531,2,"ifeval_min30",2,3,2,3,0.05,0,0,2.72758529800922,0,0
1392,3,5,2000,2000,20772531,2,"ifeval_min30",2,3,2,3,0.05,2.72639480675571,0,2.94702724460512,0,0
1393,3,5,2000,2000,20772531,2,"ifeval_min30",2,3,2,3,0.05,0,0,2.93898275541142,0,0
1394,3,5,2000,2000,20772531,2,"ifeval_min30",2,3,2,3,0.05,0,0,2.79458293318748,0,0
1395,3,5,2000,2000,20772531,2,"ifeval_min30",2,3,2,3,0.05,0,0,2.83749839127995,0,0
1396,3,5,2000,2000,20772531,2,"ifeval_min30",2,3,2,3,0.05,0,0,2.70745836687274,0,0
1397,3,5,2000,2000,20772531,2,"ifeval_min30",2,3,2,3,0.05,0,0,2.72820711438544,0,0
1398,3,5,2000,2000,20772531,2,"ifeval_min30",2,3,2,3,0.05,0,0,2.42677923012525,0,0
1399,3,5,2000,2000,20772531,2,"ifeval_min30",2,3,2,3,0.05,0,0,2.26353395474143,0,0
1400,3,5,2000,2000,20772531,2,"ifeval_min30",2,3,2,3,0.05,0,0,2.56781051959842,0,0
1401,3,5,2000,2000,20772531,2,"ifeval_min30",2,3,2,3,0.05,0,0,2.25898648542352,2.95600607874803,0
1402,3,5,2000,2000,20772531,2,"ifeval_min30",2,3,2,3,0.05,0,0,2.39554775832221,0,0
1403,3,5,2000,2000,20772531,2,"ifeval_min30",2,3,2,3,0.05,0,0,2.36179814650677,0,0
1404,3,5,2000,2000,20772531,2,"ifeval_min30",2,3,2,3,0.05,0,0,2.40497186314315,0,0
1405,3,5,2000,2000,20772531,2,"ifeval_min30",2,3,2,3,0.05,0,0,2.65746376500465,0,0
1406,3,5,2000,2000,20772531,2,"ifeval_min30",2,3,2,3,0.05,0,-2.10448620771058,2.53428215556778,0,0
1407,3,5,2000,2000,20772531,2,"ifeval_min30",2,3,2,3,0.05,0,0,2.6458763605915,0,0
1408,3,5,2000,2000,20772531,2,"ifeval_min30",2,3,2,3,0.05,0,0,2.4344847635366,0,0
1409,3,5,2000,2000,20772531,2,"ifeval_min30",2,3,2,3,0.05,0,0,2.23195347283036,0,0
1410,3,5,2000,2000,20772531,2,"ifeval_min30",2,3,2,3,0.05,0,0,2.75433652359061,0,0
1411,3,5,2000,2000,20772531,2,"ifeval_min30",2,3,2,3,0.05,0,0,2.43585970206186,0,0
1412,3,5,2000,2000,20772531,2,"ifeval_min30",2,3,2,3,0.05,0,0,2.70037888223305,0,0
1413,3,5,2000,2000,20772531,2,"ifeval_min30",2,3,2,3,0.05,0,0,2.35328542324714,2.17335063847713,0
1414,3,5,2000,2000,20772531,2,"ifeval_min30",2,3,2,3,0.05,0,0,2.40517903049476,0,0
1415,3,5,2000,2000,20772531,2,"ifeval_min30",2,3,2,3,0.05,0,0,2.80961227696389,0,0
1416,3,5,2000,2000,20772531,2,"ifeval_min30",2,3,2,3,0.05,0,0,2.89371425216086,0,0
1417,3,5,2000,2000,20772531,2,"ifeval_min30",2,3,2,3,0.05,0,0,2.78840314107947,0,0
1418,3,5,2000,2000,20772531,2,"ifeval_min30",2,3,2,3,0.05,0,0,2.20090175746009,0,0
1419,3,5,2000,2000,20772531,2,"ifeval_min30",2,3,2,3,0.05,0,0,2.95313784992322,0,0
1420,3,5,2000,2000,20772531,2,"ifeval_min30",2,3,2,3,0.05,0,0,2.86374052823521,0,0
1421,3,5,2000,2000,20772531,2,"ifeval_min30",2,3,2,3,0.05,0,0,2.4988368221093,0,2.29144577309489
1422,3,5,2000,2000,20772531,2,"ifeval_min30",2,3,2,3,0.05,0,0,2.14606995810755,0,0
1423,3,5,2000,2000,20772531,2,"ifeval_min30",2,3,2,3,0.05,0,0,2.43368822289631,0,0
1424,3,5,2000,2000,20772531,2,"ifeval_min30",2,3,2,3,0.05,0,0,2.23614023509435,0,0
1425,3,5,2000,2000,20772531,2,"ifeval_min30",2,3,2,3,0.05,0,0,2.42980873701163,0,0
1426,3,5,2000,2000,20772531,2,"ifeval_min30",2,3,2,3,0.05,0,0,2.85039444710128,0,0
1427,3,5,2000,2000,20772531,2,"ifeval_min30",2,3,2,3,0.05,0,0,2.10600622859783,0,0
1428,3,5,2000,2000,20772531,2,"ifeval_min30",2,3,2,3,0.05,0,0,2.82067077420652,0,0
1429,3,5,2000,2000,20772531,2,"ifeval_min30",2,3,2,3,0.05,2.90286217303947,0,2.49443025118671,0,0
1430,3,5,2000,2000,20772531,2,"ifeval_min30",2,3,2,3,0.05,0,0,2.42749407608062,0,2.73112567258067
1431,3,5,2000,2000,20772531,2,"ifeval_min30",2,3,2,3,0.05,0,0,2.25226270104758,0,0
1432,3,5,2000,2000,20772531,2,"ifeval_min30",2,3,2,3,0.05,0,0,2.18054490606301,0,0
1433,3,5,2000,2000,20772531,2,"ifeval_min30",2,3,2,3,0.05,0,0,2.52350745210424,0,0
1434,3,5,2000,2000,20772531,2,"ifeval_min30",2,3,2,3,0.05,-2.84672134066932,0,2.01753143733367,0,0
1435,3,5,2000,2000,20772531,2,"ifeval_min30",2,3,2,3,0.05,0,0,2.65809524198994,0,0
1436,3,5,2000,2000,20772531,2,"ifeval_min30",2,3,2,3,0.05,0,0,2.43076480086893,0,0
1437,3,5,2000,2000,20772531,2,"ifeval_min30",2,3,2,3,0.05,0,0,2.93355476064608,0,0
1438,3,5,2000,2000,20772531,2,"ifeval_min30",2,3,2,3,0.05,2.88109978241846,0,2.09498891304247,0,0
1439,3,5,2000,2000,20772531,2,"ifeval_min30",2,3,2,3,0.05,0,0,2.49605500069447,0,0
1440,3,5,2000,2000,20772531,2,"ifeval_min30",2,3,2,3,0.05,0,0,2.28772040922195,-2.8191498008091,0
1441,3,5,2000,2000,20772531,2,"ifeval_min30",2,3,2,3,0.05,0,-2.66399774351157,2.54801390343346,0,0
1442,3,5,2000,2000,20772531,2,"ifeval_min30",2,3,2,3,0.05,0,0,2.69502924662083,0,0
1443,3,5,2000,2000,20772531,2,"ifeval_min30",2,3,2,3,0.05,0,0,2.93225866276771,0,0
1444,3,5,2000,2000,20772531,2,"ifeval_min30",2,3,2,3,0.05,0,0,2.96983052976429,0,0
1445,3,5,2000,2000,20772531,2,"ifeval_min30",2,3,2,3,0.05,0,0,2.57483779639006,0,0
1446,3,5,2000,2000,20772531,2,"ifeval_min30",2,3,2,3,0.05,0,0,2.51772787794471,0,0
1447,3,5,2000,2000,20772531,2,"ifeval_min30",2,3,2,3,0.05,0,0,2.44412994594313,0,0
1448,3,5,2000,2000,20772531,2,"ifeval_min30",2,3,2,3,0.05,0,0,2.1724589865189,0,0
1449,3,5,2000,2000,20772531,2,"ifeval_min30",2,3,2,3,0.05,0,0,2.42034784657881,0,0
1450,3,5,2000,2000,20772531,2,"ifeval_min30",2,3,2,3,0.05,0,0,2.88909525051713,0,0
1451,3,5,2000,2000,20772531,2,"ifeval_min30",2,3,2,3,0.05,0,0,2.74891451001167,0,0
1452,3,5,2000,2000,20772531,2,"ifeval_min30",2,3,2,3,0.05,0,0,2.32610763679259,0,0
1453,3,5,2000,2000,20772531,2,"ifeval_min30",2,3,2,3,0.05,0,0,2.86339727789164,0,0
1454,3,5,2000,2000,20772531,2,"ifeval_min30",2,3,2,3,0.05,0,0,2.47813201905228,0,0
1455,3,5,2000,2000,20772531,2,"ifeval_min30",2,3,2,3,0.05,0,0,2.69232895434834,0,0
1456,3,5,2000,2000,20772531,2,"ifeval_min30",2,3,2,3,0.05,0,0,2.33900677901693,0,0
1457,3,5,2000,2000,20772531,2,"ifeval_min30",2,3,2,3,0.05,0,0,2.25313105876558,0,0
1458,3,5,2000,2000,20772531,2,"ifeval_min30",2,3,2,3,0.05,0,0,2.41355188866146,0,0
1459,3,5,2000,2000,20772531,2,"ifeval_min30",2,3,2,3,0.05,0,0,2.36384527245536,0,0
1460,3,5,2000,2000,20772531,2,"ifeval_min30",2,3,2,3,0.05,0,-2.48624555743299,2.88638382055797,0,0
1461,3,5,2000,2000,20772531,2,"ifeval_min30",2,3,2,3,0.05,0,-2.84800614602864,2.5753583216574,0,0
1462,3,5,2000,2000,20772531,2,"ifeval_min30",2,3,2,3,0.05,0,0,2.5475956662558,0,0
1463,3,5,2000,2000,20772531,2,"ifeval_min30",2,3,2,3,0.05,0,0,2.70697590010241,0,0
1464,3,5,2000,2000,20772531,2,"ifeval_min30",2,3,2,3,0.05,0,0,2.60180638311431,0,0
1465,3,5,2000,2000,20772531,2,"ifeval_min30",2,3,2,3,0.05,0,0,2.48931169696152,0,0
1466,3,5,2000,2000,20772531,2,"ifeval_min30",2,3,2,3,0.05,0,0,2.58190597384237,0,0
1467,3,5,2000,2000,20772531,2,"ifeval_min30",2,3,2,3,0.05,0,0,2.79941304284148,0,0
1468,3,5,2000,2000,20772531,2,"ifeval_min30",2,3,2,3,0.05,0,0,2.5881713537965,0,0
1469,3,5,2000,2000,20772531,2,"ifeval_min30",2,3,2,3,0.05,0,0,2.62490096059628,0,0
1470,3,5,2000,2000,20772531,2,"ifeval_min30",2,3,2,3,0.05,0,0,2.73189992690459,0,0
1471,3,5,2000,2000,20772531,2,"ifeval_min30",2,3,2,3,0.05,0,0,2.87571455887519,0,0
1472,3,5,2000,2000,20772531,2,"ifeval_min30",2,3,2,3,0.05,0,0,2.6809438187629,0,0
1473,3,5,2000,2000,20772531,2,"ifeval_min30",2,3,2,3,0.05,0,0,2.92181072710082,0,0
1474,3,5,2000,2000,20772531,2,"ifeval_min30",2,3,2,3,0.05,0,0,2.90869881166145,-2.99759130366147,0
1475,3,5,2000,2000,20772531,2,"ifeval_min30",2,3,2,3,0.05,0,2.34885878465138,2.01747384341434,0,0
1476,3,5,2000,2000,20772531,2,"ifeval_min30",2,3,2,3,0.05,0,0,2.86276439740323,0,0
1477,3,5,2000,2000,20772531,2,"ifeval_min30",2,3,2,3,0.05,-2.71994642051868,-2.13450282998383,2.15128745394759,0,0
1478,3,5,2000,2000,20772531,2,"ifeval_min30",2,3,2,3,0.05,0,0,2.2342622471042,0,0
1479,3,5,2000,2000,20772531,2,"ifeval_min30",2,3,2,3,0.05,2.41661858884618,0,2.04170204815455,0,0
1480,3,5,2000,2000,20772531,2,"ifeval_min30",2,3,2,3,0.05,0,0,2.36196044366807,0,0
1481,3,5,2000,2000,20772531,2,"ifeval_min30",2,3,2,3,0.05,0,0,2.23080800031312,0,0
1482,3,5,2000,2000,20772531,2,"ifeval_min30",2,3,2,3,0.05,0,0,2.30135065875947,0,0
1483,3,5,2000,2000,20772531,2,"ifeval_min30",2,3,2,3,0.05,0,0,2.98259987914935,0,0
1484,3,5,2000,2000,20772531,2,"ifeval_min30",2,3,2,3,0.05,0,0,2.36427375557832,0,0
1485,3,5,2000,2000,20772531,2,"ifeval_min30",2,3,2,3,0.05,0,0,2.73226351104677,0,0
1486,3,5,2000,2000,20772531,2,"ifeval_min30",2,3,2,3,0.05,0,0,2.04999573691748,0,0
1487,3,5,2000,2000,20772531,2,"ifeval_min30",2,3,2,3,0.05,0,0,2.65081279119477,0,0
1488,3,5,2000,2000,20772531,2,"ifeval_min30",2,3,2,3,0.05,0,0,2.05484177288599,0,0
1489,3,5,2000,2000,20772531,2,"ifeval_min30",2,3,2,3,0.05,0,0,2.52130586793646,0,0
1490,3,5,2000,2000,20772531,2,"ifeval_min30",2,3,2,3,0.05,0,0,2.96845647343434,0,0
1491,3,5,2000,2000,20772531,2,"ifeval_min30",2,3,2,3,0.05,0,0,2.95910178916529,0,0
1492,3,5,2000,2000,20772531,2,"ifeval_min30",2,3,2,3,0.05,0,0,2.01816046703607,0,0
1493,3,5,2000,2000,20772531,2,"ifeval_min30",2,3,2,3,0.05,0,0,2.06967353378423,0,0
1494,3,5,2000,2000,20772531,2,"ifeval_min30",2,3,2,3,0.05,0,0,2.38993115327321,0,0
1495,3,5,2000,2000,20772531,2,"ifeval_min30",2,3,2,3,0.05,0,0,2.77279811585322,0,0
1496,3,5,2000,2000,20772531,2,"ifeval_min30",2,3,2,3,0.05,0,0,2.76083924481645,2.47029563784599,0
1497,3,5,2000,2000,20772531,2,"ifeval_min30",2,3,2,3,0.05,0,0,2.69206469831988,0,0
1498,3,5,2000,2000,20772531,2,"ifeval_min30",2,3,2,3,0.05,-2.85959200863726,0,2.79659519367851,0,0
1499,3,5,2000,2000,20772531,2,"ifeval_min30",2,3,2,3,0.05,0,-2.96145960688591,2.58867547754198,0,0
1500,3,5,2000,2000,20772531,2,"ifeval_min30",2,3,2,3,0.05,0,0,2.17143396334723,0,0
1501,3,5,2000,2000,20772531,2,"ifeval_min30",2,3,2,3,0.05,0,0,2.56194397690706,0,0
1502,3,5,2000,2000,20772531,2,"ifeval_min30",2,3,2,3,0.05,0,0,2.15457096579485,0,0
1503,3,5,2000,2000,20772531,2,"ifeval_min30",2,3,2,3,0.05,2.9768315248657,0,2.77061696420424,0,0
1504,3,5,2000,2000,20772531,2,"ifeval_min30",2,3,2,3,0.05,0,0,2.50139511562884,0,0
1505,3,5,2000,2000,20772531,2,"ifeval_min30",2,3,2,3,0.05,0,0,2.78828046401031,0,0
1506,3,5,2000,2000,20772531,2,"ifeval_min30",2,3,2,3,0.05,0,0,2.1274775438942,0,0
1507,3,5,2000,2000,20772531,2,"ifeval_min30",2,3,2,3,0.05,0,0,2.42122696922161,0,0
1508,3,5,2000,2000,20772531,2,"ifeval_min30",2,3,2,3,0.05,0,0,2.09496958157979,0,0
1509,3,5,2000,2000,20772531,2,"ifeval_min30",2,3,2,3,0.05,0,0,2.93969729542732,0,0
1510,3,5,2000,2000,20772531,2,"ifeval_min30",2,3,2,3,0.05,0,0,2.17083899490535,0,0
1511,3,5,2000,2000,20772531,2,"ifeval_min30",2,3,2,3,0.05,0,0,2.70793677004986,0,0
1512,3,5,2000,2000,20772531,2,"ifeval_min30",2,3,2,3,0.05,0,0,2.83556297398172,0,0
1513,3,5,2000,2000,20772531,2,"ifeval_min30",2,3,2,3,0.05,0,-2.84037481900305,2.73030513036065,0,-2.2583028555382
1514,3,5,2000,2000,20772531,2,"ifeval_min30",2,3,2,3,0.05,0,2.38991824886762,2.81724795955233,0,0
1515,3,5,2000,2000,20772531,2,"ifeval_min30",2,3,2,3,0.05,0,0,2.95745057542808,0,0
1516,3,5,2000,2000,20772531,2,"ifeval_min30",2,3,2,3,0.05,0,0,2.46909217396751,0,0
1517,3,5,2000,2000,20772531,2,"ifeval_min30",2,3,2,3,0.05,0,0,2.30722989886999,0,0
1518,3,5,2000,2000,20772531,2,"ifeval_min30",2,3,2,3,0.05,0,0,2.45023618801497,0,0
1519,3,5,2000,2000,20772531,2,"ifeval_min30",2,3,2,3,0.05,0,0,2.95571829099208,0,0
1520,3,5,2000,2000,20772531,2,"ifeval_min30",2,3,2,3,0.05,0,0,2.68038470344618,0,0
1521,3,5,2000,2000,20772531,2,"ifeval_min30",2,3,2,3,0.05,0,0,2.35005677095614,0,0
1522,3,5,2000,2000,20772531,2,"ifeval_min30",2,3,2,3,0.05,0,0,2.98095540306531,0,0
1523,3,5,2000,2000,20772531,2,"ifeval_min30",2,3,2,3,0.05,0,0,2.65657694055699,0,0
1524,3,5,2000,2000,20772531,2,"ifeval_min30",2,3,2,3,0.05,0,0,2.57726464676671,0,0
1525,3,5,2000,2000,20772531,2,"ifeval_min30",2,3,2,3,0.05,0,0,2.65217166207731,0,0
1526,3,5,2000,2000,20772531,2,"ifeval_min30",2,3,2,3,0.05,0,0,2.33320827758871,0,0
1527,3,5,2000,2000,20772531,2,"ifeval_min30",2,3,2,3,0.05,0,0,2.83752019423991,0,0
1528,3,5,2000,2000,20772531,2,"ifeval_min30",2,3,2,3,0.05,0,0,2.12832642835565,0,0
1529,3,5,2000,2000,20772531,2,"ifeval_min30",2,3,2,3,0.05,-2.43553289305419,0,2.80605830578133,0,0
1530,3,5,2000,2000,20772531,2,"ifeval_min30",2,3,2,3,0.05,0,0,2.38685658900067,0,0
1531,3,5,2000,2000,20772531,2,"ifeval_min30",2,3,2,3,0.05,0,0,2.45076768076979,0,0
1532,3,5,2000,2000,20772531,2,"ifeval_min30",2,3,2,3,0.05,0,0,2.02046344638802,0,0
1533,3,5,2000,2000,20772531,2,"ifeval_min30",2,3,2,3,0.05,0,0,2.02301760087721,0,0
1534,3,5,2000,2000,20772531,2,"ifeval_min30",2,3,2,3,0.05,0,0,2.68173982575536,0,-2.40800232882611
1535,3,5,2000,2000,20772531,2,"ifeval_min30",2,3,2,3,0.05,0,0,2.71702952100895,0,0
1536,3,5,2000,2000,20772531,2,"ifeval_min30",2,3,2,3,0.05,0,0,2.82639310276136,0,0
1537,3,5,2000,2000,20772531,2,"ifeval_min30",2,3,2,3,0.05,0,0,2.86558008613065,0,0
1538,3,5,2000,2000,20772531,2,"ifeval_min30",2,3,2,3,0.05,0,0,2.76188725489192,0,0
1539,3,5,2000,2000,20772531,2,"ifeval_min30",2,3,2,3,0.05,0,0,2.85145050799474,0,0
1540,3,5,2000,2000,20772531,2,"ifeval_min30",2,3,2,3,0.05,0,0,2.18432381539606,0,-2.55072903679684
1541,3,5,2000,2000,20772531,2,"ifeval_min30",2,3,2,3,0.05,0,0,2.79634586209431,0,0
1542,3,5,2000,2000,20772531,2,"ifeval_min30",2,3,2,3,0.05,0,0,2.635525632184,0,0
1543,3,5,2000,2000,20772531,2,"ifeval_min30",2,3,2,3,0.05,-2.50029163691215,0,2.10285400878638,0,0
1544,3,5,2000,2000,20772531,2,"ifeval_min30",2,3,2,3,0.05,0,0,2.92109373537824,0,0
1545,3,5,2000,2000,20772531,2,"ifeval_min30",2,3,2,3,0.05,0,0,2.41765134455636,0,0
1546,3,5,2000,2000,20772531,2,"ifeval_min30",2,3,2,3,0.05,0,0,2.52133233565837,0,0
1547,3,5,2000,2000,20772531,2,"ifeval_min30",2,3,2,3,0.05,0,0,2.01649527065456,0,0
1548,3,5,2000,2000,20772531,2,"ifeval_min30",2,3,2,3,0.05,0,0,2.40550956595689,0,0
1549,3,5,2000,2000,20772531,2,"ifeval_min30",2,3,2,3,0.05,0,0,2.52498630294576,0,0
1550,3,5,2000,2000,20772531,2,"ifeval_min30",2,3,2,3,0.05,0,0,2.08072890574113,0,0
1551,3,5,2000,2000,20772531,2,"ifeval_min30",2,3,2,3,0.05,0,0,2.72160588414408,0,0
1552,3,5,2000,2000,20772531,2,"ifeval_min30",2,3,2,3,0.05,0,0,2.88173141819425,0,-2.68951094849035
1553,3,5,2000,2000,20772531,2,"ifeval_min30",2,3,2,3,0.05,0,0,2.09376832190901,0,0
1554,3,5,2000,2000,20772531,2,"ifeval_min30",2,3,2,3,0.05,0,0,2.75953236268833,0,0
1555,3,5,2000,2000,20772531,2,"ifeval_min30",2,3,2,3,0.05,-2.90512569714338,0,2.92406122526154,0,0
1556,3,5,2000,2000,20772531,2,"ifeval_min30",2,3,2,3,0.05,0,0,2.00062905740924,0,0
1557,3,5,2000,2000,20772531,2,"ifeval_min30",2,3,2,3,0.05,0,-2.51656128466129,2.06389289279468,0,0
1558,3,5,2000,2000,20772531,2,"ifeval_min30",2,3,2,3,0.05,0,0,2.14362995000556,0,-2.44796257908456
1559,3,5,2000,2000,20772531,2,"ifeval_min30",2,3,2,3,0.05,0,0,2.3616976630874,0,2.64934553508647
1560,3,5,2000,2000,20772531,2,"ifeval_min30",2,3,2,3,0.05,0,2.81955763907172,2.18693665694445,0,0
1561,3,5,2000,2000,20772531,2,"ifeval_min30",2,3,2,3,0.05,0,0,2.83809398417361,0,0
1562,3,5,2000,2000,20772531,2,"ifeval_min30",2,3,2,3,0.05,0,0,2.80482875858434,0,0
1563,3,5,2000,2000,20772531,2,"ifeval_min30",2,3,2,3,0.05,0,0,2.07366426847875,0,0
1564,3,5,2000,2000,20772531,2,"ifeval_min30",2,3,2,3,0.05,0,0,2.47848113300279,0,0
1565,3,5,2000,2000,20772531,2,"ifeval_min30",2,3,2,3,0.05,0,0,2.78139277780429,0,0
1566,3,5,2000,2000,20772531,2,"ifeval_min30",2,3,2,3,0.05,0,0,2.75516347191297,0,0
1567,3,5,2000,2000,20772531,2,"ifeval_min30",2,3,2,3,0.05,0,0,2.28389878454618,0,0
1568,3,5,2000,2000,20772531,2,"ifeval_min30",2,3,2,3,0.05,0,0,2.4439053973183,0,0
1569,3,5,2000,2000,20772531,2,"ifeval_min30",2,3,2,3,0.05,0,0,2.23244372219779,0,0
1570,3,5,2000,2000,20772531,2,"ifeval_min30",2,3,2,3,0.05,0,0,2.69999948120676,0,0
1571,3,5,2000,2000,20772531,2,"ifeval_min30",2,3,2,3,0.05,0,0,2.07914175093174,2.80018389248289,0
1572,3,5,2000,2000,20772531,2,"ifeval_min30",2,3,2,3,0.05,0,0,2.15162814524956,0,0
1573,3,5,2000,2000,20772531,2,"ifeval_min30",2,3,2,3,0.05,0,0,2.80537182977423,0,0
1574,3,5,2000,2000,20772531,2,"ifeval_min30",2,3,2,3,0.05,0,0,2.09446065779775,0,0
1575,3,5,2000,2000,20772531,2,"ifeval_min30",2,3,2,3,0.05,0,0,2.48621258768253,0,0
1576,3,5,2000,2000,20772531,2,"ifeval_min30",2,3,2,3,0.05,0,0,2.88301119813696,0,0
1577,3,5,2000,2000,20772531,2,"ifeval_min30",2,3,2,3,0.05,0,0,2.94432812021114,0,0
1578,3,5,2000,2000,20772531,2,"ifeval_min30",2,3,2,3,0.05,0,0,2.67901898431592,0,0
1579,3,5,2000,2000,20772531,2,"ifeval_min30",2,3,2,3,0.05,0,0,2.67488205642439,0,0
1580,3,5,2000,2000,20772531,2,"ifeval_min30",2,3,2,3,0.05,0,0,2.84679200686514,0,0
1581,3,5,2000,2000,20772531,2,"ifeval_min30",2,3,2,3,0.05,0,0,2.50241876230575,0,0
1582,3,5,2000,2000,20772531,2,"ifeval_min30",2,3,2,3,0.05,0,0,2.82167351082899,0,0
1583,3,5,2000,2000,20772531,2,"ifeval_min30",2,3,2,3,0.05,0,0,2.27971544628963,0,0
1584,3,5,2000,2000,20772531,2,"ifeval_min30",2,3,2,3,0.05,0,0,2.86904576024972,0,0
1585,3,5,2000,2000,20772531,2,"ifeval_min30",2,3,2,3,0.05,0,0,2.16923137335107,2.61974368849769,0
1586,3,5,2000,2000,20772531,2,"ifeval_min30",2,3,2,3,0.05,0,0,2.74693159060553,0,0
1587,3,5,2000,2000,20772531,2,"ifeval_min30",2,3,2,3,0.05,0,0,2.8380455377046,0,0
1588,3,5,2000,2000,20772531,2,"ifeval_min30",2,3,2,3,0.05,0,0,2.2772606164217,0,0
1589,3,5,2000,2000,20772531,2,"ifeval_min30",2,3,2,3,0.05,0,2.22917477181181,2.84988642693497,0,0
1590,3,5,2000,2000,20772531,2,"ifeval_min30",2,3,2,3,0.05,0,0,2.63551476621069,0,0
1591,3,5,2000,2000,20772531,2,"ifeval_min30",2,3,2,3,0.05,0,0,2.37750309566036,0,0
1592,3,5,2000,2000,20772531,2,"ifeval_min30",2,3,2,3,0.05,0,0,2.70528745860793,2.07422742177732,0
1593,3,5,2000,2000,20772531,2,"ifeval_min30",2,3,2,3,0.05,0,0,2.24602945940569,0,0
1594,3,5,2000,2000,20772531,2,"ifeval_min30",2,3,2,3,0.05,0,0,2.5521593876183,0,0
1595,3,5,2000,2000,20772531,2,"ifeval_min30",2,3,2,3,0.05,0,0,2.71288460795768,0,0
1596,3,5,2000,2000,20772531,2,"ifeval_min30",2,3,2,3,0.05,0,0,2.87785665458068,0,0
1597,3,5,2000,2000,20772531,2,"ifeval_min30",2,3,2,3,0.05,0,0,2.35630186484195,0,0
1598,3,5,2000,2000,20772531,2,"ifeval_min30",2,3,2,3,0.05,0,0,2.24259034893475,0,0
1599,3,5,2000,2000,20772531,2,"ifeval_min30",2,3,2,3,0.05,-2.19131430634297,0,2.57420968730003,0,0
1600,3,5,2000,2000,20772531,2,"ifeval_min30",2,3,2,3,0.05,0,0,2.86247210926376,0,0
1601,3,5,2000,2000,20772531,2,"ifeval_min30",2,3,2,3,0.05,0,0,2.73044296633452,0,0
1602,3,5,2000,2000,20772531,2,"ifeval_min30",2,3,2,3,0.05,0,0,2.35827627289109,0,0
1603,3,5,2000,2000,20772531,2,"ifeval_min30",2,3,2,3,0.05,0,0,2.08429215173237,0,0
1604,3,5,2000,2000,20772531,2,"ifeval_min30",2,3,2,3,0.05,0,0,2.89712409861386,0,0
1605,3,5,2000,2000,20772531,2,"ifeval_min30",2,3,2,3,0.05,0,0,2.52704630233347,0,0
1606,3,5,2000,2000,20772531,2,"ifeval_min30",2,3,2,3,0.05,2.83800976769999,0,2.81077173817903,0,2.12270889850333
1607,3,5,2000,2000,20772531,2,"ifeval_min30",2,3,2,3,0.05,0,0,2.14174346998334,0,-2.00387447397225
1608,3,5,2000,2000,20772531,2,"ifeval_min30",2,3,2,3,0.05,0,0,2.55706294160336,0,0
1609,3,5,2000,2000,20772531,2,"ifeval_min30",2,3,2,3,0.05,0,0,2.0948668255005,0,0
1610,3,5,2000,2000,20772531,2,"ifeval_min30",2,3,2,3,0.05,0,0,2.12958685145713,0,0
1611,3,5,2000,2000,20772531,2,"ifeval_min30",2,3,2,3,0.05,0,0,2.23122222092934,0,0
1612,3,5,2000,2000,20772531,2,"ifeval_min30",2,3,2,3,0.05,0,0,2.97973932186142,0,0
1613,3,5,2000,2000,20772531,2,"ifeval_min30",2,3,2,3,0.05,0,0,2.37904912652448,0,0
1614,3,5,2000,2000,20772531,2,"ifeval_min30",2,3,2,3,0.05,0,0,2.96032227715477,0,0
1615,3,5,2000,2000,20772531,2,"ifeval_min30",2,3,2,3,0.05,0,0,2.24542639637366,0,0
1616,3,5,2000,2000,20772531,2,"ifeval_min30",2,3,2,3,0.05,0,0,2.98747044266202,0,0
1617,3,5,2000,2000,20772531,2,"ifeval_min30",2,3,2,3,0.05,0,0,2.60217519570142,0,0
1618,3,5,2000,2000,20772531,2,"ifeval_min30",2,3,2,3,0.05,0,0,2.02567863417789,0,0
1619,3,5,2000,2000,20772531,2,"ifeval_min30",2,3,2,3,0.05,0,0,2.91938488930464,0,0
1620,3,5,2000,2000,20772531,2,"ifeval_min30",2,3,2,3,0.05,0,-2.30086101242341,2.43003908568062,0,0
1621,3,5,2000,2000,20772531,2,"ifeval_min30",2,3,2,3,0.05,0,0,2.62779371859506,0,0
1622,3,5,2000,2000,20772531,2,"ifeval_min30",2,3,2,3,0.05,0,0,2.65655067795888,0,0
1623,3,5,2000,2000,20772531,2,"ifeval_min30",2,3,2,3,0.05,0,2.24742996087298,2.62392108817585,0,0
1624,3,5,2000,2000,20772531,2,"ifeval_min30",2,3,2,3,0.05,0,0,2.68321294966154,0,0
1625,3,5,2000,2000,20772531,2,"ifeval_min30",2,3,2,3,0.05,0,0,2.33850701991469,0,0
1626,3,5,2000,2000,20772531,2,"ifeval_min30",2,3,2,3,0.05,0,0,2.15621460950933,0,0
1627,3,5,2000,2000,20772531,2,"ifeval_min30",2,3,2,3,0.05,0,0,2.20562238618731,0,0
1628,3,5,2000,2000,20772531,2,"ifeval_min30",2,3,2,3,0.05,-2.98923533642665,0,2.80908981570974,0,0
1629,3,5,2000,2000,20772531,2,"ifeval_min30",2,3,2,3,0.05,0,0,2.8762213641312,-2.09538471279666,0
1630,3,5,2000,2000,20772531,2,"ifeval_min30",2,3,2,3,0.05,0,0,2.22693615499884,0,0
1631,3,5,2000,2000,20772531,2,"ifeval_min30",2,3,2,3,0.05,-2.46957226283848,0,2.26971372100525,0,0
1632,3,5,2000,2000,20772531,2,"ifeval_min30",2,3,2,3,0.05,0,0,2.13011647225358,0,0
1633,3,5,2000,2000,20772531,2,"ifeval_min30",2,3,2,3,0.05,0,0,2.38707358483225,0,0
1634,3,5,2000,2000,20772531,2,"ifeval_min30",2,3,2,3,0.05,0,0,2.65183857409284,0,0
1635,3,5,2000,2000,20772531,2,"ifeval_min30",2,3,2,3,0.05,0,0,2.55241407477297,0,0
1636,3,5,2000,2000,20772531,2,"ifeval_min30",2,3,2,3,0.05,0,0,2.629264742136,0,0
1637,3,5,2000,2000,20772531,2,"ifeval_min30",2,3,2,3,0.05,0,0,2.79048269451596,0,0
1638,3,5,2000,2000,20772531,2,"ifeval_min30",2,3,2,3,0.05,0,0,2.19634519377723,0,0
1639,3,5,2000,2000,20772531,2,"ifeval_min30",2,3,2,3,0.05,0,0,2.21918145776726,0,0
1640,3,5,2000,2000,20772531,2,"ifeval_min30",2,3,2,3,0.05,0,0,2.13066069874913,0,0
1641,3,5,2000,2000,20772531,2,"ifeval_min30",2,3,2,3,0.05,0,0,2.60202706023119,0,0
1642,3,5,2000,2000,20772531,2,"ifeval_min30",2,3,2,3,0.05,0,0,2.35933124111034,0,0
1643,3,5,2000,2000,20772531,2,"ifeval_min30",2,3,2,3,0.05,0,0,2.35740111605264,0,0
1644,3,5,2000,2000,20772531,2,"ifeval_min30",2,3,2,3,0.05,0,0,2.81720458040945,0,0
1645,3,5,2000,2000,20772531,2,"ifeval_min30",2,3,2,3,0.05,-2.81337756849825,0,2.15844272286631,0,0
1646,3,5,2000,2000,20772531,2,"ifeval_min30",2,3,2,3,0.05,2.06031691539101,0,2.93787006358616,0,0
1647,3,5,2000,2000,20772531,2,"ifeval_min30",2,3,2,3,0.05,0,0,2.36990603897721,0,0
1648,3,5,2000,2000,20772531,2,"ifeval_min30",2,3,2,3,0.05,0,0,2.62164193904027,0,0
1649,3,5,2000,2000,20772531,2,"ifeval_min30",2,3,2,3,0.05,2.57915297825821,0,2.50859272968955,0,-2.37015508743934
1650,3,5,2000,2000,20772531,2,"ifeval_min30",2,3,2,3,0.05,0,0,2.17161721875891,0,0
1651,4,5,2000,2000,20772531,2,"ifeval_min30",2,3,2,3,0.05,0,0,0,2.49148107226938,0
1652,4,5,2000,2000,20772531,2,"ifeval_min30",2,3,2,3,0.05,0,2.52489745430648,0,2.54750995687209,0
1653,4,5,2000,2000,20772531,2,"ifeval_min30",2,3,2,3,0.05,0,0,0,2.96472930605523,0
1654,4,5,2000,2000,20772531,2,"ifeval_min30",2,3,2,3,0.05,0,0,0,2.34503874112852,0
1655,4,5,2000,2000,20772531,2,"ifeval_min30",2,3,2,3,0.05,0,0,0,2.60266602272168,0
1656,4,5,2000,2000,20772531,2,"ifeval_min30",2,3,2,3,0.05,0,0,0,2.04797823750414,0
1657,4,5,2000,2000,20772531,2,"ifeval_min30",2,3,2,3,0.05,0,0,0,2.70927547803149,0
1658,4,5,2000,2000,20772531,2,"ifeval_min30",2,3,2,3,0.05,0,0,0,2.29299680143595,0
1659,4,5,2000,2000,20772531,2,"ifeval_min30",2,3,2,3,0.05,0,0,0,2.44766243640333,0
1660,4,5,2000,2000,20772531,2,"ifeval_min30",2,3,2,3,0.05,0,0,0,2.21602486236952,0
1661,4,5,2000,2000,20772531,2,"ifeval_min30",2,3,2,3,0.05,0,0,0,2.74852877436206,0
1662,4,5,2000,2000,20772531,2,"ifeval_min30",2,3,2,3,0.05,-2.081367517123,0,0,2.5496074904222,0
1663,4,5,2000,2000,20772531,2,"ifeval_min30",2,3,2,3,0.05,0,-2.87227098434232,0,2.33437837241217,0
1664,4,5,2000,2000,20772531,2,"ifeval_min30",2,3,2,3,0.05,0,0,0,2.84761800593697,0
1665,4,5,2000,2000,20772531,2,"ifeval_min30",2,3,2,3,0.05,0,0,0,2.17806480755098,0
1666,4,5,2000,2000,20772531,2,"ifeval_min30",2,3,2,3,0.05,0,0,0,2.44586231885478,0
1667,4,5,2000,2000,20772531,2,"ifeval_min30",2,3,2,3,0.05,0,0,0,2.04666662914678,0
1668,4,5,2000,2000,20772531,2,"ifeval_min30",2,3,2,3,0.05,0,0,0,2.96060535637662,0
1669,4,5,2000,2000,20772531,2,"ifeval_min30",2,3,2,3,0.05,0,0,0,2.88202633988112,0
1670,4,5,2000,2000,20772531,2,"ifeval_min30",2,3,2,3,0.05,2.2885604891926,0,0,2.98541366448626,0
1671,4,5,2000,2000,20772531,2,"ifeval_min30",2,3,2,3,0.05,0,0,0,2.58274914440699,0
1672,4,5,2000,2000,20772531,2,"ifeval_min30",2,3,2,3,0.05,0,0,0,2.15125854383223,0
1673,4,5,2000,2000,20772531,2,"ifeval_min30",2,3,2,3,0.05,0,0,0,2.06942336447537,0
1674,4,5,2000,2000,20772531,2,"ifeval_min30",2,3,2,3,0.05,0,0,0,2.92105456534773,0
1675,4,5,2000,2000,20772531,2,"ifeval_min30",2,3,2,3,0.05,0,0,0,2.31141935079359,0
1676,4,5,2000,2000,20772531,2,"ifeval_min30",2,3,2,3,0.05,-2.92016591993161,0,0,2.12114356108941,0
1677,4,5,2000,2000,20772531,2,"ifeval_min30",2,3,2,3,0.05,0,0,0,2.23164205322973,0
1678,4,5,2000,2000,20772531,2,"ifeval_min30",2,3,2,3,0.05,0,0,0,2.47707013762556,0
1679,4,5,2000,2000,20772531,2,"ifeval_min30",2,3,2,3,0.05,0,0,0,2.30064665945247,0
1680,4,5,2000,2000,20772531,2,"ifeval_min30",2,3,2,3,0.05,0,0,0,2.1163121892605,0
1681,4,5,2000,2000,20772531,2,"ifeval_min30",2,3,2,3,0.05,0,0,0,2.86721763829701,0
1682,4,5,2000,2000,20772531,2,"ifeval_min30",2,3,2,3,0.05,0,0,0,2.66192263923585,0
1683,4,5,2000,2000,20772531,2,"ifeval_min30",2,3,2,3,0.05,0,0,0,2.94880466721952,0
1684,4,5,2000,2000,20772531,2,"ifeval_min30",2,3,2,3,0.05,0,0,0,2.36031098221429,0
1685,4,5,2000,2000,20772531,2,"ifeval_min30",2,3,2,3,0.05,0,2.09475588961504,0,2.69290819508024,0
1686,4,5,2000,2000,20772531,2,"ifeval_min30",2,3,2,3,0.05,0,0,0,2.49757233052514,0
1687,4,5,2000,2000,20772531,2,"ifeval_min30",2,3,2,3,0.05,0,0,0,2.80220945808105,0
1688,4,5,2000,2000,20772531,2,"ifeval_min30",2,3,2,3,0.05,0,0,0,2.14981616055593,0
1689,4,5,2000,2000,20772531,2,"ifeval_min30",2,3,2,3,0.05,0,0,0,2.60057455673814,0
1690,4,5,2000,2000,20772531,2,"ifeval_min30",2,3,2,3,0.05,0,0,0,2.78313670028001,0
1691,4,5,2000,2000,20772531,2,"ifeval_min30",2,3,2,3,0.05,0,0,0,2.54582717781886,0
1692,4,5,2000,2000,20772531,2,"ifeval_min30",2,3,2,3,0.05,0,0,0,2.41344708995894,0
1693,4,5,2000,2000,20772531,2,"ifeval_min30",2,3,2,3,0.05,0,0,2.8988001679536,2.8736922047101,0
1694,4,5,2000,2000,20772531,2,"ifeval_min30",2,3,2,3,0.05,0,0,0,2.30855539138429,0
1695,4,5,2000,2000,20772531,2,"ifeval_min30",2,3,2,3,0.05,0,0,0,2.40586321055889,0
1696,4,5,2000,2000,20772531,2,"ifeval_min30",2,3,2,3,0.05,0,0,0,2.57379264431074,0
1697,4,5,2000,2000,20772531,2,"ifeval_min30",2,3,2,3,0.05,0,0,0,2.26582701224834,0
1698,4,5,2000,2000,20772531,2,"ifeval_min30",2,3,2,3,0.05,0,0,0,2.79353743698448,0
1699,4,5,2000,2000,20772531,2,"ifeval_min30",2,3,2,3,0.05,0,0,0,2.54212348116562,0
1700,4,5,2000,2000,20772531,2,"ifeval_min30",2,3,2,3,0.05,-2.82870765263215,0,0,2.05050258291885,0
1701,4,5,2000,2000,20772531,2,"ifeval_min30",2,3,2,3,0.05,0,0,0,2.92980401753448,0
1702,4,5,2000,2000,20772531,2,"ifeval_min30",2,3,2,3,0.05,0,0,2.64072412950918,2.12842875602655,0
1703,4,5,2000,2000,20772531,2,"ifeval_min30",2,3,2,3,0.05,0,0,0,2.81797844870016,0
1704,4,5,2000,2000,20772531,2,"ifeval_min30",2,3,2,3,0.05,0,0,0,2.40754129947163,0
1705,4,5,2000,2000,20772531,2,"ifeval_min30",2,3,2,3,0.05,0,0,0,2.63285557809286,0
1706,4,5,2000,2000,20772531,2,"ifeval_min30",2,3,2,3,0.05,0,0,0,2.27627881406806,0
1707,4,5,2000,2000,20772531,2,"ifeval_min30",2,3,2,3,0.05,0,-2.16066344222054,2.14132649707608,2.53047406929545,0
1708,4,5,2000,2000,20772531,2,"ifeval_min30",2,3,2,3,0.05,0,2.94314776710235,0,2.97584270942025,0
1709,4,5,2000,2000,20772531,2,"ifeval_min30",2,3,2,3,0.05,0,0,2.92845372483134,2.01987365097739,0
1710,4,5,2000,2000,20772531,2,"ifeval_min30",2,3,2,3,0.05,0,0,0,2.94627494201995,0
1711,4,5,2000,2000,20772531,2,"ifeval_min30",2,3,2,3,0.05,0,0,0,2.0364905137103,0
1712,4,5,2000,2000,20772531,2,"ifeval_min30",2,3,2,3,0.05,0,0,0,2.17701566196047,0
1713,4,5,2000,2000,20772531,2,"ifeval_min30",2,3,2,3,0.05,0,0,0,2.20616223313846,0
1714,4,5,2000,2000,20772531,2,"ifeval_min30",2,3,2,3,0.05,0,2.09618932637386,0,2.69250577013008,0
1715,4,5,2000,2000,20772531,2,"ifeval_min30",2,3,2,3,0.05,0,0,0,2.76447818498127,0
1716,4,5,2000,2000,20772531,2,"ifeval_min30",2,3,2,3,0.05,0,0,0,2.08552887826227,0
1717,4,5,2000,2000,20772531,2,"ifeval_min30",2,3,2,3,0.05,0,0,0,2.31504499004222,0
1718,4,5,2000,2000,20772531,2,"ifeval_min30",2,3,2,3,0.05,0,0,0,2.35129420203157,0
1719,4,5,2000,2000,20772531,2,"ifeval_min30",2,3,2,3,0.05,0,0,2.10046572005376,2.85108307213522,0
1720,4,5,2000,2000,20772531,2,"ifeval_min30",2,3,2,3,0.05,0,0,0,2.31782288826071,0
1721,4,5,2000,2000,20772531,2,"ifeval_min30",2,3,2,3,0.05,0,0,0,2.26855179318227,0
1722,4,5,2000,2000,20772531,2,"ifeval_min30",2,3,2,3,0.05,0,0,0,2.49195226537995,0
1723,4,5,2000,2000,20772531,2,"ifeval_min30",2,3,2,3,0.05,0,0,0,2.19209993095137,0
1724,4,5,2000,2000,20772531,2,"ifeval_min30",2,3,2,3,0.05,0,0,0,2.16335184848867,0
1725,4,5,2000,2000,20772531,2,"ifeval_min30",2,3,2,3,0.05,0,0,0,2.15356323239394,0
1726,4,5,2000,2000,20772531,2,"ifeval_min30",2,3,2,3,0.05,0,0,0,2.04451999394223,0
1727,4,5,2000,2000,20772531,2,"ifeval_min30",2,3,2,3,0.05,0,0,0,2.07424437487498,0
1728,4,5,2000,2000,20772531,2,"ifeval_min30",2,3,2,3,0.05,0,0,0,2.47731799329631,0
1729,4,5,2000,2000,20772531,2,"ifeval_min30",2,3,2,3,0.05,0,0,0,2.22720487625338,0
1730,4,5,2000,2000,20772531,2,"ifeval_min30",2,3,2,3,0.05,2.53931226441637,0,0,2.66906677256338,0
1731,4,5,2000,2000,20772531,2,"ifeval_min30",2,3,2,3,0.05,0,0,0,2.25005314568989,0
1732,4,5,2000,2000,20772531,2,"ifeval_min30",2,3,2,3,0.05,0,0,0,2.07891967054456,0
1733,4,5,2000,2000,20772531,2,"ifeval_min30",2,3,2,3,0.05,0,0,0,2.88992120372131,0
1734,4,5,2000,2000,20772531,2,"ifeval_min30",2,3,2,3,0.05,0,0,0,2.17531126481481,0
1735,4,5,2000,2000,20772531,2,"ifeval_min30",2,3,2,3,0.05,0,0,0,2.78466197988018,0
1736,4,5,2000,2000,20772531,2,"ifeval_min30",2,3,2,3,0.05,0,0,0,2.26761006051674,0
1737,4,5,2000,2000,20772531,2,"ifeval_min30",2,3,2,3,0.05,0,0,0,2.40378028550185,0
1738,4,5,2000,2000,20772531,2,"ifeval_min30",2,3,2,3,0.05,0,0,0,2.55173932388425,0
1739,4,5,2000,2000,20772531,2,"ifeval_min30",2,3,2,3,0.05,0,0,0,2.68213743204251,0
1740,4,5,2000,2000,20772531,2,"ifeval_min30",2,3,2,3,0.05,0,0,0,2.77740058908239,0
1741,4,5,2000,2000,20772531,2,"ifeval_min30",2,3,2,3,0.05,0,0,0,2.87974913464859,0
1742,4,5,2000,2000,20772531,2,"ifeval_min30",2,3,2,3,0.05,0,0,0,2.60037739248946,0
1743,4,5,2000,2000,20772531,2,"ifeval_min30",2,3,2,3,0.05,0,0,0,2.13144122436643,0
1744,4,5,2000,2000,20772531,2,"ifeval_min30",2,3,2,3,0.05,0,0,0,2.12555739539675,2.46563053666614
1745,4,5,2000,2000,20772531,2,"ifeval_min30",2,3,2,3,0.05,0,0,0,2.17676944890991,0
1746,4,5,2000,2000,20772531,2,"ifeval_min30",2,3,2,3,0.05,0,0,0,2.00321474694647,0
1747,4,5,2000,2000,20772531,2,"ifeval_min30",2,3,2,3,0.05,0,0,0,2.87743801157922,0
1748,4,5,2000,2000,20772531,2,"ifeval_min30",2,3,2,3,0.05,0,0,0,2.55887740827166,0
1749,4,5,2000,2000,20772531,2,"ifeval_min30",2,3,2,3,0.05,0,2.18713441654108,0,2.5353853199631,0
1750,4,5,2000,2000,20772531,2,"ifeval_min30",2,3,2,3,0.05,0,0,0,2.6623297103215,0
1751,4,5,2000,2000,20772531,2,"ifeval_min30",2,3,2,3,0.05,0,-2.45014292071573,0,2.41069265385158,0
1752,4,5,2000,2000,20772531,2,"ifeval_min30",2,3,2,3,0.05,0,0,0,2.38113136705942,0
1753,4,5,2000,2000,20772531,2,"ifeval_min30",2,3,2,3,0.05,0,0,0,2.14329797122627,0
1754,4,5,2000,2000,20772531,2,"ifeval_min30",2,3,2,3,0.05,0,0,0,2.91258094133809,0
1755,4,5,2000,2000,20772531,2,"ifeval_min30",2,3,2,3,0.05,0,-2.90220575267449,0,2.99672465329058,0
1756,4,5,2000,2000,20772531,2,"ifeval_min30",2,3,2,3,0.05,0,0,0,2.95192220201716,0
1757,4,5,2000,2000,20772531,2,"ifeval_min30",2,3,2,3,0.05,0,0,0,2.37792823440395,0
1758,4,5,2000,2000,20772531,2,"ifeval_min30",2,3,2,3,0.05,0,0,0,2.40413146675564,0
1759,4,5,2000,2000,20772531,2,"ifeval_min30",2,3,2,3,0.05,0,-2.95850056968629,0,2.66994582861662,0
1760,4,5,2000,2000,20772531,2,"ifeval_min30",2,3,2,3,0.05,0,0,0,2.29488742584363,0
1761,4,5,2000,2000,20772531,2,"ifeval_min30",2,3,2,3,0.05,0,0,0,2.090084889438,0
1762,4,5,2000,2000,20772531,2,"ifeval_min30",2,3,2,3,0.05,0,0,-2.37156623997726,2.21301248809323,0
1763,4,5,2000,2000,20772531,2,"ifeval_min30",2,3,2,3,0.05,-2.71651619533077,0,-2.38207703223452,2.81262727151625,0
1764,4,5,2000,2000,20772531,2,"ifeval_min30",2,3,2,3,0.05,0,0,0,2.01890802476555,0
1765,4,5,2000,2000,20772531,2,"ifeval_min30",2,3,2,3,0.05,0,0,0,2.51326569006778,2.86744606099091
1766,4,5,2000,2000,20772531,2,"ifeval_min30",2,3,2,3,0.05,0,0,0,2.30026453011669,0
1767,4,5,2000,2000,20772531,2,"ifeval_min30",2,3,2,3,0.05,0,0,0,2.83183753606863,0
1768,4,5,2000,2000,20772531,2,"ifeval_min30",2,3,2,3,0.05,2.31382311857305,0,0,2.8933159399312,0
1769,4,5,2000,2000,20772531,2,"ifeval_min30",2,3,2,3,0.05,2.12209856184199,0,0,2.50886466074735,0
1770,4,5,2000,2000,20772531,2,"ifeval_min30",2,3,2,3,0.05,0,0,0,2.28599623916671,0
1771,4,5,2000,2000,20772531,2,"ifeval_min30",2,3,2,3,0.05,0,0,0,2.23589060036466,0
1772,4,5,2000,2000,20772531,2,"ifeval_min30",2,3,2,3,0.05,0,0,0,2.20510955923237,0
1773,4,5,2000,2000,20772531,2,"ifeval_min30",2,3,2,3,0.05,0,0,0,2.87865470605902,-2.29710920713842
1774,4,5,2000,2000,20772531,2,"ifeval_min30",2,3,2,3,0.05,0,0,0,2.85589427943341,0
1775,4,5,2000,2000,20772531,2,"ifeval_min30",2,3,2,3,0.05,0,0,0,2.46770926192403,0
1776,4,5,2000,2000,20772531,2,"ifeval_min30",2,3,2,3,0.05,0,0,0,2.67067582160234,0
1777,4,5,2000,2000,20772531,2,"ifeval_min30",2,3,2,3,0.05,2.97177602350712,0,0,2.30914436210878,0
1778,4,5,2000,2000,20772531,2,"ifeval_min30",2,3,2,3,0.05,0,0,0,2.80769775505178,0
1779,4,5,2000,2000,20772531,2,"ifeval_min30",2,3,2,3,0.05,0,0,0,2.2231488886755,0
1780,4,5,2000,2000,20772531,2,"ifeval_min30",2,3,2,3,0.05,0,0,0,2.19732610345818,0
1781,4,5,2000,2000,20772531,2,"ifeval_min30",2,3,2,3,0.05,-2.58809078182094,0,0,2.52225363184698,0
1782,4,5,2000,2000,20772531,2,"ifeval_min30",2,3,2,3,0.05,2.78431459469721,0,0,2.46171030215919,0
1783,4,5,2000,2000,20772531,2,"ifeval_min30",2,3,2,3,0.05,0,0,0,2.81922721257433,2.3634288709145
1784,4,5,2000,2000,20772531,2,"ifeval_min30",2,3,2,3,0.05,0,0,0,2.83390594134107,0
1785,4,5,2000,2000,20772531,2,"ifeval_min30",2,3,2,3,0.05,0,0,0,2.2123222774826,0
1786,4,5,2000,2000,20772531,2,"ifeval_min30",2,3,2,3,0.05,0,0,0,2.79086058563553,0
1787,4,5,2000,2000,20772531,2,"ifeval_min30",2,3,2,3,0.05,-2.23328048014082,0,0,2.24396237498149,0
1788,4,5,2000,2000,20772531,2,"ifeval_min30",2,3,2,3,0.05,0,0,0,2.90926648443565,0
1789,4,5,2000,2000,20772531,2,"ifeval_min30",2,3,2,3,0.05,0,0,0,2.38851174572483,0
1790,4,5,2000,2000,20772531,2,"ifeval_min30",2,3,2,3,0.05,0,0,0,2.73130202386528,0
1791,4,5,2000,2000,20772531,2,"ifeval_min30",2,3,2,3,0.05,0,0,0,2.89199256687425,0
1792,4,5,2000,2000,20772531,2,"ifeval_min30",2,3,2,3,0.05,0,2.03487569116987,0,2.63188863731921,0
1793,4,5,2000,2000,20772531,2,"ifeval_min30",2,3,2,3,0.05,0,0,0,2.59519186313264,0
1794,4,5,2000,2000,20772531,2,"ifeval_min30",2,3,2,3,0.05,0,0,0,2.66941482760012,0
1795,4,5,2000,2000,20772531,2,"ifeval_min30",2,3,2,3,0.05,0,0,0,2.08817726070993,0
1796,4,5,2000,2000,20772531,2,"ifeval_min30",2,3,2,3,0.05,0,0,0,2.22028463031165,0
1797,4,5,2000,2000,20772531,2,"ifeval_min30",2,3,2,3,0.05,0,0,0,2.9786786288023,0
1798,4,5,2000,2000,20772531,2,"ifeval_min30",2,3,2,3,0.05,0,0,0,2.91634502005763,0
1799,4,5,2000,2000,20772531,2,"ifeval_min30",2,3,2,3,0.05,0,2.47344509046525,0,2.51889632362872,0
1800,4,5,2000,2000,20772531,2,"ifeval_min30",2,3,2,3,0.05,0,0,0,2.73192588496022,0
1801,4,5,2000,2000,20772531,2,"ifeval_min30",2,3,2,3,0.05,0,0,0,2.60757712670602,0
1802,4,5,2000,2000,20772531,2,"ifeval_min30",2,3,2,3,0.05,0,0,0,2.63887699041516,0
1803,4,5,2000,2000,20772531,2,"ifeval_min30",2,3,2,3,0.05,0,0,0,2.96697279531509,0
1804,4,5,2000,2000,20772531,2,"ifeval_min30",2,3,2,3,0.05,0,0,0,2.44544794061221,0
1805,4,5,2000,2000,20772531,2,"ifeval_min30",2,3,2,3,0.05,0,0,0,2.02260620333254,0
1806,4,5,2000,2000,20772531,2,"ifeval_min30",2,3,2,3,0.05,0,0,0,2.43251019553281,0
1807,4,5,2000,2000,20772531,2,"ifeval_min30",2,3,2,3,0.05,0,0,0,2.34645134792663,0
1808,4,5,2000,2000,20772531,2,"ifeval_min30",2,3,2,3,0.05,0,0,0,2.27641534688883,0
1809,4,5,2000,2000,20772531,2,"ifeval_min30",2,3,2,3,0.05,0,0,0,2.38972032582387,0
1810,4,5,2000,2000,20772531,2,"ifeval_min30",2,3,2,3,0.05,0,0,0,2.1529831609223,0
1811,4,5,2000,2000,20772531,2,"ifeval_min30",2,3,2,3,0.05,0,0,0,2.07607295853086,0
1812,4,5,2000,2000,20772531,2,"ifeval_min30",2,3,2,3,0.05,-2.3751490439754,-2.70967666711658,0,2.88335285102949,0
1813,4,5,2000,2000,20772531,2,"ifeval_min30",2,3,2,3,0.05,0,0,0,2.5723658951465,0
1814,4,5,2000,2000,20772531,2,"ifeval_min30",2,3,2,3,0.05,0,0,0,2.04197785491124,0
1815,4,5,2000,2000,20772531,2,"ifeval_min30",2,3,2,3,0.05,0,0,0,2.93173626950011,0
1816,4,5,2000,2000,20772531,2,"ifeval_min30",2,3,2,3,0.05,0,0,0,2.78134584776126,0
1817,4,5,2000,2000,20772531,2,"ifeval_min30",2,3,2,3,0.05,2.66117921331897,0,0,2.99430393381044,0
1818,4,5,2000,2000,20772531,2,"ifeval_min30",2,3,2,3,0.05,0,0,0,2.15089589706622,0
1819,4,5,2000,2000,20772531,2,"ifeval_min30",2,3,2,3,0.05,0,0,0,2.28221811400726,0
1820,4,5,2000,2000,20772531,2,"ifeval_min30",2,3,2,3,0.05,0,0,0,2.76770928152837,2.88688471005298
1821,4,5,2000,2000,20772531,2,"ifeval_min30",2,3,2,3,0.05,0,0,0,2.72294505918398,0
1822,4,5,2000,2000,20772531,2,"ifeval_min30",2,3,2,3,0.05,0,0,0,2.1261490159668,0
1823,4,5,2000,2000,20772531,2,"ifeval_min30",2,3,2,3,0.05,0,0,0,2.11042753630318,0
1824,4,5,2000,2000,20772531,2,"ifeval_min30",2,3,2,3,0.05,0,0,0,2.49880433478393,0
1825,4,5,2000,2000,20772531,2,"ifeval_min30",2,3,2,3,0.05,0,0,0,2.71827428787947,0
1826,4,5,2000,2000,20772531,2,"ifeval_min30",2,3,2,3,0.05,0,0,0,2.09559763269499,0
1827,4,5,2000,2000,20772531,2,"ifeval_min30",2,3,2,3,0.05,0,0,0,2.88882112852298,0
1828,4,5,2000,2000,20772531,2,"ifeval_min30",2,3,2,3,0.05,0,0,-2.64093690481968,2.58647485403344,0
1829,4,5,2000,2000,20772531,2,"ifeval_min30",2,3,2,3,0.05,0,0,0,2.17533724824898,0
1830,4,5,2000,2000,20772531,2,"ifeval_min30",2,3,2,3,0.05,0,0,0,2.90240043052472,0
1831,4,5,2000,2000,20772531,2,"ifeval_min30",2,3,2,3,0.05,0,0,0,2.56050734524615,0
1832,4,5,2000,2000,20772531,2,"ifeval_min30",2,3,2,3,0.05,0,2.7371686627157,0,2.30556633230299,0
1833,4,5,2000,2000,20772531,2,"ifeval_min30",2,3,2,3,0.05,0,0,0,2.68212512833998,0
1834,4,5,2000,2000,20772531,2,"ifeval_min30",2,3,2,3,0.05,0,0,0,2.0288073446136,0
1835,4,5,2000,2000,20772531,2,"ifeval_min30",2,3,2,3,0.05,0,0,0,2.77225358015858,0
1836,4,5,2000,2000,20772531,2,"ifeval_min30",2,3,2,3,0.05,0,0,0,2.64610530412756,0
1837,4,5,2000,2000,20772531,2,"ifeval_min30",2,3,2,3,0.05,0,0,0,2.9727054880932,0
1838,4,5,2000,2000,20772531,2,"ifeval_min30",2,3,2,3,0.05,0,2.34308273601346,0,2.61591101996601,0
1839,4,5,2000,2000,20772531,2,"ifeval_min30",2,3,2,3,0.05,0,0,0,2.47410997678526,0
1840,4,5,2000,2000,20772531,2,"ifeval_min30",2,3,2,3,0.05,0,0,0,2.09860374452546,0
1841,4,5,2000,2000,20772531,2,"ifeval_min30",2,3,2,3,0.05,0,0,0,2.80462598032318,0
1842,4,5,2000,2000,20772531,2,"ifeval_min30",2,3,2,3,0.05,0,0,0,2.40986501658335,0
1843,4,5,2000,2000,20772531,2,"ifeval_min30",2,3,2,3,0.05,0,0,0,2.57992629753426,0
1844,4,5,2000,2000,20772531,2,"ifeval_min30",2,3,2,3,0.05,0,0,0,2.59160210425034,0
1845,4,5,2000,2000,20772531,2,"ifeval_min30",2,3,2,3,0.05,0,0,0,2.12165558338165,0
1846,5,5,2000,2000,20772531,2,"ifeval_min30",2,3,2,3,0.05,0,0,0,0,2.6000057568308
1847,5,5,2000,2000,20772531,2,"ifeval_min30",2,3,2,3,0.05,0,0,0,0,2.07199277170002
1848,5,5,2000,2000,20772531,2,"ifeval_min30",2,3,2,3,0.05,0,0,0,0,2.60838066856377
1849,5,5,2000,2000,20772531,2,"ifeval_min30",2,3,2,3,0.05,0,0,0,0,2.26477599143982
1850,5,5,2000,2000,20772531,2,"ifeval_min30",2,3,2,3,0.05,0,0,0,0,2.325734103797
1851,5,5,2000,2000,20772531,2,"ifeval_min30",2,3,2,3,0.05,-2.69016913464293,0,0,0,2.58703449834138
1852,5,5,2000,2000,20772531,2,"ifeval_min30",2,3,2,3,0.05,0,0,0,0,2.44760947371833
1853,5,5,2000,2000,20772531,2,"ifeval_min30",2,3,2,3,0.05,0,0,0,0,2.25920028123073
1854,5,5,2000,2000,20772531,2,"ifeval_min30",2,3,2,3,0.05,0,0,0,0,2.37857123441063
1855,5,5,2000,2000,20772531,2,"ifeval_min30",2,3,2,3,0.05,0,0,0,0,2.33580693276599
1856,5,5,2000,2000,20772531,2,"ifeval_min30",2,3,2,3,0.05,0,0,2.82825801568106,0,2.00295253260992
1857,5,5,2000,2000,20772531,2,"ifeval_min30",2,3,2,3,0.05,0,0,0,0,2.84660218842328
1858,5,5,2000,2000,20772531,2,"ifeval_min30",2,3,2,3,0.05,0,-2.43464894522913,0,-2.07351260865107,2.72323573497124
1859,5,5,2000,2000,20772531,2,"ifeval_min30",2,3,2,3,0.05,0,0,0,0,2.55301130376756
1860,5,5,2000,2000,20772531,2,"ifeval_min30",2,3,2,3,0.05,0,0,0,0,2.94138623843901
1861,5,5,2000,2000,20772531,2,"ifeval_min30",2,3,2,3,0.05,0,0,0,0,2.22586440737359
1862,5,5,2000,2000,20772531,2,"ifeval_min30",2,3,2,3,0.05,0,0,0,0,2.062260389328
1863,5,5,2000,2000,20772531,2,"ifeval_min30",2,3,2,3,0.05,0,0,0,0,2.82921436754987
1864,5,5,2000,2000,20772531,2,"ifeval_min30",2,3,2,3,0.05,0,0,0,0,2.00201290543191
1865,5,5,2000,2000,20772531,2,"ifeval_min30",2,3,2,3,0.05,0,0,0,-2.06232514488511,2.45355411316268
1866,5,5,2000,2000,20772531,2,"ifeval_min30",2,3,2,3,0.05,0,0,0,0,2.87558618863113
1867,5,5,2000,2000,20772531,2,"ifeval_min30",2,3,2,3,0.05,0,0,0,0,2.29434417025186
1868,5,5,2000,2000,20772531,2,"ifeval_min30",2,3,2,3,0.05,0,0,0,0,2.18837151257321
1869,5,5,2000,2000,20772531,2,"ifeval_min30",2,3,2,3,0.05,-2.06619845028035,0,0,0,2.47615192248486
1870,5,5,2000,2000,20772531,2,"ifeval_min30",2,3,2,3,0.05,0,0,0,0,2.44237353187054
1871,5,5,2000,2000,20772531,2,"ifeval_min30",2,3,2,3,0.05,0,0,0,0,2.88383024767973
1872,5,5,2000,2000,20772531,2,"ifeval_min30",2,3,2,3,0.05,0,0,0,0,2.27440896700136
1873,5,5,2000,2000,20772531,2,"ifeval_min30",2,3,2,3,0.05,0,0,0,0,2.02615818521008
1874,5,5,2000,2000,20772531,2,"ifeval_min30",2,3,2,3,0.05,0,0,0,0,2.63852220680565
1875,5,5,2000,2000,20772531,2,"ifeval_min30",2,3,2,3,0.05,0,0,0,0,2.38776821433567
1876,5,5,2000,2000,20772531,2,"ifeval_min30",2,3,2,3,0.05,0,0,0,0,2.86117399670184
1877,5,5,2000,2000,20772531,2,"ifeval_min30",2,3,2,3,0.05,0,0,0,0,2.65564507711679
1878,5,5,2000,2000,20772531,2,"ifeval_min30",2,3,2,3,0.05,0,-2.94339962815866,0,0,2.97390420385636
1879,5,5,2000,2000,20772531,2,"ifeval_min30",2,3,2,3,0.05,0,0,0,0,2.55489690438844
1880,5,5,2000,2000,20772531,2,"ifeval_min30",2,3,2,3,0.05,0,0,0,0,2.32793833175674
1881,5,5,2000,2000,20772531,2,"ifeval_min30",2,3,2,3,0.05,0,0,0,0,2.32138306740671
1882,5,5,2000,2000,20772531,2,"ifeval_min30",2,3,2,3,0.05,0,0,0,0,2.57193859666586
1883,5,5,2000,2000,20772531,2,"ifeval_min30",2,3,2,3,0.05,0,0,0,0,2.30811159545556
1884,5,5,2000,2000,20772531,2,"ifeval_min30",2,3,2,3,0.05,0,0,0,0,2.82701412099414
1885,5,5,2000,2000,20772531,2,"ifeval_min30",2,3,2,3,0.05,0,0,0,0,2.59362489171326
1886,5,5,2000,2000,20772531,2,"ifeval_min30",2,3,2,3,0.05,0,0,0,0,2.99264924437739
1887,5,5,2000,2000,20772531,2,"ifeval_min30",2,3,2,3,0.05,0,0,0,0,2.24720311863348
1888,5,5,2000,2000,20772531,2,"ifeval_min30",2,3,2,3,0.05,0,0,0,0,2.9618872187566
1889,5,5,2000,2000,20772531,2,"ifeval_min30",2,3,2,3,0.05,0,0,0,0,2.43275862769224
1890,5,5,2000,2000,20772531,2,"ifeval_min30",2,3,2,3,0.05,0,0,0,0,2.82933306111954
1891,5,5,2000,2000,20772531,2,"ifeval_min30",2,3,2,3,0.05,0,0,0,0,2.313043365255
1892,5,5,2000,2000,20772531,2,"ifeval_min30",2,3,2,3,0.05,0,0,0,0,2.55866784462705
1893,5,5,2000,2000,20772531,2,"ifeval_min30",2,3,2,3,0.05,0,0,0,0,2.61627875710838
1894,5,5,2000,2000,20772531,2,"ifeval_min30",2,3,2,3,0.05,0,0,0,0,2.15945761278272
1895,5,5,2000,2000,20772531,2,"ifeval_min30",2,3,2,3,0.05,0,0,0,0,2.56464411714114
1896,5,5,2000,2000,20772531,2,"ifeval_min30",2,3,2,3,0.05,0,0,0,0,2.69054648093879
1897,5,5,2000,2000,20772531,2,"ifeval_min30",2,3,2,3,0.05,0,0,0,0,2.79063454852439
1898,5,5,2000,2000,20772531,2,"ifeval_min30",2,3,2,3,0.05,0,0,0,0,2.68735545244999
1899,5,5,2000,2000,20772531,2,"ifeval_min30",2,3,2,3,0.05,0,0,0,0,2.90745759708807
1900,5,5,2000,2000,20772531,2,"ifeval_min30",2,3,2,3,0.05,0,0,0,0,2.63850921904668
1901,5,5,2000,2000,20772531,2,"ifeval_min30",2,3,2,3,0.05,0,0,0,0,2.42836076300591
1902,5,5,2000,2000,20772531,2,"ifeval_min30",2,3,2,3,0.05,0,0,0,0,2.98500474402681
1903,5,5,2000,2000,20772531,2,"ifeval_min30",2,3,2,3,0.05,0,0,0,0,2.74629687075503
1904,5,5,2000,2000,20772531,2,"ifeval_min30",2,3,2,3,0.05,0,-2.46896248636767,0,0,2.14149361359887
1905,5,5,2000,2000,20772531,2,"ifeval_min30",2,3,2,3,0.05,0,0,0,0,2.05012157117017
1906,5,5,2000,2000,20772531,2,"ifeval_min30",2,3,2,3,0.05,0,0,0,0,2.70572131825611
1907,5,5,2000,2000,20772531,2,"ifeval_min30",2,3,2,3,0.05,0,0,0,0,2.34676633961499
1908,5,5,2000,2000,20772531,2,"ifeval_min30",2,3,2,3,0.05,0,0,2.60797641379759,0,2.62472777441144
1909,5,5,2000,2000,20772531,2,"ifeval_min30",2,3,2,3,0.05,0,0,0,0,2.51972508523613
1910,5,5,2000,2000,20772531,2,"ifeval_min30",2,3,2,3,0.05,0,0,0,2.07577805873007,2.15835701744072
1911,5,5,2000,2000,20772531,2,"ifeval_min30",2,3,2,3,0.05,0,0,0,0,2.82687154272571
1912,5,5,2000,2000,20772531,2,"ifeval_min30",2,3,2,3,0.05,0,0,0,0,2.81149720330723
1913,5,5,2000,2000,20772531,2,"ifeval_min30",2,3,2,3,0.05,0,0,0,0,2.32227957504801
1914,5,5,2000,2000,20772531,2,"ifeval_min30",2,3,2,3,0.05,0,0,0,0,2.67676773364656
1915,5,5,2000,2000,20772531,2,"ifeval_min30",2,3,2,3,0.05,0,0,0,0,2.11626909696497
1916,5,5,2000,2000,20772531,2,"ifeval_min30",2,3,2,3,0.05,0,0,0,0,2.9316312239971
1917,5,5,2000,2000,20772531,2,"ifeval_min30",2,3,2,3,0.05,0,0,0,0,2.40070404717699
1918,5,5,2000,2000,20772531,2,"ifeval_min30",2,3,2,3,0.05,0,0,0,0,2.26248139631934
1919,5,5,2000,2000,20772531,2,"ifeval_min30",2,3,2,3,0.05,0,0,0,0,2.73516485607252
1920,5,5,2000,2000,20772531,2,"ifeval_min30",2,3,2,3,0.05,0,0,0,0,2.49379843613133
1921,5,5,2000,2000,20772531,2,"ifeval_min30",2,3,2,3,0.05,0,0,0,0,2.0689164402429
1922,5,5,2000,2000,20772531,2,"ifeval_min30",2,3,2,3,0.05,0,0,0,0,2.57686187792569
1923,5,5,2000,2000,20772531,2,"ifeval_min30",2,3,2,3,0.05,0,0,0,0,2.10739999962971
1924,5,5,2000,2000,20772531,2,"ifeval_min30",2,3,2,3,0.05,0,0,0,0,2.57320067309774
1925,5,5,2000,2000,20772531,2,"ifeval_min30",2,3,2,3,0.05,0,0,0,0,2.64895711606368
1926,5,5,2000,2000,20772531,2,"ifeval_min30",2,3,2,3,0.05,0,0,0,0,2.17892904765904
1927,5,5,2000,2000,20772531,2,"ifeval_min30",2,3,2,3,0.05,0,0,0,0,2.70385357690975
1928,5,5,2000,2000,20772531,2,"ifeval_min30",2,3,2,3,0.05,0,0,0,0,2.53667273651809
1929,5,5,2000,2000,20772531,2,"ifeval_min30",2,3,2,3,0.05,0,0,0,0,2.23989064013585
1930,5,5,2000,2000,20772531,2,"ifeval_min30",2,3,2,3,0.05,0,0,0,0,2.85297642531805
1931,5,5,2000,2000,20772531,2,"ifeval_min30",2,3,2,3,0.05,0,0,0,0,2.53793313819915
1932,5,5,2000,2000,20772531,2,"ifeval_min30",2,3,2,3,0.05,0,0,0,0,2.7456730955746
1933,5,5,2000,2000,20772531,2,"ifeval_min30",2,3,2,3,0.05,0,0,0,0,2.13538662809879
1934,5,5,2000,2000,20772531,2,"ifeval_min30",2,3,2,3,0.05,0,0,2.72708269767463,0,2.72426014882512
1935,5,5,2000,2000,20772531,2,"ifeval_min30",2,3,2,3,0.05,0,0,0,0,2.12533251801506
1936,5,5,2000,2000,20772531,2,"ifeval_min30",2,3,2,3,0.05,0,0,0,0,2.47290039388463
1937,5,5,2000,2000,20772531,2,"ifeval_min30",2,3,2,3,0.05,0,0,0,0,2.86877857428044
1938,5,5,2000,2000,20772531,2,"ifeval_min30",2,3,2,3,0.05,0,0,0,0,2.41618110146374
1939,5,5,2000,2000,20772531,2,"ifeval_min30",2,3,2,3,0.05,0,0,0,0,2.98705811542459
1940,5,5,2000,2000,20772531,2,"ifeval_min30",2,3,2,3,0.05,0,0,0,0,2.88573766313493
1941,5,5,2000,2000,20772531,2,"ifeval_min30",2,3,2,3,0.05,0,0,0,0,2.83775772363879
1942,5,5,2000,2000,20772531,2,"ifeval_min30",2,3,2,3,0.05,0,-2.80100293806754,0,0,2.61634525517002
1943,5,5,2000,2000,20772531,2,"ifeval_min30",2,3,2,3,0.05,0,0,0,0,2.38827887154184
1944,5,5,2000,2000,20772531,2,"ifeval_min30",2,3,2,3,0.05,0,0,0,0,2.84601829154417
1945,5,5,2000,2000,20772531,2,"ifeval_min30",2,3,2,3,0.05,0,0,0,0,2.92930765450001
1946,5,5,2000,2000,20772531,2,"ifeval_min30",2,3,2,3,0.05,0,0,0,0,2.93123182049021
1947,5,5,2000,2000,20772531,2,"ifeval_min30",2,3,2,3,0.05,0,0,0,0,2.03441783576272
1948,5,5,2000,2000,20772531,2,"ifeval_min30",2,3,2,3,0.05,0,0,0,0,2.7528570422437
1949,5,5,2000,2000,20772531,2,"ifeval_min30",2,3,2,3,0.05,0,0,0,0,2.12320786039345
1950,5,5,2000,2000,20772531,2,"ifeval_min30",2,3,2,3,0.05,0,0,0,0,2.16447854670696
1951,5,5,2000,2000,20772531,2,"ifeval_min30",2,3,2,3,0.05,0,0,0,0,2.59474876243621
1952,5,5,2000,2000,20772531,2,"ifeval_min30",2,3,2,3,0.05,0,0,0,0,2.24768399028108
1953,5,5,2000,2000,20772531,2,"ifeval_min30",2,3,2,3,0.05,0,0,0,0,2.96582493605092
1954,5,5,2000,2000,20772531,2,"ifeval_min30",2,3,2,3,0.05,0,0,0,2.46889563300647,2.82333825854585
1955,5,5,2000,2000,20772531,2,"ifeval_min30",2,3,2,3,0.05,0,2.82058210275136,0,0,2.51774748344906
1956,5,5,2000,2000,20772531,2,"ifeval_min30",2,3,2,3,0.05,0,0,0,0,2.64717440144159
1957,5,5,2000,2000,20772531,2,"ifeval_min30",2,3,2,3,0.05,0,0,0,0,2.38792674452998
1958,5,5,2000,2000,20772531,2,"ifeval_min30",2,3,2,3,0.05,0,0,0,0,2.95272387424484
1959,5,5,2000,2000,20772531,2,"ifeval_min30",2,3,2,3,0.05,2.08747031586245,0,0,0,2.57877921848558
1960,5,5,2000,2000,20772531,2,"ifeval_min30",2,3,2,3,0.05,0,0,0,0,2.89582937350497
1961,5,5,2000,2000,20772531,2,"ifeval_min30",2,3,2,3,0.05,0,0,0,0,2.03692318079993
1962,5,5,2000,2000,20772531,2,"ifeval_min30",2,3,2,3,0.05,0,0,0,0,2.02226831344888
1963,5,5,2000,2000,20772531,2,"ifeval_min30",2,3,2,3,0.05,0,0,0,0,2.86094166175462
1964,5,5,2000,2000,20772531,2,"ifeval_min30",2,3,2,3,0.05,0,0,0,0,2.96381609491073
1965,5,5,2000,2000,20772531,2,"ifeval_min30",2,3,2,3,0.05,0,0,0,0,2.09237496834248
1966,5,5,2000,2000,20772531,2,"ifeval_min30",2,3,2,3,0.05,0,0,0,0,2.26618114369921
1967,5,5,2000,2000,20772531,2,"ifeval_min30",2,3,2,3,0.05,0,0,0,0,2.12581441830844
1968,5,5,2000,2000,20772531,2,"ifeval_min30",2,3,2,3,0.05,0,0,0,2.88456550124101,2.27275853115134
1969,5,5,2000,2000,20772531,2,"ifeval_min30",2,3,2,3,0.05,0,0,0,0,2.24971430632286
1970,5,5,2000,2000,20772531,2,"ifeval_min30",2,3,2,3,0.05,0,0,0,0,2.18401259579696
1971,5,5,2000,2000,20772531,2,"ifeval_min30",2,3,2,3,0.05,0,0,0,0,2.61941129853949
1972,5,5,2000,2000,20772531,2,"ifeval_min30",2,3,2,3,0.05,0,0,0,0,2.79406143515371
1973,5,5,2000,2000,20772531,2,"ifeval_min30",2,3,2,3,0.05,0,0,0,0,2.25268794316798
1974,5,5,2000,2000,20772531,2,"ifeval_min30",2,3,2,3,0.05,0,0,0,0,2.30701179453172
1975,5,5,2000,2000,20772531,2,"ifeval_min30",2,3,2,3,0.05,0,0,-2.64548517065123,0,2.10447035450488
1976,5,5,2000,2000,20772531,2,"ifeval_min30",2,3,2,3,0.05,2.97575377929024,0,0,0,2.95204675663263
1977,5,5,2000,2000,20772531,2,"ifeval_min30",2,3,2,3,0.05,0,0,0,0,2.37080502999015
1978,5,5,2000,2000,20772531,2,"ifeval_min30",2,3,2,3,0.05,0,0,2.96800004388206,0,2.03384330752306
1979,5,5,2000,2000,20772531,2,"ifeval_min30",2,3,2,3,0.05,0,0,0,0,2.79563890793361
1980,5,5,2000,2000,20772531,2,"ifeval_min30",2,3,2,3,0.05,0,0,0,0,2.7472227846738
1981,5,5,2000,2000,20772531,2,"ifeval_min30",2,3,2,3,0.05,0,0,0,0,2.45916874567047
1982,5,5,2000,2000,20772531,2,"ifeval_min30",2,3,2,3,0.05,0,0,0,0,2.27823729626834
1983,5,5,2000,2000,20772531,2,"ifeval_min30",2,3,2,3,0.05,0,0,0,-2.81099868169986,2.12948901485652
1984,5,5,2000,2000,20772531,2,"ifeval_min30",2,3,2,3,0.05,0,0,2.35045651346445,0,2.04864072683267
1985,5,5,2000,2000,20772531,2,"ifeval_min30",2,3,2,3,0.05,0,0,0,0,2.38717885385267
1986,5,5,2000,2000,20772531,2,"ifeval_min30",2,3,2,3,0.05,0,0,0,0,2.61748731974512
1987,5,5,2000,2000,20772531,2,"ifeval_min30",2,3,2,3,0.05,0,0,0,0,2.65789555502124
1988,5,5,2000,2000,20772531,2,"ifeval_min30",2,3,2,3,0.05,0,0,0,0,2.31456668255851
1989,5,5,2000,2000,20772531,2,"ifeval_min30",2,3,2,3,0.05,0,0,0,0,2.52729996992275
1990,5,5,2000,2000,20772531,2,"ifeval_min30",2,3,2,3,0.05,0,0,0,0,2.73238805565052
1991,5,5,2000,2000,20772531,2,"ifeval_min30",2,3,2,3,0.05,0,0,0,0,2.11270951200277
1992,5,5,2000,2000,20772531,2,"ifeval_min30",2,3,2,3,0.05,0,0,0,0,2.67362475255504
1993,5,5,2000,2000,20772531,2,"ifeval_min30",2,3,2,3,0.05,0,0,0,0,2.56489481800236
1994,5,5,2000,2000,20772531,2,"ifeval_min30",2,3,2,3,0.05,0,0,0,0,2.37842152267694
1995,5,5,2000,2000,20772531,2,"ifeval_min30",2,3,2,3,0.05,0,0,0,0,2.54833057103679
1996,5,5,2000,2000,20772531,2,"ifeval_min30",2,3,2,3,0.05,0,0,0,0,2.82659011660144
1997,5,5,2000,2000,20772531,2,"ifeval_min30",2,3,2,3,0.05,0,0,0,0,2.33589517744258
1998,5,5,2000,2000,20772531,2,"ifeval_min30",2,3,2,3,0.05,0,0,0,0,2.25099840154871
1999,5,5,2000,2000,20772531,2,"ifeval_min30",2,3,2,3,0.05,0,2.10962878772989,0,0,2.71393380477093
2000,5,5,2000,2000,20772531,2,"ifeval_min30",2,3,2,3,0.05,0,0,0,0,2.58277755067684
