"scenario","rep","n","p","H_true","G_true","G_config","separation","mixture_param_mode","mixture_variance_mode","intercept_mode","loading_design","block_size_mode","loading_sign_mode","alignment_mode","loading_strength","primary_loading_min","primary_loading_max","cross_loading_min","cross_loading_max","cross_loading_prob","cross_sign_mode","fix_dgp_parameters","dgp_parameter_seed","loading_parameter_seed","mixture_parameter_seed","data_seed","dgp_p_max","product_method","comparator_method","factor_score_rmse_product","factor_score_rmse_comparator","factor_score_rmse_product_minus_comparator","lambda_rmse_product","lambda_rmse_comparator","lambda_rmse_product_minus_comparator","alpha_rmse_product","alpha_rmse_comparator","alpha_rmse_product_minus_comparator","marginal_mu_rmse_product","marginal_mu_rmse_comparator","marginal_mu_rmse_product_minus_comparator","marginal_var_rmse_product","marginal_var_rmse_comparator","marginal_var_rmse_product_minus_comparator","marginal_weight_rmse_product","marginal_weight_rmse_comparator","marginal_weight_rmse_product_minus_comparator","seconds_product","seconds_comparator","seconds_product_minus_comparator"
"rep1_balanced_moderate_dense_signed_cross_strong_cp0_05_ifeval_min30_n100_p500_H10_G2-2-2-2-2-2-2-2-2-2_sep2",1,100,500,10,"2-2-2-2-2-2-2-2-2-2","2-2-2-2-2-2-2-2-2-2",2,"viroli_smoke","unequal","ifeval_like","balanced_moderate_dense_signed_cross","ifeval_min30","block","loadings","strong",2,3,2,3,0.05,"random",TRUE,26762731,21272531,26762731,26771731,2000,"independent_marginal_mixture","viroli_laplace_gibbs",0.134438696249389,0.153104231154461,-0.018665534905072,0.455144880353321,0.408920777018687,0.046224103334634,0.480343872702994,0.478895208944935,0.00144866375805902,0.10104929069035,0.0978601542610384,0.0031891364293116,0.0524353747886425,0.0632720708589662,-0.0108366960703237,0.0523735205509932,0.0508983525832721,0.0014751679677211,10.448,76.005,-65.557
"rep1_balanced_moderate_dense_signed_cross_strong_cp0_05_ifeval_min30_n200_p500_H10_G2-2-2-2-2-2-2-2-2-2_sep2",1,200,500,10,"2-2-2-2-2-2-2-2-2-2","2-2-2-2-2-2-2-2-2-2",2,"viroli_smoke","unequal","ifeval_like","balanced_moderate_dense_signed_cross","ifeval_min30","block","loadings","strong",2,3,2,3,0.05,"random",TRUE,26762731,21272531,26762731,26772731,2000,"independent_marginal_mixture","viroli_laplace_gibbs",0.132268121739846,0.140024229694068,-0.00775610795422199,0.326651470718893,0.305589520625152,0.021061950093741,0.347046892506686,0.349562297784788,-0.00251540527810196,0.0618970435796825,0.0601304846384238,0.0017665589412587,0.0246009773864259,0.0362242262909654,-0.0116232489045395,0.0318508687164226,0.0314653389193142,0.000385529797108403,15.345,86.685,-71.34
"rep1_balanced_moderate_dense_signed_cross_strong_cp0_05_ifeval_min30_n100_p500_H10_G3-3-3-3-3-3-3-3-3-3_sep2",1,100,500,10,"3-3-3-3-3-3-3-3-3-3","3-3-3-3-3-3-3-3-3-3",2,"viroli_smoke","unequal","ifeval_like","balanced_moderate_dense_signed_cross","ifeval_min30","block","loadings","strong",2,3,2,3,0.05,"random",TRUE,29512731,21272531,29512731,29521731,2000,"independent_marginal_mixture","viroli_laplace_gibbs",0.147260460308131,0.16560013860058,-0.018339678292449,0.448648957843244,0.341171062146278,0.107477895696966,0.362025997700768,0.362722631458336,-0.00069663375756801,0.358611796806257,0.240097976809313,0.118513819996944,0.282814794868414,0.283739649290533,-0.000924854422119037,0.123205067352874,0.08147247425303,0.041732593099844,16.239,75.955,-59.716
"rep1_balanced_moderate_dense_signed_cross_strong_cp0_05_ifeval_min30_n200_p500_H10_G3-3-3-3-3-3-3-3-3-3_sep2",1,200,500,10,"3-3-3-3-3-3-3-3-3-3","3-3-3-3-3-3-3-3-3-3",2,"viroli_smoke","unequal","ifeval_like","balanced_moderate_dense_signed_cross","ifeval_min30","block","loadings","strong",2,3,2,3,0.05,"random",TRUE,29512731,21272531,29512731,29522731,2000,"independent_marginal_mixture","viroli_laplace_gibbs",0.130192338594891,0.146232386075931,-0.01604004748104,0.321279770319257,0.261037638098883,0.060242132220374,0.22956806233119,0.233561415660849,-0.003993353329659,0.0829670971284265,0.258534226925795,-0.175567129797368,0.0569525935527776,0.267658660822595,-0.210706067269817,0.0390676093218943,0.0869436147669675,-0.0478760054450732,18.75,87.229,-68.479
"rep1_balanced_moderate_dense_signed_cross_strong_cp0_05_ifeval_min30_n100_p500_H5_G2-2-2-2-2_sep2",1,100,500,5,"2-2-2-2-2","2-2-2-2-2",2,"viroli_smoke","unequal","ifeval_like","balanced_moderate_dense_signed_cross","ifeval_min30","block","loadings","strong",2,3,2,3,0.05,"random",TRUE,22262731,20772531,22262731,22271731,2000,"independent_marginal_mixture","viroli_laplace_gibbs",0.133089472581274,0.157021448158247,-0.023931975576973,0.495344801371685,0.438602339380132,0.056742461991553,0.589929685002481,0.580115740006911,0.00981394499556998,0.141225854285376,0.133810187861351,0.00741566642402502,0.0524054229172876,0.051818567507203,0.000586855410084602,0.0726780148342552,0.0701264985976525,0.0025515162366027,10.269,47.579,-37.31
"rep1_balanced_moderate_dense_signed_cross_strong_cp0_05_ifeval_min30_n200_p500_H5_G2-2-2-2-2_sep2",1,200,500,5,"2-2-2-2-2","2-2-2-2-2",2,"viroli_smoke","unequal","ifeval_like","balanced_moderate_dense_signed_cross","ifeval_min30","block","loadings","strong",2,3,2,3,0.05,"random",TRUE,22262731,20772531,22262731,22272731,2000,"independent_marginal_mixture","viroli_laplace_gibbs",0.129088850995227,0.147417517107535,-0.018328666112308,0.350074094133155,0.324060589178657,0.026013504954498,0.281217155390006,0.270271455679087,0.010945699710919,0.0470959599254999,0.0434081004314477,0.0036878594940522,0.0325487923780129,0.0384517901070422,-0.0059029977290293,0.0238502411883077,0.0228338710948205,0.0010163700934872,15.201,56.338,-41.137
"rep1_balanced_moderate_dense_signed_cross_strong_cp0_05_ifeval_min30_n100_p500_H5_G3-3-3-3-3_sep2",1,100,500,5,"3-3-3-3-3","3-3-3-3-3",2,"viroli_smoke","unequal","ifeval_like","balanced_moderate_dense_signed_cross","ifeval_min30","block","loadings","strong",2,3,2,3,0.05,"random",TRUE,23012731,20772531,23012731,23021731,2000,"independent_marginal_mixture","viroli_laplace_gibbs",0.167523885980794,0.17859551307487,-0.011071627094076,0.500801306174912,0.354538245367354,0.146263060807558,0.33113098262912,0.347013547715457,-0.015882565086337,0.319811456653924,0.241826759609481,0.077984697044443,0.284351788915133,0.234200988806896,0.050150800108237,0.185643671095886,0.100773727968318,0.084869943127568,10.95,47.549,-36.599
"rep1_balanced_moderate_dense_signed_cross_strong_cp0_05_ifeval_min30_n200_p500_H5_G3-3-3-3-3_sep2",1,200,500,5,"3-3-3-3-3","3-3-3-3-3",2,"viroli_smoke","unequal","ifeval_like","balanced_moderate_dense_signed_cross","ifeval_min30","block","loadings","strong",2,3,2,3,0.05,"random",TRUE,23012731,20772531,23012731,23022731,2000,"independent_marginal_mixture","viroli_laplace_gibbs",0.124606487157796,0.149555129709654,-0.024948642551858,0.338431388451978,0.29816863527462,0.040262753177358,0.319058525718622,0.389139779927692,-0.07008125420907,0.0742934155349533,0.235200446628295,-0.160907031093342,0.0565472618432128,0.224247804564005,-0.167700542720792,0.0457938999317818,0.0829673627655497,-0.0371734628337679,14.987,56.664,-41.677
"rep10_balanced_moderate_dense_signed_cross_strong_cp0_05_ifeval_min30_n100_p500_H10_G2-2-2-2-2-2-2-2-2-2_sep2",10,100,500,10,"2-2-2-2-2-2-2-2-2-2","2-2-2-2-2-2-2-2-2-2",2,"viroli_smoke","unequal","ifeval_like","balanced_moderate_dense_signed_cross","ifeval_min30","block","loadings","strong",2,3,2,3,0.05,"random",TRUE,26762731,21272531,26762731,26861731,2000,"independent_marginal_mixture","viroli_laplace_gibbs",0.133447551568482,0.146164744762018,-0.012717193193536,0.450805313546853,0.40005312934523,0.050752184201623,0.505920056968568,0.510537009606826,-0.00461695263825801,0.0983116315539603,0.0963575641635919,0.00195406739036841,0.0442437342907603,0.0569816643092991,-0.0127379300185388,0.0506698766588443,0.0501062907930732,0.000563585865771099,4.722,76.691,-71.969
"rep10_balanced_moderate_dense_signed_cross_strong_cp0_05_ifeval_min30_n200_p500_H10_G2-2-2-2-2-2-2-2-2-2_sep2",10,200,500,10,"2-2-2-2-2-2-2-2-2-2","2-2-2-2-2-2-2-2-2-2",2,"viroli_smoke","unequal","ifeval_like","balanced_moderate_dense_signed_cross","ifeval_min30","block","loadings","strong",2,3,2,3,0.05,"random",TRUE,26762731,21272531,26762731,26862731,2000,"independent_marginal_mixture","viroli_laplace_gibbs",0.134329768128976,0.141716728987902,-0.00738696085892598,0.32231644767821,0.301595940061473,0.020720507616737,0.298709232078617,0.285591004703385,0.013118227375232,0.0500903848448663,0.0503513776243461,-0.000260992779479802,0.0315344751439298,0.0420115204730334,-0.0104770453291036,0.0261474407185812,0.0258253517450637,0.000322088973517497,7.857,87.237,-79.38
"rep10_balanced_moderate_dense_signed_cross_strong_cp0_05_ifeval_min30_n100_p500_H10_G3-3-3-3-3-3-3-3-3-3_sep2",10,100,500,10,"3-3-3-3-3-3-3-3-3-3","3-3-3-3-3-3-3-3-3-3",2,"viroli_smoke","unequal","ifeval_like","balanced_moderate_dense_signed_cross","ifeval_min30","block","loadings","strong",2,3,2,3,0.05,"random",TRUE,29512731,21272531,29512731,29611731,2000,"independent_marginal_mixture","viroli_laplace_gibbs",0.146521611986638,0.169681097762108,-0.02315948577547,0.452039405087843,0.35853982945494,0.093499575632903,0.368355356806429,0.398932983165752,-0.030577626359323,0.251711797201195,0.26183120943004,-0.010119412228845,0.222956231088111,0.315669656153007,-0.092713425064896,0.132847699122122,0.0865493128907098,0.0462983862314122,11.733,76.398,-64.665
"rep10_balanced_moderate_dense_signed_cross_strong_cp0_05_ifeval_min30_n200_p500_H10_G3-3-3-3-3-3-3-3-3-3_sep2",10,200,500,10,"3-3-3-3-3-3-3-3-3-3","3-3-3-3-3-3-3-3-3-3",2,"viroli_smoke","unequal","ifeval_like","balanced_moderate_dense_signed_cross","ifeval_min30","block","loadings","strong",2,3,2,3,0.05,"random",TRUE,29512731,21272531,29512731,29612731,2000,"independent_marginal_mixture","viroli_laplace_gibbs",0.129988431202666,0.144016488440501,-0.014028057237835,0.318580957183206,0.27045527036548,0.048125686817726,0.291922401449973,0.309793653845133,-0.01787125239516,0.0775223693231379,0.244314591595287,-0.166792222272149,0.056785120586741,0.259861254463948,-0.203076133877207,0.042116629283988,0.0767661184875404,-0.0346494892035524,9.819,87.141,-77.322
"rep10_balanced_moderate_dense_signed_cross_strong_cp0_05_ifeval_min30_n100_p500_H5_G2-2-2-2-2_sep2",10,100,500,5,"2-2-2-2-2","2-2-2-2-2",2,"viroli_smoke","unequal","ifeval_like","balanced_moderate_dense_signed_cross","ifeval_min30","block","loadings","strong",2,3,2,3,0.05,"random",TRUE,22262731,20772531,22262731,22361731,2000,"independent_marginal_mixture","viroli_laplace_gibbs",0.136900712776713,0.160643797875291,-0.023743085098578,0.490957032178743,0.436005831472055,0.054951200706688,0.480497811739274,0.478312934055041,0.00218487768423298,0.117961675252429,0.116203596559818,0.00175807869261099,0.0617902769548859,0.0523212369437711,0.0094690400111148,0.0609491040092898,0.0612783091043055,-0.000329205095015696,4.237,46.816,-42.579
"rep10_balanced_moderate_dense_signed_cross_strong_cp0_05_ifeval_min30_n200_p500_H5_G2-2-2-2-2_sep2",10,200,500,5,"2-2-2-2-2","2-2-2-2-2",2,"viroli_smoke","unequal","ifeval_like","balanced_moderate_dense_signed_cross","ifeval_min30","block","loadings","strong",2,3,2,3,0.05,"random",TRUE,22262731,20772531,22262731,22362731,2000,"independent_marginal_mixture","viroli_laplace_gibbs",0.128126650895854,0.143147101307522,-0.015020450411668,0.353622750309701,0.327257667035752,0.026365083273949,0.336720874067116,0.32511819999344,0.011602674073676,0.037461062720007,0.0335357987936981,0.0039252639263089,0.021751440140688,0.0298161171349122,-0.0080646769942242,0.0185987240754639,0.0176311924446289,0.000967531630835,7.283,56.176,-48.893
"rep10_balanced_moderate_dense_signed_cross_strong_cp0_05_ifeval_min30_n100_p500_H5_G3-3-3-3-3_sep2",10,100,500,5,"3-3-3-3-3","3-3-3-3-3",2,"viroli_smoke","unequal","ifeval_like","balanced_moderate_dense_signed_cross","ifeval_min30","block","loadings","strong",2,3,2,3,0.05,"random",TRUE,23012731,20772531,23012731,23111731,2000,"independent_marginal_mixture","viroli_laplace_gibbs",0.15111411109741,0.172877333046674,-0.021763221949264,0.507201229325337,0.383347064175717,0.12385416514962,0.262972594403211,0.277721476823873,-0.014748882420662,0.283409092764642,0.250145033740158,0.033264059024484,0.265635503929924,0.270182861395077,-0.004547357465153,0.103442191333252,0.10083548824639,0.00260670308686199,5.645,47.681,-42.036
"rep10_balanced_moderate_dense_signed_cross_strong_cp0_05_ifeval_min30_n200_p500_H5_G3-3-3-3-3_sep2",10,200,500,5,"3-3-3-3-3","3-3-3-3-3",2,"viroli_smoke","unequal","ifeval_like","balanced_moderate_dense_signed_cross","ifeval_min30","block","loadings","strong",2,3,2,3,0.05,"random",TRUE,23012731,20772531,23012731,23112731,2000,"independent_marginal_mixture","viroli_laplace_gibbs",0.132428664631855,0.156792331080106,-0.024363666448251,0.369460138963083,0.276755760195649,0.092704378767434,0.219391826741497,0.244186275266277,-0.02479444852478,0.0602267575521198,0.239770447148291,-0.179543689596171,0.0575162498842353,0.21929765225703,-0.161781402372795,0.024576204169731,0.0820324310210454,-0.0574562268513144,7.615,57.181,-49.566
"rep11_balanced_moderate_dense_signed_cross_strong_cp0_05_ifeval_min30_n100_p500_H10_G2-2-2-2-2-2-2-2-2-2_sep2",11,100,500,10,"2-2-2-2-2-2-2-2-2-2","2-2-2-2-2-2-2-2-2-2",2,"viroli_smoke","unequal","ifeval_like","balanced_moderate_dense_signed_cross","ifeval_min30","block","loadings","strong",2,3,2,3,0.05,"random",TRUE,26762731,21272531,26762731,26871731,2000,"independent_marginal_mixture","viroli_laplace_gibbs",0.134405883414582,0.151205054897359,-0.016799171482777,0.452038513873399,0.404815881876904,0.047222631996495,0.386239520279999,0.373538121692401,0.012701398587598,0.0976818074209725,0.0958009712414917,0.0018808361794808,0.0542128721825759,0.0641009223552402,-0.0098880501726643,0.0508558892078333,0.0499189413620549,0.000936947845778399,4.562,75.681,-71.119
"rep11_balanced_moderate_dense_signed_cross_strong_cp0_05_ifeval_min30_n200_p500_H10_G2-2-2-2-2-2-2-2-2-2_sep2",11,200,500,10,"2-2-2-2-2-2-2-2-2-2","2-2-2-2-2-2-2-2-2-2",2,"viroli_smoke","unequal","ifeval_like","balanced_moderate_dense_signed_cross","ifeval_min30","block","loadings","strong",2,3,2,3,0.05,"random",TRUE,26762731,21272531,26762731,26872731,2000,"independent_marginal_mixture","viroli_laplace_gibbs",0.143309105068621,0.153153396421244,-0.00984429135262302,0.332592336138897,0.310002626773639,0.022589709365258,0.2836154717011,0.273758169724703,0.009857301976397,0.0629370584354387,0.0616858741456921,0.0012511842897466,0.0302499060996136,0.0424900979837335,-0.0122401918841199,0.0327543814632867,0.0322606528099382,0.000493728653348499,8.018,87.842,-79.824
"rep11_balanced_moderate_dense_signed_cross_strong_cp0_05_ifeval_min30_n100_p500_H10_G3-3-3-3-3-3-3-3-3-3_sep2",11,100,500,10,"3-3-3-3-3-3-3-3-3-3","3-3-3-3-3-3-3-3-3-3",2,"viroli_smoke","unequal","ifeval_like","balanced_moderate_dense_signed_cross","ifeval_min30","block","loadings","strong",2,3,2,3,0.05,"random",TRUE,29512731,21272531,29512731,29621731,2000,"independent_marginal_mixture","viroli_laplace_gibbs",0.142576699108123,0.167898025159351,-0.025321326051228,0.450640910773071,0.348087024665608,0.102553886107463,0.386318485500505,0.399261422698816,-0.012942937198311,0.237228663523545,0.257225923135673,-0.019997259612128,0.225485398418503,0.304177560474527,-0.078692162056024,0.138891752208254,0.0853119465953458,0.0535798056129082,12.884,77.279,-64.395
"rep11_balanced_moderate_dense_signed_cross_strong_cp0_05_ifeval_min30_n200_p500_H10_G3-3-3-3-3-3-3-3-3-3_sep2",11,200,500,10,"3-3-3-3-3-3-3-3-3-3","3-3-3-3-3-3-3-3-3-3",2,"viroli_smoke","unequal","ifeval_like","balanced_moderate_dense_signed_cross","ifeval_min30","block","loadings","strong",2,3,2,3,0.05,"random",TRUE,29512731,21272531,29512731,29622731,2000,"independent_marginal_mixture","viroli_laplace_gibbs",0.134405832908597,0.150312804583272,-0.015906971674675,0.326844680755985,0.273343412684247,0.053501268071738,0.290963008551107,0.296395949591479,-0.00543294104037201,0.0942589211076711,0.24376035551056,-0.149501434402889,0.0594684729747346,0.265205905992898,-0.205737433018163,0.0371670065103551,0.0696280799519304,-0.0324610734415753,9.222,87.75,-78.528
"rep11_balanced_moderate_dense_signed_cross_strong_cp0_05_ifeval_min30_n100_p500_H5_G2-2-2-2-2_sep2",11,100,500,5,"2-2-2-2-2","2-2-2-2-2",2,"viroli_smoke","unequal","ifeval_like","balanced_moderate_dense_signed_cross","ifeval_min30","block","loadings","strong",2,3,2,3,0.05,"random",TRUE,22262731,20772531,22262731,22371731,2000,"independent_marginal_mixture","viroli_laplace_gibbs",0.129854025692381,0.15344835642246,-0.023594330730079,0.493780848437357,0.436734026480865,0.057046821956492,0.434461350556885,0.421842463220726,0.012618887336159,0.0888186982022547,0.0858482905273393,0.0029704076749154,0.0506097065397652,0.0459693796427431,0.0046403268970221,0.045738852826356,0.0453882528201908,0.0003506000061652,4.275,46.69,-42.415
"rep11_balanced_moderate_dense_signed_cross_strong_cp0_05_ifeval_min30_n200_p500_H5_G2-2-2-2-2_sep2",11,200,500,5,"2-2-2-2-2","2-2-2-2-2",2,"viroli_smoke","unequal","ifeval_like","balanced_moderate_dense_signed_cross","ifeval_min30","block","loadings","strong",2,3,2,3,0.05,"random",TRUE,22262731,20772531,22262731,22372731,2000,"independent_marginal_mixture","viroli_laplace_gibbs",0.131282285940272,0.145942289801734,-0.014660003861462,0.359348971549687,0.333984776600014,0.025364194949673,0.423540992076425,0.417997873429908,0.00554311864651696,0.0693844653696432,0.0655265994307441,0.0038578659388991,0.0310674504226407,0.038407286636138,-0.0073398362134973,0.0354735714117343,0.0343775832864282,0.0010959881253061,7.325,55.671,-48.346
"rep11_balanced_moderate_dense_signed_cross_strong_cp0_05_ifeval_min30_n100_p500_H5_G3-3-3-3-3_sep2",11,100,500,5,"3-3-3-3-3","3-3-3-3-3",2,"viroli_smoke","unequal","ifeval_like","balanced_moderate_dense_signed_cross","ifeval_min30","block","loadings","strong",2,3,2,3,0.05,"random",TRUE,23012731,20772531,23012731,23121731,2000,"independent_marginal_mixture","viroli_laplace_gibbs",0.153905046281897,0.172804445585861,-0.018899399303964,0.497611533714577,0.357345085927214,0.140266447787363,0.323720476278326,0.323396170689753,0.000324305588572993,0.345641481580881,0.249237157732692,0.096404323848189,0.246361894927834,0.264211602169863,-0.017849707242029,0.104013288281423,0.0944356477804725,0.0095776405009505,5.497,46.802,-41.305
"rep11_balanced_moderate_dense_signed_cross_strong_cp0_05_ifeval_min30_n200_p500_H5_G3-3-3-3-3_sep2",11,200,500,5,"3-3-3-3-3","3-3-3-3-3",2,"viroli_smoke","unequal","ifeval_like","balanced_moderate_dense_signed_cross","ifeval_min30","block","loadings","strong",2,3,2,3,0.05,"random",TRUE,23012731,20772531,23012731,23122731,2000,"independent_marginal_mixture","viroli_laplace_gibbs",0.136399279848779,0.156660289046633,-0.020261009197854,0.367365344846976,0.290394316824161,0.076971028022815,0.228868673380268,0.245233398267978,-0.01636472488771,0.0912714472900461,0.20483272608942,-0.113561278799374,0.0612835132703971,0.17551532979298,-0.114231816522583,0.0392456059188324,0.0901602233619914,-0.050914617443159,8.294,55.935,-47.641
"rep12_balanced_moderate_dense_signed_cross_strong_cp0_05_ifeval_min30_n100_p500_H10_G2-2-2-2-2-2-2-2-2-2_sep2",12,100,500,10,"2-2-2-2-2-2-2-2-2-2","2-2-2-2-2-2-2-2-2-2",2,"viroli_smoke","unequal","ifeval_like","balanced_moderate_dense_signed_cross","ifeval_min30","block","loadings","strong",2,3,2,3,0.05,"random",TRUE,26762731,21272531,26762731,26881731,2000,"independent_marginal_mixture","viroli_laplace_gibbs",0.149001489688401,0.162500555718162,-0.013499066029761,0.453209297364663,0.402918699114123,0.05029059825054,0.518802519267415,0.518621120476858,0.000181398790557008,0.138568610298383,0.132360463613566,0.00620814668481701,0.0532599317440852,0.0616340320770535,-0.0083741003329683,0.0699355599481727,0.0686209045097894,0.0013146554383833,4.741,75.449,-70.708
"rep12_balanced_moderate_dense_signed_cross_strong_cp0_05_ifeval_min30_n200_p500_H10_G2-2-2-2-2-2-2-2-2-2_sep2",12,200,500,10,"2-2-2-2-2-2-2-2-2-2","2-2-2-2-2-2-2-2-2-2",2,"viroli_smoke","unequal","ifeval_like","balanced_moderate_dense_signed_cross","ifeval_min30","block","loadings","strong",2,3,2,3,0.05,"random",TRUE,26762731,21272531,26762731,26882731,2000,"independent_marginal_mixture","viroli_laplace_gibbs",0.138886016406683,0.147236076788032,-0.008350060381349,0.322055981451506,0.300416974966243,0.021639006485263,0.265217366682909,0.261633726339903,0.00358364034300601,0.0637910029223857,0.0623527589161343,0.00143824400625139,0.0287511913785226,0.0401391424734818,-0.0113879510949592,0.033147360814056,0.0322942210212584,0.000853139792797594,7.85,87.05,-79.2
"rep12_balanced_moderate_dense_signed_cross_strong_cp0_05_ifeval_min30_n100_p500_H10_G3-3-3-3-3-3-3-3-3-3_sep2",12,100,500,10,"3-3-3-3-3-3-3-3-3-3","3-3-3-3-3-3-3-3-3-3",2,"viroli_smoke","unequal","ifeval_like","balanced_moderate_dense_signed_cross","ifeval_min30","block","loadings","strong",2,3,2,3,0.05,"random",TRUE,29512731,21272531,29512731,29631731,2000,"independent_marginal_mixture","viroli_laplace_gibbs",0.140007829973311,0.160736433890278,-0.020728603916967,0.445300521415554,0.347193939905185,0.098106581510369,0.341814431628568,0.35685314424381,-0.015038712615242,0.292012016122892,0.251873509022078,0.040138507100814,0.254061156759567,0.292168555412907,-0.03810739865334,0.161149199907347,0.0906541576295993,0.0704950422777477,12.567,76.911,-64.344
"rep12_balanced_moderate_dense_signed_cross_strong_cp0_05_ifeval_min30_n200_p500_H10_G3-3-3-3-3-3-3-3-3-3_sep2",12,200,500,10,"3-3-3-3-3-3-3-3-3-3","3-3-3-3-3-3-3-3-3-3",2,"viroli_smoke","unequal","ifeval_like","balanced_moderate_dense_signed_cross","ifeval_min30","block","loadings","strong",2,3,2,3,0.05,"random",TRUE,29512731,21272531,29512731,29632731,2000,"independent_marginal_mixture","viroli_laplace_gibbs",0.134335828320063,0.149044591969586,-0.014708763649523,0.320735800067586,0.259275230635749,0.061460569431837,0.219401373719219,0.230325981721757,-0.010924608002538,0.155013236634289,0.269568800108482,-0.114555563474193,0.107549724183045,0.263493848544607,-0.155944124361562,0.106613221761663,0.104458075459182,0.00215514630248101,9.244,88.237,-78.993
"rep12_balanced_moderate_dense_signed_cross_strong_cp0_05_ifeval_min30_n100_p500_H5_G2-2-2-2-2_sep2",12,100,500,5,"2-2-2-2-2","2-2-2-2-2",2,"viroli_smoke","unequal","ifeval_like","balanced_moderate_dense_signed_cross","ifeval_min30","block","loadings","strong",2,3,2,3,0.05,"random",TRUE,22262731,20772531,22262731,22381731,2000,"independent_marginal_mixture","viroli_laplace_gibbs",0.147567533456945,0.175678120513259,-0.028110587056314,0.500585454092483,0.445889902724757,0.054695551367726,0.437363363731063,0.4151231738717,0.022240189859363,0.077538014539235,0.074579798476811,0.00295821606242401,0.0550402598409149,0.0549187489008164,0.000121510940098504,0.0403257288564551,0.0389889962389498,0.0013367326175053,4.357,46.999,-42.642
"rep12_balanced_moderate_dense_signed_cross_strong_cp0_05_ifeval_min30_n200_p500_H5_G2-2-2-2-2_sep2",12,200,500,5,"2-2-2-2-2","2-2-2-2-2",2,"viroli_smoke","unequal","ifeval_like","balanced_moderate_dense_signed_cross","ifeval_min30","block","loadings","strong",2,3,2,3,0.05,"random",TRUE,22262731,20772531,22262731,22382731,2000,"independent_marginal_mixture","viroli_laplace_gibbs",0.128636216074533,0.142564964328084,-0.013928748253551,0.355454190924315,0.331978941155389,0.023475249768926,0.33107578047219,0.32867277024979,0.00240301022239997,0.067257639256811,0.0676036680980191,-0.000346028841208101,0.0385342469136434,0.038057981048535,0.000476265865108398,0.0346323265382337,0.0352715506891103,-0.000639224150876604,7.395,55.814,-48.419
"rep12_balanced_moderate_dense_signed_cross_strong_cp0_05_ifeval_min30_n100_p500_H5_G3-3-3-3-3_sep2",12,100,500,5,"3-3-3-3-3","3-3-3-3-3",2,"viroli_smoke","unequal","ifeval_like","balanced_moderate_dense_signed_cross","ifeval_min30","block","loadings","strong",2,3,2,3,0.05,"random",TRUE,23012731,20772531,23012731,23131731,2000,"independent_marginal_mixture","viroli_laplace_gibbs",0.135938697898272,0.166959823179715,-0.031021125281443,0.497952947017812,0.32977944055511,0.168173506462702,0.360312713721075,0.366081822954834,-0.00576910923375901,0.29093718624188,0.241708708038118,0.049228478203762,0.279219897655087,0.258557271428194,0.020662626226893,0.167789334864427,0.0892704204777642,0.0785189143866628,4.191,46.763,-42.572
"rep12_balanced_moderate_dense_signed_cross_strong_cp0_05_ifeval_min30_n200_p500_H5_G3-3-3-3-3_sep2",12,200,500,5,"3-3-3-3-3","3-3-3-3-3",2,"viroli_smoke","unequal","ifeval_like","balanced_moderate_dense_signed_cross","ifeval_min30","block","loadings","strong",2,3,2,3,0.05,"random",TRUE,23012731,20772531,23012731,23132731,2000,"independent_marginal_mixture","viroli_laplace_gibbs",0.129909511190835,0.154685599987816,-0.024776088796981,0.356630610766665,0.268722576259646,0.087908034507019,0.233891878239847,0.248302507086162,-0.014410628846315,0.0693875217683882,0.223598218148599,-0.154210696380211,0.0579039036279548,0.206881909876691,-0.148978006248736,0.0394845926781308,0.0894278722552835,-0.0499432795771527,8.188,55.99,-47.802
"rep13_balanced_moderate_dense_signed_cross_strong_cp0_05_ifeval_min30_n100_p500_H10_G2-2-2-2-2-2-2-2-2-2_sep2",13,100,500,10,"2-2-2-2-2-2-2-2-2-2","2-2-2-2-2-2-2-2-2-2",2,"viroli_smoke","unequal","ifeval_like","balanced_moderate_dense_signed_cross","ifeval_min30","block","loadings","strong",2,3,2,3,0.05,"random",TRUE,26762731,21272531,26762731,26891731,2000,"independent_marginal_mixture","viroli_laplace_gibbs",0.143260655511038,0.15837067185566,-0.015110016344622,0.45253002206687,0.40452723527246,0.04800278679441,0.351312915264202,0.340637439306162,0.01067547595804,0.0832653121910556,0.0833910989115593,-0.000125786720503701,0.0555975764999726,0.0659329702442933,-0.0103353937443207,0.0431962952150002,0.0427136039829214,0.000482691232078801,4.638,75.867,-71.229
"rep13_balanced_moderate_dense_signed_cross_strong_cp0_05_ifeval_min30_n200_p500_H10_G2-2-2-2-2-2-2-2-2-2_sep2",13,200,500,10,"2-2-2-2-2-2-2-2-2-2","2-2-2-2-2-2-2-2-2-2",2,"viroli_smoke","unequal","ifeval_like","balanced_moderate_dense_signed_cross","ifeval_min30","block","loadings","strong",2,3,2,3,0.05,"random",TRUE,26762731,21272531,26762731,26892731,2000,"independent_marginal_mixture","viroli_laplace_gibbs",0.13742461313957,0.146237599289552,-0.00881298614998199,0.328369682457691,0.306551524613687,0.021818157844004,0.298933879084036,0.288716620702546,0.01021725838149,0.0506630843834617,0.0499483692743322,0.000714715109129495,0.0323383973366902,0.0424991450378312,-0.010160747701141,0.0264493049975184,0.0254928437473875,0.000956461250130901,8.078,86.829,-78.751
"rep13_balanced_moderate_dense_signed_cross_strong_cp0_05_ifeval_min30_n100_p500_H10_G3-3-3-3-3-3-3-3-3-3_sep2",13,100,500,10,"3-3-3-3-3-3-3-3-3-3","3-3-3-3-3-3-3-3-3-3",2,"viroli_smoke","unequal","ifeval_like","balanced_moderate_dense_signed_cross","ifeval_min30","block","loadings","strong",2,3,2,3,0.05,"random",TRUE,29512731,21272531,29512731,29641731,2000,"independent_marginal_mixture","viroli_laplace_gibbs",0.146361076129876,0.16418838940518,-0.017827313275304,0.451218527088105,0.351700333752554,0.099518193335551,0.323060035317602,0.335307997370255,-0.012247962052653,0.325336706118846,0.262590929474555,0.062745776644291,0.253271045546876,0.302468058438568,-0.049197012891692,0.0993398785165892,0.0867436147634245,0.0125962637531647,7.341,75.741,-68.4
"rep13_balanced_moderate_dense_signed_cross_strong_cp0_05_ifeval_min30_n200_p500_H10_G3-3-3-3-3-3-3-3-3-3_sep2",13,200,500,10,"3-3-3-3-3-3-3-3-3-3","3-3-3-3-3-3-3-3-3-3",2,"viroli_smoke","unequal","ifeval_like","balanced_moderate_dense_signed_cross","ifeval_min30","block","loadings","strong",2,3,2,3,0.05,"random",TRUE,29512731,21272531,29512731,29642731,2000,"independent_marginal_mixture","viroli_laplace_gibbs",0.134165980589721,0.14795741893175,-0.013791438342029,0.322027376638083,0.268405879970596,0.053621496667487,0.339903262734368,0.362198854862687,-0.022295592128319,0.184784738444945,0.248400537092866,-0.063615798647921,0.0946046470911529,0.267256723205952,-0.172652076114799,0.0473049068915214,0.0775313663987874,-0.030226459507266,9.287,86.639,-77.352
"rep13_balanced_moderate_dense_signed_cross_strong_cp0_05_ifeval_min30_n100_p500_H5_G2-2-2-2-2_sep2",13,100,500,5,"2-2-2-2-2","2-2-2-2-2",2,"viroli_smoke","unequal","ifeval_like","balanced_moderate_dense_signed_cross","ifeval_min30","block","loadings","strong",2,3,2,3,0.05,"random",TRUE,22262731,20772531,22262731,22391731,2000,"independent_marginal_mixture","viroli_laplace_gibbs",0.137317469901167,0.161347729628291,-0.024030259727124,0.489367034246979,0.433665680185426,0.055701354061553,0.42210501034186,0.408455111012549,0.013649899329311,0.0871657637877913,0.0840914600242473,0.00307430376354399,0.0555324290918404,0.0572632619201467,-0.0017308328283063,0.0448135339677682,0.0445047027797678,0.000308831188000402,4.309,47.329,-43.02
"rep13_balanced_moderate_dense_signed_cross_strong_cp0_05_ifeval_min30_n200_p500_H5_G2-2-2-2-2_sep2",13,200,500,5,"2-2-2-2-2","2-2-2-2-2",2,"viroli_smoke","unequal","ifeval_like","balanced_moderate_dense_signed_cross","ifeval_min30","block","loadings","strong",2,3,2,3,0.05,"random",TRUE,22262731,20772531,22262731,22392731,2000,"independent_marginal_mixture","viroli_laplace_gibbs",0.127846957029703,0.140984119442496,-0.013137162412793,0.354799288290333,0.333341231231132,0.021458057059201,0.379042216724429,0.369089564346386,0.00995265237804299,0.0421674737213001,0.0385174993499548,0.0036499743713453,0.026349575053207,0.0344207754974674,-0.0080712004442604,0.0217774215833511,0.0200742272751094,0.0017031943082417,7.594,56.612,-49.018
"rep13_balanced_moderate_dense_signed_cross_strong_cp0_05_ifeval_min30_n100_p500_H5_G3-3-3-3-3_sep2",13,100,500,5,"3-3-3-3-3","3-3-3-3-3",2,"viroli_smoke","unequal","ifeval_like","balanced_moderate_dense_signed_cross","ifeval_min30","block","loadings","strong",2,3,2,3,0.05,"random",TRUE,23012731,20772531,23012731,23141731,2000,"independent_marginal_mixture","viroli_laplace_gibbs",0.14445104309459,0.17842494402153,-0.03397390092694,0.504428343074062,0.363169116873334,0.141259226200728,0.335474020295127,0.357009964849596,-0.021535944554469,0.268514633500083,0.258804284415761,0.009710349084322,0.240457483299564,0.257316800002355,-0.016859316702791,0.16851959728833,0.110730194858475,0.057789402429855,5.09,47.352,-42.262
"rep13_balanced_moderate_dense_signed_cross_strong_cp0_05_ifeval_min30_n200_p500_H5_G3-3-3-3-3_sep2",13,200,500,5,"3-3-3-3-3","3-3-3-3-3",2,"viroli_smoke","unequal","ifeval_like","balanced_moderate_dense_signed_cross","ifeval_min30","block","loadings","strong",2,3,2,3,0.05,"random",TRUE,23012731,20772531,23012731,23142731,2000,"independent_marginal_mixture","viroli_laplace_gibbs",0.132296780353816,0.153433450426273,-0.021136670072457,0.354364143337265,0.276828611890461,0.077535531446804,0.232187844503739,0.238951828448404,-0.00676398394466501,0.1108153898957,0.248586558538642,-0.137771168642942,0.0575553763342513,0.224551651984051,-0.1669962756498,0.0571069504276417,0.103350469484277,-0.0462435190566353,7.561,56.615,-49.054
"rep14_balanced_moderate_dense_signed_cross_strong_cp0_05_ifeval_min30_n100_p500_H10_G2-2-2-2-2-2-2-2-2-2_sep2",14,100,500,10,"2-2-2-2-2-2-2-2-2-2","2-2-2-2-2-2-2-2-2-2",2,"viroli_smoke","unequal","ifeval_like","balanced_moderate_dense_signed_cross","ifeval_min30","block","loadings","strong",2,3,2,3,0.05,"random",TRUE,26762731,21272531,26762731,26901731,2000,"independent_marginal_mixture","viroli_laplace_gibbs",0.149318929205007,0.162618267867578,-0.013299338662571,0.455108451844476,0.403640661655429,0.051467790189047,0.368558535437403,0.339392310237869,0.029166225199534,0.0467700242744707,0.0483360820020489,-0.00156605772757819,0.0480697071340139,0.0584644089669463,-0.0103947018329324,0.0239047289932681,0.0225685991770003,0.0013361298162678,4.78,76.77,-71.99
"rep14_balanced_moderate_dense_signed_cross_strong_cp0_05_ifeval_min30_n200_p500_H10_G2-2-2-2-2-2-2-2-2-2_sep2",14,200,500,10,"2-2-2-2-2-2-2-2-2-2","2-2-2-2-2-2-2-2-2-2",2,"viroli_smoke","unequal","ifeval_like","balanced_moderate_dense_signed_cross","ifeval_min30","block","loadings","strong",2,3,2,3,0.05,"random",TRUE,26762731,21272531,26762731,26902731,2000,"independent_marginal_mixture","viroli_laplace_gibbs",0.137003275429924,0.143957736179241,-0.00695446074931702,0.32696743442574,0.304422797452919,0.022544636972821,0.271487860425158,0.258898332943492,0.012589527481666,0.0383774257583042,0.0385701771305563,-0.000192751372252102,0.0274533844898519,0.0391507392722137,-0.0116973547823618,0.0197802737068804,0.0188835948129842,0.000896678893896198,8.258,87.714,-79.456
"rep14_balanced_moderate_dense_signed_cross_strong_cp0_05_ifeval_min30_n100_p500_H10_G3-3-3-3-3-3-3-3-3-3_sep2",14,100,500,10,"3-3-3-3-3-3-3-3-3-3","3-3-3-3-3-3-3-3-3-3",2,"viroli_smoke","unequal","ifeval_like","balanced_moderate_dense_signed_cross","ifeval_min30","block","loadings","strong",2,3,2,3,0.05,"random",TRUE,29512731,21272531,29512731,29651731,2000,"independent_marginal_mixture","viroli_laplace_gibbs",0.150468200698518,0.169686358559724,-0.019218157861206,0.44834484470132,0.343559515021622,0.104785329679698,0.385382851807759,0.391380824504707,-0.00599797269694802,0.330818359567776,0.253653727438959,0.077164632128817,0.254647662105323,0.288129617794069,-0.033481955688746,0.127595311618237,0.084510875581088,0.043084436037149,14.974,76.48,-61.506
"rep14_balanced_moderate_dense_signed_cross_strong_cp0_05_ifeval_min30_n200_p500_H10_G3-3-3-3-3-3-3-3-3-3_sep2",14,200,500,10,"3-3-3-3-3-3-3-3-3-3","3-3-3-3-3-3-3-3-3-3",2,"viroli_smoke","unequal","ifeval_like","balanced_moderate_dense_signed_cross","ifeval_min30","block","loadings","strong",2,3,2,3,0.05,"random",TRUE,29512731,21272531,29512731,29652731,2000,"independent_marginal_mixture","viroli_laplace_gibbs",0.133277368838778,0.147204776383995,-0.013927407545217,0.322138972407797,0.285298475562907,0.03684049684489,0.268260273437,0.296844574945604,-0.028584301508604,0.166507602366187,0.210891164306833,-0.044383561940646,0.101775299037078,0.245741328275747,-0.143966029238669,0.0434074649971804,0.0574126672562367,-0.0140052022590563,8.861,87.057,-78.196
"rep14_balanced_moderate_dense_signed_cross_strong_cp0_05_ifeval_min30_n100_p500_H5_G2-2-2-2-2_sep2",14,100,500,5,"2-2-2-2-2","2-2-2-2-2",2,"viroli_smoke","unequal","ifeval_like","balanced_moderate_dense_signed_cross","ifeval_min30","block","loadings","strong",2,3,2,3,0.05,"random",TRUE,22262731,20772531,22262731,22401731,2000,"independent_marginal_mixture","viroli_laplace_gibbs",0.131409880026196,0.160694769284496,-0.0292848892583,0.48891078483984,0.434717718289743,0.054193066550097,0.562814708001597,0.553850773240117,0.00896393476148005,0.118921949521661,0.111681127638587,0.00724082188307401,0.0385019753597216,0.0436741844383365,-0.0051722090786149,0.0608435541304446,0.0591441248670658,0.0016994292633788,4.348,46.772,-42.424
"rep14_balanced_moderate_dense_signed_cross_strong_cp0_05_ifeval_min30_n200_p500_H5_G2-2-2-2-2_sep2",14,200,500,5,"2-2-2-2-2","2-2-2-2-2",2,"viroli_smoke","unequal","ifeval_like","balanced_moderate_dense_signed_cross","ifeval_min30","block","loadings","strong",2,3,2,3,0.05,"random",TRUE,22262731,20772531,22262731,22402731,2000,"independent_marginal_mixture","viroli_laplace_gibbs",0.129719452936511,0.149234151961241,-0.01951469902473,0.353107954748033,0.330226260495268,0.022881694252765,0.389512305562345,0.39355217643727,-0.00403987087492497,0.0840145336148586,0.0814268399054535,0.00258769370940509,0.0333066007482949,0.0372373841487451,-0.0039307834004502,0.0423832964205895,0.041987692088932,0.000395604331657501,7.354,56.517,-49.163
"rep14_balanced_moderate_dense_signed_cross_strong_cp0_05_ifeval_min30_n100_p500_H5_G3-3-3-3-3_sep2",14,100,500,5,"3-3-3-3-3","3-3-3-3-3",2,"viroli_smoke","unequal","ifeval_like","balanced_moderate_dense_signed_cross","ifeval_min30","block","loadings","strong",2,3,2,3,0.05,"random",TRUE,23012731,20772531,23012731,23151731,2000,"independent_marginal_mixture","viroli_laplace_gibbs",0.144352911633233,0.168715392761244,-0.024362481128011,0.512998420603343,0.36277857886378,0.150219841739563,0.326663582132039,0.347075887290493,-0.020412305158454,0.341611276024063,0.25474582373066,0.086865452293403,0.252292483690867,0.262115215250849,-0.00982273155998203,0.148117510031942,0.0955645777405963,0.0525529322913457,4.322,47.378,-43.056
"rep14_balanced_moderate_dense_signed_cross_strong_cp0_05_ifeval_min30_n200_p500_H5_G3-3-3-3-3_sep2",14,200,500,5,"3-3-3-3-3","3-3-3-3-3",2,"viroli_smoke","unequal","ifeval_like","balanced_moderate_dense_signed_cross","ifeval_min30","block","loadings","strong",2,3,2,3,0.05,"random",TRUE,23012731,20772531,23012731,23152731,2000,"independent_marginal_mixture","viroli_laplace_gibbs",0.116801179813555,0.138813592505936,-0.022012412692381,0.372795122838609,0.285837769816424,0.086957353022185,0.243830786317133,0.266044706735223,-0.02221392041809,0.0608341195125312,0.236881949713222,-0.176047830200691,0.0519681479391107,0.222053258970913,-0.170085111031802,0.0332858962581911,0.0817989683377106,-0.0485130720795195,7.721,56.809,-49.088
"rep15_balanced_moderate_dense_signed_cross_strong_cp0_05_ifeval_min30_n100_p500_H10_G2-2-2-2-2-2-2-2-2-2_sep2",15,100,500,10,"2-2-2-2-2-2-2-2-2-2","2-2-2-2-2-2-2-2-2-2",2,"viroli_smoke","unequal","ifeval_like","balanced_moderate_dense_signed_cross","ifeval_min30","block","loadings","strong",2,3,2,3,0.05,"random",TRUE,26762731,21272531,26762731,26911731,2000,"independent_marginal_mixture","viroli_laplace_gibbs",0.138100418486927,0.154366873376886,-0.016266454889959,0.450223269696553,0.39999464026937,0.050228629427183,0.414117579274523,0.395854751305812,0.018262827968711,0.060320682565546,0.0613587659244331,-0.0010380833588871,0.0462780974535367,0.0596373826654025,-0.0133592852118658,0.0306085667400189,0.0302257954026534,0.000382771337365501,4.7,75.751,-71.051
"rep15_balanced_moderate_dense_signed_cross_strong_cp0_05_ifeval_min30_n200_p500_H10_G2-2-2-2-2-2-2-2-2-2_sep2",15,200,500,10,"2-2-2-2-2-2-2-2-2-2","2-2-2-2-2-2-2-2-2-2",2,"viroli_smoke","unequal","ifeval_like","balanced_moderate_dense_signed_cross","ifeval_min30","block","loadings","strong",2,3,2,3,0.05,"random",TRUE,26762731,21272531,26762731,26912731,2000,"independent_marginal_mixture","viroli_laplace_gibbs",0.139086509137565,0.144825412361635,-0.00573890322406997,0.329309307248637,0.306394230373989,0.022915076874648,0.318141499502715,0.312060756356954,0.00608074314576096,0.0664789604098861,0.0659837478330345,0.000495212576851603,0.0261314553019279,0.0392520121284206,-0.0131205568264927,0.0344817712017901,0.0346300310556091,-0.000148259853818999,7.891,87.428,-79.537
"rep15_balanced_moderate_dense_signed_cross_strong_cp0_05_ifeval_min30_n100_p500_H10_G3-3-3-3-3-3-3-3-3-3_sep2",15,100,500,10,"3-3-3-3-3-3-3-3-3-3","3-3-3-3-3-3-3-3-3-3",2,"viroli_smoke","unequal","ifeval_like","balanced_moderate_dense_signed_cross","ifeval_min30","block","loadings","strong",2,3,2,3,0.05,"random",TRUE,29512731,21272531,29512731,29661731,2000,"independent_marginal_mixture","viroli_laplace_gibbs",0.144158894758612,0.164209332034679,-0.020050437276067,0.455519954251387,0.361557320696429,0.093962633554958,0.309686172139589,0.315360487838367,-0.00567431569877802,0.224793860785725,0.263821197648562,-0.039027336862837,0.228841495385401,0.315082079040582,-0.086240583655181,0.0569360551958707,0.0854140765355674,-0.0284780213396967,9.252,76.888,-67.636
"rep15_balanced_moderate_dense_signed_cross_strong_cp0_05_ifeval_min30_n200_p500_H10_G3-3-3-3-3-3-3-3-3-3_sep2",15,200,500,10,"3-3-3-3-3-3-3-3-3-3","3-3-3-3-3-3-3-3-3-3",2,"viroli_smoke","unequal","ifeval_like","balanced_moderate_dense_signed_cross","ifeval_min30","block","loadings","strong",2,3,2,3,0.05,"random",TRUE,29512731,21272531,29512731,29662731,2000,"independent_marginal_mixture","viroli_laplace_gibbs",0.134839597061814,0.149485942248053,-0.014646345186239,0.32736753080825,0.278245734272566,0.049121796535684,0.255239860265206,0.266767644182608,-0.011527783917402,0.159619348715823,0.245794112499776,-0.086174763783953,0.102781183744987,0.264703883666711,-0.161922699921724,0.0430805443788828,0.0823758826259426,-0.0392953382470598,8.449,88.211,-79.762
"rep15_balanced_moderate_dense_signed_cross_strong_cp0_05_ifeval_min30_n100_p500_H5_G2-2-2-2-2_sep2",15,100,500,5,"2-2-2-2-2","2-2-2-2-2",2,"viroli_smoke","unequal","ifeval_like","balanced_moderate_dense_signed_cross","ifeval_min30","block","loadings","strong",2,3,2,3,0.05,"random",TRUE,22262731,20772531,22262731,22411731,2000,"independent_marginal_mixture","viroli_laplace_gibbs",0.135933586253417,0.163889935488314,-0.027956349234897,0.497465060974492,0.441421163136174,0.056043897838318,0.406260302497191,0.382876097493336,0.023384205003855,0.08697807428039,0.0836679069462986,0.00331016733409141,0.0565808635970824,0.05297038256989,0.0036104810271924,0.0436319933600725,0.0427248502511704,0.000907143108902102,4.354,46.837,-42.483
"rep15_balanced_moderate_dense_signed_cross_strong_cp0_05_ifeval_min30_n200_p500_H5_G2-2-2-2-2_sep2",15,200,500,5,"2-2-2-2-2","2-2-2-2-2",2,"viroli_smoke","unequal","ifeval_like","balanced_moderate_dense_signed_cross","ifeval_min30","block","loadings","strong",2,3,2,3,0.05,"random",TRUE,22262731,20772531,22262731,22412731,2000,"independent_marginal_mixture","viroli_laplace_gibbs",0.125624103149734,0.14186756575809,-0.016243462608356,0.348767478761704,0.322899315244119,0.025868163517585,0.377849601504253,0.369808169143195,0.00804143236105803,0.0743671297568733,0.0711303420497222,0.00323678770715111,0.0300557675348865,0.0357630249950186,-0.0057072574601321,0.0385503845734658,0.0373205957148355,0.0012297888586303,7.346,56.143,-48.797
"rep15_balanced_moderate_dense_signed_cross_strong_cp0_05_ifeval_min30_n100_p500_H5_G3-3-3-3-3_sep2",15,100,500,5,"3-3-3-3-3","3-3-3-3-3",2,"viroli_smoke","unequal","ifeval_like","balanced_moderate_dense_signed_cross","ifeval_min30","block","loadings","strong",2,3,2,3,0.05,"random",TRUE,23012731,20772531,23012731,23161731,2000,"independent_marginal_mixture","viroli_laplace_gibbs",0.168322051984176,0.167066090179292,0.00125596180488399,0.513783534654971,0.35991374715746,0.153869787497511,0.474022404210818,0.497884348643536,-0.023861944432718,0.227384374335921,0.242310287575656,-0.014925913239735,0.241374624911507,0.274482897878133,-0.033108272966626,0.162982665339332,0.0866632760155798,0.0763193893237522,3.496,47.302,-43.806
"rep15_balanced_moderate_dense_signed_cross_strong_cp0_05_ifeval_min30_n200_p500_H5_G3-3-3-3-3_sep2",15,200,500,5,"3-3-3-3-3","3-3-3-3-3",2,"viroli_smoke","unequal","ifeval_like","balanced_moderate_dense_signed_cross","ifeval_min30","block","loadings","strong",2,3,2,3,0.05,"random",TRUE,23012731,20772531,23012731,23162731,2000,"independent_marginal_mixture","viroli_laplace_gibbs",0.126633316035764,0.153708042361181,-0.027074726325417,0.360349841949017,0.276720501516903,0.083629340432114,0.298732054189291,0.356361014556486,-0.057628960367195,0.0891889807913177,0.243333613268156,-0.154144632476838,0.0791554885752679,0.23186633245303,-0.152710843877762,0.0349530280686777,0.0918199553202387,-0.056866927251561,7.908,56.119,-48.211
"rep16_balanced_moderate_dense_signed_cross_strong_cp0_05_ifeval_min30_n100_p500_H10_G2-2-2-2-2-2-2-2-2-2_sep2",16,100,500,10,"2-2-2-2-2-2-2-2-2-2","2-2-2-2-2-2-2-2-2-2",2,"viroli_smoke","unequal","ifeval_like","balanced_moderate_dense_signed_cross","ifeval_min30","block","loadings","strong",2,3,2,3,0.05,"random",TRUE,26762731,21272531,26762731,26921731,2000,"independent_marginal_mixture","viroli_laplace_gibbs",0.141334342227127,0.153955240430009,-0.012620898202882,0.455389739928131,0.405395669664959,0.049994070263172,0.351989272272084,0.352122764871243,-0.000133492599159013,0.10440685408739,0.101557283149143,0.002849570938247,0.056256154143441,0.0667727994469751,-0.0105166453035341,0.053470798799249,0.052991176985133,0.000479621814116003,4.843,75.645,-70.802
"rep16_balanced_moderate_dense_signed_cross_strong_cp0_05_ifeval_min30_n200_p500_H10_G2-2-2-2-2-2-2-2-2-2_sep2",16,200,500,10,"2-2-2-2-2-2-2-2-2-2","2-2-2-2-2-2-2-2-2-2",2,"viroli_smoke","unequal","ifeval_like","balanced_moderate_dense_signed_cross","ifeval_min30","block","loadings","strong",2,3,2,3,0.05,"random",TRUE,26762731,21272531,26762731,26922731,2000,"independent_marginal_mixture","viroli_laplace_gibbs",0.136297255759779,0.14217945823108,-0.005882202471301,0.328769566037856,0.304959409478466,0.02381015655939,0.321274476802666,0.327575395963804,-0.00630091916113795,0.0814981982238959,0.0808145038721285,0.000683694351767392,0.0262713913227084,0.0388071785401375,-0.0125357872174291,0.0417383424883844,0.042310188894972,-0.000571846406587598,7.864,86.364,-78.5
"rep16_balanced_moderate_dense_signed_cross_strong_cp0_05_ifeval_min30_n100_p500_H10_G3-3-3-3-3-3-3-3-3-3_sep2",16,100,500,10,"3-3-3-3-3-3-3-3-3-3","3-3-3-3-3-3-3-3-3-3",2,"viroli_smoke","unequal","ifeval_like","balanced_moderate_dense_signed_cross","ifeval_min30","block","loadings","strong",2,3,2,3,0.05,"random",TRUE,29512731,21272531,29512731,29671731,2000,"independent_marginal_mixture","viroli_laplace_gibbs",0.148134289716539,0.168883563366646,-0.020749273650107,0.450083777733865,0.358122640949969,0.091961136783896,0.29489685022812,0.296677215872512,-0.00178036564439199,0.250931343381466,0.270940025311587,-0.020008681930121,0.212684660667711,0.316738381000092,-0.104053720332381,0.0790483266424604,0.0868944754908628,-0.00784614884840239,8.021,75.954,-67.933
"rep16_balanced_moderate_dense_signed_cross_strong_cp0_05_ifeval_min30_n200_p500_H10_G3-3-3-3-3-3-3-3-3-3_sep2",16,200,500,10,"3-3-3-3-3-3-3-3-3-3","3-3-3-3-3-3-3-3-3-3",2,"viroli_smoke","unequal","ifeval_like","balanced_moderate_dense_signed_cross","ifeval_min30","block","loadings","strong",2,3,2,3,0.05,"random",TRUE,29512731,21272531,29512731,29672731,2000,"independent_marginal_mixture","viroli_laplace_gibbs",0.137772100795151,0.151672086899776,-0.013899986104625,0.324906196993717,0.278407187189996,0.046499009803721,0.244511841746244,0.256398807058249,-0.011886965312005,0.0870877181158214,0.236453722570566,-0.149366004454745,0.0601386183482233,0.280621094913847,-0.220482476565624,0.0278954905587849,0.070426149631245,-0.0425306590724601,9.136,86.789,-77.653
"rep16_balanced_moderate_dense_signed_cross_strong_cp0_05_ifeval_min30_n100_p500_H5_G2-2-2-2-2_sep2",16,100,500,5,"2-2-2-2-2","2-2-2-2-2",2,"viroli_smoke","unequal","ifeval_like","balanced_moderate_dense_signed_cross","ifeval_min30","block","loadings","strong",2,3,2,3,0.05,"random",TRUE,22262731,20772531,22262731,22421731,2000,"independent_marginal_mixture","viroli_laplace_gibbs",0.141359105463726,0.163269031540747,-0.021909926077021,0.487578067095941,0.431246166843623,0.056331900252318,0.440230615874759,0.411900107687,0.028330508187759,0.0676245071394201,0.0613827572344686,0.0062417499049515,0.05646734936272,0.0553851226100259,0.0010822267526941,0.0352779817377386,0.0322871278170667,0.0029908539206719,4.356,48.127,-43.771
"rep16_balanced_moderate_dense_signed_cross_strong_cp0_05_ifeval_min30_n200_p500_H5_G2-2-2-2-2_sep2",16,200,500,5,"2-2-2-2-2","2-2-2-2-2",2,"viroli_smoke","unequal","ifeval_like","balanced_moderate_dense_signed_cross","ifeval_min30","block","loadings","strong",2,3,2,3,0.05,"random",TRUE,22262731,20772531,22262731,22422731,2000,"independent_marginal_mixture","viroli_laplace_gibbs",0.131632152110504,0.149374202869808,-0.017742050759304,0.356657976125013,0.331634072802602,0.025023903322411,0.322203265419231,0.316172581708789,0.00603068371044202,0.0685570598087553,0.0694296892850244,-0.000872629476269093,0.0337754857556561,0.0388232022234791,-0.005047716467823,0.035673554172699,0.036876453142672,-0.00120289896997301,7.151,57.123,-49.972
"rep16_balanced_moderate_dense_signed_cross_strong_cp0_05_ifeval_min30_n100_p500_H5_G3-3-3-3-3_sep2",16,100,500,5,"3-3-3-3-3","3-3-3-3-3",2,"viroli_smoke","unequal","ifeval_like","balanced_moderate_dense_signed_cross","ifeval_min30","block","loadings","strong",2,3,2,3,0.05,"random",TRUE,23012731,20772531,23012731,23171731,2000,"independent_marginal_mixture","viroli_laplace_gibbs",0.166851287703602,0.180086553637388,-0.013235265933786,0.539871578542532,0.415179610812315,0.124691967730217,0.43994179582096,0.459772442386739,-0.019830646565779,0.263244422067411,0.261498962338912,0.00174545972849899,0.241435269367489,0.317293325255738,-0.075858055888249,0.0872411639319285,0.0755230035667294,0.0117181603651991,2.962,46.959,-43.997
"rep16_balanced_moderate_dense_signed_cross_strong_cp0_05_ifeval_min30_n200_p500_H5_G3-3-3-3-3_sep2",16,200,500,5,"3-3-3-3-3","3-3-3-3-3",2,"viroli_smoke","unequal","ifeval_like","balanced_moderate_dense_signed_cross","ifeval_min30","block","loadings","strong",2,3,2,3,0.05,"random",TRUE,23012731,20772531,23012731,23172731,2000,"independent_marginal_mixture","viroli_laplace_gibbs",0.123872735902306,0.148024472458087,-0.024151736555781,0.356878844693432,0.282539391841287,0.074339452852145,0.313917174073004,0.355940789865458,-0.042023615792454,0.073883205501594,0.239595133039729,-0.165711927538135,0.0584925881243583,0.22488979856592,-0.166397210441562,0.0323019730192059,0.0723838856784641,-0.0400819126592582,7.629,56.506,-48.877
"rep17_balanced_moderate_dense_signed_cross_strong_cp0_05_ifeval_min30_n100_p500_H10_G2-2-2-2-2-2-2-2-2-2_sep2",17,100,500,10,"2-2-2-2-2-2-2-2-2-2","2-2-2-2-2-2-2-2-2-2",2,"viroli_smoke","unequal","ifeval_like","balanced_moderate_dense_signed_cross","ifeval_min30","block","loadings","strong",2,3,2,3,0.05,"random",TRUE,26762731,21272531,26762731,26931731,2000,"independent_marginal_mixture","viroli_laplace_gibbs",0.134363856059649,0.151917791986615,-0.017553935926966,0.451215924371194,0.403196513303589,0.048019411067605,0.404771106353389,0.403343356413718,0.00142774993967099,0.129432162949192,0.125483211952897,0.003948950996295,0.0475343025059624,0.060059453719452,-0.0125251512134896,0.0665552958451378,0.0661889760587654,0.000366319786372388,4.665,75.323,-70.658
"rep17_balanced_moderate_dense_signed_cross_strong_cp0_05_ifeval_min30_n200_p500_H10_G2-2-2-2-2-2-2-2-2-2_sep2",17,200,500,10,"2-2-2-2-2-2-2-2-2-2","2-2-2-2-2-2-2-2-2-2",2,"viroli_smoke","unequal","ifeval_like","balanced_moderate_dense_signed_cross","ifeval_min30","block","loadings","strong",2,3,2,3,0.05,"random",TRUE,26762731,21272531,26762731,26932731,2000,"independent_marginal_mixture","viroli_laplace_gibbs",0.13860360594476,0.144793746998725,-0.00619014105396498,0.325107715321881,0.300553787399483,0.024553927922398,0.35354604100099,0.348948827366928,0.00459721363406201,0.0752908018990426,0.0726001691392336,0.00269063275980899,0.0291316255774006,0.0392924450615676,-0.010160819484167,0.0389700216432441,0.0379731568171286,0.000996864826115496,7.941,86.133,-78.192
"rep17_balanced_moderate_dense_signed_cross_strong_cp0_05_ifeval_min30_n100_p500_H10_G3-3-3-3-3-3-3-3-3-3_sep2",17,100,500,10,"3-3-3-3-3-3-3-3-3-3","3-3-3-3-3-3-3-3-3-3",2,"viroli_smoke","unequal","ifeval_like","balanced_moderate_dense_signed_cross","ifeval_min30","block","loadings","strong",2,3,2,3,0.05,"random",TRUE,29512731,21272531,29512731,29681731,2000,"independent_marginal_mixture","viroli_laplace_gibbs",0.146404984089749,0.164912167414635,-0.018507183324886,0.454152778431542,0.360855371172794,0.093297407258748,0.315297594816672,0.321406364356761,-0.00610876954008899,0.277666893425046,0.256110164625396,0.02155672879965,0.252881623510789,0.295141462379404,-0.042259838868615,0.106617932403207,0.0909063132568557,0.0157116191463513,11.712,76.114,-64.402
"rep17_balanced_moderate_dense_signed_cross_strong_cp0_05_ifeval_min30_n200_p500_H10_G3-3-3-3-3-3-3-3-3-3_sep2",17,200,500,10,"3-3-3-3-3-3-3-3-3-3","3-3-3-3-3-3-3-3-3-3",2,"viroli_smoke","unequal","ifeval_like","balanced_moderate_dense_signed_cross","ifeval_min30","block","loadings","strong",2,3,2,3,0.05,"random",TRUE,29512731,21272531,29512731,29682731,2000,"independent_marginal_mixture","viroli_laplace_gibbs",0.127970883565462,0.144125125990859,-0.016154242425397,0.323906163291573,0.265121874069349,0.058784289222224,0.245359838306216,0.256018912728005,-0.010659074421789,0.0713832164376907,0.250596055063754,-0.179212838626063,0.0511186297246913,0.263762593112091,-0.2126439633874,0.039010737316769,0.080270439789418,-0.041259702472649,9.684,87.227,-77.543
"rep17_balanced_moderate_dense_signed_cross_strong_cp0_05_ifeval_min30_n100_p500_H5_G2-2-2-2-2_sep2",17,100,500,5,"2-2-2-2-2","2-2-2-2-2",2,"viroli_smoke","unequal","ifeval_like","balanced_moderate_dense_signed_cross","ifeval_min30","block","loadings","strong",2,3,2,3,0.05,"random",TRUE,22262731,20772531,22262731,22431731,2000,"independent_marginal_mixture","viroli_laplace_gibbs",0.132215502426981,0.160702619488908,-0.028487117061927,0.485002686845081,0.431050933672033,0.053951753173048,0.428398068416312,0.416998624887649,0.011399443528663,0.0855961713987429,0.0852409129138243,0.000355258484918602,0.044602805980903,0.0465124487351769,-0.0019096427542739,0.0439015884558272,0.0445930450099486,-0.000691456554121402,4.242,46.616,-42.374
"rep17_balanced_moderate_dense_signed_cross_strong_cp0_05_ifeval_min30_n200_p500_H5_G2-2-2-2-2_sep2",17,200,500,5,"2-2-2-2-2","2-2-2-2-2",2,"viroli_smoke","unequal","ifeval_like","balanced_moderate_dense_signed_cross","ifeval_min30","block","loadings","strong",2,3,2,3,0.05,"random",TRUE,22262731,20772531,22262731,22432731,2000,"independent_marginal_mixture","viroli_laplace_gibbs",0.132954124842744,0.146843225760785,-0.013889100918041,0.358577382881154,0.332592684457771,0.025984698423383,0.345610949722265,0.345377867276517,0.000233082445748045,0.0599971103640158,0.0576857469843319,0.00231136337968391,0.0292049489073441,0.0333823457925921,-0.004177396885248,0.0308673652102007,0.0302677017935694,0.000599663416631303,7.337,55.924,-48.587
"rep17_balanced_moderate_dense_signed_cross_strong_cp0_05_ifeval_min30_n100_p500_H5_G3-3-3-3-3_sep2",17,100,500,5,"3-3-3-3-3","3-3-3-3-3",2,"viroli_smoke","unequal","ifeval_like","balanced_moderate_dense_signed_cross","ifeval_min30","block","loadings","strong",2,3,2,3,0.05,"random",TRUE,23012731,20772531,23012731,23181731,2000,"independent_marginal_mixture","viroli_laplace_gibbs",0.159698029659692,0.186608835268266,-0.026910805608574,0.510904420226886,0.366115257572648,0.144789162654238,0.30519722472459,0.307686843938848,-0.002489619214258,0.270040919588815,0.255722843811584,0.014318075777231,0.196277276722983,0.271326607921254,-0.075049331198271,0.178778186916007,0.0923187166405356,0.0864594702754714,4.774,47.504,-42.73
"rep17_balanced_moderate_dense_signed_cross_strong_cp0_05_ifeval_min30_n200_p500_H5_G3-3-3-3-3_sep2",17,200,500,5,"3-3-3-3-3","3-3-3-3-3",2,"viroli_smoke","unequal","ifeval_like","balanced_moderate_dense_signed_cross","ifeval_min30","block","loadings","strong",2,3,2,3,0.05,"random",TRUE,23012731,20772531,23012731,23182731,2000,"independent_marginal_mixture","viroli_laplace_gibbs",0.134443273511841,0.154267019999218,-0.019823746487377,0.358468655765059,0.290800958699354,0.067667697065705,0.227510351371987,0.244797230503198,-0.017286879131211,0.09814582237645,0.208759228678421,-0.110613406301971,0.0646411666474422,0.199365461514284,-0.134724294866842,0.0385790425449434,0.0694209725678739,-0.0308419300229305,7.416,56.285,-48.869
"rep18_balanced_moderate_dense_signed_cross_strong_cp0_05_ifeval_min30_n100_p500_H10_G2-2-2-2-2-2-2-2-2-2_sep2",18,100,500,10,"2-2-2-2-2-2-2-2-2-2","2-2-2-2-2-2-2-2-2-2",2,"viroli_smoke","unequal","ifeval_like","balanced_moderate_dense_signed_cross","ifeval_min30","block","loadings","strong",2,3,2,3,0.05,"random",TRUE,26762731,21272531,26762731,26941731,2000,"independent_marginal_mixture","viroli_laplace_gibbs",0.150259985607869,0.162949896038078,-0.012689910430209,0.453215652279255,0.400459941642293,0.052755710636962,0.334291239239093,0.307159037579681,0.027132201659412,0.0563203688024952,0.0601262385775116,-0.0038058697750164,0.0435400421092726,0.0556869789997285,-0.0121469368904559,0.0287431615862155,0.030581654711227,-0.0018384931250115,4.983,75.986,-71.003
"rep18_balanced_moderate_dense_signed_cross_strong_cp0_05_ifeval_min30_n200_p500_H10_G2-2-2-2-2-2-2-2-2-2_sep2",18,200,500,10,"2-2-2-2-2-2-2-2-2-2","2-2-2-2-2-2-2-2-2-2",2,"viroli_smoke","unequal","ifeval_like","balanced_moderate_dense_signed_cross","ifeval_min30","block","loadings","strong",2,3,2,3,0.05,"random",TRUE,26762731,21272531,26762731,26942731,2000,"independent_marginal_mixture","viroli_laplace_gibbs",0.136985911236779,0.145193663012151,-0.008207751775372,0.325752318922528,0.303909552677878,0.02184276624465,0.287868381041978,0.290672360504637,-0.00280397946265903,0.0716312580003283,0.070465067761949,0.0011661902383793,0.0299507418162892,0.0391655586097168,-0.0092148167934276,0.0374670374038965,0.0372035916053123,0.0002634457985842,8.724,86.846,-78.122
"rep18_balanced_moderate_dense_signed_cross_strong_cp0_05_ifeval_min30_n100_p500_H10_G3-3-3-3-3-3-3-3-3-3_sep2",18,100,500,10,"3-3-3-3-3-3-3-3-3-3","3-3-3-3-3-3-3-3-3-3",2,"viroli_smoke","unequal","ifeval_like","balanced_moderate_dense_signed_cross","ifeval_min30","block","loadings","strong",2,3,2,3,0.05,"random",TRUE,29512731,21272531,29512731,29691731,2000,"independent_marginal_mixture","viroli_laplace_gibbs",0.146864839184427,0.169959652310454,-0.023094813126027,0.447190286683777,0.346479573470849,0.100710713212928,0.353169561307338,0.354370206106432,-0.00120064479909399,0.275359299991188,0.255120114372063,0.020239185619125,0.237772670251349,0.311444642707934,-0.073671972456585,0.12891309444185,0.0788792539239975,0.0500338405178525,7.371,75.707,-68.336
"rep18_balanced_moderate_dense_signed_cross_strong_cp0_05_ifeval_min30_n200_p500_H10_G3-3-3-3-3-3-3-3-3-3_sep2",18,200,500,10,"3-3-3-3-3-3-3-3-3-3","3-3-3-3-3-3-3-3-3-3",2,"viroli_smoke","unequal","ifeval_like","balanced_moderate_dense_signed_cross","ifeval_min30","block","loadings","strong",2,3,2,3,0.05,"random",TRUE,29512731,21272531,29512731,29692731,2000,"independent_marginal_mixture","viroli_laplace_gibbs",0.128830545522661,0.142797031469719,-0.013966485947058,0.316440828551544,0.252003442862652,0.064437385688892,0.298191622378247,0.313233778260056,-0.015042155881809,0.0769962505311368,0.242085967168046,-0.165089716636909,0.0571590582440233,0.270061182497281,-0.212902124253258,0.0398043419515175,0.0812237643992202,-0.0414194224477027,8.566,86.802,-78.236
"rep18_balanced_moderate_dense_signed_cross_strong_cp0_05_ifeval_min30_n100_p500_H5_G2-2-2-2-2_sep2",18,100,500,5,"2-2-2-2-2","2-2-2-2-2",2,"viroli_smoke","unequal","ifeval_like","balanced_moderate_dense_signed_cross","ifeval_min30","block","loadings","strong",2,3,2,3,0.05,"random",TRUE,22262731,20772531,22262731,22441731,2000,"independent_marginal_mixture","viroli_laplace_gibbs",0.137601348624099,0.158140950540302,-0.020539601916203,0.490092625883029,0.431954729755128,0.058137896127901,0.4592865298665,0.437140958663441,0.022145571203059,0.0545675504192407,0.0532211620726329,0.0013463883466078,0.0506806058654993,0.051335606134338,-0.000655000268838697,0.0284813952543275,0.0273495822389279,0.0011318130153996,4.366,46.736,-42.37
"rep18_balanced_moderate_dense_signed_cross_strong_cp0_05_ifeval_min30_n200_p500_H5_G2-2-2-2-2_sep2",18,200,500,5,"2-2-2-2-2","2-2-2-2-2",2,"viroli_smoke","unequal","ifeval_like","balanced_moderate_dense_signed_cross","ifeval_min30","block","loadings","strong",2,3,2,3,0.05,"random",TRUE,22262731,20772531,22262731,22442731,2000,"independent_marginal_mixture","viroli_laplace_gibbs",0.134073164171803,0.149199190623332,-0.015126026451529,0.357863230508948,0.330450849255217,0.027412381253731,0.251262671887836,0.244823222266805,0.00643944962103102,0.0906275089191875,0.0903761989263221,0.000251309992865406,0.0390596466602172,0.0375623297579338,0.0014973169022834,0.0466157127275142,0.0470590996879176,-0.0004433869604034,7.373,55.57,-48.197
"rep18_balanced_moderate_dense_signed_cross_strong_cp0_05_ifeval_min30_n100_p500_H5_G3-3-3-3-3_sep2",18,100,500,5,"3-3-3-3-3","3-3-3-3-3",2,"viroli_smoke","unequal","ifeval_like","balanced_moderate_dense_signed_cross","ifeval_min30","block","loadings","strong",2,3,2,3,0.05,"random",TRUE,23012731,20772531,23012731,23191731,2000,"independent_marginal_mixture","viroli_laplace_gibbs",0.139097410870439,0.174177631108566,-0.035080220238127,0.513506237568882,0.365582875590257,0.147923361978625,0.293088093081359,0.309451617976124,-0.016363524894765,0.298488617841257,0.241921419743608,0.056567198097649,0.249573974209494,0.273008030400546,-0.023434056191052,0.198968429743606,0.0751920070966709,0.123776422646935,4.491,46.981,-42.49
"rep18_balanced_moderate_dense_signed_cross_strong_cp0_05_ifeval_min30_n200_p500_H5_G3-3-3-3-3_sep2",18,200,500,5,"3-3-3-3-3","3-3-3-3-3",2,"viroli_smoke","unequal","ifeval_like","balanced_moderate_dense_signed_cross","ifeval_min30","block","loadings","strong",2,3,2,3,0.05,"random",TRUE,23012731,20772531,23012731,23192731,2000,"independent_marginal_mixture","viroli_laplace_gibbs",0.122794216699373,0.147667895084113,-0.02487367838474,0.364522557012036,0.312483289082325,0.052039267929711,0.296013101581082,0.341815578331443,-0.045802476750361,0.0604947810097582,0.226591811846657,-0.166097030836899,0.0593846574874357,0.242109075913443,-0.182724418426007,0.0354016779102644,0.064566752401904,-0.0291650744916396,7.523,56.362,-48.839
"rep19_balanced_moderate_dense_signed_cross_strong_cp0_05_ifeval_min30_n100_p500_H10_G2-2-2-2-2-2-2-2-2-2_sep2",19,100,500,10,"2-2-2-2-2-2-2-2-2-2","2-2-2-2-2-2-2-2-2-2",2,"viroli_smoke","unequal","ifeval_like","balanced_moderate_dense_signed_cross","ifeval_min30","block","loadings","strong",2,3,2,3,0.05,"random",TRUE,26762731,21272531,26762731,26951731,2000,"independent_marginal_mixture","viroli_laplace_gibbs",0.141567888699806,0.155667418759311,-0.014099530059505,0.455751356330389,0.407210665934369,0.04854069039602,0.352386131897968,0.336373947498433,0.016012184399535,0.0920215643823303,0.0905697073135698,0.00145185706876051,0.0400070603819022,0.0527612341438672,-0.012754173761965,0.0472194371949812,0.0473312344832055,-0.000111797288224302,4.632,76.591,-71.959
"rep19_balanced_moderate_dense_signed_cross_strong_cp0_05_ifeval_min30_n200_p500_H10_G2-2-2-2-2-2-2-2-2-2_sep2",19,200,500,10,"2-2-2-2-2-2-2-2-2-2","2-2-2-2-2-2-2-2-2-2",2,"viroli_smoke","unequal","ifeval_like","balanced_moderate_dense_signed_cross","ifeval_min30","block","loadings","strong",2,3,2,3,0.05,"random",TRUE,26762731,21272531,26762731,26952731,2000,"independent_marginal_mixture","viroli_laplace_gibbs",0.137489636317113,0.143216294911724,-0.005726658594611,0.323462652702133,0.305823562540921,0.017639090161212,0.295709276117356,0.290291880039489,0.00541739607786695,0.0657133204420257,0.0648136256843825,0.000899694757643205,0.0324208558649031,0.042118784354087,-0.0096979284891839,0.0341687363222762,0.0339819253232002,0.000186810999075998,8.048,87.914,-79.866
"rep19_balanced_moderate_dense_signed_cross_strong_cp0_05_ifeval_min30_n100_p500_H10_G3-3-3-3-3-3-3-3-3-3_sep2",19,100,500,10,"3-3-3-3-3-3-3-3-3-3","3-3-3-3-3-3-3-3-3-3",2,"viroli_smoke","unequal","ifeval_like","balanced_moderate_dense_signed_cross","ifeval_min30","block","loadings","strong",2,3,2,3,0.05,"random",TRUE,29512731,21272531,29512731,29701731,2000,"independent_marginal_mixture","viroli_laplace_gibbs",0.142320245668534,0.166716949778168,-0.024396704109634,0.448540091659094,0.346629138458301,0.101910953200793,0.361194264457606,0.368304277540134,-0.00711001308252801,0.324320733003945,0.26112217586896,0.063198557134985,0.26831049490848,0.303037281558797,-0.034726786650317,0.214676517943434,0.0830328916695214,0.131643626273913,7.731,77.243,-69.512
"rep19_balanced_moderate_dense_signed_cross_strong_cp0_05_ifeval_min30_n200_p500_H10_G3-3-3-3-3-3-3-3-3-3_sep2",19,200,500,10,"3-3-3-3-3-3-3-3-3-3","3-3-3-3-3-3-3-3-3-3",2,"viroli_smoke","unequal","ifeval_like","balanced_moderate_dense_signed_cross","ifeval_min30","block","loadings","strong",2,3,2,3,0.05,"random",TRUE,29512731,21272531,29512731,29702731,2000,"independent_marginal_mixture","viroli_laplace_gibbs",0.343996249254146,0.144689744136703,0.199306505117443,0.401797937905568,0.274927930846064,0.126870007059504,0.272237660482473,0.296382839445392,-0.024145178962919,0.193755677167724,0.24839698590458,-0.054641308736856,0.173120866723568,0.263146083485613,-0.090025216762045,0.0521358667475079,0.0755948553423495,-0.0234589885948416,8.917,87.748,-78.831
"rep19_balanced_moderate_dense_signed_cross_strong_cp0_05_ifeval_min30_n100_p500_H5_G2-2-2-2-2_sep2",19,100,500,5,"2-2-2-2-2","2-2-2-2-2",2,"viroli_smoke","unequal","ifeval_like","balanced_moderate_dense_signed_cross","ifeval_min30","block","loadings","strong",2,3,2,3,0.05,"random",TRUE,22262731,20772531,22262731,22451731,2000,"independent_marginal_mixture","viroli_laplace_gibbs",0.125325414609447,0.146106847095156,-0.020781432485709,0.500352938950767,0.45071502245383,0.049637916496937,0.540005266017003,0.539168970841124,0.00083629517587902,0.102691705400882,0.0972047666129159,0.00548693878796611,0.0550076317597429,0.0558731635430042,-0.000865531783261299,0.0540522834844437,0.0513977342940242,0.0026545491904195,4.392,46.798,-42.406
"rep19_balanced_moderate_dense_signed_cross_strong_cp0_05_ifeval_min30_n200_p500_H5_G2-2-2-2-2_sep2",19,200,500,5,"2-2-2-2-2","2-2-2-2-2",2,"viroli_smoke","unequal","ifeval_like","balanced_moderate_dense_signed_cross","ifeval_min30","block","loadings","strong",2,3,2,3,0.05,"random",TRUE,22262731,20772531,22262731,22452731,2000,"independent_marginal_mixture","viroli_laplace_gibbs",0.136056261867522,0.149644973589732,-0.01358871172221,0.361072229292719,0.33344438865461,0.027627840638109,0.361990270588089,0.357551662279049,0.00443860830904003,0.0827041968217249,0.0809330761819383,0.0017711206397866,0.0473540200716712,0.0439992976753179,0.0033547223963533,0.0433968554186254,0.0429689843169059,0.000427871101719504,7.147,55.856,-48.709
"rep19_balanced_moderate_dense_signed_cross_strong_cp0_05_ifeval_min30_n100_p500_H5_G3-3-3-3-3_sep2",19,100,500,5,"3-3-3-3-3","3-3-3-3-3",2,"viroli_smoke","unequal","ifeval_like","balanced_moderate_dense_signed_cross","ifeval_min30","block","loadings","strong",2,3,2,3,0.05,"random",TRUE,23012731,20772531,23012731,23201731,2000,"independent_marginal_mixture","viroli_laplace_gibbs",0.13753080858703,0.171543608350311,-0.034012799763281,0.504121984211211,0.334934566539494,0.169187417671717,0.403454286912663,0.431204328941235,-0.027750042028572,0.26920499926027,0.223035570423806,0.046169428836464,0.232104641278265,0.245065796320067,-0.012961155041802,0.0601963634842878,0.0808421122399803,-0.0206457487556925,9.896,46.865,-36.969
"rep19_balanced_moderate_dense_signed_cross_strong_cp0_05_ifeval_min30_n200_p500_H5_G3-3-3-3-3_sep2",19,200,500,5,"3-3-3-3-3","3-3-3-3-3",2,"viroli_smoke","unequal","ifeval_like","balanced_moderate_dense_signed_cross","ifeval_min30","block","loadings","strong",2,3,2,3,0.05,"random",TRUE,23012731,20772531,23012731,23202731,2000,"independent_marginal_mixture","viroli_laplace_gibbs",0.128167807793447,0.15245274817484,-0.024284940381393,0.359306704664189,0.313003880604941,0.046302824059248,0.218993655823587,0.255593316767449,-0.036599660943862,0.0769771854943274,0.225524785774076,-0.148547600279749,0.0546346409932712,0.198071068338827,-0.143436427345556,0.0429183439314729,0.0793607880203907,-0.0364424440889178,7.572,56.551,-48.979
"rep2_balanced_moderate_dense_signed_cross_strong_cp0_05_ifeval_min30_n100_p500_H10_G2-2-2-2-2-2-2-2-2-2_sep2",2,100,500,10,"2-2-2-2-2-2-2-2-2-2","2-2-2-2-2-2-2-2-2-2",2,"viroli_smoke","unequal","ifeval_like","balanced_moderate_dense_signed_cross","ifeval_min30","block","loadings","strong",2,3,2,3,0.05,"random",TRUE,26762731,21272531,26762731,26781731,2000,"independent_marginal_mixture","viroli_laplace_gibbs",0.141820501114561,0.156235692317103,-0.014415191202542,0.453060546731651,0.400739718171768,0.052320828559883,0.324485993760874,0.306069659558134,0.01841633420274,0.0882881377413876,0.0868026630806005,0.00148547466078711,0.0586997394647559,0.0673389418555624,-0.0086392023908065,0.0453798979422274,0.0442436713429334,0.001136226599294,8.816,75.617,-66.801
"rep2_balanced_moderate_dense_signed_cross_strong_cp0_05_ifeval_min30_n200_p500_H10_G2-2-2-2-2-2-2-2-2-2_sep2",2,200,500,10,"2-2-2-2-2-2-2-2-2-2","2-2-2-2-2-2-2-2-2-2",2,"viroli_smoke","unequal","ifeval_like","balanced_moderate_dense_signed_cross","ifeval_min30","block","loadings","strong",2,3,2,3,0.05,"random",TRUE,26762731,21272531,26762731,26782731,2000,"independent_marginal_mixture","viroli_laplace_gibbs",0.137386260423352,0.144525432645143,-0.007139172221791,0.329344901372534,0.306420870802088,0.022924030570446,0.325912708398469,0.328063015972714,-0.002150307574245,0.108303270343861,0.105415996852257,0.002887273491604,0.0302658604137334,0.0381136006321293,-0.0078477402183959,0.0554877269074352,0.0557317234272659,-0.000243996519830703,14.849,86.379,-71.53
"rep2_balanced_moderate_dense_signed_cross_strong_cp0_05_ifeval_min30_n100_p500_H10_G3-3-3-3-3-3-3-3-3-3_sep2",2,100,500,10,"3-3-3-3-3-3-3-3-3-3","3-3-3-3-3-3-3-3-3-3",2,"viroli_smoke","unequal","ifeval_like","balanced_moderate_dense_signed_cross","ifeval_min30","block","loadings","strong",2,3,2,3,0.05,"random",TRUE,29512731,21272531,29512731,29531731,2000,"independent_marginal_mixture","viroli_laplace_gibbs",0.1492307472917,0.168606528733658,-0.019375781441958,0.450854262646463,0.357402689421374,0.093451573225089,0.309169296786767,0.32196101575236,-0.012791718965593,0.282337588910506,0.252618060813106,0.0297195280974,0.252003269664119,0.281556591556606,-0.029553321892487,0.158351095903971,0.0914550697936358,0.0668960261103352,18.813,76.382,-57.569
"rep2_balanced_moderate_dense_signed_cross_strong_cp0_05_ifeval_min30_n200_p500_H10_G3-3-3-3-3-3-3-3-3-3_sep2",2,200,500,10,"3-3-3-3-3-3-3-3-3-3","3-3-3-3-3-3-3-3-3-3",2,"viroli_smoke","unequal","ifeval_like","balanced_moderate_dense_signed_cross","ifeval_min30","block","loadings","strong",2,3,2,3,0.05,"random",TRUE,29512731,21272531,29512731,29532731,2000,"independent_marginal_mixture","viroli_laplace_gibbs",0.132919457358851,0.145912394895131,-0.01299293753628,0.321317832634003,0.281467279275928,0.039850553358075,0.264492315019474,0.27358186896044,-0.009089553940966,0.0904613518059377,0.226695605635186,-0.136234253829248,0.0542440846057361,0.251341352443005,-0.197097267837269,0.0407305408659523,0.0691931367547908,-0.0284625958888385,16.893,88.596,-71.703
"rep2_balanced_moderate_dense_signed_cross_strong_cp0_05_ifeval_min30_n100_p500_H5_G2-2-2-2-2_sep2",2,100,500,5,"2-2-2-2-2","2-2-2-2-2",2,"viroli_smoke","unequal","ifeval_like","balanced_moderate_dense_signed_cross","ifeval_min30","block","loadings","strong",2,3,2,3,0.05,"random",TRUE,22262731,20772531,22262731,22281731,2000,"independent_marginal_mixture","viroli_laplace_gibbs",0.131705118644319,0.161178843526494,-0.029473724882175,0.493801189380758,0.435078874688786,0.058722314691972,0.522034309770013,0.517246041930353,0.00478826783966002,0.1236689035585,0.115121526946635,0.00854737661186501,0.041462062416482,0.0430380364540881,-0.0015759740376061,0.0622981360969164,0.0605482026145249,0.0017499334823915,8.302,46.835,-38.533
"rep2_balanced_moderate_dense_signed_cross_strong_cp0_05_ifeval_min30_n200_p500_H5_G2-2-2-2-2_sep2",2,200,500,5,"2-2-2-2-2","2-2-2-2-2",2,"viroli_smoke","unequal","ifeval_like","balanced_moderate_dense_signed_cross","ifeval_min30","block","loadings","strong",2,3,2,3,0.05,"random",TRUE,22262731,20772531,22262731,22282731,2000,"independent_marginal_mixture","viroli_laplace_gibbs",0.132562049510412,0.148171954682633,-0.015609905172221,0.349505809017066,0.32301625126767,0.026489557749396,0.383671382884943,0.373917053551798,0.00975432933314502,0.0778496581713968,0.0746903968869226,0.0031592612844742,0.0347577891752633,0.0395402514394236,-0.0047824622641603,0.040760857541288,0.0396449829199556,0.0011158746213324,14.019,56.103,-42.084
"rep2_balanced_moderate_dense_signed_cross_strong_cp0_05_ifeval_min30_n100_p500_H5_G3-3-3-3-3_sep2",2,100,500,5,"3-3-3-3-3","3-3-3-3-3",2,"viroli_smoke","unequal","ifeval_like","balanced_moderate_dense_signed_cross","ifeval_min30","block","loadings","strong",2,3,2,3,0.05,"random",TRUE,23012731,20772531,23012731,23031731,2000,"independent_marginal_mixture","viroli_laplace_gibbs",0.138718827887155,0.182520420434945,-0.04380159254779,0.52353033402377,0.411927510529558,0.111602823494212,0.277526809478369,0.30807571618424,-0.030548906705871,0.243613729658435,0.262161080215331,-0.018547350556896,0.213789333098938,0.268235394998314,-0.054446061899376,0.157083480865858,0.103873730720993,0.053209750144865,9.68,46.97,-37.29
"rep2_balanced_moderate_dense_signed_cross_strong_cp0_05_ifeval_min30_n200_p500_H5_G3-3-3-3-3_sep2",2,200,500,5,"3-3-3-3-3","3-3-3-3-3",2,"viroli_smoke","unequal","ifeval_like","balanced_moderate_dense_signed_cross","ifeval_min30","block","loadings","strong",2,3,2,3,0.05,"random",TRUE,23012731,20772531,23012731,23032731,2000,"independent_marginal_mixture","viroli_laplace_gibbs",0.12375504565953,0.149373623859147,-0.025618578199617,0.377829495221971,0.318180899039951,0.05964859618202,0.262112446091803,0.316890707002604,-0.054778260910801,0.0723357910644782,0.228700412142245,-0.156364621077767,0.0545410603147663,0.206258594384324,-0.151717534069558,0.0282439502009583,0.0608817259821714,-0.0326377757812131,14.522,56.359,-41.837
"rep20_balanced_moderate_dense_signed_cross_strong_cp0_05_ifeval_min30_n100_p500_H10_G2-2-2-2-2-2-2-2-2-2_sep2",20,100,500,10,"2-2-2-2-2-2-2-2-2-2","2-2-2-2-2-2-2-2-2-2",2,"viroli_smoke","unequal","ifeval_like","balanced_moderate_dense_signed_cross","ifeval_min30","block","loadings","strong",2,3,2,3,0.05,"random",TRUE,26762731,21272531,26762731,26961731,2000,"independent_marginal_mixture","viroli_laplace_gibbs",0.14023583224008,0.158941722529583,-0.018705890289503,0.455173179196108,0.405562719549263,0.049610459646845,0.372875650536389,0.373894213812906,-0.001018563276517,0.129643669537478,0.12433196022068,0.005311709316798,0.0587181288670658,0.0649285817228764,-0.00621045285581059,0.0673186267514672,0.0658919232138741,0.0014267035375931,4.867,75.887,-71.02
"rep20_balanced_moderate_dense_signed_cross_strong_cp0_05_ifeval_min30_n200_p500_H10_G2-2-2-2-2-2-2-2-2-2_sep2",20,200,500,10,"2-2-2-2-2-2-2-2-2-2","2-2-2-2-2-2-2-2-2-2",2,"viroli_smoke","unequal","ifeval_like","balanced_moderate_dense_signed_cross","ifeval_min30","block","loadings","strong",2,3,2,3,0.05,"random",TRUE,26762731,21272531,26762731,26962731,2000,"independent_marginal_mixture","viroli_laplace_gibbs",0.135601053262279,0.141919211668471,-0.00631815840619199,0.332000266710385,0.309057857722155,0.02294240898823,0.264134915743857,0.260702726246504,0.00343218949735302,0.0703794239976336,0.0690696255235589,0.0013097984740747,0.0294152481325317,0.0390996794732058,-0.0096844313406741,0.0363852071313321,0.0364740787809344,-8.88716496022998e-05,8.734,86.482,-77.748
"rep20_balanced_moderate_dense_signed_cross_strong_cp0_05_ifeval_min30_n100_p500_H10_G3-3-3-3-3-3-3-3-3-3_sep2",20,100,500,10,"3-3-3-3-3-3-3-3-3-3","3-3-3-3-3-3-3-3-3-3",2,"viroli_smoke","unequal","ifeval_like","balanced_moderate_dense_signed_cross","ifeval_min30","block","loadings","strong",2,3,2,3,0.05,"random",TRUE,29512731,21272531,29512731,29711731,2000,"independent_marginal_mixture","viroli_laplace_gibbs",0.148425869602445,0.166489862050591,-0.018063992448146,0.458483590552267,0.366062272981273,0.092421317570994,0.311476975953225,0.322008383275831,-0.010531407322606,0.280475859246501,0.273934093356164,0.006541765890337,0.233519534956124,0.321734618451228,-0.088215083495104,0.0576770453199314,0.087623197945495,-0.0299461526255636,14.107,76.2,-62.093
"rep20_balanced_moderate_dense_signed_cross_strong_cp0_05_ifeval_min30_n200_p500_H10_G3-3-3-3-3-3-3-3-3-3_sep2",20,200,500,10,"3-3-3-3-3-3-3-3-3-3","3-3-3-3-3-3-3-3-3-3",2,"viroli_smoke","unequal","ifeval_like","balanced_moderate_dense_signed_cross","ifeval_min30","block","loadings","strong",2,3,2,3,0.05,"random",TRUE,29512731,21272531,29512731,29712731,2000,"independent_marginal_mixture","viroli_laplace_gibbs",0.132314806847696,0.147441175995748,-0.015126369148052,0.324272570048951,0.275633614824549,0.048638955224402,0.276112036360898,0.298553900455529,-0.022441864094631,0.102291963693261,0.25912106336003,-0.156829099666769,0.065201372127855,0.285207305245411,-0.220005933117556,0.0367998876549527,0.0818171005195531,-0.0450172128646004,8.995,88.589,-79.594
"rep20_balanced_moderate_dense_signed_cross_strong_cp0_05_ifeval_min30_n100_p500_H5_G2-2-2-2-2_sep2",20,100,500,5,"2-2-2-2-2","2-2-2-2-2",2,"viroli_smoke","unequal","ifeval_like","balanced_moderate_dense_signed_cross","ifeval_min30","block","loadings","strong",2,3,2,3,0.05,"random",TRUE,22262731,20772531,22262731,22461731,2000,"independent_marginal_mixture","viroli_laplace_gibbs",0.139954605955385,0.172633979377105,-0.03267937342172,0.48453774828248,0.432515174463684,0.052022573818796,0.530063183708096,0.52819971894526,0.00186346476283605,0.0737622126054804,0.0720593265312515,0.0017028860742289,0.0487746320752283,0.046900684437142,0.0018739476380863,0.0383430825481736,0.0377310464703091,0.000612036077864496,3.602,46.971,-43.369
"rep20_balanced_moderate_dense_signed_cross_strong_cp0_05_ifeval_min30_n200_p500_H5_G2-2-2-2-2_sep2",20,200,500,5,"2-2-2-2-2","2-2-2-2-2",2,"viroli_smoke","unequal","ifeval_like","balanced_moderate_dense_signed_cross","ifeval_min30","block","loadings","strong",2,3,2,3,0.05,"random",TRUE,22262731,20772531,22262731,22462731,2000,"independent_marginal_mixture","viroli_laplace_gibbs",0.131423672216894,0.145032446240887,-0.013608774023993,0.352048800242907,0.321951692636937,0.03009710760597,0.284467292505098,0.265057206773959,0.019410085731139,0.0358572678627219,0.0324008336427777,0.0034564342199442,0.0348105806324488,0.0391296856911715,-0.0043191050587227,0.0178050785079045,0.0166744633617576,0.0011306151461469,7.345,55.863,-48.518
"rep20_balanced_moderate_dense_signed_cross_strong_cp0_05_ifeval_min30_n100_p500_H5_G3-3-3-3-3_sep2",20,100,500,5,"3-3-3-3-3","3-3-3-3-3",2,"viroli_smoke","unequal","ifeval_like","balanced_moderate_dense_signed_cross","ifeval_min30","block","loadings","strong",2,3,2,3,0.05,"random",TRUE,23012731,20772531,23012731,23211731,2000,"independent_marginal_mixture","viroli_laplace_gibbs",0.146467022126815,0.180668821409509,-0.034201799282694,0.52725431663071,0.435722415347691,0.091531901283019,0.279649651160878,0.287887722637729,-0.00823807147685102,0.232229907860329,0.280441513038776,-0.048211605178447,0.181689693754558,0.30048419416335,-0.118794500408792,0.0518109375016584,0.101695427782497,-0.0498844902808386,5.271,47.537,-42.266
"rep20_balanced_moderate_dense_signed_cross_strong_cp0_05_ifeval_min30_n200_p500_H5_G3-3-3-3-3_sep2",20,200,500,5,"3-3-3-3-3","3-3-3-3-3",2,"viroli_smoke","unequal","ifeval_like","balanced_moderate_dense_signed_cross","ifeval_min30","block","loadings","strong",2,3,2,3,0.05,"random",TRUE,23012731,20772531,23012731,23212731,2000,"independent_marginal_mixture","viroli_laplace_gibbs",0.13064688993873,0.150421689710301,-0.019774799771571,0.373567659568395,0.324137716971908,0.049429942596487,0.275953480515149,0.308146510235399,-0.03219302972025,0.0763252720153681,0.238095281327893,-0.161770009312525,0.0612912491934915,0.235895365468995,-0.174604116275504,0.0279673233147352,0.0624343940081299,-0.0344670706933947,6.938,57.186,-50.248
"rep21_balanced_moderate_dense_signed_cross_strong_cp0_05_ifeval_min30_n100_p500_H10_G2-2-2-2-2-2-2-2-2-2_sep2",21,100,500,10,"2-2-2-2-2-2-2-2-2-2","2-2-2-2-2-2-2-2-2-2",2,"viroli_smoke","unequal","ifeval_like","balanced_moderate_dense_signed_cross","ifeval_min30","block","loadings","strong",2,3,2,3,0.05,"random",TRUE,26762731,21272531,26762731,26971731,2000,"independent_marginal_mixture","viroli_laplace_gibbs",0.146873572569826,0.163095824911465,-0.016222252341639,0.454077452858587,0.40346891789073,0.0506085349678571,0.383710391278622,0.368793087689541,0.014917303589081,0.0721332562488139,0.0729143708158587,-0.000781114567044799,0.0462300068245752,0.0601002724510298,-0.0138702656264546,0.0370618874823923,0.0374752048764526,-0.000413317394060302,4.892,76.03,-71.138
"rep21_balanced_moderate_dense_signed_cross_strong_cp0_05_ifeval_min30_n200_p500_H10_G2-2-2-2-2-2-2-2-2-2_sep2",21,200,500,10,"2-2-2-2-2-2-2-2-2-2","2-2-2-2-2-2-2-2-2-2",2,"viroli_smoke","unequal","ifeval_like","balanced_moderate_dense_signed_cross","ifeval_min30","block","loadings","strong",2,3,2,3,0.05,"random",TRUE,26762731,21272531,26762731,26972731,2000,"independent_marginal_mixture","viroli_laplace_gibbs",0.135809556876018,0.144464592075244,-0.008655035199226,0.325208715574387,0.305701007083722,0.019507708490665,0.278443608484811,0.275932290538515,0.002511317946296,0.0736201937948313,0.0722631248181319,0.0013570689766994,0.0303482665021898,0.0428669865288205,-0.0125187200266307,0.0384236941101416,0.0380713651687867,0.000352328941354896,7.863,86.606,-78.743
"rep21_balanced_moderate_dense_signed_cross_strong_cp0_05_ifeval_min30_n100_p500_H10_G3-3-3-3-3-3-3-3-3-3_sep2",21,100,500,10,"3-3-3-3-3-3-3-3-3-3","3-3-3-3-3-3-3-3-3-3",2,"viroli_smoke","unequal","ifeval_like","balanced_moderate_dense_signed_cross","ifeval_min30","block","loadings","strong",2,3,2,3,0.05,"random",TRUE,29512731,21272531,29512731,29721731,2000,"independent_marginal_mixture","viroli_laplace_gibbs",0.149407257253894,0.169373275048457,-0.019966017794563,0.45486564869429,0.359128015970134,0.095737632724156,0.348435723961435,0.366998604228334,-0.018562880266899,0.299174112555626,0.258659591090581,0.040514521465045,0.249438634143025,0.304106700416936,-0.054668066273911,0.111880710332312,0.0846617410191451,0.0272189693131669,11.419,76.174,-64.755
"rep21_balanced_moderate_dense_signed_cross_strong_cp0_05_ifeval_min30_n200_p500_H10_G3-3-3-3-3-3-3-3-3-3_sep2",21,200,500,10,"3-3-3-3-3-3-3-3-3-3","3-3-3-3-3-3-3-3-3-3",2,"viroli_smoke","unequal","ifeval_like","balanced_moderate_dense_signed_cross","ifeval_min30","block","loadings","strong",2,3,2,3,0.05,"random",TRUE,29512731,21272531,29512731,29722731,2000,"independent_marginal_mixture","viroli_laplace_gibbs",0.130865489309157,0.145588854870327,-0.01472336556117,0.330747097910927,0.275581246990751,0.055165850920176,0.224102211894007,0.240062474269381,-0.015960262375374,0.0778007061805513,0.247405267549615,-0.169604561369064,0.0547493026811395,0.270268854052485,-0.215519551371346,0.0363103787071593,0.0806665508721828,-0.0443561721650235,8.537,87.236,-78.699
"rep21_balanced_moderate_dense_signed_cross_strong_cp0_05_ifeval_min30_n100_p500_H5_G2-2-2-2-2_sep2",21,100,500,5,"2-2-2-2-2","2-2-2-2-2",2,"viroli_smoke","unequal","ifeval_like","balanced_moderate_dense_signed_cross","ifeval_min30","block","loadings","strong",2,3,2,3,0.05,"random",TRUE,22262731,20772531,22262731,22471731,2000,"independent_marginal_mixture","viroli_laplace_gibbs",0.13664803760561,0.166058721912984,-0.029410684307374,0.496514750324008,0.440595892118015,0.055918858205993,0.424151525646129,0.403113435436009,0.02103809021012,0.0691206085625314,0.0685130023735461,0.000607606188985296,0.0511577496222632,0.0533849546194978,-0.0022272049972346,0.035710785487994,0.0356037768027217,0.000107008685272303,4.419,47.389,-42.97
"rep21_balanced_moderate_dense_signed_cross_strong_cp0_05_ifeval_min30_n200_p500_H5_G2-2-2-2-2_sep2",21,200,500,5,"2-2-2-2-2","2-2-2-2-2",2,"viroli_smoke","unequal","ifeval_like","balanced_moderate_dense_signed_cross","ifeval_min30","block","loadings","strong",2,3,2,3,0.05,"random",TRUE,22262731,20772531,22262731,22472731,2000,"independent_marginal_mixture","viroli_laplace_gibbs",0.137886213072324,0.151331573035871,-0.013445359963547,0.349155756937621,0.325555242895634,0.023600514041987,0.356779091500617,0.33975058176882,0.017028509731797,0.0558053494669131,0.0504752293426922,0.0053301201242209,0.0445890745526704,0.0459155208130862,-0.0013264462604158,0.0294521151323226,0.0261750724469778,0.0032770426853448,7.302,56.924,-49.622
"rep21_balanced_moderate_dense_signed_cross_strong_cp0_05_ifeval_min30_n100_p500_H5_G3-3-3-3-3_sep2",21,100,500,5,"3-3-3-3-3","3-3-3-3-3",2,"viroli_smoke","unequal","ifeval_like","balanced_moderate_dense_signed_cross","ifeval_min30","block","loadings","strong",2,3,2,3,0.05,"random",TRUE,23012731,20772531,23012731,23221731,2000,"independent_marginal_mixture","viroli_laplace_gibbs",0.133896490904464,0.176619661828305,-0.042723170923841,0.501023494972594,0.344278678650102,0.156744816322492,0.348661595349488,0.375634767714451,-0.026973172364963,0.198054422469895,0.244530386424328,-0.046475963954433,0.200038352992451,0.265413184613304,-0.065374831620853,0.146473261046892,0.0862871283512862,0.0601861326956058,6.592,47.494,-40.902
"rep21_balanced_moderate_dense_signed_cross_strong_cp0_05_ifeval_min30_n200_p500_H5_G3-3-3-3-3_sep2",21,200,500,5,"3-3-3-3-3","3-3-3-3-3",2,"viroli_smoke","unequal","ifeval_like","balanced_moderate_dense_signed_cross","ifeval_min30","block","loadings","strong",2,3,2,3,0.05,"random",TRUE,23012731,20772531,23012731,23222731,2000,"independent_marginal_mixture","viroli_laplace_gibbs",0.128453631613641,0.152037053103125,-0.023583421489484,0.368742352566447,0.321736057217848,0.047006295348599,0.221750611956568,0.241737907425617,-0.019987295469049,0.102915999021683,0.22686334443243,-0.123947345410747,0.0541186175914274,0.203133374126892,-0.149014756535465,0.041266725675382,0.0766598979939185,-0.0353931723185365,7.591,56.779,-49.188
"rep22_balanced_moderate_dense_signed_cross_strong_cp0_05_ifeval_min30_n100_p500_H10_G2-2-2-2-2-2-2-2-2-2_sep2",22,100,500,10,"2-2-2-2-2-2-2-2-2-2","2-2-2-2-2-2-2-2-2-2",2,"viroli_smoke","unequal","ifeval_like","balanced_moderate_dense_signed_cross","ifeval_min30","block","loadings","strong",2,3,2,3,0.05,"random",TRUE,26762731,21272531,26762731,26981731,2000,"independent_marginal_mixture","viroli_laplace_gibbs",0.134445932280895,0.149735585927254,-0.015289653646359,0.453447637899426,0.402192032139231,0.051255605760195,0.321259945593367,0.300880700847404,0.020379244745963,0.0815306598821023,0.0799143101386565,0.00161634974344579,0.0445621100523867,0.0589361886294364,-0.0143740785770497,0.0423516631523414,0.0413967360211393,0.000954927131202099,4.777,76.455,-71.678
"rep22_balanced_moderate_dense_signed_cross_strong_cp0_05_ifeval_min30_n200_p500_H10_G2-2-2-2-2-2-2-2-2-2_sep2",22,200,500,10,"2-2-2-2-2-2-2-2-2-2","2-2-2-2-2-2-2-2-2-2",2,"viroli_smoke","unequal","ifeval_like","balanced_moderate_dense_signed_cross","ifeval_min30","block","loadings","strong",2,3,2,3,0.05,"random",TRUE,26762731,21272531,26762731,26982731,2000,"independent_marginal_mixture","viroli_laplace_gibbs",0.139007241668717,0.144974950294565,-0.005967708625848,0.324670798670713,0.302317007789301,0.022353790881412,0.249369662617651,0.242347881852792,0.00702178076485901,0.0372470041579475,0.0402778240458145,-0.003030819887867,0.034867017414451,0.0454079856134294,-0.0105409681989784,0.0190580119198022,0.0192450560991317,-0.0001870441793295,7.772,87.624,-79.852
"rep22_balanced_moderate_dense_signed_cross_strong_cp0_05_ifeval_min30_n100_p500_H10_G3-3-3-3-3-3-3-3-3-3_sep2",22,100,500,10,"3-3-3-3-3-3-3-3-3-3","3-3-3-3-3-3-3-3-3-3",2,"viroli_smoke","unequal","ifeval_like","balanced_moderate_dense_signed_cross","ifeval_min30","block","loadings","strong",2,3,2,3,0.05,"random",TRUE,29512731,21272531,29512731,29731731,2000,"independent_marginal_mixture","viroli_laplace_gibbs",0.138250303105256,0.160398039460067,-0.022147736354811,0.450247371077322,0.343701267069945,0.106546104007377,0.324295510518308,0.347106812553881,-0.022811302035573,0.315442631972373,0.253130550005956,0.062312081966417,0.248615277776318,0.281700084029597,-0.033084806253279,0.141930438384928,0.0887692922310629,0.0531611461538651,15.186,76.51,-61.324
"rep22_balanced_moderate_dense_signed_cross_strong_cp0_05_ifeval_min30_n200_p500_H10_G3-3-3-3-3-3-3-3-3-3_sep2",22,200,500,10,"3-3-3-3-3-3-3-3-3-3","3-3-3-3-3-3-3-3-3-3",2,"viroli_smoke","unequal","ifeval_like","balanced_moderate_dense_signed_cross","ifeval_min30","block","loadings","strong",2,3,2,3,0.05,"random",TRUE,29512731,21272531,29512731,29732731,2000,"independent_marginal_mixture","viroli_laplace_gibbs",0.133982659790647,0.150507968105668,-0.016525308315021,0.323697926887009,0.270598272262555,0.053099654624454,0.235197296458504,0.259814983031377,-0.024617686572873,0.0705579065435431,0.239917531277619,-0.169359624734076,0.0562381392924422,0.269867983794748,-0.213629844502306,0.0348765396422579,0.0742506291630881,-0.0393740895208302,9.014,86.872,-77.858
"rep22_balanced_moderate_dense_signed_cross_strong_cp0_05_ifeval_min30_n100_p500_H5_G2-2-2-2-2_sep2",22,100,500,5,"2-2-2-2-2","2-2-2-2-2",2,"viroli_smoke","unequal","ifeval_like","balanced_moderate_dense_signed_cross","ifeval_min30","block","loadings","strong",2,3,2,3,0.05,"random",TRUE,22262731,20772531,22262731,22481731,2000,"independent_marginal_mixture","viroli_laplace_gibbs",0.141177934746801,0.169308083998643,-0.028130149251842,0.495167102247016,0.44152324490166,0.053643857345356,0.414781572259313,0.382553952813745,0.032227619445568,0.048555350784912,0.0466635863070295,0.0018917644778825,0.0531266953040769,0.0502343860001072,0.0028923093039697,0.0250201680513674,0.0234044200893426,0.0016157479620248,4.282,46.735,-42.453
"rep22_balanced_moderate_dense_signed_cross_strong_cp0_05_ifeval_min30_n200_p500_H5_G2-2-2-2-2_sep2",22,200,500,5,"2-2-2-2-2","2-2-2-2-2",2,"viroli_smoke","unequal","ifeval_like","balanced_moderate_dense_signed_cross","ifeval_min30","block","loadings","strong",2,3,2,3,0.05,"random",TRUE,22262731,20772531,22262731,22482731,2000,"independent_marginal_mixture","viroli_laplace_gibbs",0.135548840092341,0.154626483594266,-0.019077643501925,0.364663678068294,0.341778599471948,0.022885078596346,0.268867018049785,0.275163610024483,-0.00629659197469795,0.0949187454081947,0.0942867183395305,0.000632027068664193,0.0372057817750055,0.0394587777205406,-0.0022529959455351,0.0492020590538031,0.0491816999673063,2.03590864968003e-05,7.402,56.102,-48.7
"rep22_balanced_moderate_dense_signed_cross_strong_cp0_05_ifeval_min30_n100_p500_H5_G3-3-3-3-3_sep2",22,100,500,5,"3-3-3-3-3","3-3-3-3-3",2,"viroli_smoke","unequal","ifeval_like","balanced_moderate_dense_signed_cross","ifeval_min30","block","loadings","strong",2,3,2,3,0.05,"random",TRUE,23012731,20772531,23012731,23231731,2000,"independent_marginal_mixture","viroli_laplace_gibbs",0.143976658838851,0.171865684937637,-0.027889026098786,0.505023040740952,0.357826217600718,0.147196823140234,0.446269077104565,0.522479400974679,-0.0762103238701141,0.249293534302895,0.247536396308265,0.00175713799463001,0.220865974329845,0.262688641906254,-0.041822667576409,0.0748040571920869,0.0946117603521,-0.0198077031600131,5.157,47.545,-42.388
"rep22_balanced_moderate_dense_signed_cross_strong_cp0_05_ifeval_min30_n200_p500_H5_G3-3-3-3-3_sep2",22,200,500,5,"3-3-3-3-3","3-3-3-3-3",2,"viroli_smoke","unequal","ifeval_like","balanced_moderate_dense_signed_cross","ifeval_min30","block","loadings","strong",2,3,2,3,0.05,"random",TRUE,23012731,20772531,23012731,23232731,2000,"independent_marginal_mixture","viroli_laplace_gibbs",0.132505956548287,0.158069146873728,-0.025563190325441,0.369252730961153,0.320919353736784,0.048333377224369,0.250814630885107,0.29883292009156,-0.048018289206453,0.076902740351902,0.233109589183408,-0.156206848831506,0.0647521748904311,0.217546020054498,-0.152793845164067,0.0311033202913653,0.0827011831014532,-0.0515978628100879,7.605,57.094,-49.489
"rep23_balanced_moderate_dense_signed_cross_strong_cp0_05_ifeval_min30_n100_p500_H10_G2-2-2-2-2-2-2-2-2-2_sep2",23,100,500,10,"2-2-2-2-2-2-2-2-2-2","2-2-2-2-2-2-2-2-2-2",2,"viroli_smoke","unequal","ifeval_like","balanced_moderate_dense_signed_cross","ifeval_min30","block","loadings","strong",2,3,2,3,0.05,"random",TRUE,26762731,21272531,26762731,26991731,2000,"independent_marginal_mixture","viroli_laplace_gibbs",0.143974313019178,0.159511089577363,-0.015536776558185,0.453062238494166,0.404214253713654,0.048847984780512,0.375599971799218,0.353832262131726,0.021767709667492,0.0546952184044764,0.0568643724443199,-0.0021691540398435,0.0508285211953683,0.0610404339767387,-0.0102119127813704,0.0281146707077354,0.026986348248971,0.0011283224587644,4.819,75.395,-70.576
"rep23_balanced_moderate_dense_signed_cross_strong_cp0_05_ifeval_min30_n200_p500_H10_G2-2-2-2-2-2-2-2-2-2_sep2",23,200,500,10,"2-2-2-2-2-2-2-2-2-2","2-2-2-2-2-2-2-2-2-2",2,"viroli_smoke","unequal","ifeval_like","balanced_moderate_dense_signed_cross","ifeval_min30","block","loadings","strong",2,3,2,3,0.05,"random",TRUE,26762731,21272531,26762731,26992731,2000,"independent_marginal_mixture","viroli_laplace_gibbs",0.138713806228366,0.146932995828087,-0.00821918959972101,0.328995851236761,0.304296912859477,0.024698938377284,0.366056774607736,0.370604436484351,-0.00454766187661498,0.104300151030031,0.101932074125898,0.002368076904133,0.029299234798412,0.0421804928239856,-0.0128812580255736,0.0545186163706037,0.0540547628567765,0.000463853513827196,7.976,87.133,-79.157
"rep23_balanced_moderate_dense_signed_cross_strong_cp0_05_ifeval_min30_n100_p500_H10_G3-3-3-3-3-3-3-3-3-3_sep2",23,100,500,10,"3-3-3-3-3-3-3-3-3-3","3-3-3-3-3-3-3-3-3-3",2,"viroli_smoke","unequal","ifeval_like","balanced_moderate_dense_signed_cross","ifeval_min30","block","loadings","strong",2,3,2,3,0.05,"random",TRUE,29512731,21272531,29512731,29741731,2000,"independent_marginal_mixture","viroli_laplace_gibbs",0.152261022641635,0.173535651316746,-0.021274628675111,0.44848556759176,0.353944085789509,0.094541481802251,0.306957330299651,0.302614589953935,0.00434274034571602,0.30688489475319,0.257575105577392,0.049309789175798,0.25928813965978,0.302609134484721,-0.043320994824941,0.148886532901377,0.087332851702007,0.06155368119937,7.081,77.564,-70.483
"rep23_balanced_moderate_dense_signed_cross_strong_cp0_05_ifeval_min30_n200_p500_H10_G3-3-3-3-3-3-3-3-3-3_sep2",23,200,500,10,"3-3-3-3-3-3-3-3-3-3","3-3-3-3-3-3-3-3-3-3",2,"viroli_smoke","unequal","ifeval_like","balanced_moderate_dense_signed_cross","ifeval_min30","block","loadings","strong",2,3,2,3,0.05,"random",TRUE,29512731,21272531,29512731,29742731,2000,"independent_marginal_mixture","viroli_laplace_gibbs",0.132308587870062,0.149133471389973,-0.016824883519911,0.325419186549394,0.277849171397143,0.047570015152251,0.253592507470205,0.266660858701483,-0.013068351231278,0.0880799328489898,0.249574203006843,-0.161494270157853,0.053799007528551,0.27275193241539,-0.218952924886839,0.0353640233876314,0.0656799991535145,-0.0303159757658831,9.985,88.59,-78.605
"rep23_balanced_moderate_dense_signed_cross_strong_cp0_05_ifeval_min30_n100_p500_H5_G2-2-2-2-2_sep2",23,100,500,5,"2-2-2-2-2","2-2-2-2-2",2,"viroli_smoke","unequal","ifeval_like","balanced_moderate_dense_signed_cross","ifeval_min30","block","loadings","strong",2,3,2,3,0.05,"random",TRUE,22262731,20772531,22262731,22491731,2000,"independent_marginal_mixture","viroli_laplace_gibbs",0.137734198641536,0.167980423265479,-0.030246224623943,0.508608739284885,0.45354903306232,0.0550597062225651,0.395719626264697,0.38737947521991,0.00834015104478697,0.115502328454683,0.113217933558755,0.00228439489592801,0.0514858019371273,0.0514470185041674,3.87834329598977e-05,0.0598457099078711,0.0603756078658317,-0.000529897957960601,4.319,46.899,-42.58
"rep23_balanced_moderate_dense_signed_cross_strong_cp0_05_ifeval_min30_n200_p500_H5_G2-2-2-2-2_sep2",23,200,500,5,"2-2-2-2-2","2-2-2-2-2",2,"viroli_smoke","unequal","ifeval_like","balanced_moderate_dense_signed_cross","ifeval_min30","block","loadings","strong",2,3,2,3,0.05,"random",TRUE,22262731,20772531,22262731,22492731,2000,"independent_marginal_mixture","viroli_laplace_gibbs",0.129795706059372,0.147820700941026,-0.018024994881654,0.360982735018731,0.334996175660658,0.025986559358073,0.446479370511659,0.449146624707839,-0.00266725419618002,0.0948057289451225,0.092702081969812,0.0021036469753105,0.0334991335372262,0.0371921542935841,-0.0036930207563579,0.0495512272485024,0.0490243156406481,0.0005269116078543,7.377,55.822,-48.445
"rep23_balanced_moderate_dense_signed_cross_strong_cp0_05_ifeval_min30_n100_p500_H5_G3-3-3-3-3_sep2",23,100,500,5,"3-3-3-3-3","3-3-3-3-3",2,"viroli_smoke","unequal","ifeval_like","balanced_moderate_dense_signed_cross","ifeval_min30","block","loadings","strong",2,3,2,3,0.05,"random",TRUE,23012731,20772531,23012731,23241731,2000,"independent_marginal_mixture","viroli_laplace_gibbs",0.139750525196029,0.18077805733961,-0.041027532143581,0.510705224278436,0.381210687291611,0.129494536986825,0.322963921813997,0.348975671930531,-0.026011750116534,0.335310990325276,0.254988123772946,0.08032286655233,0.264181995360776,0.267477041451239,-0.00329504609046299,0.158821010229131,0.0983076365777958,0.0605133736513352,5.325,46.695,-41.37
"rep23_balanced_moderate_dense_signed_cross_strong_cp0_05_ifeval_min30_n200_p500_H5_G3-3-3-3-3_sep2",23,200,500,5,"3-3-3-3-3","3-3-3-3-3",2,"viroli_smoke","unequal","ifeval_like","balanced_moderate_dense_signed_cross","ifeval_min30","block","loadings","strong",2,3,2,3,0.05,"random",TRUE,23012731,20772531,23012731,23242731,2000,"independent_marginal_mixture","viroli_laplace_gibbs",0.126617651889301,0.148277893940681,-0.02166024205138,0.364139596954831,0.307470353399898,0.056669243554933,0.221171248578107,0.245373651788767,-0.02420240321066,0.0706218095109114,0.184042021482132,-0.113420211971221,0.0583182960805168,0.175236890546835,-0.116918594466318,0.0350967110899544,0.0596781853817001,-0.0245814742917457,7.643,55.783,-48.14
"rep24_balanced_moderate_dense_signed_cross_strong_cp0_05_ifeval_min30_n100_p500_H10_G2-2-2-2-2-2-2-2-2-2_sep2",24,100,500,10,"2-2-2-2-2-2-2-2-2-2","2-2-2-2-2-2-2-2-2-2",2,"viroli_smoke","unequal","ifeval_like","balanced_moderate_dense_signed_cross","ifeval_min30","block","loadings","strong",2,3,2,3,0.05,"random",TRUE,26762731,21272531,26762731,27001731,2000,"independent_marginal_mixture","viroli_laplace_gibbs",0.134978540551415,0.147664203195373,-0.012685662643958,0.453585238789088,0.403073307267755,0.050511931521333,0.38989461715057,0.36841215820532,0.02148245894525,0.0728156610358209,0.0742610842641423,-0.00144542322832139,0.0511434856123568,0.0620443713839016,-0.0109008857715448,0.0377594568685517,0.0381154679799065,-0.000356011111354804,4.707,75.486,-70.779
"rep24_balanced_moderate_dense_signed_cross_strong_cp0_05_ifeval_min30_n200_p500_H10_G2-2-2-2-2-2-2-2-2-2_sep2",24,200,500,10,"2-2-2-2-2-2-2-2-2-2","2-2-2-2-2-2-2-2-2-2",2,"viroli_smoke","unequal","ifeval_like","balanced_moderate_dense_signed_cross","ifeval_min30","block","loadings","strong",2,3,2,3,0.05,"random",TRUE,26762731,21272531,26762731,27002731,2000,"independent_marginal_mixture","viroli_laplace_gibbs",0.135684975091709,0.143195761070499,-0.00751078597879001,0.324521452893461,0.302710866195721,0.02181058669774,0.312324815329578,0.308499091677428,0.00382572365215,0.0775065113120915,0.0727645402737496,0.00474197103834191,0.0261618164451189,0.0364172234092092,-0.0102554069640903,0.0400551185295893,0.0385532725500381,0.0015018459795512,8.293,86.49,-78.197
"rep24_balanced_moderate_dense_signed_cross_strong_cp0_05_ifeval_min30_n100_p500_H10_G3-3-3-3-3-3-3-3-3-3_sep2",24,100,500,10,"3-3-3-3-3-3-3-3-3-3","3-3-3-3-3-3-3-3-3-3",2,"viroli_smoke","unequal","ifeval_like","balanced_moderate_dense_signed_cross","ifeval_min30","block","loadings","strong",2,3,2,3,0.05,"random",TRUE,29512731,21272531,29512731,29751731,2000,"independent_marginal_mixture","viroli_laplace_gibbs",0.14241898236916,0.159865224488534,-0.017446242119374,0.446111596930118,0.340652498014246,0.105459098915872,0.351205543767837,0.361554247801104,-0.010348704033267,0.310628013255889,0.257454477616224,0.053173535639665,0.246701502001976,0.295771911345506,-0.04907040934353,0.145385158840046,0.0894037266833372,0.0559814321567088,8.851,76.801,-67.95
"rep24_balanced_moderate_dense_signed_cross_strong_cp0_05_ifeval_min30_n200_p500_H10_G3-3-3-3-3-3-3-3-3-3_sep2",24,200,500,10,"3-3-3-3-3-3-3-3-3-3","3-3-3-3-3-3-3-3-3-3",2,"viroli_smoke","unequal","ifeval_like","balanced_moderate_dense_signed_cross","ifeval_min30","block","loadings","strong",2,3,2,3,0.05,"random",TRUE,29512731,21272531,29512731,29752731,2000,"independent_marginal_mixture","viroli_laplace_gibbs",0.133124669044817,0.148611330504944,-0.015486661460127,0.324920252154044,0.273754205808958,0.051166046345086,0.241379538375909,0.242940839027609,-0.00156130065169999,0.0706238160469684,0.243577353095614,-0.172953537048646,0.0562581951137983,0.26827423546735,-0.212016040353552,0.0380239835673452,0.0691676987719786,-0.0311437152046334,9.902,88.367,-78.465
"rep24_balanced_moderate_dense_signed_cross_strong_cp0_05_ifeval_min30_n100_p500_H5_G2-2-2-2-2_sep2",24,100,500,5,"2-2-2-2-2","2-2-2-2-2",2,"viroli_smoke","unequal","ifeval_like","balanced_moderate_dense_signed_cross","ifeval_min30","block","loadings","strong",2,3,2,3,0.05,"random",TRUE,22262731,20772531,22262731,22501731,2000,"independent_marginal_mixture","viroli_laplace_gibbs",0.136639701366723,0.159589295763741,-0.022949594397018,0.488276722218071,0.43458757302952,0.053689149188551,0.536906781171443,0.523351973403297,0.013554807768146,0.0602196286372688,0.0603147319633458,-9.51033260770048e-05,0.0472198452750315,0.0502226822310472,-0.0030028369560157,0.0313243236199917,0.0312029553150473,0.000121368304944396,4.368,47.346,-42.978
"rep24_balanced_moderate_dense_signed_cross_strong_cp0_05_ifeval_min30_n200_p500_H5_G2-2-2-2-2_sep2",24,200,500,5,"2-2-2-2-2","2-2-2-2-2",2,"viroli_smoke","unequal","ifeval_like","balanced_moderate_dense_signed_cross","ifeval_min30","block","loadings","strong",2,3,2,3,0.05,"random",TRUE,22262731,20772531,22262731,22502731,2000,"independent_marginal_mixture","viroli_laplace_gibbs",0.136444987219209,0.153545183812638,-0.017100196593429,0.351997807466765,0.329152057827978,0.022845749638787,0.425626145713454,0.429803873233989,-0.00417772752053502,0.110470212615229,0.107673961496337,0.00279625111889201,0.0408601224667434,0.0456107417351728,-0.0047506192684294,0.0568733804349868,0.0561779157969801,0.000695464638006696,7.26,56.135,-48.875
"rep24_balanced_moderate_dense_signed_cross_strong_cp0_05_ifeval_min30_n100_p500_H5_G3-3-3-3-3_sep2",24,100,500,5,"3-3-3-3-3","3-3-3-3-3",2,"viroli_smoke","unequal","ifeval_like","balanced_moderate_dense_signed_cross","ifeval_min30","block","loadings","strong",2,3,2,3,0.05,"random",TRUE,23012731,20772531,23012731,23251731,2000,"independent_marginal_mixture","viroli_laplace_gibbs",0.12799770329615,0.16039192569592,-0.03239422239977,0.498181774271785,0.35789792527488,0.140283848996905,0.350686244254736,0.385791354860997,-0.035105110606261,0.362657093593097,0.248774942876259,0.113882150716838,0.268931174230471,0.252558745980993,0.016372428249478,0.154087340137714,0.0920995347095054,0.0619878054282086,4.577,46.905,-42.328
"rep24_balanced_moderate_dense_signed_cross_strong_cp0_05_ifeval_min30_n200_p500_H5_G3-3-3-3-3_sep2",24,200,500,5,"3-3-3-3-3","3-3-3-3-3",2,"viroli_smoke","unequal","ifeval_like","balanced_moderate_dense_signed_cross","ifeval_min30","block","loadings","strong",2,3,2,3,0.05,"random",TRUE,23012731,20772531,23012731,23252731,2000,"independent_marginal_mixture","viroli_laplace_gibbs",0.159298576493795,0.154548807194727,0.00474976929906801,0.365534313932219,0.281839809921333,0.083694504010886,0.351646145000701,0.382290871313413,-0.030644726312712,0.212020954348418,0.243004193858067,-0.030983239509649,0.13446809002548,0.228301985637183,-0.093833895611703,0.0422975719609981,0.0771269202555747,-0.0348293482945766,6.417,56.051,-49.634
"rep25_balanced_moderate_dense_signed_cross_strong_cp0_05_ifeval_min30_n100_p500_H10_G2-2-2-2-2-2-2-2-2-2_sep2",25,100,500,10,"2-2-2-2-2-2-2-2-2-2","2-2-2-2-2-2-2-2-2-2",2,"viroli_smoke","unequal","ifeval_like","balanced_moderate_dense_signed_cross","ifeval_min30","block","loadings","strong",2,3,2,3,0.05,"random",TRUE,26762731,21272531,26762731,27011731,2000,"independent_marginal_mixture","viroli_laplace_gibbs",0.138526729930489,0.15309635318344,-0.014569623252951,0.456085047474732,0.408046276460463,0.048038771014269,0.418594038112912,0.408310018867996,0.010284019244916,0.0834905136202372,0.080944681467049,0.0025458321531882,0.0440171990498999,0.0568715503435303,-0.0128543512936304,0.0435362242549083,0.0423198107285078,0.0012164135264005,4.611,75.47,-70.859
"rep25_balanced_moderate_dense_signed_cross_strong_cp0_05_ifeval_min30_n200_p500_H10_G2-2-2-2-2-2-2-2-2-2_sep2",25,200,500,10,"2-2-2-2-2-2-2-2-2-2","2-2-2-2-2-2-2-2-2-2",2,"viroli_smoke","unequal","ifeval_like","balanced_moderate_dense_signed_cross","ifeval_min30","block","loadings","strong",2,3,2,3,0.05,"random",TRUE,26762731,21272531,26762731,27012731,2000,"independent_marginal_mixture","viroli_laplace_gibbs",0.135960696989304,0.143490051785084,-0.00752935479578001,0.331380590596752,0.310886558875708,0.020494031721044,0.295588718043962,0.286917305836464,0.00867141220749795,0.0772688206223566,0.0750456363092376,0.00222318431311899,0.0265111804202197,0.0369516890554871,-0.0104405086352674,0.0403106548147631,0.0395644298245524,0.000746224990210702,7.895,86.302,-78.407
"rep25_balanced_moderate_dense_signed_cross_strong_cp0_05_ifeval_min30_n100_p500_H10_G3-3-3-3-3-3-3-3-3-3_sep2",25,100,500,10,"3-3-3-3-3-3-3-3-3-3","3-3-3-3-3-3-3-3-3-3",2,"viroli_smoke","unequal","ifeval_like","balanced_moderate_dense_signed_cross","ifeval_min30","block","loadings","strong",2,3,2,3,0.05,"random",TRUE,29512731,21272531,29512731,29761731,2000,"independent_marginal_mixture","viroli_laplace_gibbs",0.138718768324859,0.161336447786761,-0.022617679461902,0.453765699239315,0.355067798307721,0.098697900931594,0.290353917331091,0.29300555992716,-0.00265164259606898,0.267645243785675,0.264699893465,0.002945350320675,0.222585793522273,0.31441068576784,-0.091824892245567,0.100732229682469,0.0829931101241214,0.0177391195583476,13.33,75.959,-62.629
"rep25_balanced_moderate_dense_signed_cross_strong_cp0_05_ifeval_min30_n200_p500_H10_G3-3-3-3-3-3-3-3-3-3_sep2",25,200,500,10,"3-3-3-3-3-3-3-3-3-3","3-3-3-3-3-3-3-3-3-3",2,"viroli_smoke","unequal","ifeval_like","balanced_moderate_dense_signed_cross","ifeval_min30","block","loadings","strong",2,3,2,3,0.05,"random",TRUE,29512731,21272531,29512731,29762731,2000,"independent_marginal_mixture","viroli_laplace_gibbs",0.132854126640812,0.147508236884154,-0.014654110243342,0.325296537351174,0.279458187989707,0.045838349361467,0.230867381096522,0.257430898144542,-0.02656351704802,0.0665519657679685,0.232896464456602,-0.166344498688633,0.0603944371579413,0.263773925362096,-0.203379488204155,0.0296087345909118,0.0756427014380532,-0.0460339668471414,8.97,86.776,-77.806
"rep25_balanced_moderate_dense_signed_cross_strong_cp0_05_ifeval_min30_n100_p500_H5_G2-2-2-2-2_sep2",25,100,500,5,"2-2-2-2-2","2-2-2-2-2",2,"viroli_smoke","unequal","ifeval_like","balanced_moderate_dense_signed_cross","ifeval_min30","block","loadings","strong",2,3,2,3,0.05,"random",TRUE,22262731,20772531,22262731,22511731,2000,"independent_marginal_mixture","viroli_laplace_gibbs",0.128816000474736,0.149269498690204,-0.020453498215468,0.497200645688868,0.439896620588608,0.05730402510026,0.435147778770666,0.418118717945553,0.017029060825113,0.0585523133326378,0.0626936701183865,-0.0041413567857487,0.0707811879973948,0.0614339241221568,0.009347263875238,0.0301772934740124,0.0309854851083936,-0.0008081916343812,4.21,47.626,-43.416
"rep25_balanced_moderate_dense_signed_cross_strong_cp0_05_ifeval_min30_n200_p500_H5_G2-2-2-2-2_sep2",25,200,500,5,"2-2-2-2-2","2-2-2-2-2",2,"viroli_smoke","unequal","ifeval_like","balanced_moderate_dense_signed_cross","ifeval_min30","block","loadings","strong",2,3,2,3,0.05,"random",TRUE,22262731,20772531,22262731,22512731,2000,"independent_marginal_mixture","viroli_laplace_gibbs",0.13453010368711,0.150434747606637,-0.015904643919527,0.358787016461968,0.328486073925245,0.030300942536723,0.455533975796486,0.448411298307167,0.007122677489319,0.0693115753605468,0.0676617522276152,0.0016498231329316,0.030513355219594,0.0368708591405108,-0.0063575039209168,0.0355248253829853,0.0354586240373058,6.62013456795008e-05,7.21,56.886,-49.676
"rep25_balanced_moderate_dense_signed_cross_strong_cp0_05_ifeval_min30_n100_p500_H5_G3-3-3-3-3_sep2",25,100,500,5,"3-3-3-3-3","3-3-3-3-3",2,"viroli_smoke","unequal","ifeval_like","balanced_moderate_dense_signed_cross","ifeval_min30","block","loadings","strong",2,3,2,3,0.05,"random",TRUE,23012731,20772531,23012731,23261731,2000,"independent_marginal_mixture","viroli_laplace_gibbs",0.143433906909036,0.181278862257824,-0.037844955348788,0.510060094173071,0.383410414338369,0.126649679834702,0.39065468916462,0.430882242540993,-0.040227553376373,0.30531159454493,0.250127535478087,0.055184059066843,0.231495037782571,0.247702450259101,-0.01620741247653,0.110279587073091,0.101293760680864,0.008985826392227,3.657,47.694,-44.037
"rep25_balanced_moderate_dense_signed_cross_strong_cp0_05_ifeval_min30_n200_p500_H5_G3-3-3-3-3_sep2",25,200,500,5,"3-3-3-3-3","3-3-3-3-3",2,"viroli_smoke","unequal","ifeval_like","balanced_moderate_dense_signed_cross","ifeval_min30","block","loadings","strong",2,3,2,3,0.05,"random",TRUE,23012731,20772531,23012731,23262731,2000,"independent_marginal_mixture","viroli_laplace_gibbs",0.133515488446245,0.154889441195523,-0.021373952749278,0.366039369941586,0.306386129479448,0.059653240462138,0.318070018457109,0.351982982735336,-0.033912964278227,0.123116332081631,0.211477061534601,-0.08836072945297,0.0549843503864774,0.198782332916773,-0.143797982530296,0.041334793934941,0.0538696364474022,-0.0125348425124612,7.498,56.559,-49.061
"rep3_balanced_moderate_dense_signed_cross_strong_cp0_05_ifeval_min30_n100_p500_H10_G2-2-2-2-2-2-2-2-2-2_sep2",3,100,500,10,"2-2-2-2-2-2-2-2-2-2","2-2-2-2-2-2-2-2-2-2",2,"viroli_smoke","unequal","ifeval_like","balanced_moderate_dense_signed_cross","ifeval_min30","block","loadings","strong",2,3,2,3,0.05,"random",TRUE,26762731,21272531,26762731,26791731,2000,"independent_marginal_mixture","viroli_laplace_gibbs",0.13649360324641,0.148343461582155,-0.011849858335745,0.454646040021744,0.404122168782822,0.050523871238922,0.421987374723394,0.409378107375196,0.012609267348198,0.101344345346005,0.0965486112468087,0.0047957340991963,0.0449303820764834,0.0575092299492771,-0.0125788478727937,0.051673669869395,0.0504205608747561,0.0012531089946389,9.715,76.087,-66.372
"rep3_balanced_moderate_dense_signed_cross_strong_cp0_05_ifeval_min30_n200_p500_H10_G2-2-2-2-2-2-2-2-2-2_sep2",3,200,500,10,"2-2-2-2-2-2-2-2-2-2","2-2-2-2-2-2-2-2-2-2",2,"viroli_smoke","unequal","ifeval_like","balanced_moderate_dense_signed_cross","ifeval_min30","block","loadings","strong",2,3,2,3,0.05,"random",TRUE,26762731,21272531,26762731,26792731,2000,"independent_marginal_mixture","viroli_laplace_gibbs",0.138936206879295,0.147192013710585,-0.00825580683128999,0.332588380764719,0.310224235391758,0.0223641453729611,0.230805989982422,0.230700458555786,0.000105531426635996,0.0472104505086121,0.0462318896641964,0.0009785608444157,0.0307112140960227,0.039812375669095,-0.0091011615730723,0.024399749355743,0.0236643817283095,0.000735367627433498,14.74,86.584,-71.844
"rep3_balanced_moderate_dense_signed_cross_strong_cp0_05_ifeval_min30_n100_p500_H10_G3-3-3-3-3-3-3-3-3-3_sep2",3,100,500,10,"3-3-3-3-3-3-3-3-3-3","3-3-3-3-3-3-3-3-3-3",2,"viroli_smoke","unequal","ifeval_like","balanced_moderate_dense_signed_cross","ifeval_min30","block","loadings","strong",2,3,2,3,0.05,"random",TRUE,29512731,21272531,29512731,29541731,2000,"independent_marginal_mixture","viroli_laplace_gibbs",0.140389794925721,0.159327277002075,-0.018937482076354,0.444286465662775,0.344881336266682,0.099405129396093,0.396859970826208,0.41934608944073,-0.022486118614522,0.213195379420352,0.251795659017076,-0.038600279596724,0.228539819549053,0.290239003531292,-0.061699183982239,0.089449458501138,0.0887908959943894,0.000658562506748603,24.816,75.788,-50.972
"rep3_balanced_moderate_dense_signed_cross_strong_cp0_05_ifeval_min30_n200_p500_H10_G3-3-3-3-3-3-3-3-3-3_sep2",3,200,500,10,"3-3-3-3-3-3-3-3-3-3","3-3-3-3-3-3-3-3-3-3",2,"viroli_smoke","unequal","ifeval_like","balanced_moderate_dense_signed_cross","ifeval_min30","block","loadings","strong",2,3,2,3,0.05,"random",TRUE,29512731,21272531,29512731,29542731,2000,"independent_marginal_mixture","viroli_laplace_gibbs",0.128009736072967,0.143570993573538,-0.015561257500571,0.317519222005063,0.269401095185821,0.048118126819242,0.286030164579345,0.324424571033071,-0.038394406453726,0.103157520581751,0.239102066812582,-0.135944546230831,0.052770019587054,0.255220853468792,-0.202450833881738,0.0480395195864278,0.0789668278724809,-0.0309273082860531,15.982,86.587,-70.605
"rep3_balanced_moderate_dense_signed_cross_strong_cp0_05_ifeval_min30_n100_p500_H5_G2-2-2-2-2_sep2",3,100,500,5,"2-2-2-2-2","2-2-2-2-2",2,"viroli_smoke","unequal","ifeval_like","balanced_moderate_dense_signed_cross","ifeval_min30","block","loadings","strong",2,3,2,3,0.05,"random",TRUE,22262731,20772531,22262731,22291731,2000,"independent_marginal_mixture","viroli_laplace_gibbs",0.14620609916919,0.168611534258983,-0.022405435089793,0.494655950595274,0.441311594340069,0.053344356255205,0.335642441204025,0.315397201827308,0.020245239376717,0.0806774323351656,0.0817598955533813,-0.0010824632182157,0.0762060028875397,0.0610431063100525,0.0151628965774872,0.0412568827274971,0.0430603317571782,-0.0018034490296811,9.297,47.132,-37.835
"rep3_balanced_moderate_dense_signed_cross_strong_cp0_05_ifeval_min30_n200_p500_H5_G2-2-2-2-2_sep2",3,200,500,5,"2-2-2-2-2","2-2-2-2-2",2,"viroli_smoke","unequal","ifeval_like","balanced_moderate_dense_signed_cross","ifeval_min30","block","loadings","strong",2,3,2,3,0.05,"random",TRUE,22262731,20772531,22262731,22292731,2000,"independent_marginal_mixture","viroli_laplace_gibbs",0.127575533547674,0.140860579421199,-0.013285045873525,0.354911481415398,0.332909276461911,0.022002204953487,0.357520824411239,0.360664602300078,-0.00314377788883902,0.0879729261608251,0.0879762191974257,-3.29303660059899e-06,0.0361834090065783,0.036446781090543,-0.000263372083964701,0.0450462294003175,0.0456461620938124,-0.000599932693494898,13.944,56.448,-42.504
"rep3_balanced_moderate_dense_signed_cross_strong_cp0_05_ifeval_min30_n100_p500_H5_G3-3-3-3-3_sep2",3,100,500,5,"3-3-3-3-3","3-3-3-3-3",2,"viroli_smoke","unequal","ifeval_like","balanced_moderate_dense_signed_cross","ifeval_min30","block","loadings","strong",2,3,2,3,0.05,"random",TRUE,23012731,20772531,23012731,23041731,2000,"independent_marginal_mixture","viroli_laplace_gibbs",0.170090173350637,0.170625830549859,-0.000535657199221995,0.51983604767815,0.377635162305987,0.142200885372163,0.354807440872381,0.37405191886073,-0.019244477988349,0.365462831078956,0.278356322980439,0.087106508098517,0.262217264315474,0.280088470037754,-0.01787120572228,0.146034764636173,0.114537023000576,0.031497741635597,9.082,47.392,-38.31
"rep3_balanced_moderate_dense_signed_cross_strong_cp0_05_ifeval_min30_n200_p500_H5_G3-3-3-3-3_sep2",3,200,500,5,"3-3-3-3-3","3-3-3-3-3",2,"viroli_smoke","unequal","ifeval_like","balanced_moderate_dense_signed_cross","ifeval_min30","block","loadings","strong",2,3,2,3,0.05,"random",TRUE,23012731,20772531,23012731,23042731,2000,"independent_marginal_mixture","viroli_laplace_gibbs",0.129107309805676,0.152115628901543,-0.023008319095867,0.358748244193692,0.306250256782554,0.052497987411138,0.228938837524023,0.256584891945939,-0.027646054421916,0.065000717981482,0.251196000548303,-0.186195282566821,0.0637945329146425,0.240973176054257,-0.177178643139615,0.0292293492621853,0.0944820475304119,-0.0652526982682266,15.057,56.786,-41.729
"rep4_balanced_moderate_dense_signed_cross_strong_cp0_05_ifeval_min30_n100_p500_H10_G2-2-2-2-2-2-2-2-2-2_sep2",4,100,500,10,"2-2-2-2-2-2-2-2-2-2","2-2-2-2-2-2-2-2-2-2",2,"viroli_smoke","unequal","ifeval_like","balanced_moderate_dense_signed_cross","ifeval_min30","block","loadings","strong",2,3,2,3,0.05,"random",TRUE,26762731,21272531,26762731,26801731,2000,"independent_marginal_mixture","viroli_laplace_gibbs",0.137557005672837,0.150730198082082,-0.013173192409245,0.451509846773502,0.402551785554259,0.048958061219243,0.488333461242921,0.484327468050297,0.00400599319262396,0.104356979945893,0.0979997251826121,0.0063572547632809,0.0455868252348762,0.057106965337647,-0.0115201401027708,0.0542985655536104,0.0515184057290523,0.0027801598245581,8.567,76.602,-68.035
"rep4_balanced_moderate_dense_signed_cross_strong_cp0_05_ifeval_min30_n200_p500_H10_G2-2-2-2-2-2-2-2-2-2_sep2",4,200,500,10,"2-2-2-2-2-2-2-2-2-2","2-2-2-2-2-2-2-2-2-2",2,"viroli_smoke","unequal","ifeval_like","balanced_moderate_dense_signed_cross","ifeval_min30","block","loadings","strong",2,3,2,3,0.05,"random",TRUE,26762731,21272531,26762731,26802731,2000,"independent_marginal_mixture","viroli_laplace_gibbs",0.136833635769882,0.143752885149823,-0.00691924937994101,0.326291414430655,0.304629477763631,0.021661936667024,0.326033756754174,0.32748021937842,-0.00144646262424597,0.0867550846971149,0.0834347884971622,0.00332029619995271,0.0296981166358829,0.0393590380009905,-0.0096609213651076,0.0448335177907505,0.0440738746731402,0.000759643117610301,14.609,87.872,-73.263
"rep4_balanced_moderate_dense_signed_cross_strong_cp0_05_ifeval_min30_n100_p500_H10_G3-3-3-3-3-3-3-3-3-3_sep2",4,100,500,10,"3-3-3-3-3-3-3-3-3-3","3-3-3-3-3-3-3-3-3-3",2,"viroli_smoke","unequal","ifeval_like","balanced_moderate_dense_signed_cross","ifeval_min30","block","loadings","strong",2,3,2,3,0.05,"random",TRUE,29512731,21272531,29512731,29551731,2000,"independent_marginal_mixture","viroli_laplace_gibbs",0.155233467235188,0.174761790063568,-0.01952832282838,0.453756877991795,0.358088940175457,0.095667937816338,0.309774128861676,0.329383922690762,-0.019609793829086,0.30550363552357,0.267262984295427,0.038240651228143,0.261486706137782,0.313354247491225,-0.051867541353443,0.141519447051232,0.0922443691774642,0.0492750778737678,12.561,76.767,-64.206
"rep4_balanced_moderate_dense_signed_cross_strong_cp0_05_ifeval_min30_n200_p500_H10_G3-3-3-3-3-3-3-3-3-3_sep2",4,200,500,10,"3-3-3-3-3-3-3-3-3-3","3-3-3-3-3-3-3-3-3-3",2,"viroli_smoke","unequal","ifeval_like","balanced_moderate_dense_signed_cross","ifeval_min30","block","loadings","strong",2,3,2,3,0.05,"random",TRUE,29512731,21272531,29512731,29552731,2000,"independent_marginal_mixture","viroli_laplace_gibbs",0.135125389419848,0.149419160992753,-0.014293771572905,0.328718690922064,0.284391868816641,0.044326822105423,0.238046818366782,0.24918454558683,-0.011137727220048,0.106121633642793,0.248062374660091,-0.141940741017298,0.057097271330664,0.250656406001371,-0.193559134670707,0.0463288392194457,0.0823605083205144,-0.0360316691010687,16.258,87.167,-70.909
"rep4_balanced_moderate_dense_signed_cross_strong_cp0_05_ifeval_min30_n100_p500_H5_G2-2-2-2-2_sep2",4,100,500,5,"2-2-2-2-2","2-2-2-2-2",2,"viroli_smoke","unequal","ifeval_like","balanced_moderate_dense_signed_cross","ifeval_min30","block","loadings","strong",2,3,2,3,0.05,"random",TRUE,22262731,20772531,22262731,22301731,2000,"independent_marginal_mixture","viroli_laplace_gibbs",0.14465906291147,0.171520895281444,-0.026861832369974,0.500407523590114,0.441061955108147,0.059345568481967,0.378011793146278,0.372202293039341,0.00580950010693698,0.11318858772802,0.111822082832466,0.001366504895554,0.0566220356982715,0.0542391325988086,0.0023829030994629,0.058928544850681,0.0588987218890137,2.98229616673001e-05,7.891,46.613,-38.722
"rep4_balanced_moderate_dense_signed_cross_strong_cp0_05_ifeval_min30_n200_p500_H5_G2-2-2-2-2_sep2",4,200,500,5,"2-2-2-2-2","2-2-2-2-2",2,"viroli_smoke","unequal","ifeval_like","balanced_moderate_dense_signed_cross","ifeval_min30","block","loadings","strong",2,3,2,3,0.05,"random",TRUE,22262731,20772531,22262731,22302731,2000,"independent_marginal_mixture","viroli_laplace_gibbs",0.130408890019585,0.148209804677152,-0.017800914657567,0.354559366049814,0.32922960606016,0.025329759989654,0.306983634151662,0.286505228606622,0.02047840554504,0.0382902361981555,0.0420986773249298,-0.0038084411267743,0.0455345911674093,0.0487935103256003,-0.003258919158191,0.0200040927295546,0.02209814972362,-0.0020940569940654,12.494,55.667,-43.173
"rep4_balanced_moderate_dense_signed_cross_strong_cp0_05_ifeval_min30_n100_p500_H5_G3-3-3-3-3_sep2",4,100,500,5,"3-3-3-3-3","3-3-3-3-3",2,"viroli_smoke","unequal","ifeval_like","balanced_moderate_dense_signed_cross","ifeval_min30","block","loadings","strong",2,3,2,3,0.05,"random",TRUE,23012731,20772531,23012731,23051731,2000,"independent_marginal_mixture","viroli_laplace_gibbs",0.186856364042995,0.187193248524522,-0.000336884481526994,0.536448256725848,0.435223934371174,0.101224322354674,0.362668752379466,0.375793030431502,-0.013124278052036,0.276731637670013,0.26784293481676,0.00888870285325299,0.243030517982593,0.319998879053168,-0.076968361070575,0.154504133351557,0.0729940246556876,0.0815101086958694,5.699,47.46,-41.761
"rep4_balanced_moderate_dense_signed_cross_strong_cp0_05_ifeval_min30_n200_p500_H5_G3-3-3-3-3_sep2",4,200,500,5,"3-3-3-3-3","3-3-3-3-3",2,"viroli_smoke","unequal","ifeval_like","balanced_moderate_dense_signed_cross","ifeval_min30","block","loadings","strong",2,3,2,3,0.05,"random",TRUE,23012731,20772531,23012731,23052731,2000,"independent_marginal_mixture","viroli_laplace_gibbs",0.121480358684071,0.145124081793456,-0.023643723109385,0.350442975980378,0.288510753081365,0.061932222899013,0.292568449859366,0.33500338176405,-0.042434931904684,0.0897688734467545,0.240639969738976,-0.150871096292222,0.0639815885529413,0.245873585016065,-0.181891996463124,0.0448488361938489,0.0759661905099353,-0.0311173543160864,13.024,57.083,-44.059
"rep5_balanced_moderate_dense_signed_cross_strong_cp0_05_ifeval_min30_n100_p500_H10_G2-2-2-2-2-2-2-2-2-2_sep2",5,100,500,10,"2-2-2-2-2-2-2-2-2-2","2-2-2-2-2-2-2-2-2-2",2,"viroli_smoke","unequal","ifeval_like","balanced_moderate_dense_signed_cross","ifeval_min30","block","loadings","strong",2,3,2,3,0.05,"random",TRUE,26762731,21272531,26762731,26811731,2000,"independent_marginal_mixture","viroli_laplace_gibbs",0.142762356069569,0.159556365258081,-0.016794009188512,0.447320375264479,0.398533604028627,0.048786771235852,0.360710140165178,0.352825732929204,0.007884407235974,0.0945321013951951,0.0940289645639925,0.000503136831202608,0.0514781152297891,0.0582831018123307,-0.0068049865825416,0.0488225988638285,0.0492657143033617,-0.000443115439533202,8.82,75.622,-66.802
"rep5_balanced_moderate_dense_signed_cross_strong_cp0_05_ifeval_min30_n200_p500_H10_G2-2-2-2-2-2-2-2-2-2_sep2",5,200,500,10,"2-2-2-2-2-2-2-2-2-2","2-2-2-2-2-2-2-2-2-2",2,"viroli_smoke","unequal","ifeval_like","balanced_moderate_dense_signed_cross","ifeval_min30","block","loadings","strong",2,3,2,3,0.05,"random",TRUE,26762731,21272531,26762731,26812731,2000,"independent_marginal_mixture","viroli_laplace_gibbs",0.138768758184437,0.144037878279308,-0.00526912009487099,0.327955917949599,0.306160692362264,0.021795225587335,0.267610073481662,0.265745546817021,0.00186452666464099,0.071068662600771,0.0671868624604909,0.0038818001402801,0.0315382194176285,0.0422470867982492,-0.0107088673806207,0.0371336484918717,0.0353100634266218,0.0018235850652499,13.359,86.552,-73.193
"rep5_balanced_moderate_dense_signed_cross_strong_cp0_05_ifeval_min30_n100_p500_H10_G3-3-3-3-3-3-3-3-3-3_sep2",5,100,500,10,"3-3-3-3-3-3-3-3-3-3","3-3-3-3-3-3-3-3-3-3",2,"viroli_smoke","unequal","ifeval_like","balanced_moderate_dense_signed_cross","ifeval_min30","block","loadings","strong",2,3,2,3,0.05,"random",TRUE,29512731,21272531,29512731,29561731,2000,"independent_marginal_mixture","viroli_laplace_gibbs",0.151715715905393,0.17304320900917,-0.021327493103777,0.450450376103648,0.346925535084052,0.103524841019596,0.347022708095617,0.36854179588654,-0.021519087790923,0.344739136304662,0.263825290990174,0.080913845314488,0.261374555869078,0.280570572020041,-0.019196016150963,0.149948437828962,0.098420240168658,0.051528197660304,9.697,77.246,-67.549
"rep5_balanced_moderate_dense_signed_cross_strong_cp0_05_ifeval_min30_n200_p500_H10_G3-3-3-3-3-3-3-3-3-3_sep2",5,200,500,10,"3-3-3-3-3-3-3-3-3-3","3-3-3-3-3-3-3-3-3-3",2,"viroli_smoke","unequal","ifeval_like","balanced_moderate_dense_signed_cross","ifeval_min30","block","loadings","strong",2,3,2,3,0.05,"random",TRUE,29512731,21272531,29512731,29562731,2000,"independent_marginal_mixture","viroli_laplace_gibbs",0.129818119607205,0.145808057109607,-0.015989937502402,0.312891579288124,0.263135267935267,0.049756311352857,0.247103072767722,0.263702955994804,-0.016599883227082,0.0706318702608154,0.244452594764771,-0.173820724503956,0.0498815664000742,0.258643364004029,-0.208761797603955,0.0487946681597614,0.0776651082020971,-0.0288704400423357,9.382,89.537,-80.155
"rep5_balanced_moderate_dense_signed_cross_strong_cp0_05_ifeval_min30_n100_p500_H5_G2-2-2-2-2_sep2",5,100,500,5,"2-2-2-2-2","2-2-2-2-2",2,"viroli_smoke","unequal","ifeval_like","balanced_moderate_dense_signed_cross","ifeval_min30","block","loadings","strong",2,3,2,3,0.05,"random",TRUE,22262731,20772531,22262731,22311731,2000,"independent_marginal_mixture","viroli_laplace_gibbs",0.145997823762212,0.171143839718097,-0.025146015955885,0.498241720070602,0.441395428753987,0.056846291316615,0.436070058831496,0.414246151287427,0.021823907544069,0.0682672747838899,0.0668044274005486,0.00146284738334131,0.0400261002846351,0.0461980028614117,-0.0061719025767766,0.0346952211097703,0.0349647002805866,-0.000269479170816295,8.016,46.778,-38.762
"rep5_balanced_moderate_dense_signed_cross_strong_cp0_05_ifeval_min30_n200_p500_H5_G2-2-2-2-2_sep2",5,200,500,5,"2-2-2-2-2","2-2-2-2-2",2,"viroli_smoke","unequal","ifeval_like","balanced_moderate_dense_signed_cross","ifeval_min30","block","loadings","strong",2,3,2,3,0.05,"random",TRUE,22262731,20772531,22262731,22312731,2000,"independent_marginal_mixture","viroli_laplace_gibbs",0.139335087087317,0.15576313097869,-0.016428043891373,0.342757068919528,0.319990722660833,0.022766346258695,0.264150721330164,0.249866436243865,0.014284285086299,0.0669258571489787,0.0645957154030036,0.0023301417459751,0.0299290001453172,0.0338530675731203,-0.0039240674278031,0.0343526730534225,0.0335406986918871,0.000811974361535406,12.424,55.757,-43.333
"rep5_balanced_moderate_dense_signed_cross_strong_cp0_05_ifeval_min30_n100_p500_H5_G3-3-3-3-3_sep2",5,100,500,5,"3-3-3-3-3","3-3-3-3-3",2,"viroli_smoke","unequal","ifeval_like","balanced_moderate_dense_signed_cross","ifeval_min30","block","loadings","strong",2,3,2,3,0.05,"random",TRUE,23012731,20772531,23012731,23061731,2000,"independent_marginal_mixture","viroli_laplace_gibbs",0.138884845193391,0.177651463873178,-0.038766618679787,0.515692069119793,0.394975246209882,0.120716822909911,0.332849048691109,0.343007990539501,-0.010158941848392,0.169568465418744,0.255775032697768,-0.086206567279024,0.184067952393892,0.289058498330335,-0.104990545936443,0.0632644589088596,0.0864553476937345,-0.0231908887848749,8.856,47.178,-38.322
"rep5_balanced_moderate_dense_signed_cross_strong_cp0_05_ifeval_min30_n200_p500_H5_G3-3-3-3-3_sep2",5,200,500,5,"3-3-3-3-3","3-3-3-3-3",2,"viroli_smoke","unequal","ifeval_like","balanced_moderate_dense_signed_cross","ifeval_min30","block","loadings","strong",2,3,2,3,0.05,"random",TRUE,23012731,20772531,23012731,23062731,2000,"independent_marginal_mixture","viroli_laplace_gibbs",0.131591592096547,0.154847475810383,-0.023255883713836,0.378387396297832,0.3083638206529,0.070023575644932,0.391267202568939,0.423029177321779,-0.03176197475284,0.142832861976949,0.218960117049851,-0.076127255072902,0.0580738031044843,0.210991564053248,-0.152917760948764,0.0469294013440732,0.0669446090180903,-0.0200152076740171,13.299,56.023,-42.724
"rep6_balanced_moderate_dense_signed_cross_strong_cp0_05_ifeval_min30_n100_p500_H10_G2-2-2-2-2-2-2-2-2-2_sep2",6,100,500,10,"2-2-2-2-2-2-2-2-2-2","2-2-2-2-2-2-2-2-2-2",2,"viroli_smoke","unequal","ifeval_like","balanced_moderate_dense_signed_cross","ifeval_min30","block","loadings","strong",2,3,2,3,0.05,"random",TRUE,26762731,21272531,26762731,26821731,2000,"independent_marginal_mixture","viroli_laplace_gibbs",0.138449605477285,0.147889096272295,-0.00943949079501,0.455964087385925,0.403905167588228,0.052058919797697,0.360601940305498,0.35040896746547,0.010192972840028,0.098896928002166,0.0932615634094349,0.0056353645927311,0.0484760329457607,0.0594950511007796,-0.0110190181550189,0.051042817700958,0.0492548509748513,0.0017879667261067,4.8,76.036,-71.236
"rep6_balanced_moderate_dense_signed_cross_strong_cp0_05_ifeval_min30_n200_p500_H10_G2-2-2-2-2-2-2-2-2-2_sep2",6,200,500,10,"2-2-2-2-2-2-2-2-2-2","2-2-2-2-2-2-2-2-2-2",2,"viroli_smoke","unequal","ifeval_like","balanced_moderate_dense_signed_cross","ifeval_min30","block","loadings","strong",2,3,2,3,0.05,"random",TRUE,26762731,21272531,26762731,26822731,2000,"independent_marginal_mixture","viroli_laplace_gibbs",0.137016073251137,0.143178835209022,-0.00616276195788501,0.327981818169791,0.305464976440572,0.022516841729219,0.373350949209397,0.364032422579545,0.009318526629852,0.0596271076590441,0.0595381334451949,8.89742138492008e-05,0.0266450125163561,0.0391724761247449,-0.0125274636083888,0.0309801073984602,0.0308016237858043,0.000178483612655898,8.152,86.719,-78.567
"rep6_balanced_moderate_dense_signed_cross_strong_cp0_05_ifeval_min30_n100_p500_H10_G3-3-3-3-3-3-3-3-3-3_sep2",6,100,500,10,"3-3-3-3-3-3-3-3-3-3","3-3-3-3-3-3-3-3-3-3",2,"viroli_smoke","unequal","ifeval_like","balanced_moderate_dense_signed_cross","ifeval_min30","block","loadings","strong",2,3,2,3,0.05,"random",TRUE,29512731,21272531,29512731,29571731,2000,"independent_marginal_mixture","viroli_laplace_gibbs",0.14710109340679,0.166624171872741,-0.019523078465951,0.454669713574214,0.356347632405537,0.098322081168677,0.271223974872613,0.276845398015411,-0.00562142314279801,0.30781488187783,0.262275705230568,0.045539176647262,0.243678375768177,0.313296690000942,-0.069618314232765,0.107254507148087,0.0836714192533727,0.0235830878947143,9.737,75.746,-66.009
"rep6_balanced_moderate_dense_signed_cross_strong_cp0_05_ifeval_min30_n200_p500_H10_G3-3-3-3-3-3-3-3-3-3_sep2",6,200,500,10,"3-3-3-3-3-3-3-3-3-3","3-3-3-3-3-3-3-3-3-3",2,"viroli_smoke","unequal","ifeval_like","balanced_moderate_dense_signed_cross","ifeval_min30","block","loadings","strong",2,3,2,3,0.05,"random",TRUE,29512731,21272531,29512731,29572731,2000,"independent_marginal_mixture","viroli_laplace_gibbs",0.135658029678561,0.150166366763203,-0.014508337084642,0.321413246401871,0.268869870183954,0.052543376217917,0.285794836391162,0.293612281655223,-0.00781744526406103,0.0797981043620216,0.242431594701145,-0.162633490339123,0.059562696279005,0.263529017266503,-0.203966320987498,0.0375241895386882,0.0728947361405261,-0.0353705466018379,9.187,86.891,-77.704
"rep6_balanced_moderate_dense_signed_cross_strong_cp0_05_ifeval_min30_n100_p500_H5_G2-2-2-2-2_sep2",6,100,500,5,"2-2-2-2-2","2-2-2-2-2",2,"viroli_smoke","unequal","ifeval_like","balanced_moderate_dense_signed_cross","ifeval_min30","block","loadings","strong",2,3,2,3,0.05,"random",TRUE,22262731,20772531,22262731,22321731,2000,"independent_marginal_mixture","viroli_laplace_gibbs",0.137625930419975,0.171426845996054,-0.033800915576079,0.499284014654271,0.444757121736105,0.054526892918166,0.490142993527086,0.464789231948736,0.02535376157835,0.0681044235448964,0.0621302896065761,0.0059741339383203,0.0497510284585203,0.0575579517477106,-0.0078069232891903,0.0349594973137603,0.0316201983451412,0.0033392989686191,5.143,47.683,-42.54
"rep6_balanced_moderate_dense_signed_cross_strong_cp0_05_ifeval_min30_n200_p500_H5_G2-2-2-2-2_sep2",6,200,500,5,"2-2-2-2-2","2-2-2-2-2",2,"viroli_smoke","unequal","ifeval_like","balanced_moderate_dense_signed_cross","ifeval_min30","block","loadings","strong",2,3,2,3,0.05,"random",TRUE,22262731,20772531,22262731,22322731,2000,"independent_marginal_mixture","viroli_laplace_gibbs",0.1259664610956,0.139712272709428,-0.013745811613828,0.352579614267666,0.327900790490104,0.024678823777562,0.339636448877359,0.32297727077783,0.016659178099529,0.053162277479898,0.050767286336725,0.002394991143173,0.0286556146095691,0.035640376681679,-0.0069847620721099,0.0268479380713655,0.0265482280635732,0.0002997100077923,7.579,57.309,-49.73
"rep6_balanced_moderate_dense_signed_cross_strong_cp0_05_ifeval_min30_n100_p500_H5_G3-3-3-3-3_sep2",6,100,500,5,"3-3-3-3-3","3-3-3-3-3",2,"viroli_smoke","unequal","ifeval_like","balanced_moderate_dense_signed_cross","ifeval_min30","block","loadings","strong",2,3,2,3,0.05,"random",TRUE,23012731,20772531,23012731,23071731,2000,"independent_marginal_mixture","viroli_laplace_gibbs",0.139255155839271,0.177027471161573,-0.037772315322302,0.513490381379044,0.3795326514791,0.133957729899944,0.368227493356806,0.391437566826028,-0.023210073469222,0.191775218761946,0.253090887862595,-0.061315669100649,0.180583111422543,0.266691390578517,-0.086108279155974,0.14230835255672,0.0976923762551185,0.0446159763016015,4.789,48.461,-43.672
"rep6_balanced_moderate_dense_signed_cross_strong_cp0_05_ifeval_min30_n200_p500_H5_G3-3-3-3-3_sep2",6,200,500,5,"3-3-3-3-3","3-3-3-3-3",2,"viroli_smoke","unequal","ifeval_like","balanced_moderate_dense_signed_cross","ifeval_min30","block","loadings","strong",2,3,2,3,0.05,"random",TRUE,23012731,20772531,23012731,23072731,2000,"independent_marginal_mixture","viroli_laplace_gibbs",0.125307635055529,0.146158786565406,-0.020851151509877,0.36250486864226,0.31142129180143,0.05108357684083,0.181660819958316,0.189826957548135,-0.00816613758981899,0.0924619137814103,0.228825913529101,-0.136363999747691,0.0549820089898219,0.210456572011875,-0.155474563022053,0.0378816577956028,0.0977642756462835,-0.0598826178506807,7.478,58.837,-51.359
"rep7_balanced_moderate_dense_signed_cross_strong_cp0_05_ifeval_min30_n100_p500_H10_G2-2-2-2-2-2-2-2-2-2_sep2",7,100,500,10,"2-2-2-2-2-2-2-2-2-2","2-2-2-2-2-2-2-2-2-2",2,"viroli_smoke","unequal","ifeval_like","balanced_moderate_dense_signed_cross","ifeval_min30","block","loadings","strong",2,3,2,3,0.05,"random",TRUE,26762731,21272531,26762731,26831731,2000,"independent_marginal_mixture","viroli_laplace_gibbs",0.145347667572395,0.159772785236569,-0.014425117664174,0.456545489250006,0.406644168958853,0.049901320291153,0.392547685478306,0.400847945762511,-0.008300260284205,0.123504425454805,0.119493738787109,0.004010686667696,0.0657000029489441,0.0729681515313017,-0.00726814858235761,0.0627511936529589,0.0614349742018571,0.00131621945110181,4.731,76.085,-71.354
"rep7_balanced_moderate_dense_signed_cross_strong_cp0_05_ifeval_min30_n200_p500_H10_G2-2-2-2-2-2-2-2-2-2_sep2",7,200,500,10,"2-2-2-2-2-2-2-2-2-2","2-2-2-2-2-2-2-2-2-2",2,"viroli_smoke","unequal","ifeval_like","balanced_moderate_dense_signed_cross","ifeval_min30","block","loadings","strong",2,3,2,3,0.05,"random",TRUE,26762731,21272531,26762731,26832731,2000,"independent_marginal_mixture","viroli_laplace_gibbs",0.138691000147209,0.146891835616187,-0.00820083546897798,0.327325657258346,0.307473792992256,0.01985186426609,0.278160361255234,0.27021514364687,0.00794521760836403,0.0562614710015724,0.0566486617755233,-0.000387190773950899,0.0353295684630854,0.0412802782022213,-0.0059507097391359,0.029045959665943,0.0295148103931859,-0.000468850727242901,8.151,87.408,-79.257
"rep7_balanced_moderate_dense_signed_cross_strong_cp0_05_ifeval_min30_n100_p500_H10_G3-3-3-3-3-3-3-3-3-3_sep2",7,100,500,10,"3-3-3-3-3-3-3-3-3-3","3-3-3-3-3-3-3-3-3-3",2,"viroli_smoke","unequal","ifeval_like","balanced_moderate_dense_signed_cross","ifeval_min30","block","loadings","strong",2,3,2,3,0.05,"random",TRUE,29512731,21272531,29512731,29581731,2000,"independent_marginal_mixture","viroli_laplace_gibbs",0.141917037034809,0.163544706192828,-0.021627669158019,0.455154559999485,0.35814660465784,0.097007955341645,0.429508956150006,0.444091716528117,-0.014582760378111,0.235462523433278,0.268307679942485,-0.032845156509207,0.195341908099247,0.312500731133449,-0.117158823034202,0.0916431565201441,0.0897852120065932,0.0018579445135509,10.536,77.366,-66.83
"rep7_balanced_moderate_dense_signed_cross_strong_cp0_05_ifeval_min30_n200_p500_H10_G3-3-3-3-3-3-3-3-3-3_sep2",7,200,500,10,"3-3-3-3-3-3-3-3-3-3","3-3-3-3-3-3-3-3-3-3",2,"viroli_smoke","unequal","ifeval_like","balanced_moderate_dense_signed_cross","ifeval_min30","block","loadings","strong",2,3,2,3,0.05,"random",TRUE,29512731,21272531,29512731,29582731,2000,"independent_marginal_mixture","viroli_laplace_gibbs",0.129290674188647,0.147521583481711,-0.018230909293064,0.323824272573844,0.273622602435558,0.050201670138286,0.262561724269615,0.273513844353018,-0.010952120083403,0.0766097104750821,0.24603981110346,-0.169430100628378,0.0727545331340006,0.274986963849424,-0.202232430715423,0.0307178101405717,0.0724519177802667,-0.041734107639695,10.021,88.289,-78.268
"rep7_balanced_moderate_dense_signed_cross_strong_cp0_05_ifeval_min30_n100_p500_H5_G2-2-2-2-2_sep2",7,100,500,5,"2-2-2-2-2","2-2-2-2-2",2,"viroli_smoke","unequal","ifeval_like","balanced_moderate_dense_signed_cross","ifeval_min30","block","loadings","strong",2,3,2,3,0.05,"random",TRUE,22262731,20772531,22262731,22331731,2000,"independent_marginal_mixture","viroli_laplace_gibbs",0.129969195499843,0.157835017504131,-0.027865822004288,0.49083870433782,0.43339786848751,0.05744083585031,0.559025614488586,0.549953724524388,0.00907188996419805,0.112347407770289,0.107424202927768,0.004923204842521,0.0512946100131164,0.0554007008201456,-0.0041060908070292,0.0582350821661251,0.0571942732375883,0.0010408089285368,4.282,46.73,-42.448
"rep7_balanced_moderate_dense_signed_cross_strong_cp0_05_ifeval_min30_n200_p500_H5_G2-2-2-2-2_sep2",7,200,500,5,"2-2-2-2-2","2-2-2-2-2",2,"viroli_smoke","unequal","ifeval_like","balanced_moderate_dense_signed_cross","ifeval_min30","block","loadings","strong",2,3,2,3,0.05,"random",TRUE,22262731,20772531,22262731,22332731,2000,"independent_marginal_mixture","viroli_laplace_gibbs",0.135440648160188,0.154716751630477,-0.019276103470289,0.348693175245742,0.326227822722549,0.022465352523193,0.29445795930423,0.293155320294904,0.00130263900932603,0.0398155431500518,0.0416470085505638,-0.001831465400512,0.0329371824272051,0.0368032885282774,-0.0038661061010723,0.0206958819682219,0.0219604700671122,-0.0012645880988903,7.46,55.999,-48.539
"rep7_balanced_moderate_dense_signed_cross_strong_cp0_05_ifeval_min30_n100_p500_H5_G3-3-3-3-3_sep2",7,100,500,5,"3-3-3-3-3","3-3-3-3-3",2,"viroli_smoke","unequal","ifeval_like","balanced_moderate_dense_signed_cross","ifeval_min30","block","loadings","strong",2,3,2,3,0.05,"random",TRUE,23012731,20772531,23012731,23081731,2000,"independent_marginal_mixture","viroli_laplace_gibbs",0.148070266499495,0.176391297949284,-0.028321031449789,0.505808515197937,0.364038535188914,0.141769980009023,0.276548703434061,0.274734194155978,0.00181450927808302,0.342933614875953,0.258330666018401,0.084602948857552,0.271626414952849,0.25776003736972,0.013866377583129,0.204126725356872,0.101306308022319,0.102820417334553,4.777,46.895,-42.118
"rep7_balanced_moderate_dense_signed_cross_strong_cp0_05_ifeval_min30_n200_p500_H5_G3-3-3-3-3_sep2",7,200,500,5,"3-3-3-3-3","3-3-3-3-3",2,"viroli_smoke","unequal","ifeval_like","balanced_moderate_dense_signed_cross","ifeval_min30","block","loadings","strong",2,3,2,3,0.05,"random",TRUE,23012731,20772531,23012731,23082731,2000,"independent_marginal_mixture","viroli_laplace_gibbs",0.130257166519549,0.149899570752712,-0.019642404233163,0.362477341620022,0.311292417070352,0.05118492454967,0.229205212949236,0.264403846787173,-0.035198633837937,0.0604753554134358,0.214627628680031,-0.154152273266595,0.0503160809104921,0.200299931348732,-0.14998385043824,0.0370504419510054,0.0839408986987611,-0.0468904567477557,7.517,56.331,-48.814
"rep8_balanced_moderate_dense_signed_cross_strong_cp0_05_ifeval_min30_n100_p500_H10_G2-2-2-2-2-2-2-2-2-2_sep2",8,100,500,10,"2-2-2-2-2-2-2-2-2-2","2-2-2-2-2-2-2-2-2-2",2,"viroli_smoke","unequal","ifeval_like","balanced_moderate_dense_signed_cross","ifeval_min30","block","loadings","strong",2,3,2,3,0.05,"random",TRUE,26762731,21272531,26762731,26841731,2000,"independent_marginal_mixture","viroli_laplace_gibbs",0.141364605703264,0.155821738093703,-0.014457132390439,0.453910195484596,0.404266544804166,0.04964365068043,0.45230512174723,0.455624985910187,-0.00331986416295704,0.115745644128987,0.10928114779675,0.006464496332237,0.0460466778850977,0.058391760928376,-0.0123450830432783,0.0591871452449836,0.057342104190215,0.0018450410547686,4.611,75.687,-71.076
"rep8_balanced_moderate_dense_signed_cross_strong_cp0_05_ifeval_min30_n200_p500_H10_G2-2-2-2-2-2-2-2-2-2_sep2",8,200,500,10,"2-2-2-2-2-2-2-2-2-2","2-2-2-2-2-2-2-2-2-2",2,"viroli_smoke","unequal","ifeval_like","balanced_moderate_dense_signed_cross","ifeval_min30","block","loadings","strong",2,3,2,3,0.05,"random",TRUE,26762731,21272531,26762731,26842731,2000,"independent_marginal_mixture","viroli_laplace_gibbs",0.137423835222281,0.144919503865756,-0.00749566864347501,0.330352935550776,0.309847950707703,0.020504984843073,0.248462168198754,0.237332426658855,0.011129741539899,0.0565589333070923,0.0574031805606686,-0.000844247253576298,0.0278710805790099,0.041265463359597,-0.0133943827805871,0.0290432567863421,0.0299854034048288,-0.000942146618486701,8.648,86.81,-78.162
"rep8_balanced_moderate_dense_signed_cross_strong_cp0_05_ifeval_min30_n100_p500_H10_G3-3-3-3-3-3-3-3-3-3_sep2",8,100,500,10,"3-3-3-3-3-3-3-3-3-3","3-3-3-3-3-3-3-3-3-3",2,"viroli_smoke","unequal","ifeval_like","balanced_moderate_dense_signed_cross","ifeval_min30","block","loadings","strong",2,3,2,3,0.05,"random",TRUE,29512731,21272531,29512731,29591731,2000,"independent_marginal_mixture","viroli_laplace_gibbs",0.140415037842451,0.162504433670963,-0.022089395828512,0.455978260787848,0.372043381191324,0.083934879596524,0.32189566622443,0.332982098643914,-0.011086432419484,0.205392998675104,0.273883189283018,-0.068490190607914,0.228790098692653,0.348928574636523,-0.12013847594387,0.0712853462015222,0.0741930176268952,-0.002907671425373,12.727,76.596,-63.869
"rep8_balanced_moderate_dense_signed_cross_strong_cp0_05_ifeval_min30_n200_p500_H10_G3-3-3-3-3-3-3-3-3-3_sep2",8,200,500,10,"3-3-3-3-3-3-3-3-3-3","3-3-3-3-3-3-3-3-3-3",2,"viroli_smoke","unequal","ifeval_like","balanced_moderate_dense_signed_cross","ifeval_min30","block","loadings","strong",2,3,2,3,0.05,"random",TRUE,29512731,21272531,29512731,29592731,2000,"independent_marginal_mixture","viroli_laplace_gibbs",0.132086832986226,0.144825026190079,-0.012738193203853,0.320166946323919,0.266554378462736,0.053612567861183,0.231620534932056,0.227179981032816,0.00444055389924,0.0771191845534107,0.243702563313661,-0.16658337876025,0.0592473758601433,0.263058034482731,-0.203810658622588,0.0424665435955655,0.0822085679164127,-0.0397420243208472,9.387,87.961,-78.574
"rep8_balanced_moderate_dense_signed_cross_strong_cp0_05_ifeval_min30_n100_p500_H5_G2-2-2-2-2_sep2",8,100,500,5,"2-2-2-2-2","2-2-2-2-2",2,"viroli_smoke","unequal","ifeval_like","balanced_moderate_dense_signed_cross","ifeval_min30","block","loadings","strong",2,3,2,3,0.05,"random",TRUE,22262731,20772531,22262731,22341731,2000,"independent_marginal_mixture","viroli_laplace_gibbs",0.130267871348747,0.153295407550829,-0.023027536202082,0.495610402201442,0.442873898973743,0.052736503227699,0.448026006917855,0.428802933967326,0.019223072950529,0.0760482826062555,0.0708505570825974,0.0051977255236581,0.0618971213098982,0.0604989978403177,0.00139812346958049,0.0398787441923177,0.0368370385815609,0.0030417056107568,4.258,47.04,-42.782
"rep8_balanced_moderate_dense_signed_cross_strong_cp0_05_ifeval_min30_n200_p500_H5_G2-2-2-2-2_sep2",8,200,500,5,"2-2-2-2-2","2-2-2-2-2",2,"viroli_smoke","unequal","ifeval_like","balanced_moderate_dense_signed_cross","ifeval_min30","block","loadings","strong",2,3,2,3,0.05,"random",TRUE,22262731,20772531,22262731,22342731,2000,"independent_marginal_mixture","viroli_laplace_gibbs",0.13245127091961,0.146960047472093,-0.014508776552483,0.363630444616512,0.337403815432133,0.026226629184379,0.48626954758548,0.491205633707657,-0.004936086122177,0.123262440780324,0.118932263710353,0.00433017706997101,0.0301286612576468,0.0386529495618158,-0.008524288304169,0.0626673076788954,0.0619913669451722,0.000675940733723207,7.191,56.207,-49.016
"rep8_balanced_moderate_dense_signed_cross_strong_cp0_05_ifeval_min30_n100_p500_H5_G3-3-3-3-3_sep2",8,100,500,5,"3-3-3-3-3","3-3-3-3-3",2,"viroli_smoke","unequal","ifeval_like","balanced_moderate_dense_signed_cross","ifeval_min30","block","loadings","strong",2,3,2,3,0.05,"random",TRUE,23012731,20772531,23012731,23091731,2000,"independent_marginal_mixture","viroli_laplace_gibbs",0.15086044589462,0.177737114827867,-0.026876668933247,0.516715687476039,0.374822330332414,0.141893357143625,0.36749409016787,0.39221930927149,-0.02472521910362,0.244496242546945,0.254842178180294,-0.010345935633349,0.239218284950605,0.266653013592803,-0.027434728642198,0.119914391159724,0.0989104960221817,0.0210038951375423,5.15,47.014,-41.864
"rep8_balanced_moderate_dense_signed_cross_strong_cp0_05_ifeval_min30_n200_p500_H5_G3-3-3-3-3_sep2",8,200,500,5,"3-3-3-3-3","3-3-3-3-3",2,"viroli_smoke","unequal","ifeval_like","balanced_moderate_dense_signed_cross","ifeval_min30","block","loadings","strong",2,3,2,3,0.05,"random",TRUE,23012731,20772531,23012731,23092731,2000,"independent_marginal_mixture","viroli_laplace_gibbs",0.137594077248501,0.157791703185679,-0.020197625937178,0.356329180165896,0.26544270862267,0.090886471543226,0.241669777690097,0.27937246417861,-0.037702686488513,0.115086935513072,0.232855465727439,-0.117768530214367,0.0494040324004084,0.191812276897975,-0.142408244497567,0.0494063952245037,0.0858284086224935,-0.0364220133979898,7.694,56.055,-48.361
"rep9_balanced_moderate_dense_signed_cross_strong_cp0_05_ifeval_min30_n100_p500_H10_G2-2-2-2-2-2-2-2-2-2_sep2",9,100,500,10,"2-2-2-2-2-2-2-2-2-2","2-2-2-2-2-2-2-2-2-2",2,"viroli_smoke","unequal","ifeval_like","balanced_moderate_dense_signed_cross","ifeval_min30","block","loadings","strong",2,3,2,3,0.05,"random",TRUE,26762731,21272531,26762731,26851731,2000,"independent_marginal_mixture","viroli_laplace_gibbs",0.139387241535032,0.153578867990888,-0.014191626455856,0.449896760402765,0.398521469972839,0.051375290429926,0.365157377590261,0.343048944374177,0.022108433216084,0.0608953980645696,0.0625639528268646,-0.00166855476229499,0.0468880691556355,0.0595295973216861,-0.0126415281660506,0.0312168975003518,0.0309343959304268,0.000282501569924997,4.782,75.951,-71.169
"rep9_balanced_moderate_dense_signed_cross_strong_cp0_05_ifeval_min30_n200_p500_H10_G2-2-2-2-2-2-2-2-2-2_sep2",9,200,500,10,"2-2-2-2-2-2-2-2-2-2","2-2-2-2-2-2-2-2-2-2",2,"viroli_smoke","unequal","ifeval_like","balanced_moderate_dense_signed_cross","ifeval_min30","block","loadings","strong",2,3,2,3,0.05,"random",TRUE,26762731,21272531,26762731,26852731,2000,"independent_marginal_mixture","viroli_laplace_gibbs",0.132495172028831,0.138854360945398,-0.006359188916567,0.326487977560257,0.303289612734397,0.02319836482586,0.328045284807871,0.327414273897041,0.00063101091083001,0.0646170080408188,0.0631808674704,0.0014361405704188,0.0235965281890433,0.0355055859480468,-0.0119090577590035,0.0335929697882244,0.0330084736898404,0.000584496098384006,8.007,86.761,-78.754
"rep9_balanced_moderate_dense_signed_cross_strong_cp0_05_ifeval_min30_n100_p500_H10_G3-3-3-3-3-3-3-3-3-3_sep2",9,100,500,10,"3-3-3-3-3-3-3-3-3-3","3-3-3-3-3-3-3-3-3-3",2,"viroli_smoke","unequal","ifeval_like","balanced_moderate_dense_signed_cross","ifeval_min30","block","loadings","strong",2,3,2,3,0.05,"random",TRUE,29512731,21272531,29512731,29601731,2000,"independent_marginal_mixture","viroli_laplace_gibbs",0.143396109725055,0.163862245632509,-0.020466135907454,0.449771206599946,0.35348632446924,0.096284882130706,0.307635573974042,0.31079423823009,-0.00315866425604799,0.313403911795293,0.260868911599929,0.052535000195364,0.246852222511332,0.300600028426961,-0.053747805915629,0.0816992172377439,0.0894563642082779,-0.00775714697053401,9.698,75.373,-65.675
"rep9_balanced_moderate_dense_signed_cross_strong_cp0_05_ifeval_min30_n200_p500_H10_G3-3-3-3-3-3-3-3-3-3_sep2",9,200,500,10,"3-3-3-3-3-3-3-3-3-3","3-3-3-3-3-3-3-3-3-3",2,"viroli_smoke","unequal","ifeval_like","balanced_moderate_dense_signed_cross","ifeval_min30","block","loadings","strong",2,3,2,3,0.05,"random",TRUE,29512731,21272531,29512731,29602731,2000,"independent_marginal_mixture","viroli_laplace_gibbs",0.131918186970918,0.149555013949156,-0.017636826978238,0.321564467426806,0.269785441255332,0.051779026171474,0.271494031606761,0.307312630041906,-0.035818598435145,0.116814799189128,0.249731769017287,-0.132916969828159,0.0881492603372988,0.254101708469893,-0.165952448132594,0.0694103396050352,0.0765957891092006,-0.0071854495041654,9.305,86.265,-76.96
"rep9_balanced_moderate_dense_signed_cross_strong_cp0_05_ifeval_min30_n100_p500_H5_G2-2-2-2-2_sep2",9,100,500,5,"2-2-2-2-2","2-2-2-2-2",2,"viroli_smoke","unequal","ifeval_like","balanced_moderate_dense_signed_cross","ifeval_min30","block","loadings","strong",2,3,2,3,0.05,"random",TRUE,22262731,20772531,22262731,22351731,2000,"independent_marginal_mixture","viroli_laplace_gibbs",0.12703566950341,0.155699938586765,-0.028664269083355,0.48757127846156,0.431931234479868,0.055640043981692,0.568550130966491,0.54812969832985,0.020420432636641,0.10704761639408,0.0982785259039551,0.00876909049012491,0.0558633169347044,0.0543908098188544,0.00147250711585,0.0564763318693744,0.0524850659320895,0.0039912659372849,4.242,47.669,-43.427
"rep9_balanced_moderate_dense_signed_cross_strong_cp0_05_ifeval_min30_n200_p500_H5_G2-2-2-2-2_sep2",9,200,500,5,"2-2-2-2-2","2-2-2-2-2",2,"viroli_smoke","unequal","ifeval_like","balanced_moderate_dense_signed_cross","ifeval_min30","block","loadings","strong",2,3,2,3,0.05,"random",TRUE,22262731,20772531,22262731,22352731,2000,"independent_marginal_mixture","viroli_laplace_gibbs",0.127953671773711,0.142246626853053,-0.014292955079342,0.351635438372063,0.328327991739805,0.023307446632258,0.36049538676147,0.366185662252885,-0.00569027549141499,0.0731735959208868,0.0719049040163514,0.00126869190453541,0.0271649779821776,0.0360044065486679,-0.0088394285664903,0.0378808486322527,0.0380886552964775,-0.000207806664224798,7.304,57.038,-49.734
"rep9_balanced_moderate_dense_signed_cross_strong_cp0_05_ifeval_min30_n100_p500_H5_G3-3-3-3-3_sep2",9,100,500,5,"3-3-3-3-3","3-3-3-3-3",2,"viroli_smoke","unequal","ifeval_like","balanced_moderate_dense_signed_cross","ifeval_min30","block","loadings","strong",2,3,2,3,0.05,"random",TRUE,23012731,20772531,23012731,23101731,2000,"independent_marginal_mixture","viroli_laplace_gibbs",0.141873304806262,0.16923383427479,-0.027360529468528,0.499496534539037,0.364372518686324,0.135124015852713,0.358367371583041,0.3672713766724,-0.00890400508935901,0.284133220138431,0.242570863245347,0.041562356893084,0.23285213630771,0.25957571232109,-0.02672357601338,0.0870420774186796,0.0894976439120817,-0.0024555664934021,4.611,47.229,-42.618
"rep9_balanced_moderate_dense_signed_cross_strong_cp0_05_ifeval_min30_n200_p500_H5_G3-3-3-3-3_sep2",9,200,500,5,"3-3-3-3-3","3-3-3-3-3",2,"viroli_smoke","unequal","ifeval_like","balanced_moderate_dense_signed_cross","ifeval_min30","block","loadings","strong",2,3,2,3,0.05,"random",TRUE,23012731,20772531,23012731,23102731,2000,"independent_marginal_mixture","viroli_laplace_gibbs",0.131637220761869,0.157174876926172,-0.025537656164303,0.36659213571045,0.326990865884558,0.039601269825892,0.25151345621192,0.259130927615577,-0.00761747140365698,0.0806048017519463,0.239715650669735,-0.159110848917789,0.0618776691397043,0.215778085335048,-0.153900416195344,0.0426999505440654,0.0852738719429288,-0.0425739213988634,8.836,56.458,-47.622
"rep1_balanced_moderate_dense_signed_cross_strong_cp0_05_ifeval_min30_n400_p500_H10_G2-2-2-2-2-2-2-2-2-2_sep2",1,400,500,10,"2-2-2-2-2-2-2-2-2-2","2-2-2-2-2-2-2-2-2-2",2,"viroli_smoke","unequal","ifeval_like","balanced_moderate_dense_signed_cross","ifeval_min30","block","loadings","strong",2,3,2,3,0.05,"random",TRUE,26762731,21272531,26762731,26771731,2000,"independent_marginal_mixture","viroli_laplace_gibbs",0.132840204228448,0.137413066746217,-0.004572862517769,0.286211833842794,0.286954411906034,-0.000742578063240018,0.228552872069621,0.22659289430427,0.00195997776535101,0.0318615513859154,0.0304686978948888,0.0013928534910266,0.0147226062217583,0.0217862349994926,-0.0070636287777343,0.0158871696247786,0.0159147266851095,-2.7557060330901e-05,18.363,109.675,-91.312
"rep1_balanced_moderate_dense_signed_cross_strong_cp0_05_ifeval_min30_n400_p500_H10_G3-3-3-3-3-3-3-3-3-3_sep2",1,400,500,10,"3-3-3-3-3-3-3-3-3-3","3-3-3-3-3-3-3-3-3-3",2,"viroli_smoke","unequal","ifeval_like","balanced_moderate_dense_signed_cross","ifeval_min30","block","loadings","strong",2,3,2,3,0.05,"random",TRUE,29512731,21272531,29512731,29521731,2000,"independent_marginal_mixture","viroli_laplace_gibbs",0.12875445566924,0.133087475013424,-0.00433301934418401,0.285749611606559,0.277630494782996,0.00811911682356298,0.22351320035175,0.232468075612376,-0.00895487526062599,0.0567897224153205,0.0786726669800859,-0.0218829445647654,0.0177813652395252,0.0511841127675445,-0.0334027475280193,0.0296431995804557,0.0329530617736854,-0.0033098621932297,19.127,111.011,-91.884
"rep1_balanced_moderate_dense_signed_cross_strong_cp0_05_ifeval_min30_n400_p500_H5_G2-2-2-2-2_sep2",1,400,500,5,"2-2-2-2-2","2-2-2-2-2",2,"viroli_smoke","unequal","ifeval_like","balanced_moderate_dense_signed_cross","ifeval_min30","block","loadings","strong",2,3,2,3,0.05,"random",TRUE,22262731,20772531,22262731,22271731,2000,"independent_marginal_mixture","viroli_laplace_gibbs",0.13050026826321,0.14274738549224,-0.01224711722903,0.312165338798303,0.309739854680813,0.00242548411749,0.360207229882809,0.358511685536067,0.00169554434674202,0.0785015444119044,0.076266255433686,0.00223528897821841,0.0261295420118746,0.0331678785118531,-0.0070383364999785,0.0403816033588656,0.0398581646092289,0.000523438749636701,18.05,73.823,-55.773
"rep1_balanced_moderate_dense_signed_cross_strong_cp0_05_ifeval_min30_n400_p500_H5_G3-3-3-3-3_sep2",1,400,500,5,"3-3-3-3-3","3-3-3-3-3",2,"viroli_smoke","unequal","ifeval_like","balanced_moderate_dense_signed_cross","ifeval_min30","block","loadings","strong",2,3,2,3,0.05,"random",TRUE,23012731,20772531,23012731,23021731,2000,"independent_marginal_mixture","viroli_laplace_gibbs",0.129572046305576,0.142296267166174,-0.012724220860598,0.323776705110682,0.314192481405904,0.00958422370477802,0.208189707560066,0.231835220335832,-0.023645512775766,0.063756901737562,0.0961581834526522,-0.0324012817150902,0.0203743498073168,0.0427285487940443,-0.0223541989867275,0.0310115539210518,0.0425631681304612,-0.0115516142094094,17.801,75.458,-57.657
"rep10_balanced_moderate_dense_signed_cross_strong_cp0_05_ifeval_min30_n400_p500_H10_G2-2-2-2-2-2-2-2-2-2_sep2",10,400,500,10,"2-2-2-2-2-2-2-2-2-2","2-2-2-2-2-2-2-2-2-2",2,"viroli_smoke","unequal","ifeval_like","balanced_moderate_dense_signed_cross","ifeval_min30","block","loadings","strong",2,3,2,3,0.05,"random",TRUE,26762731,21272531,26762731,26861731,2000,"independent_marginal_mixture","viroli_laplace_gibbs",0.13198843183204,0.137818397730668,-0.005829965898628,0.29162572800212,0.293873756762951,-0.00224802876083102,0.297944054089019,0.297919670061453,2.43840275659934e-05,0.0548420535844115,0.0524081519200994,0.0024339016643121,0.0157129899249493,0.0224329287616316,-0.0067199388366823,0.0279340711579394,0.0275894853707418,0.0003445857871976,18.667,109.45,-90.783
"rep10_balanced_moderate_dense_signed_cross_strong_cp0_05_ifeval_min30_n400_p500_H10_G3-3-3-3-3-3-3-3-3-3_sep2",10,400,500,10,"3-3-3-3-3-3-3-3-3-3","3-3-3-3-3-3-3-3-3-3",2,"viroli_smoke","unequal","ifeval_like","balanced_moderate_dense_signed_cross","ifeval_min30","block","loadings","strong",2,3,2,3,0.05,"random",TRUE,29512731,21272531,29512731,29611731,2000,"independent_marginal_mixture","viroli_laplace_gibbs",0.125061905571876,0.132640042460034,-0.007578136888158,0.284558779182666,0.277133603072055,0.007425176110611,0.204686393380719,0.210254001513388,-0.00556760813266899,0.0582983317966421,0.0821144972694785,-0.0238161654728364,0.0176453058817001,0.0556061701184717,-0.0379608642367716,0.029401988130827,0.0308852455687442,-0.0014832574379172,19.757,109.958,-90.201
"rep10_balanced_moderate_dense_signed_cross_strong_cp0_05_ifeval_min30_n400_p500_H5_G2-2-2-2-2_sep2",10,400,500,5,"2-2-2-2-2","2-2-2-2-2",2,"viroli_smoke","unequal","ifeval_like","balanced_moderate_dense_signed_cross","ifeval_min30","block","loadings","strong",2,3,2,3,0.05,"random",TRUE,22262731,20772531,22262731,22361731,2000,"independent_marginal_mixture","viroli_laplace_gibbs",0.129210277558588,0.143934180067698,-0.01472390250911,0.316961809900333,0.31809456835614,-0.00113275845580696,0.304326633777978,0.319062584407973,-0.0147359506299951,0.0410697989790271,0.0426533987802558,-0.0015835998012287,0.028852106559019,0.0349939916994437,-0.0061418851404247,0.0208561420541384,0.022187139981706,-0.0013309979275676,17.297,75.164,-57.867
"rep10_balanced_moderate_dense_signed_cross_strong_cp0_05_ifeval_min30_n400_p500_H5_G3-3-3-3-3_sep2",10,400,500,5,"3-3-3-3-3","3-3-3-3-3",2,"viroli_smoke","unequal","ifeval_like","balanced_moderate_dense_signed_cross","ifeval_min30","block","loadings","strong",2,3,2,3,0.05,"random",TRUE,23012731,20772531,23012731,23111731,2000,"independent_marginal_mixture","viroli_laplace_gibbs",0.13200024978657,0.143079429025706,-0.011079179239136,0.32836085246792,0.318865839229811,0.00949501323810903,0.236374484063863,0.259751180312369,-0.023376696248506,0.0898412877004875,0.106279597022472,-0.0164383093219845,0.0194487153507429,0.0460050219432312,-0.0265563065924883,0.0351173705185249,0.0383768664524629,-0.003259495933938,17.99,75.854,-57.864
"rep11_balanced_moderate_dense_signed_cross_strong_cp0_05_ifeval_min30_n400_p500_H10_G2-2-2-2-2-2-2-2-2-2_sep2",11,400,500,10,"2-2-2-2-2-2-2-2-2-2","2-2-2-2-2-2-2-2-2-2",2,"viroli_smoke","unequal","ifeval_like","balanced_moderate_dense_signed_cross","ifeval_min30","block","loadings","strong",2,3,2,3,0.05,"random",TRUE,26762731,21272531,26762731,26871731,2000,"independent_marginal_mixture","viroli_laplace_gibbs",0.13400905123873,0.139059045370137,-0.005049994131407,0.287311805207771,0.287498262948999,-0.000186457741227997,0.256100150325661,0.252734018037252,0.00336613228840904,0.0721639485656478,0.069840578395974,0.00232337016967379,0.0185822345481164,0.027460640775095,-0.0088784062269786,0.0377556901534313,0.0369910675366795,0.000764622616751795,18.325,108.428,-90.103
"rep11_balanced_moderate_dense_signed_cross_strong_cp0_05_ifeval_min30_n400_p500_H10_G3-3-3-3-3-3-3-3-3-3_sep2",11,400,500,10,"3-3-3-3-3-3-3-3-3-3","3-3-3-3-3-3-3-3-3-3",2,"viroli_smoke","unequal","ifeval_like","balanced_moderate_dense_signed_cross","ifeval_min30","block","loadings","strong",2,3,2,3,0.05,"random",TRUE,29512731,21272531,29512731,29621731,2000,"independent_marginal_mixture","viroli_laplace_gibbs",0.126552311774253,0.135295866405504,-0.00874355463125101,0.281435764266266,0.272508170079326,0.00892759418694,0.253804018897898,0.267747274233235,-0.013943255335337,0.0629946369073127,0.120154984554226,-0.0571603476469133,0.0152593845909149,0.0930028918115238,-0.0777435072206089,0.0312885302631693,0.0472194094690186,-0.0159308792058493,19.924,108.958,-89.034
"rep11_balanced_moderate_dense_signed_cross_strong_cp0_05_ifeval_min30_n400_p500_H5_G2-2-2-2-2_sep2",11,400,500,5,"2-2-2-2-2","2-2-2-2-2",2,"viroli_smoke","unequal","ifeval_like","balanced_moderate_dense_signed_cross","ifeval_min30","block","loadings","strong",2,3,2,3,0.05,"random",TRUE,22262731,20772531,22262731,22371731,2000,"independent_marginal_mixture","viroli_laplace_gibbs",0.128711377235376,0.140827091758386,-0.01211571452301,0.322270523524977,0.321686815032142,0.000583708492834956,0.33016080799148,0.335475001635761,-0.00531419364428098,0.0429262510941092,0.0422757764256022,0.000650474668506998,0.0244406680083799,0.0331196259173706,-0.0086789579089907,0.0217738232689756,0.022083742920692,-0.000309919651716398,17.42,74.357,-56.937
"rep11_balanced_moderate_dense_signed_cross_strong_cp0_05_ifeval_min30_n400_p500_H5_G3-3-3-3-3_sep2",11,400,500,5,"3-3-3-3-3","3-3-3-3-3",2,"viroli_smoke","unequal","ifeval_like","balanced_moderate_dense_signed_cross","ifeval_min30","block","loadings","strong",2,3,2,3,0.05,"random",TRUE,23012731,20772531,23012731,23121731,2000,"independent_marginal_mixture","viroli_laplace_gibbs",0.122151186764445,0.136900339315317,-0.014749152550872,0.323015255411051,0.313587971494093,0.00942728391695802,0.214938863283197,0.235117742490757,-0.02017887920756,0.0614869576707109,0.108345206028354,-0.0468582483576431,0.0170318901715604,0.0594941562322865,-0.0424622660607261,0.0370487044299223,0.0424670898639033,-0.005418385433981,17.647,74.667,-57.02
"rep12_balanced_moderate_dense_signed_cross_strong_cp0_05_ifeval_min30_n400_p500_H10_G2-2-2-2-2-2-2-2-2-2_sep2",12,400,500,10,"2-2-2-2-2-2-2-2-2-2","2-2-2-2-2-2-2-2-2-2",2,"viroli_smoke","unequal","ifeval_like","balanced_moderate_dense_signed_cross","ifeval_min30","block","loadings","strong",2,3,2,3,0.05,"random",TRUE,26762731,21272531,26762731,26881731,2000,"independent_marginal_mixture","viroli_laplace_gibbs",0.131247361259367,0.138021856328028,-0.00677449506866099,0.289165555808762,0.287264854414602,0.00190070139416004,0.299840790510342,0.298648805168571,0.00119198534177101,0.0697213599110077,0.0683579943283629,0.0013633655826448,0.0241431049814123,0.0281803501317613,-0.004037245150349,0.0353524559272535,0.0355201208724152,-0.000167664945161697,18.505,108.603,-90.098
"rep12_balanced_moderate_dense_signed_cross_strong_cp0_05_ifeval_min30_n400_p500_H10_G3-3-3-3-3-3-3-3-3-3_sep2",12,400,500,10,"3-3-3-3-3-3-3-3-3-3","3-3-3-3-3-3-3-3-3-3",2,"viroli_smoke","unequal","ifeval_like","balanced_moderate_dense_signed_cross","ifeval_min30","block","loadings","strong",2,3,2,3,0.05,"random",TRUE,29512731,21272531,29512731,29631731,2000,"independent_marginal_mixture","viroli_laplace_gibbs",0.128661915182948,0.135045822130995,-0.006383906948047,0.284116816781497,0.276539289990489,0.00757752679100798,0.224310094428724,0.232773095133715,-0.00846300070499101,0.0581270477898194,0.0844899126077585,-0.0263628648179391,0.0202964829567949,0.0604078445935795,-0.0401113616367846,0.033344147122808,0.0348187396497865,-0.0014745925269785,19.617,110.416,-90.799
"rep12_balanced_moderate_dense_signed_cross_strong_cp0_05_ifeval_min30_n400_p500_H5_G2-2-2-2-2_sep2",12,400,500,5,"2-2-2-2-2","2-2-2-2-2",2,"viroli_smoke","unequal","ifeval_like","balanced_moderate_dense_signed_cross","ifeval_min30","block","loadings","strong",2,3,2,3,0.05,"random",TRUE,22262731,20772531,22262731,22381731,2000,"independent_marginal_mixture","viroli_laplace_gibbs",0.129231774034515,0.144979286528492,-0.015747512493977,0.31838956865899,0.316705495570225,0.001684073088765,0.277768771700305,0.283108114398441,-0.00533934269813602,0.0400637852889233,0.0393820641267739,0.000681721162149401,0.0230172474514897,0.0316273626406873,-0.0086101151891976,0.0204289557918783,0.0208124762048851,-0.000383520413006797,17.488,74.309,-56.821
"rep12_balanced_moderate_dense_signed_cross_strong_cp0_05_ifeval_min30_n400_p500_H5_G3-3-3-3-3_sep2",12,400,500,5,"3-3-3-3-3","3-3-3-3-3",2,"viroli_smoke","unequal","ifeval_like","balanced_moderate_dense_signed_cross","ifeval_min30","block","loadings","strong",2,3,2,3,0.05,"random",TRUE,23012731,20772531,23012731,23131731,2000,"independent_marginal_mixture","viroli_laplace_gibbs",0.133099327716807,0.145821173899461,-0.012721846182654,0.31744367655339,0.311216208804029,0.006227467749361,0.272103536441531,0.309283342442367,-0.037179806000836,0.0488695361251729,0.0835072509999227,-0.0346377148747498,0.0191557214157986,0.0437887912116245,-0.0246330697958259,0.0289207785184596,0.0386350716449211,-0.0097142931264615,17.91,74.522,-56.612
"rep13_balanced_moderate_dense_signed_cross_strong_cp0_05_ifeval_min30_n400_p500_H10_G2-2-2-2-2-2-2-2-2-2_sep2",13,400,500,10,"2-2-2-2-2-2-2-2-2-2","2-2-2-2-2-2-2-2-2-2",2,"viroli_smoke","unequal","ifeval_like","balanced_moderate_dense_signed_cross","ifeval_min30","block","loadings","strong",2,3,2,3,0.05,"random",TRUE,26762731,21272531,26762731,26891731,2000,"independent_marginal_mixture","viroli_laplace_gibbs",0.129720466672138,0.134376437136344,-0.00465597046420602,0.284836413269361,0.286217055466036,-0.001380642196675,0.221185557875608,0.21768425489568,0.00350130297992801,0.0325024402987276,0.0307425594296591,0.0017598808690685,0.0215286525864288,0.0257243958497412,-0.0041957432633124,0.0157468101287824,0.0159687040950583,-0.000221893966275897,18.636,107.695,-89.059
"rep13_balanced_moderate_dense_signed_cross_strong_cp0_05_ifeval_min30_n400_p500_H10_G3-3-3-3-3-3-3-3-3-3_sep2",13,400,500,10,"3-3-3-3-3-3-3-3-3-3","3-3-3-3-3-3-3-3-3-3",2,"viroli_smoke","unequal","ifeval_like","balanced_moderate_dense_signed_cross","ifeval_min30","block","loadings","strong",2,3,2,3,0.05,"random",TRUE,29512731,21272531,29512731,29641731,2000,"independent_marginal_mixture","viroli_laplace_gibbs",0.128467389906014,0.134904349028462,-0.00643695912244799,0.285720959157834,0.27680176908092,0.008919190076914,0.198680760765199,0.206160040088098,-0.00747927932289899,0.0444104705909608,0.070276791713697,-0.0258663211227362,0.0178370647952483,0.0504430478563341,-0.0326059830610858,0.0281350182047904,0.0307874194682494,-0.002652401263459,19.813,109.198,-89.385
"rep13_balanced_moderate_dense_signed_cross_strong_cp0_05_ifeval_min30_n400_p500_H5_G2-2-2-2-2_sep2",13,400,500,5,"2-2-2-2-2","2-2-2-2-2",2,"viroli_smoke","unequal","ifeval_like","balanced_moderate_dense_signed_cross","ifeval_min30","block","loadings","strong",2,3,2,3,0.05,"random",TRUE,22262731,20772531,22262731,22391731,2000,"independent_marginal_mixture","viroli_laplace_gibbs",0.133191734942861,0.145249565495752,-0.012057830552891,0.315877193935896,0.313550130592938,0.00232706334295796,0.308354534437898,0.308533872501503,-0.000179338063604983,0.0359153747114528,0.0337514423191144,0.0021639323923384,0.0256185644903204,0.033944347056093,-0.0083257825657726,0.0178420748057464,0.0175339375771017,0.0003081372286447,17.527,75.585,-58.058
"rep13_balanced_moderate_dense_signed_cross_strong_cp0_05_ifeval_min30_n400_p500_H5_G3-3-3-3-3_sep2",13,400,500,5,"3-3-3-3-3","3-3-3-3-3",2,"viroli_smoke","unequal","ifeval_like","balanced_moderate_dense_signed_cross","ifeval_min30","block","loadings","strong",2,3,2,3,0.05,"random",TRUE,23012731,20772531,23012731,23141731,2000,"independent_marginal_mixture","viroli_laplace_gibbs",0.128764446325142,0.142858300915371,-0.014093854590229,0.323414580178469,0.316131282714377,0.00728329746409201,0.257920792158978,0.285086891158275,-0.027166098999297,0.0694451858556878,0.0855236414521382,-0.0160784555964504,0.0185531002360434,0.0422147565122915,-0.0236616562762481,0.0316589192229573,0.0324301099873755,-0.0007711907644182,17.814,75.011,-57.197
"rep14_balanced_moderate_dense_signed_cross_strong_cp0_05_ifeval_min30_n400_p500_H10_G2-2-2-2-2-2-2-2-2-2_sep2",14,400,500,10,"2-2-2-2-2-2-2-2-2-2","2-2-2-2-2-2-2-2-2-2",2,"viroli_smoke","unequal","ifeval_like","balanced_moderate_dense_signed_cross","ifeval_min30","block","loadings","strong",2,3,2,3,0.05,"random",TRUE,26762731,21272531,26762731,26901731,2000,"independent_marginal_mixture","viroli_laplace_gibbs",0.131980033998977,0.138517087768143,-0.006537053769166,0.283011385209439,0.285544992665842,-0.00253360745640296,0.235825636908049,0.239855522130053,-0.00402988522200401,0.0297317797685489,0.0300747862524532,-0.000343006483904298,0.0144530141632699,0.0224678168646384,-0.0080148027013685,0.0148980908564961,0.0155453500466325,-0.000647259190136399,18.72,108.004,-89.284
"rep14_balanced_moderate_dense_signed_cross_strong_cp0_05_ifeval_min30_n400_p500_H10_G3-3-3-3-3-3-3-3-3-3_sep2",14,400,500,10,"3-3-3-3-3-3-3-3-3-3","3-3-3-3-3-3-3-3-3-3",2,"viroli_smoke","unequal","ifeval_like","balanced_moderate_dense_signed_cross","ifeval_min30","block","loadings","strong",2,3,2,3,0.05,"random",TRUE,29512731,21272531,29512731,29651731,2000,"independent_marginal_mixture","viroli_laplace_gibbs",0.127383999028839,0.133898696788594,-0.006514697759755,0.279851361678103,0.273570250013761,0.00628111166434198,0.21952548149394,0.224834261485436,-0.00530877999149601,0.052707478666179,0.0854782411376822,-0.0327707624715032,0.0203950258301504,0.0650884356611371,-0.0446934098309867,0.0333433043383702,0.0383626615669572,-0.00501935722858701,19.245,109.069,-89.824
"rep14_balanced_moderate_dense_signed_cross_strong_cp0_05_ifeval_min30_n400_p500_H5_G2-2-2-2-2_sep2",14,400,500,5,"2-2-2-2-2","2-2-2-2-2",2,"viroli_smoke","unequal","ifeval_like","balanced_moderate_dense_signed_cross","ifeval_min30","block","loadings","strong",2,3,2,3,0.05,"random",TRUE,22262731,20772531,22262731,22401731,2000,"independent_marginal_mixture","viroli_laplace_gibbs",0.131850141404744,0.145221074072076,-0.013370932667332,0.311501247729998,0.308342278929562,0.00315896880043598,0.368082903719815,0.372181296434906,-0.00409839271509099,0.0525179095054205,0.052122687519235,0.000395221986185496,0.0292009248208205,0.0361355742314337,-0.0069346494106132,0.0270200595951022,0.0272603769041771,-0.000240317309074901,17.514,73.967,-56.453
"rep14_balanced_moderate_dense_signed_cross_strong_cp0_05_ifeval_min30_n400_p500_H5_G3-3-3-3-3_sep2",14,400,500,5,"3-3-3-3-3","3-3-3-3-3",2,"viroli_smoke","unequal","ifeval_like","balanced_moderate_dense_signed_cross","ifeval_min30","block","loadings","strong",2,3,2,3,0.05,"random",TRUE,23012731,20772531,23012731,23151731,2000,"independent_marginal_mixture","viroli_laplace_gibbs",0.132570016724206,0.148110843325381,-0.015540826601175,0.330825534396105,0.322732617135517,0.00809291726058803,0.210733429386711,0.240492655169919,-0.029759225783208,0.0519974882170476,0.0863397314175861,-0.0343422432005385,0.0220794801101335,0.0507219718112064,-0.0286424917010729,0.0196386224039762,0.0248502341885303,-0.0052116117845541,18.469,74.863,-56.394
"rep15_balanced_moderate_dense_signed_cross_strong_cp0_05_ifeval_min30_n400_p500_H10_G2-2-2-2-2-2-2-2-2-2_sep2",15,400,500,10,"2-2-2-2-2-2-2-2-2-2","2-2-2-2-2-2-2-2-2-2",2,"viroli_smoke","unequal","ifeval_like","balanced_moderate_dense_signed_cross","ifeval_min30","block","loadings","strong",2,3,2,3,0.05,"random",TRUE,26762731,21272531,26762731,26911731,2000,"independent_marginal_mixture","viroli_laplace_gibbs",0.134924575686581,0.139278062463865,-0.004353486777284,0.283691205591665,0.284558110282224,-0.000866904690559,0.24507735108923,0.239701485326237,0.00537586576299301,0.0406950163864359,0.0402965623331765,0.000398454053259396,0.0232541740197372,0.0266062781923957,-0.0033521041726585,0.0206234940517353,0.0211495518314116,-0.000526057779676299,19.602,107.96,-88.358
"rep15_balanced_moderate_dense_signed_cross_strong_cp0_05_ifeval_min30_n400_p500_H10_G3-3-3-3-3-3-3-3-3-3_sep2",15,400,500,10,"3-3-3-3-3-3-3-3-3-3","3-3-3-3-3-3-3-3-3-3",2,"viroli_smoke","unequal","ifeval_like","balanced_moderate_dense_signed_cross","ifeval_min30","block","loadings","strong",2,3,2,3,0.05,"random",TRUE,29512731,21272531,29512731,29661731,2000,"independent_marginal_mixture","viroli_laplace_gibbs",0.129113443966482,0.135516417257966,-0.00640297329148401,0.284177583178688,0.278115478987716,0.00606210419097203,0.204247317069011,0.213349708509962,-0.00910239144095099,0.0600817161651517,0.083480446032918,-0.0233987298677663,0.0183467242530383,0.0587582163587926,-0.0404114921057543,0.0324591980459055,0.0348187820229768,-0.0023595839770713,19.128,119.667,-100.539
"rep15_balanced_moderate_dense_signed_cross_strong_cp0_05_ifeval_min30_n400_p500_H5_G2-2-2-2-2_sep2",15,400,500,5,"2-2-2-2-2","2-2-2-2-2",2,"viroli_smoke","unequal","ifeval_like","balanced_moderate_dense_signed_cross","ifeval_min30","block","loadings","strong",2,3,2,3,0.05,"random",TRUE,22262731,20772531,22262731,22411731,2000,"independent_marginal_mixture","viroli_laplace_gibbs",0.128650901830069,0.141732000352675,-0.013081098522606,0.318464177709318,0.313765037559513,0.00469914014980499,0.302185917532697,0.300085805135243,0.002100112397454,0.040553217941585,0.0364248800749285,0.0041283378666565,0.0287900442780772,0.0348933356450965,-0.0061032913670193,0.020556720433646,0.0188731007228263,0.0016836197108197,17.395,73.276,-55.881
"rep15_balanced_moderate_dense_signed_cross_strong_cp0_05_ifeval_min30_n400_p500_H5_G3-3-3-3-3_sep2",15,400,500,5,"3-3-3-3-3","3-3-3-3-3",2,"viroli_smoke","unequal","ifeval_like","balanced_moderate_dense_signed_cross","ifeval_min30","block","loadings","strong",2,3,2,3,0.05,"random",TRUE,23012731,20772531,23012731,23161731,2000,"independent_marginal_mixture","viroli_laplace_gibbs",0.1260275162804,0.142973041609178,-0.016945525328778,0.324958619427463,0.320745437813851,0.004213181613612,0.276885385116712,0.31272363475224,-0.035838249635528,0.0798707670396155,0.11783959644942,-0.0379688294098045,0.0238077794830877,0.0629796650974142,-0.0391718856143265,0.0387231713935824,0.0413438387406888,-0.0026206673471064,18.163,74.22,-56.057
"rep16_balanced_moderate_dense_signed_cross_strong_cp0_05_ifeval_min30_n400_p500_H10_G2-2-2-2-2-2-2-2-2-2_sep2",16,400,500,10,"2-2-2-2-2-2-2-2-2-2","2-2-2-2-2-2-2-2-2-2",2,"viroli_smoke","unequal","ifeval_like","balanced_moderate_dense_signed_cross","ifeval_min30","block","loadings","strong",2,3,2,3,0.05,"random",TRUE,26762731,21272531,26762731,26921731,2000,"independent_marginal_mixture","viroli_laplace_gibbs",0.130294334087853,0.135149716582825,-0.00485538249497203,0.283309859560536,0.286018040327832,-0.00270818076729601,0.238656664002336,0.244174705978101,-0.005518041975765,0.0336064187109816,0.0347493684068723,-0.0011429496958907,0.0193398212638923,0.0262462710672201,-0.0069064498033278,0.0173587620732519,0.0178364239949227,-0.000477661921670799,18.921,111.482,-92.561
"rep16_balanced_moderate_dense_signed_cross_strong_cp0_05_ifeval_min30_n400_p500_H10_G3-3-3-3-3-3-3-3-3-3_sep2",16,400,500,10,"3-3-3-3-3-3-3-3-3-3","3-3-3-3-3-3-3-3-3-3",2,"viroli_smoke","unequal","ifeval_like","balanced_moderate_dense_signed_cross","ifeval_min30","block","loadings","strong",2,3,2,3,0.05,"random",TRUE,29512731,21272531,29512731,29671731,2000,"independent_marginal_mixture","viroli_laplace_gibbs",0.130251671005593,0.13619771915684,-0.005946048151247,0.288573437197774,0.280687337221659,0.007886099976115,0.207373344210211,0.215909297440908,-0.008535953230697,0.0509791462429342,0.0799729036285229,-0.0289937573855887,0.0200342369874004,0.0640480000808249,-0.0440137630934245,0.0208328708306923,0.0261464533714762,-0.0053135825407839,20.015,112.573,-92.558
"rep16_balanced_moderate_dense_signed_cross_strong_cp0_05_ifeval_min30_n400_p500_H5_G2-2-2-2-2_sep2",16,400,500,5,"2-2-2-2-2","2-2-2-2-2",2,"viroli_smoke","unequal","ifeval_like","balanced_moderate_dense_signed_cross","ifeval_min30","block","loadings","strong",2,3,2,3,0.05,"random",TRUE,22262731,20772531,22262731,22421731,2000,"independent_marginal_mixture","viroli_laplace_gibbs",0.132638218348137,0.14661777380891,-0.013979555460773,0.318179238522848,0.316418297311914,0.00176094121093401,0.327183583894736,0.341971425935729,-0.014787842040993,0.0609033454784229,0.0621408821633213,-0.0012375366848984,0.0290982189165637,0.0329895990095058,-0.0038913800929421,0.0312700652708491,0.0325132739875173,-0.0012432087166682,17.657,80.358,-62.701
"rep16_balanced_moderate_dense_signed_cross_strong_cp0_05_ifeval_min30_n400_p500_H5_G3-3-3-3-3_sep2",16,400,500,5,"3-3-3-3-3","3-3-3-3-3",2,"viroli_smoke","unequal","ifeval_like","balanced_moderate_dense_signed_cross","ifeval_min30","block","loadings","strong",2,3,2,3,0.05,"random",TRUE,23012731,20772531,23012731,23171731,2000,"independent_marginal_mixture","viroli_laplace_gibbs",0.135447859224274,0.147867942236909,-0.012420083012635,0.332660854391549,0.322100076226985,0.010560778164564,0.256247276446038,0.283294012136597,-0.027046735690559,0.0673424192037744,0.104140201340368,-0.0367977821365936,0.0230927772151482,0.058884060067789,-0.0357912828526408,0.0227629159030246,0.0337770721855336,-0.011014156282509,17.783,78.279,-60.496
"rep17_balanced_moderate_dense_signed_cross_strong_cp0_05_ifeval_min30_n400_p500_H10_G2-2-2-2-2-2-2-2-2-2_sep2",17,400,500,10,"2-2-2-2-2-2-2-2-2-2","2-2-2-2-2-2-2-2-2-2",2,"viroli_smoke","unequal","ifeval_like","balanced_moderate_dense_signed_cross","ifeval_min30","block","loadings","strong",2,3,2,3,0.05,"random",TRUE,26762731,21272531,26762731,26931731,2000,"independent_marginal_mixture","viroli_laplace_gibbs",0.136732345249665,0.141327630734177,-0.00459528548451202,0.291031401774061,0.291469371688541,-0.000437969914479974,0.228655012929757,0.227384519288341,0.00127049364141602,0.0497988541202653,0.0461513759172332,0.0036474782030321,0.0235328854915123,0.0243936174600142,-0.0008607319685019,0.025149474402448,0.0242898895980964,0.000859584804351599,19.434,117.592,-98.158
"rep17_balanced_moderate_dense_signed_cross_strong_cp0_05_ifeval_min30_n400_p500_H10_G3-3-3-3-3-3-3-3-3-3_sep2",17,400,500,10,"3-3-3-3-3-3-3-3-3-3","3-3-3-3-3-3-3-3-3-3",2,"viroli_smoke","unequal","ifeval_like","balanced_moderate_dense_signed_cross","ifeval_min30","block","loadings","strong",2,3,2,3,0.05,"random",TRUE,29512731,21272531,29512731,29681731,2000,"independent_marginal_mixture","viroli_laplace_gibbs",0.129185628995293,0.136438492126238,-0.00725286313094498,0.284663067857945,0.278946199831913,0.005716868026032,0.196794173165394,0.206796332012992,-0.010002158847598,0.0455435092075948,0.0752187787127767,-0.0296752695051819,0.0172152529523622,0.0533909992551586,-0.0361757463027964,0.0295996403151962,0.0326402023198666,-0.0030405620046704,19.723,111.716,-91.993
"rep17_balanced_moderate_dense_signed_cross_strong_cp0_05_ifeval_min30_n400_p500_H5_G2-2-2-2-2_sep2",17,400,500,5,"2-2-2-2-2","2-2-2-2-2",2,"viroli_smoke","unequal","ifeval_like","balanced_moderate_dense_signed_cross","ifeval_min30","block","loadings","strong",2,3,2,3,0.05,"random",TRUE,22262731,20772531,22262731,22431731,2000,"independent_marginal_mixture","viroli_laplace_gibbs",0.134438898470063,0.148515533424045,-0.014076634953982,0.305475656425178,0.303462313614592,0.00201334281058596,0.334520303944587,0.329147558735366,0.00537274520922099,0.0323011397341945,0.0285165515536703,0.0037845881805242,0.0246542522883592,0.0326652397603223,-0.0080109874719631,0.0152449794551681,0.014488716843745,0.0007562626114231,17.507,74.246,-56.739
"rep17_balanced_moderate_dense_signed_cross_strong_cp0_05_ifeval_min30_n400_p500_H5_G3-3-3-3-3_sep2",17,400,500,5,"3-3-3-3-3","3-3-3-3-3",2,"viroli_smoke","unequal","ifeval_like","balanced_moderate_dense_signed_cross","ifeval_min30","block","loadings","strong",2,3,2,3,0.05,"random",TRUE,23012731,20772531,23012731,23181731,2000,"independent_marginal_mixture","viroli_laplace_gibbs",0.123618800736541,0.138243802099572,-0.014625001363031,0.312539218736045,0.308261131832692,0.00427808690335302,0.224419314481931,0.253329911914554,-0.028910597432623,0.0569744006878679,0.0904509753405913,-0.0334765746527234,0.0268689952902721,0.053908028114078,-0.0270390328238059,0.0318411205781666,0.0399615652703081,-0.0081204446921415,18.025,80.925,-62.9
"rep18_balanced_moderate_dense_signed_cross_strong_cp0_05_ifeval_min30_n400_p500_H10_G2-2-2-2-2-2-2-2-2-2_sep2",18,400,500,10,"2-2-2-2-2-2-2-2-2-2","2-2-2-2-2-2-2-2-2-2",2,"viroli_smoke","unequal","ifeval_like","balanced_moderate_dense_signed_cross","ifeval_min30","block","loadings","strong",2,3,2,3,0.05,"random",TRUE,26762731,21272531,26762731,26941731,2000,"independent_marginal_mixture","viroli_laplace_gibbs",0.132702651243419,0.136017380251961,-0.00331472900854199,0.286000735085558,0.287484837435867,-0.00148410235030899,0.253607478891535,0.246945103825578,0.00666237506595702,0.0565720888351877,0.0546079286252952,0.00196416020989251,0.0213887450014747,0.0244554914024174,-0.0030667464009427,0.0289937666023343,0.0289662966300324,2.74699723019009e-05,18.691,117.134,-98.443
"rep18_balanced_moderate_dense_signed_cross_strong_cp0_05_ifeval_min30_n400_p500_H10_G3-3-3-3-3-3-3-3-3-3_sep2",18,400,500,10,"3-3-3-3-3-3-3-3-3-3","3-3-3-3-3-3-3-3-3-3",2,"viroli_smoke","unequal","ifeval_like","balanced_moderate_dense_signed_cross","ifeval_min30","block","loadings","strong",2,3,2,3,0.05,"random",TRUE,29512731,21272531,29512731,29691731,2000,"independent_marginal_mixture","viroli_laplace_gibbs",0.12923617629152,0.134522576056974,-0.005286399765454,0.287520887996195,0.28052469719116,0.006996190805035,0.193877543940646,0.200369213763331,-0.00649166982268501,0.0690531789773127,0.0866793250872342,-0.0176261461099215,0.0179583509714284,0.0577687060202807,-0.0398103550488523,0.0279195275777318,0.0312999120092536,-0.0033803844315218,19.888,118.325,-98.437
"rep18_balanced_moderate_dense_signed_cross_strong_cp0_05_ifeval_min30_n400_p500_H5_G2-2-2-2-2_sep2",18,400,500,5,"2-2-2-2-2","2-2-2-2-2",2,"viroli_smoke","unequal","ifeval_like","balanced_moderate_dense_signed_cross","ifeval_min30","block","loadings","strong",2,3,2,3,0.05,"random",TRUE,22262731,20772531,22262731,22441731,2000,"independent_marginal_mixture","viroli_laplace_gibbs",0.130427740344063,0.144698717626564,-0.014270977282501,0.319379174822122,0.318206285406831,0.00117288941529103,0.273285286116123,0.27359845593397,-0.000313169817846959,0.0451658265063948,0.0441703215388157,0.000995504967579101,0.03207270598667,0.0366824915973357,-0.0046097856106657,0.0225007909663877,0.0227637692940301,-0.0002629783276424,17.431,77.486,-60.055
"rep18_balanced_moderate_dense_signed_cross_strong_cp0_05_ifeval_min30_n400_p500_H5_G3-3-3-3-3_sep2",18,400,500,5,"3-3-3-3-3","3-3-3-3-3",2,"viroli_smoke","unequal","ifeval_like","balanced_moderate_dense_signed_cross","ifeval_min30","block","loadings","strong",2,3,2,3,0.05,"random",TRUE,23012731,20772531,23012731,23191731,2000,"independent_marginal_mixture","viroli_laplace_gibbs",0.12801833334004,0.141146941889369,-0.013128608549329,0.327727576236943,0.319823658032649,0.00790391820429398,0.200399382752371,0.225030337478429,-0.024630954726058,0.0720452011050253,0.10913210731227,-0.0370869062072447,0.017308792204077,0.0523928342636986,-0.0350840420596216,0.0338786960697388,0.0402499841531061,-0.0063712880833673,17.477,76.106,-58.629
"rep19_balanced_moderate_dense_signed_cross_strong_cp0_05_ifeval_min30_n400_p500_H10_G2-2-2-2-2-2-2-2-2-2_sep2",19,400,500,10,"2-2-2-2-2-2-2-2-2-2","2-2-2-2-2-2-2-2-2-2",2,"viroli_smoke","unequal","ifeval_like","balanced_moderate_dense_signed_cross","ifeval_min30","block","loadings","strong",2,3,2,3,0.05,"random",TRUE,26762731,21272531,26762731,26951731,2000,"independent_marginal_mixture","viroli_laplace_gibbs",0.130278339836958,0.135583028093047,-0.00530468825608901,0.289266241470575,0.290666965516038,-0.00140072404546299,0.235879056609939,0.231940445296615,0.00393861131332399,0.0267215857013904,0.0257455650323823,0.0009760206690081,0.0204666534549693,0.0249951000893541,-0.0045284466343848,0.0126564293358137,0.013239715799829,-0.000583286464015301,18.592,117.101,-98.509
"rep19_balanced_moderate_dense_signed_cross_strong_cp0_05_ifeval_min30_n400_p500_H10_G3-3-3-3-3-3-3-3-3-3_sep2",19,400,500,10,"3-3-3-3-3-3-3-3-3-3","3-3-3-3-3-3-3-3-3-3",2,"viroli_smoke","unequal","ifeval_like","balanced_moderate_dense_signed_cross","ifeval_min30","block","loadings","strong",2,3,2,3,0.05,"random",TRUE,29512731,21272531,29512731,29701731,2000,"independent_marginal_mixture","viroli_laplace_gibbs",0.125937827907309,0.132746985047381,-0.00680915714007199,0.280625630277423,0.27349808910711,0.007127541170313,0.197216277933375,0.204575326219123,-0.00735904828574799,0.0435794878606577,0.0733495306967196,-0.0297700428360619,0.0168286250427312,0.0546637444970957,-0.0378351194543645,0.027473447479769,0.0300543720348677,-0.0025809245550987,19.386,118.173,-98.787
"rep19_balanced_moderate_dense_signed_cross_strong_cp0_05_ifeval_min30_n400_p500_H5_G2-2-2-2-2_sep2",19,400,500,5,"2-2-2-2-2","2-2-2-2-2",2,"viroli_smoke","unequal","ifeval_like","balanced_moderate_dense_signed_cross","ifeval_min30","block","loadings","strong",2,3,2,3,0.05,"random",TRUE,22262731,20772531,22262731,22451731,2000,"independent_marginal_mixture","viroli_laplace_gibbs",0.133061959407943,0.148108287384632,-0.015046327976689,0.318381550328296,0.314459657052824,0.00392189327547199,0.35920442690822,0.362693434649803,-0.00348900774158301,0.0433758799262936,0.0438045113320214,-0.000428631405727797,0.0310761397431866,0.03651003720291,-0.0054338974597234,0.0217642246404965,0.0225812671336288,-0.000817042493132303,17.574,81.049,-63.475
"rep19_balanced_moderate_dense_signed_cross_strong_cp0_05_ifeval_min30_n400_p500_H5_G3-3-3-3-3_sep2",19,400,500,5,"3-3-3-3-3","3-3-3-3-3",2,"viroli_smoke","unequal","ifeval_like","balanced_moderate_dense_signed_cross","ifeval_min30","block","loadings","strong",2,3,2,3,0.05,"random",TRUE,23012731,20772531,23012731,23201731,2000,"independent_marginal_mixture","viroli_laplace_gibbs",0.127027010189596,0.140141484138349,-0.013114473948753,0.32725536603858,0.319677204416338,0.00757816162224201,0.171469986279395,0.185738892324213,-0.014268906044818,0.0790696245149251,0.104103885492847,-0.0250342609779219,0.025297298312012,0.0484732671054814,-0.0231759687934694,0.0366405040361262,0.0453020850038079,-0.0086615809676817,17.861,81.606,-63.745
"rep2_balanced_moderate_dense_signed_cross_strong_cp0_05_ifeval_min30_n400_p500_H10_G2-2-2-2-2-2-2-2-2-2_sep2",2,400,500,10,"2-2-2-2-2-2-2-2-2-2","2-2-2-2-2-2-2-2-2-2",2,"viroli_smoke","unequal","ifeval_like","balanced_moderate_dense_signed_cross","ifeval_min30","block","loadings","strong",2,3,2,3,0.05,"random",TRUE,26762731,21272531,26762731,26781731,2000,"independent_marginal_mixture","viroli_laplace_gibbs",0.131032077750672,0.137402654715093,-0.006370576964421,0.290174240531882,0.293106101846083,-0.00293186131420098,0.281580150216542,0.288037564118841,-0.00645741390229904,0.0600641842477842,0.0589310738419506,0.0011331104058336,0.0196401650013137,0.0249672201442013,-0.0053270551428876,0.0308833112643102,0.0309775957827639,-9.42845184537001e-05,19.623,118.654,-99.031
"rep2_balanced_moderate_dense_signed_cross_strong_cp0_05_ifeval_min30_n400_p500_H10_G3-3-3-3-3-3-3-3-3-3_sep2",2,400,500,10,"3-3-3-3-3-3-3-3-3-3","3-3-3-3-3-3-3-3-3-3",2,"viroli_smoke","unequal","ifeval_like","balanced_moderate_dense_signed_cross","ifeval_min30","block","loadings","strong",2,3,2,3,0.05,"random",TRUE,29512731,21272531,29512731,29531731,2000,"independent_marginal_mixture","viroli_laplace_gibbs",0.125356552464213,0.131996616906247,-0.00664006444203399,0.281621090212362,0.275642628035213,0.00597846217714898,0.203986032942761,0.211085489194808,-0.007099456252047,0.0603525883044186,0.0854160526100124,-0.0250634643055938,0.0215390215222676,0.0607796208984074,-0.0392405993761398,0.0347920404759838,0.0388440802510871,-0.0040520397751033,19.985,118.388,-98.403
"rep2_balanced_moderate_dense_signed_cross_strong_cp0_05_ifeval_min30_n400_p500_H5_G2-2-2-2-2_sep2",2,400,500,5,"2-2-2-2-2","2-2-2-2-2",2,"viroli_smoke","unequal","ifeval_like","balanced_moderate_dense_signed_cross","ifeval_min30","block","loadings","strong",2,3,2,3,0.05,"random",TRUE,22262731,20772531,22262731,22281731,2000,"independent_marginal_mixture","viroli_laplace_gibbs",0.130531606811317,0.142108284612614,-0.011576677801297,0.320485699367603,0.313200236899367,0.00728546246823603,0.313830378056642,0.307745221299833,0.00608515675680898,0.0734432331454243,0.0717179034392836,0.0017253297061407,0.0307151838382504,0.0349437905287317,-0.0042286066904813,0.0375837890203054,0.0375821696727021,1.61934760330162e-06,17.303,74.35,-57.047
"rep2_balanced_moderate_dense_signed_cross_strong_cp0_05_ifeval_min30_n400_p500_H5_G3-3-3-3-3_sep2",2,400,500,5,"3-3-3-3-3","3-3-3-3-3",2,"viroli_smoke","unequal","ifeval_like","balanced_moderate_dense_signed_cross","ifeval_min30","block","loadings","strong",2,3,2,3,0.05,"random",TRUE,23012731,20772531,23012731,23031731,2000,"independent_marginal_mixture","viroli_laplace_gibbs",0.129032110876784,0.143834635391782,-0.014802524514998,0.330463413342548,0.326102693992361,0.00436071935018695,0.252792481150208,0.278291194983931,-0.025498713833723,0.0686159764902876,0.0932305895784118,-0.0246146130881242,0.0233133917118236,0.0485413109112276,-0.025227919199404,0.0267109539597901,0.0310565381090092,-0.0043455841492191,17.541,76.116,-58.575
"rep20_balanced_moderate_dense_signed_cross_strong_cp0_05_ifeval_min30_n400_p500_H10_G2-2-2-2-2-2-2-2-2-2_sep2",20,400,500,10,"2-2-2-2-2-2-2-2-2-2","2-2-2-2-2-2-2-2-2-2",2,"viroli_smoke","unequal","ifeval_like","balanced_moderate_dense_signed_cross","ifeval_min30","block","loadings","strong",2,3,2,3,0.05,"random",TRUE,26762731,21272531,26762731,26961731,2000,"independent_marginal_mixture","viroli_laplace_gibbs",0.132946467000419,0.139236603503774,-0.006290136503355,0.294453863684412,0.294262887373721,0.000190976310690982,0.257534578384162,0.258490324749694,-0.000955746365532029,0.0554048584899843,0.0541573115515312,0.0012475469384531,0.017117146235474,0.0231118268755963,-0.0059946806401223,0.0282056368806888,0.0285588720514142,-0.000353235170725399,19.02,117.783,-98.763
"rep20_balanced_moderate_dense_signed_cross_strong_cp0_05_ifeval_min30_n400_p500_H10_G3-3-3-3-3-3-3-3-3-3_sep2",20,400,500,10,"3-3-3-3-3-3-3-3-3-3","3-3-3-3-3-3-3-3-3-3",2,"viroli_smoke","unequal","ifeval_like","balanced_moderate_dense_signed_cross","ifeval_min30","block","loadings","strong",2,3,2,3,0.05,"random",TRUE,29512731,21272531,29512731,29711731,2000,"independent_marginal_mixture","viroli_laplace_gibbs",0.127127021673461,0.136222907207187,-0.00909588553372601,0.28429482988448,0.275903913199734,0.00839091668474601,0.217093712793656,0.224768173951566,-0.00767446115791001,0.0798606377974553,0.115566358566678,-0.0357057207692227,0.0182818051193116,0.0760909226347937,-0.0578091175154821,0.0351564888572753,0.0379738002771389,-0.0028173114198636,20.61,118.154,-97.544
"rep20_balanced_moderate_dense_signed_cross_strong_cp0_05_ifeval_min30_n400_p500_H5_G2-2-2-2-2_sep2",20,400,500,5,"2-2-2-2-2","2-2-2-2-2",2,"viroli_smoke","unequal","ifeval_like","balanced_moderate_dense_signed_cross","ifeval_min30","block","loadings","strong",2,3,2,3,0.05,"random",TRUE,22262731,20772531,22262731,22461731,2000,"independent_marginal_mixture","viroli_laplace_gibbs",0.131473051987998,0.145330805681277,-0.013857753693279,0.314922831021094,0.309839443713674,0.00508338730741997,0.284379192357747,0.281808424944051,0.002570767413696,0.0383322001800288,0.0372250073749192,0.0011071928051096,0.0289224717956322,0.0353035478599992,-0.006381076064367,0.0189501908381859,0.0192358310479454,-0.000285640209759498,17.219,80.594,-63.375
"rep20_balanced_moderate_dense_signed_cross_strong_cp0_05_ifeval_min30_n400_p500_H5_G3-3-3-3-3_sep2",20,400,500,5,"3-3-3-3-3","3-3-3-3-3",2,"viroli_smoke","unequal","ifeval_like","balanced_moderate_dense_signed_cross","ifeval_min30","block","loadings","strong",2,3,2,3,0.05,"random",TRUE,23012731,20772531,23012731,23211731,2000,"independent_marginal_mixture","viroli_laplace_gibbs",0.123414061297039,0.136582194041136,-0.013168132744097,0.330093485095717,0.323701270836145,0.00639221425957198,0.193149084712314,0.213313515410872,-0.020164430698558,0.0643370096722223,0.0891536115441289,-0.0248166018719066,0.0175435976458932,0.0388981260728772,-0.021354528426984,0.0338505359301787,0.0377995615466762,-0.0039490256164975,17.501,82.513,-65.012
"rep21_balanced_moderate_dense_signed_cross_strong_cp0_05_ifeval_min30_n400_p500_H10_G2-2-2-2-2-2-2-2-2-2_sep2",21,400,500,10,"2-2-2-2-2-2-2-2-2-2","2-2-2-2-2-2-2-2-2-2",2,"viroli_smoke","unequal","ifeval_like","balanced_moderate_dense_signed_cross","ifeval_min30","block","loadings","strong",2,3,2,3,0.05,"random",TRUE,26762731,21272531,26762731,26971731,2000,"independent_marginal_mixture","viroli_laplace_gibbs",0.131702027228296,0.137837525975902,-0.00613549874760599,0.28323243970308,0.285180917664736,-0.00194847796165604,0.251486503705437,0.246861009321839,0.00462549438359802,0.0514511081383063,0.0489498744859175,0.0025012336523888,0.0162815996254161,0.0232408376729702,-0.0069592380475541,0.0262098322781378,0.0256540978352743,0.000555734442863502,18.598,110.572,-91.974
"rep21_balanced_moderate_dense_signed_cross_strong_cp0_05_ifeval_min30_n400_p500_H10_G3-3-3-3-3-3-3-3-3-3_sep2",21,400,500,10,"3-3-3-3-3-3-3-3-3-3","3-3-3-3-3-3-3-3-3-3",2,"viroli_smoke","unequal","ifeval_like","balanced_moderate_dense_signed_cross","ifeval_min30","block","loadings","strong",2,3,2,3,0.05,"random",TRUE,29512731,21272531,29512731,29721731,2000,"independent_marginal_mixture","viroli_laplace_gibbs",0.129767077087712,0.135871210433004,-0.006104133345292,0.28747688368263,0.280016357837819,0.00746052584481105,0.24301111148126,0.253749366100421,-0.010738254619161,0.0611871381869953,0.084553664518662,-0.0233665263316667,0.0190621485648646,0.0561997828170491,-0.0371376342521845,0.0302336443830719,0.034690611111525,-0.0044569667284531,20.203,110.094,-89.891
"rep21_balanced_moderate_dense_signed_cross_strong_cp0_05_ifeval_min30_n400_p500_H5_G2-2-2-2-2_sep2",21,400,500,5,"2-2-2-2-2","2-2-2-2-2",2,"viroli_smoke","unequal","ifeval_like","balanced_moderate_dense_signed_cross","ifeval_min30","block","loadings","strong",2,3,2,3,0.05,"random",TRUE,22262731,20772531,22262731,22471731,2000,"independent_marginal_mixture","viroli_laplace_gibbs",0.12536968218298,0.138271777310424,-0.012902095127444,0.319878509435574,0.316455024396504,0.00342348503906997,0.29219554060572,0.28761004187991,0.00458549872580999,0.023074963281515,0.0199555769226906,0.0031193863588244,0.0272460795084735,0.0341735329737227,-0.0069274534652492,0.0107955449806704,0.00976465934760053,0.00103088563306987,17.54,79.921,-62.381
"rep21_balanced_moderate_dense_signed_cross_strong_cp0_05_ifeval_min30_n400_p500_H5_G3-3-3-3-3_sep2",21,400,500,5,"3-3-3-3-3","3-3-3-3-3",2,"viroli_smoke","unequal","ifeval_like","balanced_moderate_dense_signed_cross","ifeval_min30","block","loadings","strong",2,3,2,3,0.05,"random",TRUE,23012731,20772531,23012731,23221731,2000,"independent_marginal_mixture","viroli_laplace_gibbs",0.123387111760025,0.139641052644257,-0.016253940884232,0.323390531721604,0.318336291324061,0.00505424039754299,0.23781452844758,0.267939479839806,-0.030124951392226,0.0658665324089863,0.0980205307554127,-0.0321539983464264,0.0182329957866242,0.0479491573149161,-0.0297161615282919,0.0323675436903689,0.039010794223822,-0.0066432505334531,17.728,79.672,-61.944
"rep22_balanced_moderate_dense_signed_cross_strong_cp0_05_ifeval_min30_n400_p500_H10_G2-2-2-2-2-2-2-2-2-2_sep2",22,400,500,10,"2-2-2-2-2-2-2-2-2-2","2-2-2-2-2-2-2-2-2-2",2,"viroli_smoke","unequal","ifeval_like","balanced_moderate_dense_signed_cross","ifeval_min30","block","loadings","strong",2,3,2,3,0.05,"random",TRUE,26762731,21272531,26762731,26981731,2000,"independent_marginal_mixture","viroli_laplace_gibbs",0.133309279188752,0.138168065684474,-0.00485878649572202,0.289966161077942,0.289032921845035,0.000933239232907002,0.254539646152531,0.252340378460865,0.00219926769166601,0.0380832584258249,0.0368961061298211,0.00118715229600379,0.0218951779026723,0.0260482214022315,-0.0041530434995592,0.0187463894241618,0.0191912638752128,-0.000444874451051,18.302,109.532,-91.23
"rep22_balanced_moderate_dense_signed_cross_strong_cp0_05_ifeval_min30_n400_p500_H10_G3-3-3-3-3-3-3-3-3-3_sep2",22,400,500,10,"3-3-3-3-3-3-3-3-3-3","3-3-3-3-3-3-3-3-3-3",2,"viroli_smoke","unequal","ifeval_like","balanced_moderate_dense_signed_cross","ifeval_min30","block","loadings","strong",2,3,2,3,0.05,"random",TRUE,29512731,21272531,29512731,29731731,2000,"independent_marginal_mixture","viroli_laplace_gibbs",0.128560675528075,0.134996986488677,-0.00643631096060199,0.2832375438456,0.278437735571362,0.00479980827423804,0.189514640716825,0.195455249251707,-0.00594060853488199,0.055125414494869,0.0853481553461538,-0.0302227408512848,0.018720844836532,0.0590751435045839,-0.0403542986680519,0.0347590044248318,0.0388086022236091,-0.0040495977987773,20.431,109.63,-89.199
"rep22_balanced_moderate_dense_signed_cross_strong_cp0_05_ifeval_min30_n400_p500_H5_G2-2-2-2-2_sep2",22,400,500,5,"2-2-2-2-2","2-2-2-2-2",2,"viroli_smoke","unequal","ifeval_like","balanced_moderate_dense_signed_cross","ifeval_min30","block","loadings","strong",2,3,2,3,0.05,"random",TRUE,22262731,20772531,22262731,22481731,2000,"independent_marginal_mixture","viroli_laplace_gibbs",0.127728508973329,0.1416397138503,-0.013911204876971,0.310144922297679,0.308741879029717,0.00140304326796198,0.334742569922397,0.343380524351597,-0.00863795442920001,0.0336808421818103,0.0313014478145933,0.002379394367217,0.02814369243111,0.0346101161592131,-0.0064664237281031,0.0170707992425656,0.0160272951105159,0.0010435041320497,17.458,74.541,-57.083
"rep22_balanced_moderate_dense_signed_cross_strong_cp0_05_ifeval_min30_n400_p500_H5_G3-3-3-3-3_sep2",22,400,500,5,"3-3-3-3-3","3-3-3-3-3",2,"viroli_smoke","unequal","ifeval_like","balanced_moderate_dense_signed_cross","ifeval_min30","block","loadings","strong",2,3,2,3,0.05,"random",TRUE,23012731,20772531,23012731,23231731,2000,"independent_marginal_mixture","viroli_laplace_gibbs",0.123686162296595,0.137700022542788,-0.014013860246193,0.320882697946307,0.314739329773535,0.006143368172772,0.245028714852877,0.272074630627089,-0.027045915774212,0.0506789689924274,0.0884407777902328,-0.0377618087978054,0.0214587559289504,0.0489740583714267,-0.0275153024424763,0.0184988486338652,0.0296094851207473,-0.0111106364868821,17.72,75.2,-57.48
"rep23_balanced_moderate_dense_signed_cross_strong_cp0_05_ifeval_min30_n400_p500_H10_G2-2-2-2-2-2-2-2-2-2_sep2",23,400,500,10,"2-2-2-2-2-2-2-2-2-2","2-2-2-2-2-2-2-2-2-2",2,"viroli_smoke","unequal","ifeval_like","balanced_moderate_dense_signed_cross","ifeval_min30","block","loadings","strong",2,3,2,3,0.05,"random",TRUE,26762731,21272531,26762731,26991731,2000,"independent_marginal_mixture","viroli_laplace_gibbs",0.134065009933626,0.139888644861997,-0.00582363492837101,0.292268508506942,0.293964593917553,-0.00169608541061095,0.252256784916617,0.251008093862804,0.00124869105381303,0.0315507266048188,0.0287553161345621,0.0027954104702567,0.0185928760750743,0.0219029128216682,-0.0033100367465939,0.0152317609421146,0.0149535828753695,0.000278178066745099,18.237,109.486,-91.249
"rep23_balanced_moderate_dense_signed_cross_strong_cp0_05_ifeval_min30_n400_p500_H10_G3-3-3-3-3-3-3-3-3-3_sep2",23,400,500,10,"3-3-3-3-3-3-3-3-3-3","3-3-3-3-3-3-3-3-3-3",2,"viroli_smoke","unequal","ifeval_like","balanced_moderate_dense_signed_cross","ifeval_min30","block","loadings","strong",2,3,2,3,0.05,"random",TRUE,29512731,21272531,29512731,29741731,2000,"independent_marginal_mixture","viroli_laplace_gibbs",0.1303374923631,0.136846319539324,-0.006508827176224,0.288284479392817,0.281527721434001,0.00675675795881597,0.211430683114668,0.220166415789887,-0.00873573267521899,0.0620521399069209,0.085224502032605,-0.0231723621256841,0.0208708359884299,0.059704872067204,-0.0388340360787741,0.029106316295991,0.031583607586721,-0.00247729129073,19.833,109.838,-90.005
"rep23_balanced_moderate_dense_signed_cross_strong_cp0_05_ifeval_min30_n400_p500_H5_G2-2-2-2-2_sep2",23,400,500,5,"2-2-2-2-2","2-2-2-2-2",2,"viroli_smoke","unequal","ifeval_like","balanced_moderate_dense_signed_cross","ifeval_min30","block","loadings","strong",2,3,2,3,0.05,"random",TRUE,22262731,20772531,22262731,22491731,2000,"independent_marginal_mixture","viroli_laplace_gibbs",0.130502437051976,0.14450172636611,-0.013999289314134,0.317349820169092,0.314574879439646,0.00277494072944601,0.300494105974187,0.307017395023855,-0.00652328904966798,0.0246393399805785,0.0232507415682811,0.0013885984122974,0.0309402607614652,0.0340246579639184,-0.0030843972024532,0.0114690983713257,0.011577375149345,-0.000108276778019301,17.364,74.503,-57.139
"rep23_balanced_moderate_dense_signed_cross_strong_cp0_05_ifeval_min30_n400_p500_H5_G3-3-3-3-3_sep2",23,400,500,5,"3-3-3-3-3","3-3-3-3-3",2,"viroli_smoke","unequal","ifeval_like","balanced_moderate_dense_signed_cross","ifeval_min30","block","loadings","strong",2,3,2,3,0.05,"random",TRUE,23012731,20772531,23012731,23241731,2000,"independent_marginal_mixture","viroli_laplace_gibbs",0.12453984046599,0.139405706950548,-0.014865866484558,0.336062663732975,0.330541182530564,0.00552148120241097,0.186408170473321,0.211049774849783,-0.024641604376462,0.0500114110063498,0.0897073947408717,-0.0396959837345219,0.0223023917036783,0.0538526399644686,-0.0315502482607903,0.018441742885112,0.0270768281327874,-0.0086350852476754,17.755,75.764,-58.009
"rep24_balanced_moderate_dense_signed_cross_strong_cp0_05_ifeval_min30_n400_p500_H10_G2-2-2-2-2-2-2-2-2-2_sep2",24,400,500,10,"2-2-2-2-2-2-2-2-2-2","2-2-2-2-2-2-2-2-2-2",2,"viroli_smoke","unequal","ifeval_like","balanced_moderate_dense_signed_cross","ifeval_min30","block","loadings","strong",2,3,2,3,0.05,"random",TRUE,26762731,21272531,26762731,27001731,2000,"independent_marginal_mixture","viroli_laplace_gibbs",0.135515970846703,0.14112074278856,-0.00560477194185699,0.28736424809096,0.288820182247766,-0.001455934156806,0.224103407182596,0.226531129630006,-0.00242772244740999,0.0463878340769345,0.046315973485868,7.18605910665013e-05,0.0153440472779205,0.023408326951634,-0.0080642796737135,0.0236618467297753,0.0245180444067363,-0.000856197676961001,18.638,110.708,-92.07
"rep24_balanced_moderate_dense_signed_cross_strong_cp0_05_ifeval_min30_n400_p500_H10_G3-3-3-3-3-3-3-3-3-3_sep2",24,400,500,10,"3-3-3-3-3-3-3-3-3-3","3-3-3-3-3-3-3-3-3-3",2,"viroli_smoke","unequal","ifeval_like","balanced_moderate_dense_signed_cross","ifeval_min30","block","loadings","strong",2,3,2,3,0.05,"random",TRUE,29512731,21272531,29512731,29751731,2000,"independent_marginal_mixture","viroli_laplace_gibbs",0.126799866652815,0.134313550304228,-0.007513683651413,0.280225164193478,0.27383864676159,0.00638651743188801,0.201300937831382,0.209111652006428,-0.007810714175046,0.0545777810111428,0.0807167813846194,-0.0261390003734766,0.0204188133666343,0.058846081163254,-0.0384272677966197,0.0310872026783987,0.035857850346151,-0.0047706476677523,21.458,112.296,-90.838
"rep24_balanced_moderate_dense_signed_cross_strong_cp0_05_ifeval_min30_n400_p500_H5_G2-2-2-2-2_sep2",24,400,500,5,"2-2-2-2-2","2-2-2-2-2",2,"viroli_smoke","unequal","ifeval_like","balanced_moderate_dense_signed_cross","ifeval_min30","block","loadings","strong",2,3,2,3,0.05,"random",TRUE,22262731,20772531,22262731,22501731,2000,"independent_marginal_mixture","viroli_laplace_gibbs",0.129399785586544,0.142249134654627,-0.012849349068083,0.31772803547392,0.316958943842004,0.000769091631915964,0.364953517473903,0.371284933113203,-0.00633141563930001,0.0542546678664705,0.0536210450610528,0.000633622805417698,0.0239305139614331,0.0338884787584511,-0.009957964797018,0.0276896442641266,0.027903524914295,-0.000213880650168401,17.527,1411.893,-1394.366
"rep24_balanced_moderate_dense_signed_cross_strong_cp0_05_ifeval_min30_n400_p500_H5_G3-3-3-3-3_sep2",24,400,500,5,"3-3-3-3-3","3-3-3-3-3",2,"viroli_smoke","unequal","ifeval_like","balanced_moderate_dense_signed_cross","ifeval_min30","block","loadings","strong",2,3,2,3,0.05,"random",TRUE,23012731,20772531,23012731,23251731,2000,"independent_marginal_mixture","viroli_laplace_gibbs",0.127927955731034,0.146760608499337,-0.018832652768303,0.325215612691837,0.314309713648853,0.010905899042984,0.230918314340374,0.269927608235554,-0.03900929389518,0.0591999528847872,0.158681008420182,-0.0994810555353948,0.0145770604310568,0.12036411821803,-0.105787057786973,0.0294199489110614,0.0588929056658928,-0.0294729567548314,18.074,353.125,-335.051
"rep25_balanced_moderate_dense_signed_cross_strong_cp0_05_ifeval_min30_n400_p500_H10_G2-2-2-2-2-2-2-2-2-2_sep2",25,400,500,10,"2-2-2-2-2-2-2-2-2-2","2-2-2-2-2-2-2-2-2-2",2,"viroli_smoke","unequal","ifeval_like","balanced_moderate_dense_signed_cross","ifeval_min30","block","loadings","strong",2,3,2,3,0.05,"random",TRUE,26762731,21272531,26762731,27011731,2000,"independent_marginal_mixture","viroli_laplace_gibbs",0.133225557222069,0.137970528340898,-0.00474497111882902,0.290533335888114,0.290572582429331,-3.92465412170084e-05,0.246557285211286,0.247364935017597,-0.000807649806310984,0.0428081446530884,0.0410838835745386,0.0017242610785498,0.0205765631926778,0.0237681202888034,-0.0031915570961256,0.0217910747258751,0.0215304630440237,0.000260611681851399,19.221,108.232,-89.011
"rep25_balanced_moderate_dense_signed_cross_strong_cp0_05_ifeval_min30_n400_p500_H10_G3-3-3-3-3-3-3-3-3-3_sep2",25,400,500,10,"3-3-3-3-3-3-3-3-3-3","3-3-3-3-3-3-3-3-3-3",2,"viroli_smoke","unequal","ifeval_like","balanced_moderate_dense_signed_cross","ifeval_min30","block","loadings","strong",2,3,2,3,0.05,"random",TRUE,29512731,21272531,29512731,29761731,2000,"independent_marginal_mixture","viroli_laplace_gibbs",0.12920887513384,0.134647347401429,-0.00543847226758901,0.287580821212011,0.281554404687144,0.00602641652486702,0.189645505334946,0.193290320600405,-0.00364481526545898,0.054919281005093,0.0791050348574127,-0.0241857538523197,0.0173646225699938,0.0554502705620134,-0.0380856479920196,0.0272233074808183,0.0294846988767006,-0.0022613913958823,20.315,109.871,-89.556
"rep25_balanced_moderate_dense_signed_cross_strong_cp0_05_ifeval_min30_n400_p500_H5_G2-2-2-2-2_sep2",25,400,500,5,"2-2-2-2-2","2-2-2-2-2",2,"viroli_smoke","unequal","ifeval_like","balanced_moderate_dense_signed_cross","ifeval_min30","block","loadings","strong",2,3,2,3,0.05,"random",TRUE,22262731,20772531,22262731,22511731,2000,"independent_marginal_mixture","viroli_laplace_gibbs",0.129885863790043,0.143534323789634,-0.013648459999591,0.320055889849873,0.321854933851406,-0.00179904400153302,0.262985751636866,0.273076334355548,-0.010090582718682,0.0385844707100294,0.0355003373240599,0.0030841333859695,0.0195350038802871,0.0284343380620324,-0.0088993341817453,0.0193712163158775,0.0184714884362535,0.000899727879624002,17.862,75.33,-57.468
"rep25_balanced_moderate_dense_signed_cross_strong_cp0_05_ifeval_min30_n400_p500_H5_G3-3-3-3-3_sep2",25,400,500,5,"3-3-3-3-3","3-3-3-3-3",2,"viroli_smoke","unequal","ifeval_like","balanced_moderate_dense_signed_cross","ifeval_min30","block","loadings","strong",2,3,2,3,0.05,"random",TRUE,23012731,20772531,23012731,23261731,2000,"independent_marginal_mixture","viroli_laplace_gibbs",0.124984781414855,0.138931917695158,-0.013947136280303,0.315576308447174,0.306123438830883,0.00945286961629099,0.193738599977879,0.217182634918776,-0.023444034940897,0.0583165051518863,0.150354536623599,-0.0920380314717127,0.0211776971340643,0.0944418072113011,-0.0732641100772368,0.0295074629389457,0.0452261584267831,-0.0157186954878374,17.812,74.138,-56.326
"rep3_balanced_moderate_dense_signed_cross_strong_cp0_05_ifeval_min30_n400_p500_H10_G2-2-2-2-2-2-2-2-2-2_sep2",3,400,500,10,"2-2-2-2-2-2-2-2-2-2","2-2-2-2-2-2-2-2-2-2",2,"viroli_smoke","unequal","ifeval_like","balanced_moderate_dense_signed_cross","ifeval_min30","block","loadings","strong",2,3,2,3,0.05,"random",TRUE,26762731,21272531,26762731,26791731,2000,"independent_marginal_mixture","viroli_laplace_gibbs",0.133854999013045,0.138388887888398,-0.004533888875353,0.28854320746268,0.288690871723046,-0.000147664260366054,0.261533439153175,0.267727547195613,-0.00619410804243797,0.0488321644675819,0.0469475358459718,0.0018846286216101,0.0190674559333372,0.0236746182715844,-0.0046071623382472,0.024987497028668,0.0246783881207285,0.0003091089079395,18.698,118.789,-100.091
"rep3_balanced_moderate_dense_signed_cross_strong_cp0_05_ifeval_min30_n400_p500_H10_G3-3-3-3-3-3-3-3-3-3_sep2",3,400,500,10,"3-3-3-3-3-3-3-3-3-3","3-3-3-3-3-3-3-3-3-3",2,"viroli_smoke","unequal","ifeval_like","balanced_moderate_dense_signed_cross","ifeval_min30","block","loadings","strong",2,3,2,3,0.05,"random",TRUE,29512731,21272531,29512731,29541731,2000,"independent_marginal_mixture","viroli_laplace_gibbs",0.126893214612945,0.135950260451489,-0.009057045838544,0.279589257095099,0.273148200902733,0.00644105619236601,0.25179507308683,0.264439990430261,-0.012644917343431,0.0735138508073656,0.104366947132292,-0.0308530963249264,0.0166827348720806,0.0697714165801055,-0.0530886817080249,0.0329951046357151,0.0371990339456667,-0.00420392930995159,20.891,119.237,-98.346
"rep3_balanced_moderate_dense_signed_cross_strong_cp0_05_ifeval_min30_n400_p500_H5_G2-2-2-2-2_sep2",3,400,500,5,"2-2-2-2-2","2-2-2-2-2",2,"viroli_smoke","unequal","ifeval_like","balanced_moderate_dense_signed_cross","ifeval_min30","block","loadings","strong",2,3,2,3,0.05,"random",TRUE,22262731,20772531,22262731,22291731,2000,"independent_marginal_mixture","viroli_laplace_gibbs",0.132034114023753,0.144037442358759,-0.012003328335006,0.308319526351554,0.306268696137482,0.00205083021407204,0.249620846276455,0.246641149342456,0.00297969693399899,0.0330241452765897,0.0323553305679394,0.000668814708650302,0.0328899977336248,0.0344591967294801,-0.0015691989958553,0.0166736790045924,0.0166513285527146,2.23504518777999e-05,17.618,80.483,-62.865
"rep3_balanced_moderate_dense_signed_cross_strong_cp0_05_ifeval_min30_n400_p500_H5_G3-3-3-3-3_sep2",3,400,500,5,"3-3-3-3-3","3-3-3-3-3",2,"viroli_smoke","unequal","ifeval_like","balanced_moderate_dense_signed_cross","ifeval_min30","block","loadings","strong",2,3,2,3,0.05,"random",TRUE,23012731,20772531,23012731,23041731,2000,"independent_marginal_mixture","viroli_laplace_gibbs",0.129516842498397,0.141024302733644,-0.011507460235247,0.328763336003903,0.321685927206107,0.007077408797796,0.279032085638796,0.306284934668184,-0.027252849029388,0.075542093864076,0.100311069210665,-0.024768975346589,0.0201639030147403,0.0424269625190824,-0.0222630595043421,0.0344220925433616,0.0433525288534818,-0.0089304363101202,17.779,82.396,-64.617
"rep4_balanced_moderate_dense_signed_cross_strong_cp0_05_ifeval_min30_n400_p500_H10_G2-2-2-2-2-2-2-2-2-2_sep2",4,400,500,10,"2-2-2-2-2-2-2-2-2-2","2-2-2-2-2-2-2-2-2-2",2,"viroli_smoke","unequal","ifeval_like","balanced_moderate_dense_signed_cross","ifeval_min30","block","loadings","strong",2,3,2,3,0.05,"random",TRUE,26762731,21272531,26762731,26801731,2000,"independent_marginal_mixture","viroli_laplace_gibbs",0.131407183241774,0.136774365225912,-0.00536718198413799,0.282367352790449,0.285208533771624,-0.00284118098117497,0.287685235908158,0.291859398605592,-0.00417416269743404,0.0356319732672597,0.0329220981647377,0.002709875102522,0.019741136072197,0.021872689716195,-0.002131553643998,0.0175865378419669,0.0173590892163688,0.000227448625598099,20.344,121.611,-101.267
"rep4_balanced_moderate_dense_signed_cross_strong_cp0_05_ifeval_min30_n400_p500_H10_G3-3-3-3-3-3-3-3-3-3_sep2",4,400,500,10,"3-3-3-3-3-3-3-3-3-3","3-3-3-3-3-3-3-3-3-3",2,"viroli_smoke","unequal","ifeval_like","balanced_moderate_dense_signed_cross","ifeval_min30","block","loadings","strong",2,3,2,3,0.05,"random",TRUE,29512731,21272531,29512731,29551731,2000,"independent_marginal_mixture","viroli_laplace_gibbs",0.127686886411575,0.134720325256337,-0.00703343884476201,0.284970584226615,0.277020928486125,0.00794965574049,0.211270261458988,0.218648981987543,-0.00737872052855501,0.05695657360344,0.104173704840698,-0.047217131237258,0.0173320713253912,0.079239593748804,-0.0619075224234128,0.0333267360178413,0.0454038152473833,-0.012077079229542,21.58,122.152,-100.572
"rep4_balanced_moderate_dense_signed_cross_strong_cp0_05_ifeval_min30_n400_p500_H5_G2-2-2-2-2_sep2",4,400,500,5,"2-2-2-2-2","2-2-2-2-2",2,"viroli_smoke","unequal","ifeval_like","balanced_moderate_dense_signed_cross","ifeval_min30","block","loadings","strong",2,3,2,3,0.05,"random",TRUE,22262731,20772531,22262731,22301731,2000,"independent_marginal_mixture","viroli_laplace_gibbs",0.135726518853414,0.149794445952782,-0.014067927099368,0.311868675195526,0.309559618148014,0.002309057047512,0.3170427600341,0.321607386172484,-0.00456462613838404,0.0825222923379065,0.0815277289493657,0.000994563388540801,0.0270517034924625,0.0328257441721245,-0.005774040679662,0.0427027534507325,0.0427615896438502,-5.88361931176951e-05,17.607,84.763,-67.156
"rep4_balanced_moderate_dense_signed_cross_strong_cp0_05_ifeval_min30_n400_p500_H5_G3-3-3-3-3_sep2",4,400,500,5,"3-3-3-3-3","3-3-3-3-3",2,"viroli_smoke","unequal","ifeval_like","balanced_moderate_dense_signed_cross","ifeval_min30","block","loadings","strong",2,3,2,3,0.05,"random",TRUE,23012731,20772531,23012731,23051731,2000,"independent_marginal_mixture","viroli_laplace_gibbs",0.129213135139622,0.143552758401723,-0.014339623262101,0.336509326339249,0.329012407871625,0.00749691846762401,0.21371143650421,0.23246677387703,-0.01875533737282,0.0723355441740036,0.0946766574190704,-0.0223411132450668,0.021985774891563,0.0434716289074182,-0.0214858540158552,0.0274025169916848,0.0332714076484919,-0.0058688906568071,17.819,82.153,-64.334
"rep5_balanced_moderate_dense_signed_cross_strong_cp0_05_ifeval_min30_n400_p500_H10_G2-2-2-2-2-2-2-2-2-2_sep2",5,400,500,10,"2-2-2-2-2-2-2-2-2-2","2-2-2-2-2-2-2-2-2-2",2,"viroli_smoke","unequal","ifeval_like","balanced_moderate_dense_signed_cross","ifeval_min30","block","loadings","strong",2,3,2,3,0.05,"random",TRUE,26762731,21272531,26762731,26811731,2000,"independent_marginal_mixture","viroli_laplace_gibbs",0.132934029354481,0.138616085089962,-0.005682055735481,0.285352827943412,0.286613890810558,-0.001261062867146,0.29922218070488,0.306253236950187,-0.00703105624530703,0.0697696376160495,0.0678249185938008,0.0019447190222487,0.01934663118131,0.0238149959459138,-0.0044683647646038,0.035761107852887,0.0358126821495442,-5.15742966572044e-05,18.255,117.64,-99.385
"rep5_balanced_moderate_dense_signed_cross_strong_cp0_05_ifeval_min30_n400_p500_H10_G3-3-3-3-3-3-3-3-3-3_sep2",5,400,500,10,"3-3-3-3-3-3-3-3-3-3","3-3-3-3-3-3-3-3-3-3",2,"viroli_smoke","unequal","ifeval_like","balanced_moderate_dense_signed_cross","ifeval_min30","block","loadings","strong",2,3,2,3,0.05,"random",TRUE,29512731,21272531,29512731,29561731,2000,"independent_marginal_mixture","viroli_laplace_gibbs",0.129103480638575,0.135923905318474,-0.00682042467989902,0.286988880158283,0.280596633273954,0.00639224688432899,0.184856569642309,0.188586939683716,-0.003730370041407,0.0632820533162437,0.0843281656643966,-0.0210461123481529,0.0187243888817473,0.0573947080731138,-0.0386703191913665,0.0289591012439459,0.0335297892000442,-0.0045706879560983,19.74,118.312,-98.572
"rep5_balanced_moderate_dense_signed_cross_strong_cp0_05_ifeval_min30_n400_p500_H5_G2-2-2-2-2_sep2",5,400,500,5,"2-2-2-2-2","2-2-2-2-2",2,"viroli_smoke","unequal","ifeval_like","balanced_moderate_dense_signed_cross","ifeval_min30","block","loadings","strong",2,3,2,3,0.05,"random",TRUE,22262731,20772531,22262731,22311731,2000,"independent_marginal_mixture","viroli_laplace_gibbs",0.133561185437308,0.145099860175443,-0.011538674738135,0.310423924063148,0.307827273370903,0.00259665069224502,0.349214567744942,0.354459417130826,-0.00524484938588404,0.0454890531460878,0.0421814432996975,0.0033076098463903,0.030225333976196,0.0338556524212297,-0.0036303184450337,0.0223670516017704,0.021537265346409,0.000829786255361401,17.453,80.249,-62.796
"rep5_balanced_moderate_dense_signed_cross_strong_cp0_05_ifeval_min30_n400_p500_H5_G3-3-3-3-3_sep2",5,400,500,5,"3-3-3-3-3","3-3-3-3-3",2,"viroli_smoke","unequal","ifeval_like","balanced_moderate_dense_signed_cross","ifeval_min30","block","loadings","strong",2,3,2,3,0.05,"random",TRUE,23012731,20772531,23012731,23061731,2000,"independent_marginal_mixture","viroli_laplace_gibbs",0.126759383450781,0.141161526076868,-0.014402142626087,0.328288466720607,0.31969981684424,0.00858864987636704,0.226009502673928,0.252215209874537,-0.026205707200609,0.0639295743664902,0.090959790345866,-0.0270302159793758,0.0227959942976165,0.0471349668504686,-0.0243389725528521,0.0260383371490679,0.0335568586354377,-0.0075185214863698,18.893,81.285,-62.392
"rep6_balanced_moderate_dense_signed_cross_strong_cp0_05_ifeval_min30_n400_p500_H10_G2-2-2-2-2-2-2-2-2-2_sep2",6,400,500,10,"2-2-2-2-2-2-2-2-2-2","2-2-2-2-2-2-2-2-2-2",2,"viroli_smoke","unequal","ifeval_like","balanced_moderate_dense_signed_cross","ifeval_min30","block","loadings","strong",2,3,2,3,0.05,"random",TRUE,26762731,21272531,26762731,26821731,2000,"independent_marginal_mixture","viroli_laplace_gibbs",0.132328427851287,0.137219835619835,-0.00489140776854799,0.290745219762219,0.291881306527849,-0.00113608676562998,0.29654860210879,0.295270303663079,0.00127829844571103,0.0558955597423418,0.0535697820961066,0.0023257776462352,0.0212581777301561,0.024514795318529,-0.0032566175883729,0.0283569634484737,0.028191054322578,0.000165909125895702,18.62,117.758,-99.138
"rep6_balanced_moderate_dense_signed_cross_strong_cp0_05_ifeval_min30_n400_p500_H10_G3-3-3-3-3-3-3-3-3-3_sep2",6,400,500,10,"3-3-3-3-3-3-3-3-3-3","3-3-3-3-3-3-3-3-3-3",2,"viroli_smoke","unequal","ifeval_like","balanced_moderate_dense_signed_cross","ifeval_min30","block","loadings","strong",2,3,2,3,0.05,"random",TRUE,29512731,21272531,29512731,29571731,2000,"independent_marginal_mixture","viroli_laplace_gibbs",0.129396246020001,0.134596813317159,-0.00520056729715801,0.283419858673564,0.276426301109068,0.00699355756449599,0.218806845280642,0.227142872886354,-0.008336027605712,0.0521904916262207,0.0791472956957103,-0.0269568040694896,0.0202228254357007,0.061551652274836,-0.0413288268391353,0.0265026073364226,0.0307744162962837,-0.0042718089598611,19.828,118.483,-98.655
"rep6_balanced_moderate_dense_signed_cross_strong_cp0_05_ifeval_min30_n400_p500_H5_G2-2-2-2-2_sep2",6,400,500,5,"2-2-2-2-2","2-2-2-2-2",2,"viroli_smoke","unequal","ifeval_like","balanced_moderate_dense_signed_cross","ifeval_min30","block","loadings","strong",2,3,2,3,0.05,"random",TRUE,22262731,20772531,22262731,22321731,2000,"independent_marginal_mixture","viroli_laplace_gibbs",0.130410499560511,0.144343912960569,-0.013933413400058,0.32288012879622,0.319298708762785,0.00358142003343503,0.230325533708564,0.226385766327502,0.003939767381062,0.0339798482176317,0.0333731373072052,0.000606710910426494,0.027069631261333,0.033557408272788,-0.006487777011455,0.0165216282211474,0.0167903264809852,-0.000268698259837802,18.254,81.258,-63.004
"rep6_balanced_moderate_dense_signed_cross_strong_cp0_05_ifeval_min30_n400_p500_H5_G3-3-3-3-3_sep2",6,400,500,5,"3-3-3-3-3","3-3-3-3-3",2,"viroli_smoke","unequal","ifeval_like","balanced_moderate_dense_signed_cross","ifeval_min30","block","loadings","strong",2,3,2,3,0.05,"random",TRUE,23012731,20772531,23012731,23071731,2000,"independent_marginal_mixture","viroli_laplace_gibbs",0.129865863681006,0.14526945332205,-0.015403589641044,0.329471793857048,0.32356924327782,0.005902550579228,0.236053629085321,0.266720396932778,-0.030666767847457,0.0566146857330251,0.0866253450035857,-0.0300106592705606,0.0189168598911728,0.0447167209142782,-0.0257998610231054,0.0242193315536747,0.0304236836344263,-0.0062043520807516,17.807,81.505,-63.698
"rep7_balanced_moderate_dense_signed_cross_strong_cp0_05_ifeval_min30_n400_p500_H10_G2-2-2-2-2-2-2-2-2-2_sep2",7,400,500,10,"2-2-2-2-2-2-2-2-2-2","2-2-2-2-2-2-2-2-2-2",2,"viroli_smoke","unequal","ifeval_like","balanced_moderate_dense_signed_cross","ifeval_min30","block","loadings","strong",2,3,2,3,0.05,"random",TRUE,26762731,21272531,26762731,26831731,2000,"independent_marginal_mixture","viroli_laplace_gibbs",0.133855798325575,0.13911977177636,-0.005263973450785,0.291306679709898,0.292329806542178,-0.00102312683228001,0.230918360744547,0.232519925305539,-0.001601564560992,0.0554908855009612,0.0550962786419396,0.000394606859021603,0.0230853326434619,0.02718437564275,-0.0040990429992881,0.0282903694388952,0.0289466298591787,-0.000656260420283498,19.106,117.352,-98.246
"rep7_balanced_moderate_dense_signed_cross_strong_cp0_05_ifeval_min30_n400_p500_H10_G3-3-3-3-3-3-3-3-3-3_sep2",7,400,500,10,"3-3-3-3-3-3-3-3-3-3","3-3-3-3-3-3-3-3-3-3",2,"viroli_smoke","unequal","ifeval_like","balanced_moderate_dense_signed_cross","ifeval_min30","block","loadings","strong",2,3,2,3,0.05,"random",TRUE,29512731,21272531,29512731,29581731,2000,"independent_marginal_mixture","viroli_laplace_gibbs",0.126552975348708,0.135050869027723,-0.00849789367901502,0.285864568272875,0.28110718738392,0.004757380888955,0.275176195804867,0.291265450911342,-0.016089255106475,0.074646257271741,0.0925604797059733,-0.0179142224342323,0.0189307537162628,0.0575437183748322,-0.0386129646585694,0.0339699848458028,0.0374424313751543,-0.0034724465293515,19.835,118.627,-98.792
"rep7_balanced_moderate_dense_signed_cross_strong_cp0_05_ifeval_min30_n400_p500_H5_G2-2-2-2-2_sep2",7,400,500,5,"2-2-2-2-2","2-2-2-2-2",2,"viroli_smoke","unequal","ifeval_like","balanced_moderate_dense_signed_cross","ifeval_min30","block","loadings","strong",2,3,2,3,0.05,"random",TRUE,22262731,20772531,22262731,22331731,2000,"independent_marginal_mixture","viroli_laplace_gibbs",0.128654901064118,0.14335636234548,-0.014701461281362,0.309780457377932,0.309881562158719,-0.000101104780787009,0.299842558451503,0.296683948661206,0.00315860979029697,0.0367992751889326,0.0348130654226797,0.0019862097662529,0.0223456677981675,0.0328604254958726,-0.0105147576977051,0.0185555138281335,0.0181661927645226,0.000389321063610899,17.557,80.435,-62.878
"rep7_balanced_moderate_dense_signed_cross_strong_cp0_05_ifeval_min30_n400_p500_H5_G3-3-3-3-3_sep2",7,400,500,5,"3-3-3-3-3","3-3-3-3-3",2,"viroli_smoke","unequal","ifeval_like","balanced_moderate_dense_signed_cross","ifeval_min30","block","loadings","strong",2,3,2,3,0.05,"random",TRUE,23012731,20772531,23012731,23081731,2000,"independent_marginal_mixture","viroli_laplace_gibbs",0.128885579633066,0.143395225613612,-0.014509645980546,0.322087114376211,0.314124594933795,0.00796251944241599,0.211170792121065,0.236253385597785,-0.02508259347672,0.0682556874203178,0.0998766433932274,-0.0316209559729096,0.0267013989289404,0.052153406868406,-0.0254520079394656,0.0260150281833718,0.0365230712473398,-0.010508043063968,18.214,81.277,-63.063
"rep8_balanced_moderate_dense_signed_cross_strong_cp0_05_ifeval_min30_n400_p500_H10_G2-2-2-2-2-2-2-2-2-2_sep2",8,400,500,10,"2-2-2-2-2-2-2-2-2-2","2-2-2-2-2-2-2-2-2-2",2,"viroli_smoke","unequal","ifeval_like","balanced_moderate_dense_signed_cross","ifeval_min30","block","loadings","strong",2,3,2,3,0.05,"random",TRUE,26762731,21272531,26762731,26841731,2000,"independent_marginal_mixture","viroli_laplace_gibbs",0.131801342282318,0.137371662208453,-0.00557031992613502,0.285994659607362,0.288362386851248,-0.00236772724388601,0.27932506077311,0.275356295128567,0.00396876564454296,0.0561709888343231,0.0533258530364235,0.0028451357978996,0.0167495187870191,0.0212429673794226,-0.0044934485924035,0.0287445311130166,0.0280865985407163,0.000657932572300301,19.263,110.244,-90.981
"rep8_balanced_moderate_dense_signed_cross_strong_cp0_05_ifeval_min30_n400_p500_H10_G3-3-3-3-3-3-3-3-3-3_sep2",8,400,500,10,"3-3-3-3-3-3-3-3-3-3","3-3-3-3-3-3-3-3-3-3",2,"viroli_smoke","unequal","ifeval_like","balanced_moderate_dense_signed_cross","ifeval_min30","block","loadings","strong",2,3,2,3,0.05,"random",TRUE,29512731,21272531,29512731,29591731,2000,"independent_marginal_mixture","viroli_laplace_gibbs",0.13177086567991,0.138823528695303,-0.00705266301539301,0.291258582535181,0.283857324434827,0.00740125810035402,0.214879157948519,0.222881120615755,-0.00800196266723599,0.0569698097528734,0.0726071579607458,-0.0156373482078724,0.0219195018974816,0.0612285729081983,-0.0393090710107167,0.0201277425837383,0.0222436729672857,-0.0021159303835474,19.899,109.206,-89.307
"rep8_balanced_moderate_dense_signed_cross_strong_cp0_05_ifeval_min30_n400_p500_H5_G2-2-2-2-2_sep2",8,400,500,5,"2-2-2-2-2","2-2-2-2-2",2,"viroli_smoke","unequal","ifeval_like","balanced_moderate_dense_signed_cross","ifeval_min30","block","loadings","strong",2,3,2,3,0.05,"random",TRUE,22262731,20772531,22262731,22341731,2000,"independent_marginal_mixture","viroli_laplace_gibbs",0.130897115976695,0.146618812877302,-0.015721696900607,0.318125476607895,0.317803261732363,0.000322214875531968,0.376261606535942,0.378827833258441,-0.00256622672249901,0.05907460262926,0.0554187121331011,0.0036558904961589,0.026776748628494,0.0346655767999327,-0.0078888281714387,0.0305265451773851,0.0289130455311677,0.0016134996462174,17.386,75.749,-58.363
"rep8_balanced_moderate_dense_signed_cross_strong_cp0_05_ifeval_min30_n400_p500_H5_G3-3-3-3-3_sep2",8,400,500,5,"3-3-3-3-3","3-3-3-3-3",2,"viroli_smoke","unequal","ifeval_like","balanced_moderate_dense_signed_cross","ifeval_min30","block","loadings","strong",2,3,2,3,0.05,"random",TRUE,23012731,20772531,23012731,23091731,2000,"independent_marginal_mixture","viroli_laplace_gibbs",0.131405355873938,0.146295255753449,-0.014889899879511,0.337149178622651,0.329666476126785,0.00748270249586597,0.246647799671118,0.276694947901578,-0.03004714823046,0.0437763845613977,0.0807371515843737,-0.036960767022976,0.0167767197269998,0.0465127102935496,-0.0297359905665498,0.026285777516127,0.0295620050279305,-0.0032762275118035,18.214,75.784,-57.57
"rep9_balanced_moderate_dense_signed_cross_strong_cp0_05_ifeval_min30_n400_p500_H10_G2-2-2-2-2-2-2-2-2-2_sep2",9,400,500,10,"2-2-2-2-2-2-2-2-2-2","2-2-2-2-2-2-2-2-2-2",2,"viroli_smoke","unequal","ifeval_like","balanced_moderate_dense_signed_cross","ifeval_min30","block","loadings","strong",2,3,2,3,0.05,"random",TRUE,26762731,21272531,26762731,26851731,2000,"independent_marginal_mixture","viroli_laplace_gibbs",0.131984460982587,0.137061036525379,-0.00507657554279198,0.286335766880091,0.286894627057819,-0.000558860177727993,0.258292202688638,0.260823463898538,-0.00253126120989999,0.0508766272769634,0.0494374994607342,0.0014391278162292,0.016983395491246,0.0212286666127439,-0.0042452711214979,0.0258509202494465,0.0261958493735257,-0.000344929124079199,18.779,108.104,-89.325
"rep9_balanced_moderate_dense_signed_cross_strong_cp0_05_ifeval_min30_n400_p500_H10_G3-3-3-3-3-3-3-3-3-3_sep2",9,400,500,10,"3-3-3-3-3-3-3-3-3-3","3-3-3-3-3-3-3-3-3-3",2,"viroli_smoke","unequal","ifeval_like","balanced_moderate_dense_signed_cross","ifeval_min30","block","loadings","strong",2,3,2,3,0.05,"random",TRUE,29512731,21272531,29512731,29601731,2000,"independent_marginal_mixture","viroli_laplace_gibbs",0.129329424885489,0.136774632523278,-0.007445207637789,0.286826680206923,0.281187054381531,0.00563962582539196,0.186846544217686,0.192491019707354,-0.00564447548966798,0.0608678865458872,0.0857205277743111,-0.0248526412284239,0.0176840716616789,0.0586791880341554,-0.0409951163724765,0.0300544714915516,0.0354767294211955,-0.0054222579296439,20.412,109.289,-88.877
"rep9_balanced_moderate_dense_signed_cross_strong_cp0_05_ifeval_min30_n400_p500_H5_G2-2-2-2-2_sep2",9,400,500,5,"2-2-2-2-2","2-2-2-2-2",2,"viroli_smoke","unequal","ifeval_like","balanced_moderate_dense_signed_cross","ifeval_min30","block","loadings","strong",2,3,2,3,0.05,"random",TRUE,22262731,20772531,22262731,22351731,2000,"independent_marginal_mixture","viroli_laplace_gibbs",0.128596917566844,0.14307783505013,-0.014480917483286,0.311699315631086,0.308086402214651,0.00361291341643499,0.324912164833074,0.332142597549074,-0.00723043271599999,0.0506636651047253,0.0491640658020591,0.0014995993026662,0.0259389036650563,0.0331174844301844,-0.0071785807651281,0.0259124986861607,0.025860398672248,5.21000139127002e-05,17.5,74.291,-56.791
"rep9_balanced_moderate_dense_signed_cross_strong_cp0_05_ifeval_min30_n400_p500_H5_G3-3-3-3-3_sep2",9,400,500,5,"3-3-3-3-3","3-3-3-3-3",2,"viroli_smoke","unequal","ifeval_like","balanced_moderate_dense_signed_cross","ifeval_min30","block","loadings","strong",2,3,2,3,0.05,"random",TRUE,23012731,20772531,23012731,23101731,2000,"independent_marginal_mixture","viroli_laplace_gibbs",0.124004719538178,0.140113794798646,-0.016109075260468,0.319315503147995,0.31302320154713,0.00629230160086502,0.249953897808245,0.284665743157529,-0.034711845349284,0.0676516029321884,0.102222931758599,-0.0345713288264106,0.021066381340273,0.0478116230888621,-0.0267452417485891,0.0313896896161611,0.0413189040711638,-0.0099292144550027,17.831,74.197,-56.366
