"scenario","rep","np_regime","n","p","H_true","G_true","G_config","K_joint","fix_dgp_parameters","stable_scenario_seeds","dgp_parameter_seed","loading_parameter_seed","mixture_parameter_seed","data_seed","dgp_p_max","separation","mixture_param_mode","mixture_variance_mode","intercept_mode","intercept_sd","intercept_block_span","intercept_clip","loading_design","block_size_mode","loading_sign_mode","alignment_mode","loading_strength","primary_loading_min","primary_loading_max","cross_loading_min","cross_loading_max","cross_loading_prob","cross_sign_mode","dgp_min_block_size","dgp_median_block_size","dgp_max_block_size","dgp_min_total_nonzero_loadings_by_factor","dgp_median_total_nonzero_loadings_by_factor","dgp_min_cross_nonzero_loadings_by_factor","dgp_median_cross_nonzero_loadings_by_factor","dgp_mean_nonzero_loadings_per_item","dgp_mean_cross_loadings_per_item","dgp_cross_nonzero_fraction","dgp_mean_abs_primary_loading","dgp_mean_abs_cross_loading","dgp_min_loading_l2_by_factor","dgp_median_loading_l2_by_factor","dgp_min_primary_l2_by_factor","dgp_median_primary_l2_by_factor","dgp_n_items_all_zero","dgp_n_items_all_one","dgp_n_items_prev_lt_01","dgp_n_items_prev_gt_99","dgp_min_item_prevalence","dgp_q05_item_prevalence","dgp_median_item_prevalence","dgp_q95_item_prevalence","dgp_max_item_prevalence","dgp_min_marginal_component_count","dgp_median_marginal_component_count","dgp_n_empty_marginal_components","dgp_observed_joint_profiles","dgp_possible_joint_profiles","ours_pretraining_method","viroli_lambda_l1_penalty","viroli_loading_prior","viroli_normalize_each_draw","viroli_min_scale","canonical_min_scale","min_mixture_var","viroli_seed","parallel_enabled","parallel_workers","method","mean_factor_abs_cor","mean_loading_abs_cor","min_factor_abs_cor","factor_score_rmse","factor_score_raw_rmse","lambda_corr","lambda_rmse","alpha_corr","alpha_rmse","alpha_raw_corr","alpha_raw_rmse","probability_rmse","joint_profile_ari","seconds","stage1_signal_relative_frobenius_error","stage1_signal_per_entry_mse","stage1_signal_correlation","stage1_sinTheta_op","stage1_sinTheta_fro","stage1_estimated_rank","stage1_full_loglik_per_response","stage1_true_sv_H","stage1_true_sv_Hplus1","stage1_fit_sv_H","stage1_fit_sv_Hplus1","stage1_fit_sv_H_to_Hplus1_ratio","marginal_mu_rmse","marginal_var_rmse","marginal_weight_rmse","marginal_mu_corr","marginal_log_var_corr","marginal_weight_corr","joint_mu_rmse","joint_var_rmse","joint_mu_corr","joint_var_corr","joint_weight_corr","joint_weight_rmse","joint_weight_l1","joint_weight_max_abs_error","est_effective_classes_001","est_effective_classes_01","joint_alignment_method","flat_parameter_corr","flat_parameter_blocks","all_parameter_corr","all_parameter_corr_raw","all_parameter_blocks","gibbs_min_parameter_ess","gibbs_median_parameter_ess","gibbs_mean_parameter_ess","gibbs_min_alpha_ess","gibbs_median_alpha_ess","gibbs_min_lambda_ess","gibbs_median_lambda_ess","gibbs_min_pi_ess","gibbs_median_pi_ess","gibbs_min_mu_ess","gibbs_median_mu_ess","gibbs_min_sig2_ess","gibbs_median_sig2_ess","gibbs_median_iteration_seconds","gibbs_median_z_sample_seconds","gibbs_median_factor_sample_seconds","gibbs_median_class_sample_seconds","gibbs_median_mixture_weight_seconds","gibbs_median_mixture_parameter_seconds","gibbs_median_regression_seconds","gibbs_median_normalization_seconds","gibbs_median_keep_draw_seconds","gibbs_median_diagnostics_seconds","occupied_classes","posterior_kept_draws","mfa_converged","mfa_completed_iter","mfa_final_lambda_rel_range","mfa_final_intercept_rel_range","mfa_final_occupied_range","source_chunk","em_svd_init_method","em_svd_init_z","selected_em_start","em_svd_soft_shrinkage","em_svd_soft_shrinkage_ratio","em_svd_soft_shrinkage_reference","em_svd_soft_rank_cap","mixture_update","pretrain_loading_penalty","rotation_optimizer","rotation_loading_l1_penalty","riemannian_rotation_steps","riemannian_update","lambda_l1_penalty","lasso_backend","glmnet_standardize","refine_enforce_monotone","refine_monotone_tolerance","refine_normalize_factor_scale","refine_normalize_factor_location","refine_factor_score_bound","canonical_normalize_ours","store_refinement_step_history","mu_prior_mean","mu_prior_kappa","var_prior_shape","var_prior_scale","weight_prior_alpha","refine_mu_prior_mean","refine_mu_prior_kappa","refine_var_prior_shape","refine_var_prior_scale","refine_weight_prior_alpha","pretraining_converged","pretraining_convergence_reason","pretraining_completed_iter","selected_pretraining_iteration","pretraining_return_best_iteration","rotation_converged","rotation_completed_outer","refinement_converged","refinement_completed_iter","selected_refinement_iteration","refinement_return_best_iteration","refinement_stopping_objective","refinement_all_mixtures_converged","refinement_monotone_guard_triggered","ours_median_em_iteration_seconds","ours_median_em_e_step_seconds","ours_median_em_projection_seconds","ours_median_em_objective_seconds","ours_median_rotation_iteration_seconds","ours_median_rotation_update_seconds","ours_median_rotation_mixture_refit_seconds","ours_median_rotation_objective_seconds","ours_median_refinement_iteration_seconds","ours_median_refinement_factor_update_seconds","ours_median_refinement_lambda_update_seconds","ours_median_refinement_mixture_update_seconds"
"rep1_balanced_moderate_dense_signed_cross_strong_cp0_05_ifeval_min30_n100_p500_H10_G2-2-2-2-2-2-2-2-2-2_sep2",1,"n100p500",100,500,10,"2-2-2-2-2-2-2-2-2-2","2-2-2-2-2-2-2-2-2-2",1024,TRUE,TRUE,26762731,21272531,26762731,1862388544,1000,2,"viroli_smoke","unequal","ifeval_like",0.45,1.6,1.75,"balanced_moderate_dense_signed_cross","ifeval_min30","block","loadings","strong",1,2,1,2,0.05,"random",35,40,114,56,67,17,23.5,1.478,0.478,0.0531111111111111,1.50306956235413,1.48404375325584,11.3609624549555,12.5711687343245,9.14597853706678,9.75326946907888,0,0,0,0,0.21,0.3195,0.52,0.7105,0.88,32,50,0,90,1024,NA,5,"bayesian_lasso_scale_mixture",TRUE,1e-04,1e-04,0.05,1862388581,TRUE,4,"viroli_laplace_gibbs",0.99007873004256,0.945417725589795,0.988123038964134,0.140157463289445,0.166860042901479,0.944232959962633,0.195192268618403,0.939599013078468,0.238029728615893,NA,NA,0.0986657483261102,1,203.685,NA,NA,NA,NA,NA,NA,NA,NA,NA,NA,NA,NA,0.108116910305631,0.101678605665089,0.0376216321483839,0.997662242085104,NA,0.972226440996522,0.10811691030563,0.101678605665089,0.997662242085118,NA,0.960959577457327,0.000346115804623563,0.199392298043216,0.00394067621591925,335,0,"axis_sorted_product",0.985202005177571,"alpha+loading+joint_mu+joint_var+joint_weight",0.977723511976051,0.989878241952826,"alpha+loading+joint_mu+joint_weight",10.2549826694098,200.246143867242,205.337721210787,10.4730566125569,154.84829628702,10.2549826694098,202.170979869867,826.112222559195,978.711315533145,804.78833442362,997.98545847506,280.16407804106,561.624322002337,0.100096464157104,0.00539398193359375,0.0143070220947266,0.00239443778991699,NA,0.000604867935180664,0.0700615644454956,0.00239408016204834,0.00355398654937744,NA,20,1000,NA,2000,NA,NA,NA,"fixed_ifeval_parallel_viroli_laplace_penalty5_rep1_H10_G2_2_2_2_2_2_2_2_2_2",NA,NA,NA,NA,NA,NA,NA,NA,NA,NA,NA,NA,NA,NA,NA,NA,NA,NA,NA,NA,NA,NA,NA,NA,NA,NA,NA,NA,NA,NA,NA,NA,NA,NA,NA,NA,NA,NA,NA,NA,NA,NA,NA,NA,NA,NA,NA,NA,NA,NA,NA,NA,NA,NA,NA,NA,NA,NA,NA
"rep1_balanced_moderate_dense_signed_cross_strong_cp0_05_ifeval_min30_n200_p500_H10_G2-2-2-2-2-2-2-2-2-2_sep2",1,"n200p500",200,500,10,"2-2-2-2-2-2-2-2-2-2","2-2-2-2-2-2-2-2-2-2",1024,TRUE,TRUE,26762731,21272531,26762731,403684025,1000,2,"viroli_smoke","unequal","ifeval_like",0.45,1.6,1.75,"balanced_moderate_dense_signed_cross","ifeval_min30","block","loadings","strong",1,2,1,2,0.05,"random",35,40,114,56,67,17,23.5,1.478,0.478,0.0531111111111111,1.50306956235413,1.48404375325584,11.3609624549555,12.5711687343245,9.14597853706678,9.75326946907888,0,0,0,0,0.21,0.3245,0.525,0.705,0.885,64,100,0,170,1024,NA,5,"bayesian_lasso_scale_mixture",TRUE,1e-04,1e-04,0.05,403684062,TRUE,4,"viroli_laplace_gibbs",0.99167282250924,0.968248282896057,0.990257543846072,0.128728719432041,0.159493345923565,0.967830086192892,0.145859280141626,0.93845829548004,0.234431305080681,NA,NA,0.0801077266755433,1,236.704,NA,NA,NA,NA,NA,NA,NA,NA,NA,NA,NA,NA,0.0975155746614152,0.0619797422840002,0.039608614702035,0.997173409516223,NA,0.966616887163956,0.0975155746614145,0.0619797422840002,0.997173409516288,NA,0.95358242223977,0.000358937578508835,0.214382171323575,0.00362624544858729,331,0,"axis_sorted_product",0.990524222358754,"alpha+loading+joint_mu+joint_var+joint_weight",0.983992121963718,0.992311544298973,"alpha+loading+joint_mu+joint_weight",7.16169094923315,180.064165990636,183.511777648616,10.4801282026763,136.246274220741,7.16169094923315,182.343867038979,781.129412400799,1000,765.408696222395,1000,208.037848302736,360.702117279756,0.115837454795837,0.0105874538421631,0.0190545320510864,0.00388360023498535,NA,0.000646114349365234,0.0729265213012695,0.00388884544372559,0.00356936454772949,NA,20,1000,NA,2000,NA,NA,NA,"fixed_ifeval_parallel_viroli_laplace_penalty5_rep1_H10_G2_2_2_2_2_2_2_2_2_2",NA,NA,NA,NA,NA,NA,NA,NA,NA,NA,NA,NA,NA,NA,NA,NA,NA,NA,NA,NA,NA,NA,NA,NA,NA,NA,NA,NA,NA,NA,NA,NA,NA,NA,NA,NA,NA,NA,NA,NA,NA,NA,NA,NA,NA,NA,NA,NA,NA,NA,NA,NA,NA,NA,NA,NA,NA,NA,NA
"rep1_balanced_moderate_dense_signed_cross_strong_cp0_05_ifeval_min30_n400_p500_H10_G2-2-2-2-2-2-2-2-2-2_sep2",1,"n400p500",400,500,10,"2-2-2-2-2-2-2-2-2-2","2-2-2-2-2-2-2-2-2-2",1024,TRUE,TRUE,26762731,21272531,26762731,1781240987,1000,2,"viroli_smoke","unequal","ifeval_like",0.45,1.6,1.75,"balanced_moderate_dense_signed_cross","ifeval_min30","block","loadings","strong",1,2,1,2,0.05,"random",35,40,114,56,67,17,23.5,1.478,0.478,0.0531111111111111,1.50306956235413,1.48404375325584,11.3609624549555,12.5711687343245,9.14597853706678,9.75326946907888,0,0,0,0,0.225,0.30975,0.52375,0.712625,0.9,130,200,0,292,1024,NA,5,"bayesian_lasso_scale_mixture",TRUE,1e-04,1e-04,0.05,1781241024,TRUE,4,"viroli_laplace_gibbs",0.992435136890575,0.981867117834224,0.990868478363554,0.122849102167267,0.134798703741559,0.982175243430964,0.107053762764839,0.974296490071185,0.157474471889941,NA,NA,0.0653656076787396,1,2092.397,NA,NA,NA,NA,NA,NA,NA,NA,NA,NA,NA,NA,0.057736124092495,0.0400085139542361,0.0221427182400561,0.998979023441472,NA,0.990029634047691,0.057736124092495,0.0400085139542361,0.998979023441509,NA,0.986444032971247,0.000201003366435043,0.11770258940745,0.00190498608167168,345,1,"axis_sorted_product",0.995738219332355,"alpha+loading+joint_mu+joint_var+joint_weight",0.992359445331371,0.996329833348462,"alpha+loading+joint_mu+joint_weight",5.42215341659473,164.639708583246,168.895330379169,7.3516786362463,115.096936727969,5.42215341659473,166.594569433918,841.948406827106,993.62813237551,820.66094767938,997.959525548941,116.573852640693,243.187766068337,0.147346019744873,0.0212132930755615,0.0275779962539673,0.00729000568389893,NA,0.000765085220336914,0.0787935256958008,0.00689601898193359,0.00376701354980469,NA,20,1000,NA,2000,NA,NA,NA,"fixed_ifeval_parallel_viroli_laplace_penalty5_rep1_H10_G2_2_2_2_2_2_2_2_2_2",NA,NA,NA,NA,NA,NA,NA,NA,NA,NA,NA,NA,NA,NA,NA,NA,NA,NA,NA,NA,NA,NA,NA,NA,NA,NA,NA,NA,NA,NA,NA,NA,NA,NA,NA,NA,NA,NA,NA,NA,NA,NA,NA,NA,NA,NA,NA,NA,NA,NA,NA,NA,NA,NA,NA,NA,NA,NA,NA
"rep1_balanced_moderate_dense_signed_cross_strong_cp0_05_ifeval_min30_n100_p1000_H10_G2-2-2-2-2-2-2-2-2-2_sep2",1,"n100p1000",100,1000,10,"2-2-2-2-2-2-2-2-2-2","2-2-2-2-2-2-2-2-2-2",1024,TRUE,TRUE,26762731,21272531,26762731,2132013399,1000,2,"viroli_smoke","unequal","ifeval_like",0.45,1.6,1.75,"balanced_moderate_dense_signed_cross","ifeval_min30","block","loadings","strong",1,2,1,2,0.05,"random",47,65,325,94,115,39,44.5,1.459,0.459,0.051,1.50782057986734,1.48608600948927,14.7650171336429,16.5784596097826,10.6250843505581,12.4519826278727,0,0,0,0,0.24,0.34,0.53,0.74,0.92,30,50,0,94,1024,NA,5,"bayesian_lasso_scale_mixture",TRUE,1e-04,1e-04,0.05,2132013436,TRUE,4,"viroli_laplace_gibbs",0.993891891639646,0.941737940948209,0.991599322812036,0.109972971922652,0.147026818491535,0.943926761826095,0.195999882735224,0.916891039331711,0.268972315036478,NA,NA,0.0963940990926632,1,274.283,NA,NA,NA,NA,NA,NA,NA,NA,NA,NA,NA,NA,0.0946792484594383,0.091345770279189,0.0345601687527739,0.997276045399572,NA,0.973379270749001,0.0946792484594387,0.0913457702791888,0.997276045399681,NA,0.9648123602495,0.000303668201088289,0.182650707632136,0.0023793294017203,324,1,"axis_sorted_product",0.98039767155812,"alpha+loading+joint_mu+joint_var+joint_weight",0.967944189048314,0.983221833874413,"alpha+loading+joint_mu+joint_weight",9.55189206071674,211.269212577083,210.719980673701,16.7467559054782,143.850843546349,9.55189206071674,215.64896176267,834.429747593822,1000,814.637415956184,1000,391.508704645222,701.121427167121,0.115162968635559,0.00683498382568359,0.0133049488067627,0.00159597396850586,NA,0.000409126281738281,0.0832600593566895,0.00265145301818848,0.00586891174316406,NA,20,1000,NA,2000,NA,NA,NA,"fixed_ifeval_parallel_viroli_laplace_penalty5_rep1_H10_G2_2_2_2_2_2_2_2_2_2",NA,NA,NA,NA,NA,NA,NA,NA,NA,NA,NA,NA,NA,NA,NA,NA,NA,NA,NA,NA,NA,NA,NA,NA,NA,NA,NA,NA,NA,NA,NA,NA,NA,NA,NA,NA,NA,NA,NA,NA,NA,NA,NA,NA,NA,NA,NA,NA,NA,NA,NA,NA,NA,NA,NA,NA,NA,NA,NA
"rep1_balanced_moderate_dense_signed_cross_strong_cp0_05_ifeval_min30_n200_p1000_H10_G2-2-2-2-2-2-2-2-2-2_sep2",1,"n200p1000",200,1000,10,"2-2-2-2-2-2-2-2-2-2","2-2-2-2-2-2-2-2-2-2",1024,TRUE,TRUE,26762731,21272531,26762731,20225410,1000,2,"viroli_smoke","unequal","ifeval_like",0.45,1.6,1.75,"balanced_moderate_dense_signed_cross","ifeval_min30","block","loadings","strong",1,2,1,2,0.05,"random",47,65,325,94,115,39,44.5,1.459,0.459,0.051,1.50782057986734,1.48608600948927,14.7650171336429,16.5784596097826,10.6250843505581,12.4519826278727,0,0,0,0,0.235,0.34,0.54,0.7305,0.89,66,100,0,168,1024,NA,5,"bayesian_lasso_scale_mixture",TRUE,1e-04,1e-04,0.05,20225447,TRUE,4,"viroli_laplace_gibbs",0.99428753415863,0.966233009434816,0.993010338752339,0.106619918515855,0.136275451804422,0.968554191723096,0.144581422543161,0.952065153442837,0.199682425898978,NA,NA,0.076324524061811,1,262.744,NA,NA,NA,NA,NA,NA,NA,NA,NA,NA,NA,NA,0.0941243192043747,0.0531800571671022,0.0373321111629956,0.998106816648696,NA,0.976032291705067,0.0941243192043749,0.0531800571671022,0.998106816648634,NA,0.964426462241746,0.0003527613001824,0.198481793436349,0.0044264094637378,344,0,"axis_sorted_product",0.988597561233734,"alpha+loading+joint_mu+joint_var+joint_weight",0.980876512948876,0.989928018231124,"alpha+loading+joint_mu+joint_weight",6.00488359509199,186.891372957162,185.913277489993,6.80463081732215,115.799826091383,6.00488359509199,190.575182000778,924.250623667348,998.058881569363,865.53188112436,1000,298.642205337592,479.132134685281,0.131862998008728,0.0136115550994873,0.0177210569381714,0.00257229804992676,NA,0.000432968139648438,0.0856560468673706,0.00458097457885742,0.00598800182342529,NA,20,1000,NA,2000,NA,NA,NA,"fixed_ifeval_parallel_viroli_laplace_penalty5_rep1_H10_G2_2_2_2_2_2_2_2_2_2",NA,NA,NA,NA,NA,NA,NA,NA,NA,NA,NA,NA,NA,NA,NA,NA,NA,NA,NA,NA,NA,NA,NA,NA,NA,NA,NA,NA,NA,NA,NA,NA,NA,NA,NA,NA,NA,NA,NA,NA,NA,NA,NA,NA,NA,NA,NA,NA,NA,NA,NA,NA,NA,NA,NA,NA,NA,NA,NA
"rep1_balanced_moderate_dense_signed_cross_strong_cp0_05_ifeval_min30_n400_p1000_H10_G2-2-2-2-2-2-2-2-2-2_sep2",1,"n400p1000",400,1000,10,"2-2-2-2-2-2-2-2-2-2","2-2-2-2-2-2-2-2-2-2",1024,TRUE,TRUE,26762731,21272531,26762731,91615432,1000,2,"viroli_smoke","unequal","ifeval_like",0.45,1.6,1.75,"balanced_moderate_dense_signed_cross","ifeval_min30","block","loadings","strong",1,2,1,2,0.05,"random",47,65,325,94,115,39,44.5,1.459,0.459,0.051,1.50782057986734,1.48608600948927,14.7650171336429,16.5784596097826,10.6250843505581,12.4519826278727,0,0,0,0,0.21,0.327375,0.5175,0.715125,0.895,126,200,0,279,1024,NA,5,"bayesian_lasso_scale_mixture",TRUE,1e-04,1e-04,0.05,91615469,TRUE,4,"viroli_laplace_gibbs",0.994728425960362,0.981431146870319,0.993426260598494,0.102551402765043,0.109757487739644,0.981960343019556,0.109694453069863,0.971398291590817,0.176745564749863,NA,NA,0.0622892960699424,1,316.448,NA,NA,NA,NA,NA,NA,NA,NA,NA,NA,NA,NA,0.0406872033845683,0.0338008280897322,0.0174012595117233,0.999364927946149,NA,0.995525669987213,0.0406872033845682,0.0338008280897321,0.999364927946119,NA,0.99324313002054,0.000173706881742741,0.094690544460939,0.0018766734183276,345,1,"axis_sorted_product",0.994220444485883,"alpha+loading+joint_mu+joint_var+joint_weight",0.989580237262777,0.994361577838804,"alpha+loading+joint_mu+joint_weight",5.5234380986946,179.492187544413,179.544856048275,6.3965632382472,113.08603820549,5.5234380986946,183.305877696159,811.294384753861,977.930473508469,784.61422416749,969.407188753148,121.24311907222,368.224601468465,0.158385396003723,0.0270799398422241,0.0223970413208008,0.0046393871307373,NA,0.000494480133056641,0.0882536172866821,0.00847887992858887,0.00591695308685303,NA,20,1000,NA,2000,NA,NA,NA,"fixed_ifeval_parallel_viroli_laplace_penalty5_rep1_H10_G2_2_2_2_2_2_2_2_2_2",NA,NA,NA,NA,NA,NA,NA,NA,NA,NA,NA,NA,NA,NA,NA,NA,NA,NA,NA,NA,NA,NA,NA,NA,NA,NA,NA,NA,NA,NA,NA,NA,NA,NA,NA,NA,NA,NA,NA,NA,NA,NA,NA,NA,NA,NA,NA,NA,NA,NA,NA,NA,NA,NA,NA,NA,NA,NA,NA
"rep1_balanced_moderate_dense_signed_cross_strong_cp0_05_ifeval_min30_n100_p500_H10_G3-3-3-3-3-3-3-3-3-3_sep2",1,"n100p500",100,500,10,"3-3-3-3-3-3-3-3-3-3","3-3-3-3-3-3-3-3-3-3",59049,TRUE,TRUE,29512731,21272531,29512731,212182854,1000,2,"viroli_smoke","unequal","ifeval_like",0.45,1.6,1.75,"balanced_moderate_dense_signed_cross","ifeval_min30","block","loadings","strong",1,2,1,2,0.05,"random",35,40,114,56,67,17,23.5,1.478,0.478,0.0531111111111111,1.50306956235413,1.48404375325584,11.3609624549555,12.5711687343245,9.14597853706678,9.75326946907888,0,0,0,0,0.18,0.32,0.55,0.74,0.87,14,30,0,100,59049,NA,5,"bayesian_lasso_scale_mixture",TRUE,1e-04,1e-04,0.05,212182891,TRUE,4,"viroli_laplace_gibbs",0.985072825496685,0.949583695248193,0.981113114376573,0.171918019755242,0.219911213279121,0.950181232317779,0.178650468865202,0.931110522141673,0.24718823373422,NA,NA,0.108016864594005,NA,206.809,NA,NA,NA,NA,NA,NA,NA,NA,NA,NA,NA,NA,0.418834487984915,0.394632029982787,0.130824849834646,0.994382304371803,0.405157309818088,-0.0327757388933012,NA,NA,NA,NA,NA,NA,NA,NA,NA,NA,"skipped_large_K",NA,"skipped_large_K",NA,NA,"skipped_large_K",12.8130929142643,200.992903376924,199.44090278564,19.7805031560909,211.487200317194,12.8130929142643,200.798981567628,63.5185720957994,113.643760979422,63.1344710446507,187.007194208609,77.9868451452871,244.930377016147,0.10195791721344,0.00539147853851318,0.015139102935791,0.002471923828125,NA,0.00070345401763916,0.0708960294723511,0.00240397453308105,0.00356745719909668,NA,28,1000,NA,2000,NA,NA,NA,"fixed_ifeval_parallel_viroli_laplace_penalty5_rep1_H10_G3_3_3_3_3_3_3_3_3_3",NA,NA,NA,NA,NA,NA,NA,NA,NA,NA,NA,NA,NA,NA,NA,NA,NA,NA,NA,NA,NA,NA,NA,NA,NA,NA,NA,NA,NA,NA,NA,NA,NA,NA,NA,NA,NA,NA,NA,NA,NA,NA,NA,NA,NA,NA,NA,NA,NA,NA,NA,NA,NA,NA,NA,NA,NA,NA,NA
"rep1_balanced_moderate_dense_signed_cross_strong_cp0_05_ifeval_min30_n200_p500_H10_G3-3-3-3-3-3-3-3-3-3_sep2",1,"n200p500",200,500,10,"3-3-3-3-3-3-3-3-3-3","3-3-3-3-3-3-3-3-3-3",59049,TRUE,TRUE,29512731,21272531,29512731,900961335,1000,2,"viroli_smoke","unequal","ifeval_like",0.45,1.6,1.75,"balanced_moderate_dense_signed_cross","ifeval_min30","block","loadings","strong",1,2,1,2,0.05,"random",35,40,114,56,67,17,23.5,1.478,0.478,0.0531111111111111,1.50306956235413,1.48404375325584,11.3609624549555,12.5711687343245,9.14597853706678,9.75326946907888,0,0,0,0,0.195,0.325,0.545,0.735,0.89,30,60.5,0,199,59049,NA,5,"bayesian_lasso_scale_mixture",TRUE,1e-04,1e-04,0.05,900961372,TRUE,4,"viroli_laplace_gibbs",0.985692527983193,0.973456999147747,0.977026678108984,0.168736093689068,0.190817435600343,0.97232723695148,0.134148056504268,0.96551241728453,0.178623157836138,NA,NA,0.0902240180536733,NA,240.125,NA,NA,NA,NA,NA,NA,NA,NA,NA,NA,NA,NA,0.304303366432797,0.272063615080619,0.0918497461246545,0.986016172964756,0.0163833087796673,0.679345652666479,NA,NA,NA,NA,NA,NA,NA,NA,NA,NA,"skipped_large_K",NA,"skipped_large_K",NA,NA,"skipped_large_K",8.32259369098967,181.185049577095,179.74661406972,17.3209595092596,210.212890773565,10.3512270144803,181.160677875705,15.6364068752263,67.9443795222716,14.1618016760134,102.685617996095,8.32259369098967,36.0983669437497,0.117846965789795,0.0105575323104858,0.0199508666992188,0.00401687622070312,NA,0.00073695182800293,0.0736925601959229,0.00389790534973145,0.00367140769958496,NA,29,1000,NA,2000,NA,NA,NA,"fixed_ifeval_parallel_viroli_laplace_penalty5_rep1_H10_G3_3_3_3_3_3_3_3_3_3",NA,NA,NA,NA,NA,NA,NA,NA,NA,NA,NA,NA,NA,NA,NA,NA,NA,NA,NA,NA,NA,NA,NA,NA,NA,NA,NA,NA,NA,NA,NA,NA,NA,NA,NA,NA,NA,NA,NA,NA,NA,NA,NA,NA,NA,NA,NA,NA,NA,NA,NA,NA,NA,NA,NA,NA,NA,NA,NA
"rep1_balanced_moderate_dense_signed_cross_strong_cp0_05_ifeval_min30_n400_p500_H10_G3-3-3-3-3-3-3-3-3-3_sep2",1,"n400p500",400,500,10,"3-3-3-3-3-3-3-3-3-3","3-3-3-3-3-3-3-3-3-3",59049,TRUE,TRUE,29512731,21272531,29512731,131035297,1000,2,"viroli_smoke","unequal","ifeval_like",0.45,1.6,1.75,"balanced_moderate_dense_signed_cross","ifeval_min30","block","loadings","strong",1,2,1,2,0.05,"random",35,40,114,56,67,17,23.5,1.478,0.478,0.0531111111111111,1.50306956235413,1.48404375325584,11.3609624549555,12.5711687343245,9.14597853706678,9.75326946907888,0,0,0,0,0.2375,0.3375,0.535,0.725,0.8475,73,122,0,399,59049,NA,5,"bayesian_lasso_scale_mixture",TRUE,1e-04,1e-04,0.05,131035334,TRUE,4,"viroli_laplace_gibbs",0.988608240750654,0.985033417254838,0.98613263954184,0.150753307434517,0.167122048343441,0.98522297302756,0.0973098138787708,0.976286726404956,0.151324743472045,NA,NA,0.0744412867178636,NA,2118.143,NA,NA,NA,NA,NA,NA,NA,NA,NA,NA,NA,NA,0.11418030992133,0.079471295686898,0.0469068731967122,0.99868377667787,-0.20947375875289,0.961592730767623,NA,NA,NA,NA,NA,NA,NA,NA,NA,NA,"skipped_large_K",NA,"skipped_large_K",NA,NA,"skipped_large_K",7.68828620798438,159.1670164962,160.641384120326,10.3740130184489,216.268158679041,7.68828620798438,156.360394854419,50.4758180837541,156.593751459427,16.9556527110349,233.681644686637,16.2674553962518,90.0272278033625,0.148369908332825,0.021562933921814,0.0276685953140259,0.00742042064666748,NA,0.000890493392944336,0.0792399644851685,0.00695264339447021,0.00387537479400635,NA,30,1000,NA,2000,NA,NA,NA,"fixed_ifeval_parallel_viroli_laplace_penalty5_rep1_H10_G3_3_3_3_3_3_3_3_3_3",NA,NA,NA,NA,NA,NA,NA,NA,NA,NA,NA,NA,NA,NA,NA,NA,NA,NA,NA,NA,NA,NA,NA,NA,NA,NA,NA,NA,NA,NA,NA,NA,NA,NA,NA,NA,NA,NA,NA,NA,NA,NA,NA,NA,NA,NA,NA,NA,NA,NA,NA,NA,NA,NA,NA,NA,NA,NA,NA
"rep1_balanced_moderate_dense_signed_cross_strong_cp0_05_ifeval_min30_n100_p1000_H10_G3-3-3-3-3-3-3-3-3-3_sep2",1,"n100p1000",100,1000,10,"3-3-3-3-3-3-3-3-3-3","3-3-3-3-3-3-3-3-3-3",59049,TRUE,TRUE,29512731,21272531,29512731,481807709,1000,2,"viroli_smoke","unequal","ifeval_like",0.45,1.6,1.75,"balanced_moderate_dense_signed_cross","ifeval_min30","block","loadings","strong",1,2,1,2,0.05,"random",47,65,325,94,115,39,44.5,1.459,0.459,0.051,1.50782057986734,1.48608600948927,14.7650171336429,16.5784596097826,10.6250843505581,12.4519826278727,0,0,0,0,0.17,0.34,0.56,0.75,0.9,12,30,0,99,59049,NA,5,"bayesian_lasso_scale_mixture",TRUE,1e-04,1e-04,0.05,481807746,TRUE,4,"viroli_laplace_gibbs",0.988883262135407,0.948537657763413,0.982781945841486,0.14836152119702,0.203416734749397,0.952150263211564,0.175622997562898,0.918055903050221,0.271810401302623,NA,NA,0.102394073364714,NA,247.902,NA,NA,NA,NA,NA,NA,NA,NA,NA,NA,NA,NA,0.400436400887933,0.364982566466558,0.126777143259715,0.986615318540282,0.356767061711292,0.107486651895798,NA,NA,NA,NA,NA,NA,NA,NA,NA,NA,"skipped_large_K",NA,"skipped_large_K",NA,NA,"skipped_large_K",8.67578471449204,219.952212382356,217.211420882385,13.3730455560956,225.390759678946,8.67578471449204,219.968862756126,34.4724528515751,110.623807415659,60.7802883108514,168.751728174705,52.8313621898092,231.184523766925,0.11666738986969,0.00685405731201172,0.0140739679336548,0.00165605545043945,NA,0.000468969345092773,0.0839018821716309,0.00266695022583008,0.00580596923828125,NA,27,1000,NA,2000,NA,NA,NA,"fixed_ifeval_parallel_viroli_laplace_penalty5_rep1_H10_G3_3_3_3_3_3_3_3_3_3",NA,NA,NA,NA,NA,NA,NA,NA,NA,NA,NA,NA,NA,NA,NA,NA,NA,NA,NA,NA,NA,NA,NA,NA,NA,NA,NA,NA,NA,NA,NA,NA,NA,NA,NA,NA,NA,NA,NA,NA,NA,NA,NA,NA,NA,NA,NA,NA,NA,NA,NA,NA,NA,NA,NA,NA,NA,NA,NA
"rep1_balanced_moderate_dense_signed_cross_strong_cp0_05_ifeval_min30_n200_p1000_H10_G3-3-3-3-3-3-3-3-3-3_sep2",1,"n200p1000",200,1000,10,"3-3-3-3-3-3-3-3-3-3","3-3-3-3-3-3-3-3-3-3",59049,TRUE,TRUE,29512731,21272531,29512731,517502720,1000,2,"viroli_smoke","unequal","ifeval_like",0.45,1.6,1.75,"balanced_moderate_dense_signed_cross","ifeval_min30","block","loadings","strong",1,2,1,2,0.05,"random",47,65,325,94,115,39,44.5,1.459,0.459,0.051,1.50782057986734,1.48608600948927,14.7650171336429,16.5784596097826,10.6250843505581,12.4519826278727,0,0,0,0,0.21,0.355,0.56,0.745,0.855,33,58,0,198,59049,NA,5,"bayesian_lasso_scale_mixture",TRUE,1e-04,1e-04,0.05,517502757,TRUE,4,"viroli_laplace_gibbs",0.991662035006346,0.971789734663248,0.987937202248582,0.128812073725141,0.147610807254291,0.97380633795948,0.131525957585225,0.954288065577892,0.203105050851597,NA,NA,0.0816317116580106,NA,265.339,NA,NA,NA,NA,NA,NA,NA,NA,NA,NA,NA,NA,0.25733621518284,0.20410300383299,0.0780849078775624,0.987372358947927,-0.0138925300701803,0.784809861409843,NA,NA,NA,NA,NA,NA,NA,NA,NA,NA,"skipped_large_K",NA,"skipped_large_K",NA,NA,"skipped_large_K",10.351694520701,194.784699613957,192.324318127351,19.7615176455797,218.639816575139,10.4452091475284,193.75940094434,31.3485358489864,75.062366330798,30.9593332147566,218.11649452236,10.351694520701,97.0463416616159,0.13306450843811,0.013619065284729,0.0182521343231201,0.00265145301818848,NA,0.000488042831420898,0.0860520601272583,0.00458312034606934,0.00617218017578125,NA,29,1000,NA,2000,NA,NA,NA,"fixed_ifeval_parallel_viroli_laplace_penalty5_rep1_H10_G3_3_3_3_3_3_3_3_3_3",NA,NA,NA,NA,NA,NA,NA,NA,NA,NA,NA,NA,NA,NA,NA,NA,NA,NA,NA,NA,NA,NA,NA,NA,NA,NA,NA,NA,NA,NA,NA,NA,NA,NA,NA,NA,NA,NA,NA,NA,NA,NA,NA,NA,NA,NA,NA,NA,NA,NA,NA,NA,NA,NA,NA,NA,NA,NA,NA
"rep1_balanced_moderate_dense_signed_cross_strong_cp0_05_ifeval_min30_n400_p1000_H10_G3-3-3-3-3-3-3-3-3-3_sep2",1,"n400p1000",400,1000,10,"3-3-3-3-3-3-3-3-3-3","3-3-3-3-3-3-3-3-3-3",59049,TRUE,TRUE,29512731,21272531,29512731,588892742,1000,2,"viroli_smoke","unequal","ifeval_like",0.45,1.6,1.75,"balanced_moderate_dense_signed_cross","ifeval_min30","block","loadings","strong",1,2,1,2,0.05,"random",47,65,325,94,115,39,44.5,1.459,0.459,0.051,1.50782057986734,1.48608600948927,14.7650171336429,16.5784596097826,10.6250843505581,12.4519826278727,0,0,0,0,0.235,0.36225,0.58,0.752625,0.8775,62,127.5,0,398,59049,NA,5,"bayesian_lasso_scale_mixture",TRUE,1e-04,1e-04,0.05,588892779,TRUE,4,"viroli_laplace_gibbs",0.992862220057291,0.985170465540696,0.990883722302814,0.11933093054906,0.131831076665896,0.986367295804232,0.0933261472411945,0.981025999755488,0.135240021224618,NA,NA,0.0657147357038558,NA,317.28,NA,NA,NA,NA,NA,NA,NA,NA,NA,NA,NA,NA,0.0823760554876293,0.0671029984690627,0.0339905910071918,0.999030874935706,-0.18658162935568,0.976181758929454,NA,NA,NA,NA,NA,NA,NA,NA,NA,NA,"skipped_large_K",NA,"skipped_large_K",NA,NA,"skipped_large_K",7.06027761018023,172.119428028601,172.181204719473,16.0049853963986,191.072195813709,7.06027761018023,170.789157852288,66.6753798887538,282.939413939234,61.2915304798227,485.8222801284,47.5904707117134,179.240166704046,0.158782005310059,0.0269999504089355,0.0227675437927246,0.00466048717498779,NA,0.000560998916625977,0.0883094072341919,0.00840401649475098,0.00575494766235352,NA,30,1000,NA,2000,NA,NA,NA,"fixed_ifeval_parallel_viroli_laplace_penalty5_rep1_H10_G3_3_3_3_3_3_3_3_3_3",NA,NA,NA,NA,NA,NA,NA,NA,NA,NA,NA,NA,NA,NA,NA,NA,NA,NA,NA,NA,NA,NA,NA,NA,NA,NA,NA,NA,NA,NA,NA,NA,NA,NA,NA,NA,NA,NA,NA,NA,NA,NA,NA,NA,NA,NA,NA,NA,NA,NA,NA,NA,NA,NA,NA,NA,NA,NA,NA
"rep1_balanced_moderate_dense_signed_cross_strong_cp0_05_ifeval_min30_n100_p500_H5_G2-2-2-2-2_sep2",1,"n100p500",100,500,5,"2-2-2-2-2","2-2-2-2-2",32,TRUE,TRUE,22262731,20772531,22262731,1226010194,1000,2,"viroli_smoke","unequal","ifeval_like",0.45,1.6,1.75,"balanced_moderate_dense_signed_cross","ifeval_min30","block","loadings","strong",1,2,1,2,0.05,"random",54,75,206,74,101,14,20,1.214,0.214,0.0535,1.49654645403102,1.52266467329785,12.7524929735405,15.5160542572856,10.7277642446579,13.2362517165556,0,0,0,0,0.17,0.3195,0.55,0.79,0.92,31,50,0,30,32,NA,5,"bayesian_lasso_scale_mixture",TRUE,1e-04,1e-04,0.05,1226010231,TRUE,4,"viroli_laplace_gibbs",0.993245584203388,0.959908996943007,0.991122041927201,0.115644901648498,0.170634860568022,0.960071391214719,0.21169599898613,0.946535473272665,0.232516516327655,NA,NA,0.0798547411160179,1,145.254,NA,NA,NA,NA,NA,NA,NA,NA,NA,NA,NA,NA,0.128242338251401,0.0863689890617083,0.0525312450803539,0.995218602895878,NA,0.938735736415985,0.128242338251401,0.0863689890617083,0.995218602895876,NA,0.929920883371437,0.00861913550336513,0.210451586586958,0.0231257480423543,32,30,"axis_sorted_product",0.95980499545626,"alpha+loading+joint_mu+joint_var+joint_weight",0.958334675971605,0.960110616421397,"alpha+loading+joint_mu+joint_weight",10.6479431555542,200.364511720856,200.933646581465,12.9064882594516,119.187134110348,10.6479431555542,210.736245308234,728.360370047053,1000,725.372944302845,982.756775757964,523.448147024629,757.156643067302,0.0712233781814575,0.00507152080535889,0.0140644311904907,0.00136399269104004,NA,0.000385046005249023,0.0454424619674683,0.00199103355407715,0.00191307067871094,NA,10,1000,NA,2000,NA,NA,NA,"fixed_ifeval_parallel_viroli_laplace_penalty5_rep1_H5_G2_2_2_2_2",NA,NA,NA,NA,NA,NA,NA,NA,NA,NA,NA,NA,NA,NA,NA,NA,NA,NA,NA,NA,NA,NA,NA,NA,NA,NA,NA,NA,NA,NA,NA,NA,NA,NA,NA,NA,NA,NA,NA,NA,NA,NA,NA,NA,NA,NA,NA,NA,NA,NA,NA,NA,NA,NA,NA,NA,NA,NA,NA
"rep1_balanced_moderate_dense_signed_cross_strong_cp0_05_ifeval_min30_n200_p500_H5_G2-2-2-2-2_sep2",1,"n200p500",200,500,5,"2-2-2-2-2","2-2-2-2-2",32,TRUE,TRUE,22262731,20772531,22262731,1717564245,1000,2,"viroli_smoke","unequal","ifeval_like",0.45,1.6,1.75,"balanced_moderate_dense_signed_cross","ifeval_min30","block","loadings","strong",1,2,1,2,0.05,"random",54,75,206,74,101,14,20,1.214,0.214,0.0535,1.49654645403102,1.52266467329785,12.7524929735405,15.5160542572856,10.7277642446579,13.2362517165556,0,0,0,0,0.18,0.29475,0.52,0.76,0.905,61,100,0,31,32,NA,5,"bayesian_lasso_scale_mixture",TRUE,1e-04,1e-04,0.05,1717564282,TRUE,4,"viroli_laplace_gibbs",0.993512020994085,0.974363992011658,0.991924970546214,0.113626925602035,0.130256266312442,0.974328110543355,0.16445310606325,0.965195225227712,0.19784486827305,NA,NA,0.0606307690014355,1,177.242,NA,NA,NA,NA,NA,NA,NA,NA,NA,NA,NA,NA,0.0705209701195484,0.0545194153014645,0.0291705125750668,0.997834074822224,NA,0.982065601875472,0.0705209701195484,0.0545194153014645,0.997834074822223,NA,0.980332636811435,0.00467730109893295,0.106086190751785,0.0138877799644401,32,28,"axis_sorted_product",0.97443303181659,"alpha+loading+joint_mu+joint_var+joint_weight",0.973480267594532,0.974476116294452,"alpha+loading+joint_mu+joint_weight",7.59450858962713,177.089045699994,177.074128010682,8.74156569843644,90.9354730181281,7.59450858962713,190.950087053552,861.320505596781,1000,847.298821202924,1000,132.242906176671,430.895316919692,0.0881179571151733,0.0101320743560791,0.0189865827560425,0.00213205814361572,NA,0.000415802001953125,0.049452543258667,0.00332164764404297,0.00213408470153809,NA,10,1000,NA,2000,NA,NA,NA,"fixed_ifeval_parallel_viroli_laplace_penalty5_rep1_H5_G2_2_2_2_2",NA,NA,NA,NA,NA,NA,NA,NA,NA,NA,NA,NA,NA,NA,NA,NA,NA,NA,NA,NA,NA,NA,NA,NA,NA,NA,NA,NA,NA,NA,NA,NA,NA,NA,NA,NA,NA,NA,NA,NA,NA,NA,NA,NA,NA,NA,NA,NA,NA,NA,NA,NA,NA,NA,NA,NA,NA,NA,NA
"rep1_balanced_moderate_dense_signed_cross_strong_cp0_05_ifeval_min30_n400_p500_H5_G2-2-2-2-2_sep2",1,"n400p500",400,500,5,"2-2-2-2-2","2-2-2-2-2",32,TRUE,TRUE,22262731,20772531,22262731,553189347,1000,2,"viroli_smoke","unequal","ifeval_like",0.45,1.6,1.75,"balanced_moderate_dense_signed_cross","ifeval_min30","block","loadings","strong",1,2,1,2,0.05,"random",54,75,206,74,101,14,20,1.214,0.214,0.0535,1.49654645403102,1.52266467329785,12.7524929735405,15.5160542572856,10.7277642446579,13.2362517165556,0,0,0,0,0.1975,0.31,0.52125,0.76,0.9175,138,200,0,32,32,NA,5,"bayesian_lasso_scale_mixture",TRUE,1e-04,1e-04,0.05,553189384,TRUE,4,"viroli_laplace_gibbs",0.993969290353526,0.985387945908877,0.993139024421255,0.109687126613458,0.113579107248901,0.985179873790136,0.12201048342978,0.981624069011473,0.141973957320696,NA,NA,0.0502433945562079,1,219.68,NA,NA,NA,NA,NA,NA,NA,NA,NA,NA,NA,NA,0.0290328842692885,0.0338433692957045,0.00857236030213125,0.999851757181926,NA,0.998610728505603,0.0290328842692885,0.0338433692957045,0.999851757181924,NA,0.998434260047166,0.00141713147745536,0.0348243309447751,0.00333178841702281,32,29,"axis_sorted_product",0.986119209325942,"alpha+loading+joint_mu+joint_var+joint_weight",0.98547861511672,0.986110004668558,"alpha+loading+joint_mu+joint_weight",5.63739024946673,169.827879830101,170.512997439661,5.96248374223418,86.1073561628004,5.63739024946673,180.070885079914,963.732782993547,1000,961.477999669826,1000,156.451324652466,328.89035197224,0.108311533927917,0.0198900699615479,0.0248250961303711,0.00345587730407715,NA,0.000457048416137695,0.0504735708236694,0.00567495822906494,0.00203108787536621,NA,10,1000,NA,2000,NA,NA,NA,"fixed_ifeval_parallel_viroli_laplace_penalty5_rep1_H5_G2_2_2_2_2",NA,NA,NA,NA,NA,NA,NA,NA,NA,NA,NA,NA,NA,NA,NA,NA,NA,NA,NA,NA,NA,NA,NA,NA,NA,NA,NA,NA,NA,NA,NA,NA,NA,NA,NA,NA,NA,NA,NA,NA,NA,NA,NA,NA,NA,NA,NA,NA,NA,NA,NA,NA,NA,NA,NA,NA,NA,NA,NA
"rep1_balanced_moderate_dense_signed_cross_strong_cp0_05_ifeval_min30_n100_p1000_H5_G2-2-2-2-2_sep2",1,"n100p1000",100,1000,5,"2-2-2-2-2","2-2-2-2-2",32,TRUE,TRUE,22262731,20772531,22262731,2036252399,1000,2,"viroli_smoke","unequal","ifeval_like",0.45,1.6,1.75,"balanced_moderate_dense_signed_cross","ifeval_min30","block","loadings","strong",1,2,1,2,0.05,"random",87,139,458,126,190,21,40,1.195,0.195,0.04875,1.49337146230671,1.52593145818473,16.8608751387451,21.0349541452727,13.7871437072219,17.8593077626417,0,0,0,0,0.15,0.3,0.52,0.78,0.93,31,50,0,28,32,NA,5,"bayesian_lasso_scale_mixture",TRUE,1e-04,1e-04,0.05,2036252436,TRUE,4,"viroli_laplace_gibbs",0.994750189112448,0.955013700599712,0.993736060795627,0.10195403649367,0.12652647601433,0.957728996791014,0.220720073068375,0.948436851472582,0.252940610839578,NA,NA,0.0762101437834384,1,2070.089,NA,NA,NA,NA,NA,NA,NA,NA,NA,NA,NA,NA,0.058369457667949,0.0805405582226387,0.0202562544325225,0.998923233870588,NA,0.992145486726696,0.058369457667949,0.0805405582226387,0.998923233870586,NA,0.991495524941122,0.00326695347483459,0.0822352908985497,0.00799484255473611,32,27,"axis_sorted_product",0.956312829173928,"alpha+loading+joint_mu+joint_var+joint_weight",0.956299863707205,0.956520877104627,"alpha+loading+joint_mu+joint_weight",12.2707583604569,213.542058869262,211.049157058842,12.8303293427701,127.511568525257,12.2707583604569,227.409636216404,853.906197321259,983.050022805111,831.67796710914,984.724399631808,576.34332621398,1000,0.120267391204834,0.0101755857467651,0.0192409753799438,0.00141453742980957,NA,0.000396013259887695,0.0797433853149414,0.00330495834350586,0.00433182716369629,NA,10,1000,NA,2000,NA,NA,NA,"fixed_ifeval_parallel_viroli_laplace_penalty5_rep1_H5_G2_2_2_2_2",NA,NA,NA,NA,NA,NA,NA,NA,NA,NA,NA,NA,NA,NA,NA,NA,NA,NA,NA,NA,NA,NA,NA,NA,NA,NA,NA,NA,NA,NA,NA,NA,NA,NA,NA,NA,NA,NA,NA,NA,NA,NA,NA,NA,NA,NA,NA,NA,NA,NA,NA,NA,NA,NA,NA,NA,NA,NA,NA
"rep1_balanced_moderate_dense_signed_cross_strong_cp0_05_ifeval_min30_n200_p1000_H5_G2-2-2-2-2_sep2",1,"n200p1000",200,1000,5,"2-2-2-2-2","2-2-2-2-2",32,TRUE,TRUE,22262731,20772531,22262731,2005343080,1000,2,"viroli_smoke","unequal","ifeval_like",0.45,1.6,1.75,"balanced_moderate_dense_signed_cross","ifeval_min30","block","loadings","strong",1,2,1,2,0.05,"random",87,139,458,126,190,21,40,1.195,0.195,0.04875,1.49337146230671,1.52593145818473,16.8608751387451,21.0349541452727,13.7871437072219,17.8593077626417,0,0,0,0,0.195,0.30475,0.525,0.77,0.92,56,100,0,32,32,NA,5,"bayesian_lasso_scale_mixture",TRUE,1e-04,1e-04,0.05,2005343117,TRUE,4,"viroli_laplace_gibbs",0.995731996359175,0.974481033904997,0.994312467169829,0.0921592493743441,0.12378071539427,0.975285215748855,0.163021112549153,0.960304325424087,0.212670208056454,NA,NA,0.0591685774787429,1,191.539,NA,NA,NA,NA,NA,NA,NA,NA,NA,NA,NA,NA,0.0971437875252653,0.0480873073954531,0.039485065450927,0.995671335006168,NA,0.966160002294237,0.0971437875252653,0.0480873073954531,0.995671335006165,NA,0.964006924956928,0.00620728822847954,0.149754574695143,0.0177058047657477,32,28,"axis_sorted_product",0.973418179043347,"alpha+loading+joint_mu+joint_var+joint_weight",0.973125278871475,0.973441765407386,"alpha+loading+joint_mu+joint_weight",5.17006134970414,187.819942158243,186.423711301693,5.6933521838631,108.172195914922,5.17006134970414,201.132942046169,982.529963936868,1000,884.882583289723,1000,185.769384525187,670.068141394351,0.0956411361694336,0.0129020214080811,0.0176184177398682,0.0014040470123291,NA,0.000286102294921875,0.054985523223877,0.00387942790985107,0.00339102745056152,NA,10,1000,NA,2000,NA,NA,NA,"fixed_ifeval_parallel_viroli_laplace_penalty5_rep1_H5_G2_2_2_2_2",NA,NA,NA,NA,NA,NA,NA,NA,NA,NA,NA,NA,NA,NA,NA,NA,NA,NA,NA,NA,NA,NA,NA,NA,NA,NA,NA,NA,NA,NA,NA,NA,NA,NA,NA,NA,NA,NA,NA,NA,NA,NA,NA,NA,NA,NA,NA,NA,NA,NA,NA,NA,NA,NA,NA,NA,NA,NA,NA
"rep1_balanced_moderate_dense_signed_cross_strong_cp0_05_ifeval_min30_n400_p1000_H5_G2-2-2-2-2_sep2",1,"n400p1000",400,1000,5,"2-2-2-2-2","2-2-2-2-2",32,TRUE,TRUE,22262731,20772531,22262731,1943524442,1000,2,"viroli_smoke","unequal","ifeval_like",0.45,1.6,1.75,"balanced_moderate_dense_signed_cross","ifeval_min30","block","loadings","strong",1,2,1,2,0.05,"random",87,139,458,126,190,21,40,1.195,0.195,0.04875,1.49337146230671,1.52593145818473,16.8608751387451,21.0349541452727,13.7871437072219,17.8593077626417,0,0,0,0,0.2025,0.33475,0.5175,0.762625,0.895,127,200,0,32,32,NA,5,"bayesian_lasso_scale_mixture",TRUE,1e-04,1e-04,0.05,1943524479,TRUE,4,"viroli_laplace_gibbs",0.996253372070394,0.985291090722668,0.994621134002551,0.0864553221008666,0.111157603554418,0.985830073805296,0.118710771811278,0.972753147454504,0.170886566361382,NA,NA,0.0453934086586873,1,236.347,NA,NA,NA,NA,NA,NA,NA,NA,NA,NA,NA,NA,0.0746045940952421,0.0270187194513988,0.0303536311563706,0.998308047135544,NA,0.982577433073126,0.0746045940952422,0.0270187194513988,0.998308047135543,NA,0.980593915921891,0.00500401445045203,0.114384989491604,0.0150156117110253,32,31,"axis_sorted_product",0.984360376774245,"alpha+loading+joint_mu+joint_var+joint_weight",0.983977753359398,0.984322545821594,"alpha+loading+joint_mu+joint_weight",5.58005732307749,174.157626075959,171.369010162893,6.04296331832098,89.5227326181815,5.58005732307749,186.110793639284,840.774045221662,965.066564155873,823.785866237088,978.002505295127,296.327278047383,813.06006317722,0.118013024330139,0.0257360935211182,0.0214294195175171,0.00229167938232422,NA,0.000311136245727539,0.0563510656356812,0.00715494155883789,0.00332391262054443,NA,10,1000,NA,2000,NA,NA,NA,"fixed_ifeval_parallel_viroli_laplace_penalty5_rep1_H5_G2_2_2_2_2",NA,NA,NA,NA,NA,NA,NA,NA,NA,NA,NA,NA,NA,NA,NA,NA,NA,NA,NA,NA,NA,NA,NA,NA,NA,NA,NA,NA,NA,NA,NA,NA,NA,NA,NA,NA,NA,NA,NA,NA,NA,NA,NA,NA,NA,NA,NA,NA,NA,NA,NA,NA,NA,NA,NA,NA,NA,NA,NA
"rep1_balanced_moderate_dense_signed_cross_strong_cp0_05_ifeval_min30_n100_p500_H5_G3-3-3-3-3_sep2",1,"n100p500",100,500,5,"3-3-3-3-3","3-3-3-3-3",243,TRUE,TRUE,23012731,20772531,23012731,948421849,1000,2,"viroli_smoke","unequal","ifeval_like",0.45,1.6,1.75,"balanced_moderate_dense_signed_cross","ifeval_min30","block","loadings","strong",1,2,1,2,0.05,"random",54,75,206,74,101,14,20,1.214,0.214,0.0535,1.49654645403102,1.52266467329785,12.7524929735405,15.5160542572856,10.7277642446579,13.2362517165556,0,0,0,0,0.15,0.28,0.59,0.79,0.89,19,29,0,71,243,NA,5,"bayesian_lasso_scale_mixture",TRUE,1e-04,1e-04,0.05,948421886,TRUE,4,"viroli_laplace_gibbs",0.987086086602164,0.963550704025595,0.973944505699589,0.159904810833555,0.201834594993622,0.966259704916924,0.190215953822404,0.959061725872259,0.205071916342498,NA,NA,0.0829397367617448,0.213911386374464,145.699,NA,NA,NA,NA,NA,NA,NA,NA,NA,NA,NA,NA,0.396344101962643,0.351708008179755,0.138116942343633,0.972832648998007,0.591851916798025,0.0275628028719626,0.396344101962643,0.351708008179755,0.972832648998013,0.609941379776448,0.0168713109241885,0.00431562884028627,0.712206768131965,0.0276590696848767,243,2,"axis_sorted_product",0.938526524595719,"alpha+loading+joint_mu+joint_var+joint_weight",0.865871015268695,0.905567519869572,"alpha+loading+joint_mu+joint_log_var+joint_weight",14.6177011230652,209.96952517225,205.600720312529,22.3864704557174,219.102927366871,14.6177011230652,209.466641633465,35.9069876805277,98.5282866505093,49.3218605952147,216.187105337767,79.8733164960083,149.476394289966,0.0715713500976562,0.00510942935943604,0.0139305591583252,0.00141286849975586,NA,0.000433921813964844,0.0456434488296509,0.00200700759887695,0.00196850299835205,NA,15,1000,NA,2000,NA,NA,NA,"fixed_ifeval_parallel_viroli_laplace_penalty5_rep1_H5_G3_3_3_3_3",NA,NA,NA,NA,NA,NA,NA,NA,NA,NA,NA,NA,NA,NA,NA,NA,NA,NA,NA,NA,NA,NA,NA,NA,NA,NA,NA,NA,NA,NA,NA,NA,NA,NA,NA,NA,NA,NA,NA,NA,NA,NA,NA,NA,NA,NA,NA,NA,NA,NA,NA,NA,NA,NA,NA,NA,NA,NA,NA
"rep1_balanced_moderate_dense_signed_cross_strong_cp0_05_ifeval_min30_n200_p500_H5_G3-3-3-3-3_sep2",1,"n200p500",200,500,5,"3-3-3-3-3","3-3-3-3-3",243,TRUE,TRUE,23012731,20772531,23012731,1439975900,1000,2,"viroli_smoke","unequal","ifeval_like",0.45,1.6,1.75,"balanced_moderate_dense_signed_cross","ifeval_min30","block","loadings","strong",1,2,1,2,0.05,"random",54,75,206,74,101,14,20,1.214,0.214,0.0535,1.49654645403102,1.52266467329785,12.7524929735405,15.5160542572856,10.7277642446579,13.2362517165556,0,0,0,0,0.165,0.28475,0.5625,0.77,0.88,32,55,0,115,243,NA,5,"bayesian_lasso_scale_mixture",TRUE,1e-04,1e-04,0.05,1439975937,TRUE,4,"viroli_laplace_gibbs",0.988883794568948,0.979364890632931,0.98243045834526,0.148732137777255,0.19449243897745,0.979792035457836,0.144409541569486,0.965959796165656,0.223568433046109,NA,NA,0.0679372633152378,0.343058868428585,176.953,NA,NA,NA,NA,NA,NA,NA,NA,NA,NA,NA,NA,0.365048482289407,0.26294775278905,0.12591839917945,0.978337126820683,0.164925825105771,0.235962750029692,0.365048482289407,0.26294775278905,0.978337126820691,0.242193398965863,0.190338941679785,0.00402657756517959,0.675052848849937,0.0248820238272839,243,0,"axis_sorted_product",0.958333659477115,"alpha+loading+joint_mu+joint_var+joint_weight",0.702253081155018,0.927817316833649,"alpha+loading+joint_mu+joint_log_var+joint_weight",13.1106432613408,191.63991312987,189.310447610862,13.8753212450297,239.668553218088,13.7384770746727,188.232637482588,18.5554816107271,75.6357359696168,13.1106432613408,117.537882627777,14.8653601709305,78.5524852885832,0.0877914428710938,0.0103145837783813,0.0187990665435791,0.00221395492553711,NA,0.000468969345092773,0.0491734743118286,0.00330591201782227,0.00211846828460693,NA,15,1000,NA,2000,NA,NA,NA,"fixed_ifeval_parallel_viroli_laplace_penalty5_rep1_H5_G3_3_3_3_3",NA,NA,NA,NA,NA,NA,NA,NA,NA,NA,NA,NA,NA,NA,NA,NA,NA,NA,NA,NA,NA,NA,NA,NA,NA,NA,NA,NA,NA,NA,NA,NA,NA,NA,NA,NA,NA,NA,NA,NA,NA,NA,NA,NA,NA,NA,NA,NA,NA,NA,NA,NA,NA,NA,NA,NA,NA,NA,NA
"rep1_balanced_moderate_dense_signed_cross_strong_cp0_05_ifeval_min30_n400_p500_H5_G3-3-3-3-3_sep2",1,"n400p500",400,500,5,"3-3-3-3-3","3-3-3-3-3",243,TRUE,TRUE,23012731,20772531,23012731,275601002,1000,2,"viroli_smoke","unequal","ifeval_like",0.45,1.6,1.75,"balanced_moderate_dense_signed_cross","ifeval_min30","block","loadings","strong",1,2,1,2,0.05,"random",54,75,206,74,101,14,20,1.214,0.214,0.0535,1.49654645403102,1.52266467329785,12.7524929735405,15.5160542572856,10.7277642446579,13.2362517165556,0,0,0,0,0.155,0.30475,0.5775,0.772625,0.88,77,125,0,165,243,NA,5,"bayesian_lasso_scale_mixture",TRUE,1e-04,1e-04,0.05,275601039,TRUE,4,"viroli_laplace_gibbs",0.991407105881912,0.988839684489196,0.984958101514864,0.13093060667997,0.142364427381561,0.989635271114715,0.099834191373587,0.989237077286125,0.108614467679046,NA,NA,0.0548941001298197,0.733289831257038,218.138,NA,NA,NA,NA,NA,NA,NA,NA,NA,NA,NA,NA,0.141752971265086,0.0848417080247372,0.0499354476489473,0.995203596384134,0.102642995089784,0.949978250166644,0.141752971265086,0.0848417080247372,0.995203596384145,0.0378754202286343,0.929066002857171,0.00183614731559828,0.269606585237427,0.0146871735483057,237,7,"axis_sorted_product",0.99092672281849,"alpha+loading+joint_mu+joint_var+joint_weight",0.803634140433561,0.980398117341764,"alpha+loading+joint_mu+joint_log_var+joint_weight",4.86149487584279,168.927680546428,169.527527547578,18.0911547177822,176.754840858354,8.96063713341196,167.354452663926,5.87741422536973,367.157753551106,4.86149487584279,508.191296135266,6.37898362989108,164.774435951543,0.107682943344116,0.0201053619384766,0.0243620872497559,0.00353598594665527,NA,0.000512123107910156,0.0499728918075562,0.00564658641815186,0.00208616256713867,NA,15,1000,NA,2000,NA,NA,NA,"fixed_ifeval_parallel_viroli_laplace_penalty5_rep1_H5_G3_3_3_3_3",NA,NA,NA,NA,NA,NA,NA,NA,NA,NA,NA,NA,NA,NA,NA,NA,NA,NA,NA,NA,NA,NA,NA,NA,NA,NA,NA,NA,NA,NA,NA,NA,NA,NA,NA,NA,NA,NA,NA,NA,NA,NA,NA,NA,NA,NA,NA,NA,NA,NA,NA,NA,NA,NA,NA,NA,NA,NA,NA
"rep1_balanced_moderate_dense_signed_cross_strong_cp0_05_ifeval_min30_n100_p1000_H5_G3-3-3-3-3_sep2",1,"n100p1000",100,1000,5,"3-3-3-3-3","3-3-3-3-3",243,TRUE,TRUE,23012731,20772531,23012731,1758664054,1000,2,"viroli_smoke","unequal","ifeval_like",0.45,1.6,1.75,"balanced_moderate_dense_signed_cross","ifeval_min30","block","loadings","strong",1,2,1,2,0.05,"random",87,139,458,126,190,21,40,1.195,0.195,0.04875,1.49337146230671,1.52593145818473,16.8608751387451,21.0349541452727,13.7871437072219,17.8593077626417,0,0,0,0,0.14,0.29,0.62,0.8205,0.94,15,26,0,68,243,NA,5,"bayesian_lasso_scale_mixture",TRUE,1e-04,1e-04,0.05,1758664091,TRUE,4,"viroli_laplace_gibbs",0.990912818719828,0.958632353031215,0.983863577926258,0.134136568223364,0.190219209209697,0.962568734208568,0.201675198629467,0.955735823017707,0.224538161358882,NA,NA,0.0823927743747528,0.431057958115492,2069.807,NA,NA,NA,NA,NA,NA,NA,NA,NA,NA,NA,NA,0.386347254929809,0.376871219445142,0.115221730835188,0.987365000404713,0.215832682354482,0.383248432921782,0.386347254929809,0.376871219445142,0.987365000404739,0.193174090818151,0.330106934049538,0.00373831672723446,0.609056131846902,0.0254106251960009,243,0,"axis_sorted_product",0.939579182038944,"alpha+loading+joint_mu+joint_var+joint_weight",0.86298900495824,0.891940206250461,"alpha+loading+joint_mu+joint_log_var+joint_weight",12.9965219368882,220.103328566706,216.682930115675,17.1837352084559,210.456654535814,12.9965219368882,222.427258430378,48.7813274006923,117.652450224577,75.1177804665336,119.771711874241,47.6222049523014,100.051968151467,0.120205998420715,0.0100980997085571,0.0193434953689575,0.0014955997467041,NA,0.000452518463134766,0.0794739723205566,0.00330448150634766,0.00421202182769775,NA,14,1000,NA,2000,NA,NA,NA,"fixed_ifeval_parallel_viroli_laplace_penalty5_rep1_H5_G3_3_3_3_3",NA,NA,NA,NA,NA,NA,NA,NA,NA,NA,NA,NA,NA,NA,NA,NA,NA,NA,NA,NA,NA,NA,NA,NA,NA,NA,NA,NA,NA,NA,NA,NA,NA,NA,NA,NA,NA,NA,NA,NA,NA,NA,NA,NA,NA,NA,NA,NA,NA,NA,NA,NA,NA,NA,NA,NA,NA,NA,NA
"rep1_balanced_moderate_dense_signed_cross_strong_cp0_05_ifeval_min30_n200_p1000_H5_G3-3-3-3-3_sep2",1,"n200p1000",200,1000,5,"3-3-3-3-3","3-3-3-3-3",243,TRUE,TRUE,23012731,20772531,23012731,1727754735,1000,2,"viroli_smoke","unequal","ifeval_like",0.45,1.6,1.75,"balanced_moderate_dense_signed_cross","ifeval_min30","block","loadings","strong",1,2,1,2,0.05,"random",87,139,458,126,190,21,40,1.195,0.195,0.04875,1.49337146230671,1.52593145818473,16.8608751387451,21.0349541452727,13.7871437072219,17.8593077626417,0,0,0,0,0.12,0.32,0.575,0.785,0.905,38,59,0,111,243,NA,5,"bayesian_lasso_scale_mixture",TRUE,1e-04,1e-04,0.05,1727754772,TRUE,4,"viroli_laplace_gibbs",0.992965418564313,0.978339030177809,0.986106279851656,0.118316596709912,0.136999212225025,0.980254498656189,0.144279189579367,0.9739209074453,0.172569290035536,NA,NA,0.0632578123095717,0.710231006661775,191.763,NA,NA,NA,NA,NA,NA,NA,NA,NA,NA,NA,NA,0.233922964654948,0.161566848387321,0.0692655906490231,0.990283389044706,0.116922571081314,0.86925777433367,0.233922964654948,0.161566848387321,0.990283389044723,0.0793514117747353,0.830404814195948,0.0024508088181892,0.384071303222834,0.017306972653494,243,6,"axis_sorted_product",0.978602798702072,"alpha+loading+joint_mu+joint_var+joint_weight",0.83425792973104,0.963217479766652,"alpha+loading+joint_mu+joint_log_var+joint_weight",11.5388799351133,205.373608561445,201.075783706983,19.401076316752,230.400867640281,11.6989194621003,203.068540736486,25.6224211126649,91.8490341423635,17.5949105030404,158.877773619899,11.5388799351133,94.5509545985162,0.0954655408859253,0.0130990743637085,0.017182469367981,0.00141096115112305,NA,0.000312089920043945,0.0549989938735962,0.00388598442077637,0.00338494777679443,NA,15,1000,NA,2000,NA,NA,NA,"fixed_ifeval_parallel_viroli_laplace_penalty5_rep1_H5_G3_3_3_3_3",NA,NA,NA,NA,NA,NA,NA,NA,NA,NA,NA,NA,NA,NA,NA,NA,NA,NA,NA,NA,NA,NA,NA,NA,NA,NA,NA,NA,NA,NA,NA,NA,NA,NA,NA,NA,NA,NA,NA,NA,NA,NA,NA,NA,NA,NA,NA,NA,NA,NA,NA,NA,NA,NA,NA,NA,NA,NA,NA
"rep1_balanced_moderate_dense_signed_cross_strong_cp0_05_ifeval_min30_n400_p1000_H5_G3-3-3-3-3_sep2",1,"n400p1000",400,1000,5,"3-3-3-3-3","3-3-3-3-3",243,TRUE,TRUE,23012731,20772531,23012731,1665936097,1000,2,"viroli_smoke","unequal","ifeval_like",0.45,1.6,1.75,"balanced_moderate_dense_signed_cross","ifeval_min30","block","loadings","strong",1,2,1,2,0.05,"random",87,139,458,126,190,21,40,1.195,0.195,0.04875,1.49337146230671,1.52593145818473,16.8608751387451,21.0349541452727,13.7871437072219,17.8593077626417,0,0,0,0,0.17,0.314875,0.58,0.7875,0.89,66,113,0,155,243,NA,5,"bayesian_lasso_scale_mixture",TRUE,1e-04,1e-04,0.05,1665936134,TRUE,4,"viroli_laplace_gibbs",0.994978516260403,0.988062080320384,0.991528948993182,0.100089260465324,0.107642892122308,0.989155474880082,0.106109895378883,0.986600279060509,0.116914350632531,NA,NA,0.0489231684431584,0.76017202698215,235.887,NA,NA,NA,NA,NA,NA,NA,NA,NA,NA,NA,NA,0.0710049200681303,0.0591263746190473,0.0203185930985792,0.998901907045765,0.104550157255038,0.990062478978442,0.0710049200681303,0.0591263746190474,0.998901907045775,0.0432341806291195,0.987030911785338,0.000753829072915045,0.115088486872059,0.00487478267717871,228,17,"axis_sorted_product",0.991984012066523,"alpha+loading+joint_mu+joint_var+joint_weight",0.897508669729712,0.987036459279163,"alpha+loading+joint_mu+joint_log_var+joint_weight",9.63029556771071,190.508178171471,187.231359622432,13.1188463486999,213.780297883767,9.63029556771071,187.498057679652,39.1497191604426,501.185252144625,36.5229990693063,530.034353321412,37.0951872242629,243.029278121718,0.11775541305542,0.0260670185089111,0.0211683511734009,0.00238800048828125,NA,0.000349044799804688,0.0560951232910156,0.00718140602111816,0.00293445587158203,NA,15,1000,NA,2000,NA,NA,NA,"fixed_ifeval_parallel_viroli_laplace_penalty5_rep1_H5_G3_3_3_3_3",NA,NA,NA,NA,NA,NA,NA,NA,NA,NA,NA,NA,NA,NA,NA,NA,NA,NA,NA,NA,NA,NA,NA,NA,NA,NA,NA,NA,NA,NA,NA,NA,NA,NA,NA,NA,NA,NA,NA,NA,NA,NA,NA,NA,NA,NA,NA,NA,NA,NA,NA,NA,NA,NA,NA,NA,NA,NA,NA
"rep2_balanced_moderate_dense_signed_cross_strong_cp0_05_ifeval_min30_n100_p500_H10_G2-2-2-2-2-2-2-2-2-2_sep2",2,"n100p500",100,500,10,"2-2-2-2-2-2-2-2-2-2","2-2-2-2-2-2-2-2-2-2",1024,TRUE,TRUE,26762731,21272531,26762731,95985985,1000,2,"viroli_smoke","unequal","ifeval_like",0.45,1.6,1.75,"balanced_moderate_dense_signed_cross","ifeval_min30","block","loadings","strong",1,2,1,2,0.05,"random",35,40,114,56,67,17,23.5,1.478,0.478,0.0531111111111111,1.50306956235413,1.48404375325584,11.3609624549555,12.5711687343245,9.14597853706678,9.75326946907888,0,0,0,0,0.21,0.3,0.5,0.710999999999999,0.89,31,50,0,87,1024,NA,5,"bayesian_lasso_scale_mixture",TRUE,1e-04,1e-04,0.05,95986022,TRUE,4,"viroli_laplace_gibbs",0.990722435075721,0.945895947007985,0.989193025182585,0.135534418322704,0.14570320255716,0.945705928895235,0.193632970206728,0.933471807460826,0.261414599457873,NA,NA,0.100343092036252,1,142.433,NA,NA,NA,NA,NA,NA,NA,NA,NA,NA,NA,NA,0.062175044467652,0.104014720697451,0.0185204589418192,0.999163117616886,NA,0.993402400447288,0.0621750444676521,0.104014720697451,0.999163117616863,NA,0.99104374157308,0.000169239423262308,0.100542616356922,0.00131781274019489,339,1,"axis_sorted_product",0.988193104669864,"alpha+loading+joint_mu+joint_var+joint_weight",0.980164794509944,0.991051361571615,"alpha+loading+joint_mu+joint_weight",12.1065661115067,201.72825934844,205.416656835914,17.6163129611871,145.522701973996,12.1065661115067,204.705950438191,805.945522133897,996.91845594598,754.047318174243,983.272582073001,390.75602245448,594.200094102733,0.0717215538024902,0.00353908538818359,0.0119085311889648,0.0015566349029541,NA,0.000406980514526367,0.0485155582427979,0.00161445140838623,0.00307941436767578,NA,20,1000,NA,2000,NA,NA,NA,"fixed_ifeval_parallel_viroli_laplace_penalty5_rep2_H10_G2_2_2_2_2_2_2_2_2_2",NA,NA,NA,NA,NA,NA,NA,NA,NA,NA,NA,NA,NA,NA,NA,NA,NA,NA,NA,NA,NA,NA,NA,NA,NA,NA,NA,NA,NA,NA,NA,NA,NA,NA,NA,NA,NA,NA,NA,NA,NA,NA,NA,NA,NA,NA,NA,NA,NA,NA,NA,NA,NA,NA,NA,NA,NA,NA,NA
"rep2_balanced_moderate_dense_signed_cross_strong_cp0_05_ifeval_min30_n200_p500_H10_G2-2-2-2-2-2-2-2-2-2_sep2",2,"n200p500",200,500,10,"2-2-2-2-2-2-2-2-2-2","2-2-2-2-2-2-2-2-2-2",1024,TRUE,TRUE,26762731,21272531,26762731,784764466,1000,2,"viroli_smoke","unequal","ifeval_like",0.45,1.6,1.75,"balanced_moderate_dense_signed_cross","ifeval_min30","block","loadings","strong",1,2,1,2,0.05,"random",35,40,114,56,67,17,23.5,1.478,0.478,0.0531111111111111,1.50306956235413,1.48404375325584,11.3609624549555,12.5711687343245,9.14597853706678,9.75326946907888,0,0,0,0,0.205,0.30975,0.5075,0.72025,0.885,60,100,0,160,1024,NA,5,"bayesian_lasso_scale_mixture",TRUE,1e-04,1e-04,0.05,784764503,TRUE,4,"viroli_laplace_gibbs",0.991760349356652,0.965735347148703,0.989160103970978,0.128050399375645,0.148927021702407,0.965991454137447,0.14953145506496,0.950471099164609,0.215450450750459,NA,NA,0.0799793993544187,1,169.272,NA,NA,NA,NA,NA,NA,NA,NA,NA,NA,NA,NA,0.0811579084174273,0.0617344652597987,0.0324701992931203,0.997285860607434,NA,0.976488376646788,0.0811579084174274,0.0617344652597985,0.997285860607432,NA,0.969302079626679,0.000281685121591341,0.173219689142365,0.00181881320180384,320,1,"axis_sorted_product",0.99147650048379,"alpha+loading+joint_mu+joint_var+joint_weight",0.984678939467927,0.992519743310329,"alpha+loading+joint_mu+joint_weight",4.59950410260792,177.493720442587,180.682272517137,4.72945186740923,121.327651002669,4.59950410260792,179.566774690835,793.666104138912,995.976740741478,767.361884829625,1000,152.049258800811,347.967701270441,0.0849355459213257,0.00692200660705566,0.0162849426269531,0.00256085395812988,NA,0.000437021255493164,0.0517760515213013,0.00263500213623047,0.00312995910644531,NA,20,1000,NA,2000,NA,NA,NA,"fixed_ifeval_parallel_viroli_laplace_penalty5_rep2_H10_G2_2_2_2_2_2_2_2_2_2",NA,NA,NA,NA,NA,NA,NA,NA,NA,NA,NA,NA,NA,NA,NA,NA,NA,NA,NA,NA,NA,NA,NA,NA,NA,NA,NA,NA,NA,NA,NA,NA,NA,NA,NA,NA,NA,NA,NA,NA,NA,NA,NA,NA,NA,NA,NA,NA,NA,NA,NA,NA,NA,NA,NA,NA,NA,NA,NA
"rep2_balanced_moderate_dense_signed_cross_strong_cp0_05_ifeval_min30_n400_p500_H10_G2-2-2-2-2-2-2-2-2-2_sep2",2,"n400p500",400,500,10,"2-2-2-2-2-2-2-2-2-2","2-2-2-2-2-2-2-2-2-2",1024,TRUE,TRUE,26762731,21272531,26762731,14838428,1000,2,"viroli_smoke","unequal","ifeval_like",0.45,1.6,1.75,"balanced_moderate_dense_signed_cross","ifeval_min30","block","loadings","strong",1,2,1,2,0.05,"random",35,40,114,56,67,17,23.5,1.478,0.478,0.0531111111111111,1.50306956235413,1.48404375325584,11.3609624549555,12.5711687343245,9.14597853706678,9.75326946907888,0,0,0,0,0.205,0.324875,0.515,0.71275,0.8825,130,200,0,286,1024,NA,5,"bayesian_lasso_scale_mixture",TRUE,1e-04,1e-04,0.05,14838465,TRUE,4,"viroli_laplace_gibbs",0.992137067750652,0.981550045906475,0.990581761113595,0.125245957369687,0.131479323533814,0.981304382004653,0.11009554407933,0.97149021418739,0.160342469156016,NA,NA,0.0669641147120542,1,205.322,NA,NA,NA,NA,NA,NA,NA,NA,NA,NA,NA,NA,0.050873325974776,0.0400312664239858,0.0192758242440067,0.999189609152899,NA,0.992180560785009,0.0508733259747758,0.0400312664239858,0.999189609152942,NA,0.989379655501309,0.000173665158770397,0.103989022184063,0.00141404895499572,350,1,"axis_sorted_product",0.995918510111705,"alpha+loading+joint_mu+joint_var+joint_weight",0.992441521776875,0.996462428508601,"alpha+loading+joint_mu+joint_weight",7.4237017678673,167.222158726561,170.6497516113,9.19294473416224,120.88667618987,7.4237017678673,169.304075554399,836.079989594898,1000,831.719155862463,1000,82.8652241696354,220.178324956637,0.103257536888123,0.0136874914169312,0.0213875770568848,0.00466907024383545,NA,0.000498056411743164,0.0536565780639648,0.00456798076629639,0.00313699245452881,NA,20,1000,NA,2000,NA,NA,NA,"fixed_ifeval_parallel_viroli_laplace_penalty5_rep2_H10_G2_2_2_2_2_2_2_2_2_2",NA,NA,NA,NA,NA,NA,NA,NA,NA,NA,NA,NA,NA,NA,NA,NA,NA,NA,NA,NA,NA,NA,NA,NA,NA,NA,NA,NA,NA,NA,NA,NA,NA,NA,NA,NA,NA,NA,NA,NA,NA,NA,NA,NA,NA,NA,NA,NA,NA,NA,NA,NA,NA,NA,NA,NA,NA,NA,NA
"rep2_balanced_moderate_dense_signed_cross_strong_cp0_05_ifeval_min30_n100_p1000_H10_G2-2-2-2-2-2-2-2-2-2_sep2",2,"n100p1000",100,1000,10,"2-2-2-2-2-2-2-2-2-2","2-2-2-2-2-2-2-2-2-2",1024,TRUE,TRUE,26762731,21272531,26762731,513959170,1000,2,"viroli_smoke","unequal","ifeval_like",0.45,1.6,1.75,"balanced_moderate_dense_signed_cross","ifeval_min30","block","loadings","strong",1,2,1,2,0.05,"random",47,65,325,94,115,39,44.5,1.459,0.459,0.051,1.50782057986734,1.48608600948927,14.7650171336429,16.5784596097826,10.6250843505581,12.4519826278727,0,0,0,0,0.18,0.28,0.54,0.7505,0.91,23,50,0,89,1024,NA,5,"bayesian_lasso_scale_mixture",TRUE,1e-04,1e-04,0.05,513959207,TRUE,4,"viroli_laplace_gibbs",0.992877233332773,0.940172083649781,0.990717382007288,0.118756380885871,0.169670631433989,0.945012191780688,0.196749602265621,0.918739416973772,0.288287544281596,NA,NA,0.0969463904436404,1,244.486,NA,NA,NA,NA,NA,NA,NA,NA,NA,NA,NA,NA,0.138203030349826,0.0980591893483364,0.05642086678529,0.991447968576588,NA,0.950985044351955,0.138203030349825,0.0980591893483361,0.991447968576646,NA,0.930008977837664,0.000548529698801099,0.310985358980468,0.00545742527486902,295,3,"axis_sorted_product",0.975460156954717,"alpha+loading+joint_mu+joint_var+joint_weight",0.95932740189714,0.97733597954929,"alpha+loading+joint_mu+joint_weight",8.55633684291777,209.086706396803,209.250247363833,11.941707880077,131.674833412654,8.55633684291777,214.841863736479,826.88760196156,978.119502583619,715.984695590765,977.862341140677,479.731987216417,1000,0.122879505157471,0.0069504976272583,0.0164244174957275,0.00164103507995605,NA,0.000415444374084473,0.087177038192749,0.00268709659576416,0.00617551803588867,NA,20,1000,NA,2000,NA,NA,NA,"fixed_ifeval_parallel_viroli_laplace_penalty5_rep2_H10_G2_2_2_2_2_2_2_2_2_2",NA,NA,NA,NA,NA,NA,NA,NA,NA,NA,NA,NA,NA,NA,NA,NA,NA,NA,NA,NA,NA,NA,NA,NA,NA,NA,NA,NA,NA,NA,NA,NA,NA,NA,NA,NA,NA,NA,NA,NA,NA,NA,NA,NA,NA,NA,NA,NA,NA,NA,NA,NA,NA,NA,NA,NA,NA,NA,NA
"rep2_balanced_moderate_dense_signed_cross_strong_cp0_05_ifeval_min30_n200_p1000_H10_G2-2-2-2-2-2-2-2-2-2_sep2",2,"n200p1000",200,1000,10,"2-2-2-2-2-2-2-2-2-2","2-2-2-2-2-2-2-2-2-2",1024,TRUE,TRUE,26762731,21272531,26762731,549654181,1000,2,"viroli_smoke","unequal","ifeval_like",0.45,1.6,1.75,"balanced_moderate_dense_signed_cross","ifeval_min30","block","loadings","strong",1,2,1,2,0.05,"random",47,65,325,94,115,39,44.5,1.459,0.459,0.051,1.50782057986734,1.48608600948927,14.7650171336429,16.5784596097826,10.6250843505581,12.4519826278727,0,0,0,0,0.225,0.325,0.54,0.735,0.89,65,100,0,172,1024,NA,5,"bayesian_lasso_scale_mixture",TRUE,1e-04,1e-04,0.05,549654218,TRUE,4,"viroli_laplace_gibbs",0.994266787267584,0.966943018246153,0.992912276572566,0.106813357486358,0.133295256332734,0.968585394536114,0.144813531652402,0.953177169632215,0.198019807309202,NA,NA,0.0761559750084787,1,265.675,NA,NA,NA,NA,NA,NA,NA,NA,NA,NA,NA,NA,0.0827466051377632,0.0538171326775097,0.0331967291333627,0.997911247302579,NA,0.976857405635224,0.0827466051377643,0.0538171326775095,0.997911247302636,NA,0.967977772827776,0.000301274780723239,0.177937465418075,0.00295094647364302,331,1,"axis_sorted_product",0.989050058890461,"alpha+loading+joint_mu+joint_var+joint_weight",0.981214093872377,0.990084156931141,"alpha+loading+joint_mu+joint_weight",5.45868057303916,186.684897410941,186.099676762498,6.17549458465373,118.922227309978,5.45868057303916,190.288921285093,938.647426876543,1000,914.833410997348,1000,281.014494906484,482.288497325982,0.131471514701843,0.0135390758514404,0.0178670883178711,0.00252389907836914,NA,0.00042414665222168,0.0856366157531738,0.00451898574829102,0.0056995153427124,NA,20,1000,NA,2000,NA,NA,NA,"fixed_ifeval_parallel_viroli_laplace_penalty5_rep2_H10_G2_2_2_2_2_2_2_2_2_2",NA,NA,NA,NA,NA,NA,NA,NA,NA,NA,NA,NA,NA,NA,NA,NA,NA,NA,NA,NA,NA,NA,NA,NA,NA,NA,NA,NA,NA,NA,NA,NA,NA,NA,NA,NA,NA,NA,NA,NA,NA,NA,NA,NA,NA,NA,NA,NA,NA,NA,NA,NA,NA,NA,NA,NA,NA,NA,NA
"rep2_balanced_moderate_dense_signed_cross_strong_cp0_05_ifeval_min30_n400_p1000_H10_G2-2-2-2-2-2-2-2-2-2_sep2",2,"n400p1000",400,1000,10,"2-2-2-2-2-2-2-2-2-2","2-2-2-2-2-2-2-2-2-2",1024,TRUE,TRUE,26762731,21272531,26762731,621044203,1000,2,"viroli_smoke","unequal","ifeval_like",0.45,1.6,1.75,"balanced_moderate_dense_signed_cross","ifeval_min30","block","loadings","strong",1,2,1,2,0.05,"random",47,65,325,94,115,39,44.5,1.459,0.459,0.051,1.50782057986734,1.48608600948927,14.7650171336429,16.5784596097826,10.6250843505581,12.4519826278727,0,0,0,0,0.235,0.345,0.535,0.72,0.9275,133,200,0,295,1024,NA,5,"bayesian_lasso_scale_mixture",TRUE,1e-04,1e-04,0.05,621044240,TRUE,4,"viroli_laplace_gibbs",0.994606287229505,0.981115699522819,0.993167718466242,0.103732622530893,0.115130179799922,0.98248855138054,0.106789462129894,0.971091198528502,0.156351102908098,NA,NA,0.0619087215897488,1,310.649,NA,NA,NA,NA,NA,NA,NA,NA,NA,NA,NA,NA,0.0560994241590866,0.0318559316051368,0.0214761704178154,0.999256567571594,NA,0.992342299496102,0.0560994241590866,0.0318559316051366,0.999256567571655,NA,0.988653365227697,0.000205976219411802,0.114260252091905,0.00251299064612469,359,1,"axis_sorted_product",0.994280492144944,"alpha+loading+joint_mu+joint_var+joint_weight",0.989816723787173,0.994658320453627,"alpha+loading+joint_mu+joint_weight",4.10417309383817,175.340743093128,174.808882827058,4.10417309383817,110.196705746055,4.24517671381862,178.787881724369,933.763026711569,993.100611418538,921.703480851021,999.509894247233,144.448591268708,348.208381666829,0.15548849105835,0.0266854763031006,0.0219939947128296,0.00448203086853027,NA,0.000476956367492676,0.0870140790939331,0.0082550048828125,0.00543391704559326,NA,20,1000,NA,2000,NA,NA,NA,"fixed_ifeval_parallel_viroli_laplace_penalty5_rep2_H10_G2_2_2_2_2_2_2_2_2_2",NA,NA,NA,NA,NA,NA,NA,NA,NA,NA,NA,NA,NA,NA,NA,NA,NA,NA,NA,NA,NA,NA,NA,NA,NA,NA,NA,NA,NA,NA,NA,NA,NA,NA,NA,NA,NA,NA,NA,NA,NA,NA,NA,NA,NA,NA,NA,NA,NA,NA,NA,NA,NA,NA,NA,NA,NA,NA,NA
"rep2_balanced_moderate_dense_signed_cross_strong_cp0_05_ifeval_min30_n100_p500_H10_G3-3-3-3-3-3-3-3-3-3_sep2",2,"n100p500",100,500,10,"3-3-3-3-3-3-3-3-3-3","3-3-3-3-3-3-3-3-3-3",59049,TRUE,TRUE,29512731,21272531,29512731,593263295,1000,2,"viroli_smoke","unequal","ifeval_like",0.45,1.6,1.75,"balanced_moderate_dense_signed_cross","ifeval_min30","block","loadings","strong",1,2,1,2,0.05,"random",35,40,114,56,67,17,23.5,1.478,0.478,0.0531111111111111,1.50306956235413,1.48404375325584,11.3609624549555,12.5711687343245,9.14597853706678,9.75326946907888,0,0,0,0,0.23,0.33,0.56,0.74,0.86,14,31.5,0,100,59049,NA,5,"bayesian_lasso_scale_mixture",TRUE,1e-04,1e-04,0.05,593263332,TRUE,4,"viroli_laplace_gibbs",0.985238613574701,0.949979949863789,0.979080872611422,0.170960653725039,0.248550002433591,0.946619317943221,0.183321390362405,0.934547065531416,0.2423603739122,NA,NA,0.108462743678232,NA,146.173,NA,NA,NA,NA,NA,NA,NA,NA,NA,NA,NA,NA,0.389963351469889,0.354856075214072,0.127855550091353,0.987055977539929,0.37490624518486,0.0931946175596797,NA,NA,NA,NA,NA,NA,NA,NA,NA,NA,"skipped_large_K",NA,"skipped_large_K",NA,NA,"skipped_large_K",14.6004095333069,199.521019361258,199.740379739201,16.1122763962757,217.954716303529,14.6004095333069,199.102841342847,47.9174766247733,120.605721509528,30.6620664113244,144.778062242896,78.7021520100997,198.384607688592,0.0734729766845703,0.0035240650177002,0.0125850439071655,0.0016181468963623,NA,0.00047755241394043,0.0493326187133789,0.00165295600891113,0.00315511226654053,NA,29,1000,NA,2000,NA,NA,NA,"fixed_ifeval_parallel_viroli_laplace_penalty5_rep2_H10_G3_3_3_3_3_3_3_3_3_3",NA,NA,NA,NA,NA,NA,NA,NA,NA,NA,NA,NA,NA,NA,NA,NA,NA,NA,NA,NA,NA,NA,NA,NA,NA,NA,NA,NA,NA,NA,NA,NA,NA,NA,NA,NA,NA,NA,NA,NA,NA,NA,NA,NA,NA,NA,NA,NA,NA,NA,NA,NA,NA,NA,NA,NA,NA,NA,NA
"rep2_balanced_moderate_dense_signed_cross_strong_cp0_05_ifeval_min30_n200_p500_H10_G3-3-3-3-3-3-3-3-3-3_sep2",2,"n200p500",200,500,10,"3-3-3-3-3-3-3-3-3-3","3-3-3-3-3-3-3-3-3-3",59049,TRUE,TRUE,29512731,21272531,29512731,1282041776,1000,2,"viroli_smoke","unequal","ifeval_like",0.45,1.6,1.75,"balanced_moderate_dense_signed_cross","ifeval_min30","block","loadings","strong",1,2,1,2,0.05,"random",35,40,114,56,67,17,23.5,1.478,0.478,0.0531111111111111,1.50306956235413,1.48404375325584,11.3609624549555,12.5711687343245,9.14597853706678,9.75326946907888,0,0,0,0,0.195,0.32,0.56,0.76025,0.86,22,58.5,0,198,59049,NA,5,"bayesian_lasso_scale_mixture",TRUE,1e-04,1e-04,0.05,1282041813,TRUE,4,"viroli_laplace_gibbs",0.985206270777076,0.971643590091137,0.976314655617885,0.171579489315065,0.188648711183165,0.971825117381111,0.135128568178064,0.956874814538514,0.198409517247427,NA,NA,0.0920545322101691,NA,172.091,NA,NA,NA,NA,NA,NA,NA,NA,NA,NA,NA,NA,0.341630137239561,0.283368615249859,0.113273320110803,0.977750490692109,0.179807959912233,0.441620438276795,NA,NA,NA,NA,NA,NA,NA,NA,NA,NA,"skipped_large_K",NA,"skipped_large_K",NA,NA,"skipped_large_K",10.846691915652,172.942191037292,173.359952126725,14.6973192940311,211.76038976675,12.1491545797072,171.892041647809,15.6673698657131,61.507720316728,11.387151436574,74.6045690069075,10.846691915652,79.6567612434598,0.0860774517059326,0.00689852237701416,0.0170445442199707,0.00261235237121582,NA,0.000495076179504395,0.0520451068878174,0.00263142585754395,0.00294899940490723,NA,29,1000,NA,2000,NA,NA,NA,"fixed_ifeval_parallel_viroli_laplace_penalty5_rep2_H10_G3_3_3_3_3_3_3_3_3_3",NA,NA,NA,NA,NA,NA,NA,NA,NA,NA,NA,NA,NA,NA,NA,NA,NA,NA,NA,NA,NA,NA,NA,NA,NA,NA,NA,NA,NA,NA,NA,NA,NA,NA,NA,NA,NA,NA,NA,NA,NA,NA,NA,NA,NA,NA,NA,NA,NA,NA,NA,NA,NA,NA,NA,NA,NA,NA,NA
"rep2_balanced_moderate_dense_signed_cross_strong_cp0_05_ifeval_min30_n400_p500_H10_G3-3-3-3-3-3-3-3-3-3_sep2",2,"n400p500",400,500,10,"3-3-3-3-3-3-3-3-3-3","3-3-3-3-3-3-3-3-3-3",59049,TRUE,TRUE,29512731,21272531,29512731,512115738,1000,2,"viroli_smoke","unequal","ifeval_like",0.45,1.6,1.75,"balanced_moderate_dense_signed_cross","ifeval_min30","block","loadings","strong",1,2,1,2,0.05,"random",35,40,114,56,67,17,23.5,1.478,0.478,0.0531111111111111,1.50306956235413,1.48404375325584,11.3609624549555,12.5711687343245,9.14597853706678,9.75326946907888,0,0,0,0,0.2225,0.33725,0.545,0.732875,0.8625,66,114.5,0,396,59049,NA,5,"bayesian_lasso_scale_mixture",TRUE,1e-04,1e-04,0.05,512115775,TRUE,4,"viroli_laplace_gibbs",0.988436063526575,0.985564362848865,0.985364077197403,0.151888292058615,0.160755612035738,0.985305911065045,0.0989333912030056,0.978508979316834,0.141693194327624,NA,NA,0.0743559108040929,NA,208.533,NA,NA,NA,NA,NA,NA,NA,NA,NA,NA,NA,NA,0.115355562603636,0.0962404004244102,0.0322155045440931,0.997767349793745,-0.365207197860981,0.985558787967853,NA,NA,NA,NA,NA,NA,NA,NA,NA,NA,"skipped_large_K",NA,"skipped_large_K",NA,NA,"skipped_large_K",10.4508076585935,162.976360263085,164.627962671423,23.1229438116048,213.02505449533,10.4508076585935,161.589591582054,30.6903376261303,200.437625760914,29.026125244552,246.537963781909,32.9856032396892,107.643468121722,0.104576945304871,0.0136569738388062,0.0223253965377808,0.00469446182250977,NA,0.000565052032470703,0.0545545816421509,0.00459194183349609,0.00297141075134277,NA,30,1000,NA,2000,NA,NA,NA,"fixed_ifeval_parallel_viroli_laplace_penalty5_rep2_H10_G3_3_3_3_3_3_3_3_3_3",NA,NA,NA,NA,NA,NA,NA,NA,NA,NA,NA,NA,NA,NA,NA,NA,NA,NA,NA,NA,NA,NA,NA,NA,NA,NA,NA,NA,NA,NA,NA,NA,NA,NA,NA,NA,NA,NA,NA,NA,NA,NA,NA,NA,NA,NA,NA,NA,NA,NA,NA,NA,NA,NA,NA,NA,NA,NA,NA
"rep2_balanced_moderate_dense_signed_cross_strong_cp0_05_ifeval_min30_n100_p1000_H10_G3-3-3-3-3-3-3-3-3-3_sep2",2,"n100p1000",100,1000,10,"3-3-3-3-3-3-3-3-3-3","3-3-3-3-3-3-3-3-3-3",59049,TRUE,TRUE,29512731,21272531,29512731,1011236480,1000,2,"viroli_smoke","unequal","ifeval_like",0.45,1.6,1.75,"balanced_moderate_dense_signed_cross","ifeval_min30","block","loadings","strong",1,2,1,2,0.05,"random",47,65,325,94,115,39,44.5,1.459,0.459,0.051,1.50782057986734,1.48608600948927,14.7650171336429,16.5784596097826,10.6250843505581,12.4519826278727,0,0,0,0,0.17,0.33,0.56,0.76,0.9,15,28,0,100,59049,NA,5,"bayesian_lasso_scale_mixture",TRUE,1e-04,1e-04,0.05,1011236517,TRUE,4,"viroli_laplace_gibbs",0.988366841223351,0.9492014267218,0.975810633269925,0.151768423520058,0.21113411074653,0.950071184851904,0.181907923588422,0.897260625959227,0.30401343357939,NA,NA,0.104070644860935,NA,248.377,NA,NA,NA,NA,NA,NA,NA,NA,NA,NA,NA,NA,0.40728805195981,0.363585252753816,0.133381973193301,0.977397017357222,0.418117467881182,0.0889656215932239,NA,NA,NA,NA,NA,NA,NA,NA,NA,NA,"skipped_large_K",NA,"skipped_large_K",NA,NA,"skipped_large_K",7.2083416180085,224.626917902692,221.862190024867,11.5169655137424,236.865970154566,7.2083416180085,224.304630944577,47.6610967031793,114.093016558677,29.7392319563749,169.613205800208,53.1907128045745,205.574039320062,0.124779939651489,0.00690901279449463,0.0172710418701172,0.00171089172363281,NA,0.000480175018310547,0.0883095264434814,0.00270247459411621,0.00602340698242188,NA,30,1000,NA,2000,NA,NA,NA,"fixed_ifeval_parallel_viroli_laplace_penalty5_rep2_H10_G3_3_3_3_3_3_3_3_3_3",NA,NA,NA,NA,NA,NA,NA,NA,NA,NA,NA,NA,NA,NA,NA,NA,NA,NA,NA,NA,NA,NA,NA,NA,NA,NA,NA,NA,NA,NA,NA,NA,NA,NA,NA,NA,NA,NA,NA,NA,NA,NA,NA,NA,NA,NA,NA,NA,NA,NA,NA,NA,NA,NA,NA,NA,NA,NA,NA
"rep2_balanced_moderate_dense_signed_cross_strong_cp0_05_ifeval_min30_n200_p1000_H10_G3-3-3-3-3-3-3-3-3-3_sep2",2,"n200p1000",200,1000,10,"3-3-3-3-3-3-3-3-3-3","3-3-3-3-3-3-3-3-3-3",59049,TRUE,TRUE,29512731,21272531,29512731,1046931491,1000,2,"viroli_smoke","unequal","ifeval_like",0.45,1.6,1.75,"balanced_moderate_dense_signed_cross","ifeval_min30","block","loadings","strong",1,2,1,2,0.05,"random",47,65,325,94,115,39,44.5,1.459,0.459,0.051,1.50782057986734,1.48608600948927,14.7650171336429,16.5784596097826,10.6250843505581,12.4519826278727,0,0,0,0,0.215,0.34,0.58,0.765,0.885,28,63,0,200,59049,NA,5,"bayesian_lasso_scale_mixture",TRUE,1e-04,1e-04,0.05,1046931528,TRUE,4,"viroli_laplace_gibbs",0.991864401628585,0.971012333055868,0.987500040574863,0.127239305087362,0.1678225634031,0.972911630892488,0.134118144136187,0.948049643817395,0.210210842936279,NA,NA,0.0813935274658747,NA,265.648,NA,NA,NA,NA,NA,NA,NA,NA,NA,NA,NA,NA,0.219345775761034,0.172011346853947,0.0739027830269765,0.985765173595977,-0.125138821123323,0.806564505006453,NA,NA,NA,NA,NA,NA,NA,NA,NA,NA,"skipped_large_K",NA,"skipped_large_K",NA,NA,"skipped_large_K",9.43973666305409,193.568559743492,191.740368068042,17.6290613566538,225.102913019855,9.43973666305409,192.13184290325,18.2947068448959,91.2099471250828,11.0581471653457,255.342742625384,13.3148408159637,151.62249559021,0.131705522537231,0.0132505893707275,0.0179734230041504,0.00261545181274414,NA,0.000482082366943359,0.0856326818466187,0.00452399253845215,0.00605511665344238,NA,30,1000,NA,2000,NA,NA,NA,"fixed_ifeval_parallel_viroli_laplace_penalty5_rep2_H10_G3_3_3_3_3_3_3_3_3_3",NA,NA,NA,NA,NA,NA,NA,NA,NA,NA,NA,NA,NA,NA,NA,NA,NA,NA,NA,NA,NA,NA,NA,NA,NA,NA,NA,NA,NA,NA,NA,NA,NA,NA,NA,NA,NA,NA,NA,NA,NA,NA,NA,NA,NA,NA,NA,NA,NA,NA,NA,NA,NA,NA,NA,NA,NA,NA,NA
"rep2_balanced_moderate_dense_signed_cross_strong_cp0_05_ifeval_min30_n400_p1000_H10_G3-3-3-3-3-3-3-3-3-3_sep2",2,"n400p1000",400,1000,10,"3-3-3-3-3-3-3-3-3-3","3-3-3-3-3-3-3-3-3-3",59049,TRUE,TRUE,29512731,21272531,29512731,1118321513,1000,2,"viroli_smoke","unequal","ifeval_like",0.45,1.6,1.75,"balanced_moderate_dense_signed_cross","ifeval_min30","block","loadings","strong",1,2,1,2,0.05,"random",47,65,325,94,115,39,44.5,1.459,0.459,0.051,1.50782057986734,1.48608600948927,14.7650171336429,16.5784596097826,10.6250843505581,12.4519826278727,0,0,0,0,0.2175,0.3475,0.565,0.7375,0.8575,69,122,0,396,59049,NA,5,"bayesian_lasso_scale_mixture",TRUE,1e-04,1e-04,0.05,1118321550,TRUE,4,"viroli_laplace_gibbs",0.993122490334851,0.98518590520335,0.989902070621493,0.117135100554751,0.131096608054823,0.986456866470424,0.0930068629689308,0.972567200697258,0.154308096487004,NA,NA,0.0661190746757596,NA,311.601,NA,NA,NA,NA,NA,NA,NA,NA,NA,NA,NA,NA,0.0808935425427128,0.0595860111466742,0.030814072165642,0.998780362078914,0.0176358979891001,0.980098011697326,NA,NA,NA,NA,NA,NA,NA,NA,NA,NA,"skipped_large_K",NA,"skipped_large_K",NA,NA,"skipped_large_K",6.61986182872162,176.249878540162,176.268916157979,14.2923179812041,202.399979598948,6.61986182872162,174.867474165943,101.008763663047,364.675290822517,87.6384440565902,453.183689301934,69.2522009320397,178.013041126894,0.156118512153625,0.0263844728469849,0.0218600034713745,0.00451445579528809,NA,0.000547885894775391,0.0870429277420044,0.00825858116149902,0.00599551200866699,NA,30,1000,NA,2000,NA,NA,NA,"fixed_ifeval_parallel_viroli_laplace_penalty5_rep2_H10_G3_3_3_3_3_3_3_3_3_3",NA,NA,NA,NA,NA,NA,NA,NA,NA,NA,NA,NA,NA,NA,NA,NA,NA,NA,NA,NA,NA,NA,NA,NA,NA,NA,NA,NA,NA,NA,NA,NA,NA,NA,NA,NA,NA,NA,NA,NA,NA,NA,NA,NA,NA,NA,NA,NA,NA,NA,NA,NA,NA,NA,NA,NA,NA,NA,NA
"rep2_balanced_moderate_dense_signed_cross_strong_cp0_05_ifeval_min30_n100_p500_H5_G2-2-2-2-2_sep2",2,"n100p500",100,500,5,"2-2-2-2-2","2-2-2-2-2",32,TRUE,TRUE,22262731,20772531,22262731,1471855405,1000,2,"viroli_smoke","unequal","ifeval_like",0.45,1.6,1.75,"balanced_moderate_dense_signed_cross","ifeval_min30","block","loadings","strong",1,2,1,2,0.05,"random",54,75,206,74,101,14,20,1.214,0.214,0.0535,1.49654645403102,1.52266467329785,12.7524929735405,15.5160542572856,10.7277642446579,13.2362517165556,0,0,0,0,0.1,0.2395,0.47,0.74,0.91,24,50,0,24,32,NA,5,"bayesian_lasso_scale_mixture",TRUE,1e-04,1e-04,0.05,1471855442,TRUE,4,"viroli_laplace_gibbs",0.992257720283309,0.954229699767127,0.989215183546749,0.123813221584161,0.208477548938378,0.950347686394412,0.247310506680477,0.920157482105837,0.443504145672348,NA,NA,0.0782486316675373,1,105.842,NA,NA,NA,NA,NA,NA,NA,NA,NA,NA,NA,NA,0.177013005254712,0.106356792929716,0.0762693923207482,0.995622297684322,NA,0.98551318420029,0.177013005254712,0.106356792929716,0.99562229768432,NA,0.966534504362194,0.0159631597787425,0.298356446588134,0.0715475509816927,32,22,"axis_sorted_product",0.928040643360142,"alpha+loading+joint_mu+joint_var+joint_weight",0.940745212901489,0.929367447907292,"alpha+loading+joint_mu+joint_weight",13.822010614006,207.337012602559,214.859923917036,14.1399111963859,138.830364800408,13.822010614006,216.982172009559,861.99743136131,977.9730293556,805.640874441642,972.837950224438,605.254340368476,1000,0.0530169010162354,0.00329899787902832,0.0116335153579712,0.000900983810424805,NA,0.00027012825012207,0.0327895879745483,0.00136256217956543,0.00161242485046387,NA,10,1000,NA,2000,NA,NA,NA,"fixed_ifeval_parallel_viroli_laplace_penalty5_rep2_H5_G2_2_2_2_2",NA,NA,NA,NA,NA,NA,NA,NA,NA,NA,NA,NA,NA,NA,NA,NA,NA,NA,NA,NA,NA,NA,NA,NA,NA,NA,NA,NA,NA,NA,NA,NA,NA,NA,NA,NA,NA,NA,NA,NA,NA,NA,NA,NA,NA,NA,NA,NA,NA,NA,NA,NA,NA,NA,NA,NA,NA,NA,NA
"rep2_balanced_moderate_dense_signed_cross_strong_cp0_05_ifeval_min30_n200_p500_H5_G2-2-2-2-2_sep2",2,"n200p500",200,500,5,"2-2-2-2-2","2-2-2-2-2",32,TRUE,TRUE,22262731,20772531,22262731,1963409456,1000,2,"viroli_smoke","unequal","ifeval_like",0.45,1.6,1.75,"balanced_moderate_dense_signed_cross","ifeval_min30","block","loadings","strong",1,2,1,2,0.05,"random",54,75,206,74,101,14,20,1.214,0.214,0.0535,1.49654645403102,1.52266467329785,12.7524929735405,15.5160542572856,10.7277642446579,13.2362517165556,0,0,0,0,0.17,0.28,0.56,0.79,0.93,57,100,0,29,32,NA,5,"bayesian_lasso_scale_mixture",TRUE,1e-04,1e-04,0.05,1963409493,TRUE,4,"viroli_laplace_gibbs",0.993159651910128,0.976710471789488,0.991234733084659,0.116671730504205,0.167952269360172,0.977363590250335,0.152545337307833,0.962890439401982,0.214247175062268,NA,NA,0.0605480875178416,1,128.802,NA,NA,NA,NA,NA,NA,NA,NA,NA,NA,NA,NA,0.121453695501695,0.0545209109506925,0.0518160059041272,0.993838471703912,NA,0.938599262171408,0.121453695501695,0.0545209109506925,0.99383847170391,NA,0.93270754525509,0.00827219748278785,0.198217530679019,0.0215851871650785,32,29,"axis_sorted_product",0.974443786908731,"alpha+loading+joint_mu+joint_var+joint_weight",0.973574520914798,0.974453199117519,"alpha+loading+joint_mu+joint_weight",6.49353950633202,171.769205226544,171.826443151722,8.15961497255556,82.188780445994,6.49353950633202,185.147800739437,952.305228375753,992.769000259192,930.010170698654,1000,225.213280148659,408.770347080744,0.0642280578613281,0.00648403167724609,0.015655517578125,0.00139784812927246,NA,0.000290513038635254,0.0353975296020508,0.00221502780914307,0.00162792205810547,NA,10,1000,NA,2000,NA,NA,NA,"fixed_ifeval_parallel_viroli_laplace_penalty5_rep2_H5_G2_2_2_2_2",NA,NA,NA,NA,NA,NA,NA,NA,NA,NA,NA,NA,NA,NA,NA,NA,NA,NA,NA,NA,NA,NA,NA,NA,NA,NA,NA,NA,NA,NA,NA,NA,NA,NA,NA,NA,NA,NA,NA,NA,NA,NA,NA,NA,NA,NA,NA,NA,NA,NA,NA,NA,NA,NA,NA,NA,NA,NA,NA
"rep2_balanced_moderate_dense_signed_cross_strong_cp0_05_ifeval_min30_n400_p500_H5_G2-2-2-2-2_sep2",2,"n400p500",400,500,5,"2-2-2-2-2","2-2-2-2-2",32,TRUE,TRUE,22262731,20772531,22262731,799034558,1000,2,"viroli_smoke","unequal","ifeval_like",0.45,1.6,1.75,"balanced_moderate_dense_signed_cross","ifeval_min30","block","loadings","strong",1,2,1,2,0.05,"random",54,75,206,74,101,14,20,1.214,0.214,0.0535,1.49654645403102,1.52266467329785,12.7524929735405,15.5160542572856,10.7277642446579,13.2362517165556,0,0,0,0,0.1825,0.317375,0.5075,0.7555,0.8825,127,200,0,32,32,NA,5,"bayesian_lasso_scale_mixture",TRUE,1e-04,1e-04,0.05,799034595,TRUE,4,"viroli_laplace_gibbs",0.99397132097324,0.98666708502893,0.99274668366359,0.109668658505447,0.116386468470732,0.985954176841377,0.120682854685969,0.981292843485131,0.170590467715103,NA,NA,0.050032019006341,1,158.277,NA,NA,NA,NA,NA,NA,NA,NA,NA,NA,NA,NA,0.0401942361448722,0.0343443080719044,0.017738716739392,0.999450290118376,NA,0.996165164176788,0.0401942361448723,0.0343443080719044,0.999450290118375,NA,0.99537772570021,0.00309278744122177,0.0698554876430052,0.0097641935958699,32,26,"axis_sorted_product",0.985586267845105,"alpha+loading+joint_mu+joint_var+joint_weight",0.985836742513992,0.985601340693367,"alpha+loading+joint_mu+joint_weight",7.25655845484388,171.597330027953,173.054830392421,8.91075059798905,91.2689614818678,7.25655845484388,181.492210679863,910.753365531612,1000,908.050393962818,1000,157.945450754053,347.645353551551,0.0789570808410645,0.0130131244659424,0.0198509693145752,0.00228404998779297,NA,0.000323057174682617,0.0365164279937744,0.0038599967956543,0.00165438652038574,NA,10,1000,NA,2000,NA,NA,NA,"fixed_ifeval_parallel_viroli_laplace_penalty5_rep2_H5_G2_2_2_2_2",NA,NA,NA,NA,NA,NA,NA,NA,NA,NA,NA,NA,NA,NA,NA,NA,NA,NA,NA,NA,NA,NA,NA,NA,NA,NA,NA,NA,NA,NA,NA,NA,NA,NA,NA,NA,NA,NA,NA,NA,NA,NA,NA,NA,NA,NA,NA,NA,NA,NA,NA,NA,NA,NA,NA,NA,NA,NA,NA
"rep2_balanced_moderate_dense_signed_cross_strong_cp0_05_ifeval_min30_n100_p1000_H5_G2-2-2-2-2_sep2",2,"n100p1000",100,1000,5,"2-2-2-2-2","2-2-2-2-2",32,TRUE,TRUE,22262731,20772531,22262731,2029730040,1000,2,"viroli_smoke","unequal","ifeval_like",0.45,1.6,1.75,"balanced_moderate_dense_signed_cross","ifeval_min30","block","loadings","strong",1,2,1,2,0.05,"random",87,139,458,126,190,21,40,1.195,0.195,0.04875,1.49337146230671,1.52593145818473,16.8608751387451,21.0349541452727,13.7871437072219,17.8593077626417,0,0,0,0,0.22,0.35,0.53,0.76,0.92,31,50,0,27,32,NA,5,"bayesian_lasso_scale_mixture",TRUE,1e-04,1e-04,0.05,2029730077,TRUE,4,"viroli_laplace_gibbs",0.995524819107814,0.957093397937448,0.994985071020267,0.0941321314245449,0.171234363209934,0.95473484283984,0.225879836652481,0.901860571882013,0.326559021708646,NA,NA,0.0779375684003591,1,171.88,NA,NA,NA,NA,NA,NA,NA,NA,NA,NA,NA,NA,0.158897977036998,0.0806250262492077,0.067235599426313,0.993910673533879,NA,0.901387533488189,0.158897977036998,0.0806250262492077,0.993910673533878,NA,0.88730174471705,0.0110268088503221,0.254801489572593,0.0355888750553132,32,31,"axis_sorted_product",0.947954143864815,"alpha+loading+joint_mu+joint_var+joint_weight",0.946990176939681,0.948131193847001,"alpha+loading+joint_mu+joint_weight",9.64060307953987,216.279279002262,215.953984381533,12.2461998881334,132.563607628943,9.64060307953987,232.167967883196,791.325664016892,993.059919346337,784.116268939295,970.159172149325,522.321666037565,883.516588865163,0.0856934785842896,0.00657045841217041,0.0159199237823486,0.000949501991271973,NA,0.000277996063232422,0.0555704832077026,0.0022590160369873,0.00312745571136475,NA,10,1000,NA,2000,NA,NA,NA,"fixed_ifeval_parallel_viroli_laplace_penalty5_rep2_H5_G2_2_2_2_2",NA,NA,NA,NA,NA,NA,NA,NA,NA,NA,NA,NA,NA,NA,NA,NA,NA,NA,NA,NA,NA,NA,NA,NA,NA,NA,NA,NA,NA,NA,NA,NA,NA,NA,NA,NA,NA,NA,NA,NA,NA,NA,NA,NA,NA,NA,NA,NA,NA,NA,NA,NA,NA,NA,NA,NA,NA,NA,NA
"rep2_balanced_moderate_dense_signed_cross_strong_cp0_05_ifeval_min30_n200_p1000_H5_G2-2-2-2-2_sep2",2,"n200p1000",200,1000,5,"2-2-2-2-2","2-2-2-2-2",32,TRUE,TRUE,22262731,20772531,22262731,1998820721,1000,2,"viroli_smoke","unequal","ifeval_like",0.45,1.6,1.75,"balanced_moderate_dense_signed_cross","ifeval_min30","block","loadings","strong",1,2,1,2,0.05,"random",87,139,458,126,190,21,40,1.195,0.195,0.04875,1.49337146230671,1.52593145818473,16.8608751387451,21.0349541452727,13.7871437072219,17.8593077626417,0,0,0,0,0.13,0.29,0.525,0.755,0.91,59,100,0,31,32,NA,5,"bayesian_lasso_scale_mixture",TRUE,1e-04,1e-04,0.05,1998820758,TRUE,4,"viroli_laplace_gibbs",0.995634019584778,0.973204204600078,0.993102773704142,0.0932110563521948,0.133673554607651,0.972181529287411,0.172113495491959,0.940976481215737,0.265271301751937,NA,NA,0.0583573399217419,1,194.604,NA,NA,NA,NA,NA,NA,NA,NA,NA,NA,NA,NA,0.10990553616877,0.0511492774910933,0.0473714017773607,0.994354571493979,NA,0.952999137014869,0.10990553616877,0.0511492774910933,0.994354571493976,NA,0.947467037505065,0.00764795162775047,0.17845109388433,0.0201047353170214,32,29,"axis_sorted_product",0.966877442913199,"alpha+loading+joint_mu+joint_var+joint_weight",0.967298667844789,0.966912606775919,"alpha+loading+joint_mu+joint_weight",5.8454283809223,188.913263812476,189.119522530474,8.15722739910546,99.1006438256426,5.8454283809223,203.163693302676,988.133455173628,1000,957.963788775006,1000,385.002545831239,602.259101457226,0.0970108509063721,0.0129730701446533,0.0181664228439331,0.00142145156860352,NA,0.000292062759399414,0.0558254718780518,0.00389909744262695,0.00325536727905273,NA,10,1000,NA,2000,NA,NA,NA,"fixed_ifeval_parallel_viroli_laplace_penalty5_rep2_H5_G2_2_2_2_2",NA,NA,NA,NA,NA,NA,NA,NA,NA,NA,NA,NA,NA,NA,NA,NA,NA,NA,NA,NA,NA,NA,NA,NA,NA,NA,NA,NA,NA,NA,NA,NA,NA,NA,NA,NA,NA,NA,NA,NA,NA,NA,NA,NA,NA,NA,NA,NA,NA,NA,NA,NA,NA,NA,NA,NA,NA,NA,NA
"rep2_balanced_moderate_dense_signed_cross_strong_cp0_05_ifeval_min30_n400_p1000_H5_G2-2-2-2-2_sep2",2,"n400p1000",400,1000,5,"2-2-2-2-2","2-2-2-2-2",32,TRUE,TRUE,22262731,20772531,22262731,1937002083,1000,2,"viroli_smoke","unequal","ifeval_like",0.45,1.6,1.75,"balanced_moderate_dense_signed_cross","ifeval_min30","block","loadings","strong",1,2,1,2,0.05,"random",87,139,458,126,190,21,40,1.195,0.195,0.04875,1.49337146230671,1.52593145818473,16.8608751387451,21.0349541452727,13.7871437072219,17.8593077626417,0,0,0,0,0.1675,0.314875,0.5175,0.755125,0.895,128,200,0,31,32,NA,5,"bayesian_lasso_scale_mixture",TRUE,1e-04,1e-04,0.05,1937002120,TRUE,4,"viroli_laplace_gibbs",0.995893516024056,0.984994438161535,0.99382450476228,0.0905120739570633,0.110804381607977,0.985054918371541,0.122480118977311,0.970406198865204,0.189346610767867,NA,NA,0.0462268188565097,1,240.225,NA,NA,NA,NA,NA,NA,NA,NA,NA,NA,NA,NA,0.058808211548554,0.0288216054576126,0.0251198707288331,0.998435032537092,NA,0.98615622113959,0.058808211548554,0.0288216054576126,0.998435032537089,NA,0.984645071299341,0.00404226779203661,0.0920956749068118,0.0128708746096933,32,28,"axis_sorted_product",0.982936264995626,"alpha+loading+joint_mu+joint_var+joint_weight",0.983000324413398,0.982917063518829,"alpha+loading+joint_mu+joint_weight",5.37795466530931,178.091047563911,175.327924004983,5.8664830052819,85.4651435118356,5.37795466530931,191.248880579348,889.413776135569,1000,878.008000163026,1000,273.118528373402,525.591149450159,0.120087027549744,0.0260776281356812,0.0221325159072876,0.00237953662872314,NA,0.000325202941894531,0.0571544170379639,0.00729203224182129,0.00307559967041016,NA,10,1000,NA,2000,NA,NA,NA,"fixed_ifeval_parallel_viroli_laplace_penalty5_rep2_H5_G2_2_2_2_2",NA,NA,NA,NA,NA,NA,NA,NA,NA,NA,NA,NA,NA,NA,NA,NA,NA,NA,NA,NA,NA,NA,NA,NA,NA,NA,NA,NA,NA,NA,NA,NA,NA,NA,NA,NA,NA,NA,NA,NA,NA,NA,NA,NA,NA,NA,NA,NA,NA,NA,NA,NA,NA,NA,NA,NA,NA,NA,NA
"rep2_balanced_moderate_dense_signed_cross_strong_cp0_05_ifeval_min30_n100_p500_H5_G3-3-3-3-3_sep2",2,"n100p500",100,500,5,"3-3-3-3-3","3-3-3-3-3",243,TRUE,TRUE,23012731,20772531,23012731,1194267060,1000,2,"viroli_smoke","unequal","ifeval_like",0.45,1.6,1.75,"balanced_moderate_dense_signed_cross","ifeval_min30","block","loadings","strong",1,2,1,2,0.05,"random",54,75,206,74,101,14,20,1.214,0.214,0.0535,1.49654645403102,1.52266467329785,12.7524929735405,15.5160542572856,10.7277642446579,13.2362517165556,0,0,0,0,0.14,0.33,0.61,0.82,0.94,14,32,0,74,243,NA,5,"bayesian_lasso_scale_mixture",TRUE,1e-04,1e-04,0.05,1194267097,TRUE,4,"viroli_laplace_gibbs",0.986348188436394,0.962539935142011,0.976888009934614,0.164409813867479,0.264767348092301,0.959661453423691,0.197107199496182,0.951953821473568,0.25261985859504,NA,NA,0.0834171520304234,0.348528356066044,105.126,NA,NA,NA,NA,NA,NA,NA,NA,NA,NA,NA,NA,0.383829643008,0.331970813056543,0.150953136602345,0.98392946755288,0.381711457812143,-0.235424553191635,0.383829643008,0.331970813056543,0.983929467552877,0.380559440322119,-0.194724327901582,0.0046131143856975,0.77749190551044,0.028502321919104,243,1,"axis_sorted_product",0.942872814145824,"alpha+loading+joint_mu+joint_var+joint_weight",0.811865319124368,0.914056635277337,"alpha+loading+joint_mu+joint_log_var+joint_weight",11.2898099518184,209.338474208196,208.773578266102,22.7395322566752,200.083190320598,11.2898099518184,210.98776598966,104.386914878053,134.964324293745,67.5530807292087,224.478523363208,132.454991298507,244.972888207526,0.0525121688842773,0.0033719539642334,0.0113359689712524,0.000936031341552734,NA,0.00030052661895752,0.0324450731277466,0.00136899948120117,0.0016639232635498,NA,15,1000,NA,2000,NA,NA,NA,"fixed_ifeval_parallel_viroli_laplace_penalty5_rep2_H5_G3_3_3_3_3",NA,NA,NA,NA,NA,NA,NA,NA,NA,NA,NA,NA,NA,NA,NA,NA,NA,NA,NA,NA,NA,NA,NA,NA,NA,NA,NA,NA,NA,NA,NA,NA,NA,NA,NA,NA,NA,NA,NA,NA,NA,NA,NA,NA,NA,NA,NA,NA,NA,NA,NA,NA,NA,NA,NA,NA,NA,NA,NA
"rep2_balanced_moderate_dense_signed_cross_strong_cp0_05_ifeval_min30_n200_p500_H5_G3-3-3-3-3_sep2",2,"n200p500",200,500,5,"3-3-3-3-3","3-3-3-3-3",243,TRUE,TRUE,23012731,20772531,23012731,1685821111,1000,2,"viroli_smoke","unequal","ifeval_like",0.45,1.6,1.75,"balanced_moderate_dense_signed_cross","ifeval_min30","block","loadings","strong",1,2,1,2,0.05,"random",54,75,206,74,101,14,20,1.214,0.214,0.0535,1.49654645403102,1.52266467329785,12.7524929735405,15.5160542572856,10.7277642446579,13.2362517165556,0,0,0,0,0.165,0.33,0.59,0.8,0.92,28,64,0,110,243,NA,5,"bayesian_lasso_scale_mixture",TRUE,1e-04,1e-04,0.05,1685821148,TRUE,4,"viroli_laplace_gibbs",0.988298468099862,0.979318841596609,0.978623850402645,0.152597668662646,0.200885174037359,0.975634325504058,0.157126467184049,0.97346359417063,0.166184711360285,NA,NA,0.0692967183750556,0.555022553043305,127.222,NA,NA,NA,NA,NA,NA,NA,NA,NA,NA,NA,NA,0.252277920108993,0.191225842833729,0.0906182206653677,0.987397887070994,0.117180363107888,0.688296062731932,0.252277920108993,0.191225842833729,0.987397887071009,0.107220478529648,0.626733785321519,0.00308851014478803,0.49951097008413,0.0207774442681017,243,5,"axis_sorted_product",0.974243115842039,"alpha+loading+joint_mu+joint_var+joint_weight",0.740278610426661,0.952102548415774,"alpha+loading+joint_mu+joint_log_var+joint_weight",10.7667164246852,192.638665918908,189.487109431711,16.6161750279377,207.387464210023,12.4628636126187,191.508350416229,26.4096800688635,84.5284168987939,10.9169746700732,114.884425920904,10.7667164246852,73.3925125353253,0.0634766817092896,0.00672245025634766,0.0150256156921387,0.00144791603088379,NA,0.000322103500366211,0.0348540544509888,0.00226140022277832,0.00158941745758057,NA,15,1000,NA,2000,NA,NA,NA,"fixed_ifeval_parallel_viroli_laplace_penalty5_rep2_H5_G3_3_3_3_3",NA,NA,NA,NA,NA,NA,NA,NA,NA,NA,NA,NA,NA,NA,NA,NA,NA,NA,NA,NA,NA,NA,NA,NA,NA,NA,NA,NA,NA,NA,NA,NA,NA,NA,NA,NA,NA,NA,NA,NA,NA,NA,NA,NA,NA,NA,NA,NA,NA,NA,NA,NA,NA,NA,NA,NA,NA,NA,NA
"rep2_balanced_moderate_dense_signed_cross_strong_cp0_05_ifeval_min30_n400_p500_H5_G3-3-3-3-3_sep2",2,"n400p500",400,500,5,"3-3-3-3-3","3-3-3-3-3",243,TRUE,TRUE,23012731,20772531,23012731,521446213,1000,2,"viroli_smoke","unequal","ifeval_like",0.45,1.6,1.75,"balanced_moderate_dense_signed_cross","ifeval_min30","block","loadings","strong",1,2,1,2,0.05,"random",54,75,206,74,101,14,20,1.214,0.214,0.0535,1.49654645403102,1.52266467329785,12.7524929735405,15.5160542572856,10.7277642446579,13.2362517165556,0,0,0,0,0.1425,0.29,0.5725,0.7625,0.8725,71,115,0,162,243,NA,5,"bayesian_lasso_scale_mixture",TRUE,1e-04,1e-04,0.05,521446250,TRUE,4,"viroli_laplace_gibbs",0.991144923030494,0.989235502545838,0.984369684621446,0.132913048848356,0.145843536108051,0.989971854541276,0.100993613945047,0.982226745088841,0.145313789939291,NA,NA,0.0541131623360307,0.820916871515789,158.256,NA,NA,NA,NA,NA,NA,NA,NA,NA,NA,NA,NA,0.100746027027139,0.065151053464845,0.0320444479266508,0.99848602878982,-0.0976619748380267,0.981833479999721,0.100746027027139,0.065151053464845,0.998486028789836,-0.15416607105327,0.973276616039097,0.00121541000060668,0.186333848236385,0.00893447652597282,235,10,"axis_sorted_product",0.992690990703229,"alpha+loading+joint_mu+joint_var+joint_weight",0.81883253071722,0.983904164076688,"alpha+loading+joint_mu+joint_log_var+joint_weight",11.3157417282922,177.168604909622,176.585933178735,18.545401130413,208.554466834585,11.3157417282922,173.766089764781,147.815962272078,389.094286323423,86.7126315152779,414.705449875665,71.4769143082969,200.826883016239,0.078790545463562,0.0134069919586182,0.0196986198425293,0.00232911109924316,NA,0.000355005264282227,0.036201000213623,0.00384759902954102,0.00168681144714355,NA,15,1000,NA,2000,NA,NA,NA,"fixed_ifeval_parallel_viroli_laplace_penalty5_rep2_H5_G3_3_3_3_3",NA,NA,NA,NA,NA,NA,NA,NA,NA,NA,NA,NA,NA,NA,NA,NA,NA,NA,NA,NA,NA,NA,NA,NA,NA,NA,NA,NA,NA,NA,NA,NA,NA,NA,NA,NA,NA,NA,NA,NA,NA,NA,NA,NA,NA,NA,NA,NA,NA,NA,NA,NA,NA,NA,NA,NA,NA,NA,NA
"rep2_balanced_moderate_dense_signed_cross_strong_cp0_05_ifeval_min30_n100_p1000_H5_G3-3-3-3-3_sep2",2,"n100p1000",100,1000,5,"3-3-3-3-3","3-3-3-3-3",243,TRUE,TRUE,23012731,20772531,23012731,1752141695,1000,2,"viroli_smoke","unequal","ifeval_like",0.45,1.6,1.75,"balanced_moderate_dense_signed_cross","ifeval_min30","block","loadings","strong",1,2,1,2,0.05,"random",87,139,458,126,190,21,40,1.195,0.195,0.04875,1.49337146230671,1.52593145818473,16.8608751387451,21.0349541452727,13.7871437072219,17.8593077626417,0,0,0,0,0.2,0.3395,0.59,0.78,0.89,12,31,0,81,243,NA,5,"bayesian_lasso_scale_mixture",TRUE,1e-04,1e-04,0.05,1752141732,TRUE,4,"viroli_laplace_gibbs",0.99281719671237,0.962531588117112,0.987660437410308,0.119255819604361,0.235050938337361,0.960870539491681,0.191671689817958,0.926271273589609,0.273524863134777,NA,NA,0.079363189787806,0.372039918809202,171.938,NA,NA,NA,NA,NA,NA,NA,NA,NA,NA,NA,NA,0.365284411293399,0.314563151609218,0.134260920642602,0.98620048814174,0.371953540239753,0.0294185851410083,0.365284411293399,0.314563151609218,0.986200488141742,0.332193769891845,0.0135353392957498,0.00421915042357804,0.702495964627455,0.027269921554421,243,0,"axis_sorted_product",0.945757707237151,"alpha+loading+joint_mu+joint_var+joint_weight",0.866021351120839,0.914707505542811,"alpha+loading+joint_mu+joint_log_var+joint_weight",17.4681212922092,229.961895765399,224.309618780033,25.526760508694,224.528088071644,17.4681212922092,230.907043012421,68.24793598098,159.012701126061,52.9257557459822,175.392188489216,34.4364408277431,253.288492217919,0.0857144594192505,0.00670146942138672,0.015796422958374,0.000974893569946289,NA,0.000308036804199219,0.0553463697433472,0.00229048728942871,0.00327301025390625,NA,14,1000,NA,2000,NA,NA,NA,"fixed_ifeval_parallel_viroli_laplace_penalty5_rep2_H5_G3_3_3_3_3",NA,NA,NA,NA,NA,NA,NA,NA,NA,NA,NA,NA,NA,NA,NA,NA,NA,NA,NA,NA,NA,NA,NA,NA,NA,NA,NA,NA,NA,NA,NA,NA,NA,NA,NA,NA,NA,NA,NA,NA,NA,NA,NA,NA,NA,NA,NA,NA,NA,NA,NA,NA,NA,NA,NA,NA,NA,NA,NA
"rep2_balanced_moderate_dense_signed_cross_strong_cp0_05_ifeval_min30_n200_p1000_H5_G3-3-3-3-3_sep2",2,"n200p1000",200,1000,5,"3-3-3-3-3","3-3-3-3-3",243,TRUE,TRUE,23012731,20772531,23012731,1721232376,1000,2,"viroli_smoke","unequal","ifeval_like",0.45,1.6,1.75,"balanced_moderate_dense_signed_cross","ifeval_min30","block","loadings","strong",1,2,1,2,0.05,"random",87,139,458,126,190,21,40,1.195,0.195,0.04875,1.49337146230671,1.52593145818473,16.8608751387451,21.0349541452727,13.7871437072219,17.8593077626417,0,0,0,0,0.165,0.31975,0.57,0.75025,0.88,28,59,0,105,243,NA,5,"bayesian_lasso_scale_mixture",TRUE,1e-04,1e-04,0.05,1721232413,TRUE,4,"viroli_laplace_gibbs",0.993501743383457,0.979574037774374,0.988125293070964,0.113716888222117,0.143261203820503,0.981395739781993,0.136291259885414,0.96073794768572,0.213937267751016,NA,NA,0.0608969652073062,0.711665979142447,194.98,NA,NA,NA,NA,NA,NA,NA,NA,NA,NA,NA,NA,0.197263138388352,0.13800063646468,0.0594039854289518,0.990460601449828,-0.112836312774945,0.898839526619256,0.197263138388352,0.13800063646468,0.990460601449835,-0.156358770276161,0.872958011006145,0.00211121078084976,0.328805634794024,0.0149315491397768,239,11,"axis_sorted_product",0.97939213726277,"alpha+loading+joint_mu+joint_var+joint_weight",0.809114894877413,0.966649351822311,"alpha+loading+joint_mu+joint_log_var+joint_weight",10.1275348495376,201.257420394601,197.112763171085,16.2371399390702,216.154890492615,10.1275348495376,199.128991136721,24.8305936351352,232.152354726811,15.2509086577078,348.220163578255,18.2692189888978,147.558420656458,0.0973180532455444,0.013263463973999,0.0181365013122559,0.00145745277404785,NA,0.000317096710205078,0.0555183887481689,0.00391304492950439,0.00330805778503418,NA,15,1000,NA,2000,NA,NA,NA,"fixed_ifeval_parallel_viroli_laplace_penalty5_rep2_H5_G3_3_3_3_3",NA,NA,NA,NA,NA,NA,NA,NA,NA,NA,NA,NA,NA,NA,NA,NA,NA,NA,NA,NA,NA,NA,NA,NA,NA,NA,NA,NA,NA,NA,NA,NA,NA,NA,NA,NA,NA,NA,NA,NA,NA,NA,NA,NA,NA,NA,NA,NA,NA,NA,NA,NA,NA,NA,NA,NA,NA,NA,NA
"rep2_balanced_moderate_dense_signed_cross_strong_cp0_05_ifeval_min30_n400_p1000_H5_G3-3-3-3-3_sep2",2,"n400p1000",400,1000,5,"3-3-3-3-3","3-3-3-3-3",243,TRUE,TRUE,23012731,20772531,23012731,1659413738,1000,2,"viroli_smoke","unequal","ifeval_like",0.45,1.6,1.75,"balanced_moderate_dense_signed_cross","ifeval_min30","block","loadings","strong",1,2,1,2,0.05,"random",87,139,458,126,190,21,40,1.195,0.195,0.04875,1.49337146230671,1.52593145818473,16.8608751387451,21.0349541452727,13.7871437072219,17.8593077626417,0,0,0,0,0.1675,0.325,0.585,0.79,0.8925,72,123,0,160,243,NA,5,"bayesian_lasso_scale_mixture",TRUE,1e-04,1e-04,0.05,1659413775,TRUE,4,"viroli_laplace_gibbs",0.994721341315603,0.989159984049698,0.991474393379853,0.102620290758564,0.111169976264473,0.990357948924824,0.0983886109840701,0.987511179593365,0.111405397046825,NA,NA,0.0483958750451118,0.851707317073171,239.519,NA,NA,NA,NA,NA,NA,NA,NA,NA,NA,NA,NA,0.0701419602853276,0.0484419194430334,0.0225596907974308,0.998571970408752,0.218094225478126,0.9862751454968,0.0701419602853273,0.0484419194430334,0.998571970408758,0.175680537745179,0.982717048657547,0.000820750546662902,0.122123032523234,0.00564704686986568,225,16,"axis_sorted_product",0.992865565088478,"alpha+loading+joint_mu+joint_var+joint_weight",0.915679500375261,0.989283694122562,"alpha+loading+joint_mu+joint_log_var+joint_weight",6.70082189832241,190.148675043744,185.049688507518,10.8008512567003,203.526217486748,6.70082189832241,187.977245336591,197.661505127367,596.965819472489,142.747970760768,649.843311031918,95.5920685567198,235.968542981822,0.119377970695496,0.0265984535217285,0.0214824676513672,0.00244998931884766,NA,0.000356078147888184,0.0566091537475586,0.00732088088989258,0.00320649147033691,NA,15,1000,NA,2000,NA,NA,NA,"fixed_ifeval_parallel_viroli_laplace_penalty5_rep2_H5_G3_3_3_3_3",NA,NA,NA,NA,NA,NA,NA,NA,NA,NA,NA,NA,NA,NA,NA,NA,NA,NA,NA,NA,NA,NA,NA,NA,NA,NA,NA,NA,NA,NA,NA,NA,NA,NA,NA,NA,NA,NA,NA,NA,NA,NA,NA,NA,NA,NA,NA,NA,NA,NA,NA,NA,NA,NA,NA,NA,NA,NA,NA
"rep3_balanced_moderate_dense_signed_cross_strong_cp0_05_ifeval_min30_n100_p500_H10_G2-2-2-2-2-2-2-2-2-2_sep2",3,"n100p500",100,500,10,"2-2-2-2-2-2-2-2-2-2","2-2-2-2-2-2-2-2-2-2",1024,TRUE,TRUE,26762731,21272531,26762731,477066426,1000,2,"viroli_smoke","unequal","ifeval_like",0.45,1.6,1.75,"balanced_moderate_dense_signed_cross","ifeval_min30","block","loadings","strong",1,2,1,2,0.05,"random",35,40,114,56,67,17,23.5,1.478,0.478,0.0531111111111111,1.50306956235413,1.48404375325584,11.3609624549555,12.5711687343245,9.14597853706678,9.75326946907888,0,0,0,0,0.25,0.33,0.5,0.72,0.86,29,50,0,90,1024,NA,5,"bayesian_lasso_scale_mixture",TRUE,1e-04,1e-04,0.05,477066463,TRUE,4,"viroli_laplace_gibbs",0.990381271094064,0.94595724239067,0.986406155052614,0.138003924704167,0.162417791328154,0.94376753345356,0.195328917052525,0.916132689554929,0.287321796419557,NA,NA,0.0994391442025535,1,138.129,NA,NA,NA,NA,NA,NA,NA,NA,NA,NA,NA,NA,0.098464396323036,0.103413071799663,0.0365846946696257,0.996519790308409,NA,0.970418654786961,0.0984643963230364,0.103413071799663,0.99651979030838,NA,0.961455305421008,0.00031708572862901,0.193980553486006,0.00205953078555367,323,1,"axis_sorted_product",0.985229142304538,"alpha+loading+joint_mu+joint_var+joint_weight",0.975995171797864,0.988480459988704,"alpha+loading+joint_mu+joint_weight",13.7515483375006,205.30410347248,209.749754293682,16.9457957937778,160.601286907586,13.7515483375006,207.164911765777,694.267301877357,1000,701.94073504621,1000,359.560402648516,581.031317741535,0.068992018699646,0.00351500511169434,0.011091947555542,0.00150489807128906,NA,0.000395059585571289,0.0470374822616577,0.00157499313354492,0.00291001796722412,NA,20,1000,NA,2000,NA,NA,NA,"fixed_ifeval_parallel_viroli_laplace_penalty5_rep3_H10_G2_2_2_2_2_2_2_2_2_2",NA,NA,NA,NA,NA,NA,NA,NA,NA,NA,NA,NA,NA,NA,NA,NA,NA,NA,NA,NA,NA,NA,NA,NA,NA,NA,NA,NA,NA,NA,NA,NA,NA,NA,NA,NA,NA,NA,NA,NA,NA,NA,NA,NA,NA,NA,NA,NA,NA,NA,NA,NA,NA,NA,NA,NA,NA,NA,NA
"rep3_balanced_moderate_dense_signed_cross_strong_cp0_05_ifeval_min30_n200_p500_H10_G2-2-2-2-2-2-2-2-2-2_sep2",3,"n200p500",200,500,10,"2-2-2-2-2-2-2-2-2-2","2-2-2-2-2-2-2-2-2-2",1024,TRUE,TRUE,26762731,21272531,26762731,1165844907,1000,2,"viroli_smoke","unequal","ifeval_like",0.45,1.6,1.75,"balanced_moderate_dense_signed_cross","ifeval_min30","block","loadings","strong",1,2,1,2,0.05,"random",35,40,114,56,67,17,23.5,1.478,0.478,0.0531111111111111,1.50306956235413,1.48404375325584,11.3609624549555,12.5711687343245,9.14597853706678,9.75326946907888,0,0,0,0,0.21,0.315,0.51,0.695,0.85,62,100,0,159,1024,NA,5,"bayesian_lasso_scale_mixture",TRUE,1e-04,1e-04,0.05,1165844944,TRUE,4,"viroli_laplace_gibbs",0.991436410459929,0.966949584366965,0.988841925846264,0.130543261736262,0.146490835100539,0.966355590783392,0.14796504537172,0.94983391870175,0.217452021213871,NA,NA,0.0805117981831358,1,161.741,NA,NA,NA,NA,NA,NA,NA,NA,NA,NA,NA,NA,0.0771772446003146,0.0630429062107284,0.0306052924047104,0.997591126145115,NA,0.979193751437354,0.0771772446003146,0.0630429062107283,0.997591126145157,NA,0.972580097655415,0.000266919246714823,0.162913518023433,0.00147725619629542,322,1,"axis_sorted_product",0.991786481651818,"alpha+loading+joint_mu+joint_var+joint_weight",0.98533913287851,0.992892279316522,"alpha+loading+joint_mu+joint_weight",7.63003636088096,178.210089717837,182.201210273277,9.37024220555019,123.844996560718,7.63003636088096,180.050604923628,853.577835061043,963.080777720166,822.389388247753,970.534670418571,193.697993762227,362.758517332822,0.0807116031646729,0.0068514347076416,0.0148954391479492,0.00248253345489502,NA,0.000417947769165039,0.0496100187301636,0.00253796577453613,0.00278997421264648,NA,20,1000,NA,2000,NA,NA,NA,"fixed_ifeval_parallel_viroli_laplace_penalty5_rep3_H10_G2_2_2_2_2_2_2_2_2_2",NA,NA,NA,NA,NA,NA,NA,NA,NA,NA,NA,NA,NA,NA,NA,NA,NA,NA,NA,NA,NA,NA,NA,NA,NA,NA,NA,NA,NA,NA,NA,NA,NA,NA,NA,NA,NA,NA,NA,NA,NA,NA,NA,NA,NA,NA,NA,NA,NA,NA,NA,NA,NA,NA,NA,NA,NA,NA,NA
"rep3_balanced_moderate_dense_signed_cross_strong_cp0_05_ifeval_min30_n400_p500_H10_G2-2-2-2-2-2-2-2-2-2_sep2",3,"n400p500",400,500,10,"2-2-2-2-2-2-2-2-2-2","2-2-2-2-2-2-2-2-2-2",1024,TRUE,TRUE,26762731,21272531,26762731,395918869,1000,2,"viroli_smoke","unequal","ifeval_like",0.45,1.6,1.75,"balanced_moderate_dense_signed_cross","ifeval_min30","block","loadings","strong",1,2,1,2,0.05,"random",35,40,114,56,67,17,23.5,1.478,0.478,0.0531111111111111,1.50306956235413,1.48404375325584,11.3609624549555,12.5711687343245,9.14597853706678,9.75326946907888,0,0,0,0,0.23,0.317375,0.50875,0.70275,0.865,120,200,0,286,1024,NA,5,"bayesian_lasso_scale_mixture",TRUE,1e-04,1e-04,0.05,395918906,TRUE,4,"viroli_laplace_gibbs",0.992421938224018,0.982502807047794,0.989789056871737,0.122956224905794,0.132460695607252,0.982740746197796,0.106283836915755,0.976321754338358,0.147639390100406,NA,NA,0.0656871495232711,1,195.831,NA,NA,NA,NA,NA,NA,NA,NA,NA,NA,NA,NA,0.0519290828789238,0.0407206178786564,0.0203629212206718,0.998871330535633,NA,0.990860784140869,0.0519290828789235,0.0407206178786565,0.998871330535682,NA,0.988253286118328,0.000175742841979923,0.111073855817783,0.00150872702703454,330,1,"axis_sorted_product",0.996097875066942,"alpha+loading+joint_mu+joint_var+joint_weight",0.992708847934549,0.99647004154578,"alpha+loading+joint_mu+joint_weight",6.80019812555857,167.245655635626,172.165103663011,9.66319258517264,123.886687295726,6.80019812555857,168.996483593106,950.156026228898,997.128155761107,947.501546728795,1000,119.515234740186,278.705374780556,0.0972224473953247,0.0137571096420288,0.0187129974365234,0.00456392765045166,NA,0.000480532646179199,0.0508805513381958,0.00442147254943848,0.00300896167755127,NA,20,1000,NA,2000,NA,NA,NA,"fixed_ifeval_parallel_viroli_laplace_penalty5_rep3_H10_G2_2_2_2_2_2_2_2_2_2",NA,NA,NA,NA,NA,NA,NA,NA,NA,NA,NA,NA,NA,NA,NA,NA,NA,NA,NA,NA,NA,NA,NA,NA,NA,NA,NA,NA,NA,NA,NA,NA,NA,NA,NA,NA,NA,NA,NA,NA,NA,NA,NA,NA,NA,NA,NA,NA,NA,NA,NA,NA,NA,NA,NA,NA,NA,NA,NA
"rep3_balanced_moderate_dense_signed_cross_strong_cp0_05_ifeval_min30_n100_p1000_H10_G2-2-2-2-2-2-2-2-2-2_sep2",3,"n100p1000",100,1000,10,"2-2-2-2-2-2-2-2-2-2","2-2-2-2-2-2-2-2-2-2",1024,TRUE,TRUE,26762731,21272531,26762731,1043387941,1000,2,"viroli_smoke","unequal","ifeval_like",0.45,1.6,1.75,"balanced_moderate_dense_signed_cross","ifeval_min30","block","loadings","strong",1,2,1,2,0.05,"random",47,65,325,94,115,39,44.5,1.459,0.459,0.051,1.50782057986734,1.48608600948927,14.7650171336429,16.5784596097826,10.6250843505581,12.4519826278727,0,0,0,0,0.22,0.33,0.52,0.73,0.94,31,50,0,90,1024,NA,5,"bayesian_lasso_scale_mixture",TRUE,1e-04,1e-04,0.05,1043387978,TRUE,4,"viroli_laplace_gibbs",0.993382527580109,0.944493337956604,0.990894328015334,0.114466568880978,0.132953052741907,0.945347770892402,0.198522792733385,0.925746060153415,0.284083024281792,NA,NA,0.0964534206878184,1,234.009,NA,NA,NA,NA,NA,NA,NA,NA,NA,NA,NA,NA,0.0724764686659211,0.0908451428429877,0.0256859478673535,0.998327923604646,NA,0.985692594937652,0.0724764686659211,0.0908451428429877,0.998327923604754,NA,0.980864532941921,0.000226713085874445,0.137234867604032,0.00175494872418729,323,1,"axis_sorted_product",0.981101224961061,"alpha+loading+joint_mu+joint_var+joint_weight",0.969483708019661,0.983749552382293,"alpha+loading+joint_mu+joint_weight",13.4731798409927,217.713684044823,218.597881555414,18.7270468765272,148.961035909066,13.4731798409927,222.639768870776,795.911662175446,1000,787.412844296871,994.213739094311,436.758474846878,972.426393808156,0.117139577865601,0.00689291954040527,0.0147489309310913,0.00158882141113281,NA,0.000395059585571289,0.0840284824371338,0.00261449813842773,0.005653977394104,NA,20,1000,NA,2000,NA,NA,NA,"fixed_ifeval_parallel_viroli_laplace_penalty5_rep3_H10_G2_2_2_2_2_2_2_2_2_2",NA,NA,NA,NA,NA,NA,NA,NA,NA,NA,NA,NA,NA,NA,NA,NA,NA,NA,NA,NA,NA,NA,NA,NA,NA,NA,NA,NA,NA,NA,NA,NA,NA,NA,NA,NA,NA,NA,NA,NA,NA,NA,NA,NA,NA,NA,NA,NA,NA,NA,NA,NA,NA,NA,NA,NA,NA,NA,NA
"rep3_balanced_moderate_dense_signed_cross_strong_cp0_05_ifeval_min30_n200_p1000_H10_G2-2-2-2-2-2-2-2-2-2_sep2",3,"n200p1000",200,1000,10,"2-2-2-2-2-2-2-2-2-2","2-2-2-2-2-2-2-2-2-2",1024,TRUE,TRUE,26762731,21272531,26762731,1079082952,1000,2,"viroli_smoke","unequal","ifeval_like",0.45,1.6,1.75,"balanced_moderate_dense_signed_cross","ifeval_min30","block","loadings","strong",1,2,1,2,0.05,"random",47,65,325,94,115,39,44.5,1.459,0.459,0.051,1.50782057986734,1.48608600948927,14.7650171336429,16.5784596097826,10.6250843505581,12.4519826278727,0,0,0,0,0.225,0.32475,0.52,0.71,0.9,59,100,0,162,1024,NA,5,"bayesian_lasso_scale_mixture",TRUE,1e-04,1e-04,0.05,1079082989,TRUE,4,"viroli_laplace_gibbs",0.994215064731739,0.966832609922043,0.992635253230255,0.107294087366634,0.122573139302856,0.968777280433438,0.14606842454307,0.95556655344134,0.21241073867905,NA,NA,0.076217618658798,1,259.226,NA,NA,NA,NA,NA,NA,NA,NA,NA,NA,NA,NA,0.0610461704960446,0.0584721894849531,0.0253269548011698,0.998457039842744,NA,0.988795895430987,0.0610461704960446,0.058472189484953,0.9984570398427,NA,0.984213656021671,0.000239727015066117,0.137229105687114,0.00208070135710994,321,1,"axis_sorted_product",0.989540963750603,"alpha+loading+joint_mu+joint_var+joint_weight",0.981744566510883,0.990227029878997,"alpha+loading+joint_mu+joint_weight",5.71895788502794,194.004025718778,193.460551017275,6.92704100765003,123.398205760091,5.71895788502794,198.57425955143,798.492934074585,1000,769.108818622064,1000,324.960959675896,540.835901142636,0.129685044288635,0.0136209726333618,0.0172079801559448,0.00251102447509766,NA,0.000419139862060547,0.0846434831619263,0.00449752807617188,0.00573241710662842,NA,20,1000,NA,2000,NA,NA,NA,"fixed_ifeval_parallel_viroli_laplace_penalty5_rep3_H10_G2_2_2_2_2_2_2_2_2_2",NA,NA,NA,NA,NA,NA,NA,NA,NA,NA,NA,NA,NA,NA,NA,NA,NA,NA,NA,NA,NA,NA,NA,NA,NA,NA,NA,NA,NA,NA,NA,NA,NA,NA,NA,NA,NA,NA,NA,NA,NA,NA,NA,NA,NA,NA,NA,NA,NA,NA,NA,NA,NA,NA,NA,NA,NA,NA,NA
"rep3_balanced_moderate_dense_signed_cross_strong_cp0_05_ifeval_min30_n400_p1000_H10_G2-2-2-2-2-2-2-2-2-2_sep2",3,"n400p1000",400,1000,10,"2-2-2-2-2-2-2-2-2-2","2-2-2-2-2-2-2-2-2-2",1024,TRUE,TRUE,26762731,21272531,26762731,1150472974,1000,2,"viroli_smoke","unequal","ifeval_like",0.45,1.6,1.75,"balanced_moderate_dense_signed_cross","ifeval_min30","block","loadings","strong",1,2,1,2,0.05,"random",47,65,325,94,115,39,44.5,1.459,0.459,0.051,1.50782057986734,1.48608600948927,14.7650171336429,16.5784596097826,10.6250843505581,12.4519826278727,0,0,0,0,0.235,0.327375,0.525,0.725,0.8775,128,200,0,282,1024,NA,5,"bayesian_lasso_scale_mixture",TRUE,1e-04,1e-04,0.05,1150473011,TRUE,4,"viroli_laplace_gibbs",0.99461127776069,0.981609781824136,0.992668413707904,0.103684622135707,0.111848884919779,0.982218727876708,0.108591292471588,0.969205659574069,0.165923335118708,NA,NA,0.0613446639540808,1,310.047,NA,NA,NA,NA,NA,NA,NA,NA,NA,NA,NA,NA,0.0474850519431596,0.0326656208155281,0.0189492394670571,0.999070957548281,NA,0.991992127277193,0.0474850519431596,0.032665620815528,0.999070957548257,NA,0.989512298312133,0.000164955599123825,0.101193681797066,0.00111341269143418,344,1,"axis_sorted_product",0.994256685840034,"alpha+loading+joint_mu+joint_var+joint_weight",0.989667020418069,0.994500305170834,"alpha+loading+joint_mu+joint_weight",4.89359519962914,178.654973178225,178.629595898233,5.68351454786472,110.381648256797,4.89359519962914,182.142762887034,917.080337385556,966.525664392375,893.176487955341,952.49584460997,136.147822935031,319.072310714913,0.155853629112244,0.0274590253829956,0.0210275650024414,0.00459444522857666,NA,0.000486850738525391,0.0865355730056763,0.00841200351715088,0.0060199499130249,NA,20,1000,NA,2000,NA,NA,NA,"fixed_ifeval_parallel_viroli_laplace_penalty5_rep3_H10_G2_2_2_2_2_2_2_2_2_2",NA,NA,NA,NA,NA,NA,NA,NA,NA,NA,NA,NA,NA,NA,NA,NA,NA,NA,NA,NA,NA,NA,NA,NA,NA,NA,NA,NA,NA,NA,NA,NA,NA,NA,NA,NA,NA,NA,NA,NA,NA,NA,NA,NA,NA,NA,NA,NA,NA,NA,NA,NA,NA,NA,NA,NA,NA,NA,NA
"rep3_balanced_moderate_dense_signed_cross_strong_cp0_05_ifeval_min30_n100_p500_H10_G3-3-3-3-3-3-3-3-3-3_sep2",3,"n100p500",100,500,10,"3-3-3-3-3-3-3-3-3-3","3-3-3-3-3-3-3-3-3-3",59049,TRUE,TRUE,29512731,21272531,29512731,974343736,1000,2,"viroli_smoke","unequal","ifeval_like",0.45,1.6,1.75,"balanced_moderate_dense_signed_cross","ifeval_min30","block","loadings","strong",1,2,1,2,0.05,"random",35,40,114,56,67,17,23.5,1.478,0.478,0.0531111111111111,1.50306956235413,1.48404375325584,11.3609624549555,12.5711687343245,9.14597853706678,9.75326946907888,0,0,0,0,0.19,0.33,0.53,0.73,0.92,12,31,0,99,59049,NA,5,"bayesian_lasso_scale_mixture",TRUE,1e-04,1e-04,0.05,974343773,TRUE,4,"viroli_laplace_gibbs",0.98459283343433,0.951800657030765,0.971718076785619,0.174660212412635,0.24439926419989,0.951268702153351,0.177843081067232,0.90321173609085,0.297849369066757,NA,NA,0.108962867268387,NA,141.862,NA,NA,NA,NA,NA,NA,NA,NA,NA,NA,NA,NA,0.415422771092515,0.39212279959145,0.127745558261657,0.993959100367085,0.520454513690077,0.0243415848784562,NA,NA,NA,NA,NA,NA,NA,NA,NA,NA,"skipped_large_K",NA,"skipped_large_K",NA,NA,"skipped_large_K",13.0865491240777,202.625229438471,200.667107325274,16.3079694393755,210.792113662794,13.0865491240777,202.724583065303,34.7160771072204,99.2542810646643,35.3266577233582,149.713701354574,38.1552076444,194.736250393274,0.0709495544433594,0.00343203544616699,0.0119149684906006,0.00156056880950928,NA,0.000463008880615234,0.0479530096054077,0.00158798694610596,0.00297296047210693,NA,30,1000,NA,2000,NA,NA,NA,"fixed_ifeval_parallel_viroli_laplace_penalty5_rep3_H10_G3_3_3_3_3_3_3_3_3_3",NA,NA,NA,NA,NA,NA,NA,NA,NA,NA,NA,NA,NA,NA,NA,NA,NA,NA,NA,NA,NA,NA,NA,NA,NA,NA,NA,NA,NA,NA,NA,NA,NA,NA,NA,NA,NA,NA,NA,NA,NA,NA,NA,NA,NA,NA,NA,NA,NA,NA,NA,NA,NA,NA,NA,NA,NA,NA,NA
"rep3_balanced_moderate_dense_signed_cross_strong_cp0_05_ifeval_min30_n200_p500_H10_G3-3-3-3-3-3-3-3-3-3_sep2",3,"n200p500",200,500,10,"3-3-3-3-3-3-3-3-3-3","3-3-3-3-3-3-3-3-3-3",59049,TRUE,TRUE,29512731,21272531,29512731,1663122217,1000,2,"viroli_smoke","unequal","ifeval_like",0.45,1.6,1.75,"balanced_moderate_dense_signed_cross","ifeval_min30","block","loadings","strong",1,2,1,2,0.05,"random",35,40,114,56,67,17,23.5,1.478,0.478,0.0531111111111111,1.50306956235413,1.48404375325584,11.3609624549555,12.5711687343245,9.14597853706678,9.75326946907888,0,0,0,0,0.18,0.30475,0.53,0.71525,0.84,36,55,0,199,59049,NA,5,"bayesian_lasso_scale_mixture",TRUE,1e-04,1e-04,0.05,1663122254,TRUE,4,"viroli_laplace_gibbs",0.986719053594789,0.973637692837443,0.979907282555069,0.162570241269333,0.187277237531859,0.973997813756198,0.131086797413549,0.961764934722327,0.209447196168922,NA,NA,0.0879573377575771,NA,166.225,NA,NA,NA,NA,NA,NA,NA,NA,NA,NA,NA,NA,0.347624447841896,0.278609556215317,0.112843575763141,0.986191345085971,0.213435428146981,0.432346499868951,NA,NA,NA,NA,NA,NA,NA,NA,NA,NA,"skipped_large_K",NA,"skipped_large_K",NA,NA,"skipped_large_K",6.6140465279916,178.632014136284,176.739770224501,15.2386494192926,218.207400146157,11.4114606074354,177.583952479479,9.90909281241536,59.3950858528271,6.6140465279916,109.120077085738,7.456257044966,56.833685865807,0.0831360816955566,0.00673842430114746,0.0161333084106445,0.00255703926086426,NA,0.000481843948364258,0.0507135391235352,0.0025489330291748,0.00279521942138672,NA,30,1000,NA,2000,NA,NA,NA,"fixed_ifeval_parallel_viroli_laplace_penalty5_rep3_H10_G3_3_3_3_3_3_3_3_3_3",NA,NA,NA,NA,NA,NA,NA,NA,NA,NA,NA,NA,NA,NA,NA,NA,NA,NA,NA,NA,NA,NA,NA,NA,NA,NA,NA,NA,NA,NA,NA,NA,NA,NA,NA,NA,NA,NA,NA,NA,NA,NA,NA,NA,NA,NA,NA,NA,NA,NA,NA,NA,NA,NA,NA,NA,NA,NA,NA
"rep3_balanced_moderate_dense_signed_cross_strong_cp0_05_ifeval_min30_n400_p500_H10_G3-3-3-3-3-3-3-3-3-3_sep2",3,"n400p500",400,500,10,"3-3-3-3-3-3-3-3-3-3","3-3-3-3-3-3-3-3-3-3",59049,TRUE,TRUE,29512731,21272531,29512731,893196179,1000,2,"viroli_smoke","unequal","ifeval_like",0.45,1.6,1.75,"balanced_moderate_dense_signed_cross","ifeval_min30","block","loadings","strong",1,2,1,2,0.05,"random",35,40,114,56,67,17,23.5,1.478,0.478,0.0531111111111111,1.50306956235413,1.48404375325584,11.3609624549555,12.5711687343245,9.14597853706678,9.75326946907888,0,0,0,0,0.2225,0.3175,0.55,0.73025,0.835,76,116.5,0,398,59049,NA,5,"bayesian_lasso_scale_mixture",TRUE,1e-04,1e-04,0.05,893196216,TRUE,4,"viroli_laplace_gibbs",0.988585081458125,0.985612265145179,0.985302596592802,0.15090646934787,0.153718834445059,0.985974514003823,0.0953945669081323,0.983828415577824,0.122796939142001,NA,NA,0.0742366030375958,NA,200.408,NA,NA,NA,NA,NA,NA,NA,NA,NA,NA,NA,NA,0.097117984861285,0.0769791666561097,0.0288397982170196,0.999007773370491,-0.38104316139477,0.991891842949808,NA,NA,NA,NA,NA,NA,NA,NA,NA,NA,"skipped_large_K",NA,"skipped_large_K",NA,NA,"skipped_large_K",5.92183490350079,161.658651816067,165.016693337223,8.64871259515767,210.052683818625,5.92183490350079,159.535305899909,71.4325814515435,269.481865091623,48.3437260870628,309.455064170724,47.3804485189991,148.326806075885,0.0994139909744263,0.0133424997329712,0.019990086555481,0.0045628547668457,NA,0.000550985336303711,0.0520299673080444,0.00444602966308594,0.00304698944091797,NA,30,1000,NA,2000,NA,NA,NA,"fixed_ifeval_parallel_viroli_laplace_penalty5_rep3_H10_G3_3_3_3_3_3_3_3_3_3",NA,NA,NA,NA,NA,NA,NA,NA,NA,NA,NA,NA,NA,NA,NA,NA,NA,NA,NA,NA,NA,NA,NA,NA,NA,NA,NA,NA,NA,NA,NA,NA,NA,NA,NA,NA,NA,NA,NA,NA,NA,NA,NA,NA,NA,NA,NA,NA,NA,NA,NA,NA,NA,NA,NA,NA,NA,NA,NA
"rep3_balanced_moderate_dense_signed_cross_strong_cp0_05_ifeval_min30_n100_p1000_H10_G3-3-3-3-3-3-3-3-3-3_sep2",3,"n100p1000",100,1000,10,"3-3-3-3-3-3-3-3-3-3","3-3-3-3-3-3-3-3-3-3",59049,TRUE,TRUE,29512731,21272531,29512731,1540665251,1000,2,"viroli_smoke","unequal","ifeval_like",0.45,1.6,1.75,"balanced_moderate_dense_signed_cross","ifeval_min30","block","loadings","strong",1,2,1,2,0.05,"random",47,65,325,94,115,39,44.5,1.459,0.459,0.051,1.50782057986734,1.48608600948927,14.7650171336429,16.5784596097826,10.6250843505581,12.4519826278727,0,0,0,0,0.2,0.3495,0.59,0.77,0.91,13,33.5,0,100,59049,NA,5,"bayesian_lasso_scale_mixture",TRUE,1e-04,1e-04,0.05,1540665288,TRUE,4,"viroli_laplace_gibbs",0.988417908340205,0.947329049083423,0.980471568625211,0.151434941431602,0.220700655738546,0.949786463221698,0.179285912034582,0.913716964644791,0.271746120493025,NA,NA,0.103457797676998,NA,239.084,NA,NA,NA,NA,NA,NA,NA,NA,NA,NA,NA,NA,0.392397049006755,0.375093978839527,0.123105747804176,0.99104768807403,0.28249617532095,0.197098288594549,NA,NA,NA,NA,NA,NA,NA,NA,NA,NA,"skipped_large_K",NA,"skipped_large_K",NA,NA,"skipped_large_K",10.1385828717835,212.949049055822,209.587876203543,10.1385828717835,218.566302250313,11.669904287111,212.78789454684,47.3740476728103,112.216603767423,39.6572086305553,162.628618749725,38.5720555474438,180.200226069772,0.119567632675171,0.00666797161102295,0.0160934925079346,0.0016324520111084,NA,0.000461459159851074,0.0850914716720581,0.0026085376739502,0.00576305389404297,NA,28,1000,NA,2000,NA,NA,NA,"fixed_ifeval_parallel_viroli_laplace_penalty5_rep3_H10_G3_3_3_3_3_3_3_3_3_3",NA,NA,NA,NA,NA,NA,NA,NA,NA,NA,NA,NA,NA,NA,NA,NA,NA,NA,NA,NA,NA,NA,NA,NA,NA,NA,NA,NA,NA,NA,NA,NA,NA,NA,NA,NA,NA,NA,NA,NA,NA,NA,NA,NA,NA,NA,NA,NA,NA,NA,NA,NA,NA,NA,NA,NA,NA,NA,NA
"rep3_balanced_moderate_dense_signed_cross_strong_cp0_05_ifeval_min30_n200_p1000_H10_G3-3-3-3-3-3-3-3-3-3_sep2",3,"n200p1000",200,1000,10,"3-3-3-3-3-3-3-3-3-3","3-3-3-3-3-3-3-3-3-3",59049,TRUE,TRUE,29512731,21272531,29512731,1576360262,1000,2,"viroli_smoke","unequal","ifeval_like",0.45,1.6,1.75,"balanced_moderate_dense_signed_cross","ifeval_min30","block","loadings","strong",1,2,1,2,0.05,"random",47,65,325,94,115,39,44.5,1.459,0.459,0.051,1.50782057986734,1.48608600948927,14.7650171336429,16.5784596097826,10.6250843505581,12.4519826278727,0,0,0,0,0.2,0.345,0.585,0.765,0.865,31,62,0,200,59049,NA,5,"bayesian_lasso_scale_mixture",TRUE,1e-04,1e-04,0.05,1576360299,TRUE,4,"viroli_laplace_gibbs",0.992259022318797,0.972228499738136,0.987422914323186,0.124115049794915,0.15297008706022,0.973122816607082,0.133987856322349,0.964175777929803,0.175381409628812,NA,NA,0.0797788669470227,NA,262.294,NA,NA,NA,NA,NA,NA,NA,NA,NA,NA,NA,NA,0.258767655405697,0.220341226893941,0.0756479079132328,0.985813062908255,0.0309563039075235,0.805752334658299,NA,NA,NA,NA,NA,NA,NA,NA,NA,NA,"skipped_large_K",NA,"skipped_large_K",NA,NA,"skipped_large_K",8.12587658881506,191.941424787465,189.849259296322,10.8595986514495,210.875049398046,8.12587658881506,191.357562060218,38.4490762047403,108.613528590491,18.9906542682744,163.342730985573,10.1950711772897,86.8019048798607,0.131317019462585,0.0132124423980713,0.0181978940963745,0.00259304046630859,NA,0.000483036041259766,0.0852805376052856,0.00449752807617188,0.00583302974700928,NA,29,1000,NA,2000,NA,NA,NA,"fixed_ifeval_parallel_viroli_laplace_penalty5_rep3_H10_G3_3_3_3_3_3_3_3_3_3",NA,NA,NA,NA,NA,NA,NA,NA,NA,NA,NA,NA,NA,NA,NA,NA,NA,NA,NA,NA,NA,NA,NA,NA,NA,NA,NA,NA,NA,NA,NA,NA,NA,NA,NA,NA,NA,NA,NA,NA,NA,NA,NA,NA,NA,NA,NA,NA,NA,NA,NA,NA,NA,NA,NA,NA,NA,NA,NA
"rep3_balanced_moderate_dense_signed_cross_strong_cp0_05_ifeval_min30_n400_p1000_H10_G3-3-3-3-3-3-3-3-3-3_sep2",3,"n400p1000",400,1000,10,"3-3-3-3-3-3-3-3-3-3","3-3-3-3-3-3-3-3-3-3",59049,TRUE,TRUE,29512731,21272531,29512731,1647750284,1000,2,"viroli_smoke","unequal","ifeval_like",0.45,1.6,1.75,"balanced_moderate_dense_signed_cross","ifeval_min30","block","loadings","strong",1,2,1,2,0.05,"random",47,65,325,94,115,39,44.5,1.459,0.459,0.051,1.50782057986734,1.48608600948927,14.7650171336429,16.5784596097826,10.6250843505581,12.4519826278727,0,0,0,0,0.21,0.354875,0.5575,0.7275,0.8475,77,118,0,393,59049,NA,5,"bayesian_lasso_scale_mixture",TRUE,1e-04,1e-04,0.05,1647750321,TRUE,4,"viroli_laplace_gibbs",0.992991610931352,0.984751781763888,0.989388472903608,0.118244391799163,0.13249739022852,0.985854949814694,0.094893147501839,0.979364464017749,0.146319622050808,NA,NA,0.0662328449782973,NA,314.386,NA,NA,NA,NA,NA,NA,NA,NA,NA,NA,NA,NA,0.0912741474620512,0.0604660215347686,0.0357867029199238,0.999232605222216,0.0180815472441429,0.982584454011425,NA,NA,NA,NA,NA,NA,NA,NA,NA,NA,"skipped_large_K",NA,"skipped_large_K",NA,NA,"skipped_large_K",7.50293198320136,174.7448604998,174.99964434688,17.2620864988768,222.27271764236,7.50293198320136,172.307901224024,85.3419228140833,316.163661531809,76.371947228554,431.233569900291,38.2102076168477,167.00018092027,0.15839946269989,0.0267795324325562,0.0226525068283081,0.00459694862365723,NA,0.000560998916625977,0.0881019830703735,0.00837802886962891,0.00598454475402832,NA,30,1000,NA,2000,NA,NA,NA,"fixed_ifeval_parallel_viroli_laplace_penalty5_rep3_H10_G3_3_3_3_3_3_3_3_3_3",NA,NA,NA,NA,NA,NA,NA,NA,NA,NA,NA,NA,NA,NA,NA,NA,NA,NA,NA,NA,NA,NA,NA,NA,NA,NA,NA,NA,NA,NA,NA,NA,NA,NA,NA,NA,NA,NA,NA,NA,NA,NA,NA,NA,NA,NA,NA,NA,NA,NA,NA,NA,NA,NA,NA,NA,NA,NA,NA
"rep3_balanced_moderate_dense_signed_cross_strong_cp0_05_ifeval_min30_n100_p500_H5_G2-2-2-2-2_sep2",3,"n100p500",100,500,5,"2-2-2-2-2","2-2-2-2-2",32,TRUE,TRUE,22262731,20772531,22262731,1717700616,1000,2,"viroli_smoke","unequal","ifeval_like",0.45,1.6,1.75,"balanced_moderate_dense_signed_cross","ifeval_min30","block","loadings","strong",1,2,1,2,0.05,"random",54,75,206,74,101,14,20,1.214,0.214,0.0535,1.49654645403102,1.52266467329785,12.7524929735405,15.5160542572856,10.7277642446579,13.2362517165556,0,0,0,0,0.16,0.27,0.5,0.74,0.93,25,50,0,26,32,NA,5,"bayesian_lasso_scale_mixture",TRUE,1e-04,1e-04,0.05,1717700653,TRUE,4,"viroli_laplace_gibbs",0.992961672590065,0.961034541807305,0.990345576811005,0.118050363284795,0.172551027169088,0.958466289633799,0.225552375122672,0.920406800118674,0.352949911745702,NA,NA,0.0764280274765766,1,108.688,NA,NA,NA,NA,NA,NA,NA,NA,NA,NA,NA,NA,0.140817976469196,0.0927243270057359,0.0584241734470189,0.991132998965534,NA,0.94765499486621,0.140817976469196,0.0927243270057359,0.991132998965533,NA,0.940936639218366,0.00970842778031579,0.231965167791226,0.0239668315598879,32,26,"axis_sorted_product",0.949123293991507,"alpha+loading+joint_mu+joint_var+joint_weight",0.952227649175509,0.949996697017036,"alpha+loading+joint_mu+joint_weight",12.0675734661831,210.050004433211,213.900570340876,12.0675734661831,138.027151992861,13.7736392537594,223.123162859692,879.561270474143,1000,845.076207790572,944.475900225549,487.322693869482,930.019514407684,0.0545929670333862,0.0034639835357666,0.0118575096130371,0.000935912132263184,NA,0.000280141830444336,0.0336260795593262,0.00140619277954102,0.00170588493347168,NA,10,1000,NA,2000,NA,NA,NA,"fixed_ifeval_parallel_viroli_laplace_penalty5_rep3_H5_G2_2_2_2_2",NA,NA,NA,NA,NA,NA,NA,NA,NA,NA,NA,NA,NA,NA,NA,NA,NA,NA,NA,NA,NA,NA,NA,NA,NA,NA,NA,NA,NA,NA,NA,NA,NA,NA,NA,NA,NA,NA,NA,NA,NA,NA,NA,NA,NA,NA,NA,NA,NA,NA,NA,NA,NA,NA,NA,NA,NA,NA,NA
"rep3_balanced_moderate_dense_signed_cross_strong_cp0_05_ifeval_min30_n200_p500_H5_G2-2-2-2-2_sep2",3,"n200p500",200,500,5,"2-2-2-2-2","2-2-2-2-2",32,TRUE,TRUE,22262731,20772531,22262731,61771667,1000,2,"viroli_smoke","unequal","ifeval_like",0.45,1.6,1.75,"balanced_moderate_dense_signed_cross","ifeval_min30","block","loadings","strong",1,2,1,2,0.05,"random",54,75,206,74,101,14,20,1.214,0.214,0.0535,1.49654645403102,1.52266467329785,12.7524929735405,15.5160542572856,10.7277642446579,13.2362517165556,0,0,0,0,0.165,0.28,0.525,0.755,0.905,62,100,0,30,32,NA,5,"bayesian_lasso_scale_mixture",TRUE,1e-04,1e-04,0.05,61771704,TRUE,4,"viroli_laplace_gibbs",0.993044450252947,0.975424882963277,0.990251677637488,0.11765009135838,0.133437696341445,0.976558137121453,0.158615208081196,0.967231252208607,0.199143524085751,NA,NA,0.0602687310771075,1,128.091,NA,NA,NA,NA,NA,NA,NA,NA,NA,NA,NA,NA,0.0635250263939753,0.0550438535944127,0.0261678323601314,0.99827864508119,NA,0.985868943618095,0.0635250263939753,0.0550438535944127,0.998278645081188,NA,0.984648674588999,0.00418646968124612,0.100836501288864,0.0104976225137699,32,28,"axis_sorted_product",0.976167735869288,"alpha+loading+joint_mu+joint_var+joint_weight",0.975622742498323,0.976270714293312,"alpha+loading+joint_mu+joint_weight",7.86447412273063,180.26952977896,180.87315613117,8.00886387097568,96.7355363243447,7.86447412273063,191.738843846831,934.416143968814,975.518930747501,851.320444182987,983.280320629673,207.485726862928,563.970769855664,0.0630999803543091,0.00667047500610352,0.0147874355316162,0.00141692161560059,NA,0.000285863876342773,0.0349665880203247,0.00223112106323242,0.00153243541717529,NA,10,1000,NA,2000,NA,NA,NA,"fixed_ifeval_parallel_viroli_laplace_penalty5_rep3_H5_G2_2_2_2_2",NA,NA,NA,NA,NA,NA,NA,NA,NA,NA,NA,NA,NA,NA,NA,NA,NA,NA,NA,NA,NA,NA,NA,NA,NA,NA,NA,NA,NA,NA,NA,NA,NA,NA,NA,NA,NA,NA,NA,NA,NA,NA,NA,NA,NA,NA,NA,NA,NA,NA,NA,NA,NA,NA,NA,NA,NA,NA,NA
"rep3_balanced_moderate_dense_signed_cross_strong_cp0_05_ifeval_min30_n400_p500_H5_G2-2-2-2-2_sep2",3,"n400p500",400,500,5,"2-2-2-2-2","2-2-2-2-2",32,TRUE,TRUE,22262731,20772531,22262731,1044879769,1000,2,"viroli_smoke","unequal","ifeval_like",0.45,1.6,1.75,"balanced_moderate_dense_signed_cross","ifeval_min30","block","loadings","strong",1,2,1,2,0.05,"random",54,75,206,74,101,14,20,1.214,0.214,0.0535,1.49654645403102,1.52266467329785,12.7524929735405,15.5160542572856,10.7277642446579,13.2362517165556,0,0,0,0,0.165,0.315,0.52,0.755125,0.8875,135,200,0,32,32,NA,5,"bayesian_lasso_scale_mixture",TRUE,1e-04,1e-04,0.05,1044879806,TRUE,4,"viroli_laplace_gibbs",0.993658872060445,0.98505789652673,0.991295228628388,0.112474664877974,0.119590291825145,0.984904964426315,0.122152142756255,0.977500721719368,0.159326618377217,NA,NA,0.0500845744738593,1,153.327,NA,NA,NA,NA,NA,NA,NA,NA,NA,NA,NA,NA,0.0452774473021778,0.032354499342807,0.0173745126964731,0.999322366990933,NA,0.993636357117481,0.0452774473021778,0.032354499342807,0.999322366990936,NA,0.992951020187124,0.00282218367397803,0.0668387975736251,0.00604444214012788,32,30,"axis_sorted_product",0.985159800390451,"alpha+loading+joint_mu+joint_var+joint_weight",0.984532823843106,0.985131274765231,"alpha+loading+joint_mu+joint_weight",5.92386320279514,168.746048969121,170.139244384028,6.45748342500105,84.1133081913177,5.92386320279514,180.178483085166,957.611034958971,1000,778.806722108973,1000,194.200844339017,346.819130328985,0.0755760669708252,0.0131875276565552,0.0184115171432495,0.00225949287414551,NA,0.000316143035888672,0.0349963903427124,0.00377011299133301,0.00159978866577148,NA,10,1000,NA,2000,NA,NA,NA,"fixed_ifeval_parallel_viroli_laplace_penalty5_rep3_H5_G2_2_2_2_2",NA,NA,NA,NA,NA,NA,NA,NA,NA,NA,NA,NA,NA,NA,NA,NA,NA,NA,NA,NA,NA,NA,NA,NA,NA,NA,NA,NA,NA,NA,NA,NA,NA,NA,NA,NA,NA,NA,NA,NA,NA,NA,NA,NA,NA,NA,NA,NA,NA,NA,NA,NA,NA,NA,NA,NA,NA,NA,NA
"rep3_balanced_moderate_dense_signed_cross_strong_cp0_05_ifeval_min30_n100_p1000_H5_G2-2-2-2-2_sep2",3,"n100p1000",100,1000,5,"2-2-2-2-2","2-2-2-2-2",32,TRUE,TRUE,22262731,20772531,22262731,2023207681,1000,2,"viroli_smoke","unequal","ifeval_like",0.45,1.6,1.75,"balanced_moderate_dense_signed_cross","ifeval_min30","block","loadings","strong",1,2,1,2,0.05,"random",87,139,458,126,190,21,40,1.195,0.195,0.04875,1.49337146230671,1.52593145818473,16.8608751387451,21.0349541452727,13.7871437072219,17.8593077626417,0,0,0,0,0.16,0.2895,0.49,0.76,0.92,27,50,0,26,32,NA,5,"bayesian_lasso_scale_mixture",TRUE,1e-04,1e-04,0.05,2023207718,TRUE,4,"viroli_laplace_gibbs",0.995277424107488,0.954902244202079,0.994711341788273,0.0966990189566282,0.151839908013047,0.956580307094344,0.22839968039156,0.929117550146149,0.350840540299306,NA,NA,0.0770340536109532,1,166.182,NA,NA,NA,NA,NA,NA,NA,NA,NA,NA,NA,NA,0.113524376662456,0.0896423904333507,0.0502495872089351,0.995974114325059,NA,0.979119077460348,0.113524376662456,0.0896423904333507,0.995974114325059,NA,0.972261385144339,0.00925374234859038,0.197105005219451,0.0313251853992854,32,26,"axis_sorted_product",0.946194637168965,"alpha+loading+joint_mu+joint_var+joint_weight",0.951338525795296,0.946655295458475,"alpha+loading+joint_mu+joint_weight",7.74071716191269,218.379568259465,218.553729798853,10.1078697403685,138.949025969601,7.74071716191269,233.145479614867,835.13271085119,1000,790.480222259592,1000,887.292857798006,1000,0.0832549333572388,0.0066070556640625,0.0148160457611084,0.000914096832275391,NA,0.000262975692749023,0.0542274713516235,0.0022118091583252,0.0031740665435791,NA,10,1000,NA,2000,NA,NA,NA,"fixed_ifeval_parallel_viroli_laplace_penalty5_rep3_H5_G2_2_2_2_2",NA,NA,NA,NA,NA,NA,NA,NA,NA,NA,NA,NA,NA,NA,NA,NA,NA,NA,NA,NA,NA,NA,NA,NA,NA,NA,NA,NA,NA,NA,NA,NA,NA,NA,NA,NA,NA,NA,NA,NA,NA,NA,NA,NA,NA,NA,NA,NA,NA,NA,NA,NA,NA,NA,NA,NA,NA,NA,NA
"rep3_balanced_moderate_dense_signed_cross_strong_cp0_05_ifeval_min30_n200_p1000_H5_G2-2-2-2-2_sep2",3,"n200p1000",200,1000,5,"2-2-2-2-2","2-2-2-2-2",32,TRUE,TRUE,22262731,20772531,22262731,1992298362,1000,2,"viroli_smoke","unequal","ifeval_like",0.45,1.6,1.75,"balanced_moderate_dense_signed_cross","ifeval_min30","block","loadings","strong",1,2,1,2,0.05,"random",87,139,458,126,190,21,40,1.195,0.195,0.04875,1.49337146230671,1.52593145818473,16.8608751387451,21.0349541452727,13.7871437072219,17.8593077626417,0,0,0,0,0.18,0.29475,0.52,0.76025,0.895,64,100,0,30,32,NA,5,"bayesian_lasso_scale_mixture",TRUE,1e-04,1e-04,0.05,1992298399,TRUE,4,"viroli_laplace_gibbs",0.995682597610049,0.974679187566213,0.994381522105253,0.0926910500318264,0.110572720821338,0.974751330111177,0.164421142160117,0.956561360335936,0.224417666384628,NA,NA,0.0585468199405407,1,188.376,NA,NA,NA,NA,NA,NA,NA,NA,NA,NA,NA,NA,0.0667236187000791,0.0488873418070363,0.028147651153211,0.998059448367654,NA,0.983011304197612,0.0667236187000791,0.0488873418070363,0.998059448367648,NA,0.981209975485564,0.00452784243634374,0.105712624712907,0.0137520367434465,32,28,"axis_sorted_product",0.972312796515453,"alpha+loading+joint_mu+joint_var+joint_weight",0.97223498008608,0.972331441649707,"alpha+loading+joint_mu+joint_weight",4.78908213469081,189.263710807343,187.012606010022,5.30199712993955,100.542029158868,4.78908213469081,202.912324350353,846.109782448057,929.73118541065,816.406814764816,929.061098495582,409.071088358356,639.151159639569,0.0947030782699585,0.013108491897583,0.0173184871673584,0.00138652324676514,NA,0.000283002853393555,0.054519534111023,0.00384151935577393,0.00324344635009766,NA,10,1000,NA,2000,NA,NA,NA,"fixed_ifeval_parallel_viroli_laplace_penalty5_rep3_H5_G2_2_2_2_2",NA,NA,NA,NA,NA,NA,NA,NA,NA,NA,NA,NA,NA,NA,NA,NA,NA,NA,NA,NA,NA,NA,NA,NA,NA,NA,NA,NA,NA,NA,NA,NA,NA,NA,NA,NA,NA,NA,NA,NA,NA,NA,NA,NA,NA,NA,NA,NA,NA,NA,NA,NA,NA,NA,NA,NA,NA,NA,NA
"rep3_balanced_moderate_dense_signed_cross_strong_cp0_05_ifeval_min30_n400_p1000_H5_G2-2-2-2-2_sep2",3,"n400p1000",400,1000,5,"2-2-2-2-2","2-2-2-2-2",32,TRUE,TRUE,22262731,20772531,22262731,1930479724,1000,2,"viroli_smoke","unequal","ifeval_like",0.45,1.6,1.75,"balanced_moderate_dense_signed_cross","ifeval_min30","block","loadings","strong",1,2,1,2,0.05,"random",87,139,458,126,190,21,40,1.195,0.195,0.04875,1.49337146230671,1.52593145818473,16.8608751387451,21.0349541452727,13.7871437072219,17.8593077626417,0,0,0,0,0.175,0.3025,0.525,0.772625,0.91,131,200,0,32,32,NA,5,"bayesian_lasso_scale_mixture",TRUE,1e-04,1e-04,0.05,1930479761,TRUE,4,"viroli_laplace_gibbs",0.995892169784751,0.986089450302162,0.993889349969214,0.0905269091454184,0.0985326900324049,0.986823356334236,0.116611124063626,0.982028572740585,0.139641193801572,NA,NA,0.045279653530359,1,234.89,NA,NA,NA,NA,NA,NA,NA,NA,NA,NA,NA,NA,0.0406425868043813,0.029266068158561,0.0167485737484471,0.99929096355113,NA,0.993866014799817,0.0406425868043813,0.029266068158561,0.999290963551128,NA,0.993335668669439,0.00267004136468006,0.0620736849606186,0.00605595758910726,32,28,"axis_sorted_product",0.986511774017109,"alpha+loading+joint_mu+joint_var+joint_weight",0.986242371804059,0.986500983902537,"alpha+loading+joint_mu+joint_weight",4.08909377225458,176.520473547984,173.374817550297,5.0527917083607,83.4603513475531,4.08909377225458,190.727304117226,837.876791081636,1000,781.824428621402,1000,234.611086861534,443.146144924545,0.115929961204529,0.0259660482406616,0.0201444625854492,0.00218844413757324,NA,0.000318050384521484,0.055734395980835,0.00707042217254639,0.00325155258178711,NA,10,1000,NA,2000,NA,NA,NA,"fixed_ifeval_parallel_viroli_laplace_penalty5_rep3_H5_G2_2_2_2_2",NA,NA,NA,NA,NA,NA,NA,NA,NA,NA,NA,NA,NA,NA,NA,NA,NA,NA,NA,NA,NA,NA,NA,NA,NA,NA,NA,NA,NA,NA,NA,NA,NA,NA,NA,NA,NA,NA,NA,NA,NA,NA,NA,NA,NA,NA,NA,NA,NA,NA,NA,NA,NA,NA,NA,NA,NA,NA,NA
"rep3_balanced_moderate_dense_signed_cross_strong_cp0_05_ifeval_min30_n100_p500_H5_G3-3-3-3-3_sep2",3,"n100p500",100,500,5,"3-3-3-3-3","3-3-3-3-3",243,TRUE,TRUE,23012731,20772531,23012731,1440112271,1000,2,"viroli_smoke","unequal","ifeval_like",0.45,1.6,1.75,"balanced_moderate_dense_signed_cross","ifeval_min30","block","loadings","strong",1,2,1,2,0.05,"random",54,75,206,74,101,14,20,1.214,0.214,0.0535,1.49654645403102,1.52266467329785,12.7524929735405,15.5160542572856,10.7277642446579,13.2362517165556,0,0,0,0,0.16,0.29,0.57,0.7605,0.9,16,32,0,68,243,NA,5,"bayesian_lasso_scale_mixture",TRUE,1e-04,1e-04,0.05,1440112308,TRUE,4,"viroli_laplace_gibbs",0.987844162655524,0.961945528274614,0.974875536400707,0.155140445861365,0.191557954925817,0.962898813920822,0.193958445120689,0.953491492599547,0.227918272041879,NA,NA,0.0861635584987608,0.287469287469287,108.593,NA,NA,NA,NA,NA,NA,NA,NA,NA,NA,NA,NA,0.407091370438525,0.352316981797073,0.136699921889433,0.992691894077051,0.316993796450816,-0.291419665573899,0.407091370438525,0.352316981797073,0.992691894077062,0.296071372257257,-0.251324824156541,0.00425021399862363,0.720123739095821,0.0274328096164142,243,0,"axis_sorted_product",0.939940964770275,"alpha+loading+joint_mu+joint_var+joint_weight",0.805771574858596,0.910728163387725,"alpha+loading+joint_mu+joint_log_var+joint_weight",21.3979320332949,217.320232655956,215.133279690208,21.8029304247944,224.30253907696,21.3979320332949,217.456858446413,45.1293446983454,135.706722761902,46.2112331919061,175.391577194253,118.893123106533,239.163413419136,0.0542395114898682,0.0034024715423584,0.011730432510376,0.000957012176513672,NA,0.000308036804199219,0.0334594249725342,0.0014030933380127,0.00174045562744141,NA,14,1000,NA,2000,NA,NA,NA,"fixed_ifeval_parallel_viroli_laplace_penalty5_rep3_H5_G3_3_3_3_3",NA,NA,NA,NA,NA,NA,NA,NA,NA,NA,NA,NA,NA,NA,NA,NA,NA,NA,NA,NA,NA,NA,NA,NA,NA,NA,NA,NA,NA,NA,NA,NA,NA,NA,NA,NA,NA,NA,NA,NA,NA,NA,NA,NA,NA,NA,NA,NA,NA,NA,NA,NA,NA,NA,NA,NA,NA,NA,NA
"rep3_balanced_moderate_dense_signed_cross_strong_cp0_05_ifeval_min30_n200_p500_H5_G3-3-3-3-3_sep2",3,"n200p500",200,500,5,"3-3-3-3-3","3-3-3-3-3",243,TRUE,TRUE,23012731,20772531,23012731,1931666322,1000,2,"viroli_smoke","unequal","ifeval_like",0.45,1.6,1.75,"balanced_moderate_dense_signed_cross","ifeval_min30","block","loadings","strong",1,2,1,2,0.05,"random",54,75,206,74,101,14,20,1.214,0.214,0.0535,1.49654645403102,1.52266467329785,12.7524929735405,15.5160542572856,10.7277642446579,13.2362517165556,0,0,0,0,0.125,0.305,0.56,0.755,0.885,39,59,0,111,243,NA,5,"bayesian_lasso_scale_mixture",TRUE,1e-04,1e-04,0.05,1931666359,TRUE,4,"viroli_laplace_gibbs",0.989676079822263,0.979765641282165,0.981657462819069,0.143333879992473,0.18442355568281,0.978980320257848,0.143381336989063,0.971212116564467,0.200450875327043,NA,NA,0.0658493622123731,0.586809619087168,129.189,NA,NA,NA,NA,NA,NA,NA,NA,NA,NA,NA,NA,0.316029299003574,0.235121029304465,0.0975183851517122,0.987223635497005,0.288252980648939,0.722234971704705,0.316029299003574,0.235121029304465,0.987223635497005,0.227932363527399,0.659293645060132,0.0032719913374742,0.523845119855881,0.0233347127879653,243,0,"axis_sorted_product",0.967124431450151,"alpha+loading+joint_mu+joint_var+joint_weight",0.814509707525687,0.945050096383122,"alpha+loading+joint_mu+joint_log_var+joint_weight",5.9021268984253,192.700240089444,189.339153913896,8.50872426265522,223.11492589559,9.48494504838168,190.58685142453,14.7858622926624,29.5117519920678,6.73037925107128,57.2588873986276,5.9021268984253,30.8439213337197,0.0638513565063477,0.00662851333618164,0.0151185989379883,0.00144505500793457,NA,0.000317096710205078,0.0352990627288818,0.0022425651550293,0.00165486335754395,NA,14,1000,NA,2000,NA,NA,NA,"fixed_ifeval_parallel_viroli_laplace_penalty5_rep3_H5_G3_3_3_3_3",NA,NA,NA,NA,NA,NA,NA,NA,NA,NA,NA,NA,NA,NA,NA,NA,NA,NA,NA,NA,NA,NA,NA,NA,NA,NA,NA,NA,NA,NA,NA,NA,NA,NA,NA,NA,NA,NA,NA,NA,NA,NA,NA,NA,NA,NA,NA,NA,NA,NA,NA,NA,NA,NA,NA,NA,NA,NA,NA
"rep3_balanced_moderate_dense_signed_cross_strong_cp0_05_ifeval_min30_n400_p500_H5_G3-3-3-3-3_sep2",3,"n400p500",400,500,5,"3-3-3-3-3","3-3-3-3-3",243,TRUE,TRUE,23012731,20772531,23012731,767291424,1000,2,"viroli_smoke","unequal","ifeval_like",0.45,1.6,1.75,"balanced_moderate_dense_signed_cross","ifeval_min30","block","loadings","strong",1,2,1,2,0.05,"random",54,75,206,74,101,14,20,1.214,0.214,0.0535,1.49654645403102,1.52266467329785,12.7524929735405,15.5160542572856,10.7277642446579,13.2362517165556,0,0,0,0,0.17,0.32475,0.58125,0.75775,0.865,71,126,0,170,243,NA,5,"bayesian_lasso_scale_mixture",TRUE,1e-04,1e-04,0.05,767291461,TRUE,4,"viroli_laplace_gibbs",0.990689937072884,0.990338171964035,0.983523480335994,0.136284905765819,0.149606187292312,0.990758807651547,0.0970994802744765,0.978136925711503,0.159038512240978,NA,NA,0.0553817559973995,0.727724838787569,154.368,NA,NA,NA,NA,NA,NA,NA,NA,NA,NA,NA,NA,0.184063670080024,0.121482266629905,0.0558581569540462,0.990230591966444,0.134456263980998,0.928074481973269,0.184063670080024,0.121482266629905,0.990230591966462,0.101807042194419,0.900909418362952,0.00203048026660967,0.307629531021277,0.0159348434941031,239,8,"axis_sorted_product",0.986848551784266,"alpha+loading+joint_mu+joint_var+joint_weight",0.744821856576283,0.973273652470351,"alpha+loading+joint_mu+joint_log_var+joint_weight",10.7222482451661,178.17595812205,177.72301620689,19.1811959730583,210.49854434886,10.7222482451661,173.87162664148,50.9108306840643,412.570048910537,37.7837477794847,514.870781486878,15.5697068442855,191.562809657428,0.0758315324783325,0.0129745006561279,0.0185325145721436,0.0022890567779541,NA,0.000347137451171875,0.0352070331573486,0.00374293327331543,0.00162196159362793,NA,15,1000,NA,2000,NA,NA,NA,"fixed_ifeval_parallel_viroli_laplace_penalty5_rep3_H5_G3_3_3_3_3",NA,NA,NA,NA,NA,NA,NA,NA,NA,NA,NA,NA,NA,NA,NA,NA,NA,NA,NA,NA,NA,NA,NA,NA,NA,NA,NA,NA,NA,NA,NA,NA,NA,NA,NA,NA,NA,NA,NA,NA,NA,NA,NA,NA,NA,NA,NA,NA,NA,NA,NA,NA,NA,NA,NA,NA,NA,NA,NA
"rep3_balanced_moderate_dense_signed_cross_strong_cp0_05_ifeval_min30_n100_p1000_H5_G3-3-3-3-3_sep2",3,"n100p1000",100,1000,5,"3-3-3-3-3","3-3-3-3-3",243,TRUE,TRUE,23012731,20772531,23012731,1745619336,1000,2,"viroli_smoke","unequal","ifeval_like",0.45,1.6,1.75,"balanced_moderate_dense_signed_cross","ifeval_min30","block","loadings","strong",1,2,1,2,0.05,"random",87,139,458,126,190,21,40,1.195,0.195,0.04875,1.49337146230671,1.52593145818473,16.8608751387451,21.0349541452727,13.7871437072219,17.8593077626417,0,0,0,0,0.15,0.33,0.61,0.8105,0.9,16,33,0,76,243,NA,5,"bayesian_lasso_scale_mixture",TRUE,1e-04,1e-04,0.05,1745619373,TRUE,4,"viroli_laplace_gibbs",0.989301782068345,0.962918524185317,0.981284979399892,0.145541992238242,0.218812414620165,0.965939379478605,0.180872342755267,0.954175957385516,0.237406889841254,NA,NA,0.0785500112706926,0.301199078853331,166.012,NA,NA,NA,NA,NA,NA,NA,NA,NA,NA,NA,NA,0.389178543772027,0.322138408830581,0.140984761412271,0.97071406879695,0.38880399720198,-0.0230642348935852,0.389178543772027,0.32213840883058,0.970714068796964,0.366871683717943,-0.024099556822561,0.00437123217400343,0.729168360970338,0.0275768690715848,243,0,"axis_sorted_product",0.946554269941373,"alpha+loading+joint_mu+joint_var+joint_weight",0.877277620396654,0.90964391103457,"alpha+loading+joint_mu+joint_log_var+joint_weight",13.692864411056,214.594884773351,212.121327917403,15.2671655174318,210.813292010829,13.692864411056,215.317774094659,50.9978923761638,179.198124716166,61.6844154960229,221.155181534933,38.0380939888815,259.813426671359,0.0827463865280151,0.00647616386413574,0.0148900747299194,0.000960826873779297,NA,0.00029599666595459,0.053974986076355,0.00220298767089844,0.0030055046081543,NA,15,1000,NA,2000,NA,NA,NA,"fixed_ifeval_parallel_viroli_laplace_penalty5_rep3_H5_G3_3_3_3_3",NA,NA,NA,NA,NA,NA,NA,NA,NA,NA,NA,NA,NA,NA,NA,NA,NA,NA,NA,NA,NA,NA,NA,NA,NA,NA,NA,NA,NA,NA,NA,NA,NA,NA,NA,NA,NA,NA,NA,NA,NA,NA,NA,NA,NA,NA,NA,NA,NA,NA,NA,NA,NA,NA,NA,NA,NA,NA,NA
"rep3_balanced_moderate_dense_signed_cross_strong_cp0_05_ifeval_min30_n200_p1000_H5_G3-3-3-3-3_sep2",3,"n200p1000",200,1000,5,"3-3-3-3-3","3-3-3-3-3",243,TRUE,TRUE,23012731,20772531,23012731,1714710017,1000,2,"viroli_smoke","unequal","ifeval_like",0.45,1.6,1.75,"balanced_moderate_dense_signed_cross","ifeval_min30","block","loadings","strong",1,2,1,2,0.05,"random",87,139,458,126,190,21,40,1.195,0.195,0.04875,1.49337146230671,1.52593145818473,16.8608751387451,21.0349541452727,13.7871437072219,17.8593077626417,0,0,0,0,0.165,0.315,0.595,0.795,0.895,33,62,0,116,243,NA,5,"bayesian_lasso_scale_mixture",TRUE,1e-04,1e-04,0.05,1714710054,TRUE,4,"viroli_laplace_gibbs",0.99328104136586,0.979616394630065,0.987335321609411,0.115631862745254,0.12049796293746,0.981762577387992,0.140689540140746,0.97703233348796,0.151106822928832,NA,NA,0.0626859770335727,0.469416109232845,187.14,NA,NA,NA,NA,NA,NA,NA,NA,NA,NA,NA,NA,0.227524766344419,0.165618149701461,0.0783877341123797,0.986363994247201,-0.0179751032872811,0.781616491708061,0.227524766344418,0.165618149701461,0.986363994247207,0.0300919707602752,0.725666959655603,0.00273840162278692,0.441658699993135,0.0180630722073851,239,9,"axis_sorted_product",0.978991137549758,"alpha+loading+joint_mu+joint_var+joint_weight",0.795139226975874,0.961401342617722,"alpha+loading+joint_mu+joint_log_var+joint_weight",9.30474257395998,198.957376344883,194.145091206203,11.815777973604,203.390513238951,9.30474257395998,198.291517727887,27.5588714308461,152.336332018387,25.4352062117162,280.856471038626,34.0082509457744,149.476651039736,0.0940840244293213,0.0129594802856445,0.0168606042861938,0.00143337249755859,NA,0.000308990478515625,0.0543171167373657,0.00383210182189941,0.00306868553161621,NA,15,1000,NA,2000,NA,NA,NA,"fixed_ifeval_parallel_viroli_laplace_penalty5_rep3_H5_G3_3_3_3_3",NA,NA,NA,NA,NA,NA,NA,NA,NA,NA,NA,NA,NA,NA,NA,NA,NA,NA,NA,NA,NA,NA,NA,NA,NA,NA,NA,NA,NA,NA,NA,NA,NA,NA,NA,NA,NA,NA,NA,NA,NA,NA,NA,NA,NA,NA,NA,NA,NA,NA,NA,NA,NA,NA,NA,NA,NA,NA,NA
"rep3_balanced_moderate_dense_signed_cross_strong_cp0_05_ifeval_min30_n400_p1000_H5_G3-3-3-3-3_sep2",3,"n400p1000",400,1000,5,"3-3-3-3-3","3-3-3-3-3",243,TRUE,TRUE,23012731,20772531,23012731,1652891379,1000,2,"viroli_smoke","unequal","ifeval_like",0.45,1.6,1.75,"balanced_moderate_dense_signed_cross","ifeval_min30","block","loadings","strong",1,2,1,2,0.05,"random",87,139,458,126,190,21,40,1.195,0.195,0.04875,1.49337146230671,1.52593145818473,16.8608751387451,21.0349541452727,13.7871437072219,17.8593077626417,0,0,0,0,0.1525,0.3175,0.5725,0.757625,0.8775,72,121,0,174,243,NA,5,"bayesian_lasso_scale_mixture",TRUE,1e-04,1e-04,0.05,1652891416,TRUE,4,"viroli_laplace_gibbs",0.994751629773285,0.98900078312815,0.991748582398914,0.102325454322448,0.115775150257016,0.989759175916235,0.0993456021868715,0.985817641723644,0.147124660650468,NA,NA,0.0486718777664704,0.770846980461932,231.756,NA,NA,NA,NA,NA,NA,NA,NA,NA,NA,NA,NA,0.0793518964066992,0.0516837253905337,0.0302578408131698,0.99925606904609,0.22742204503813,0.986396356120973,0.0793518964066992,0.0516837253905338,0.9992560690461,0.15516466334411,0.979065077143949,0.00115988407557014,0.166954971420531,0.00940306097632853,235,13,"axis_sorted_product",0.991858418424764,"alpha+loading+joint_mu+joint_var+joint_weight",0.911295998005722,0.988773914114529,"alpha+loading+joint_mu+joint_log_var+joint_weight",7.89962880309864,191.456989904978,188.479562731886,24.3298861764414,224.807711071298,7.89962880309864,187.876474984225,134.357700189279,558.221590275235,136.345533428271,627.393851594899,72.3925635839603,228.532842095717,0.114585399627686,0.0258350372314453,0.0196895599365234,0.0023040771484375,NA,0.000346899032592773,0.0548291206359863,0.00702452659606934,0.00310897827148438,NA,15,1000,NA,2000,NA,NA,NA,"fixed_ifeval_parallel_viroli_laplace_penalty5_rep3_H5_G3_3_3_3_3",NA,NA,NA,NA,NA,NA,NA,NA,NA,NA,NA,NA,NA,NA,NA,NA,NA,NA,NA,NA,NA,NA,NA,NA,NA,NA,NA,NA,NA,NA,NA,NA,NA,NA,NA,NA,NA,NA,NA,NA,NA,NA,NA,NA,NA,NA,NA,NA,NA,NA,NA,NA,NA,NA,NA,NA,NA,NA,NA
"rep4_balanced_moderate_dense_signed_cross_strong_cp0_05_ifeval_min30_n100_p500_H10_G2-2-2-2-2-2-2-2-2-2_sep2",4,"n100p500",100,500,10,"2-2-2-2-2-2-2-2-2-2","2-2-2-2-2-2-2-2-2-2",1024,TRUE,TRUE,26762731,21272531,26762731,858146867,1000,2,"viroli_smoke","unequal","ifeval_like",0.45,1.6,1.75,"balanced_moderate_dense_signed_cross","ifeval_min30","block","loadings","strong",1,2,1,2,0.05,"random",35,40,114,56,67,17,23.5,1.478,0.478,0.0531111111111111,1.50306956235413,1.48404375325584,11.3609624549555,12.5711687343245,9.14597853706678,9.75326946907888,0,0,0,0,0.22,0.2995,0.515,0.73,0.93,26,50,0,88,1024,NA,5,"bayesian_lasso_scale_mixture",TRUE,1e-04,1e-04,0.05,858146904,TRUE,4,"viroli_laplace_gibbs",0.990092797405334,0.945388226431099,0.987459746102033,0.140058063450262,0.162848998475683,0.944285204250413,0.195360662265165,0.939536771815716,0.247388576306847,NA,NA,0.100063782812338,1,138.974,NA,NA,NA,NA,NA,NA,NA,NA,NA,NA,NA,NA,0.10565072251287,0.103884269237222,0.0382081949394244,0.995917456024198,NA,0.967296768529991,0.10565072251287,0.103884269237222,0.995917456024203,NA,0.958597039311603,0.000325952747421597,0.208449462324896,0.00293064923197261,309,1,"axis_sorted_product",0.984815853475905,"alpha+loading+joint_mu+joint_var+joint_weight",0.976129987289144,0.988320195673658,"alpha+loading+joint_mu+joint_weight",11.5271225860406,199.950609446874,203.698218467196,11.5271225860406,146.469785029875,11.6094843333786,202.209349877588,907.732511632083,1000,855.901253259311,1000,269.551576619674,597.87164378726,0.0700654983520508,0.00341963768005371,0.0112143754959106,0.00153100490570068,NA,0.000401020050048828,0.0477966070175171,0.00159204006195068,0.0030519962310791,NA,20,1000,NA,2000,NA,NA,NA,"fixed_ifeval_parallel_viroli_laplace_penalty5_rep4_H10_G2_2_2_2_2_2_2_2_2_2",NA,NA,NA,NA,NA,NA,NA,NA,NA,NA,NA,NA,NA,NA,NA,NA,NA,NA,NA,NA,NA,NA,NA,NA,NA,NA,NA,NA,NA,NA,NA,NA,NA,NA,NA,NA,NA,NA,NA,NA,NA,NA,NA,NA,NA,NA,NA,NA,NA,NA,NA,NA,NA,NA,NA,NA,NA,NA,NA
"rep4_balanced_moderate_dense_signed_cross_strong_cp0_05_ifeval_min30_n200_p500_H10_G2-2-2-2-2-2-2-2-2-2_sep2",4,"n200p500",200,500,10,"2-2-2-2-2-2-2-2-2-2","2-2-2-2-2-2-2-2-2-2",1024,TRUE,TRUE,26762731,21272531,26762731,1546925348,1000,2,"viroli_smoke","unequal","ifeval_like",0.45,1.6,1.75,"balanced_moderate_dense_signed_cross","ifeval_min30","block","loadings","strong",1,2,1,2,0.05,"random",35,40,114,56,67,17,23.5,1.478,0.478,0.0531111111111111,1.50306956235413,1.48404375325584,11.3609624549555,12.5711687343245,9.14597853706678,9.75326946907888,0,0,0,0,0.215,0.305,0.51,0.705,0.91,62,100,0,169,1024,NA,5,"bayesian_lasso_scale_mixture",TRUE,1e-04,1e-04,0.05,1546925385,TRUE,4,"viroli_laplace_gibbs",0.992035927570552,0.967496704818762,0.990795101475807,0.125890842139534,0.144905619864507,0.966639708036437,0.148024771932247,0.944923856130343,0.228077361905512,NA,NA,0.0808625532829495,1,164.876,NA,NA,NA,NA,NA,NA,NA,NA,NA,NA,NA,NA,0.0769113353067712,0.0652179039075008,0.0312553916988994,0.997528311600953,NA,0.978811077947021,0.076911335306771,0.0652179039075008,0.997528311601023,NA,0.971721734880901,0.000275303255654142,0.16673271615718,0.00180884961829964,318,1,"axis_sorted_product",0.99161824194625,"alpha+loading+joint_mu+joint_var+joint_weight",0.985039071353707,0.992749351063484,"alpha+loading+joint_mu+joint_weight",4.13313328096571,176.289823758918,181.944176989314,4.13313328096571,126.312336334037,4.38817105144635,178.883611137896,828.257454537012,1000,788.439516212635,1000,171.320498349629,317.679216370878,0.0828090906143188,0.00675797462463379,0.0152765512466431,0.00254857540130615,NA,0.000432014465332031,0.0507379770278931,0.00261211395263672,0.00302910804748535,NA,20,1000,NA,2000,NA,NA,NA,"fixed_ifeval_parallel_viroli_laplace_penalty5_rep4_H10_G2_2_2_2_2_2_2_2_2_2",NA,NA,NA,NA,NA,NA,NA,NA,NA,NA,NA,NA,NA,NA,NA,NA,NA,NA,NA,NA,NA,NA,NA,NA,NA,NA,NA,NA,NA,NA,NA,NA,NA,NA,NA,NA,NA,NA,NA,NA,NA,NA,NA,NA,NA,NA,NA,NA,NA,NA,NA,NA,NA,NA,NA,NA,NA,NA,NA
"rep4_balanced_moderate_dense_signed_cross_strong_cp0_05_ifeval_min30_n400_p500_H10_G2-2-2-2-2-2-2-2-2-2_sep2",4,"n400p500",400,500,10,"2-2-2-2-2-2-2-2-2-2","2-2-2-2-2-2-2-2-2-2",1024,TRUE,TRUE,26762731,21272531,26762731,776999310,1000,2,"viroli_smoke","unequal","ifeval_like",0.45,1.6,1.75,"balanced_moderate_dense_signed_cross","ifeval_min30","block","loadings","strong",1,2,1,2,0.05,"random",35,40,114,56,67,17,23.5,1.478,0.478,0.0531111111111111,1.50306956235413,1.48404375325584,11.3609624549555,12.5711687343245,9.14597853706678,9.75326946907888,0,0,0,0,0.235,0.334625,0.50875,0.695125,0.89,125,200,0,287,1024,NA,5,"bayesian_lasso_scale_mixture",TRUE,1e-04,1e-04,0.05,776999347,TRUE,4,"viroli_laplace_gibbs",0.992248252335181,0.981639341396041,0.991027536739912,0.124357294081662,0.136485762653775,0.981261000347769,0.110644393213817,0.966129046455067,0.180803002191258,NA,NA,0.0658695226660991,1,199.45,NA,NA,NA,NA,NA,NA,NA,NA,NA,NA,NA,NA,0.0655547682485824,0.0401491357307195,0.0257002460774843,0.998367058513657,NA,0.985474651151323,0.065554768248582,0.0401491357307195,0.998367058513742,NA,0.981037534243154,0.000225215923218347,0.137074703131659,0.00183144260745441,337,1,"axis_sorted_product",0.995086923400038,"alpha+loading+joint_mu+joint_var+joint_weight",0.991253127259369,0.995648434013403,"alpha+loading+joint_mu+joint_weight",6.20154338893204,168.822294997646,173.359099859889,7.76269800186524,127.388033098096,6.20154338893204,170.713668181515,857.712594898967,1000,842.205583904184,1000,69.268070813969,228.159780084498,0.099526047706604,0.0132753849029541,0.0201065540313721,0.00461411476135254,NA,0.00048518180847168,0.0523149967193604,0.00445997714996338,0.00295162200927734,NA,20,1000,NA,2000,NA,NA,NA,"fixed_ifeval_parallel_viroli_laplace_penalty5_rep4_H10_G2_2_2_2_2_2_2_2_2_2",NA,NA,NA,NA,NA,NA,NA,NA,NA,NA,NA,NA,NA,NA,NA,NA,NA,NA,NA,NA,NA,NA,NA,NA,NA,NA,NA,NA,NA,NA,NA,NA,NA,NA,NA,NA,NA,NA,NA,NA,NA,NA,NA,NA,NA,NA,NA,NA,NA,NA,NA,NA,NA,NA,NA,NA,NA,NA,NA
"rep4_balanced_moderate_dense_signed_cross_strong_cp0_05_ifeval_min30_n100_p1000_H10_G2-2-2-2-2-2-2-2-2-2_sep2",4,"n100p1000",100,1000,10,"2-2-2-2-2-2-2-2-2-2","2-2-2-2-2-2-2-2-2-2",1024,TRUE,TRUE,26762731,21272531,26762731,1572816712,1000,2,"viroli_smoke","unequal","ifeval_like",0.45,1.6,1.75,"balanced_moderate_dense_signed_cross","ifeval_min30","block","loadings","strong",1,2,1,2,0.05,"random",47,65,325,94,115,39,44.5,1.459,0.459,0.051,1.50782057986734,1.48608600948927,14.7650171336429,16.5784596097826,10.6250843505581,12.4519826278727,0,0,0,0,0.16,0.32,0.51,0.73,0.87,26,50,0,88,1024,NA,5,"bayesian_lasso_scale_mixture",TRUE,1e-04,1e-04,0.05,1572816749,TRUE,4,"viroli_laplace_gibbs",0.9934519113904,0.941687411098465,0.990242452483576,0.113864899978039,0.163426201823039,0.944224668116303,0.197564470821117,0.905405436046676,0.308449526376738,NA,NA,0.0965587488973584,1,236.807,NA,NA,NA,NA,NA,NA,NA,NA,NA,NA,NA,NA,0.11460126711784,0.0963136550359018,0.0465564472005828,0.994197000106213,NA,0.955919122419816,0.11460126711784,0.0963136550359019,0.994197000106292,NA,0.941706917946911,0.00041156931572699,0.250359947778635,0.00252444957150544,310,1,"axis_sorted_product",0.977159604100944,"alpha+loading+joint_mu+joint_var+joint_weight",0.963739323792385,0.979842338894422,"alpha+loading+joint_mu+joint_weight",11.9724379602332,214.513462079385,214.257615374884,15.5545037123926,145.919183379128,11.9724379602332,218.663203930786,851.459078400206,993.387396969866,815.901947437328,997.779409246262,308.56278013068,1000,0.118502974510193,0.00675797462463379,0.0149194002151489,0.00158500671386719,NA,0.000400066375732422,0.0850210189819336,0.00264453887939453,0.00572860240936279,NA,20,1000,NA,2000,NA,NA,NA,"fixed_ifeval_parallel_viroli_laplace_penalty5_rep4_H10_G2_2_2_2_2_2_2_2_2_2",NA,NA,NA,NA,NA,NA,NA,NA,NA,NA,NA,NA,NA,NA,NA,NA,NA,NA,NA,NA,NA,NA,NA,NA,NA,NA,NA,NA,NA,NA,NA,NA,NA,NA,NA,NA,NA,NA,NA,NA,NA,NA,NA,NA,NA,NA,NA,NA,NA,NA,NA,NA,NA,NA,NA,NA,NA,NA,NA
"rep4_balanced_moderate_dense_signed_cross_strong_cp0_05_ifeval_min30_n200_p1000_H10_G2-2-2-2-2-2-2-2-2-2_sep2",4,"n200p1000",200,1000,10,"2-2-2-2-2-2-2-2-2-2","2-2-2-2-2-2-2-2-2-2",1024,TRUE,TRUE,26762731,21272531,26762731,1608511723,1000,2,"viroli_smoke","unequal","ifeval_like",0.45,1.6,1.75,"balanced_moderate_dense_signed_cross","ifeval_min30","block","loadings","strong",1,2,1,2,0.05,"random",47,65,325,94,115,39,44.5,1.459,0.459,0.051,1.50782057986734,1.48608600948927,14.7650171336429,16.5784596097826,10.6250843505581,12.4519826278727,0,0,0,0,0.205,0.325,0.52,0.725,0.875,57,100,0,156,1024,NA,5,"bayesian_lasso_scale_mixture",TRUE,1e-04,1e-04,0.05,1608511760,TRUE,4,"viroli_laplace_gibbs",0.994218973386353,0.966834189226464,0.992741629806684,0.107257834031631,0.127377455333444,0.968155145104202,0.148378498216135,0.950018792452884,0.21879829151425,NA,NA,0.0767266314642595,1,264.632,NA,NA,NA,NA,NA,NA,NA,NA,NA,NA,NA,NA,0.0768666327670824,0.0567947531857939,0.0312095793977941,0.997354760309139,NA,0.980890553787609,0.0768666327670816,0.0567947531857939,0.997354760309146,NA,0.97441926794201,0.000281108852554118,0.169799955081715,0.00218517784897129,314,1,"axis_sorted_product",0.988521135426797,"alpha+loading+joint_mu+joint_var+joint_weight",0.98019987960207,0.989169762749181,"alpha+loading+joint_mu+joint_weight",6.03028895993755,194.437815434646,193.375654753746,7.07498184864079,123.082880802789,6.03028895993755,198.504458454826,741.536084775258,971.007604317323,610.93401570745,959.25169597903,260.57077987325,562.290489964598,0.132542610168457,0.0134400129318237,0.0176321268081665,0.00259554386138916,NA,0.000435113906860352,0.0862405300140381,0.00458204746246338,0.00598454475402832,NA,20,1000,NA,2000,NA,NA,NA,"fixed_ifeval_parallel_viroli_laplace_penalty5_rep4_H10_G2_2_2_2_2_2_2_2_2_2",NA,NA,NA,NA,NA,NA,NA,NA,NA,NA,NA,NA,NA,NA,NA,NA,NA,NA,NA,NA,NA,NA,NA,NA,NA,NA,NA,NA,NA,NA,NA,NA,NA,NA,NA,NA,NA,NA,NA,NA,NA,NA,NA,NA,NA,NA,NA,NA,NA,NA,NA,NA,NA,NA,NA,NA,NA,NA,NA
"rep4_balanced_moderate_dense_signed_cross_strong_cp0_05_ifeval_min30_n400_p1000_H10_G2-2-2-2-2-2-2-2-2-2_sep2",4,"n400p1000",400,1000,10,"2-2-2-2-2-2-2-2-2-2","2-2-2-2-2-2-2-2-2-2",1024,TRUE,TRUE,26762731,21272531,26762731,1679901745,1000,2,"viroli_smoke","unequal","ifeval_like",0.45,1.6,1.75,"balanced_moderate_dense_signed_cross","ifeval_min30","block","loadings","strong",1,2,1,2,0.05,"random",47,65,325,94,115,39,44.5,1.459,0.459,0.051,1.50782057986734,1.48608600948927,14.7650171336429,16.5784596097826,10.6250843505581,12.4519826278727,0,0,0,0,0.2025,0.322375,0.5375,0.7325,0.89,122,200,0,274,1024,NA,5,"bayesian_lasso_scale_mixture",TRUE,1e-04,1e-04,0.05,1679901782,TRUE,4,"viroli_laplace_gibbs",0.994546806592391,0.981715690956095,0.992947756007952,0.104303024156443,0.116247853746354,0.983052148865089,0.105838707825246,0.973295359183286,0.152041592392532,NA,NA,0.0617513126470869,1,315.713,NA,NA,NA,NA,NA,NA,NA,NA,NA,NA,NA,NA,0.056048339866685,0.0340094448942286,0.0227876940915998,0.998622822872336,NA,0.98850061379851,0.056048339866685,0.0340094448942285,0.998622822872378,NA,0.985070177180749,0.000197487758212239,0.122283339882913,0.0014521341173421,333,1,"axis_sorted_product",0.994220109124625,"alpha+loading+joint_mu+joint_var+joint_weight",0.989728224642487,0.994464459666752,"alpha+loading+joint_mu+joint_weight",5.81984261525189,175.242031482157,174.908820348814,6.6831914335953,112.191461701733,5.81984261525189,178.795884438022,785.817060078992,972.544239495432,776.986228710419,984.952167980348,150.252932624259,350.708703341351,0.157945990562439,0.0267555713653564,0.0217909812927246,0.00464713573455811,NA,0.000497579574584961,0.0882059335708618,0.00846803188323975,0.00611305236816406,NA,20,1000,NA,2000,NA,NA,NA,"fixed_ifeval_parallel_viroli_laplace_penalty5_rep4_H10_G2_2_2_2_2_2_2_2_2_2",NA,NA,NA,NA,NA,NA,NA,NA,NA,NA,NA,NA,NA,NA,NA,NA,NA,NA,NA,NA,NA,NA,NA,NA,NA,NA,NA,NA,NA,NA,NA,NA,NA,NA,NA,NA,NA,NA,NA,NA,NA,NA,NA,NA,NA,NA,NA,NA,NA,NA,NA,NA,NA,NA,NA,NA,NA,NA,NA
"rep4_balanced_moderate_dense_signed_cross_strong_cp0_05_ifeval_min30_n100_p500_H10_G3-3-3-3-3-3-3-3-3-3_sep2",4,"n100p500",100,500,10,"3-3-3-3-3-3-3-3-3-3","3-3-3-3-3-3-3-3-3-3",59049,TRUE,TRUE,29512731,21272531,29512731,1355424177,1000,2,"viroli_smoke","unequal","ifeval_like",0.45,1.6,1.75,"balanced_moderate_dense_signed_cross","ifeval_min30","block","loadings","strong",1,2,1,2,0.05,"random",35,40,114,56,67,17,23.5,1.478,0.478,0.0531111111111111,1.50306956235413,1.48404375325584,11.3609624549555,12.5711687343245,9.14597853706678,9.75326946907888,0,0,0,0,0.18,0.31,0.555,0.7405,0.86,17,29.5,0,100,59049,NA,5,"bayesian_lasso_scale_mixture",TRUE,1e-04,1e-04,0.05,1355424214,TRUE,4,"viroli_laplace_gibbs",0.983652448682188,0.947942633711488,0.976014987860442,0.179911510496875,0.222411232847841,0.948949241979898,0.18245238852386,0.932116516059896,0.244798002229306,NA,NA,0.11065718617849,NA,142.916,NA,NA,NA,NA,NA,NA,NA,NA,NA,NA,NA,NA,0.419806171921926,0.396397023976211,0.130651067715503,0.991553745695561,0.435065050777798,-0.00309981847736292,NA,NA,NA,NA,NA,NA,NA,NA,NA,NA,"skipped_large_K",NA,"skipped_large_K",NA,NA,"skipped_large_K",11.2952204482315,201.735911414984,199.619238948709,14.6415633543423,213.144939146502,11.2952204482315,201.664915022865,42.4479145966146,117.988673080188,46.9065384135385,163.098540667672,72.6192300511889,188.623038355728,0.0721070766448975,0.00348556041717529,0.0122250318527222,0.00159597396850586,NA,0.000463962554931641,0.0485780239105225,0.00161004066467285,0.00298905372619629,NA,30,1000,NA,2000,NA,NA,NA,"fixed_ifeval_parallel_viroli_laplace_penalty5_rep4_H10_G3_3_3_3_3_3_3_3_3_3",NA,NA,NA,NA,NA,NA,NA,NA,NA,NA,NA,NA,NA,NA,NA,NA,NA,NA,NA,NA,NA,NA,NA,NA,NA,NA,NA,NA,NA,NA,NA,NA,NA,NA,NA,NA,NA,NA,NA,NA,NA,NA,NA,NA,NA,NA,NA,NA,NA,NA,NA,NA,NA,NA,NA,NA,NA,NA,NA
"rep4_balanced_moderate_dense_signed_cross_strong_cp0_05_ifeval_min30_n200_p500_H10_G3-3-3-3-3-3-3-3-3-3_sep2",4,"n200p500",200,500,10,"3-3-3-3-3-3-3-3-3-3","3-3-3-3-3-3-3-3-3-3",59049,TRUE,TRUE,29512731,21272531,29512731,2044202658,1000,2,"viroli_smoke","unequal","ifeval_like",0.45,1.6,1.75,"balanced_moderate_dense_signed_cross","ifeval_min30","block","loadings","strong",1,2,1,2,0.05,"random",35,40,114,56,67,17,23.5,1.478,0.478,0.0531111111111111,1.50306956235413,1.48404375325584,11.3609624549555,12.5711687343245,9.14597853706678,9.75326946907888,0,0,0,0,0.195,0.31975,0.545,0.73,0.88,33,58,0,198,59049,NA,5,"bayesian_lasso_scale_mixture",TRUE,1e-04,1e-04,0.05,2044202695,TRUE,4,"viroli_laplace_gibbs",0.986472528056389,0.97168639184094,0.979803057666422,0.164072146227769,0.191582906749899,0.970501679643816,0.137981500671233,0.967240092395434,0.176302462814291,NA,NA,0.0893850449900396,NA,169.622,NA,NA,NA,NA,NA,NA,NA,NA,NA,NA,NA,NA,0.355470034170207,0.304457193397188,0.115294677491033,0.979092965201314,0.146064836487305,0.399464962279648,NA,NA,NA,NA,NA,NA,NA,NA,NA,NA,"skipped_large_K",NA,"skipped_large_K",NA,NA,"skipped_large_K",6.65305878920091,174.12035178441,175.134186117371,16.5820557934987,212.533275427423,6.65305878920091,173.675801896953,19.6910305060193,58.9802135190204,26.4745144722149,100.473862369984,10.4205789963954,51.5405200080679,0.084539532661438,0.00683188438415527,0.0164004564285278,0.00258302688598633,NA,0.000484943389892578,0.0514739751815796,0.00258302688598633,0.00301754474639893,NA,30,1000,NA,2000,NA,NA,NA,"fixed_ifeval_parallel_viroli_laplace_penalty5_rep4_H10_G3_3_3_3_3_3_3_3_3_3",NA,NA,NA,NA,NA,NA,NA,NA,NA,NA,NA,NA,NA,NA,NA,NA,NA,NA,NA,NA,NA,NA,NA,NA,NA,NA,NA,NA,NA,NA,NA,NA,NA,NA,NA,NA,NA,NA,NA,NA,NA,NA,NA,NA,NA,NA,NA,NA,NA,NA,NA,NA,NA,NA,NA,NA,NA,NA,NA
"rep4_balanced_moderate_dense_signed_cross_strong_cp0_05_ifeval_min30_n400_p500_H10_G3-3-3-3-3-3-3-3-3-3_sep2",4,"n400p500",400,500,10,"3-3-3-3-3-3-3-3-3-3","3-3-3-3-3-3-3-3-3-3",59049,TRUE,TRUE,29512731,21272531,29512731,1274276620,1000,2,"viroli_smoke","unequal","ifeval_like",0.45,1.6,1.75,"balanced_moderate_dense_signed_cross","ifeval_min30","block","loadings","strong",1,2,1,2,0.05,"random",35,40,114,56,67,17,23.5,1.478,0.478,0.0531111111111111,1.50306956235413,1.48404375325584,11.3609624549555,12.5711687343245,9.14597853706678,9.75326946907888,0,0,0,0,0.2,0.30975,0.545,0.722625,0.875,77,113,0,396,59049,NA,5,"bayesian_lasso_scale_mixture",TRUE,1e-04,1e-04,0.05,1274276657,TRUE,4,"viroli_laplace_gibbs",0.988951067937444,0.985380641233432,0.985865626751284,0.148467570414549,0.157598826360409,0.985548298074373,0.097105784240962,0.983946263739927,0.127715542241021,NA,NA,0.0735783723389302,NA,202.751,NA,NA,NA,NA,NA,NA,NA,NA,NA,NA,NA,NA,0.107059919988732,0.0817412331403489,0.0338929067568383,0.998078046493655,-0.353297579741385,0.971263183223078,NA,NA,NA,NA,NA,NA,NA,NA,NA,NA,"skipped_large_K",NA,"skipped_large_K",NA,NA,"skipped_large_K",7.01220029995449,161.611012204706,164.861554257243,20.6769064079737,212.227510551639,7.01220029995449,159.031426731491,28.7172516319812,220.779097348001,38.5168066434879,264.054247118837,40.6467618391219,127.665780523069,0.100366115570068,0.0133069753646851,0.0208760499954224,0.00458550453186035,NA,0.000547885894775391,0.0525375604629517,0.00445890426635742,0.00279009342193604,NA,30,1000,NA,2000,NA,NA,NA,"fixed_ifeval_parallel_viroli_laplace_penalty5_rep4_H10_G3_3_3_3_3_3_3_3_3_3",NA,NA,NA,NA,NA,NA,NA,NA,NA,NA,NA,NA,NA,NA,NA,NA,NA,NA,NA,NA,NA,NA,NA,NA,NA,NA,NA,NA,NA,NA,NA,NA,NA,NA,NA,NA,NA,NA,NA,NA,NA,NA,NA,NA,NA,NA,NA,NA,NA,NA,NA,NA,NA,NA,NA,NA,NA,NA,NA
"rep4_balanced_moderate_dense_signed_cross_strong_cp0_05_ifeval_min30_n100_p1000_H10_G3-3-3-3-3-3-3-3-3-3_sep2",4,"n100p1000",100,1000,10,"3-3-3-3-3-3-3-3-3-3","3-3-3-3-3-3-3-3-3-3",59049,TRUE,TRUE,29512731,21272531,29512731,2070094022,1000,2,"viroli_smoke","unequal","ifeval_like",0.45,1.6,1.75,"balanced_moderate_dense_signed_cross","ifeval_min30","block","loadings","strong",1,2,1,2,0.05,"random",47,65,325,94,115,39,44.5,1.459,0.459,0.051,1.50782057986734,1.48608600948927,14.7650171336429,16.5784596097826,10.6250843505581,12.4519826278727,0,0,0,0,0.16,0.33,0.55,0.72,0.84,14,31,0,100,59049,NA,5,"bayesian_lasso_scale_mixture",TRUE,1e-04,1e-04,0.05,2070094059,TRUE,4,"viroli_laplace_gibbs",0.989551605447408,0.949066026020442,0.984423721057438,0.143832615265563,0.217418196709603,0.948607101794095,0.182938163285169,0.879305244104639,0.345122106744255,NA,NA,0.10419759411067,NA,241.678,NA,NA,NA,NA,NA,NA,NA,NA,NA,NA,NA,NA,0.392037189783616,0.37859329077582,0.117874196116128,0.992480998883866,0.232733533118185,0.32720387451925,NA,NA,NA,NA,NA,NA,NA,NA,NA,NA,"skipped_large_K",NA,"skipped_large_K",NA,NA,"skipped_large_K",15.7693012032662,226.128645917369,224.206787531041,18.3508425292861,245.927402345725,15.7693012032662,225.9161084464,29.7758332279868,111.334524086358,49.72514477571,127.377359287988,29.4431898028709,160.370554702976,0.121129989624023,0.00681447982788086,0.0163280963897705,0.00165605545043945,NA,0.000462055206298828,0.0859479904174805,0.00265693664550781,0.00593554973602295,NA,30,1000,NA,2000,NA,NA,NA,"fixed_ifeval_parallel_viroli_laplace_penalty5_rep4_H10_G3_3_3_3_3_3_3_3_3_3",NA,NA,NA,NA,NA,NA,NA,NA,NA,NA,NA,NA,NA,NA,NA,NA,NA,NA,NA,NA,NA,NA,NA,NA,NA,NA,NA,NA,NA,NA,NA,NA,NA,NA,NA,NA,NA,NA,NA,NA,NA,NA,NA,NA,NA,NA,NA,NA,NA,NA,NA,NA,NA,NA,NA,NA,NA,NA,NA
"rep4_balanced_moderate_dense_signed_cross_strong_cp0_05_ifeval_min30_n200_p1000_H10_G3-3-3-3-3-3-3-3-3-3_sep2",4,"n200p1000",200,1000,10,"3-3-3-3-3-3-3-3-3-3","3-3-3-3-3-3-3-3-3-3",59049,TRUE,TRUE,29512731,21272531,29512731,2105789033,1000,2,"viroli_smoke","unequal","ifeval_like",0.45,1.6,1.75,"balanced_moderate_dense_signed_cross","ifeval_min30","block","loadings","strong",1,2,1,2,0.05,"random",47,65,325,94,115,39,44.5,1.459,0.459,0.051,1.50782057986734,1.48608600948927,14.7650171336429,16.5784596097826,10.6250843505581,12.4519826278727,0,0,0,0,0.19,0.345,0.57,0.75,0.87,26,57,0,199,59049,NA,5,"bayesian_lasso_scale_mixture",TRUE,1e-04,1e-04,0.05,2105789070,TRUE,4,"viroli_laplace_gibbs",0.991966888371667,0.973349467590179,0.987095324454115,0.126435327896844,0.159489549469541,0.974387783665234,0.129368776364369,0.964792894998255,0.175540098044244,NA,NA,0.0806047699107131,NA,268.818,NA,NA,NA,NA,NA,NA,NA,NA,NA,NA,NA,NA,0.262483116930598,0.197976472129254,0.074929002040735,0.98619297284099,-0.00878865406163963,0.822980633681337,NA,NA,NA,NA,NA,NA,NA,NA,NA,NA,"skipped_large_K",NA,"skipped_large_K",NA,NA,"skipped_large_K",7.80236551805797,192.261102118498,189.613284098335,8.30525492805281,218.380068332779,7.80236551805797,191.032234548623,23.7485326204295,65.3643321613425,20.5343061964794,108.559091892385,8.10809951035802,58.9355616318711,0.133538365364075,0.0134519338607788,0.0182245969772339,0.00265157222747803,NA,0.000492095947265625,0.086639404296875,0.00459909439086914,0.00592255592346191,NA,30,1000,NA,2000,NA,NA,NA,"fixed_ifeval_parallel_viroli_laplace_penalty5_rep4_H10_G3_3_3_3_3_3_3_3_3_3",NA,NA,NA,NA,NA,NA,NA,NA,NA,NA,NA,NA,NA,NA,NA,NA,NA,NA,NA,NA,NA,NA,NA,NA,NA,NA,NA,NA,NA,NA,NA,NA,NA,NA,NA,NA,NA,NA,NA,NA,NA,NA,NA,NA,NA,NA,NA,NA,NA,NA,NA,NA,NA,NA,NA,NA,NA,NA,NA
"rep4_balanced_moderate_dense_signed_cross_strong_cp0_05_ifeval_min30_n400_p1000_H10_G3-3-3-3-3-3-3-3-3-3_sep2",4,"n400p1000",400,1000,10,"3-3-3-3-3-3-3-3-3-3","3-3-3-3-3-3-3-3-3-3",59049,TRUE,TRUE,29512731,21272531,29512731,29696055,1000,2,"viroli_smoke","unequal","ifeval_like",0.45,1.6,1.75,"balanced_moderate_dense_signed_cross","ifeval_min30","block","loadings","strong",1,2,1,2,0.05,"random",47,65,325,94,115,39,44.5,1.459,0.459,0.051,1.50782057986734,1.48608600948927,14.7650171336429,16.5784596097826,10.6250843505581,12.4519826278727,0,0,0,0,0.2125,0.344875,0.57,0.755,0.89,69,119.5,0,396,59049,NA,5,"bayesian_lasso_scale_mixture",TRUE,1e-04,1e-04,0.05,29696092,TRUE,4,"viroli_laplace_gibbs",0.992960866590484,0.98403664627214,0.990855917921215,0.118503464725658,0.13553435882424,0.984965358962387,0.0985626296368001,0.974645438129166,0.148994417940299,NA,NA,0.0660721211195845,NA,316.486,NA,NA,NA,NA,NA,NA,NA,NA,NA,NA,NA,NA,0.088095055113105,0.0632864025641481,0.0311976110815265,0.998192456432252,-0.0617811749334712,0.973530825662708,NA,NA,NA,NA,NA,NA,NA,NA,NA,NA,"skipped_large_K",NA,"skipped_large_K",NA,NA,"skipped_large_K",8.05763471110602,175.831145114574,176.324087202296,16.0653338082769,213.428104378118,8.05763471110602,174.037349118046,90.1978263519297,445.458666022798,79.3181277713838,503.013473622606,52.0342209199172,177.51724265381,0.157356977462769,0.0265020132064819,0.022478461265564,0.00458145141601562,NA,0.000557184219360352,0.0879994630813599,0.00836086273193359,0.00564706325531006,NA,30,1000,NA,2000,NA,NA,NA,"fixed_ifeval_parallel_viroli_laplace_penalty5_rep4_H10_G3_3_3_3_3_3_3_3_3_3",NA,NA,NA,NA,NA,NA,NA,NA,NA,NA,NA,NA,NA,NA,NA,NA,NA,NA,NA,NA,NA,NA,NA,NA,NA,NA,NA,NA,NA,NA,NA,NA,NA,NA,NA,NA,NA,NA,NA,NA,NA,NA,NA,NA,NA,NA,NA,NA,NA,NA,NA,NA,NA,NA,NA,NA,NA,NA,NA
"rep4_balanced_moderate_dense_signed_cross_strong_cp0_05_ifeval_min30_n100_p500_H5_G2-2-2-2-2_sep2",4,"n100p500",100,500,5,"2-2-2-2-2","2-2-2-2-2",32,TRUE,TRUE,22262731,20772531,22262731,1963545827,1000,2,"viroli_smoke","unequal","ifeval_like",0.45,1.6,1.75,"balanced_moderate_dense_signed_cross","ifeval_min30","block","loadings","strong",1,2,1,2,0.05,"random",54,75,206,74,101,14,20,1.214,0.214,0.0535,1.49654645403102,1.52266467329785,12.7524929735405,15.5160542572856,10.7277642446579,13.2362517165556,0,0,0,0,0.17,0.3,0.5,0.75,0.96,28,50,0,27,32,NA,5,"bayesian_lasso_scale_mixture",TRUE,1e-04,1e-04,0.05,1963545864,TRUE,4,"viroli_laplace_gibbs",0.993690579648615,0.960050466308559,0.992168881590869,0.111770534112271,0.140703175162912,0.955909470533586,0.225098296636376,0.928042981300232,0.321368859170065,NA,NA,0.077582480763465,1,102.5,NA,NA,NA,NA,NA,NA,NA,NA,NA,NA,NA,NA,0.0982799047900335,0.0918839408531106,0.0396397355921181,0.995833980439431,NA,0.970047845887288,0.0982799047900335,0.0918839408531106,0.99583398043943,NA,0.967119258606739,0.00640059962303529,0.150073863384542,0.019073475924827,32,27,"axis_sorted_product",0.951903523491461,"alpha+loading+joint_mu+joint_var+joint_weight",0.953048102999312,0.952641107301434,"alpha+loading+joint_mu+joint_weight",12.5798382786944,206.652890863772,212.593677359364,15.0224851765104,138.940741369043,12.5798382786944,218.583720894132,869.181095946918,941.533754247801,812.998082175692,921.145348328938,658.834504607313,833.442880811229,0.0512601137161255,0.00327301025390625,0.0109694004058838,0.00086665153503418,NA,0.000259876251220703,0.0320374965667725,0.00132346153259277,0.00161051750183105,NA,10,1000,NA,2000,NA,NA,NA,"fixed_ifeval_parallel_viroli_laplace_penalty5_rep4_H5_G2_2_2_2_2",NA,NA,NA,NA,NA,NA,NA,NA,NA,NA,NA,NA,NA,NA,NA,NA,NA,NA,NA,NA,NA,NA,NA,NA,NA,NA,NA,NA,NA,NA,NA,NA,NA,NA,NA,NA,NA,NA,NA,NA,NA,NA,NA,NA,NA,NA,NA,NA,NA,NA,NA,NA,NA,NA,NA,NA,NA,NA,NA
"rep4_balanced_moderate_dense_signed_cross_strong_cp0_05_ifeval_min30_n200_p500_H5_G2-2-2-2-2_sep2",4,"n200p500",200,500,5,"2-2-2-2-2","2-2-2-2-2",32,TRUE,TRUE,22262731,20772531,22262731,307616878,1000,2,"viroli_smoke","unequal","ifeval_like",0.45,1.6,1.75,"balanced_moderate_dense_signed_cross","ifeval_min30","block","loadings","strong",1,2,1,2,0.05,"random",54,75,206,74,101,14,20,1.214,0.214,0.0535,1.49654645403102,1.52266467329785,12.7524929735405,15.5160542572856,10.7277642446579,13.2362517165556,0,0,0,0,0.235,0.33475,0.51,0.755,0.915,66,100,0,31,32,NA,5,"bayesian_lasso_scale_mixture",TRUE,1e-04,1e-04,0.05,307616915,TRUE,4,"viroli_laplace_gibbs",0.993537507684899,0.976068408562073,0.99072803653055,0.113403525990386,0.142642475348185,0.974841837121165,0.162569267696142,0.961302510125286,0.222741107363523,NA,NA,0.0622974897530491,1,124.663,NA,NA,NA,NA,NA,NA,NA,NA,NA,NA,NA,NA,0.0924971684447879,0.0547999715455971,0.0389952967372801,0.996846759728648,NA,0.965816576441977,0.0924971684447879,0.0547999715455971,0.996846759728648,NA,0.960517929803646,0.00641025252461781,0.169376054261862,0.0175103449144846,32,30,"axis_sorted_product",0.974437022455414,"alpha+loading+joint_mu+joint_var+joint_weight",0.97353247360856,0.974561888127061,"alpha+loading+joint_mu+joint_weight",6.20912781603001,178.177860773741,185.042111454926,8.2355118624642,106.612909781227,6.20912781603001,192.298217107108,885.172190588473,997.649576205367,863.360006930603,1000,233.532680095902,483.330667229008,0.061150074005127,0.00644159317016602,0.0142405033111572,0.00137245655059814,NA,0.000280857086181641,0.0339425802230835,0.00218701362609863,0.00167107582092285,NA,10,1000,NA,2000,NA,NA,NA,"fixed_ifeval_parallel_viroli_laplace_penalty5_rep4_H5_G2_2_2_2_2",NA,NA,NA,NA,NA,NA,NA,NA,NA,NA,NA,NA,NA,NA,NA,NA,NA,NA,NA,NA,NA,NA,NA,NA,NA,NA,NA,NA,NA,NA,NA,NA,NA,NA,NA,NA,NA,NA,NA,NA,NA,NA,NA,NA,NA,NA,NA,NA,NA,NA,NA,NA,NA,NA,NA,NA,NA,NA,NA
"rep4_balanced_moderate_dense_signed_cross_strong_cp0_05_ifeval_min30_n400_p500_H5_G2-2-2-2-2_sep2",4,"n400p500",400,500,5,"2-2-2-2-2","2-2-2-2-2",32,TRUE,TRUE,22262731,20772531,22262731,1290724980,1000,2,"viroli_smoke","unequal","ifeval_like",0.45,1.6,1.75,"balanced_moderate_dense_signed_cross","ifeval_min30","block","loadings","strong",1,2,1,2,0.05,"random",54,75,206,74,101,14,20,1.214,0.214,0.0535,1.49654645403102,1.52266467329785,12.7524929735405,15.5160542572856,10.7277642446579,13.2362517165556,0,0,0,0,0.165,0.305,0.5125,0.75275,0.9,126,200,0,32,32,NA,5,"bayesian_lasso_scale_mixture",TRUE,1e-04,1e-04,0.05,1290725017,TRUE,4,"viroli_laplace_gibbs",0.993555800416019,0.986046619925369,0.991073037990716,0.113385087952701,0.121583820753357,0.985687127284007,0.120932361885435,0.9774396105736,0.165639631472609,NA,NA,0.0492089121887132,1,151.332,NA,NA,NA,NA,NA,NA,NA,NA,NA,NA,NA,NA,0.0494179994119644,0.0339981468689875,0.0204982951130098,0.99891637864225,NA,0.991687088046018,0.0494179994119644,0.0339981468689875,0.998916378642249,NA,0.990892339434774,0.00331219581649727,0.077842948387139,0.00937614118238064,32,27,"axis_sorted_product",0.985384487803003,"alpha+loading+joint_mu+joint_var+joint_weight",0.98504932458319,0.985393407179616,"alpha+loading+joint_mu+joint_weight",4.83513627278881,167.566256716292,170.542413146926,5.69218536816303,89.5742364257339,4.83513627278881,181.969088606996,722.140362343867,913.069785374682,721.386333670759,922.730110229467,254.289619762487,313.976474776703,0.0756421089172363,0.0128049850463867,0.01877760887146,0.00224208831787109,NA,0.000310182571411133,0.035002589225769,0.00376355648040771,0.00167083740234375,NA,10,1000,NA,2000,NA,NA,NA,"fixed_ifeval_parallel_viroli_laplace_penalty5_rep4_H5_G2_2_2_2_2",NA,NA,NA,NA,NA,NA,NA,NA,NA,NA,NA,NA,NA,NA,NA,NA,NA,NA,NA,NA,NA,NA,NA,NA,NA,NA,NA,NA,NA,NA,NA,NA,NA,NA,NA,NA,NA,NA,NA,NA,NA,NA,NA,NA,NA,NA,NA,NA,NA,NA,NA,NA,NA,NA,NA,NA,NA,NA,NA
"rep4_balanced_moderate_dense_signed_cross_strong_cp0_05_ifeval_min30_n100_p1000_H5_G2-2-2-2-2_sep2",4,"n100p1000",100,1000,5,"2-2-2-2-2","2-2-2-2-2",32,TRUE,TRUE,22262731,20772531,22262731,2016685322,1000,2,"viroli_smoke","unequal","ifeval_like",0.45,1.6,1.75,"balanced_moderate_dense_signed_cross","ifeval_min30","block","loadings","strong",1,2,1,2,0.05,"random",87,139,458,126,190,21,40,1.195,0.195,0.04875,1.49337146230671,1.52593145818473,16.8608751387451,21.0349541452727,13.7871437072219,17.8593077626417,0,0,0,0,0.17,0.3,0.54,0.78,0.93,32,50,0,28,32,NA,5,"bayesian_lasso_scale_mixture",TRUE,1e-04,1e-04,0.05,2016685359,TRUE,4,"viroli_laplace_gibbs",0.995067774761044,0.958163939994754,0.994075915722267,0.0988220925356893,0.141676871152572,0.960377503975284,0.21366422440373,0.94484952999165,0.237302483799981,NA,NA,0.076298506632678,1,164.471,NA,NA,NA,NA,NA,NA,NA,NA,NA,NA,NA,NA,0.112263936658364,0.0810885229171969,0.0438599950759786,0.996412155691756,NA,0.958617662119426,0.112263936658364,0.0810885229171969,0.996412155691754,NA,0.953473348720791,0.00717100304678821,0.167752490495228,0.019045975035119,32,30,"axis_sorted_product",0.959003238525186,"alpha+loading+joint_mu+joint_var+joint_weight",0.958099258864141,0.959164749386042,"alpha+loading+joint_mu+joint_weight",8.49226527399481,213.224142314705,208.763559096704,12.6255844957252,122.770340523181,8.49226527399481,225.427319973197,962.556480213006,1000,947.564819177969,999.046597364357,861.708800190294,1000,0.0821930170059204,0.00641107559204102,0.0146335363388062,0.00091397762298584,NA,0.000261068344116211,0.0534794330596924,0.0021979808807373,0.00321853160858154,NA,10,1000,NA,2000,NA,NA,NA,"fixed_ifeval_parallel_viroli_laplace_penalty5_rep4_H5_G2_2_2_2_2",NA,NA,NA,NA,NA,NA,NA,NA,NA,NA,NA,NA,NA,NA,NA,NA,NA,NA,NA,NA,NA,NA,NA,NA,NA,NA,NA,NA,NA,NA,NA,NA,NA,NA,NA,NA,NA,NA,NA,NA,NA,NA,NA,NA,NA,NA,NA,NA,NA,NA,NA,NA,NA,NA,NA,NA,NA,NA,NA
"rep4_balanced_moderate_dense_signed_cross_strong_cp0_05_ifeval_min30_n200_p1000_H5_G2-2-2-2-2_sep2",4,"n200p1000",200,1000,5,"2-2-2-2-2","2-2-2-2-2",32,TRUE,TRUE,22262731,20772531,22262731,1985776003,1000,2,"viroli_smoke","unequal","ifeval_like",0.45,1.6,1.75,"balanced_moderate_dense_signed_cross","ifeval_min30","block","loadings","strong",1,2,1,2,0.05,"random",87,139,458,126,190,21,40,1.195,0.195,0.04875,1.49337146230671,1.52593145818473,16.8608751387451,21.0349541452727,13.7871437072219,17.8593077626417,0,0,0,0,0.175,0.305,0.515,0.77525,0.875,61,100,0,31,32,NA,5,"bayesian_lasso_scale_mixture",TRUE,1e-04,1e-04,0.05,1985776040,TRUE,4,"viroli_laplace_gibbs",0.995832511953297,0.972964902552364,0.994756876872587,0.0910675640002529,0.102457974952592,0.974341035591241,0.165343797583591,0.966322507762299,0.209110245002569,NA,NA,0.0580918771153701,1,185.455,NA,NA,NA,NA,NA,NA,NA,NA,NA,NA,NA,NA,0.061022184316169,0.046192532178264,0.0245746050793179,0.99836603124523,NA,0.987271386374213,0.061022184316169,0.046192532178264,0.99836603124523,NA,0.986367905443499,0.00389690740943147,0.0946191864752221,0.0104463862145524,32,28,"axis_sorted_product",0.973331143868185,"alpha+loading+joint_mu+joint_var+joint_weight",0.973536118856348,0.973345150063536,"alpha+loading+joint_mu+joint_weight",6.11345707184589,189.365501883382,187.475588065335,6.50752757885265,107.744991132033,6.11345707184589,203.133920022047,1000,1000,915.027105102596,1000,308.614905156358,1000,0.092257022857666,0.0126266479492188,0.016513466835022,0.00136101245880127,NA,0.000274181365966797,0.0534764528274536,0.00379252433776855,0.00312042236328125,NA,10,1000,NA,2000,NA,NA,NA,"fixed_ifeval_parallel_viroli_laplace_penalty5_rep4_H5_G2_2_2_2_2",NA,NA,NA,NA,NA,NA,NA,NA,NA,NA,NA,NA,NA,NA,NA,NA,NA,NA,NA,NA,NA,NA,NA,NA,NA,NA,NA,NA,NA,NA,NA,NA,NA,NA,NA,NA,NA,NA,NA,NA,NA,NA,NA,NA,NA,NA,NA,NA,NA,NA,NA,NA,NA,NA,NA,NA,NA,NA,NA
"rep4_balanced_moderate_dense_signed_cross_strong_cp0_05_ifeval_min30_n400_p1000_H5_G2-2-2-2-2_sep2",4,"n400p1000",400,1000,5,"2-2-2-2-2","2-2-2-2-2",32,TRUE,TRUE,22262731,20772531,22262731,1923957365,1000,2,"viroli_smoke","unequal","ifeval_like",0.45,1.6,1.75,"balanced_moderate_dense_signed_cross","ifeval_min30","block","loadings","strong",1,2,1,2,0.05,"random",87,139,458,126,190,21,40,1.195,0.195,0.04875,1.49337146230671,1.52593145818473,16.8608751387451,21.0349541452727,13.7871437072219,17.8593077626417,0,0,0,0,0.1825,0.3275,0.5225,0.765,0.9125,131,200,0,32,32,NA,5,"bayesian_lasso_scale_mixture",TRUE,1e-04,1e-04,0.05,1923957402,TRUE,4,"viroli_laplace_gibbs",0.99596160592418,0.984944995424372,0.994650740547182,0.089758543778628,0.113874119413358,0.984592648436534,0.126977285830246,0.972482113633269,0.178492879263412,NA,NA,0.0460857891784749,1,233.235,NA,NA,NA,NA,NA,NA,NA,NA,NA,NA,NA,NA,0.0760856301771211,0.0287743321576749,0.0327813127088526,0.99784855025372,NA,0.976643854366384,0.076085630177121,0.0287743321576749,0.997848550253723,NA,0.97326915605825,0.00538858212523198,0.139443820777383,0.0130784924903241,32,30,"axis_sorted_product",0.983240908253538,"alpha+loading+joint_mu+joint_var+joint_weight",0.982864606799148,0.983215792719901,"alpha+loading+joint_mu+joint_weight",4.95051533223964,182.061654163579,177.782863952081,6.442146974244,95.6086482980682,4.95051533223964,192.923184689897,917.605946443534,966.770602068239,907.772345826091,976.91945375381,199.286302663873,505.946717803345,0.115749955177307,0.0259274244308472,0.0201550722122192,0.00221991539001465,NA,0.000317096710205078,0.0551279783248901,0.00715947151184082,0.00325489044189453,NA,10,1000,NA,2000,NA,NA,NA,"fixed_ifeval_parallel_viroli_laplace_penalty5_rep4_H5_G2_2_2_2_2",NA,NA,NA,NA,NA,NA,NA,NA,NA,NA,NA,NA,NA,NA,NA,NA,NA,NA,NA,NA,NA,NA,NA,NA,NA,NA,NA,NA,NA,NA,NA,NA,NA,NA,NA,NA,NA,NA,NA,NA,NA,NA,NA,NA,NA,NA,NA,NA,NA,NA,NA,NA,NA,NA,NA,NA,NA,NA,NA
"rep4_balanced_moderate_dense_signed_cross_strong_cp0_05_ifeval_min30_n100_p500_H5_G3-3-3-3-3_sep2",4,"n100p500",100,500,5,"3-3-3-3-3","3-3-3-3-3",243,TRUE,TRUE,23012731,20772531,23012731,1685957482,1000,2,"viroli_smoke","unequal","ifeval_like",0.45,1.6,1.75,"balanced_moderate_dense_signed_cross","ifeval_min30","block","loadings","strong",1,2,1,2,0.05,"random",54,75,206,74,101,14,20,1.214,0.214,0.0535,1.49654645403102,1.52266467329785,12.7524929735405,15.5160542572856,10.7277642446579,13.2362517165556,0,0,0,0,0.18,0.33,0.59,0.78,0.89,14,32,0,73,243,NA,5,"bayesian_lasso_scale_mixture",TRUE,1e-04,1e-04,0.05,1685957519,TRUE,4,"viroli_laplace_gibbs",0.986864154613367,0.961441673655301,0.978465866115461,0.161272979341032,0.208626313310486,0.962794775772127,0.194124481088889,0.946243001593283,0.237703957697589,NA,NA,0.0854825321453654,0.084898044701344,102.556,NA,NA,NA,NA,NA,NA,NA,NA,NA,NA,NA,NA,0.38523289433975,0.348082087335839,0.138155072667997,0.990887531560448,0.302288161495408,-0.13296357388208,0.38523289433975,0.348082087335839,0.990887531560454,0.292855873993122,-0.118486355617111,0.00429354675506354,0.718427623229196,0.0279647892226394,243,0,"axis_sorted_product",0.943926211163498,"alpha+loading+joint_mu+joint_var+joint_weight",0.814780438725238,0.912665551334878,"alpha+loading+joint_mu+joint_log_var+joint_weight",14.0270005714837,224.751630294244,221.694383947122,14.0270005714837,246.213146041136,14.1709593904981,222.145821194016,50.8519352364705,165.537554490962,75.4301547246415,237.411848303767,94.123102103524,208.729341202544,0.0512651205062866,0.00337934494018555,0.0109456777572632,0.000923991203308105,NA,0.000295877456665039,0.0319124460220337,0.00134897232055664,0.00157499313354492,NA,13,1000,NA,2000,NA,NA,NA,"fixed_ifeval_parallel_viroli_laplace_penalty5_rep4_H5_G3_3_3_3_3",NA,NA,NA,NA,NA,NA,NA,NA,NA,NA,NA,NA,NA,NA,NA,NA,NA,NA,NA,NA,NA,NA,NA,NA,NA,NA,NA,NA,NA,NA,NA,NA,NA,NA,NA,NA,NA,NA,NA,NA,NA,NA,NA,NA,NA,NA,NA,NA,NA,NA,NA,NA,NA,NA,NA,NA,NA,NA,NA
"rep4_balanced_moderate_dense_signed_cross_strong_cp0_05_ifeval_min30_n200_p500_H5_G3-3-3-3-3_sep2",4,"n200p500",200,500,5,"3-3-3-3-3","3-3-3-3-3",243,TRUE,TRUE,23012731,20772531,23012731,30028533,1000,2,"viroli_smoke","unequal","ifeval_like",0.45,1.6,1.75,"balanced_moderate_dense_signed_cross","ifeval_min30","block","loadings","strong",1,2,1,2,0.05,"random",54,75,206,74,101,14,20,1.214,0.214,0.0535,1.49654645403102,1.52266467329785,12.7524929735405,15.5160542572856,10.7277642446579,13.2362517165556,0,0,0,0,0.165,0.28975,0.585,0.77025,0.875,28,62,0,115,243,NA,5,"bayesian_lasso_scale_mixture",TRUE,1e-04,1e-04,0.05,30028570,TRUE,4,"viroli_laplace_gibbs",0.989760333626286,0.981091305582938,0.980903893691189,0.142747805880477,0.185300832972151,0.980429760780746,0.13963590033148,0.971069411520509,0.173309956685465,NA,NA,0.066146989064833,0.47754166597492,125.566,NA,NA,NA,NA,NA,NA,NA,NA,NA,NA,NA,NA,0.289922090973893,0.199473697986886,0.0972330978248561,0.982757092996296,0.0937127860101642,0.629506990151997,0.289922090973893,0.199473697986886,0.982757092996301,0.0604342446727595,0.565123270209158,0.00327304184295643,0.534704074559136,0.0216021940476358,243,5,"axis_sorted_product",0.972067549104824,"alpha+loading+joint_mu+joint_var+joint_weight",0.720438646298865,0.949866479148388,"alpha+loading+joint_mu+joint_log_var+joint_weight",9.71544448436222,188.614736276438,186.390444650055,15.1370188950847,205.844230354886,10.8484674746058,187.736121540148,11.1648807188767,82.7428495862504,9.71544448436222,231.805824171667,14.4978298802607,101.043756829874,0.0617469549179077,0.00661563873291016,0.0143740177154541,0.00143551826477051,NA,0.000318050384521484,0.0340836048126221,0.00221705436706543,0.0016789436340332,NA,15,1000,NA,2000,NA,NA,NA,"fixed_ifeval_parallel_viroli_laplace_penalty5_rep4_H5_G3_3_3_3_3",NA,NA,NA,NA,NA,NA,NA,NA,NA,NA,NA,NA,NA,NA,NA,NA,NA,NA,NA,NA,NA,NA,NA,NA,NA,NA,NA,NA,NA,NA,NA,NA,NA,NA,NA,NA,NA,NA,NA,NA,NA,NA,NA,NA,NA,NA,NA,NA,NA,NA,NA,NA,NA,NA,NA,NA,NA,NA,NA
"rep4_balanced_moderate_dense_signed_cross_strong_cp0_05_ifeval_min30_n400_p500_H5_G3-3-3-3-3_sep2",4,"n400p500",400,500,5,"3-3-3-3-3","3-3-3-3-3",243,TRUE,TRUE,23012731,20772531,23012731,1013136635,1000,2,"viroli_smoke","unequal","ifeval_like",0.45,1.6,1.75,"balanced_moderate_dense_signed_cross","ifeval_min30","block","loadings","strong",1,2,1,2,0.05,"random",54,75,206,74,101,14,20,1.214,0.214,0.0535,1.49654645403102,1.52266467329785,12.7524929735405,15.5160542572856,10.7277642446579,13.2362517165556,0,0,0,0,0.1675,0.314875,0.575,0.772625,0.8775,80,126,0,168,243,NA,5,"bayesian_lasso_scale_mixture",TRUE,1e-04,1e-04,0.05,1013136672,TRUE,4,"viroli_laplace_gibbs",0.991877807820915,0.989294921811402,0.986118649549532,0.127294043054944,0.141332775827864,0.990059071295278,0.0979891235758527,0.985429844812868,0.122664642189084,NA,NA,0.0547600516523219,0.737253200905604,154.349,NA,NA,NA,NA,NA,NA,NA,NA,NA,NA,NA,NA,0.105884509430623,0.0642043468742399,0.0424503069009982,0.998412869002763,-0.130239861510415,0.978350369874665,0.105884509430623,0.0642043468742399,0.998412869002775,-0.175977936374277,0.963051507220061,0.00160504289769092,0.224668788337266,0.0138203366891664,239,10,"axis_sorted_product",0.993091308925399,"alpha+loading+joint_mu+joint_var+joint_weight",0.80434384890328,0.983441399442794,"alpha+loading+joint_mu+joint_log_var+joint_weight",10.4701433840448,172.349079223584,171.366279505138,16.4099445092684,190.14453367186,10.4701433840448,170.407053702932,67.6414820256037,299.336907593181,71.1472127134184,409.17950760104,58.0479905062012,189.061547225381,0.0768229961395264,0.0131969451904297,0.0188759565353394,0.00231254100799561,NA,0.00034797191619873,0.0355525016784668,0.00378048419952393,0.00166201591491699,NA,15,1000,NA,2000,NA,NA,NA,"fixed_ifeval_parallel_viroli_laplace_penalty5_rep4_H5_G3_3_3_3_3",NA,NA,NA,NA,NA,NA,NA,NA,NA,NA,NA,NA,NA,NA,NA,NA,NA,NA,NA,NA,NA,NA,NA,NA,NA,NA,NA,NA,NA,NA,NA,NA,NA,NA,NA,NA,NA,NA,NA,NA,NA,NA,NA,NA,NA,NA,NA,NA,NA,NA,NA,NA,NA,NA,NA,NA,NA,NA,NA
"rep4_balanced_moderate_dense_signed_cross_strong_cp0_05_ifeval_min30_n100_p1000_H5_G3-3-3-3-3_sep2",4,"n100p1000",100,1000,5,"3-3-3-3-3","3-3-3-3-3",243,TRUE,TRUE,23012731,20772531,23012731,1739096977,1000,2,"viroli_smoke","unequal","ifeval_like",0.45,1.6,1.75,"balanced_moderate_dense_signed_cross","ifeval_min30","block","loadings","strong",1,2,1,2,0.05,"random",87,139,458,126,190,21,40,1.195,0.195,0.04875,1.49337146230671,1.52593145818473,16.8608751387451,21.0349541452727,13.7871437072219,17.8593077626417,0,0,0,0,0.13,0.3,0.56,0.8,0.91,17,28,0,68,243,NA,5,"bayesian_lasso_scale_mixture",TRUE,1e-04,1e-04,0.05,1739097014,TRUE,4,"viroli_laplace_gibbs",0.991346232314101,0.962441909081566,0.985176357898604,0.130898663163836,0.201114637559903,0.963436163719883,0.196004710985255,0.941478850472142,0.266277836198457,NA,NA,0.0817656820421142,0.249724270041214,166.476,NA,NA,NA,NA,NA,NA,NA,NA,NA,NA,NA,NA,0.396566020468838,0.348048290285759,0.126148002175287,0.9800641445963,0.337630354074552,0.18183928033118,0.396566020468838,0.348048290285759,0.980064144596301,0.322278718710103,0.14976327440891,0.00401100046022586,0.665341380074525,0.0260842068652505,243,0,"axis_sorted_product",0.940303954620949,"alpha+loading+joint_mu+joint_var+joint_weight",0.880029931234621,0.90296790632993,"alpha+loading+joint_mu+joint_log_var+joint_weight",13.6383783682762,232.635873465504,229.055050409595,23.8564580860186,250.737209569401,13.6383783682762,230.715386045719,47.9144160457158,94.3058472549059,63.2422562445525,163.184533631793,28.273856790278,95.9680744926335,0.0831015110015869,0.00661492347717285,0.0150699615478516,0.000959873199462891,NA,0.000301122665405273,0.0539469718933105,0.00221157073974609,0.00308692455291748,NA,15,1000,NA,2000,NA,NA,NA,"fixed_ifeval_parallel_viroli_laplace_penalty5_rep4_H5_G3_3_3_3_3",NA,NA,NA,NA,NA,NA,NA,NA,NA,NA,NA,NA,NA,NA,NA,NA,NA,NA,NA,NA,NA,NA,NA,NA,NA,NA,NA,NA,NA,NA,NA,NA,NA,NA,NA,NA,NA,NA,NA,NA,NA,NA,NA,NA,NA,NA,NA,NA,NA,NA,NA,NA,NA,NA,NA,NA,NA,NA,NA
"rep4_balanced_moderate_dense_signed_cross_strong_cp0_05_ifeval_min30_n200_p1000_H5_G3-3-3-3-3_sep2",4,"n200p1000",200,1000,5,"3-3-3-3-3","3-3-3-3-3",243,TRUE,TRUE,23012731,20772531,23012731,1708187658,1000,2,"viroli_smoke","unequal","ifeval_like",0.45,1.6,1.75,"balanced_moderate_dense_signed_cross","ifeval_min30","block","loadings","strong",1,2,1,2,0.05,"random",87,139,458,126,190,21,40,1.195,0.195,0.04875,1.49337146230671,1.52593145818473,16.8608751387451,21.0349541452727,13.7871437072219,17.8593077626417,0,0,0,0,0.185,0.305,0.58,0.795,0.87,36,57,0,112,243,NA,5,"bayesian_lasso_scale_mixture",TRUE,1e-04,1e-04,0.05,1708187695,TRUE,4,"viroli_laplace_gibbs",0.993248436801219,0.978372881455873,0.987876075160565,0.115912082051757,0.146590790173064,0.980637256366861,0.142670713039427,0.974076729898667,0.170878316623729,NA,NA,0.0618901194878432,0.64769439308157,188.926,NA,NA,NA,NA,NA,NA,NA,NA,NA,NA,NA,NA,0.224070655851073,0.160954585246918,0.0674629370259704,0.990269241560964,0.12292526145785,0.875547491456148,0.224070655851073,0.160954585246918,0.99026924156098,0.109409536878124,0.835887755155439,0.00239879726910409,0.381192154028752,0.0169131349758002,243,7,"axis_sorted_product",0.978404184040635,"alpha+loading+joint_mu+joint_var+joint_weight",0.837706780890286,0.961487379505663,"alpha+loading+joint_mu+joint_log_var+joint_weight",8.16889960790584,204.7318482604,199.10459347616,17.3639692571397,219.239009935667,10.2863716616807,202.99163635541,37.5893891836774,103.85704424264,8.66562174165893,102.643896268056,8.16889960790584,34.6078154308602,0.0943039655685425,0.0130170583724976,0.0172799825668335,0.00141310691833496,NA,0.000309944152832031,0.0544666051864624,0.00379490852355957,0.00306010246276855,NA,15,1000,NA,2000,NA,NA,NA,"fixed_ifeval_parallel_viroli_laplace_penalty5_rep4_H5_G3_3_3_3_3",NA,NA,NA,NA,NA,NA,NA,NA,NA,NA,NA,NA,NA,NA,NA,NA,NA,NA,NA,NA,NA,NA,NA,NA,NA,NA,NA,NA,NA,NA,NA,NA,NA,NA,NA,NA,NA,NA,NA,NA,NA,NA,NA,NA,NA,NA,NA,NA,NA,NA,NA,NA,NA,NA,NA,NA,NA,NA,NA
"rep4_balanced_moderate_dense_signed_cross_strong_cp0_05_ifeval_min30_n400_p1000_H5_G3-3-3-3-3_sep2",4,"n400p1000",400,1000,5,"3-3-3-3-3","3-3-3-3-3",243,TRUE,TRUE,23012731,20772531,23012731,1646369020,1000,2,"viroli_smoke","unequal","ifeval_like",0.45,1.6,1.75,"balanced_moderate_dense_signed_cross","ifeval_min30","block","loadings","strong",1,2,1,2,0.05,"random",87,139,458,126,190,21,40,1.195,0.195,0.04875,1.49337146230671,1.52593145818473,16.8608751387451,21.0349541452727,13.7871437072219,17.8593077626417,0,0,0,0,0.195,0.34,0.57375,0.755125,0.86,59,124,0,159,243,NA,5,"bayesian_lasso_scale_mixture",TRUE,1e-04,1e-04,0.05,1646369057,TRUE,4,"viroli_laplace_gibbs",0.994930968265985,0.98871362911568,0.991993293351078,0.100562012257909,0.12930723119036,0.990047001927902,0.0979963684960056,0.974904820280868,0.178817252044183,NA,NA,0.0485657201090161,0.821739077614775,235.497,NA,NA,NA,NA,NA,NA,NA,NA,NA,NA,NA,NA,0.0973516996523953,0.0804015676396292,0.0343538793410694,0.997576680163892,0.0968788177611251,0.969296035159566,0.097351699652395,0.0804015676396291,0.997576680163906,-0.0153035981812656,0.95981601028703,0.00125940963266799,0.186731129175502,0.00972518290070023,229,13,"axis_sorted_product",0.990024740357441,"alpha+loading+joint_mu+joint_var+joint_weight",0.867664601205908,0.983033600960992,"alpha+loading+joint_mu+joint_log_var+joint_weight",10.7400518280687,190.450984931471,187.460572237895,26.7949309794267,213.152257039233,10.7400518280687,186.968013355442,23.4111647472607,479.348635972298,19.5138303188909,472.105724950078,21.615533951252,263.393946970163,0.118831992149353,0.0265259742736816,0.0213584899902344,0.00240302085876465,NA,0.000350475311279297,0.0562499761581421,0.00717604160308838,0.00332546234130859,NA,15,1000,NA,2000,NA,NA,NA,"fixed_ifeval_parallel_viroli_laplace_penalty5_rep4_H5_G3_3_3_3_3",NA,NA,NA,NA,NA,NA,NA,NA,NA,NA,NA,NA,NA,NA,NA,NA,NA,NA,NA,NA,NA,NA,NA,NA,NA,NA,NA,NA,NA,NA,NA,NA,NA,NA,NA,NA,NA,NA,NA,NA,NA,NA,NA,NA,NA,NA,NA,NA,NA,NA,NA,NA,NA,NA,NA,NA,NA,NA,NA
"rep5_balanced_moderate_dense_signed_cross_strong_cp0_05_ifeval_min30_n100_p500_H10_G2-2-2-2-2-2-2-2-2-2_sep2",5,"n100p500",100,500,10,"2-2-2-2-2-2-2-2-2-2","2-2-2-2-2-2-2-2-2-2",1024,TRUE,TRUE,26762731,21272531,26762731,1239227308,1000,2,"viroli_smoke","unequal","ifeval_like",0.45,1.6,1.75,"balanced_moderate_dense_signed_cross","ifeval_min30","block","loadings","strong",1,2,1,2,0.05,"random",35,40,114,56,67,17,23.5,1.478,0.478,0.0531111111111111,1.50306956235413,1.48404375325584,11.3609624549555,12.5711687343245,9.14597853706678,9.75326946907888,0,0,0,0,0.2,0.29,0.49,0.7,0.85,26,50,0,87,1024,NA,5,"bayesian_lasso_scale_mixture",TRUE,1e-04,1e-04,0.05,1239227345,TRUE,4,"viroli_laplace_gibbs",0.989857969476073,0.945289333009926,0.985674296660971,0.141708222899644,0.168305439798182,0.943415130483795,0.19877649465331,0.917484872723889,0.304682717028753,NA,NA,0.0995421019946785,1,139.945,NA,NA,NA,NA,NA,NA,NA,NA,NA,NA,NA,NA,0.0971121694193631,0.108402355532719,0.0400791161394043,0.996176203737627,NA,0.974578825295728,0.0971121694193633,0.108402355532719,0.996176203737531,NA,0.963188564833755,0.000390773294617471,0.218326309432086,0.00423714575731513,297,2,"axis_sorted_product",0.984836812710304,"alpha+loading+joint_mu+joint_var+joint_weight",0.973477367511764,0.987324075696133,"alpha+loading+joint_mu+joint_weight",8.91311125644603,202.768244366456,208.417817152336,8.91311125644603,160.089493402604,10.6951633008069,205.241148237894,843.44902914114,914.75384648187,785.586062892339,941.803003605178,303.246600830106,562.775845474049,0.0691534280776978,0.0035020112991333,0.0107449293136597,0.00154244899749756,NA,0.000406026840209961,0.047378420829773,0.00160908699035645,0.00301194190979004,NA,20,1000,NA,2000,NA,NA,NA,"fixed_ifeval_parallel_viroli_laplace_penalty5_rep5_H10_G2_2_2_2_2_2_2_2_2_2",NA,NA,NA,NA,NA,NA,NA,NA,NA,NA,NA,NA,NA,NA,NA,NA,NA,NA,NA,NA,NA,NA,NA,NA,NA,NA,NA,NA,NA,NA,NA,NA,NA,NA,NA,NA,NA,NA,NA,NA,NA,NA,NA,NA,NA,NA,NA,NA,NA,NA,NA,NA,NA,NA,NA,NA,NA,NA,NA
"rep5_balanced_moderate_dense_signed_cross_strong_cp0_05_ifeval_min30_n200_p500_H10_G2-2-2-2-2-2-2-2-2-2_sep2",5,"n200p500",200,500,10,"2-2-2-2-2-2-2-2-2-2","2-2-2-2-2-2-2-2-2-2",1024,TRUE,TRUE,26762731,21272531,26762731,1928005789,1000,2,"viroli_smoke","unequal","ifeval_like",0.45,1.6,1.75,"balanced_moderate_dense_signed_cross","ifeval_min30","block","loadings","strong",1,2,1,2,0.05,"random",35,40,114,56,67,17,23.5,1.478,0.478,0.0531111111111111,1.50306956235413,1.48404375325584,11.3609624549555,12.5711687343245,9.14597853706678,9.75326946907888,0,0,0,0,0.235,0.315,0.51,0.7005,0.88,60,100,0,166,1024,NA,5,"bayesian_lasso_scale_mixture",TRUE,1e-04,1e-04,0.05,1928005826,TRUE,4,"viroli_laplace_gibbs",0.991191709087085,0.968211309218494,0.989396407069548,0.132395237515181,0.151390094286175,0.967826796240205,0.145957392891026,0.952239034367109,0.209843954506498,NA,NA,0.0779739748889176,1,162.414,NA,NA,NA,NA,NA,NA,NA,NA,NA,NA,NA,NA,0.0783503338646308,0.0614620118750245,0.0302313730529285,0.997690636921943,NA,0.97949233461244,0.0783503338646313,0.0614620118750245,0.997690636921831,NA,0.973026284543121,0.000263871323648781,0.161998922942285,0.00207656512527438,321,1,"axis_sorted_product",0.991953686185168,"alpha+loading+joint_mu+joint_var+joint_weight",0.985951955717704,0.993184956807712,"alpha+loading+joint_mu+joint_weight",8.58420287987056,179.445311844847,184.591084083347,9.31051249475805,139.270194602586,8.58420287987056,181.629058574563,904.738706066234,1000,884.432770164779,1000,164.37800145593,394.535868512146,0.0810980796813965,0.00679409503936768,0.0146739482879639,0.00249850749969482,NA,0.000427961349487305,0.0498116016387939,0.00260186195373535,0.00284099578857422,NA,20,1000,NA,2000,NA,NA,NA,"fixed_ifeval_parallel_viroli_laplace_penalty5_rep5_H10_G2_2_2_2_2_2_2_2_2_2",NA,NA,NA,NA,NA,NA,NA,NA,NA,NA,NA,NA,NA,NA,NA,NA,NA,NA,NA,NA,NA,NA,NA,NA,NA,NA,NA,NA,NA,NA,NA,NA,NA,NA,NA,NA,NA,NA,NA,NA,NA,NA,NA,NA,NA,NA,NA,NA,NA,NA,NA,NA,NA,NA,NA,NA,NA,NA,NA
"rep5_balanced_moderate_dense_signed_cross_strong_cp0_05_ifeval_min30_n400_p500_H10_G2-2-2-2-2-2-2-2-2-2_sep2",5,"n400p500",400,500,10,"2-2-2-2-2-2-2-2-2-2","2-2-2-2-2-2-2-2-2-2",1024,TRUE,TRUE,26762731,21272531,26762731,1158079751,1000,2,"viroli_smoke","unequal","ifeval_like",0.45,1.6,1.75,"balanced_moderate_dense_signed_cross","ifeval_min30","block","loadings","strong",1,2,1,2,0.05,"random",35,40,114,56,67,17,23.5,1.478,0.478,0.0531111111111111,1.50306956235413,1.48404375325584,11.3609624549555,12.5711687343245,9.14597853706678,9.75326946907888,0,0,0,0,0.21,0.31,0.51,0.715,0.8675,124,200,0,284,1024,NA,5,"bayesian_lasso_scale_mixture",TRUE,1e-04,1e-04,0.05,1158079788,TRUE,4,"viroli_laplace_gibbs",0.991882348604214,0.981282706478744,0.99039129635226,0.127258455650664,0.138068919960004,0.98116927883093,0.110768184846515,0.974982136805702,0.153450557889588,NA,NA,0.0672404775806907,1,180.167,NA,NA,NA,NA,NA,NA,NA,NA,NA,NA,NA,NA,0.0583204689532043,0.0404670519308553,0.0234224468453617,0.998616423054143,NA,0.987735608653297,0.058320468953204,0.0404670519308553,0.998616423054164,NA,0.983744246831586,0.000205065585998978,0.125537216259028,0.0015285121233667,330,1,"axis_sorted_product",0.995578093579697,"alpha+loading+joint_mu+joint_var+joint_weight",0.991780375618237,0.996014115718833,"alpha+loading+joint_mu+joint_weight",6.73993651372746,166.16507869079,169.138906673696,9.86074777937933,119.426133546147,6.73993651372746,167.84822659534,648.428004713103,1000,646.048498405708,1000,111.1465205404,242.310552377815,0.0905238389968872,0.0129795074462891,0.016840934753418,0.00434195995330811,NA,0.000467777252197266,0.0477895736694336,0.0042569637298584,0.00272512435913086,NA,20,1000,NA,2000,NA,NA,NA,"fixed_ifeval_parallel_viroli_laplace_penalty5_rep5_H10_G2_2_2_2_2_2_2_2_2_2",NA,NA,NA,NA,NA,NA,NA,NA,NA,NA,NA,NA,NA,NA,NA,NA,NA,NA,NA,NA,NA,NA,NA,NA,NA,NA,NA,NA,NA,NA,NA,NA,NA,NA,NA,NA,NA,NA,NA,NA,NA,NA,NA,NA,NA,NA,NA,NA,NA,NA,NA,NA,NA,NA,NA,NA,NA,NA,NA
"rep5_balanced_moderate_dense_signed_cross_strong_cp0_05_ifeval_min30_n100_p1000_H10_G2-2-2-2-2-2-2-2-2-2_sep2",5,"n100p1000",100,1000,10,"2-2-2-2-2-2-2-2-2-2","2-2-2-2-2-2-2-2-2-2",1024,TRUE,TRUE,26762731,21272531,26762731,2102245483,1000,2,"viroli_smoke","unequal","ifeval_like",0.45,1.6,1.75,"balanced_moderate_dense_signed_cross","ifeval_min30","block","loadings","strong",1,2,1,2,0.05,"random",47,65,325,94,115,39,44.5,1.459,0.459,0.051,1.50782057986734,1.48608600948927,14.7650171336429,16.5784596097826,10.6250843505581,12.4519826278727,0,0,0,0,0.19,0.31,0.5,0.72,0.89,24,50,0,89,1024,NA,5,"bayesian_lasso_scale_mixture",TRUE,1e-04,1e-04,0.05,2102245520,TRUE,4,"viroli_laplace_gibbs",0.992715041232395,0.942772921243645,0.990636285965785,0.120100867440069,0.153961197065144,0.944341580860346,0.199421928598147,0.911701490048458,0.323504330462239,NA,NA,0.0981517241022373,1,248.607,NA,NA,NA,NA,NA,NA,NA,NA,NA,NA,NA,NA,0.107374799479873,0.10082302073449,0.0423475258384507,0.995034961936962,NA,0.971707265006106,0.107374799479873,0.10082302073449,0.995034961936959,NA,0.960777833100038,0.0004050200644314,0.238807253788933,0.00336140105673534,296,2,"axis_sorted_product",0.976975206525389,"alpha+loading+joint_mu+joint_var+joint_weight",0.963855005988287,0.979430607594545,"alpha+loading+joint_mu+joint_weight",11.3887796672036,216.44372595307,217.58842387018,16.9659148921607,152.718637609594,11.3887796672036,220.764048797372,707.595044266915,946.617489759937,620.082002608453,931.673998460322,569.429053631206,788.9302817466,0.142003893852234,0.00919342041015625,0.0141628980636597,0.00202250480651855,NA,0.000502824783325195,0.10575795173645,0.00342702865600586,0.00590646266937256,NA,20,1000,NA,2000,NA,NA,NA,"fixed_ifeval_parallel_viroli_laplace_penalty5_rep5_H10_G2_2_2_2_2_2_2_2_2_2",NA,NA,NA,NA,NA,NA,NA,NA,NA,NA,NA,NA,NA,NA,NA,NA,NA,NA,NA,NA,NA,NA,NA,NA,NA,NA,NA,NA,NA,NA,NA,NA,NA,NA,NA,NA,NA,NA,NA,NA,NA,NA,NA,NA,NA,NA,NA,NA,NA,NA,NA,NA,NA,NA,NA,NA,NA,NA,NA
"rep5_balanced_moderate_dense_signed_cross_strong_cp0_05_ifeval_min30_n200_p1000_H10_G2-2-2-2-2-2-2-2-2-2_sep2",5,"n200p1000",200,1000,10,"2-2-2-2-2-2-2-2-2-2","2-2-2-2-2-2-2-2-2-2",1024,TRUE,TRUE,26762731,21272531,26762731,2137940494,1000,2,"viroli_smoke","unequal","ifeval_like",0.45,1.6,1.75,"balanced_moderate_dense_signed_cross","ifeval_min30","block","loadings","strong",1,2,1,2,0.05,"random",47,65,325,94,115,39,44.5,1.459,0.459,0.051,1.50782057986734,1.48608600948927,14.7650171336429,16.5784596097826,10.6250843505581,12.4519826278727,0,0,0,0,0.195,0.32,0.545,0.75,0.915,63,100,0,160,1024,NA,5,"bayesian_lasso_scale_mixture",TRUE,1e-04,1e-04,0.05,2137940531,TRUE,4,"viroli_laplace_gibbs",0.994059967619508,0.965984670702028,0.992074037529441,0.108722879087975,0.130720524468445,0.968480556797854,0.146432563730839,0.955568826944074,0.199248419028369,NA,NA,0.0768235438755572,1,326.432,NA,NA,NA,NA,NA,NA,NA,NA,NA,NA,NA,NA,0.0749634967245124,0.0552275214902107,0.030590712395844,0.997866179957354,NA,0.978996039890083,0.0749634967245121,0.0552275214902107,0.99786617995743,NA,0.971733314579025,0.000269939336582622,0.16535770859621,0.00171055916871437,320,1,"axis_sorted_product",0.98913924962903,"alpha+loading+joint_mu+joint_var+joint_weight",0.981050702985223,0.989968990339607,"alpha+loading+joint_mu+joint_weight",6.70579734322945,187.32689227815,185.241599615863,8.07795923881615,117.647633321686,6.70579734322945,191.467450675841,813.777164499423,933.980020076396,801.112819256166,926.70012926516,307.009543657634,498.235783123932,0.162873029708862,0.0182584524154663,0.0189175605773926,0.00332248210906982,NA,0.000550985336303711,0.108925938606262,0.0060274600982666,0.00600254535675049,NA,20,1000,NA,2000,NA,NA,NA,"fixed_ifeval_parallel_viroli_laplace_penalty5_rep5_H10_G2_2_2_2_2_2_2_2_2_2",NA,NA,NA,NA,NA,NA,NA,NA,NA,NA,NA,NA,NA,NA,NA,NA,NA,NA,NA,NA,NA,NA,NA,NA,NA,NA,NA,NA,NA,NA,NA,NA,NA,NA,NA,NA,NA,NA,NA,NA,NA,NA,NA,NA,NA,NA,NA,NA,NA,NA,NA,NA,NA,NA,NA,NA,NA,NA,NA
"rep5_balanced_moderate_dense_signed_cross_strong_cp0_05_ifeval_min30_n400_p1000_H10_G2-2-2-2-2-2-2-2-2-2_sep2",5,"n400p1000",400,1000,10,"2-2-2-2-2-2-2-2-2-2","2-2-2-2-2-2-2-2-2-2",1024,TRUE,TRUE,26762731,21272531,26762731,61847516,1000,2,"viroli_smoke","unequal","ifeval_like",0.45,1.6,1.75,"balanced_moderate_dense_signed_cross","ifeval_min30","block","loadings","strong",1,2,1,2,0.05,"random",47,65,325,94,115,39,44.5,1.459,0.459,0.051,1.50782057986734,1.48608600948927,14.7650171336429,16.5784596097826,10.6250843505581,12.4519826278727,0,0,0,0,0.225,0.334875,0.53,0.72,0.885,126,200,0,280,1024,NA,5,"bayesian_lasso_scale_mixture",TRUE,1e-04,1e-04,0.05,61847553,TRUE,4,"viroli_laplace_gibbs",0.99449701551269,0.980939591260338,0.992272567216575,0.104778118193562,0.120790767340496,0.98191859047252,0.109192016954834,0.968219611019976,0.164310531806597,NA,NA,0.0620965506390927,1,395.609,NA,NA,NA,NA,NA,NA,NA,NA,NA,NA,NA,NA,0.0625751298278528,0.034513394905147,0.0259042138778272,0.998328609754531,NA,0.984980251480216,0.0625751298278524,0.0345133949051469,0.998328609754569,NA,0.980124061348234,0.000226543894401955,0.138684085740098,0.00142831949236296,328,1,"axis_sorted_product",0.99360227557107,"alpha+loading+joint_mu+joint_var+joint_weight",0.988721968503084,0.993890450034251,"alpha+loading+joint_mu+joint_weight",5.07232066120691,176.756096200204,176.134310721277,5.79518029112476,113.115355501056,5.07232066120691,180.307739696384,776.167646239418,971.720430635675,772.267528467344,972.407960442746,159.982249687937,320.087909076768,0.197391510009766,0.0365921258926392,0.0234780311584473,0.00596952438354492,NA,0.000638008117675781,0.111683964729309,0.011133074760437,0.00645804405212402,NA,20,1000,NA,2000,NA,NA,NA,"fixed_ifeval_parallel_viroli_laplace_penalty5_rep5_H10_G2_2_2_2_2_2_2_2_2_2",NA,NA,NA,NA,NA,NA,NA,NA,NA,NA,NA,NA,NA,NA,NA,NA,NA,NA,NA,NA,NA,NA,NA,NA,NA,NA,NA,NA,NA,NA,NA,NA,NA,NA,NA,NA,NA,NA,NA,NA,NA,NA,NA,NA,NA,NA,NA,NA,NA,NA,NA,NA,NA,NA,NA,NA,NA,NA,NA
"rep5_balanced_moderate_dense_signed_cross_strong_cp0_05_ifeval_min30_n100_p500_H10_G3-3-3-3-3-3-3-3-3-3_sep2",5,"n100p500",100,500,10,"3-3-3-3-3-3-3-3-3-3","3-3-3-3-3-3-3-3-3-3",59049,TRUE,TRUE,29512731,21272531,29512731,1736504618,1000,2,"viroli_smoke","unequal","ifeval_like",0.45,1.6,1.75,"balanced_moderate_dense_signed_cross","ifeval_min30","block","loadings","strong",1,2,1,2,0.05,"random",35,40,114,56,67,17,23.5,1.478,0.478,0.0531111111111111,1.50306956235413,1.48404375325584,11.3609624549555,12.5711687343245,9.14597853706678,9.75326946907888,0,0,0,0,0.23,0.33,0.55,0.73,0.83,13,31,0,99,59049,NA,5,"bayesian_lasso_scale_mixture",TRUE,1e-04,1e-04,0.05,1736504655,TRUE,4,"viroli_laplace_gibbs",0.982878196392905,0.949137902383503,0.974354724055644,0.184122706752993,0.235748366466104,0.94847567718699,0.181171789033572,0.926088667570486,0.255898326911702,NA,NA,0.110524184604028,NA,143.526,NA,NA,NA,NA,NA,NA,NA,NA,NA,NA,NA,NA,0.385579073322161,0.353619644077488,0.122186915422289,0.990969830565333,0.44952854147229,0.231415526745213,NA,NA,NA,NA,NA,NA,NA,NA,NA,NA,"skipped_large_K",NA,"skipped_large_K",NA,NA,"skipped_large_K",12.358180472767,206.200533591707,206.222889764766,30.77892917023,220.537569930698,12.358180472767,205.644463412103,70.4369539364592,119.451236882855,71.3402936631392,191.624393534592,24.3152137735273,196.777381423406,0.0719578266143799,0.0035320520401001,0.0119456052780151,0.0016024112701416,NA,0.000471115112304688,0.0486379861831665,0.00162398815155029,0.00307798385620117,NA,29,1000,NA,2000,NA,NA,NA,"fixed_ifeval_parallel_viroli_laplace_penalty5_rep5_H10_G3_3_3_3_3_3_3_3_3_3",NA,NA,NA,NA,NA,NA,NA,NA,NA,NA,NA,NA,NA,NA,NA,NA,NA,NA,NA,NA,NA,NA,NA,NA,NA,NA,NA,NA,NA,NA,NA,NA,NA,NA,NA,NA,NA,NA,NA,NA,NA,NA,NA,NA,NA,NA,NA,NA,NA,NA,NA,NA,NA,NA,NA,NA,NA,NA,NA
"rep5_balanced_moderate_dense_signed_cross_strong_cp0_05_ifeval_min30_n200_p500_H10_G3-3-3-3-3-3-3-3-3-3_sep2",5,"n200p500",200,500,10,"3-3-3-3-3-3-3-3-3-3","3-3-3-3-3-3-3-3-3-3",59049,TRUE,TRUE,29512731,21272531,29512731,277800099,1000,2,"viroli_smoke","unequal","ifeval_like",0.45,1.6,1.75,"balanced_moderate_dense_signed_cross","ifeval_min30","block","loadings","strong",1,2,1,2,0.05,"random",35,40,114,56,67,17,23.5,1.478,0.478,0.0531111111111111,1.50306956235413,1.48404375325584,11.3609624549555,12.5711687343245,9.14597853706678,9.75326946907888,0,0,0,0,0.21,0.3195,0.555,0.76525,0.88,27,60,0,198,59049,NA,5,"bayesian_lasso_scale_mixture",TRUE,1e-04,1e-04,0.05,277800136,TRUE,4,"viroli_laplace_gibbs",0.986270798093175,0.974167708231712,0.98149450145414,0.165290991268678,0.187130976588973,0.973691082472629,0.134188286699406,0.963484080665622,0.184213912182441,NA,NA,0.0869967559445343,NA,159.235,NA,NA,NA,NA,NA,NA,NA,NA,NA,NA,NA,NA,0.351254412578859,0.285768422383434,0.101054555800814,0.975220418328888,0.157225114968773,0.592917172053492,NA,NA,NA,NA,NA,NA,NA,NA,NA,NA,"skipped_large_K",NA,"skipped_large_K",NA,NA,"skipped_large_K",11.012802611666,178.052186529787,175.947589608815,21.6764682042476,194.706431503811,11.012802611666,177.759515227391,19.3573911026255,73.2978002204968,17.407148398545,72.2949391348977,12.912570012159,83.3430429052583,0.0756338834762573,0.00653207302093506,0.0135599374771118,0.00239944458007812,NA,0.000461816787719727,0.0465539693832397,0.0024489164352417,0.00278615951538086,NA,30,1000,NA,2000,NA,NA,NA,"fixed_ifeval_parallel_viroli_laplace_penalty5_rep5_H10_G3_3_3_3_3_3_3_3_3_3",NA,NA,NA,NA,NA,NA,NA,NA,NA,NA,NA,NA,NA,NA,NA,NA,NA,NA,NA,NA,NA,NA,NA,NA,NA,NA,NA,NA,NA,NA,NA,NA,NA,NA,NA,NA,NA,NA,NA,NA,NA,NA,NA,NA,NA,NA,NA,NA,NA,NA,NA,NA,NA,NA,NA,NA,NA,NA,NA
"rep5_balanced_moderate_dense_signed_cross_strong_cp0_05_ifeval_min30_n400_p500_H10_G3-3-3-3-3-3-3-3-3-3_sep2",5,"n400p500",400,500,10,"3-3-3-3-3-3-3-3-3-3","3-3-3-3-3-3-3-3-3-3",59049,TRUE,TRUE,29512731,21272531,29512731,1655357061,1000,2,"viroli_smoke","unequal","ifeval_like",0.45,1.6,1.75,"balanced_moderate_dense_signed_cross","ifeval_min30","block","loadings","strong",1,2,1,2,0.05,"random",35,40,114,56,67,17,23.5,1.478,0.478,0.0531111111111111,1.50306956235413,1.48404375325584,11.3609624549555,12.5711687343245,9.14597853706678,9.75326946907888,0,0,0,0,0.2425,0.3175,0.5375,0.7425,0.865,68,114.5,0,397,59049,NA,5,"bayesian_lasso_scale_mixture",TRUE,1e-04,1e-04,0.05,1655357098,TRUE,4,"viroli_laplace_gibbs",0.988793662120599,0.984505174357271,0.985889363518235,0.149521383318257,0.166155696738224,0.984504450751813,0.100819356916459,0.973223711764499,0.166162868540704,NA,NA,0.0747951365098775,NA,185.314,NA,NA,NA,NA,NA,NA,NA,NA,NA,NA,NA,NA,0.103547094247839,0.086260828078603,0.0317568364376243,0.99830535212832,-0.352571633629932,0.970755753588258,NA,NA,NA,NA,NA,NA,NA,NA,NA,NA,"skipped_large_K",NA,"skipped_large_K",NA,NA,"skipped_large_K",7.49303815930097,161.736470451684,163.358562855774,20.2300517191574,203.45189171703,7.49303815930097,159.275741411273,69.4502860009318,222.24967717716,55.3893870341921,231.006996937837,41.2284968408292,113.311323181685,0.0925745964050293,0.0131490230560303,0.0178924798965454,0.00431454181671143,NA,0.00053095817565918,0.0487359762191772,0.00428950786590576,0.00270462036132812,NA,30,1000,NA,2000,NA,NA,NA,"fixed_ifeval_parallel_viroli_laplace_penalty5_rep5_H10_G3_3_3_3_3_3_3_3_3_3",NA,NA,NA,NA,NA,NA,NA,NA,NA,NA,NA,NA,NA,NA,NA,NA,NA,NA,NA,NA,NA,NA,NA,NA,NA,NA,NA,NA,NA,NA,NA,NA,NA,NA,NA,NA,NA,NA,NA,NA,NA,NA,NA,NA,NA,NA,NA,NA,NA,NA,NA,NA,NA,NA,NA,NA,NA,NA,NA
"rep5_balanced_moderate_dense_signed_cross_strong_cp0_05_ifeval_min30_n100_p1000_H10_G3-3-3-3-3-3-3-3-3-3_sep2",5,"n100p1000",100,1000,10,"3-3-3-3-3-3-3-3-3-3","3-3-3-3-3-3-3-3-3-3",59049,TRUE,TRUE,29512731,21272531,29512731,452039793,1000,2,"viroli_smoke","unequal","ifeval_like",0.45,1.6,1.75,"balanced_moderate_dense_signed_cross","ifeval_min30","block","loadings","strong",1,2,1,2,0.05,"random",47,65,325,94,115,39,44.5,1.459,0.459,0.051,1.50782057986734,1.48608600948927,14.7650171336429,16.5784596097826,10.6250843505581,12.4519826278727,0,0,0,0,0.17,0.34,0.55,0.73,0.88,10,30,0,100,59049,NA,5,"bayesian_lasso_scale_mixture",TRUE,1e-04,1e-04,0.05,452039830,TRUE,4,"viroli_laplace_gibbs",0.989045300629293,0.946692863658453,0.982963178345366,0.147276287140867,0.203789798984002,0.948359624118893,0.182130146002284,0.910488690495476,0.299460574503024,NA,NA,0.103578444142139,NA,274.253,NA,NA,NA,NA,NA,NA,NA,NA,NA,NA,NA,NA,0.396585703719807,0.37829149192244,0.116310053170017,0.9902619257312,0.478109742286579,0.361493615677629,NA,NA,NA,NA,NA,NA,NA,NA,NA,NA,"skipped_large_K",NA,"skipped_large_K",NA,NA,"skipped_large_K",13.5162564753799,220.49767361333,218.396176247476,25.5448157814188,243.958090153305,13.5162564753799,219.639626591606,68.0880857260995,129.850663633189,57.6942622496471,173.931895949215,29.3785836826839,186.615484084826,0.146333575248718,0.00932443141937256,0.0159289836883545,0.0021049976348877,NA,0.000600099563598633,0.107563972473145,0.00344347953796387,0.00645160675048828,NA,29,1000,NA,2000,NA,NA,NA,"fixed_ifeval_parallel_viroli_laplace_penalty5_rep5_H10_G3_3_3_3_3_3_3_3_3_3",NA,NA,NA,NA,NA,NA,NA,NA,NA,NA,NA,NA,NA,NA,NA,NA,NA,NA,NA,NA,NA,NA,NA,NA,NA,NA,NA,NA,NA,NA,NA,NA,NA,NA,NA,NA,NA,NA,NA,NA,NA,NA,NA,NA,NA,NA,NA,NA,NA,NA,NA,NA,NA,NA,NA,NA,NA,NA,NA
"rep5_balanced_moderate_dense_signed_cross_strong_cp0_05_ifeval_min30_n200_p1000_H10_G3-3-3-3-3-3-3-3-3-3_sep2",5,"n200p1000",200,1000,10,"3-3-3-3-3-3-3-3-3-3","3-3-3-3-3-3-3-3-3-3",59049,TRUE,TRUE,29512731,21272531,29512731,487734804,1000,2,"viroli_smoke","unequal","ifeval_like",0.45,1.6,1.75,"balanced_moderate_dense_signed_cross","ifeval_min30","block","loadings","strong",1,2,1,2,0.05,"random",47,65,325,94,115,39,44.5,1.459,0.459,0.051,1.50782057986734,1.48608600948927,14.7650171336429,16.5784596097826,10.6250843505581,12.4519826278727,0,0,0,0,0.22,0.34,0.56,0.76025,0.89,34,59.5,0,199,59049,NA,5,"bayesian_lasso_scale_mixture",TRUE,1e-04,1e-04,0.05,487734841,TRUE,4,"viroli_laplace_gibbs",0.99208881252214,0.972383508565436,0.987014333205537,0.125472160581307,0.173406497001544,0.973592394605191,0.130271674134738,0.950406031815256,0.21185883668014,NA,NA,0.08041709977192,NA,328.732,NA,NA,NA,NA,NA,NA,NA,NA,NA,NA,NA,NA,0.274353313070418,0.191207514911424,0.0890968368937059,0.986104173565178,0.148143575450217,0.709778187163012,NA,NA,NA,NA,NA,NA,NA,NA,NA,NA,"skipped_large_K",NA,"skipped_large_K",NA,NA,"skipped_large_K",8.96560203947982,187.484594963946,186.011613893328,16.9430846211181,203.973939360271,10.0694516508837,186.594724341967,17.3887510965513,122.74387350102,9.61530926652764,210.084065058576,8.96560203947982,149.403852532081,0.164276957511902,0.0184370279312134,0.0192339420318604,0.00342845916748047,NA,0.000632047653198242,0.109191536903381,0.00604152679443359,0.00622761249542236,NA,30,1000,NA,2000,NA,NA,NA,"fixed_ifeval_parallel_viroli_laplace_penalty5_rep5_H10_G3_3_3_3_3_3_3_3_3_3",NA,NA,NA,NA,NA,NA,NA,NA,NA,NA,NA,NA,NA,NA,NA,NA,NA,NA,NA,NA,NA,NA,NA,NA,NA,NA,NA,NA,NA,NA,NA,NA,NA,NA,NA,NA,NA,NA,NA,NA,NA,NA,NA,NA,NA,NA,NA,NA,NA,NA,NA,NA,NA,NA,NA,NA,NA,NA,NA
"rep5_balanced_moderate_dense_signed_cross_strong_cp0_05_ifeval_min30_n400_p1000_H10_G3-3-3-3-3-3-3-3-3-3_sep2",5,"n400p1000",400,1000,10,"3-3-3-3-3-3-3-3-3-3","3-3-3-3-3-3-3-3-3-3",59049,TRUE,TRUE,29512731,21272531,29512731,559124826,1000,2,"viroli_smoke","unequal","ifeval_like",0.45,1.6,1.75,"balanced_moderate_dense_signed_cross","ifeval_min30","block","loadings","strong",1,2,1,2,0.05,"random",47,65,325,94,115,39,44.5,1.459,0.459,0.051,1.50782057986734,1.48608600948927,14.7650171336429,16.5784596097826,10.6250843505581,12.4519826278727,0,0,0,0,0.205,0.362375,0.5675,0.73,0.86,52,128.5,0,395,59049,NA,5,"bayesian_lasso_scale_mixture",TRUE,1e-04,1e-04,0.05,559124863,TRUE,4,"viroli_laplace_gibbs",0.992953931887176,0.985188898176913,0.990686800380236,0.118561823050611,0.134753528154024,0.986430463144853,0.093259017706842,0.971907472620086,0.155931512348761,NA,NA,0.065669148704974,NA,396.686,NA,NA,NA,NA,NA,NA,NA,NA,NA,NA,NA,NA,0.0903800018321362,0.0803718402015502,0.034259040463227,0.998327231318001,-0.167561319730494,0.970879306926639,NA,NA,NA,NA,NA,NA,NA,NA,NA,NA,"skipped_large_K",NA,"skipped_large_K",NA,NA,"skipped_large_K",8.64188819624693,176.780289050659,176.942104293432,13.0949855530057,207.810504612243,8.64188819624693,174.978871728638,33.8849676766397,490.593103004032,27.1855784681093,528.298622369545,27.8294598550904,179.812328092011,0.196956038475037,0.0366475582122803,0.0239715576171875,0.00592708587646484,NA,0.000720024108886719,0.110973834991455,0.0109714269638062,0.00629854202270508,NA,30,1000,NA,2000,NA,NA,NA,"fixed_ifeval_parallel_viroli_laplace_penalty5_rep5_H10_G3_3_3_3_3_3_3_3_3_3",NA,NA,NA,NA,NA,NA,NA,NA,NA,NA,NA,NA,NA,NA,NA,NA,NA,NA,NA,NA,NA,NA,NA,NA,NA,NA,NA,NA,NA,NA,NA,NA,NA,NA,NA,NA,NA,NA,NA,NA,NA,NA,NA,NA,NA,NA,NA,NA,NA,NA,NA,NA,NA,NA,NA,NA,NA,NA,NA
"rep5_balanced_moderate_dense_signed_cross_strong_cp0_05_ifeval_min30_n100_p500_H5_G2-2-2-2-2_sep2",5,"n100p500",100,500,5,"2-2-2-2-2","2-2-2-2-2",32,TRUE,TRUE,22262731,20772531,22262731,61908038,1000,2,"viroli_smoke","unequal","ifeval_like",0.45,1.6,1.75,"balanced_moderate_dense_signed_cross","ifeval_min30","block","loadings","strong",1,2,1,2,0.05,"random",54,75,206,74,101,14,20,1.214,0.214,0.0535,1.49654645403102,1.52266467329785,12.7524929735405,15.5160542572856,10.7277642446579,13.2362517165556,0,0,0,0,0.1,0.2295,0.53,0.77,0.91,23,50,0,27,32,NA,5,"bayesian_lasso_scale_mixture",TRUE,1e-04,1e-04,0.05,61908075,TRUE,4,"viroli_laplace_gibbs",0.992241449135363,0.958426570758427,0.990441116119518,0.123943256016539,0.18342963281227,0.958737394073474,0.221205510703388,0.919987588875787,0.313065025793732,NA,NA,0.0785456976466693,1,103.286,NA,NA,NA,NA,NA,NA,NA,NA,NA,NA,NA,NA,0.170047325032542,0.0998475377362238,0.0682955743342099,0.98637899049489,NA,0.908719644114557,0.170047325032542,0.0998475377362238,0.986378990494888,NA,0.901929166401524,0.0107673249074647,0.258589173678852,0.0281500475789308,32,26,"axis_sorted_product",0.951056192370712,"alpha+loading+joint_mu+joint_var+joint_weight",0.950810225735172,0.951813030642773,"alpha+loading+joint_mu+joint_weight",9.91494925049716,204.82624972194,208.346703080719,16.4630781869035,135.145616407979,9.91494925049716,216.034650252998,874.887686065631,983.306908720753,840.118550252781,987.99092701335,605.300407798805,881.39551370553,0.0514240264892578,0.00328946113586426,0.0110950469970703,0.000895977020263672,NA,0.00026392936706543,0.0319700241088867,0.00135505199432373,0.00156188011169434,NA,10,1000,NA,2000,NA,NA,NA,"fixed_ifeval_parallel_viroli_laplace_penalty5_rep5_H5_G2_2_2_2_2",NA,NA,NA,NA,NA,NA,NA,NA,NA,NA,NA,NA,NA,NA,NA,NA,NA,NA,NA,NA,NA,NA,NA,NA,NA,NA,NA,NA,NA,NA,NA,NA,NA,NA,NA,NA,NA,NA,NA,NA,NA,NA,NA,NA,NA,NA,NA,NA,NA,NA,NA,NA,NA,NA,NA,NA,NA,NA,NA
"rep5_balanced_moderate_dense_signed_cross_strong_cp0_05_ifeval_min30_n200_p500_H5_G2-2-2-2-2_sep2",5,"n200p500",200,500,5,"2-2-2-2-2","2-2-2-2-2",32,TRUE,TRUE,22262731,20772531,22262731,553462089,1000,2,"viroli_smoke","unequal","ifeval_like",0.45,1.6,1.75,"balanced_moderate_dense_signed_cross","ifeval_min30","block","loadings","strong",1,2,1,2,0.05,"random",54,75,206,74,101,14,20,1.214,0.214,0.0535,1.49654645403102,1.52266467329785,12.7524929735405,15.5160542572856,10.7277642446579,13.2362517165556,0,0,0,0,0.15,0.265,0.52,0.755,0.9,58,100,0,31,32,NA,5,"bayesian_lasso_scale_mixture",TRUE,1e-04,1e-04,0.05,553462126,TRUE,4,"viroli_laplace_gibbs",0.993809337192626,0.97538440328559,0.99081105802278,0.110992878089877,0.138030601775296,0.975708275229082,0.159800983285533,0.961140156512781,0.214681887305282,NA,NA,0.0610231106130721,1,126.608,NA,NA,NA,NA,NA,NA,NA,NA,NA,NA,NA,NA,0.0837730109754909,0.0560147426620256,0.0336869577930067,0.997104842808933,NA,0.974496474294669,0.083773010975491,0.0560147426620256,0.997104842808931,NA,0.973081532081971,0.0052857619030925,0.129674150700331,0.0166132232808116,32,28,"axis_sorted_product",0.97455696374025,"alpha+loading+joint_mu+joint_var+joint_weight",0.974006716578969,0.974654280860517,"alpha+loading+joint_mu+joint_weight",7.09002822253967,176.66775328289,178.352282529641,9.0811934121674,102.206461135375,7.09002822253967,186.895502819629,826.925186411195,998.42908265365,756.703731614728,1000,290.321209629178,465.566915834652,0.0629595518112183,0.00651109218597412,0.0150279998779297,0.00139403343200684,NA,0.00027918815612793,0.034772515296936,0.00220584869384766,0.00158250331878662,NA,10,1000,NA,2000,NA,NA,NA,"fixed_ifeval_parallel_viroli_laplace_penalty5_rep5_H5_G2_2_2_2_2",NA,NA,NA,NA,NA,NA,NA,NA,NA,NA,NA,NA,NA,NA,NA,NA,NA,NA,NA,NA,NA,NA,NA,NA,NA,NA,NA,NA,NA,NA,NA,NA,NA,NA,NA,NA,NA,NA,NA,NA,NA,NA,NA,NA,NA,NA,NA,NA,NA,NA,NA,NA,NA,NA,NA,NA,NA,NA,NA
"rep5_balanced_moderate_dense_signed_cross_strong_cp0_05_ifeval_min30_n400_p500_H5_G2-2-2-2-2_sep2",5,"n400p500",400,500,5,"2-2-2-2-2","2-2-2-2-2",32,TRUE,TRUE,22262731,20772531,22262731,1536570191,1000,2,"viroli_smoke","unequal","ifeval_like",0.45,1.6,1.75,"balanced_moderate_dense_signed_cross","ifeval_min30","block","loadings","strong",1,2,1,2,0.05,"random",54,75,206,74,101,14,20,1.214,0.214,0.0535,1.49654645403102,1.52266467329785,12.7524929735405,15.5160542572856,10.7277642446579,13.2362517165556,0,0,0,0,0.135,0.2925,0.5225,0.775125,0.895,129,200,0,32,32,NA,5,"bayesian_lasso_scale_mixture",TRUE,1e-04,1e-04,0.05,1536570228,TRUE,4,"viroli_laplace_gibbs",0.993782252992311,0.985711412573413,0.992962458257432,0.111375065792756,0.122400701047255,0.986273366265564,0.118221525102152,0.978390132792634,0.15732655495553,NA,NA,0.049752359271535,1,157.823,NA,NA,NA,NA,NA,NA,NA,NA,NA,NA,NA,NA,0.0550533362531056,0.0364531283310316,0.0243320360835111,0.998667923220565,NA,0.989010528929713,0.0550533362531056,0.0364531283310316,0.99866792322056,NA,0.987452385771964,0.00403085351161897,0.0932226343251573,0.0150973321202799,32,26,"axis_sorted_product",0.985595763757834,"alpha+loading+joint_mu+joint_var+joint_weight",0.98492812735881,0.985587285806295,"alpha+loading+joint_mu+joint_weight",5.08172430739343,164.279787848732,165.218929270183,5.5686964235022,83.8848631274237,5.08172430739343,174.299471543674,944.784304264707,976.815449195194,935.675852562247,960.754092750626,47.10704587307,276.156376594508,0.0791090726852417,0.0129539966583252,0.0197014808654785,0.00233864784240723,NA,0.000313997268676758,0.0367419719696045,0.00385749340057373,0.0016634464263916,NA,10,1000,NA,2000,NA,NA,NA,"fixed_ifeval_parallel_viroli_laplace_penalty5_rep5_H5_G2_2_2_2_2",NA,NA,NA,NA,NA,NA,NA,NA,NA,NA,NA,NA,NA,NA,NA,NA,NA,NA,NA,NA,NA,NA,NA,NA,NA,NA,NA,NA,NA,NA,NA,NA,NA,NA,NA,NA,NA,NA,NA,NA,NA,NA,NA,NA,NA,NA,NA,NA,NA,NA,NA,NA,NA,NA,NA,NA,NA,NA,NA
"rep5_balanced_moderate_dense_signed_cross_strong_cp0_05_ifeval_min30_n100_p1000_H5_G2-2-2-2-2_sep2",5,"n100p1000",100,1000,5,"2-2-2-2-2","2-2-2-2-2",32,TRUE,TRUE,22262731,20772531,22262731,2010162963,1000,2,"viroli_smoke","unequal","ifeval_like",0.45,1.6,1.75,"balanced_moderate_dense_signed_cross","ifeval_min30","block","loadings","strong",1,2,1,2,0.05,"random",87,139,458,126,190,21,40,1.195,0.195,0.04875,1.49337146230671,1.52593145818473,16.8608751387451,21.0349541452727,13.7871437072219,17.8593077626417,0,0,0,0,0.15,0.27,0.53,0.8,0.92,29,50,0,28,32,NA,5,"bayesian_lasso_scale_mixture",TRUE,1e-04,1e-04,0.05,2010163000,TRUE,4,"viroli_laplace_gibbs",0.995271060855043,0.954688428898383,0.993180734587332,0.096764143705273,0.14690863926278,0.95609578641449,0.228127810627541,0.938541303333476,0.26778342639086,NA,NA,0.0752031226830673,1,164.989,NA,NA,NA,NA,NA,NA,NA,NA,NA,NA,NA,NA,0.113578166007135,0.0874797784624627,0.0497159026510737,0.994398623772837,NA,0.962542930235986,0.113578166007135,0.0874797784624627,0.994398623772837,NA,0.956205725181091,0.00843297135431356,0.196548652244024,0.0283068270346932,32,25,"axis_sorted_product",0.951162294645445,"alpha+loading+joint_mu+joint_var+joint_weight",0.950793590280251,0.951414772086073,"alpha+loading+joint_mu+joint_weight",7.71508307925136,213.161292272786,210.607113521634,7.71508307925136,123.813022825259,8.16323312773906,228.333387623794,975.23427814025,1000,933.622845221874,1000,797.340757110663,1000,0.0810714960098267,0.00641357898712158,0.0140419006347656,0.000911951065063477,NA,0.000262022018432617,0.0529251098632812,0.00220322608947754,0.00322401523590088,NA,10,1000,NA,2000,NA,NA,NA,"fixed_ifeval_parallel_viroli_laplace_penalty5_rep5_H5_G2_2_2_2_2",NA,NA,NA,NA,NA,NA,NA,NA,NA,NA,NA,NA,NA,NA,NA,NA,NA,NA,NA,NA,NA,NA,NA,NA,NA,NA,NA,NA,NA,NA,NA,NA,NA,NA,NA,NA,NA,NA,NA,NA,NA,NA,NA,NA,NA,NA,NA,NA,NA,NA,NA,NA,NA,NA,NA,NA,NA,NA,NA
"rep5_balanced_moderate_dense_signed_cross_strong_cp0_05_ifeval_min30_n200_p1000_H5_G2-2-2-2-2_sep2",5,"n200p1000",200,1000,5,"2-2-2-2-2","2-2-2-2-2",32,TRUE,TRUE,22262731,20772531,22262731,1979253644,1000,2,"viroli_smoke","unequal","ifeval_like",0.45,1.6,1.75,"balanced_moderate_dense_signed_cross","ifeval_min30","block","loadings","strong",1,2,1,2,0.05,"random",87,139,458,126,190,21,40,1.195,0.195,0.04875,1.49337146230671,1.52593145818473,16.8608751387451,21.0349541452727,13.7871437072219,17.8593077626417,0,0,0,0,0.15,0.28,0.5,0.755,0.935,56,100,0,30,32,NA,5,"bayesian_lasso_scale_mixture",TRUE,1e-04,1e-04,0.05,1979253681,TRUE,4,"viroli_laplace_gibbs",0.995416822435989,0.973248452998697,0.993520961280791,0.0955014311535774,0.133211569386248,0.972786307239425,0.17531263245537,0.952634595270718,0.278834640395965,NA,NA,0.0588204813973698,1,189.141,NA,NA,NA,NA,NA,NA,NA,NA,NA,NA,NA,NA,0.0988907516082769,0.0513406742540137,0.0422156898679572,0.996745250290282,NA,0.981643734378811,0.0988907516082769,0.0513406742540137,0.996745250290281,NA,0.977200989109783,0.00752854840926367,0.168594158729678,0.023216738494072,32,26,"axis_sorted_product",0.966728156848835,"alpha+loading+joint_mu+joint_var+joint_weight",0.96941411284543,0.966835381415947,"alpha+loading+joint_mu+joint_weight",5.52479088731746,192.330051853611,194.066138637445,6.95506540323011,109.143466274735,5.52479088731746,207.901656924885,888.79756602307,957.594981430555,859.209296689017,939.026669408177,346.897776877258,742.409045915622,0.0946164131164551,0.0129256248474121,0.0172860622406006,0.00139784812927246,NA,0.000279545783996582,0.0545240640640259,0.00384700298309326,0.00328302383422852,NA,10,1000,NA,2000,NA,NA,NA,"fixed_ifeval_parallel_viroli_laplace_penalty5_rep5_H5_G2_2_2_2_2",NA,NA,NA,NA,NA,NA,NA,NA,NA,NA,NA,NA,NA,NA,NA,NA,NA,NA,NA,NA,NA,NA,NA,NA,NA,NA,NA,NA,NA,NA,NA,NA,NA,NA,NA,NA,NA,NA,NA,NA,NA,NA,NA,NA,NA,NA,NA,NA,NA,NA,NA,NA,NA,NA,NA,NA,NA,NA,NA
"rep5_balanced_moderate_dense_signed_cross_strong_cp0_05_ifeval_min30_n400_p1000_H5_G2-2-2-2-2_sep2",5,"n400p1000",400,1000,5,"2-2-2-2-2","2-2-2-2-2",32,TRUE,TRUE,22262731,20772531,22262731,1917435006,1000,2,"viroli_smoke","unequal","ifeval_like",0.45,1.6,1.75,"balanced_moderate_dense_signed_cross","ifeval_min30","block","loadings","strong",1,2,1,2,0.05,"random",87,139,458,126,190,21,40,1.195,0.195,0.04875,1.49337146230671,1.52593145818473,16.8608751387451,21.0349541452727,13.7871437072219,17.8593077626417,0,0,0,0,0.175,0.3,0.5275,0.7775,0.8925,131,200,0,32,32,NA,5,"bayesian_lasso_scale_mixture",TRUE,1e-04,1e-04,0.05,1917435043,TRUE,4,"viroli_laplace_gibbs",0.996351481912998,0.984640851123352,0.995007796358101,0.0853158460285634,0.092113538279836,0.985089979159511,0.121290640548567,0.979125901446886,0.144882253092623,NA,NA,0.044848315713895,1,237.627,NA,NA,NA,NA,NA,NA,NA,NA,NA,NA,NA,NA,0.0408731743402644,0.0283202058064738,0.0161023602658618,0.999369492722265,NA,0.994282082400272,0.0408731743402644,0.0283202058064738,0.999369492722263,NA,0.993780134265882,0.0025754322263021,0.0621594318832959,0.00716185531466446,32,29,"axis_sorted_product",0.984842896342689,"alpha+loading+joint_mu+joint_var+joint_weight",0.984425701357707,0.98481102228414,"alpha+loading+joint_mu+joint_weight",4.96994426312107,174.010969610769,170.252949686796,5.8401139235165,82.6369713553743,4.96994426312107,187.565938196868,767.260761249736,858.161450896389,746.654417979006,862.117413809944,239.455442348337,579.896984641017,0.116273403167725,0.0262479782104492,0.019852876663208,0.00222992897033691,NA,0.000321149826049805,0.0554729700088501,0.00717496871948242,0.00331950187683105,NA,10,1000,NA,2000,NA,NA,NA,"fixed_ifeval_parallel_viroli_laplace_penalty5_rep5_H5_G2_2_2_2_2",NA,NA,NA,NA,NA,NA,NA,NA,NA,NA,NA,NA,NA,NA,NA,NA,NA,NA,NA,NA,NA,NA,NA,NA,NA,NA,NA,NA,NA,NA,NA,NA,NA,NA,NA,NA,NA,NA,NA,NA,NA,NA,NA,NA,NA,NA,NA,NA,NA,NA,NA,NA,NA,NA,NA,NA,NA,NA,NA
"rep5_balanced_moderate_dense_signed_cross_strong_cp0_05_ifeval_min30_n100_p500_H5_G3-3-3-3-3_sep2",5,"n100p500",100,500,5,"3-3-3-3-3","3-3-3-3-3",243,TRUE,TRUE,23012731,20772531,23012731,1931802693,1000,2,"viroli_smoke","unequal","ifeval_like",0.45,1.6,1.75,"balanced_moderate_dense_signed_cross","ifeval_min30","block","loadings","strong",1,2,1,2,0.05,"random",54,75,206,74,101,14,20,1.214,0.214,0.0535,1.49654645403102,1.52266467329785,12.7524929735405,15.5160542572856,10.7277642446579,13.2362517165556,0,0,0,0,0.08,0.31,0.59,0.7705,0.9,19,35,0,80,243,NA,5,"bayesian_lasso_scale_mixture",TRUE,1e-04,1e-04,0.05,1931802730,TRUE,4,"viroli_laplace_gibbs",0.987566922460741,0.964208631057729,0.973055813438773,0.156899628832363,0.216999736189423,0.966105337432993,0.179891122436369,0.954060145713242,0.216239931929424,NA,NA,0.0811373810140687,0.241279256286136,105.165,NA,NA,NA,NA,NA,NA,NA,NA,NA,NA,NA,NA,0.377099168474769,0.330676646118305,0.140187823304517,0.982770322171773,0.575520937482899,-0.0579674235711505,0.377099168474769,0.330676646118305,0.982770322171776,0.569726061764584,-0.0542627077712019,0.00435622284133616,0.72214126328585,0.0279654515026417,243,1,"axis_sorted_product",0.946228534606337,"alpha+loading+joint_mu+joint_var+joint_weight",0.86429787210155,0.915062498358578,"alpha+loading+joint_mu+joint_log_var+joint_weight",15.7565453877021,207.681867415144,205.278080654302,15.7565453877021,217.106471179626,18.0762017964243,206.603711623595,33.0167065186167,154.42944891315,59.5866813319264,183.317267186904,81.473072755588,261.546272309957,0.0528839826583862,0.0033879280090332,0.011320948600769,0.000944852828979492,NA,0.000303983688354492,0.0327873229980469,0.00136899948120117,0.00168395042419434,NA,14,1000,NA,2000,NA,NA,NA,"fixed_ifeval_parallel_viroli_laplace_penalty5_rep5_H5_G3_3_3_3_3",NA,NA,NA,NA,NA,NA,NA,NA,NA,NA,NA,NA,NA,NA,NA,NA,NA,NA,NA,NA,NA,NA,NA,NA,NA,NA,NA,NA,NA,NA,NA,NA,NA,NA,NA,NA,NA,NA,NA,NA,NA,NA,NA,NA,NA,NA,NA,NA,NA,NA,NA,NA,NA,NA,NA,NA,NA,NA,NA
"rep5_balanced_moderate_dense_signed_cross_strong_cp0_05_ifeval_min30_n200_p500_H5_G3-3-3-3-3_sep2",5,"n200p500",200,500,5,"3-3-3-3-3","3-3-3-3-3",243,TRUE,TRUE,23012731,20772531,23012731,275873744,1000,2,"viroli_smoke","unequal","ifeval_like",0.45,1.6,1.75,"balanced_moderate_dense_signed_cross","ifeval_min30","block","loadings","strong",1,2,1,2,0.05,"random",54,75,206,74,101,14,20,1.214,0.214,0.0535,1.49654645403102,1.52266467329785,12.7524929735405,15.5160542572856,10.7277642446579,13.2362517165556,0,0,0,0,0.145,0.30975,0.555,0.74,0.875,37,55,0,114,243,NA,5,"bayesian_lasso_scale_mixture",TRUE,1e-04,1e-04,0.05,275873781,TRUE,4,"viroli_laplace_gibbs",0.98991687538741,0.979269522904893,0.983797933859668,0.141652454899498,0.168058756679964,0.980024949563104,0.145564705513403,0.970236495655973,0.225616483759127,NA,NA,0.0682894066831307,0.661959780459327,127.534,NA,NA,NA,NA,NA,NA,NA,NA,NA,NA,NA,NA,0.232809629264252,0.167500229116922,0.0707486860413438,0.991500744443628,-0.0512976015916445,0.854588677819738,0.232809629264252,0.167500229116922,0.991500744443632,-0.0393305842487497,0.812624696498688,0.00249516655972571,0.404410220393845,0.0169520911747024,243,6,"axis_sorted_product",0.977485333730105,"alpha+loading+joint_mu+joint_var+joint_weight",0.732357762530832,0.959452510911825,"alpha+loading+joint_mu+joint_log_var+joint_weight",8.47871589503776,198.689802746317,193.771779435403,20.8560620513083,230.994373042288,9.85877345665137,195.088722625158,31.6962431847916,128.834895171876,31.9216320724708,158.47537777245,8.47871589503776,102.57927628111,0.0634961128234863,0.00667297840118408,0.0150535106658936,0.00143313407897949,NA,0.000313997268676758,0.0349804162979126,0.00220799446105957,0.00164997577667236,NA,15,1000,NA,2000,NA,NA,NA,"fixed_ifeval_parallel_viroli_laplace_penalty5_rep5_H5_G3_3_3_3_3",NA,NA,NA,NA,NA,NA,NA,NA,NA,NA,NA,NA,NA,NA,NA,NA,NA,NA,NA,NA,NA,NA,NA,NA,NA,NA,NA,NA,NA,NA,NA,NA,NA,NA,NA,NA,NA,NA,NA,NA,NA,NA,NA,NA,NA,NA,NA,NA,NA,NA,NA,NA,NA,NA,NA,NA,NA,NA,NA
"rep5_balanced_moderate_dense_signed_cross_strong_cp0_05_ifeval_min30_n400_p500_H5_G3-3-3-3-3_sep2",5,"n400p500",400,500,5,"3-3-3-3-3","3-3-3-3-3",243,TRUE,TRUE,23012731,20772531,23012731,1258981846,1000,2,"viroli_smoke","unequal","ifeval_like",0.45,1.6,1.75,"balanced_moderate_dense_signed_cross","ifeval_min30","block","loadings","strong",1,2,1,2,0.05,"random",54,75,206,74,101,14,20,1.214,0.214,0.0535,1.49654645403102,1.52266467329785,12.7524929735405,15.5160542572856,10.7277642446579,13.2362517165556,0,0,0,0,0.16,0.31,0.57875,0.7875,0.895,70,119,0,166,243,NA,5,"bayesian_lasso_scale_mixture",TRUE,1e-04,1e-04,0.05,1258981883,TRUE,4,"viroli_laplace_gibbs",0.991132572039721,0.988774186908565,0.985925594737766,0.13300570957954,0.148890181318743,0.989067054970794,0.104351832302324,0.98171462995562,0.140351012784658,NA,NA,0.054648573263916,0.772781394331737,159.612,NA,NA,NA,NA,NA,NA,NA,NA,NA,NA,NA,NA,0.115165212701468,0.0924923838897888,0.0354203420311193,0.996502871159209,-0.08835624573276,0.960726237981592,0.115165212701468,0.0924923838897887,0.996502871159202,-0.152910603371901,0.951945813377815,0.00125198874276004,0.192932840842581,0.00693203864907142,228,16,"axis_sorted_product",0.990773795867355,"alpha+loading+joint_mu+joint_var+joint_weight",0.767520673028119,0.975984536927886,"alpha+loading+joint_mu+joint_log_var+joint_weight",10.1364395865934,173.037651453819,173.611320140192,21.2837823100102,185.64932906562,10.1364395865934,171.210234091984,25.6405610597854,370.551810659117,25.1056975013251,526.148788338442,46.7005939871482,177.583515928398,0.0790414810180664,0.0131239891052246,0.0196679830551147,0.00238800048828125,NA,0.000349998474121094,0.036717414855957,0.00380456447601318,0.00159001350402832,NA,15,1000,NA,2000,NA,NA,NA,"fixed_ifeval_parallel_viroli_laplace_penalty5_rep5_H5_G3_3_3_3_3",NA,NA,NA,NA,NA,NA,NA,NA,NA,NA,NA,NA,NA,NA,NA,NA,NA,NA,NA,NA,NA,NA,NA,NA,NA,NA,NA,NA,NA,NA,NA,NA,NA,NA,NA,NA,NA,NA,NA,NA,NA,NA,NA,NA,NA,NA,NA,NA,NA,NA,NA,NA,NA,NA,NA,NA,NA,NA,NA
"rep5_balanced_moderate_dense_signed_cross_strong_cp0_05_ifeval_min30_n100_p1000_H5_G3-3-3-3-3_sep2",5,"n100p1000",100,1000,5,"3-3-3-3-3","3-3-3-3-3",243,TRUE,TRUE,23012731,20772531,23012731,1732574618,1000,2,"viroli_smoke","unequal","ifeval_like",0.45,1.6,1.75,"balanced_moderate_dense_signed_cross","ifeval_min30","block","loadings","strong",1,2,1,2,0.05,"random",87,139,458,126,190,21,40,1.195,0.195,0.04875,1.49337146230671,1.52593145818473,16.8608751387451,21.0349541452727,13.7871437072219,17.8593077626417,0,0,0,0,0.12,0.29,0.6,0.8,0.91,13,29,0,70,243,NA,5,"bayesian_lasso_scale_mixture",TRUE,1e-04,1e-04,0.05,1732574655,TRUE,4,"viroli_laplace_gibbs",0.991515741807167,0.958946999075547,0.9830174555983,0.129610305229984,0.153946175540971,0.963887925455362,0.197872957643165,0.957883755220159,0.204825812510855,NA,NA,0.0811592426644932,0.2982053648301,164.742,NA,NA,NA,NA,NA,NA,NA,NA,NA,NA,NA,NA,0.392773125615553,0.361411614972106,0.125478451398288,0.979229400717981,0.401059755117855,0.234026254581839,0.392773125615553,0.361411614972106,0.979229400717995,0.440868288670743,0.199657086741669,0.00399316997935269,0.653742350039632,0.0262132686066706,243,1,"axis_sorted_product",0.944251383415177,"alpha+loading+joint_mu+joint_var+joint_weight",0.885688155838292,0.903327038130002,"alpha+loading+joint_mu+joint_log_var+joint_weight",10.387397926285,230.001348455392,225.291373195907,10.387397926285,233.297503572453,12.0087154099337,230.034847785243,80.2222158231761,122.661817351532,36.798939116539,157.488727906037,22.3974383749702,158.077195665759,0.081732988357544,0.00656747817993164,0.013916015625,0.000954031944274902,NA,0.000297069549560547,0.0534179210662842,0.00222516059875488,0.0032193660736084,NA,14,1000,NA,2000,NA,NA,NA,"fixed_ifeval_parallel_viroli_laplace_penalty5_rep5_H5_G3_3_3_3_3",NA,NA,NA,NA,NA,NA,NA,NA,NA,NA,NA,NA,NA,NA,NA,NA,NA,NA,NA,NA,NA,NA,NA,NA,NA,NA,NA,NA,NA,NA,NA,NA,NA,NA,NA,NA,NA,NA,NA,NA,NA,NA,NA,NA,NA,NA,NA,NA,NA,NA,NA,NA,NA,NA,NA,NA,NA,NA,NA
"rep5_balanced_moderate_dense_signed_cross_strong_cp0_05_ifeval_min30_n200_p1000_H5_G3-3-3-3-3_sep2",5,"n200p1000",200,1000,5,"3-3-3-3-3","3-3-3-3-3",243,TRUE,TRUE,23012731,20772531,23012731,1701665299,1000,2,"viroli_smoke","unequal","ifeval_like",0.45,1.6,1.75,"balanced_moderate_dense_signed_cross","ifeval_min30","block","loadings","strong",1,2,1,2,0.05,"random",87,139,458,126,190,21,40,1.195,0.195,0.04875,1.49337146230671,1.52593145818473,16.8608751387451,21.0349541452727,13.7871437072219,17.8593077626417,0,0,0,0,0.15,0.29,0.585,0.76525,0.885,39,56,0,117,243,NA,5,"bayesian_lasso_scale_mixture",TRUE,1e-04,1e-04,0.05,1701665336,TRUE,4,"viroli_laplace_gibbs",0.993755625105907,0.978842853133861,0.989998577930251,0.111473342280772,0.138930328136696,0.981312501054361,0.13856903713953,0.976430406502553,0.164014387183814,NA,NA,0.0615566090317352,0.780489882983725,191.681,NA,NA,NA,NA,NA,NA,NA,NA,NA,NA,NA,NA,0.214926685817129,0.142527162584996,0.0641266698404903,0.992336307178349,0.173545706055955,0.884688981052742,0.21492668581713,0.142527162584995,0.992336307178352,0.14855540480337,0.852192016003317,0.00227456195392535,0.35746916559408,0.0154874741960695,242,8,"axis_sorted_product",0.980790390606182,"alpha+loading+joint_mu+joint_var+joint_weight",0.86475946777043,0.968083227597859,"alpha+loading+joint_mu+joint_log_var+joint_weight",6.55239590058326,192.838456228612,191.254734372073,12.2173732639416,199.338747431924,10.2689787291075,192.551632476244,29.9429702566113,66.8458268862571,7.46802474904598,163.233909290488,6.55239590058326,61.730019937,0.0956350564956665,0.0132324695587158,0.017546534538269,0.0014491081237793,NA,0.000313997268676758,0.0549619197845459,0.00390410423278809,0.00329554080963135,NA,15,1000,NA,2000,NA,NA,NA,"fixed_ifeval_parallel_viroli_laplace_penalty5_rep5_H5_G3_3_3_3_3",NA,NA,NA,NA,NA,NA,NA,NA,NA,NA,NA,NA,NA,NA,NA,NA,NA,NA,NA,NA,NA,NA,NA,NA,NA,NA,NA,NA,NA,NA,NA,NA,NA,NA,NA,NA,NA,NA,NA,NA,NA,NA,NA,NA,NA,NA,NA,NA,NA,NA,NA,NA,NA,NA,NA,NA,NA,NA,NA
"rep5_balanced_moderate_dense_signed_cross_strong_cp0_05_ifeval_min30_n400_p1000_H5_G3-3-3-3-3_sep2",5,"n400p1000",400,1000,5,"3-3-3-3-3","3-3-3-3-3",243,TRUE,TRUE,23012731,20772531,23012731,1639846661,1000,2,"viroli_smoke","unequal","ifeval_like",0.45,1.6,1.75,"balanced_moderate_dense_signed_cross","ifeval_min30","block","loadings","strong",1,2,1,2,0.05,"random",87,139,458,126,190,21,40,1.195,0.195,0.04875,1.49337146230671,1.52593145818473,16.8608751387451,21.0349541452727,13.7871437072219,17.8593077626417,0,0,0,0,0.1575,0.314875,0.58375,0.775,0.88,67,117,0,158,243,NA,5,"bayesian_lasso_scale_mixture",TRUE,1e-04,1e-04,0.05,1639846698,TRUE,4,"viroli_laplace_gibbs",0.994438237954994,0.988264243346994,0.990302103841541,0.105336201183573,0.11251890209657,0.989776117314807,0.102404813344671,0.984184361337533,0.126530907321393,NA,NA,0.0492355986585671,0.804253327089059,237.065,NA,NA,NA,NA,NA,NA,NA,NA,NA,NA,NA,NA,0.0745336945402718,0.0665062386175356,0.019577731741147,0.998842509738286,0.202945949314111,0.989664351224482,0.0745336945402718,0.0665062386175357,0.998842509738291,0.127507260261566,0.9866680957911,0.000717837542118312,0.111490251322303,0.00411890226757875,225,17,"axis_sorted_product",0.992025774435584,"alpha+loading+joint_mu+joint_var+joint_weight",0.901092012111376,0.985948233638453,"alpha+loading+joint_mu+joint_log_var+joint_weight",8.23853764171822,186.230058264208,183.619124990716,21.4748236508272,204.615628931881,8.23853764171822,183.51566157085,28.5859165279796,291.422262204095,29.296793376204,512.319787652312,22.3293896568361,242.305393019977,0.11556601524353,0.0264298915863037,0.0191949605941772,0.00235199928283691,NA,0.000356912612915039,0.0551835298538208,0.00718998908996582,0.00335156917572021,NA,15,1000,NA,2000,NA,NA,NA,"fixed_ifeval_parallel_viroli_laplace_penalty5_rep5_H5_G3_3_3_3_3",NA,NA,NA,NA,NA,NA,NA,NA,NA,NA,NA,NA,NA,NA,NA,NA,NA,NA,NA,NA,NA,NA,NA,NA,NA,NA,NA,NA,NA,NA,NA,NA,NA,NA,NA,NA,NA,NA,NA,NA,NA,NA,NA,NA,NA,NA,NA,NA,NA,NA,NA,NA,NA,NA,NA,NA,NA,NA,NA
"rep1_balanced_moderate_dense_signed_cross_strong_cp0_05_ifeval_min30_n100_p500_H10_G2-2-2-2-2-2-2-2-2-2_sep2",1,"n100p500",100,500,10,"2-2-2-2-2-2-2-2-2-2","2-2-2-2-2-2-2-2-2-2",1024,TRUE,TRUE,26762731,21272531,26762731,1862388544,1000,2,"viroli_smoke","unequal","ifeval_like",0.45,1.6,1.75,"balanced_moderate_dense_signed_cross","ifeval_min30","block","loadings","strong",1,2,1,2,0.05,"random",35,40,114,56,67,17,23.5,1.478,0.478,0.0531111111111111,1.50306956235413,1.48404375325584,11.3609624549555,12.5711687343245,9.14597853706678,9.75326946907888,0,0,0,0,0.21,0.3195,0.52,0.7105,0.88,32,50,0,90,1024,"em_svd",NA,NA,NA,NA,1e-04,0.05,NA,TRUE,18,"independent_marginal_mixture",0.990746711399894,0.951451600036944,0.987954193629771,0.13535697775959,0.153840865140198,0.951096979166601,0.177380561068088,0.938626733219056,0.236521040761335,NA,NA,0.102608119562613,1,8.27,0.49501066919961,0.856961906975121,0.916224798963723,0.246227869913834,0.59666509205341,10,-0.239908619767679,98.9921143276048,1.19525109952031e-13,129.282277539498,1.29531151094084e-13,998078658666399,0.0791540812022788,0.0123570724171417,0.0354964786985986,0.997725815430888,NA,0.974176374094105,0.0791540812022786,0.0123570724171418,0.99772581543112,NA,0.964474314094004,0.000322612084354321,0.188101214493127,0.00341388016903534,332,1,"axis_sorted_product",0.990889715344628,"alpha+loading+joint_mu+joint_var+joint_weight",0.979858692213095,0.990840526373844,"alpha+loading+joint_mu+joint_weight",NA,NA,NA,NA,NA,NA,NA,NA,NA,NA,NA,NA,NA,NA,NA,NA,NA,NA,NA,NA,NA,NA,NA,NA,NA,NA,NA,NA,NA,NA,"fixed_ifeval_product_map_penalty5_rep1_H10_G2_2_2_2_2_2_2_2_2_2","both","expectation","intercept_only",NA,NA,NA,NA,"map",5,"riemannian",5,10,"cayley",5,"proximal",FALSE,TRUE,1e-08,FALSE,TRUE,3,TRUE,FALSE,0,0.05,3,2,1,0,0.05,3,2,1,TRUE,"left_subspace",44,44,FALSE,TRUE,4,TRUE,14,14,TRUE,"posterior_objective",TRUE,FALSE,0.00933849811553955,0.0016028881072998,0.00639486312866211,0.00114345550537109,0.141226530075073,0.103309988975525,0.0282844305038452,0.00205385684967041,0.450284361839294,0.0576575994491577,0.367233514785767,0.0230768918991089
"rep1_balanced_moderate_dense_signed_cross_strong_cp0_05_ifeval_min30_n200_p500_H10_G2-2-2-2-2-2-2-2-2-2_sep2",1,"n200p500",200,500,10,"2-2-2-2-2-2-2-2-2-2","2-2-2-2-2-2-2-2-2-2",1024,TRUE,TRUE,26762731,21272531,26762731,403684025,1000,2,"viroli_smoke","unequal","ifeval_like",0.45,1.6,1.75,"balanced_moderate_dense_signed_cross","ifeval_min30","block","loadings","strong",1,2,1,2,0.05,"random",35,40,114,56,67,17,23.5,1.478,0.478,0.0531111111111111,1.50306956235413,1.48404375325584,11.3609624549555,12.5711687343245,9.14597853706678,9.75326946907888,0,0,0,0,0.21,0.3245,0.525,0.705,0.885,64,100,0,170,1024,"em_svd",NA,NA,NA,NA,1e-04,0.05,NA,TRUE,18,"independent_marginal_mixture",0.99250778047981,0.965319395370177,0.991010183109246,0.122104532451417,0.15152029235326,0.964564646333281,0.14992205276402,0.919815217990487,0.27737596303049,NA,NA,0.0828758891769152,1,15.388,0.326376120442887,0.369995462158291,0.949779366640984,0.213478005897749,0.54341130237033,10,-0.269470015613612,141.768835193342,2.51555208563201e-13,157.437078709144,2.63589235450347e-13,597281897495396,0.0869310165397203,0.0110463753246651,0.0393700393700594,0.997087234389216,NA,0.96657267423844,0.0869310165397211,0.0110463753246652,0.997087234389271,NA,0.953724241594698,0.000355423181909818,0.213477973782468,0.00345552501531899,329,1,"axis_sorted_product",0.991575619403844,"alpha+loading+joint_mu+joint_var+joint_weight",0.982233591903892,0.991440451933622,"alpha+loading+joint_mu+joint_weight",NA,NA,NA,NA,NA,NA,NA,NA,NA,NA,NA,NA,NA,NA,NA,NA,NA,NA,NA,NA,NA,NA,NA,NA,NA,NA,NA,NA,NA,NA,"fixed_ifeval_product_map_penalty5_rep1_H10_G2_2_2_2_2_2_2_2_2_2","both","expectation","intercept_only",NA,NA,NA,NA,"map",5,"riemannian",5,10,"cayley",5,"proximal",FALSE,TRUE,1e-08,FALSE,TRUE,3,TRUE,FALSE,0,0.05,3,2,1,0,0.05,3,2,1,TRUE,"left_subspace",33,33,FALSE,TRUE,3,TRUE,21,21,TRUE,"posterior_objective",TRUE,FALSE,0.0369300842285156,0.00319194793701172,0.0307400226593018,0.00228095054626465,0.22539496421814,0.182705879211426,0.04500412940979,0.00312900543212891,0.582134008407593,0.0645849704742432,0.462800025939941,0.0242409706115723
"rep1_balanced_moderate_dense_signed_cross_strong_cp0_05_ifeval_min30_n400_p500_H10_G2-2-2-2-2-2-2-2-2-2_sep2",1,"n400p500",400,500,10,"2-2-2-2-2-2-2-2-2-2","2-2-2-2-2-2-2-2-2-2",1024,TRUE,TRUE,26762731,21272531,26762731,1781240987,1000,2,"viroli_smoke","unequal","ifeval_like",0.45,1.6,1.75,"balanced_moderate_dense_signed_cross","ifeval_min30","block","loadings","strong",1,2,1,2,0.05,"random",35,40,114,56,67,17,23.5,1.478,0.478,0.0531111111111111,1.50306956235413,1.48404375325584,11.3609624549555,12.5711687343245,9.14597853706678,9.75326946907888,0,0,0,0,0.225,0.30975,0.52375,0.712625,0.9,130,200,0,292,1024,"em_svd",NA,NA,NA,NA,1e-04,0.05,NA,TRUE,18,"independent_marginal_mixture",0.993323931345205,0.984759982802807,0.991995149875939,0.115406919057378,0.126433331190846,0.984845209704922,0.0989444903711873,0.973155139141644,0.163900062424381,NA,NA,0.0624538247535688,1,18.293,0.260421817284881,0.237179093212598,0.96590415340758,0.21153374376014,0.534155553369828,10,-0.280884704704168,203.464814127712,8.51950354162647e-13,211.680557488223,5.48677803126173e-13,385801204791120,0.0509845324780987,0.00883714794508069,0.021534855467359,0.998981441325646,NA,0.990364453141329,0.0509845324780985,0.0088371479450806,0.998981441325722,NA,0.987021853091021,0.000193924024833833,0.114429816289665,0.00171580844819243,346,1,"axis_sorted_product",0.996648276597262,"alpha+loading+joint_mu+joint_var+joint_weight",0.99315212090486,0.996663432141746,"alpha+loading+joint_mu+joint_weight",NA,NA,NA,NA,NA,NA,NA,NA,NA,NA,NA,NA,NA,NA,NA,NA,NA,NA,NA,NA,NA,NA,NA,NA,NA,NA,NA,NA,NA,NA,"fixed_ifeval_product_map_penalty5_rep1_H10_G2_2_2_2_2_2_2_2_2_2","both","expectation","viroli_expectation_svd",NA,NA,NA,NA,"map",5,"riemannian",5,10,"cayley",5,"proximal",FALSE,TRUE,1e-08,FALSE,TRUE,3,TRUE,FALSE,0,0.05,3,2,1,0,0.05,3,2,1,TRUE,"left_subspace",32,32,FALSE,TRUE,6,TRUE,7,7,TRUE,"posterior_objective",TRUE,FALSE,0.13299298286438,0.0064704418182373,0.120689630508423,0.00461387634277344,0.343773484230042,0.250595450401306,0.0753709077835083,0.00522851943969727,0.883906126022339,0.091933012008667,0.740685939788818,0.0324380397796631
"rep1_balanced_moderate_dense_signed_cross_strong_cp0_05_ifeval_min30_n100_p1000_H10_G2-2-2-2-2-2-2-2-2-2_sep2",1,"n100p1000",100,1000,10,"2-2-2-2-2-2-2-2-2-2","2-2-2-2-2-2-2-2-2-2",1024,TRUE,TRUE,26762731,21272531,26762731,2132013399,1000,2,"viroli_smoke","unequal","ifeval_like",0.45,1.6,1.75,"balanced_moderate_dense_signed_cross","ifeval_min30","block","loadings","strong",1,2,1,2,0.05,"random",47,65,325,94,115,39,44.5,1.459,0.459,0.051,1.50782057986734,1.48608600948927,14.7650171336429,16.5784596097826,10.6250843505581,12.4519826278727,0,0,0,0,0.24,0.34,0.53,0.74,0.92,30,50,0,94,1024,"em_svd",NA,NA,NA,NA,1e-04,0.05,NA,TRUE,18,"independent_marginal_mixture",0.992798850427499,0.946723816105129,0.991451850589824,0.119408023823994,0.146734394700274,0.949201855761528,0.180280336568194,0.916490236371969,0.266506790800138,NA,NA,0.101596523297339,1,9.959,0.409570789639737,0.589243425087276,0.926197855843288,0.189488538888035,0.437011871231029,10,-0.252692833060832,125.785414142834,2.16862743333935e-13,149.785262908134,2.28760727407747e-13,654768257670182,0.0797437848504942,0.00862401802565707,0.0347850542618523,0.997170292511689,NA,0.972760856511003,0.079743784850494,0.00862401802565711,0.997170292511724,NA,0.964254347158204,0.000303219448694539,0.184888285626625,0.00229838720922984,319,1,"axis_sorted_product",0.98464786900967,"alpha+loading+joint_mu+joint_var+joint_weight",0.970418693979512,0.984427473281976,"alpha+loading+joint_mu+joint_weight",NA,NA,NA,NA,NA,NA,NA,NA,NA,NA,NA,NA,NA,NA,NA,NA,NA,NA,NA,NA,NA,NA,NA,NA,NA,NA,NA,NA,NA,NA,"fixed_ifeval_product_map_penalty5_rep1_H10_G2_2_2_2_2_2_2_2_2_2","both","expectation","intercept_only",NA,NA,NA,NA,"map",5,"riemannian",5,10,"cayley",5,"proximal",FALSE,TRUE,1e-08,FALSE,TRUE,3,TRUE,FALSE,0,0.05,3,2,1,0,0.05,3,2,1,TRUE,"left_subspace",31,31,FALSE,TRUE,5,TRUE,10,10,TRUE,"posterior_objective",TRUE,FALSE,0.0172898769378662,0.00322198867797852,0.0112729072570801,0.00226306915283203,0.140679121017456,0.0976450443267822,0.0283591747283936,0.00194311141967773,0.800075531005859,0.0638550519943237,0.691182017326355,0.0260854959487915
"rep1_balanced_moderate_dense_signed_cross_strong_cp0_05_ifeval_min30_n200_p1000_H10_G2-2-2-2-2-2-2-2-2-2_sep2",1,"n200p1000",200,1000,10,"2-2-2-2-2-2-2-2-2-2","2-2-2-2-2-2-2-2-2-2",1024,TRUE,TRUE,26762731,21272531,26762731,20225410,1000,2,"viroli_smoke","unequal","ifeval_like",0.45,1.6,1.75,"balanced_moderate_dense_signed_cross","ifeval_min30","block","loadings","strong",1,2,1,2,0.05,"random",47,65,325,94,115,39,44.5,1.459,0.459,0.051,1.50782057986734,1.48608600948927,14.7650171336429,16.5784596097826,10.6250843505581,12.4519826278727,0,0,0,0,0.235,0.34,0.54,0.7305,0.89,66,100,0,168,1024,"em_svd",NA,NA,NA,NA,1e-04,0.05,NA,TRUE,18,"independent_marginal_mixture",0.993910250371597,0.968404546883485,0.992566613292812,0.110084520985118,0.136052639791682,0.970279179100492,0.137215040607629,0.950720370132686,0.208392984853263,NA,NA,0.0808853381346424,1,21.323,0.297264645572329,0.305705949712164,0.955707740116433,0.183771191592294,0.416443646066377,10,-0.282597129730131,181.709042296477,5.5137122529075e-13,191.460090739996,4.88435804945066e-13,391986191023668,0.0814243322420186,0.0103042059565323,0.0365718470958201,0.998061409085685,NA,0.976331974839027,0.0814243322420188,0.0103042059565323,0.998061409085653,NA,0.965294534339845,0.000344050285018006,0.194364285975691,0.00423960781735385,340,0,"axis_sorted_product",0.990334273965979,"alpha+loading+joint_mu+joint_var+joint_weight",0.981503286702068,0.99023579016652,"alpha+loading+joint_mu+joint_weight",NA,NA,NA,NA,NA,NA,NA,NA,NA,NA,NA,NA,NA,NA,NA,NA,NA,NA,NA,NA,NA,NA,NA,NA,NA,NA,NA,NA,NA,NA,"fixed_ifeval_product_map_penalty5_rep1_H10_G2_2_2_2_2_2_2_2_2_2","both","expectation","intercept_only",NA,NA,NA,NA,"map",5,"riemannian",5,10,"cayley",5,"proximal",FALSE,TRUE,1e-08,FALSE,TRUE,3,TRUE,FALSE,0,0.05,3,2,1,0,0.05,3,2,1,TRUE,"left_subspace",30,30,FALSE,TRUE,3,TRUE,15,15,TRUE,"posterior_objective",TRUE,FALSE,0.0623949766159058,0.00662946701049805,0.0502479076385498,0.00465488433837891,0.196271896362305,0.155529975891113,0.0323259830474854,0.00305891036987305,1.10027194023132,0.084928035736084,0.960870027542114,0.0281209945678711
"rep1_balanced_moderate_dense_signed_cross_strong_cp0_05_ifeval_min30_n400_p1000_H10_G2-2-2-2-2-2-2-2-2-2_sep2",1,"n400p1000",400,1000,10,"2-2-2-2-2-2-2-2-2-2","2-2-2-2-2-2-2-2-2-2",1024,TRUE,TRUE,26762731,21272531,26762731,91615432,1000,2,"viroli_smoke","unequal","ifeval_like",0.45,1.6,1.75,"balanced_moderate_dense_signed_cross","ifeval_min30","block","loadings","strong",1,2,1,2,0.05,"random",47,65,325,94,115,39,44.5,1.459,0.459,0.051,1.50782057986734,1.48608600948927,14.7650171336429,16.5784596097826,10.6250843505581,12.4519826278727,0,0,0,0,0.21,0.327375,0.5175,0.715125,0.895,126,200,0,279,1024,"em_svd",NA,NA,NA,NA,1e-04,0.05,NA,TRUE,18,"independent_marginal_mixture",0.995115385970805,0.983349128575656,0.993986028792245,0.0987157788210393,0.106474457611999,0.983589886303548,0.103457330346694,0.968602122519219,0.177212224906579,NA,NA,0.0616067316061505,1,33.665,0.240150242385306,0.193477746748719,0.971361842130747,0.151207697983876,0.397918770314699,10,-0.30734688554602,273.74220428215,6.48029836503483e-13,270.586362935773,6.12385527867486e-13,441856233732429,0.0435328773923109,0.00367621626134686,0.0178885438199978,0.999379205707942,NA,0.995514873647838,0.0435328773923107,0.00367621626134685,0.99937920570789,NA,0.993068830686609,0.000181214725039864,0.0973106715478795,0.00206106579744215,342,1,"axis_sorted_product",0.9947358896029,"alpha+loading+joint_mu+joint_var+joint_weight",0.990214919291645,0.994651306835894,"alpha+loading+joint_mu+joint_weight",NA,NA,NA,NA,NA,NA,NA,NA,NA,NA,NA,NA,NA,NA,NA,NA,NA,NA,NA,NA,NA,NA,NA,NA,NA,NA,NA,NA,NA,NA,"fixed_ifeval_product_map_penalty5_rep1_H10_G2_2_2_2_2_2_2_2_2_2","both","expectation","viroli_expectation_svd",NA,NA,NA,NA,"map",5,"riemannian",5,10,"cayley",5,"proximal",FALSE,TRUE,1e-08,FALSE,TRUE,3,TRUE,FALSE,0,0.05,3,2,1,0,0.05,3,2,1,TRUE,"left_subspace",25,25,FALSE,TRUE,4,TRUE,12,12,TRUE,"posterior_objective",TRUE,FALSE,0.249476909637451,0.0126180648803711,0.225789070129395,0.00890302658081055,0.351763010025024,0.290712118148804,0.061733603477478,0.00559711456298828,1.35688197612762,0.11698305606842,1.17996001243591,0.0342460870742798
"rep1_balanced_moderate_dense_signed_cross_strong_cp0_05_ifeval_min30_n100_p500_H10_G3-3-3-3-3-3-3-3-3-3_sep2",1,"n100p500",100,500,10,"3-3-3-3-3-3-3-3-3-3","3-3-3-3-3-3-3-3-3-3",59049,TRUE,TRUE,29512731,21272531,29512731,212182854,1000,2,"viroli_smoke","unequal","ifeval_like",0.45,1.6,1.75,"balanced_moderate_dense_signed_cross","ifeval_min30","block","loadings","strong",1,2,1,2,0.05,"random",35,40,114,56,67,17,23.5,1.478,0.478,0.0531111111111111,1.50306956235413,1.48404375325584,11.3609624549555,12.5711687343245,9.14597853706678,9.75326946907888,0,0,0,0,0.18,0.32,0.55,0.74,0.87,14,30,0,100,59049,"em_svd",NA,NA,NA,NA,1e-04,0.05,NA,TRUE,18,"independent_marginal_mixture",0.979817751300728,0.949056903388407,0.97034400970046,0.199902107103848,0.218081335613204,0.949716224329009,0.178156276483301,0.926898487642131,0.278298826278505,NA,NA,0.11556699035906,NA,6.409,0.513222890208987,0.913467379061363,0.925439672624879,0.251727989709257,0.558696790666763,10,-0.24552528377932,92.3218628224302,1.29631315834589e-13,123.082208105668,1.1610326860595e-13,1060109759040501,0.140031059642666,0.0319373980796701,0.0622312512745913,0.99317130834742,0.6756837433186,0.869564264852593,NA,NA,NA,NA,NA,NA,NA,NA,NA,NA,"skipped_large_K",NA,"skipped_large_K",NA,NA,"skipped_large_K",NA,NA,NA,NA,NA,NA,NA,NA,NA,NA,NA,NA,NA,NA,NA,NA,NA,NA,NA,NA,NA,NA,NA,NA,NA,NA,NA,NA,NA,NA,"fixed_ifeval_product_map_penalty5_rep1_H10_G3_3_3_3_3_3_3_3_3_3","both","expectation","viroli_expectation_svd",NA,NA,NA,NA,"map",5,"riemannian",5,10,"cayley",5,"proximal",FALSE,TRUE,1e-08,FALSE,TRUE,3,TRUE,FALSE,0,0.05,3,2,1,0,0.05,3,2,1,FALSE,"max_iter",50,50,FALSE,TRUE,4,TRUE,9,9,TRUE,"posterior_objective",TRUE,FALSE,0.00927042961120605,0.00156688690185547,0.006386399269104,0.00112652778625488,0.279451012611389,0.100353002548218,0.178076028823853,0.0020829439163208,0.410215139389038,0.0634100437164307,0.299064159393311,0.0401670932769775
"rep1_balanced_moderate_dense_signed_cross_strong_cp0_05_ifeval_min30_n200_p500_H10_G3-3-3-3-3-3-3-3-3-3_sep2",1,"n200p500",200,500,10,"3-3-3-3-3-3-3-3-3-3","3-3-3-3-3-3-3-3-3-3",59049,TRUE,TRUE,29512731,21272531,29512731,900961335,1000,2,"viroli_smoke","unequal","ifeval_like",0.45,1.6,1.75,"balanced_moderate_dense_signed_cross","ifeval_min30","block","loadings","strong",1,2,1,2,0.05,"random",35,40,114,56,67,17,23.5,1.478,0.478,0.0531111111111111,1.50306956235413,1.48404375325584,11.3609624549555,12.5711687343245,9.14597853706678,9.75326946907888,0,0,0,0,0.195,0.325,0.545,0.735,0.89,30,60.5,0,199,59049,"em_svd",NA,NA,NA,NA,1e-04,0.05,NA,TRUE,18,"independent_marginal_mixture",0.985362668965694,0.972963416499852,0.977541936263528,0.170670116769952,0.186814162220294,0.972994734150153,0.131290905509192,0.964289507738874,0.181721478507604,NA,NA,0.0928196350986727,NA,11.61,0.348191607261638,0.404185887671808,0.952885842731027,0.255485693446579,0.591196383954801,10,-0.290066411383782,135.990798180663,2.19944442544756e-13,158.192261013095,2.51059666457602e-13,630098268053782,0.0873082892326942,0.0246415833637765,0.0374965528236836,0.997149819095991,0.764643517863813,0.954324986382854,NA,NA,NA,NA,NA,NA,NA,NA,NA,NA,"skipped_large_K",NA,"skipped_large_K",NA,NA,"skipped_large_K",NA,NA,NA,NA,NA,NA,NA,NA,NA,NA,NA,NA,NA,NA,NA,NA,NA,NA,NA,NA,NA,NA,NA,NA,NA,NA,NA,NA,NA,NA,"fixed_ifeval_product_map_penalty5_rep1_H10_G3_3_3_3_3_3_3_3_3_3","both","expectation","viroli_expectation_svd",NA,NA,NA,NA,"map",5,"riemannian",5,10,"cayley",5,"proximal",FALSE,TRUE,1e-08,FALSE,TRUE,3,TRUE,FALSE,0,0.05,3,2,1,0,0.05,3,2,1,TRUE,"left_subspace",45,45,FALSE,TRUE,3,TRUE,12,12,TRUE,"posterior_objective",TRUE,FALSE,0.0368940830230713,0.00316596031188965,0.0308008193969727,0.00230908393859863,0.381844043731689,0.153278112411499,0.208379030227661,0.00371313095092773,0.506569981575012,0.0734399557113647,0.380720973014832,0.0402264595031738
"rep1_balanced_moderate_dense_signed_cross_strong_cp0_05_ifeval_min30_n400_p500_H10_G3-3-3-3-3-3-3-3-3-3_sep2",1,"n400p500",400,500,10,"3-3-3-3-3-3-3-3-3-3","3-3-3-3-3-3-3-3-3-3",59049,TRUE,TRUE,29512731,21272531,29512731,131035297,1000,2,"viroli_smoke","unequal","ifeval_like",0.45,1.6,1.75,"balanced_moderate_dense_signed_cross","ifeval_min30","block","loadings","strong",1,2,1,2,0.05,"random",35,40,114,56,67,17,23.5,1.478,0.478,0.0531111111111111,1.50306956235413,1.48404375325584,11.3609624549555,12.5711687343245,9.14597853706678,9.75326946907888,0,0,0,0,0.2375,0.3375,0.535,0.725,0.8475,73,122,0,399,59049,"em_svd",NA,NA,NA,NA,1e-04,0.05,NA,TRUE,18,"independent_marginal_mixture",0.989085651132986,0.986721722411458,0.985180757470728,0.147560584133067,0.162024671698131,0.986882046962972,0.0917236404313132,0.977428726173341,0.148383382965725,NA,NA,0.0721495461187256,NA,19.17,0.248865581881684,0.221271104589699,0.970249485891056,0.205069160703216,0.535433349281485,10,-0.294006926711386,214.2815102991,8.1454323003495e-13,226.249877579784,6.31752171090484e-13,358130747994500,0.0678781742061066,0.0219118531954248,0.0382360527613776,0.998800878492545,0.588620093115544,0.967592010174966,NA,NA,NA,NA,NA,NA,NA,NA,NA,NA,"skipped_large_K",NA,"skipped_large_K",NA,NA,"skipped_large_K",NA,NA,NA,NA,NA,NA,NA,NA,NA,NA,NA,NA,NA,NA,NA,NA,NA,NA,NA,NA,NA,NA,NA,NA,NA,NA,NA,NA,NA,NA,"fixed_ifeval_product_map_penalty5_rep1_H10_G3_3_3_3_3_3_3_3_3_3","both","expectation","intercept_only",NA,NA,NA,NA,"map",5,"riemannian",5,10,"cayley",5,"proximal",FALSE,TRUE,1e-08,FALSE,TRUE,3,TRUE,FALSE,0,0.05,3,2,1,0,0.05,3,2,1,TRUE,"left_subspace",39,39,FALSE,TRUE,4,TRUE,5,5,TRUE,"posterior_objective",TRUE,FALSE,0.13291597366333,0.00647306442260742,0.121063947677612,0.00460505485534668,0.651662588119507,0.292638063430786,0.3376624584198,0.00572752952575684,0.569473028182983,0.107989072799683,0.390120029449463,0.0606470108032227
"rep1_balanced_moderate_dense_signed_cross_strong_cp0_05_ifeval_min30_n100_p1000_H10_G3-3-3-3-3-3-3-3-3-3_sep2",1,"n100p1000",100,1000,10,"3-3-3-3-3-3-3-3-3-3","3-3-3-3-3-3-3-3-3-3",59049,TRUE,TRUE,29512731,21272531,29512731,481807709,1000,2,"viroli_smoke","unequal","ifeval_like",0.45,1.6,1.75,"balanced_moderate_dense_signed_cross","ifeval_min30","block","loadings","strong",1,2,1,2,0.05,"random",47,65,325,94,115,39,44.5,1.459,0.459,0.051,1.50782057986734,1.48608600948927,14.7650171336429,16.5784596097826,10.6250843505581,12.4519826278727,0,0,0,0,0.17,0.34,0.56,0.75,0.9,12,30,0,99,59049,"em_svd",NA,NA,NA,NA,1e-04,0.05,NA,TRUE,18,"independent_marginal_mixture",0.983745377018037,0.946881169583393,0.977277250097891,0.179399424481483,0.201516300832446,0.950908822164592,0.177545169505833,0.921828663510151,0.261536749195159,NA,NA,0.109557494133926,NA,7.615,0.479708204695089,0.770440676483942,0.928165843879688,0.210274687890932,0.482823629946701,10,-0.260558648673293,124.968955223553,2.25466012817349e-13,164.363446958722,3.42290300302526e-13,480187276161355,0.11570383923076,0.0245795772227323,0.0414951137641352,0.996376694111685,0.791656190913539,0.950374996629472,NA,NA,NA,NA,NA,NA,NA,NA,NA,NA,"skipped_large_K",NA,"skipped_large_K",NA,NA,"skipped_large_K",NA,NA,NA,NA,NA,NA,NA,NA,NA,NA,NA,NA,NA,NA,NA,NA,NA,NA,NA,NA,NA,NA,NA,NA,NA,NA,NA,NA,NA,NA,"fixed_ifeval_product_map_penalty5_rep1_H10_G3_3_3_3_3_3_3_3_3_3","both","expectation","viroli_expectation_svd",NA,NA,NA,NA,"map",5,"riemannian",5,10,"cayley",5,"proximal",FALSE,TRUE,1e-08,FALSE,TRUE,3,TRUE,FALSE,0,0.05,3,2,1,0,0.05,3,2,1,TRUE,"left_subspace",47,47,FALSE,TRUE,3,TRUE,7,7,TRUE,"posterior_objective",TRUE,FALSE,0.0172770023345947,0.0031130313873291,0.0112709999084473,0.00227999687194824,0.285640001296997,0.12146520614624,0.148643970489502,0.00223398208618164,0.577002048492432,0.0657329559326172,0.466363906860352,0.0340847969055176
"rep1_balanced_moderate_dense_signed_cross_strong_cp0_05_ifeval_min30_n200_p1000_H10_G3-3-3-3-3-3-3-3-3-3_sep2",1,"n200p1000",200,1000,10,"3-3-3-3-3-3-3-3-3-3","3-3-3-3-3-3-3-3-3-3",59049,TRUE,TRUE,29512731,21272531,29512731,517502720,1000,2,"viroli_smoke","unequal","ifeval_like",0.45,1.6,1.75,"balanced_moderate_dense_signed_cross","ifeval_min30","block","loadings","strong",1,2,1,2,0.05,"random",47,65,325,94,115,39,44.5,1.459,0.459,0.051,1.50782057986734,1.48608600948927,14.7650171336429,16.5784596097826,10.6250843505581,12.4519826278727,0,0,0,0,0.21,0.355,0.56,0.745,0.855,33,58,0,198,59049,"em_svd",NA,NA,NA,NA,1e-04,0.05,NA,TRUE,18,"independent_marginal_mixture",0.990420038915133,0.971529669896628,0.985203915707155,0.13807288857298,0.150718764915243,0.973761515611424,0.12918300041108,0.951425674942185,0.202811085966105,NA,NA,0.0855717295982888,NA,15.117,0.294048688237572,0.285489121890366,0.961489867680103,0.17318522293404,0.424135480128351,10,-0.295882679500744,183.527840820397,4.87794368847199e-13,205.08853859818,5.28599241575553e-13,387984927838505,0.0902912736236948,0.0216096389286339,0.0360782931053851,0.9974412813804,0.760415862038373,0.957254631659811,NA,NA,NA,NA,NA,NA,NA,NA,NA,NA,"skipped_large_K",NA,"skipped_large_K",NA,NA,"skipped_large_K",NA,NA,NA,NA,NA,NA,NA,NA,NA,NA,NA,NA,NA,NA,NA,NA,NA,NA,NA,NA,NA,NA,NA,NA,NA,NA,NA,NA,NA,NA,"fixed_ifeval_product_map_penalty5_rep1_H10_G3_3_3_3_3_3_3_3_3_3","both","expectation","viroli_expectation_svd",NA,NA,NA,NA,"map",5,"riemannian",5,10,"cayley",5,"proximal",FALSE,TRUE,1e-08,FALSE,TRUE,3,TRUE,FALSE,0,0.05,3,2,1,0,0.05,3,2,1,TRUE,"left_subspace",36,36,FALSE,TRUE,6,TRUE,9,9,TRUE,"posterior_objective",TRUE,FALSE,0.0616779327392578,0.00669801235198975,0.0497618913650513,0.00453996658325195,0.372249007225037,0.157194375991821,0.19773006439209,0.00317704677581787,0.826388120651245,0.0966579914093018,0.663923978805542,0.0458359718322754
"rep1_balanced_moderate_dense_signed_cross_strong_cp0_05_ifeval_min30_n400_p1000_H10_G3-3-3-3-3-3-3-3-3-3_sep2",1,"n400p1000",400,1000,10,"3-3-3-3-3-3-3-3-3-3","3-3-3-3-3-3-3-3-3-3",59049,TRUE,TRUE,29512731,21272531,29512731,588892742,1000,2,"viroli_smoke","unequal","ifeval_like",0.45,1.6,1.75,"balanced_moderate_dense_signed_cross","ifeval_min30","block","loadings","strong",1,2,1,2,0.05,"random",47,65,325,94,115,39,44.5,1.459,0.459,0.051,1.50782057986734,1.48608600948927,14.7650171336429,16.5784596097826,10.6250843505581,12.4519826278727,0,0,0,0,0.235,0.36225,0.58,0.752625,0.8775,62,127.5,0,398,59049,"em_svd",NA,NA,NA,NA,1e-04,0.05,NA,TRUE,18,"independent_marginal_mixture",0.992948356238868,0.985731131234993,0.990397659860417,0.118608723555471,0.12966753854348,0.986838440492557,0.091780445398543,0.981913947093523,0.137450090135102,NA,NA,0.0659510173997862,NA,35.283,0.215201408863124,0.16077462714875,0.976715896150655,0.170731037276703,0.414013289698076,10,-0.298430100381485,276.188469442069,8.50088285416188e-13,280.479207821731,8.65943194905274e-13,323900239036365,0.0569870600432404,0.0218083916546667,0.0298838027686014,0.999041422434192,0.595199470566588,0.974408982995709,NA,NA,NA,NA,NA,NA,NA,NA,NA,NA,"skipped_large_K",NA,"skipped_large_K",NA,NA,"skipped_large_K",NA,NA,NA,NA,NA,NA,NA,NA,NA,NA,NA,NA,NA,NA,NA,NA,NA,NA,NA,NA,NA,NA,NA,NA,NA,NA,NA,NA,NA,NA,"fixed_ifeval_product_map_penalty5_rep1_H10_G3_3_3_3_3_3_3_3_3_3","both","expectation","intercept_only",NA,NA,NA,NA,"map",5,"riemannian",5,10,"cayley",5,"proximal",FALSE,TRUE,1e-08,FALSE,TRUE,3,TRUE,FALSE,0,0.05,3,2,1,0,0.05,3,2,1,TRUE,"left_subspace",35,35,FALSE,TRUE,5,TRUE,11,11,TRUE,"posterior_objective",TRUE,FALSE,0.249988794326782,0.0128340721130371,0.226492166519165,0.00917696952819824,0.663740158081055,0.292448997497559,0.355466842651367,0.00559091567993164,1.17933797836304,0.133059024810791,0.915297031402588,0.0646810531616211
"rep1_balanced_moderate_dense_signed_cross_strong_cp0_05_ifeval_min30_n100_p500_H5_G2-2-2-2-2_sep2",1,"n100p500",100,500,5,"2-2-2-2-2","2-2-2-2-2",32,TRUE,TRUE,22262731,20772531,22262731,1226010194,1000,2,"viroli_smoke","unequal","ifeval_like",0.45,1.6,1.75,"balanced_moderate_dense_signed_cross","ifeval_min30","block","loadings","strong",1,2,1,2,0.05,"random",54,75,206,74,101,14,20,1.214,0.214,0.0535,1.49654645403102,1.52266467329785,12.7524929735405,15.5160542572856,10.7277642446579,13.2362517165556,0,0,0,0,0.17,0.3195,0.55,0.79,0.92,31,50,0,30,32,"em_svd",NA,NA,NA,NA,1e-04,0.05,NA,TRUE,18,"independent_marginal_mixture",0.992922370106583,0.962966435787541,0.991972695609785,0.118379504936306,0.163082545031204,0.964281609302566,0.187900141032617,0.941254898199057,0.25975950163851,NA,NA,0.0816153346867433,1,6.826,0.328608610602206,0.322390220313484,0.949547987916142,0.176648112093121,0.312159063422583,5,-0.27602545501684,122.355620504547,1.61318655103851e-13,143.723595110572,1.37964651540637e-13,1041742167327830,0.111691044402779,0.00935641326864666,0.0509901951359282,0.995283992629026,NA,0.941768216867439,0.111691044402779,0.00935641326864666,0.995283992629024,NA,0.933682607410558,0.00834314547379686,0.203202900000003,0.0211601345000019,32,30,"axis_sorted_product",0.961868220308217,"alpha+loading+joint_mu+joint_var+joint_weight",0.960509247667267,0.961622475132003,"alpha+loading+joint_mu+joint_weight",NA,NA,NA,NA,NA,NA,NA,NA,NA,NA,NA,NA,NA,NA,NA,NA,NA,NA,NA,NA,NA,NA,NA,NA,NA,NA,NA,NA,NA,NA,"fixed_ifeval_product_map_penalty5_rep1_H5_G2_2_2_2_2","both","expectation","viroli_expectation_svd",NA,NA,NA,NA,"map",5,"riemannian",5,10,"cayley",5,"proximal",FALSE,TRUE,1e-08,FALSE,TRUE,3,TRUE,FALSE,0,0.05,3,2,1,0,0.05,3,2,1,TRUE,"left_subspace",34,34,FALSE,TRUE,3,TRUE,12,12,TRUE,"posterior_objective",TRUE,FALSE,0.00927948951721191,0.00155842304229736,0.00637650489807129,0.00113594532012939,0.067903995513916,0.0509209632873535,0.0157749652862549,0.00100183486938477,0.405822396278381,0.0517516136169434,0.326087474822998,0.0150455236434937
"rep1_balanced_moderate_dense_signed_cross_strong_cp0_05_ifeval_min30_n200_p500_H5_G2-2-2-2-2_sep2",1,"n200p500",200,500,5,"2-2-2-2-2","2-2-2-2-2",32,TRUE,TRUE,22262731,20772531,22262731,1717564245,1000,2,"viroli_smoke","unequal","ifeval_like",0.45,1.6,1.75,"balanced_moderate_dense_signed_cross","ifeval_min30","block","loadings","strong",1,2,1,2,0.05,"random",54,75,206,74,101,14,20,1.214,0.214,0.0535,1.49654645403102,1.52266467329785,12.7524929735405,15.5160542572856,10.7277642446579,13.2362517165556,0,0,0,0,0.18,0.29475,0.52,0.76,0.905,61,100,0,31,32,"em_svd",NA,NA,NA,NA,1e-04,0.05,NA,TRUE,18,"independent_marginal_mixture",0.994145657257477,0.975833624195404,0.993464197211238,0.107935823791833,0.125310206660954,0.976152206099042,0.152433896502935,0.961623728996435,0.203492361188854,NA,NA,0.0613598298501299,1,11.061,0.253174337486005,0.18222712525051,0.967487609143894,0.180172601683161,0.318338196485891,5,-0.307698487874567,171.061041869812,4.02930733939367e-13,180.010390556388,3.49827200375742e-13,514569451326376,0.0721112656073296,0.00972655998730224,0.0299165506033027,0.997662252633289,NA,0.981596450106823,0.0721112656073296,0.00972655998730224,0.997662252633288,NA,0.979763866014099,0.00481305212498954,0.110422999999997,0.0146361986874994,32,28,"axis_sorted_product",0.975669333135975,"alpha+loading+joint_mu+joint_var+joint_weight",0.974373879637176,0.975515592231881,"alpha+loading+joint_mu+joint_weight",NA,NA,NA,NA,NA,NA,NA,NA,NA,NA,NA,NA,NA,NA,NA,NA,NA,NA,NA,NA,NA,NA,NA,NA,NA,NA,NA,NA,NA,NA,"fixed_ifeval_product_map_penalty5_rep1_H5_G2_2_2_2_2","both","expectation","intercept_only",NA,NA,NA,NA,"map",5,"riemannian",5,10,"cayley",5,"proximal",FALSE,TRUE,1e-08,FALSE,TRUE,3,TRUE,FALSE,0,0.05,3,2,1,0,0.05,3,2,1,TRUE,"left_subspace",30,30,FALSE,TRUE,3,TRUE,16,16,TRUE,"posterior_objective",TRUE,FALSE,0.0368164777755737,0.00317788124084473,0.0307974815368652,0.00221848487854004,0.102720975875854,0.0817220211029053,0.0193080902099609,0.00145888328552246,0.5061856508255,0.0569750070571899,0.418436050415039,0.0169855356216431
"rep1_balanced_moderate_dense_signed_cross_strong_cp0_05_ifeval_min30_n400_p500_H5_G2-2-2-2-2_sep2",1,"n400p500",400,500,5,"2-2-2-2-2","2-2-2-2-2",32,TRUE,TRUE,22262731,20772531,22262731,553189347,1000,2,"viroli_smoke","unequal","ifeval_like",0.45,1.6,1.75,"balanced_moderate_dense_signed_cross","ifeval_min30","block","loadings","strong",1,2,1,2,0.05,"random",54,75,206,74,101,14,20,1.214,0.214,0.0535,1.49654645403102,1.52266467329785,12.7524929735405,15.5160542572856,10.7277642446579,13.2362517165556,0,0,0,0,0.1975,0.31,0.52125,0.76,0.9175,138,200,0,32,32,"em_svd",NA,NA,NA,NA,1e-04,0.05,NA,TRUE,18,"independent_marginal_mixture",0.994363404530235,0.986544760071446,0.99350031903755,0.106042481874864,0.109797319950373,0.986317256568734,0.117594337307247,0.97917635023079,0.14852768484065,NA,NA,0.0487834801909844,1,15.344,0.217296744526381,0.134653629222676,0.976539512250374,0.163861533689719,0.303410121184107,5,-0.317651951132969,252.856022674727,7.54299460757027e-13,261.138066996685,7.09576214408965e-13,368019758404948,0.0220318523711157,0.00876249683445443,0.00908295106229267,0.999816717679281,NA,0.99830364593721,0.0220318523711157,0.00876249683445443,0.999816717679279,NA,0.998118443177051,0.0014787781339756,0.0367836934375011,0.00336836286718733,32,29,"axis_sorted_product",0.986611728078705,"alpha+loading+joint_mu+joint_var+joint_weight",0.985944372927717,0.986536488217953,"alpha+loading+joint_mu+joint_weight",NA,NA,NA,NA,NA,NA,NA,NA,NA,NA,NA,NA,NA,NA,NA,NA,NA,NA,NA,NA,NA,NA,NA,NA,NA,NA,NA,NA,NA,NA,"fixed_ifeval_product_map_penalty5_rep1_H5_G2_2_2_2_2","both","expectation","viroli_expectation_svd",NA,NA,NA,NA,"map",5,"riemannian",5,10,"cayley",5,"proximal",FALSE,TRUE,1e-08,FALSE,TRUE,3,TRUE,FALSE,0,0.05,3,2,1,0,0.05,3,2,1,TRUE,"left_subspace",27,27,FALSE,TRUE,6,TRUE,7,7,TRUE,"posterior_objective",TRUE,FALSE,0.13248610496521,0.00652718544006348,0.120625972747803,0.00474190711975098,0.19494354724884,0.139294505119324,0.0433938503265381,0.00266492366790771,0.772528886795044,0.0884850025177002,0.642611026763916,0.0248270034790039
"rep1_balanced_moderate_dense_signed_cross_strong_cp0_05_ifeval_min30_n100_p1000_H5_G2-2-2-2-2_sep2",1,"n100p1000",100,1000,5,"2-2-2-2-2","2-2-2-2-2",32,TRUE,TRUE,22262731,20772531,22262731,2036252399,1000,2,"viroli_smoke","unequal","ifeval_like",0.45,1.6,1.75,"balanced_moderate_dense_signed_cross","ifeval_min30","block","loadings","strong",1,2,1,2,0.05,"random",87,139,458,126,190,21,40,1.195,0.195,0.04875,1.49337146230671,1.52593145818473,16.8608751387451,21.0349541452727,13.7871437072219,17.8593077626417,0,0,0,0,0.15,0.3,0.52,0.78,0.93,31,50,0,28,32,"em_svd",NA,NA,NA,NA,1e-04,0.05,NA,TRUE,18,"independent_marginal_mixture",0.99292556846222,0.956847547270372,0.990960337104103,0.118352754276381,0.133673572948304,0.9600456574799,0.201681199957029,0.94630978724231,0.247746614973186,NA,NA,0.0790401810030057,1,8.013,0.309451533574047,0.271772239838563,0.95164998241972,0.166237181859541,0.257269411004325,5,-0.302626156244385,146.142074115455,2.60786846281838e-13,159.566160176893,2.80898820498018e-13,568055643288180,0.0515443053924462,0.0129391912648077,0.0209761769634013,0.998929475722906,NA,0.992553172140637,0.0515443053924462,0.0129391912648077,0.998929475722904,NA,0.991764752733717,0.00345952548607794,0.0857056599999927,0.00717913950000023,32,27,"axis_sorted_product",0.958498074336229,"alpha+loading+joint_mu+joint_var+joint_weight",0.957947419542563,0.958365996479612,"alpha+loading+joint_mu+joint_weight",NA,NA,NA,NA,NA,NA,NA,NA,NA,NA,NA,NA,NA,NA,NA,NA,NA,NA,NA,NA,NA,NA,NA,NA,NA,NA,NA,NA,NA,NA,"fixed_ifeval_product_map_penalty5_rep1_H5_G2_2_2_2_2","both","expectation","viroli_expectation_svd",NA,NA,NA,NA,"map",5,"riemannian",5,10,"cayley",5,"proximal",FALSE,TRUE,1e-08,FALSE,TRUE,3,TRUE,FALSE,0,0.05,3,2,1,0,0.05,3,2,1,TRUE,"left_subspace",26,26,FALSE,TRUE,2,TRUE,9,9,TRUE,"posterior_objective",TRUE,FALSE,0.0173095464706421,0.00320553779602051,0.0112471580505371,0.00226140022277832,0.0666561126708984,0.0536084175109863,0.0120306015014648,0.000963449478149414,0.706732988357544,0.0532500743865967,0.633461952209473,0.0142309665679932
"rep1_balanced_moderate_dense_signed_cross_strong_cp0_05_ifeval_min30_n200_p1000_H5_G2-2-2-2-2_sep2",1,"n200p1000",200,1000,5,"2-2-2-2-2","2-2-2-2-2",32,TRUE,TRUE,22262731,20772531,22262731,2005343080,1000,2,"viroli_smoke","unequal","ifeval_like",0.45,1.6,1.75,"balanced_moderate_dense_signed_cross","ifeval_min30","block","loadings","strong",1,2,1,2,0.05,"random",87,139,458,126,190,21,40,1.195,0.195,0.04875,1.49337146230671,1.52593145818473,16.8608751387451,21.0349541452727,13.7871437072219,17.8593077626417,0,0,0,0,0.195,0.30475,0.525,0.77,0.92,56,100,0,32,32,"em_svd",NA,NA,NA,NA,1e-04,0.05,NA,TRUE,18,"independent_marginal_mixture",0.995279703368177,0.974789759943351,0.994195707432263,0.0969195042152406,0.127148414866656,0.97563224584836,0.154349212595638,0.958042355418348,0.209601295320961,NA,NA,0.0609329332025884,1,15.387,0.242311450252559,0.160185270720492,0.970412337266059,0.134084611441248,0.240339537638848,5,-0.320303912245723,241.417818057505,5.76842665474379e-13,241.32703513661,6.30708854396822e-13,382628265727144,0.0995220432081697,0.00970763632965167,0.0398748040747534,0.995436422282272,NA,0.966435465688204,0.0995220432081697,0.00970763632965167,0.99543642228227,NA,0.96440369838667,0.00626764506570279,0.150893559999999,0.0177667679,32,27,"axis_sorted_product",0.973546724231558,"alpha+loading+joint_mu+joint_var+joint_weight",0.972993225019548,0.973453701561137,"alpha+loading+joint_mu+joint_weight",NA,NA,NA,NA,NA,NA,NA,NA,NA,NA,NA,NA,NA,NA,NA,NA,NA,NA,NA,NA,NA,NA,NA,NA,NA,NA,NA,NA,NA,NA,"fixed_ifeval_product_map_penalty5_rep1_H5_G2_2_2_2_2","both","expectation","viroli_expectation_svd",NA,NA,NA,NA,"map",5,"riemannian",5,10,"cayley",5,"proximal",FALSE,TRUE,1e-08,FALSE,TRUE,3,TRUE,FALSE,0,0.05,3,2,1,0,0.05,3,2,1,TRUE,"left_subspace",24,24,FALSE,TRUE,4,TRUE,12,12,TRUE,"posterior_objective",TRUE,FALSE,0.0615984201431274,0.00664889812469482,0.0497133731842041,0.00445306301116943,0.101608037948608,0.0810824632644653,0.0190105438232422,0.00147151947021484,0.912685990333557,0.0745174884796143,0.80914306640625,0.0180155038833618
"rep1_balanced_moderate_dense_signed_cross_strong_cp0_05_ifeval_min30_n400_p1000_H5_G2-2-2-2-2_sep2",1,"n400p1000",400,1000,5,"2-2-2-2-2","2-2-2-2-2",32,TRUE,TRUE,22262731,20772531,22262731,1943524442,1000,2,"viroli_smoke","unequal","ifeval_like",0.45,1.6,1.75,"balanced_moderate_dense_signed_cross","ifeval_min30","block","loadings","strong",1,2,1,2,0.05,"random",87,139,458,126,190,21,40,1.195,0.195,0.04875,1.49337146230671,1.52593145818473,16.8608751387451,21.0349541452727,13.7871437072219,17.8593077626417,0,0,0,0,0.2025,0.33475,0.5175,0.762625,0.895,127,200,0,32,32,"em_svd",NA,NA,NA,NA,1e-04,0.05,NA,TRUE,18,"independent_marginal_mixture",0.99642932824021,0.987140465174081,0.995130722610088,0.0844007710911506,0.108549497592955,0.987443614023335,0.111022323347147,0.97221175795365,0.170068549566895,NA,NA,0.0448631308956072,1,29.138,0.206713231794037,0.119376885208719,0.980627799592604,0.12703899429234,0.22350822325115,5,-0.327415742353967,342.165979592632,9.63685414443764e-13,331.687316245349,8.27399771209201e-13,400879149096942,0.0706676194016622,0.0054020031592176,0.0303315017762065,0.99822744671269,NA,0.982007851281504,0.0706676194016622,0.0054020031592176,0.998227446712688,NA,0.980102589345883,0.00497338359472112,0.114506577128907,0.0150153570751954,32,31,"axis_sorted_product",0.985559170663505,"alpha+loading+joint_mu+joint_var+joint_weight",0.985196170934463,0.985504390237388,"alpha+loading+joint_mu+joint_weight",NA,NA,NA,NA,NA,NA,NA,NA,NA,NA,NA,NA,NA,NA,NA,NA,NA,NA,NA,NA,NA,NA,NA,NA,NA,NA,NA,NA,NA,NA,"fixed_ifeval_product_map_penalty5_rep1_H5_G2_2_2_2_2","both","expectation","intercept_only",NA,NA,NA,NA,"map",5,"riemannian",5,10,"cayley",5,"proximal",FALSE,TRUE,1e-08,FALSE,TRUE,3,TRUE,FALSE,0,0.05,3,2,1,0,0.05,3,2,1,TRUE,"left_subspace",23,23,FALSE,TRUE,5,TRUE,11,11,TRUE,"posterior_objective",TRUE,FALSE,0.252640962600708,0.0131640434265137,0.228477001190186,0.0093681812286377,0.216028928756714,0.145961046218872,0.0331039428710938,0.0026400089263916,1.27254199981689,0.101137161254883,1.12468314170837,0.023932933807373
"rep1_balanced_moderate_dense_signed_cross_strong_cp0_05_ifeval_min30_n100_p500_H5_G3-3-3-3-3_sep2",1,"n100p500",100,500,5,"3-3-3-3-3","3-3-3-3-3",243,TRUE,TRUE,23012731,20772531,23012731,948421849,1000,2,"viroli_smoke","unequal","ifeval_like",0.45,1.6,1.75,"balanced_moderate_dense_signed_cross","ifeval_min30","block","loadings","strong",1,2,1,2,0.05,"random",54,75,206,74,101,14,20,1.214,0.214,0.0535,1.49654645403102,1.52266467329785,12.7524929735405,15.5160542572856,10.7277642446579,13.2362517165556,0,0,0,0,0.15,0.28,0.59,0.79,0.89,19,29,0,71,243,"em_svd",NA,NA,NA,NA,1e-04,0.05,NA,TRUE,18,"independent_marginal_mixture",0.986488408745607,0.962450833974962,0.977735536287941,0.163563292592493,0.185035076844509,0.965871392095116,0.18311581675588,0.955694704759154,0.254458882391442,NA,NA,0.0865372911273341,0.703892468101143,4.534,0.362029944668739,0.382083044763624,0.951095453124938,0.217510319196564,0.35400588149854,5,-0.284127617443784,125.240845363133,1.45299052025352e-13,146.24667131078,1.5745450378277e-13,928818597101215,0.115035941986035,0.0181195857461721,0.044587783267256,0.995405890470289,0.950208196090151,0.94301106740221,0.115035941986035,0.0181195857461721,0.9954058904703,0.938001136110287,0.926260743453416,0.00161039362025438,0.256988153236919,0.0106413884020506,229,13,"axis_sorted_product",0.978868508000181,"alpha+loading+joint_mu+joint_var+joint_weight",0.964095091990228,0.992651672000961,"alpha+loading+joint_mu+joint_log_var+joint_weight",NA,NA,NA,NA,NA,NA,NA,NA,NA,NA,NA,NA,NA,NA,NA,NA,NA,NA,NA,NA,NA,NA,NA,NA,NA,NA,NA,NA,NA,NA,"fixed_ifeval_product_map_penalty5_rep1_H5_G3_3_3_3_3","both","expectation","viroli_expectation_svd",NA,NA,NA,NA,"map",5,"riemannian",5,10,"cayley",5,"proximal",FALSE,TRUE,1e-08,FALSE,TRUE,3,TRUE,FALSE,0,0.05,3,2,1,0,0.05,3,2,1,FALSE,"max_iter",50,50,FALSE,TRUE,3,TRUE,7,7,TRUE,"posterior_objective",TRUE,FALSE,0.00948154926300049,0.00162553787231445,0.00644505023956299,0.00114846229553223,0.160646200180054,0.0626049041748047,0.0968918800354004,0.00108218193054199,0.356057167053223,0.0546500682830811,0.275879144668579,0.0237998962402344
"rep1_balanced_moderate_dense_signed_cross_strong_cp0_05_ifeval_min30_n200_p500_H5_G3-3-3-3-3_sep2",1,"n200p500",200,500,5,"3-3-3-3-3","3-3-3-3-3",243,TRUE,TRUE,23012731,20772531,23012731,1439975900,1000,2,"viroli_smoke","unequal","ifeval_like",0.45,1.6,1.75,"balanced_moderate_dense_signed_cross","ifeval_min30","block","loadings","strong",1,2,1,2,0.05,"random",54,75,206,74,101,14,20,1.214,0.214,0.0535,1.49654645403102,1.52266467329785,12.7524929735405,15.5160542572856,10.7277642446579,13.2362517165556,0,0,0,0,0.165,0.28475,0.5625,0.77,0.88,32,55,0,115,243,"em_svd",NA,NA,NA,NA,1e-04,0.05,NA,TRUE,18,"independent_marginal_mixture",0.990286200007908,0.978740095546,0.985187942579377,0.139034031748572,0.166017988220353,0.979486445620232,0.142407998464999,0.971032742513095,0.194171596739621,NA,NA,0.0689772630551062,0.743202197621394,9.859,0.253686080642729,0.18052446380382,0.969775042324939,0.177350289858606,0.336745523157972,5,-0.317351759389643,170.434327453458,3.19068174047164e-13,173.334176030794,3.48831555746731e-13,496899357799622,0.109215393714157,0.0228272160888958,0.0367247740176677,0.996730214747751,0.676492201766223,0.95868716967776,0.109215393714157,0.0228272160888958,0.996730214747759,0.681467788646908,0.94813700104015,0.00131299977711857,0.220751613739492,0.0060601142384807,230,14,"axis_sorted_product",0.986756541507653,"alpha+loading+joint_mu+joint_var+joint_weight",0.904682499131615,0.991130142015021,"alpha+loading+joint_mu+joint_log_var+joint_weight",NA,NA,NA,NA,NA,NA,NA,NA,NA,NA,NA,NA,NA,NA,NA,NA,NA,NA,NA,NA,NA,NA,NA,NA,NA,NA,NA,NA,NA,NA,"fixed_ifeval_product_map_penalty5_rep1_H5_G3_3_3_3_3","both","expectation","intercept_only",NA,NA,NA,NA,"map",5,"riemannian",5,10,"cayley",5,"proximal",FALSE,TRUE,1e-08,FALSE,TRUE,3,TRUE,FALSE,0,0.05,3,2,1,0,0.05,3,2,1,TRUE,"left_subspace",42,42,FALSE,TRUE,2,TRUE,11,11,TRUE,"posterior_objective",TRUE,FALSE,0.0367684364318848,0.00325155258178711,0.0306483507156372,0.00224137306213379,0.210443019866943,0.0940014123916626,0.114740967750549,0.0016399621963501,0.504750967025757,0.0588819980621338,0.396414995193481,0.0398030281066895
"rep1_balanced_moderate_dense_signed_cross_strong_cp0_05_ifeval_min30_n400_p500_H5_G3-3-3-3-3_sep2",1,"n400p500",400,500,5,"3-3-3-3-3","3-3-3-3-3",243,TRUE,TRUE,23012731,20772531,23012731,275601002,1000,2,"viroli_smoke","unequal","ifeval_like",0.45,1.6,1.75,"balanced_moderate_dense_signed_cross","ifeval_min30","block","loadings","strong",1,2,1,2,0.05,"random",54,75,206,74,101,14,20,1.214,0.214,0.0535,1.49654645403102,1.52266467329785,12.7524929735405,15.5160542572856,10.7277642446579,13.2362517165556,0,0,0,0,0.155,0.30475,0.5775,0.772625,0.88,77,125,0,165,243,"em_svd",NA,NA,NA,NA,1e-04,0.05,NA,TRUE,18,"independent_marginal_mixture",0.99182094910788,0.989489696063246,0.986607287093932,0.127738821545292,0.135224493566515,0.990246899538569,0.0968081578959711,0.989657838536178,0.107865740984466,NA,NA,0.0538415806404218,0.802759369506675,19.956,0.203317601921423,0.12214575335962,0.980677383683289,0.187473611582485,0.325777780043902,5,-0.309047244063315,249.877434626051,9.00271569043577e-13,262.966376202069,8.35016209864673e-13,314923678241752,0.0419196300174097,0.0178794806029114,0.0266297607323664,0.999539639675908,0.725858049061982,0.983365312610453,0.0419196300174097,0.0178794806029114,0.999539639675929,0.75250549315189,0.977662356618462,0.000993002092126641,0.145878148495655,0.00795810299705763,225,15,"axis_sorted_product",0.994985089082847,"alpha+loading+joint_mu+joint_var+joint_weight",0.934715884474478,0.995066406462743,"alpha+loading+joint_mu+joint_log_var+joint_weight",NA,NA,NA,NA,NA,NA,NA,NA,NA,NA,NA,NA,NA,NA,NA,NA,NA,NA,NA,NA,NA,NA,NA,NA,NA,NA,NA,NA,NA,NA,"fixed_ifeval_product_map_penalty5_rep1_H5_G3_3_3_3_3","both","expectation","viroli_expectation_svd",NA,NA,NA,NA,"map",5,"riemannian",5,10,"cayley",5,"proximal",FALSE,TRUE,1e-08,FALSE,TRUE,3,TRUE,FALSE,0,0.05,3,2,1,0,0.05,3,2,1,TRUE,"left_subspace",50,50,FALSE,TRUE,2,TRUE,7,7,TRUE,"posterior_objective",TRUE,FALSE,0.132608532905579,0.00657200813293457,0.120620489120483,0.00450360774993896,0.315182089805603,0.143311500549316,0.169046521186829,0.00272297859191895,0.66037392616272,0.0860538482666016,0.489845991134644,0.057452917098999
"rep1_balanced_moderate_dense_signed_cross_strong_cp0_05_ifeval_min30_n100_p1000_H5_G3-3-3-3-3_sep2",1,"n100p1000",100,1000,5,"3-3-3-3-3","3-3-3-3-3",243,TRUE,TRUE,23012731,20772531,23012731,1758664054,1000,2,"viroli_smoke","unequal","ifeval_like",0.45,1.6,1.75,"balanced_moderate_dense_signed_cross","ifeval_min30","block","loadings","strong",1,2,1,2,0.05,"random",87,139,458,126,190,21,40,1.195,0.195,0.04875,1.49337146230671,1.52593145818473,16.8608751387451,21.0349541452727,13.7871437072219,17.8593077626417,0,0,0,0,0.14,0.29,0.62,0.8205,0.94,15,26,0,68,243,"em_svd",NA,NA,NA,NA,1e-04,0.05,NA,TRUE,18,"independent_marginal_mixture",0.987404680495044,0.956267792489783,0.983685520587548,0.157920019692923,0.202922713841376,0.959172618821239,0.200694808387215,0.943266750529071,0.348033741796948,NA,NA,0.0879213684772836,0.617094790884764,5.441,0.349772602424383,0.316247370224265,0.949962978185805,0.15641678166986,0.276229392527347,5,-0.297812818286539,159.9411120603,2.39364051682238e-13,179.852083833892,2.52847910095219e-13,711305400017593,0.126601065657697,0.0283590957440717,0.0507741052726494,0.994532155604907,0.484412567121962,0.913413456493777,0.126601065657697,0.0283590957440717,0.994532155604922,0.539784010313342,0.894162401240037,0.00177402016657855,0.284365545474535,0.00841559821191962,223,17,"axis_sorted_product",0.962102878050947,"alpha+loading+joint_mu+joint_var+joint_weight",0.876631693849511,0.981183634618308,"alpha+loading+joint_mu+joint_log_var+joint_weight",NA,NA,NA,NA,NA,NA,NA,NA,NA,NA,NA,NA,NA,NA,NA,NA,NA,NA,NA,NA,NA,NA,NA,NA,NA,NA,NA,NA,NA,NA,"fixed_ifeval_product_map_penalty5_rep1_H5_G3_3_3_3_3","both","expectation","intercept_only",NA,NA,NA,NA,"map",5,"riemannian",5,10,"cayley",5,"proximal",FALSE,TRUE,1e-08,FALSE,TRUE,3,TRUE,FALSE,0,0.05,3,2,1,0,0.05,3,2,1,TRUE,"left_subspace",41,41,FALSE,TRUE,3,TRUE,6,6,TRUE,"posterior_objective",TRUE,FALSE,0.017024040222168,0.00307583808898926,0.0110540390014648,0.00220108032226562,0.114063024520874,0.0581231117248535,0.067230224609375,0.000991106033325195,0.53840696811676,0.0611460208892822,0.448514938354492,0.0269659757614136
"rep1_balanced_moderate_dense_signed_cross_strong_cp0_05_ifeval_min30_n200_p1000_H5_G3-3-3-3-3_sep2",1,"n200p1000",200,1000,5,"3-3-3-3-3","3-3-3-3-3",243,TRUE,TRUE,23012731,20772531,23012731,1727754735,1000,2,"viroli_smoke","unequal","ifeval_like",0.45,1.6,1.75,"balanced_moderate_dense_signed_cross","ifeval_min30","block","loadings","strong",1,2,1,2,0.05,"random",87,139,458,126,190,21,40,1.195,0.195,0.04875,1.49337146230671,1.52593145818473,16.8608751387451,21.0349541452727,13.7871437072219,17.8593077626417,0,0,0,0,0.12,0.32,0.575,0.785,0.905,38,59,0,111,243,"em_svd",NA,NA,NA,NA,1e-04,0.05,NA,TRUE,18,"independent_marginal_mixture",0.993434668432969,0.977642276033279,0.989402477913046,0.114302273898606,0.125215310085749,0.979931007146762,0.138539614488336,0.975105175405543,0.157978781572827,NA,NA,0.0656236849286124,0.788396998178036,12.699,0.22854227395731,0.144581507106959,0.974332721802363,0.158908043597192,0.254434860865827,5,-0.32240831666612,229.718271868824,8.23291764194215e-13,239.032284176304,8.01209621910953e-13,298339258091024,0.0601189296005233,0.0164502839736442,0.0234709363302115,0.999237688683848,0.865371602222882,0.983469738140176,0.0601189296005233,0.0164502839736443,0.999237688683853,0.855510174798579,0.979622626455977,0.000837228950506028,0.13126099348432,0.00467357007084951,225,16,"axis_sorted_product",0.986449844672181,"alpha+loading+joint_mu+joint_var+joint_weight",0.961711568987224,0.993434482660045,"alpha+loading+joint_mu+joint_log_var+joint_weight",NA,NA,NA,NA,NA,NA,NA,NA,NA,NA,NA,NA,NA,NA,NA,NA,NA,NA,NA,NA,NA,NA,NA,NA,NA,NA,NA,NA,NA,NA,"fixed_ifeval_product_map_penalty5_rep1_H5_G3_3_3_3_3","both","expectation","viroli_expectation_svd",NA,NA,NA,NA,"map",5,"riemannian",5,10,"cayley",5,"proximal",FALSE,TRUE,1e-08,FALSE,TRUE,3,TRUE,FALSE,0,0.05,3,2,1,0,0.05,3,2,1,TRUE,"left_subspace",37,37,FALSE,TRUE,3,TRUE,9,9,TRUE,"posterior_objective",TRUE,FALSE,0.0607860088348389,0.00636982917785645,0.0492630004882812,0.00440692901611328,0.194100856781006,0.0848181247711182,0.0931088924407959,0.00162696838378906,0.758540868759155,0.0772459506988525,0.620743036270142,0.0351719856262207
"rep1_balanced_moderate_dense_signed_cross_strong_cp0_05_ifeval_min30_n400_p1000_H5_G3-3-3-3-3_sep2",1,"n400p1000",400,1000,5,"3-3-3-3-3","3-3-3-3-3",243,TRUE,TRUE,23012731,20772531,23012731,1665936097,1000,2,"viroli_smoke","unequal","ifeval_like",0.45,1.6,1.75,"balanced_moderate_dense_signed_cross","ifeval_min30","block","loadings","strong",1,2,1,2,0.05,"random",87,139,458,126,190,21,40,1.195,0.195,0.04875,1.49337146230671,1.52593145818473,16.8608751387451,21.0349541452727,13.7871437072219,17.8593077626417,0,0,0,0,0.17,0.314875,0.58,0.7875,0.89,66,113,0,155,243,"em_svd",NA,NA,NA,NA,1e-04,0.05,NA,TRUE,18,"independent_marginal_mixture",0.995213263301327,0.988370141039338,0.991841303748699,0.097721746371273,0.10603406424601,0.989486397208464,0.100951082380942,0.986946837628961,0.1160355942251,NA,NA,0.0488577750933442,0.814394250995969,32.824,0.172425732177262,0.0813643695138866,0.985029632498882,0.140175647563527,0.234249087514068,5,-0.327882166673521,314.87588957164,7.53822677318143e-13,312.124833922234,9.56275573192438e-13,326396326197306,0.0426800773801167,0.0145415864821231,0.0199273599525686,0.999300012954323,0.852601257565245,0.987780629742385,0.0426800773801167,0.0145415864821231,0.999300012954338,0.838840254171202,0.985542439502468,0.000690263703274301,0.109800239760063,0.00382874976565472,213,22,"axis_sorted_product",0.99278672768018,"alpha+loading+joint_mu+joint_var+joint_weight",0.97225749070516,0.996131808128307,"alpha+loading+joint_mu+joint_log_var+joint_weight",NA,NA,NA,NA,NA,NA,NA,NA,NA,NA,NA,NA,NA,NA,NA,NA,NA,NA,NA,NA,NA,NA,NA,NA,NA,NA,NA,NA,NA,NA,"fixed_ifeval_product_map_penalty5_rep1_H5_G3_3_3_3_3","both","expectation","viroli_expectation_svd",NA,NA,NA,NA,"map",5,"riemannian",5,10,"cayley",5,"proximal",FALSE,TRUE,1e-08,FALSE,TRUE,3,TRUE,FALSE,0,0.05,3,2,1,0,0.05,3,2,1,TRUE,"left_subspace",38,38,FALSE,TRUE,2,TRUE,10,10,TRUE,"posterior_objective",TRUE,FALSE,0.249176979064941,0.0127514600753784,0.22588586807251,0.00893545150756836,0.290247440338135,0.154332995414734,0.1330885887146,0.00276553630828857,1.04074096679688,0.104604482650757,0.867990970611572,0.0495989322662354
"rep2_balanced_moderate_dense_signed_cross_strong_cp0_05_ifeval_min30_n100_p500_H10_G2-2-2-2-2-2-2-2-2-2_sep2",2,"n100p500",100,500,10,"2-2-2-2-2-2-2-2-2-2","2-2-2-2-2-2-2-2-2-2",1024,TRUE,TRUE,26762731,21272531,26762731,95985985,1000,2,"viroli_smoke","unequal","ifeval_like",0.45,1.6,1.75,"balanced_moderate_dense_signed_cross","ifeval_min30","block","loadings","strong",1,2,1,2,0.05,"random",35,40,114,56,67,17,23.5,1.478,0.478,0.0531111111111111,1.50306956235413,1.48404375325584,11.3609624549555,12.5711687343245,9.14597853706678,9.75326946907888,0,0,0,0,0.21,0.3,0.5,0.710999999999999,0.89,31,50,0,87,1024,"em_svd",NA,NA,NA,NA,1e-04,0.05,NA,TRUE,18,"independent_marginal_mixture",0.991278216957115,0.951070525696886,0.989185615992337,0.131412063467976,0.137623330488277,0.951471910208627,0.177512399893601,0.932674378064883,0.254326594531388,NA,NA,0.102949732479108,1,7.271,0.492130775347234,0.836861455136647,0.916514156881864,0.242342019491195,0.580759107370908,10,-0.240996944581961,95.551882885049,1.1063001683159e-13,124.986029037275,1.21379797631507e-13,1029710309920898,0.0496342163795644,0.00768907960968886,0.0199999999999984,0.999083920862732,NA,0.993337489269852,0.0496342163795646,0.00768907960968886,0.999083920862845,NA,0.990480920926773,0.000192116426847645,0.109411115883354,0.00169305279988334,338,1,"axis_sorted_product",0.991825734866021,"alpha+loading+joint_mu+joint_var+joint_weight",0.981922699982885,0.991683677784468,"alpha+loading+joint_mu+joint_weight",NA,NA,NA,NA,NA,NA,NA,NA,NA,NA,NA,NA,NA,NA,NA,NA,NA,NA,NA,NA,NA,NA,NA,NA,NA,NA,NA,NA,NA,NA,"fixed_ifeval_product_map_penalty5_rep2_H10_G2_2_2_2_2_2_2_2_2_2","both","expectation","intercept_only",NA,NA,NA,NA,"map",5,"riemannian",5,10,"cayley",5,"proximal",FALSE,TRUE,1e-08,FALSE,TRUE,3,TRUE,FALSE,0,0.05,3,2,1,0,0.05,3,2,1,TRUE,"left_subspace",43,43,FALSE,TRUE,4,TRUE,11,11,TRUE,"posterior_objective",TRUE,FALSE,0.00954318046569824,0.0016169548034668,0.00648403167724609,0.00120115280151367,0.140127539634705,0.105633497238159,0.039592981338501,0.00197041034698486,0.463310956954956,0.0729169845581055,0.344686031341553,0.0311679840087891
"rep2_balanced_moderate_dense_signed_cross_strong_cp0_05_ifeval_min30_n200_p500_H10_G2-2-2-2-2-2-2-2-2-2_sep2",2,"n200p500",200,500,10,"2-2-2-2-2-2-2-2-2-2","2-2-2-2-2-2-2-2-2-2",1024,TRUE,TRUE,26762731,21272531,26762731,784764466,1000,2,"viroli_smoke","unequal","ifeval_like",0.45,1.6,1.75,"balanced_moderate_dense_signed_cross","ifeval_min30","block","loadings","strong",1,2,1,2,0.05,"random",35,40,114,56,67,17,23.5,1.478,0.478,0.0531111111111111,1.50306956235413,1.48404375325584,11.3609624549555,12.5711687343245,9.14597853706678,9.75326946907888,0,0,0,0,0.205,0.30975,0.5075,0.72025,0.885,60,100,0,160,1024,"em_svd",NA,NA,NA,NA,1e-04,0.05,NA,TRUE,18,"independent_marginal_mixture",0.99220546324947,0.96452268315343,0.990084012887308,0.124543679621061,0.145163063854622,0.963873717936742,0.151388362213394,0.932706489125025,0.275356833163729,NA,NA,0.0827345876473575,1,173.599,0.340452684545847,0.399500293934043,0.948513720683617,0.216310607410853,0.546083894815954,10,-0.269408067760362,140.072650563293,2.48186816556323e-13,161.527423281354,2.46737602293872e-13,654652642238819,0.0799447748080915,0.0124430929950458,0.0329772648956821,0.997089436857315,NA,0.976040278404748,0.0799447748080914,0.0124430929950458,0.997089436857445,NA,0.968720469329972,0.000286382654091563,0.176332966880098,0.00176822145927613,318,1,"axis_sorted_product",0.991803083451487,"alpha+loading+joint_mu+joint_var+joint_weight",0.983278949554449,0.991650512031656,"alpha+loading+joint_mu+joint_weight",NA,NA,NA,NA,NA,NA,NA,NA,NA,NA,NA,NA,NA,NA,NA,NA,NA,NA,NA,NA,NA,NA,NA,NA,NA,NA,NA,NA,NA,NA,"fixed_ifeval_product_map_penalty5_rep2_H10_G2_2_2_2_2_2_2_2_2_2","both","expectation","viroli_expectation_svd",NA,NA,NA,NA,"map",5,"riemannian",5,10,"cayley",5,"proximal",FALSE,TRUE,1e-08,FALSE,TRUE,3,TRUE,FALSE,0,0.05,3,2,1,0,0.05,3,2,1,TRUE,"left_subspace",39,39,FALSE,TRUE,3,TRUE,22,22,TRUE,"posterior_objective",TRUE,FALSE,0.0371379852294922,0.00319910049438477,0.0309128761291504,0.00233793258666992,0.206575155258179,0.165839910507202,0.0374782085418701,0.00318789482116699,2.1740574836731,0.209093451499939,1.80457198619843,0.0398564338684082
"rep2_balanced_moderate_dense_signed_cross_strong_cp0_05_ifeval_min30_n400_p500_H10_G2-2-2-2-2-2-2-2-2-2_sep2",2,"n400p500",400,500,10,"2-2-2-2-2-2-2-2-2-2","2-2-2-2-2-2-2-2-2-2",1024,TRUE,TRUE,26762731,21272531,26762731,14838428,1000,2,"viroli_smoke","unequal","ifeval_like",0.45,1.6,1.75,"balanced_moderate_dense_signed_cross","ifeval_min30","block","loadings","strong",1,2,1,2,0.05,"random",35,40,114,56,67,17,23.5,1.478,0.478,0.0531111111111111,1.50306956235413,1.48404375325584,11.3609624549555,12.5711687343245,9.14597853706678,9.75326946907888,0,0,0,0,0.205,0.324875,0.515,0.71275,0.8825,130,200,0,286,1024,"em_svd",NA,NA,NA,NA,1e-04,0.05,NA,TRUE,18,"independent_marginal_mixture",0.992989401816617,0.98551737764009,0.991461742846978,0.118263026241717,0.124436818595719,0.985402967765541,0.0984198906444,0.973157462010104,0.155473837612732,NA,NA,0.0639131386461483,1,1168.248,0.263649785943498,0.238616972059991,0.965066863381179,0.203733066222752,0.537329205952215,10,-0.284762263881938,215.623513893123,5.66750412038924e-13,221.140223393097,6.18010407152613e-13,357826050878279,0.0448369778371215,0.00783212972464163,0.0191213231759725,0.999171161213574,NA,0.992190737424662,0.0448369778371215,0.00783212972464163,0.999171161213767,NA,0.989462670802145,0.000171211620079801,0.103199531274028,0.00138734479788511,349,1,"axis_sorted_product",0.996965798847237,"alpha+loading+joint_mu+joint_var+joint_weight",0.993634462131902,0.996967001386479,"alpha+loading+joint_mu+joint_weight",NA,NA,NA,NA,NA,NA,NA,NA,NA,NA,NA,NA,NA,NA,NA,NA,NA,NA,NA,NA,NA,NA,NA,NA,NA,NA,NA,NA,NA,NA,"fixed_ifeval_product_map_penalty5_rep2_H10_G2_2_2_2_2_2_2_2_2_2","both","expectation","viroli_expectation_svd",NA,NA,NA,NA,"map",5,"riemannian",5,10,"cayley",5,"proximal",FALSE,TRUE,1e-08,FALSE,TRUE,3,TRUE,FALSE,0,0.05,3,2,1,0,0.05,3,2,1,TRUE,"left_subspace",31,31,FALSE,TRUE,5,TRUE,7,7,TRUE,"posterior_objective",TRUE,FALSE,0.508342027664185,0.0260908603668213,0.4599609375,0.0181870460510254,1.36460900306702,1.06377100944519,0.280616044998169,0.0199530124664307,6.70304298400879,0.624577045440674,5.88333606719971,0.124890089035034
"rep2_balanced_moderate_dense_signed_cross_strong_cp0_05_ifeval_min30_n100_p1000_H10_G2-2-2-2-2-2-2-2-2-2_sep2",2,"n100p1000",100,1000,10,"2-2-2-2-2-2-2-2-2-2","2-2-2-2-2-2-2-2-2-2",1024,TRUE,TRUE,26762731,21272531,26762731,513959170,1000,2,"viroli_smoke","unequal","ifeval_like",0.45,1.6,1.75,"balanced_moderate_dense_signed_cross","ifeval_min30","block","loadings","strong",1,2,1,2,0.05,"random",47,65,325,94,115,39,44.5,1.459,0.459,0.051,1.50782057986734,1.48608600948927,14.7650171336429,16.5784596097826,10.6250843505581,12.4519826278727,0,0,0,0,0.18,0.28,0.54,0.7505,0.91,23,50,0,89,1024,"em_svd",NA,NA,NA,NA,1e-04,0.05,NA,TRUE,18,"independent_marginal_mixture",0.99212040946167,0.946359011165302,0.989468093595754,0.124906321961274,0.176087288458682,0.950540502005743,0.179789132381194,0.917826865784155,0.294872130430469,NA,NA,0.100396872001876,1,338.057,0.455040602362125,0.702124453691732,0.921623537782126,0.246650711243045,0.516240187831291,10,-0.246105209052512,107.989228942407,2.25910399831358e-13,143.417999015218,2.24414430015947e-13,639076546927162,0.153380718401713,0.0100622819385205,0.0579655069847555,0.991160378496394,NA,0.952414581058154,0.153380718401714,0.0100622819385204,0.991160378496531,NA,0.930081846423509,0.000580509833975946,0.32066373402855,0.00605404494863106,292,3,"axis_sorted_product",0.978707304539978,"alpha+loading+joint_mu+joint_var+joint_weight",0.962318517825237,0.978381104686184,"alpha+loading+joint_mu+joint_weight",NA,NA,NA,NA,NA,NA,NA,NA,NA,NA,NA,NA,NA,NA,NA,NA,NA,NA,NA,NA,NA,NA,NA,NA,NA,NA,NA,NA,NA,NA,"fixed_ifeval_product_map_penalty5_rep2_H10_G2_2_2_2_2_2_2_2_2_2","both","expectation","intercept_only",NA,NA,NA,NA,"map",5,"riemannian",5,10,"cayley",5,"proximal",FALSE,TRUE,1e-08,FALSE,TRUE,3,TRUE,FALSE,0,0.05,3,2,1,0,0.05,3,2,1,TRUE,"left_subspace",40,40,FALSE,TRUE,4,TRUE,9,9,TRUE,"posterior_objective",TRUE,FALSE,0.0635658502578735,0.0130394697189331,0.0386165380477905,0.00921857357025146,0.517516613006592,0.387452602386475,0.103277564048767,0.00773906707763672,2.22955894470215,0.105123996734619,1.99534296989441,0.0350100994110107
"rep2_balanced_moderate_dense_signed_cross_strong_cp0_05_ifeval_min30_n200_p1000_H10_G2-2-2-2-2-2-2-2-2-2_sep2",2,"n200p1000",200,1000,10,"2-2-2-2-2-2-2-2-2-2","2-2-2-2-2-2-2-2-2-2",1024,TRUE,TRUE,26762731,21272531,26762731,549654181,1000,2,"viroli_smoke","unequal","ifeval_like",0.45,1.6,1.75,"balanced_moderate_dense_signed_cross","ifeval_min30","block","loadings","strong",1,2,1,2,0.05,"random",47,65,325,94,115,39,44.5,1.459,0.459,0.051,1.50782057986734,1.48608600948927,14.7650171336429,16.5784596097826,10.6250843505581,12.4519826278727,0,0,0,0,0.225,0.325,0.54,0.735,0.89,65,100,0,172,1024,"em_svd",NA,NA,NA,NA,1e-04,0.05,NA,TRUE,18,"independent_marginal_mixture",0.99400865632903,0.96888691901053,0.992772428097826,0.109191455275723,0.13167703986572,0.970176385291544,0.137365490176378,0.94923488811077,0.212274221282815,NA,NA,0.0809308738476523,1,55.5429999999999,0.292441436564445,0.294474958978394,0.95673470741628,0.195307741214339,0.415761078192562,10,-0.284512459618032,187.183827452151,5.16806469175243e-13,196.668758339447,5.80978279843503e-13,338513099650512,0.073782396035117,0.0100668655494764,0.03282529512434,0.997801944214319,NA,0.976808270667457,0.073782396035117,0.0100668655494763,0.997801944214396,NA,0.968224648214347,0.000295421755968971,0.176305286517951,0.00267061583722613,330,1,"axis_sorted_product",0.990422822794444,"alpha+loading+joint_mu+joint_var+joint_weight",0.981708678363833,0.990277597197998,"alpha+loading+joint_mu+joint_weight",NA,NA,NA,NA,NA,NA,NA,NA,NA,NA,NA,NA,NA,NA,NA,NA,NA,NA,NA,NA,NA,NA,NA,NA,NA,NA,NA,NA,NA,NA,"fixed_ifeval_product_map_penalty5_rep2_H10_G2_2_2_2_2_2_2_2_2_2","both","expectation","intercept_only",NA,NA,NA,NA,"map",5,"riemannian",5,10,"cayley",5,"proximal",FALSE,TRUE,1e-08,FALSE,TRUE,3,TRUE,FALSE,0,0.05,3,2,1,0,0.05,3,2,1,TRUE,"left_subspace",28,28,FALSE,TRUE,4,TRUE,15,15,TRUE,"posterior_objective",TRUE,FALSE,0.101249575614929,0.0112814903259277,0.0816010236740112,0.0077364444732666,0.329370498657227,0.243044495582581,0.0596009492874146,0.00479602813720703,2.77024793624878,0.164865016937256,2.52770590782166,0.0396170616149902
"rep2_balanced_moderate_dense_signed_cross_strong_cp0_05_ifeval_min30_n400_p1000_H10_G2-2-2-2-2-2-2-2-2-2_sep2",2,"n400p1000",400,1000,10,"2-2-2-2-2-2-2-2-2-2","2-2-2-2-2-2-2-2-2-2",1024,TRUE,TRUE,26762731,21272531,26762731,621044203,1000,2,"viroli_smoke","unequal","ifeval_like",0.45,1.6,1.75,"balanced_moderate_dense_signed_cross","ifeval_min30","block","loadings","strong",1,2,1,2,0.05,"random",47,65,325,94,115,39,44.5,1.459,0.459,0.051,1.50782057986734,1.48608600948927,14.7650171336429,16.5784596097826,10.6250843505581,12.4519826278727,0,0,0,0,0.235,0.345,0.535,0.72,0.9275,133,200,0,295,1024,"em_svd",NA,NA,NA,NA,1e-04,0.05,NA,TRUE,18,"independent_marginal_mixture",0.995031357298887,0.983613528403372,0.99368188684242,0.0995612484288939,0.110666303242272,0.984569874527273,0.0994840230315218,0.971466771093078,0.157302849707009,NA,NA,0.0612255577685391,1,62.606,0.241180577029368,0.199935748492905,0.971437792212191,0.158468542992543,0.406861606506519,10,-0.299006521068264,281.636416789866,7.14477948870647e-13,273.555794674413,5.951997674699e-13,459603329210385,0.0487756127701822,0.00429240085032013,0.0211984669257004,0.999228632991703,NA,0.992205100820114,0.0487756127701822,0.0042924008503201,0.999228632991804,NA,0.988664410021364,0.000201387390791197,0.112740528216474,0.00237302109954089,359,1,"axis_sorted_product",0.995167777594206,"alpha+loading+joint_mu+joint_var+joint_weight",0.990722331940925,0.995111447274211,"alpha+loading+joint_mu+joint_weight",NA,NA,NA,NA,NA,NA,NA,NA,NA,NA,NA,NA,NA,NA,NA,NA,NA,NA,NA,NA,NA,NA,NA,NA,NA,NA,NA,NA,NA,NA,"fixed_ifeval_product_map_penalty5_rep2_H10_G2_2_2_2_2_2_2_2_2_2","both","expectation","intercept_only",NA,NA,NA,NA,"map",5,"riemannian",5,10,"cayley",5,"proximal",FALSE,TRUE,1e-08,FALSE,TRUE,3,TRUE,FALSE,0,0.05,3,2,1,0,0.05,3,2,1,TRUE,"left_subspace",25,25,FALSE,TRUE,5,TRUE,13,13,TRUE,"posterior_objective",TRUE,FALSE,0.373523950576782,0.0192971229553223,0.338273048400879,0.0137171745300293,0.573161840438843,0.398802042007446,0.0977871417999268,0.00778794288635254,2.82794213294983,0.204611778259277,2.54713296890259,0.0417251586914062
"rep2_balanced_moderate_dense_signed_cross_strong_cp0_05_ifeval_min30_n100_p500_H10_G3-3-3-3-3-3-3-3-3-3_sep2",2,"n100p500",100,500,10,"3-3-3-3-3-3-3-3-3-3","3-3-3-3-3-3-3-3-3-3",59049,TRUE,TRUE,29512731,21272531,29512731,593263295,1000,2,"viroli_smoke","unequal","ifeval_like",0.45,1.6,1.75,"balanced_moderate_dense_signed_cross","ifeval_min30","block","loadings","strong",1,2,1,2,0.05,"random",35,40,114,56,67,17,23.5,1.478,0.478,0.0531111111111111,1.50306956235413,1.48404375325584,11.3609624549555,12.5711687343245,9.14597853706678,9.75326946907888,0,0,0,0,0.23,0.33,0.56,0.74,0.86,14,31.5,0,100,59049,"em_svd",NA,NA,NA,NA,1e-04,0.05,NA,TRUE,18,"independent_marginal_mixture",0.982104715479775,0.949652770167325,0.975548876368208,0.188235659082028,0.210206101071332,0.949540160216192,0.178992339570899,0.93211858972861,0.271659885651395,NA,NA,0.113401083880296,NA,11.235,0.507869449573717,0.913027489177086,0.921943555471229,0.259135395054432,0.594617147193604,10,-0.243545321217433,99.3347556840984,1.0663244787227e-13,126.380489149338,1.47753701007176e-13,855345675186841,0.122874903736497,0.0295373695952957,0.0686560202472874,0.994516148398172,0.645184283243869,0.83488415399613,NA,NA,NA,NA,NA,NA,NA,NA,NA,NA,"skipped_large_K",NA,"skipped_large_K",NA,NA,"skipped_large_K",NA,NA,NA,NA,NA,NA,NA,NA,NA,NA,NA,NA,NA,NA,NA,NA,NA,NA,NA,NA,NA,NA,NA,NA,NA,NA,NA,NA,NA,NA,"fixed_ifeval_product_map_penalty5_rep2_H10_G3_3_3_3_3_3_3_3_3_3","both","expectation","intercept_only",NA,NA,NA,NA,"map",5,"riemannian",5,10,"cayley",5,"proximal",FALSE,TRUE,1e-08,FALSE,TRUE,3,TRUE,FALSE,0,0.05,3,2,1,0,0.05,3,2,1,TRUE,"left_subspace",50,50,FALSE,TRUE,5,TRUE,9,9,TRUE,"posterior_objective",TRUE,FALSE,0.0140271186828613,0.00238704681396484,0.00962460041046143,0.0017240047454834,0.36710000038147,0.1403489112854,0.19413685798645,0.00305819511413574,0.757559776306152,0.0782921314239502,0.630379915237427,0.0417380332946777
"rep2_balanced_moderate_dense_signed_cross_strong_cp0_05_ifeval_min30_n200_p500_H10_G3-3-3-3-3-3-3-3-3-3_sep2",2,"n200p500",200,500,10,"3-3-3-3-3-3-3-3-3-3","3-3-3-3-3-3-3-3-3-3",59049,TRUE,TRUE,29512731,21272531,29512731,1282041776,1000,2,"viroli_smoke","unequal","ifeval_like",0.45,1.6,1.75,"balanced_moderate_dense_signed_cross","ifeval_min30","block","loadings","strong",1,2,1,2,0.05,"random",35,40,114,56,67,17,23.5,1.478,0.478,0.0531111111111111,1.50306956235413,1.48404375325584,11.3609624549555,12.5711687343245,9.14597853706678,9.75326946907888,0,0,0,0,0.195,0.32,0.56,0.76025,0.86,22,58.5,0,198,59049,"em_svd",NA,NA,NA,NA,1e-04,0.05,NA,TRUE,18,"independent_marginal_mixture",0.98550703286027,0.972086604926733,0.977948789926691,0.169826395498645,0.185402568962636,0.97229358035241,0.133270011259886,0.957201784487036,0.208701261705355,NA,NA,0.0943432097193568,NA,19.958,0.339430548687369,0.385383005567088,0.953040682018406,0.223309125349599,0.566671149449924,10,-0.283810904835966,136.162593776235,2.89208840742556e-13,157.069439923315,2.83426318961703e-13,554180855534939,0.0984004189925034,0.0232291498116085,0.0361995221449742,0.996184826992954,0.777679697007491,0.956999796724391,NA,NA,NA,NA,NA,NA,NA,NA,NA,NA,"skipped_large_K",NA,"skipped_large_K",NA,NA,"skipped_large_K",NA,NA,NA,NA,NA,NA,NA,NA,NA,NA,NA,NA,NA,NA,NA,NA,NA,NA,NA,NA,NA,NA,NA,NA,NA,NA,NA,NA,NA,NA,"fixed_ifeval_product_map_penalty5_rep2_H10_G3_3_3_3_3_3_3_3_3_3","both","expectation","viroli_expectation_svd",NA,NA,NA,NA,"map",5,"riemannian",5,10,"cayley",5,"proximal",FALSE,TRUE,1e-08,FALSE,TRUE,3,TRUE,FALSE,0,0.05,3,2,1,0,0.05,3,2,1,TRUE,"left_subspace",42,42,FALSE,TRUE,4,TRUE,12,12,TRUE,"posterior_objective",TRUE,FALSE,0.0548344850540161,0.00466060638427734,0.0458019971847534,0.00342488288879395,0.591897130012512,0.231979012489319,0.359736442565918,0.00512361526489258,0.949300527572632,0.102034568786621,0.76323652267456,0.049587607383728
"rep2_balanced_moderate_dense_signed_cross_strong_cp0_05_ifeval_min30_n400_p500_H10_G3-3-3-3-3-3-3-3-3-3_sep2",2,"n400p500",400,500,10,"3-3-3-3-3-3-3-3-3-3","3-3-3-3-3-3-3-3-3-3",59049,TRUE,TRUE,29512731,21272531,29512731,512115738,1000,2,"viroli_smoke","unequal","ifeval_like",0.45,1.6,1.75,"balanced_moderate_dense_signed_cross","ifeval_min30","block","loadings","strong",1,2,1,2,0.05,"random",35,40,114,56,67,17,23.5,1.478,0.478,0.0531111111111111,1.50306956235413,1.48404375325584,11.3609624549555,12.5711687343245,9.14597853706678,9.75326946907888,0,0,0,0,0.2225,0.33725,0.545,0.732875,0.8625,66,114.5,0,396,59049,"em_svd",NA,NA,NA,NA,1e-04,0.05,NA,TRUE,18,"independent_marginal_mixture",0.989272286310563,0.987652991893711,0.986002791458094,0.146293502283685,0.156236490633722,0.987351728547899,0.0920634603369975,0.9790497493617,0.140599417134661,NA,NA,0.0714590220968924,NA,26.114,0.247703189403646,0.20542948382601,0.97067124758399,0.202168860102736,0.533227663026804,10,-0.30216904581369,215.441669958844,5.90798912027368e-13,228.082926451558,6.1252850445536e-13,372362959099123,0.0478089440004097,0.0235170794817592,0.0192183351281733,0.999122556553885,0.535349151655002,0.988346603180392,NA,NA,NA,NA,NA,NA,NA,NA,NA,NA,"skipped_large_K",NA,"skipped_large_K",NA,NA,"skipped_large_K",NA,NA,NA,NA,NA,NA,NA,NA,NA,NA,NA,NA,NA,NA,NA,NA,NA,NA,NA,NA,NA,NA,NA,NA,NA,NA,NA,NA,NA,NA,"fixed_ifeval_product_map_penalty5_rep2_H10_G3_3_3_3_3_3_3_3_3_3","both","expectation","intercept_only",NA,NA,NA,NA,"map",5,"riemannian",5,10,"cayley",5,"proximal",FALSE,TRUE,1e-08,FALSE,TRUE,3,TRUE,FALSE,0,0.05,3,2,1,0,0.05,3,2,1,TRUE,"left_subspace",38,38,FALSE,TRUE,3,TRUE,5,5,TRUE,"posterior_objective",TRUE,FALSE,0.1981520652771,0.00955510139465332,0.180497527122498,0.00677347183227539,0.961735010147095,0.417722940444946,0.510661840438843,0.00820112228393555,1.22900199890137,0.220754146575928,0.892046928405762,0.103985071182251
"rep2_balanced_moderate_dense_signed_cross_strong_cp0_05_ifeval_min30_n100_p1000_H10_G3-3-3-3-3-3-3-3-3-3_sep2",2,"n100p1000",100,1000,10,"3-3-3-3-3-3-3-3-3-3","3-3-3-3-3-3-3-3-3-3",59049,TRUE,TRUE,29512731,21272531,29512731,1011236480,1000,2,"viroli_smoke","unequal","ifeval_like",0.45,1.6,1.75,"balanced_moderate_dense_signed_cross","ifeval_min30","block","loadings","strong",1,2,1,2,0.05,"random",47,65,325,94,115,39,44.5,1.459,0.459,0.051,1.50782057986734,1.48608600948927,14.7650171336429,16.5784596097826,10.6250843505581,12.4519826278727,0,0,0,0,0.17,0.33,0.56,0.76,0.9,15,28,0,100,59049,"em_svd",NA,NA,NA,NA,1e-04,0.05,NA,TRUE,18,"independent_marginal_mixture",0.984764752318803,0.94825681121478,0.977814257839837,0.17368301704188,0.215594373334487,0.95080142487667,0.181392911397565,0.891508190133952,0.309034050008245,NA,NA,0.110056322423757,NA,11.579,0.479018692989115,0.718824087402187,0.927803489714285,0.240685212237215,0.492959894296136,10,-0.270397996349479,126.343980638517,2.5895269466956e-13,161.006400093284,2.63491331519407e-13,611050083374093,0.139042345842331,0.0239227050120436,0.053017105799101,0.992933364759709,0.707668702205573,0.915122014796023,NA,NA,NA,NA,NA,NA,NA,NA,NA,NA,"skipped_large_K",NA,"skipped_large_K",NA,NA,"skipped_large_K",NA,NA,NA,NA,NA,NA,NA,NA,NA,NA,NA,NA,NA,NA,NA,NA,NA,NA,NA,NA,NA,NA,NA,NA,NA,NA,NA,NA,NA,NA,"fixed_ifeval_product_map_penalty5_rep2_H10_G3_3_3_3_3_3_3_3_3_3","both","expectation","viroli_expectation_svd",NA,NA,NA,NA,"map",5,"riemannian",5,10,"cayley",5,"proximal",FALSE,TRUE,1e-08,FALSE,TRUE,3,TRUE,FALSE,0,0.05,3,2,1,0,0.05,3,2,1,TRUE,"left_subspace",44,44,FALSE,TRUE,4,TRUE,6,6,TRUE,"posterior_objective",TRUE,FALSE,0.0255154371261597,0.00466799736022949,0.0166709423065186,0.0033489465713501,0.388907551765442,0.160775065422058,0.227266550064087,0.00313651561737061,1.12966799736023,0.0808091163635254,0.996094942092896,0.0419836044311523
"rep2_balanced_moderate_dense_signed_cross_strong_cp0_05_ifeval_min30_n200_p1000_H10_G3-3-3-3-3-3-3-3-3-3_sep2",2,"n200p1000",200,1000,10,"3-3-3-3-3-3-3-3-3-3","3-3-3-3-3-3-3-3-3-3",59049,TRUE,TRUE,29512731,21272531,29512731,1046931491,1000,2,"viroli_smoke","unequal","ifeval_like",0.45,1.6,1.75,"balanced_moderate_dense_signed_cross","ifeval_min30","block","loadings","strong",1,2,1,2,0.05,"random",47,65,325,94,115,39,44.5,1.459,0.459,0.051,1.50782057986734,1.48608600948927,14.7650171336429,16.5784596097826,10.6250843505581,12.4519826278727,0,0,0,0,0.215,0.34,0.58,0.765,0.885,28,63,0,200,59049,"em_svd",NA,NA,NA,NA,1e-04,0.05,NA,TRUE,18,"independent_marginal_mixture",0.990790380885786,0.970804765759732,0.9868485704946,0.135377775270853,0.17214442140711,0.972647534831581,0.132170744534217,0.942971854985895,0.238912739208571,NA,NA,0.085280668687901,NA,25.493,0.293164315012568,0.285468919372696,0.960008434937681,0.181268913805826,0.436429548397724,10,-0.291243377128543,192.68457189151,5.82116627378788e-13,208.856594666925,5.59244085444333e-13,373462321914381,0.0981620801911721,0.0234143252197401,0.0424667698003023,0.996337113107049,0.695844362141765,0.941967629391304,NA,NA,NA,NA,NA,NA,NA,NA,NA,NA,"skipped_large_K",NA,"skipped_large_K",NA,NA,"skipped_large_K",NA,NA,NA,NA,NA,NA,NA,NA,NA,NA,NA,NA,NA,NA,NA,NA,NA,NA,NA,NA,NA,NA,NA,NA,NA,NA,NA,NA,NA,NA,"fixed_ifeval_product_map_penalty5_rep2_H10_G3_3_3_3_3_3_3_3_3_3","both","expectation","intercept_only",NA,NA,NA,NA,"map",5,"riemannian",5,10,"cayley",5,"proximal",FALSE,TRUE,1e-08,FALSE,TRUE,3,TRUE,FALSE,0,0.05,3,2,1,0,0.05,3,2,1,TRUE,"left_subspace",35,35,FALSE,TRUE,6,TRUE,9,9,TRUE,"posterior_objective",TRUE,FALSE,0.0916719436645508,0.00971198081970215,0.0742020606994629,0.0067908763885498,0.534798979759216,0.234125018119812,0.283955931663513,0.00486660003662109,1.60282492637634,0.133707046508789,1.35746788978577,0.059581995010376
"rep2_balanced_moderate_dense_signed_cross_strong_cp0_05_ifeval_min30_n400_p1000_H10_G3-3-3-3-3-3-3-3-3-3_sep2",2,"n400p1000",400,1000,10,"3-3-3-3-3-3-3-3-3-3","3-3-3-3-3-3-3-3-3-3",59049,TRUE,TRUE,29512731,21272531,29512731,1118321513,1000,2,"viroli_smoke","unequal","ifeval_like",0.45,1.6,1.75,"balanced_moderate_dense_signed_cross","ifeval_min30","block","loadings","strong",1,2,1,2,0.05,"random",47,65,325,94,115,39,44.5,1.459,0.459,0.051,1.50782057986734,1.48608600948927,14.7650171336429,16.5784596097826,10.6250843505581,12.4519826278727,0,0,0,0,0.2175,0.3475,0.565,0.7375,0.8575,69,122,0,396,59049,"em_svd",NA,NA,NA,NA,1e-04,0.05,NA,TRUE,18,"independent_marginal_mixture",0.993330038273794,0.985862661551639,0.990252550019822,0.11535412278623,0.127609325606231,0.987056574589576,0.0910769204028216,0.974611303030008,0.147192759983598,NA,NA,0.066516171677418,NA,59.634,0.212278865588413,0.157358335121284,0.977425721573847,0.158707349617241,0.398451855856872,10,-0.301139787897061,279.476263392988,1.09603987288322e-12,281.655320691459,7.83685537181549e-13,359398390462079,0.049747033264951,0.0177665485358472,0.0239578734334961,0.999071850330335,0.825508617596672,0.984342124311746,NA,NA,NA,NA,NA,NA,NA,NA,NA,NA,"skipped_large_K",NA,"skipped_large_K",NA,NA,"skipped_large_K",NA,NA,NA,NA,NA,NA,NA,NA,NA,NA,NA,NA,NA,NA,NA,NA,NA,NA,NA,NA,NA,NA,NA,NA,NA,NA,NA,NA,NA,NA,"fixed_ifeval_product_map_penalty5_rep2_H10_G3_3_3_3_3_3_3_3_3_3","both","expectation","intercept_only",NA,NA,NA,NA,"map",5,"riemannian",5,10,"cayley",5,"proximal",FALSE,TRUE,1e-08,FALSE,TRUE,3,TRUE,FALSE,0,0.05,3,2,1,0,0.05,3,2,1,TRUE,"left_subspace",36,36,FALSE,TRUE,4,TRUE,12,12,TRUE,"posterior_objective",TRUE,FALSE,0.373541951179504,0.018954873085022,0.338356137275696,0.0138236284255981,0.911677956581116,0.426150441169739,0.485652923583984,0.00849652290344238,2.07192862033844,0.253422498703003,1.72792899608612,0.0772839784622192
"rep2_balanced_moderate_dense_signed_cross_strong_cp0_05_ifeval_min30_n100_p500_H5_G2-2-2-2-2_sep2",2,"n100p500",100,500,5,"2-2-2-2-2","2-2-2-2-2",32,TRUE,TRUE,22262731,20772531,22262731,1471855405,1000,2,"viroli_smoke","unequal","ifeval_like",0.45,1.6,1.75,"balanced_moderate_dense_signed_cross","ifeval_min30","block","loadings","strong",1,2,1,2,0.05,"random",54,75,206,74,101,14,20,1.214,0.214,0.0535,1.49654645403102,1.52266467329785,12.7524929735405,15.5160542572856,10.7277642446579,13.2362517165556,0,0,0,0,0.1,0.2395,0.47,0.74,0.91,24,50,0,24,32,"em_svd",NA,NA,NA,NA,1e-04,0.05,NA,TRUE,18,"independent_marginal_mixture",0.991052791216884,0.95831202562962,0.988013857742925,0.133099486815575,0.226333655391807,0.954172577834327,0.233082181981541,0.914339552054414,0.441011144558138,NA,NA,0.078872974401051,1,4.746,0.358820398222339,0.324793872007948,0.942766138082111,0.203828973857268,0.34761224864468,5,-0.313877707003428,110.806070418166,1.19525431783078e-13,134.119544604118,1.07744107820491e-13,1244797022474498,0.215325711661392,0.016707684991244,0.0801249024960363,0.995189831630259,NA,0.98465795180422,0.215325711661392,0.016707684991244,0.995189831630257,NA,0.963824527487781,0.0168914658828836,0.313966999999983,0.0760010874999942,32,22,"axis_sorted_product",0.932066236188886,"alpha+loading+joint_mu+joint_var+joint_weight",0.942814946333724,0.932004190261047,"alpha+loading+joint_mu+joint_weight",NA,NA,NA,NA,NA,NA,NA,NA,NA,NA,NA,NA,NA,NA,NA,NA,NA,NA,NA,NA,NA,NA,NA,NA,NA,NA,NA,NA,NA,NA,"fixed_ifeval_product_map_penalty5_rep2_H5_G2_2_2_2_2","both","expectation","intercept_only",NA,NA,NA,NA,"map",5,"riemannian",5,10,"cayley",5,"proximal",FALSE,TRUE,1e-08,FALSE,TRUE,3,TRUE,FALSE,0,0.05,3,2,1,0,0.05,3,2,1,TRUE,"left_subspace",34,34,FALSE,TRUE,3,TRUE,9,9,TRUE,"posterior_objective",TRUE,FALSE,0.00933337211608887,0.00158846378326416,0.00641047954559326,0.00111103057861328,0.0707550048828125,0.054481029510498,0.0147151947021484,0.000955820083618164,0.362762928009033,0.0481090545654297,0.301203966140747,0.0134451389312744
"rep2_balanced_moderate_dense_signed_cross_strong_cp0_05_ifeval_min30_n200_p500_H5_G2-2-2-2-2_sep2",2,"n200p500",200,500,5,"2-2-2-2-2","2-2-2-2-2",32,TRUE,TRUE,22262731,20772531,22262731,1963409456,1000,2,"viroli_smoke","unequal","ifeval_like",0.45,1.6,1.75,"balanced_moderate_dense_signed_cross","ifeval_min30","block","loadings","strong",1,2,1,2,0.05,"random",54,75,206,74,101,14,20,1.214,0.214,0.0535,1.49654645403102,1.52266467329785,12.7524929735405,15.5160542572856,10.7277642446579,13.2362517165556,0,0,0,0,0.17,0.28,0.56,0.79,0.93,57,100,0,29,32,"em_svd",NA,NA,NA,NA,1e-04,0.05,NA,TRUE,18,"independent_marginal_mixture",0.993581664607147,0.974254477506936,0.992335307996244,0.113015430060581,0.164745018811116,0.974710116993146,0.155456788186504,0.953966677029376,0.267656904141926,NA,NA,0.0620428380591836,1,13.087,0.257670988603518,0.193271449407765,0.966320328665623,0.183401322750693,0.329045505418537,5,-0.290072255726931,173.558667569783,3.39142224751156e-13,184.835347825328,2.78557059401876e-13,663545731787271,0.121515742393005,0.00981137672523565,0.0520576603392814,0.993459202825346,NA,0.938265790677279,0.121515742393005,0.00981137672523565,0.993459202825344,NA,0.932363070828135,0.00830198620074695,0.1980567529,0.02163512855,32,29,"axis_sorted_product",0.970362505864291,"alpha+loading+joint_mu+joint_var+joint_weight",0.969858825219116,0.970172438084863,"alpha+loading+joint_mu+joint_weight",NA,NA,NA,NA,NA,NA,NA,NA,NA,NA,NA,NA,NA,NA,NA,NA,NA,NA,NA,NA,NA,NA,NA,NA,NA,NA,NA,NA,NA,NA,"fixed_ifeval_product_map_penalty5_rep2_H5_G2_2_2_2_2","both","expectation","viroli_expectation_svd",NA,NA,NA,NA,"map",5,"riemannian",5,10,"cayley",5,"proximal",FALSE,TRUE,1e-08,FALSE,TRUE,3,TRUE,FALSE,0,0.05,3,2,1,0,0.05,3,2,1,TRUE,"left_subspace",29,29,FALSE,TRUE,3,TRUE,19,19,TRUE,"posterior_objective",TRUE,FALSE,0.0366859436035156,0.00324892997741699,0.0306539535522461,0.00227785110473633,0.105706930160522,0.08697509765625,0.019711971282959,0.00151395797729492,0.497200012207031,0.0568850040435791,0.421855926513672,0.0156688690185547
"rep2_balanced_moderate_dense_signed_cross_strong_cp0_05_ifeval_min30_n400_p500_H5_G2-2-2-2-2_sep2",2,"n400p500",400,500,5,"2-2-2-2-2","2-2-2-2-2",32,TRUE,TRUE,22262731,20772531,22262731,799034558,1000,2,"viroli_smoke","unequal","ifeval_like",0.45,1.6,1.75,"balanced_moderate_dense_signed_cross","ifeval_min30","block","loadings","strong",1,2,1,2,0.05,"random",54,75,206,74,101,14,20,1.214,0.214,0.0535,1.49654645403102,1.52266467329785,12.7524929735405,15.5160542572856,10.7277642446579,13.2362517165556,0,0,0,0,0.1825,0.317375,0.5075,0.7555,0.8825,127,200,0,32,32,"em_svd",NA,NA,NA,NA,1e-04,0.05,NA,TRUE,18,"independent_marginal_mixture",0.994376247818458,0.988168326919274,0.993306178931903,0.105921601206633,0.112784475136241,0.987407432181625,0.114873360658454,0.980154128717201,0.169348022985965,NA,NA,0.0484736375384103,1,14.27,0.216638340920426,0.13129357963547,0.976708574348694,0.169563839698192,0.305828112487807,5,-0.323864533626234,251.074507588697,6.89391227648528e-13,257.440718662098,1.00557791476886e-12,256012701632645,0.0430415760601726,0.00863297599348804,0.0180623918681879,0.999454889176808,NA,0.996301614423374,0.0430415760601726,0.00863297599348804,0.999454889176806,NA,0.995458422742224,0.00317748146327532,0.0713439193999975,0.0104932788999992,32,26,"axis_sorted_product",0.986647227973699,"alpha+loading+joint_mu+joint_var+joint_weight",0.98677923452281,0.986581404413853,"alpha+loading+joint_mu+joint_weight",NA,NA,NA,NA,NA,NA,NA,NA,NA,NA,NA,NA,NA,NA,NA,NA,NA,NA,NA,NA,NA,NA,NA,NA,NA,NA,NA,NA,NA,NA,"fixed_ifeval_product_map_penalty5_rep2_H5_G2_2_2_2_2","both","expectation","viroli_expectation_svd",NA,NA,NA,NA,"map",5,"riemannian",5,10,"cayley",5,"proximal",FALSE,TRUE,1e-08,FALSE,TRUE,3,TRUE,FALSE,0,0.05,3,2,1,0,0.05,3,2,1,TRUE,"left_subspace",26,26,FALSE,TRUE,4,TRUE,7,7,TRUE,"posterior_objective",TRUE,FALSE,0.132816910743713,0.00660097599029541,0.120608329772949,0.00470995903015137,0.165584564208984,0.132880568504333,0.0331859588623047,0.00270843505859375,0.742443084716797,0.0814170837402344,0.627655029296875,0.0219459533691406
"rep2_balanced_moderate_dense_signed_cross_strong_cp0_05_ifeval_min30_n100_p1000_H5_G2-2-2-2-2_sep2",2,"n100p1000",100,1000,5,"2-2-2-2-2","2-2-2-2-2",32,TRUE,TRUE,22262731,20772531,22262731,2029730040,1000,2,"viroli_smoke","unequal","ifeval_like",0.45,1.6,1.75,"balanced_moderate_dense_signed_cross","ifeval_min30","block","loadings","strong",1,2,1,2,0.05,"random",87,139,458,126,190,21,40,1.195,0.195,0.04875,1.49337146230671,1.52593145818473,16.8608751387451,21.0349541452727,13.7871437072219,17.8593077626417,0,0,0,0,0.22,0.35,0.53,0.76,0.92,31,50,0,27,32,"em_svd",NA,NA,NA,NA,1e-04,0.05,NA,TRUE,18,"independent_marginal_mixture",0.993541986746663,0.957989227158154,0.992661079983169,0.113079026532812,0.173246077291904,0.955565236753722,0.21073190596947,0.894719184743554,0.325525185725338,NA,NA,0.081553492635766,1,9,0.30527285211296,0.260763777672395,0.953573579645136,0.132357093024814,0.234210253173178,5,-0.314284892304142,158.136755137492,2.97688037149048e-13,177.100627275127,2.46201676905254e-13,719331523250676,0.141458132980429,0.0138428854089983,0.0651152823843994,0.993947642380441,NA,0.906032848404549,0.141458132980429,0.0138428854089983,0.993947642380438,NA,0.893420592005408,0.0106459753486836,0.247005998000002,0.0330435905000015,32,31,"axis_sorted_product",0.947970060344414,"alpha+loading+joint_mu+joint_var+joint_weight",0.946649224308576,0.947798167090154,"alpha+loading+joint_mu+joint_weight",NA,NA,NA,NA,NA,NA,NA,NA,NA,NA,NA,NA,NA,NA,NA,NA,NA,NA,NA,NA,NA,NA,NA,NA,NA,NA,NA,NA,NA,NA,"fixed_ifeval_product_map_penalty5_rep2_H5_G2_2_2_2_2","both","expectation","intercept_only",NA,NA,NA,NA,"map",5,"riemannian",5,10,"cayley",5,"proximal",FALSE,TRUE,1e-08,FALSE,TRUE,3,TRUE,FALSE,0,0.05,3,2,1,0,0.05,3,2,1,TRUE,"left_subspace",28,28,FALSE,TRUE,2,TRUE,11,11,TRUE,"posterior_objective",TRUE,FALSE,0.017225980758667,0.00324153900146484,0.011305570602417,0.00224983692169189,0.0645020008087158,0.0480868816375732,0.0154144763946533,0.000948905944824219,0.655986070632935,0.0531978607177734,0.585410833358765,0.0134570598602295
"rep2_balanced_moderate_dense_signed_cross_strong_cp0_05_ifeval_min30_n200_p1000_H5_G2-2-2-2-2_sep2",2,"n200p1000",200,1000,5,"2-2-2-2-2","2-2-2-2-2",32,TRUE,TRUE,22262731,20772531,22262731,1998820721,1000,2,"viroli_smoke","unequal","ifeval_like",0.45,1.6,1.75,"balanced_moderate_dense_signed_cross","ifeval_min30","block","loadings","strong",1,2,1,2,0.05,"random",87,139,458,126,190,21,40,1.195,0.195,0.04875,1.49337146230671,1.52593145818473,16.8608751387451,21.0349541452727,13.7871437072219,17.8593077626417,0,0,0,0,0.13,0.29,0.525,0.755,0.91,59,100,0,31,32,"em_svd",NA,NA,NA,NA,1e-04,0.05,NA,TRUE,18,"independent_marginal_mixture",0.995477754063037,0.973926686628578,0.993596463488784,0.0948644792035276,0.135637574785623,0.972832393315352,0.16399995695226,0.936712091249397,0.265615641745117,NA,NA,0.0600385713599297,1,15.757,0.240850610027034,0.157458751190461,0.970590252433985,0.148758569795599,0.244760307516887,5,-0.325732557407099,225.560924546308,5.83245911760223e-13,230.750906401598,7.18373247728143e-13,321213111890439,0.113232342246915,0.00909691163955475,0.0480104155366307,0.99415932337087,NA,0.953008632225854,0.113232342246915,0.00909691163955475,0.994159323370868,NA,0.947404402782171,0.00776980283102503,0.1791395968,0.0210239007999993,32,29,"axis_sorted_product",0.967175389110581,"alpha+loading+joint_mu+joint_var+joint_weight",0.967193794545172,0.967068168455654,"alpha+loading+joint_mu+joint_weight",NA,NA,NA,NA,NA,NA,NA,NA,NA,NA,NA,NA,NA,NA,NA,NA,NA,NA,NA,NA,NA,NA,NA,NA,NA,NA,NA,NA,NA,NA,"fixed_ifeval_product_map_penalty5_rep2_H5_G2_2_2_2_2","both","expectation","viroli_expectation_svd",NA,NA,NA,NA,"map",5,"riemannian",5,10,"cayley",5,"proximal",FALSE,TRUE,1e-08,FALSE,TRUE,3,TRUE,FALSE,0,0.05,3,2,1,0,0.05,3,2,1,TRUE,"left_subspace",27,27,FALSE,TRUE,3,TRUE,13,13,TRUE,"posterior_objective",TRUE,FALSE,0.0615978240966797,0.0067291259765625,0.0496349334716797,0.00444197654724121,0.0995020866394043,0.0796198844909668,0.016467809677124,0.00151395797729492,0.848781824111938,0.0711400508880615,0.741445064544678,0.0172839164733887
"rep2_balanced_moderate_dense_signed_cross_strong_cp0_05_ifeval_min30_n400_p1000_H5_G2-2-2-2-2_sep2",2,"n400p1000",400,1000,5,"2-2-2-2-2","2-2-2-2-2",32,TRUE,TRUE,22262731,20772531,22262731,1937002083,1000,2,"viroli_smoke","unequal","ifeval_like",0.45,1.6,1.75,"balanced_moderate_dense_signed_cross","ifeval_min30","block","loadings","strong",1,2,1,2,0.05,"random",87,139,458,126,190,21,40,1.195,0.195,0.04875,1.49337146230671,1.52593145818473,16.8608751387451,21.0349541452727,13.7871437072219,17.8593077626417,0,0,0,0,0.1675,0.314875,0.5175,0.755125,0.895,128,200,0,31,32,"em_svd",NA,NA,NA,NA,1e-04,0.05,NA,TRUE,18,"independent_marginal_mixture",0.996137146983201,0.986884543383884,0.994251720877173,0.0877860568001192,0.108089683351766,0.987013035132211,0.113321715105543,0.97185512882018,0.180348163266007,NA,NA,0.0456933583593714,1,28.884,0.207579565466328,0.118955714688734,0.980073680358486,0.137709693039717,0.23830790149321,5,-0.331526461176374,326.106822656482,9.54077136391994e-13,318.34661228916,7.18714921971291e-13,442938643065875,0.0579667521996132,0.00674273805690841,0.0250998007960214,0.998428102794125,NA,0.98628730394059,0.0579667521996132,0.00674273805690841,0.998428102794124,NA,0.984794913256189,0.0040403209217588,0.0910619999999989,0.012989339999999,32,28,"axis_sorted_product",0.984862637533194,"alpha+loading+joint_mu+joint_var+joint_weight",0.984819584804329,0.984811114278914,"alpha+loading+joint_mu+joint_weight",NA,NA,NA,NA,NA,NA,NA,NA,NA,NA,NA,NA,NA,NA,NA,NA,NA,NA,NA,NA,NA,NA,NA,NA,NA,NA,NA,NA,NA,NA,"fixed_ifeval_product_map_penalty5_rep2_H5_G2_2_2_2_2","both","expectation","viroli_expectation_svd",NA,NA,NA,NA,"map",5,"riemannian",5,10,"cayley",5,"proximal",FALSE,TRUE,1e-08,FALSE,TRUE,3,TRUE,FALSE,0,0.05,3,2,1,0,0.05,3,2,1,TRUE,"left_subspace",23,23,FALSE,TRUE,4,TRUE,11,11,TRUE,"posterior_objective",TRUE,FALSE,0.250484943389893,0.013185977935791,0.226658821105957,0.00907397270202637,0.172678112983704,0.136699080467224,0.031100869178772,0.00267398357391357,1.23970699310303,0.0989048480987549,1.08712005615234,0.0217580795288086
"rep2_balanced_moderate_dense_signed_cross_strong_cp0_05_ifeval_min30_n100_p500_H5_G3-3-3-3-3_sep2",2,"n100p500",100,500,5,"3-3-3-3-3","3-3-3-3-3",243,TRUE,TRUE,23012731,20772531,23012731,1194267060,1000,2,"viroli_smoke","unequal","ifeval_like",0.45,1.6,1.75,"balanced_moderate_dense_signed_cross","ifeval_min30","block","loadings","strong",1,2,1,2,0.05,"random",54,75,206,74,101,14,20,1.214,0.214,0.0535,1.49654645403102,1.52266467329785,12.7524929735405,15.5160542572856,10.7277642446579,13.2362517165556,0,0,0,0,0.14,0.33,0.61,0.82,0.94,14,32,0,74,243,"em_svd",NA,NA,NA,NA,1e-04,0.05,NA,TRUE,18,"independent_marginal_mixture",0.984059962584486,0.958962132218796,0.974784325471774,0.177654929801335,0.22260070273833,0.960103138075999,0.196504413107401,0.943512601065044,0.36260200995718,NA,NA,0.0886201504575067,0.774621637536956,5.302,0.366083896896158,0.385325597396047,0.948993881705501,0.224177051902371,0.358470962059611,5,-0.27380660180576,124.62253854908,1.467182282708e-13,144.459371394081,2.03578866705675e-13,709599054812179,0.127220619639887,0.0295297790324582,0.0675910392542122,0.994643126694698,0.665975033511851,0.841473211527706,0.127220619639888,0.0295297790324582,0.994643126694697,0.632860301135324,0.803890922896665,0.00236151157553082,0.34701964291484,0.0166689493430972,232,14,"axis_sorted_product",0.970663182443312,"alpha+loading+joint_mu+joint_var+joint_weight",0.863841278644559,0.985195766936347,"alpha+loading+joint_mu+joint_log_var+joint_weight",NA,NA,NA,NA,NA,NA,NA,NA,NA,NA,NA,NA,NA,NA,NA,NA,NA,NA,NA,NA,NA,NA,NA,NA,NA,NA,NA,NA,NA,NA,"fixed_ifeval_product_map_penalty5_rep2_H5_G3_3_3_3_3","both","expectation","intercept_only",NA,NA,NA,NA,"map",5,"riemannian",5,10,"cayley",5,"proximal",FALSE,TRUE,1e-08,FALSE,TRUE,3,TRUE,FALSE,0,0.05,3,2,1,0,0.05,3,2,1,TRUE,"left_subspace",47,47,FALSE,TRUE,2,TRUE,8,8,TRUE,"posterior_objective",TRUE,FALSE,0.00960111618041992,0.00164699554443359,0.00652813911437988,0.0012049674987793,0.144022464752197,0.0582684278488159,0.0840879678726196,0.00157642364501953,0.4035404920578,0.061050534248352,0.291433572769165,0.0371494293212891
"rep2_balanced_moderate_dense_signed_cross_strong_cp0_05_ifeval_min30_n200_p500_H5_G3-3-3-3-3_sep2",2,"n200p500",200,500,5,"3-3-3-3-3","3-3-3-3-3",243,TRUE,TRUE,23012731,20772531,23012731,1685821111,1000,2,"viroli_smoke","unequal","ifeval_like",0.45,1.6,1.75,"balanced_moderate_dense_signed_cross","ifeval_min30","block","loadings","strong",1,2,1,2,0.05,"random",54,75,206,74,101,14,20,1.214,0.214,0.0535,1.49654645403102,1.52266467329785,12.7524929735405,15.5160542572856,10.7277642446579,13.2362517165556,0,0,0,0,0.165,0.33,0.59,0.8,0.92,28,64,0,110,243,"em_svd",NA,NA,NA,NA,1e-04,0.05,NA,TRUE,18,"independent_marginal_mixture",0.989977383237596,0.978972004816932,0.986730701879334,0.141226794048384,0.159222287400258,0.979105135832766,0.143237832477692,0.969896837667702,0.189483805930385,NA,NA,0.0708960483581179,0.764007101810691,10.026,0.26579820698389,0.200497325284717,0.968157456034244,0.199993420770089,0.351400510580572,5,-0.316105192274877,187.814910100195,3.56103868811696e-13,198.885787557464,3.54492347123286e-13,561043952489882,0.0757879455180262,0.014989063878586,0.0396393514513681,0.997854277170448,0.89474086602686,0.948254790736953,0.0757879455180262,0.014989063878586,0.99785427717046,0.903681958410333,0.939082572209904,0.00136586464060921,0.214964229335524,0.00755192533812766,221,18,"axis_sorted_product",0.987896978537952,"alpha+loading+joint_mu+joint_var+joint_weight",0.960577692959347,0.9948664638805,"alpha+loading+joint_mu+joint_log_var+joint_weight",NA,NA,NA,NA,NA,NA,NA,NA,NA,NA,NA,NA,NA,NA,NA,NA,NA,NA,NA,NA,NA,NA,NA,NA,NA,NA,NA,NA,NA,NA,"fixed_ifeval_product_map_penalty5_rep2_H5_G3_3_3_3_3","both","expectation","viroli_expectation_svd",NA,NA,NA,NA,"map",5,"riemannian",5,10,"cayley",5,"proximal",FALSE,TRUE,1e-08,FALSE,TRUE,3,TRUE,FALSE,0,0.05,3,2,1,0,0.05,3,2,1,FALSE,"max_iter",50,50,FALSE,TRUE,3,TRUE,11,11,TRUE,"posterior_objective",TRUE,FALSE,0.037263035774231,0.00320708751678467,0.0310680866241455,0.0023190975189209,0.209017038345337,0.0884640216827393,0.0979321002960205,0.00160384178161621,0.458489894866943,0.0621170997619629,0.36670994758606,0.0311970710754395
"rep2_balanced_moderate_dense_signed_cross_strong_cp0_05_ifeval_min30_n400_p500_H5_G3-3-3-3-3_sep2",2,"n400p500",400,500,5,"3-3-3-3-3","3-3-3-3-3",243,TRUE,TRUE,23012731,20772531,23012731,521446213,1000,2,"viroli_smoke","unequal","ifeval_like",0.45,1.6,1.75,"balanced_moderate_dense_signed_cross","ifeval_min30","block","loadings","strong",1,2,1,2,0.05,"random",54,75,206,74,101,14,20,1.214,0.214,0.0535,1.49654645403102,1.52266467329785,12.7524929735405,15.5160542572856,10.7277642446579,13.2362517165556,0,0,0,0,0.1425,0.29,0.5725,0.7625,0.8725,71,115,0,162,243,"em_svd",NA,NA,NA,NA,1e-04,0.05,NA,TRUE,18,"independent_marginal_mixture",0.99183760764808,0.989969104703292,0.986111832443064,0.127608670324866,0.141050150296396,0.990639894124005,0.0963370853612387,0.983665817019405,0.139646069422999,NA,NA,0.0528350951425433,0.84294191325985,18.23,0.197196214041108,0.110154229803264,0.981318232285665,0.192394000194498,0.324512099203115,5,-0.319511358582891,242.711432644134,6.588249540413e-13,251.606216301546,7.12558735799899e-13,353102423225644,0.0687021020600449,0.0196169057680085,0.025089294508083,0.99873071413432,0.653984529460649,0.982569742051943,0.0687021020600449,0.0196169057680085,0.998730714134331,0.681380203106466,0.977690303382195,0.000914097764129129,0.150320929195843,0.00461503861622663,227,16,"axis_sorted_product",0.993967023129945,"alpha+loading+joint_mu+joint_var+joint_weight",0.925386340235278,0.994300000668777,"alpha+loading+joint_mu+joint_log_var+joint_weight",NA,NA,NA,NA,NA,NA,NA,NA,NA,NA,NA,NA,NA,NA,NA,NA,NA,NA,NA,NA,NA,NA,NA,NA,NA,NA,NA,NA,NA,NA,"fixed_ifeval_product_map_penalty5_rep2_H5_G3_3_3_3_3","both","expectation","viroli_expectation_svd",NA,NA,NA,NA,"map",5,"riemannian",5,10,"cayley",5,"proximal",FALSE,TRUE,1e-08,FALSE,TRUE,3,TRUE,FALSE,0,0.05,3,2,1,0,0.05,3,2,1,TRUE,"left_subspace",45,45,FALSE,TRUE,2,TRUE,6,6,TRUE,"posterior_objective",TRUE,FALSE,0.134443044662476,0.00660896301269531,0.122018814086914,0.00471115112304688,0.310895442962646,0.155856013298035,0.152209997177124,0.00275492668151855,0.616484999656677,0.0988904237747192,0.453812956809998,0.050758957862854
"rep2_balanced_moderate_dense_signed_cross_strong_cp0_05_ifeval_min30_n100_p1000_H5_G3-3-3-3-3_sep2",2,"n100p1000",100,1000,5,"3-3-3-3-3","3-3-3-3-3",243,TRUE,TRUE,23012731,20772531,23012731,1752141695,1000,2,"viroli_smoke","unequal","ifeval_like",0.45,1.6,1.75,"balanced_moderate_dense_signed_cross","ifeval_min30","block","loadings","strong",1,2,1,2,0.05,"random",87,139,458,126,190,21,40,1.195,0.195,0.04875,1.49337146230671,1.52593145818473,16.8608751387451,21.0349541452727,13.7871437072219,17.8593077626417,0,0,0,0,0.2,0.3395,0.59,0.78,0.89,12,31,0,81,243,"em_svd",NA,NA,NA,NA,1e-04,0.05,NA,TRUE,18,"independent_marginal_mixture",0.987801548963042,0.959429824351091,0.978351768777306,0.155412139336593,0.197858510095366,0.96078509447853,0.193360639950213,0.918297991554343,0.288770270650413,NA,NA,0.0851665791214218,0.694255713403335,6.732,0.335662692820995,0.313913003043114,0.955891428800361,0.155863459042891,0.26426373895509,5,-0.30066695128178,171.986032734259,3.7692737433393e-13,197.073374184748,3.44828990894659e-13,571510457033908,0.145460162605095,0.0254586952505154,0.0775533458525107,0.992441449848477,0.683933304301583,0.788084711629143,0.145460162605095,0.0254586952505154,0.992441449848487,0.674518121587615,0.744606012103366,0.00266655642632042,0.400814193957194,0.016485818423363,227,17,"axis_sorted_product",0.967589639400657,"alpha+loading+joint_mu+joint_var+joint_weight",0.892226792206221,0.983720065114839,"alpha+loading+joint_mu+joint_log_var+joint_weight",NA,NA,NA,NA,NA,NA,NA,NA,NA,NA,NA,NA,NA,NA,NA,NA,NA,NA,NA,NA,NA,NA,NA,NA,NA,NA,NA,NA,NA,NA,"fixed_ifeval_product_map_penalty5_rep2_H5_G3_3_3_3_3","both","expectation","intercept_only",NA,NA,NA,NA,"map",5,"riemannian",5,10,"cayley",5,"proximal",FALSE,TRUE,1e-08,FALSE,TRUE,3,TRUE,FALSE,0,0.05,3,2,1,0,0.05,3,2,1,TRUE,"left_subspace",44,44,FALSE,TRUE,4,TRUE,7,7,TRUE,"posterior_objective",TRUE,FALSE,0.0179719924926758,0.00339460372924805,0.0114940404891968,0.00242400169372559,0.132494449615479,0.0583089590072632,0.0663424730300903,0.00107800960540771,0.564139127731323,0.0616199970245361,0.466598987579346,0.0328299999237061
"rep2_balanced_moderate_dense_signed_cross_strong_cp0_05_ifeval_min30_n200_p1000_H5_G3-3-3-3-3_sep2",2,"n200p1000",200,1000,5,"3-3-3-3-3","3-3-3-3-3",243,TRUE,TRUE,23012731,20772531,23012731,1721232376,1000,2,"viroli_smoke","unequal","ifeval_like",0.45,1.6,1.75,"balanced_moderate_dense_signed_cross","ifeval_min30","block","loadings","strong",1,2,1,2,0.05,"random",87,139,458,126,190,21,40,1.195,0.195,0.04875,1.49337146230671,1.52593145818473,16.8608751387451,21.0349541452727,13.7871437072219,17.8593077626417,0,0,0,0,0.165,0.31975,0.57,0.75025,0.88,28,59,0,105,243,"em_svd",NA,NA,NA,NA,1e-04,0.05,NA,TRUE,18,"independent_marginal_mixture",0.992029739335722,0.97766959225293,0.988256347041269,0.125939742424356,0.150870862973792,0.979211650044146,0.139178865518381,0.960571711817533,0.197337437410883,NA,NA,0.0640176934123397,0.803791481866463,14.714,0.225008546227347,0.144064903215537,0.976574432551364,0.145313927053629,0.248523876799954,5,-0.316495077835275,235.257754238672,9.25863675953462e-13,248.808342759688,8.33776799281387e-13,298411209059943,0.098366786140792,0.0180410745645969,0.0376527202800797,0.996432039710068,0.813900109412,0.95340893757043,0.098366786140792,0.0180410745645968,0.996432039710082,0.847530452230969,0.946097060799967,0.00128218964183034,0.225596670954487,0.00464483575709603,214,18,"axis_sorted_product",0.983812223264232,"alpha+loading+joint_mu+joint_var+joint_weight",0.945678506436675,0.991508858851454,"alpha+loading+joint_mu+joint_log_var+joint_weight",NA,NA,NA,NA,NA,NA,NA,NA,NA,NA,NA,NA,NA,NA,NA,NA,NA,NA,NA,NA,NA,NA,NA,NA,NA,NA,NA,NA,NA,NA,"fixed_ifeval_product_map_penalty5_rep2_H5_G3_3_3_3_3","both","expectation","viroli_expectation_svd",NA,NA,NA,NA,"map",5,"riemannian",5,10,"cayley",5,"proximal",FALSE,TRUE,1e-08,FALSE,TRUE,3,TRUE,FALSE,0,0.05,3,2,1,0,0.05,3,2,1,TRUE,"left_subspace",42,42,FALSE,TRUE,2,TRUE,10,10,TRUE,"posterior_objective",TRUE,FALSE,0.0623465776443481,0.00650238990783691,0.0502045154571533,0.00468754768371582,0.18678092956543,0.0945389270782471,0.0905569791793823,0.00161194801330566,0.788677930831909,0.082709550857544,0.651228547096252,0.0372505187988281
"rep2_balanced_moderate_dense_signed_cross_strong_cp0_05_ifeval_min30_n400_p1000_H5_G3-3-3-3-3_sep2",2,"n400p1000",400,1000,5,"3-3-3-3-3","3-3-3-3-3",243,TRUE,TRUE,23012731,20772531,23012731,1659413738,1000,2,"viroli_smoke","unequal","ifeval_like",0.45,1.6,1.75,"balanced_moderate_dense_signed_cross","ifeval_min30","block","loadings","strong",1,2,1,2,0.05,"random",87,139,458,126,190,21,40,1.195,0.195,0.04875,1.49337146230671,1.52593145818473,16.8608751387451,21.0349541452727,13.7871437072219,17.8593077626417,0,0,0,0,0.1675,0.325,0.585,0.79,0.8925,72,123,0,160,243,"em_svd",NA,NA,NA,NA,1e-04,0.05,NA,TRUE,18,"independent_marginal_mixture",0.994978874179196,0.98936337205387,0.991825291117914,0.100085693345777,0.107564159010365,0.990448370630125,0.0951578709241435,0.987404168769413,0.115882544812447,NA,NA,0.048406934299985,0.872544823750331,32.991,0.171825937323374,0.0820876324540852,0.985127335429067,0.142129521530622,0.244118716072427,5,-0.325076595039082,343.266363987472,1.01843577502405e-12,335.574774057241,1.0976442732453e-12,305722702916382,0.042732459247782,0.0153585486295436,0.0188480858280629,0.999321814177513,0.812245621365329,0.988537032045874,0.042732459247782,0.0153585486295436,0.999321814177522,0.850311437098309,0.986385759137338,0.000652597001728439,0.104008712702049,0.00265994534504317,221,19,"axis_sorted_product",0.993341063327399,"alpha+loading+joint_mu+joint_var+joint_weight",0.967045900757183,0.995813030452398,"alpha+loading+joint_mu+joint_log_var+joint_weight",NA,NA,NA,NA,NA,NA,NA,NA,NA,NA,NA,NA,NA,NA,NA,NA,NA,NA,NA,NA,NA,NA,NA,NA,NA,NA,NA,NA,NA,NA,"fixed_ifeval_product_map_penalty5_rep2_H5_G3_3_3_3_3","both","expectation","intercept_only",NA,NA,NA,NA,"map",5,"riemannian",5,10,"cayley",5,"proximal",FALSE,TRUE,1e-08,FALSE,TRUE,3,TRUE,FALSE,0,0.05,3,2,1,0,0.05,3,2,1,TRUE,"left_subspace",37,37,FALSE,TRUE,2,TRUE,11,11,TRUE,"posterior_objective",TRUE,FALSE,0.252214193344116,0.0130400657653809,0.228340864181519,0.00920891761779785,0.291594862937927,0.158273935317993,0.130526423454285,0.00272142887115479,1.03462696075439,0.110061168670654,0.842437982559204,0.0505421161651611
"rep3_balanced_moderate_dense_signed_cross_strong_cp0_05_ifeval_min30_n100_p500_H10_G2-2-2-2-2-2-2-2-2-2_sep2",3,"n100p500",100,500,10,"2-2-2-2-2-2-2-2-2-2","2-2-2-2-2-2-2-2-2-2",1024,TRUE,TRUE,26762731,21272531,26762731,477066426,1000,2,"viroli_smoke","unequal","ifeval_like",0.45,1.6,1.75,"balanced_moderate_dense_signed_cross","ifeval_min30","block","loadings","strong",1,2,1,2,0.05,"random",35,40,114,56,67,17,23.5,1.478,0.478,0.0531111111111111,1.50306956235413,1.48404375325584,11.3609624549555,12.5711687343245,9.14597853706678,9.75326946907888,0,0,0,0,0.25,0.33,0.5,0.72,0.86,29,50,0,90,1024,"em_svd",NA,NA,NA,NA,1e-04,0.05,NA,TRUE,18,"independent_marginal_mixture",0.991152450696508,0.950283853694594,0.989457453925378,0.132356139339713,0.153685276653208,0.949049795791984,0.180759959972706,0.917432806075343,0.274783117426617,NA,NA,0.102880179986467,1,13.962,0.464528201628394,0.741281398400209,0.920015865324266,0.245510550011683,0.572236710477396,10,-0.243349042899324,94.5441544767325,1.16069883054198e-13,119.040240162537,1.04671343171111e-13,1137276321828952,0.0884485858296221,0.0128950456178604,0.0375499667110505,0.996396181997148,NA,0.969701963234592,0.0884485858296224,0.0128950456178603,0.996396181997207,NA,0.960352758835514,0.000327480067417754,0.199740231331182,0.00213695336021854,319,1,"axis_sorted_product",0.989254316142068,"alpha+loading+joint_mu+joint_var+joint_weight",0.977597599937526,0.989082535409615,"alpha+loading+joint_mu+joint_weight",NA,NA,NA,NA,NA,NA,NA,NA,NA,NA,NA,NA,NA,NA,NA,NA,NA,NA,NA,NA,NA,NA,NA,NA,NA,NA,NA,NA,NA,NA,"fixed_ifeval_product_map_penalty5_rep3_H10_G2_2_2_2_2_2_2_2_2_2","both","expectation","viroli_expectation_svd",NA,NA,NA,NA,"map",5,"riemannian",5,10,"cayley",5,"proximal",FALSE,TRUE,1e-08,FALSE,TRUE,3,TRUE,FALSE,0,0.05,3,2,1,0,0.05,3,2,1,TRUE,"left_subspace",35,35,FALSE,TRUE,3,TRUE,13,13,TRUE,"posterior_objective",TRUE,FALSE,0.0138599872589111,0.0023188591003418,0.00954103469848633,0.00167989730834961,0.177106857299805,0.134936094284058,0.0388190746307373,0.00324606895446777,0.886420965194702,0.0727639198303223,0.769144058227539,0.0307278633117676
"rep3_balanced_moderate_dense_signed_cross_strong_cp0_05_ifeval_min30_n200_p500_H10_G2-2-2-2-2-2-2-2-2-2_sep2",3,"n200p500",200,500,10,"2-2-2-2-2-2-2-2-2-2","2-2-2-2-2-2-2-2-2-2",1024,TRUE,TRUE,26762731,21272531,26762731,1165844907,1000,2,"viroli_smoke","unequal","ifeval_like",0.45,1.6,1.75,"balanced_moderate_dense_signed_cross","ifeval_min30","block","loadings","strong",1,2,1,2,0.05,"random",35,40,114,56,67,17,23.5,1.478,0.478,0.0531111111111111,1.50306956235413,1.48404375325584,11.3609624549555,12.5711687343245,9.14597853706678,9.75326946907888,0,0,0,0,0.21,0.315,0.51,0.695,0.85,62,100,0,159,1024,"em_svd",NA,NA,NA,NA,1e-04,0.05,NA,TRUE,18,"independent_marginal_mixture",0.992201872148716,0.965215681440346,0.989319013833218,0.124572366213597,0.139341092208265,0.964400488165831,0.150390105223775,0.930038238586502,0.253207455115065,NA,NA,0.0831636929722872,1,26.413,0.334084413027133,0.384831801076149,0.948584395269891,0.227049345906241,0.543472944676348,10,-0.271623957252724,145.184080684355,2.64081311906517e-13,164.714601034608,2.4506412988466e-13,672128561255093,0.0729529158805814,0.0109602634299233,0.0304959013639536,0.997572476317451,NA,0.979712055247652,0.0729529158805814,0.0109602634299233,0.99757247631756,NA,0.973201154759531,0.00026695364843415,0.162534626124331,0.00156842118756145,319,1,"axis_sorted_product",0.992464777708869,"alpha+loading+joint_mu+joint_var+joint_weight",0.98426415660168,0.992322854285948,"alpha+loading+joint_mu+joint_weight",NA,NA,NA,NA,NA,NA,NA,NA,NA,NA,NA,NA,NA,NA,NA,NA,NA,NA,NA,NA,NA,NA,NA,NA,NA,NA,NA,NA,NA,NA,"fixed_ifeval_product_map_penalty5_rep3_H10_G2_2_2_2_2_2_2_2_2_2","both","expectation","intercept_only",NA,NA,NA,NA,"map",5,"riemannian",5,10,"cayley",5,"proximal",FALSE,TRUE,1e-08,FALSE,TRUE,3,TRUE,FALSE,0,0.05,3,2,1,0,0.05,3,2,1,TRUE,"left_subspace",34,34,FALSE,TRUE,4,TRUE,20,20,TRUE,"posterior_objective",TRUE,FALSE,0.0546375513076782,0.00461852550506592,0.0457010269165039,0.00333094596862793,0.281506061553955,0.225611567497253,0.0533925294876099,0.00458300113677979,1.01114404201508,0.0878266096115112,0.880123496055603,0.0307834148406982
"rep3_balanced_moderate_dense_signed_cross_strong_cp0_05_ifeval_min30_n400_p500_H10_G2-2-2-2-2-2-2-2-2-2_sep2",3,"n400p500",400,500,10,"2-2-2-2-2-2-2-2-2-2","2-2-2-2-2-2-2-2-2-2",1024,TRUE,TRUE,26762731,21272531,26762731,395918869,1000,2,"viroli_smoke","unequal","ifeval_like",0.45,1.6,1.75,"balanced_moderate_dense_signed_cross","ifeval_min30","block","loadings","strong",1,2,1,2,0.05,"random",35,40,114,56,67,17,23.5,1.478,0.478,0.0531111111111111,1.50306956235413,1.48404375325584,11.3609624549555,12.5711687343245,9.14597853706678,9.75326946907888,0,0,0,0,0.23,0.317375,0.50875,0.70275,0.865,120,200,0,286,1024,"em_svd",NA,NA,NA,NA,1e-04,0.05,NA,TRUE,18,"independent_marginal_mixture",0.993155333284971,0.984343275249547,0.991111056647448,0.116855081603166,0.126651898031723,0.984528480658814,0.100223629990771,0.973046092827776,0.15631348503919,NA,NA,0.0630291513112338,1,27.969,0.258131369214549,0.230746072682617,0.96620674246414,0.202135360733779,0.52411803010245,10,-0.286064799742975,210.577760148615,8.37370360707043e-13,217.800136056592,6.7494220064894e-13,322694500132283,0.0506219736603536,0.00841885337547048,0.0207665596572955,0.998797808406952,NA,0.990552263019317,0.0506219736603539,0.00841885337547049,0.998797808406999,NA,0.987848544344737,0.000179465382375175,0.11344620310559,0.00150824773497203,326,1,"axis_sorted_product",0.996617600733984,"alpha+loading+joint_mu+joint_var+joint_weight",0.993061405879881,0.996564024639649,"alpha+loading+joint_mu+joint_weight",NA,NA,NA,NA,NA,NA,NA,NA,NA,NA,NA,NA,NA,NA,NA,NA,NA,NA,NA,NA,NA,NA,NA,NA,NA,NA,NA,NA,NA,NA,"fixed_ifeval_product_map_penalty5_rep3_H10_G2_2_2_2_2_2_2_2_2_2","both","expectation","viroli_expectation_svd",NA,NA,NA,NA,"map",5,"riemannian",5,10,"cayley",5,"proximal",FALSE,TRUE,1e-08,FALSE,TRUE,3,TRUE,FALSE,0,0.05,3,2,1,0,0.05,3,2,1,TRUE,"left_subspace",29,29,FALSE,TRUE,5,TRUE,7,7,TRUE,"posterior_objective",TRUE,FALSE,0.1980140209198,0.00933003425598145,0.180595874786377,0.00670909881591797,0.568521976470947,0.391934156417847,0.0813519954681396,0.00767397880554199,1.58294796943665,0.187312841415405,1.35407495498657,0.0387108325958252
"rep3_balanced_moderate_dense_signed_cross_strong_cp0_05_ifeval_min30_n100_p1000_H10_G2-2-2-2-2-2-2-2-2-2_sep2",3,"n100p1000",100,1000,10,"2-2-2-2-2-2-2-2-2-2","2-2-2-2-2-2-2-2-2-2",1024,TRUE,TRUE,26762731,21272531,26762731,1043387941,1000,2,"viroli_smoke","unequal","ifeval_like",0.45,1.6,1.75,"balanced_moderate_dense_signed_cross","ifeval_min30","block","loadings","strong",1,2,1,2,0.05,"random",47,65,325,94,115,39,44.5,1.459,0.459,0.051,1.50782057986734,1.48608600948927,14.7650171336429,16.5784596097826,10.6250843505581,12.4519826278727,0,0,0,0,0.22,0.33,0.52,0.73,0.94,31,50,0,90,1024,"em_svd",NA,NA,NA,NA,1e-04,0.05,NA,TRUE,18,"independent_marginal_mixture",0.99209540157046,0.949307935904497,0.990252001712201,0.125104375984569,0.138366661867434,0.94999085818216,0.182671401404317,0.925115908047615,0.277028042596922,NA,NA,0.10122286749663,1,15.579,0.413872859989335,0.576627281575634,0.926422937799323,0.202754015799941,0.454020187404153,10,-0.264512681516636,120.964556846039,2.37549249075323e-13,151.397253681144,2.44765168313667e-13,618540843553068,0.0616723037013723,0.0123092322865936,0.0266458251889607,0.998269728987957,NA,0.985355229049903,0.061672303701372,0.0123092322865936,0.998269728988104,NA,0.980190411045519,0.000238941839310665,0.142729104233137,0.00207077134092023,320,1,"axis_sorted_product",0.984965021903241,"alpha+loading+joint_mu+joint_var+joint_weight",0.971780894084255,0.984775462227409,"alpha+loading+joint_mu+joint_weight",NA,NA,NA,NA,NA,NA,NA,NA,NA,NA,NA,NA,NA,NA,NA,NA,NA,NA,NA,NA,NA,NA,NA,NA,NA,NA,NA,NA,NA,NA,"fixed_ifeval_product_map_penalty5_rep3_H10_G2_2_2_2_2_2_2_2_2_2","both","expectation","intercept_only",NA,NA,NA,NA,"map",5,"riemannian",5,10,"cayley",5,"proximal",FALSE,TRUE,1e-08,FALSE,TRUE,3,TRUE,FALSE,0,0.05,3,2,1,0,0.05,3,2,1,TRUE,"left_subspace",32,32,FALSE,TRUE,3,TRUE,9,9,TRUE,"posterior_objective",TRUE,FALSE,0.0254831314086914,0.00458002090454102,0.0167266130447388,0.00331640243530273,0.184293031692505,0.138591051101685,0.0337569713592529,0.00284504890441895,1.43622612953186,0.0756208896636963,1.3227219581604,0.0282411575317383
"rep3_balanced_moderate_dense_signed_cross_strong_cp0_05_ifeval_min30_n200_p1000_H10_G2-2-2-2-2-2-2-2-2-2_sep2",3,"n200p1000",200,1000,10,"2-2-2-2-2-2-2-2-2-2","2-2-2-2-2-2-2-2-2-2",1024,TRUE,TRUE,26762731,21272531,26762731,1079082952,1000,2,"viroli_smoke","unequal","ifeval_like",0.45,1.6,1.75,"balanced_moderate_dense_signed_cross","ifeval_min30","block","loadings","strong",1,2,1,2,0.05,"random",47,65,325,94,115,39,44.5,1.459,0.459,0.051,1.50782057986734,1.48608600948927,14.7650171336429,16.5784596097826,10.6250843505581,12.4519826278727,0,0,0,0,0.225,0.32475,0.52,0.71,0.9,59,100,0,162,1024,"em_svd",NA,NA,NA,NA,1e-04,0.05,NA,TRUE,18,"independent_marginal_mixture",0.99396294787487,0.968639744703202,0.992717276759896,0.109607179185529,0.125389103807921,0.97029813700647,0.138075543946575,0.952477375349119,0.211316596358111,NA,NA,0.0798287570432932,1,33.309,0.294552899050286,0.292643108106027,0.956081607717462,0.174708336107689,0.417846831843761,10,-0.293067828374261,189.050037042951,5.59230601911369e-13,198.472193545301,5.35072795727299e-13,370925592050569,0.0659580735580151,0.00768651581467018,0.0266458251889476,0.998338799867946,NA,0.988294713276341,0.0659580735580156,0.00768651581467006,0.998338799867931,NA,0.983167674292971,0.000257139938716392,0.144725216315539,0.00229574690420405,318,1,"axis_sorted_product",0.990651249521006,"alpha+loading+joint_mu+joint_var+joint_weight",0.982460018407634,0.990513817922376,"alpha+loading+joint_mu+joint_weight",NA,NA,NA,NA,NA,NA,NA,NA,NA,NA,NA,NA,NA,NA,NA,NA,NA,NA,NA,NA,NA,NA,NA,NA,NA,NA,NA,NA,NA,NA,"fixed_ifeval_product_map_penalty5_rep3_H10_G2_2_2_2_2_2_2_2_2_2","both","expectation","intercept_only",NA,NA,NA,NA,"map",5,"riemannian",5,10,"cayley",5,"proximal",FALSE,TRUE,1e-08,FALSE,TRUE,3,TRUE,FALSE,0,0.05,3,2,1,0,0.05,3,2,1,TRUE,"left_subspace",28,28,FALSE,TRUE,4,TRUE,13,13,TRUE,"posterior_objective",TRUE,FALSE,0.09157395362854,0.00948011875152588,0.074084997177124,0.00671756267547607,0.288540005683899,0.22750449180603,0.053424596786499,0.0043874979019165,1.96779298782349,0.124433040618896,1.81062197685242,0.0354828834533691
"rep3_balanced_moderate_dense_signed_cross_strong_cp0_05_ifeval_min30_n400_p1000_H10_G2-2-2-2-2-2-2-2-2-2_sep2",3,"n400p1000",400,1000,10,"2-2-2-2-2-2-2-2-2-2","2-2-2-2-2-2-2-2-2-2",1024,TRUE,TRUE,26762731,21272531,26762731,1150472974,1000,2,"viroli_smoke","unequal","ifeval_like",0.45,1.6,1.75,"balanced_moderate_dense_signed_cross","ifeval_min30","block","loadings","strong",1,2,1,2,0.05,"random",47,65,325,94,115,39,44.5,1.459,0.459,0.051,1.50782057986734,1.48608600948927,14.7650171336429,16.5784596097826,10.6250843505581,12.4519826278727,0,0,0,0,0.235,0.327375,0.525,0.725,0.8775,128,200,0,282,1024,"em_svd",NA,NA,NA,NA,1e-04,0.05,NA,TRUE,18,"independent_marginal_mixture",0.995129042589913,0.983954589343851,0.993580619203211,0.0985776852696588,0.106869908346122,0.984434625320518,0.100471595869652,0.968098042966882,0.165928580853076,NA,NA,0.0605709702019923,1,62.308,0.240374981295889,0.195852857330609,0.97176388280376,0.173479712400036,0.411878792301528,10,-0.305559299429728,266.377193247611,7.6446108768469e-13,254.105296990821,7.08228361533698e-13,358790060935354,0.0453875300861647,0.00364452666058229,0.0191213231759729,0.99903940265338,NA,0.991873328472946,0.0453875300861654,0.00364452666058229,0.999039402653415,NA,0.989362311083668,0.000166398789548234,0.102237246499774,0.00106130955251204,342,1,"axis_sorted_product",0.99501529743675,"alpha+loading+joint_mu+joint_var+joint_weight",0.990589214299154,0.99493363169182,"alpha+loading+joint_mu+joint_weight",NA,NA,NA,NA,NA,NA,NA,NA,NA,NA,NA,NA,NA,NA,NA,NA,NA,NA,NA,NA,NA,NA,NA,NA,NA,NA,NA,NA,NA,NA,"fixed_ifeval_product_map_penalty5_rep3_H10_G2_2_2_2_2_2_2_2_2_2","both","expectation","intercept_only",NA,NA,NA,NA,"map",5,"riemannian",5,10,"cayley",5,"proximal",FALSE,TRUE,1e-08,FALSE,TRUE,3,TRUE,FALSE,0,0.05,3,2,1,0,0.05,3,2,1,TRUE,"left_subspace",25,25,FALSE,TRUE,5,TRUE,13,13,TRUE,"posterior_objective",TRUE,FALSE,0.372441053390503,0.0189700126647949,0.337976217269897,0.0132749080657959,0.516439914703369,0.391486883163452,0.0952670574188232,0.00743699073791504,2.71297311782837,0.205793142318726,2.43024206161499,0.0444378852844238
"rep3_balanced_moderate_dense_signed_cross_strong_cp0_05_ifeval_min30_n100_p500_H10_G3-3-3-3-3-3-3-3-3-3_sep2",3,"n100p500",100,500,10,"3-3-3-3-3-3-3-3-3-3","3-3-3-3-3-3-3-3-3-3",59049,TRUE,TRUE,29512731,21272531,29512731,974343736,1000,2,"viroli_smoke","unequal","ifeval_like",0.45,1.6,1.75,"balanced_moderate_dense_signed_cross","ifeval_min30","block","loadings","strong",1,2,1,2,0.05,"random",35,40,114,56,67,17,23.5,1.478,0.478,0.0531111111111111,1.50306956235413,1.48404375325584,11.3609624549555,12.5711687343245,9.14597853706678,9.75326946907888,0,0,0,0,0.19,0.33,0.53,0.73,0.92,12,31,0,99,59049,"em_svd",NA,NA,NA,NA,1e-04,0.05,NA,TRUE,18,"independent_marginal_mixture",0.980260672538361,0.951464519500708,0.96528842141848,0.197696404555179,0.235822471317668,0.951977540328793,0.174632495098192,0.892757829304486,0.322433646969972,NA,NA,0.116284197935784,NA,12.235,0.511194056200688,0.922794669318928,0.923668972757549,0.277517792900641,0.606029289821812,10,-0.246203369334377,91.4470324156491,1.12145142857629e-13,127.190982938233,1.49511493000836e-13,850710406172733,0.140636186336401,0.0279230577737683,0.0595944680709873,0.993581099945888,0.733624690181693,0.880208882937148,NA,NA,NA,NA,NA,NA,NA,NA,NA,NA,"skipped_large_K",NA,"skipped_large_K",NA,NA,"skipped_large_K",NA,NA,NA,NA,NA,NA,NA,NA,NA,NA,NA,NA,NA,NA,NA,NA,NA,NA,NA,NA,NA,NA,NA,NA,NA,NA,NA,NA,NA,NA,"fixed_ifeval_product_map_penalty5_rep3_H10_G3_3_3_3_3_3_3_3_3_3","both","expectation","viroli_expectation_svd",NA,NA,NA,NA,"map",5,"riemannian",5,10,"cayley",5,"proximal",FALSE,TRUE,1e-08,FALSE,TRUE,3,TRUE,FALSE,0,0.05,3,2,1,0,0.05,3,2,1,FALSE,"max_iter",50,50,FALSE,TRUE,6,TRUE,9,9,TRUE,"posterior_objective",TRUE,FALSE,0.0140529870986938,0.00239205360412598,0.00957691669464111,0.00167500972747803,0.421468496322632,0.180330038070679,0.236817002296448,0.00302398204803467,0.820281028747559,0.0791609287261963,0.690062046051025,0.0433738231658936
"rep3_balanced_moderate_dense_signed_cross_strong_cp0_05_ifeval_min30_n200_p500_H10_G3-3-3-3-3-3-3-3-3-3_sep2",3,"n200p500",200,500,10,"3-3-3-3-3-3-3-3-3-3","3-3-3-3-3-3-3-3-3-3",59049,TRUE,TRUE,29512731,21272531,29512731,1663122217,1000,2,"viroli_smoke","unequal","ifeval_like",0.45,1.6,1.75,"balanced_moderate_dense_signed_cross","ifeval_min30","block","loadings","strong",1,2,1,2,0.05,"random",35,40,114,56,67,17,23.5,1.478,0.478,0.0531111111111111,1.50306956235413,1.48404375325584,11.3609624549555,12.5711687343245,9.14597853706678,9.75326946907888,0,0,0,0,0.18,0.30475,0.53,0.71525,0.84,36,55,0,199,59049,"em_svd",NA,NA,NA,NA,1e-04,0.05,NA,TRUE,18,"independent_marginal_mixture",0.986461411181828,0.973391038491294,0.979466127774991,0.164139549616059,0.181597517772579,0.974083867926274,0.128676485972728,0.964288927889245,0.196151140401737,NA,NA,0.0911110242541845,NA,20.303,0.317683427177223,0.347629652279509,0.95640640092147,0.223795332095733,0.543866391017076,10,-0.28763210346513,140.445513589869,2.30860970219806e-13,157.063568641617,2.83379208983935e-13,554252265735280,0.0877750004590393,0.0294912875056822,0.0387443313444477,0.998116825951465,0.608148727229159,0.95905090749314,NA,NA,NA,NA,NA,NA,NA,NA,NA,NA,"skipped_large_K",NA,"skipped_large_K",NA,NA,"skipped_large_K",NA,NA,NA,NA,NA,NA,NA,NA,NA,NA,NA,NA,NA,NA,NA,NA,NA,NA,NA,NA,NA,NA,NA,NA,NA,NA,NA,NA,NA,NA,"fixed_ifeval_product_map_penalty5_rep3_H10_G3_3_3_3_3_3_3_3_3_3","both","expectation","intercept_only",NA,NA,NA,NA,"map",5,"riemannian",5,10,"cayley",5,"proximal",FALSE,TRUE,1e-08,FALSE,TRUE,3,TRUE,FALSE,0,0.05,3,2,1,0,0.05,3,2,1,TRUE,"left_subspace",41,41,FALSE,TRUE,3,TRUE,13,13,TRUE,"posterior_objective",TRUE,FALSE,0.0546751022338867,0.00463008880615234,0.0457980632781982,0.00330901145935059,0.586185932159424,0.241192817687988,0.305216073989868,0.00450897216796875,1.01383519172668,0.0992608070373535,0.848610162734985,0.0530211925506592
"rep3_balanced_moderate_dense_signed_cross_strong_cp0_05_ifeval_min30_n400_p500_H10_G3-3-3-3-3-3-3-3-3-3_sep2",3,"n400p500",400,500,10,"3-3-3-3-3-3-3-3-3-3","3-3-3-3-3-3-3-3-3-3",59049,TRUE,TRUE,29512731,21272531,29512731,893196179,1000,2,"viroli_smoke","unequal","ifeval_like",0.45,1.6,1.75,"balanced_moderate_dense_signed_cross","ifeval_min30","block","loadings","strong",1,2,1,2,0.05,"random",35,40,114,56,67,17,23.5,1.478,0.478,0.0531111111111111,1.50306956235413,1.48404375325584,11.3609624549555,12.5711687343245,9.14597853706678,9.75326946907888,0,0,0,0,0.2225,0.3175,0.55,0.73025,0.835,76,116.5,0,398,59049,"em_svd",NA,NA,NA,NA,1e-04,0.05,NA,TRUE,18,"independent_marginal_mixture",0.989056062272464,0.987086883785505,0.986530949390167,0.147760467535924,0.150412512303321,0.987407242790761,0.0902437298722076,0.984355963917926,0.121581728436863,NA,NA,0.0721274742450875,NA,27.362,0.25066214162851,0.214944494157678,0.970757773710908,0.200631319821362,0.5339565232273,10,-0.297482702022391,207.25667540116,5.07276957885035e-13,221.464000334184,5.05975874640627e-13,437696758746611,0.048251319317322,0.0210241610886019,0.0198760987697015,0.999444129429832,0.638870284392513,0.990667516703207,NA,NA,NA,NA,NA,NA,NA,NA,NA,NA,"skipped_large_K",NA,"skipped_large_K",NA,NA,"skipped_large_K",NA,NA,NA,NA,NA,NA,NA,NA,NA,NA,NA,NA,NA,NA,NA,NA,NA,NA,NA,NA,NA,NA,NA,NA,NA,NA,NA,NA,NA,NA,"fixed_ifeval_product_map_penalty5_rep3_H10_G3_3_3_3_3_3_3_3_3_3","both","expectation","viroli_expectation_svd",NA,NA,NA,NA,"map",5,"riemannian",5,10,"cayley",5,"proximal",FALSE,TRUE,1e-08,FALSE,TRUE,3,TRUE,FALSE,0,0.05,3,2,1,0,0.05,3,2,1,TRUE,"left_subspace",40,40,FALSE,TRUE,3,TRUE,5,5,TRUE,"posterior_objective",TRUE,FALSE,0.198106050491333,0.0096355676651001,0.180540084838867,0.00674939155578613,0.913373947143555,0.461291074752808,0.442785978317261,0.0086209774017334,1.09494400024414,0.190886974334717,0.796940088272095,0.0853588581085205
"rep3_balanced_moderate_dense_signed_cross_strong_cp0_05_ifeval_min30_n100_p1000_H10_G3-3-3-3-3-3-3-3-3-3_sep2",3,"n100p1000",100,1000,10,"3-3-3-3-3-3-3-3-3-3","3-3-3-3-3-3-3-3-3-3",59049,TRUE,TRUE,29512731,21272531,29512731,1540665251,1000,2,"viroli_smoke","unequal","ifeval_like",0.45,1.6,1.75,"balanced_moderate_dense_signed_cross","ifeval_min30","block","loadings","strong",1,2,1,2,0.05,"random",47,65,325,94,115,39,44.5,1.459,0.459,0.051,1.50782057986734,1.48608600948927,14.7650171336429,16.5784596097826,10.6250843505581,12.4519826278727,0,0,0,0,0.2,0.3495,0.59,0.77,0.91,13,33.5,0,100,59049,"em_svd",NA,NA,NA,NA,1e-04,0.05,NA,TRUE,18,"independent_marginal_mixture",0.983486387813259,0.946504985738102,0.973709687558967,0.180822985623365,0.218184214072908,0.949888250337904,0.178072596177177,0.908491236500039,0.325239852754641,NA,NA,0.110470832391145,NA,12.821,0.501076248311613,0.849250392087742,0.925288261566936,0.273022089033927,0.552303328755381,10,-0.24707509210239,117.698433497261,2.59984388029495e-13,161.143120935775,3.07060409986087e-13,524792893173941,0.134483280537774,0.0231234519808646,0.0543934514174477,0.993855649574738,0.652060376791846,0.900570978478565,NA,NA,NA,NA,NA,NA,NA,NA,NA,NA,"skipped_large_K",NA,"skipped_large_K",NA,NA,"skipped_large_K",NA,NA,NA,NA,NA,NA,NA,NA,NA,NA,NA,NA,NA,NA,NA,NA,NA,NA,NA,NA,NA,NA,NA,NA,NA,NA,NA,NA,NA,NA,"fixed_ifeval_product_map_penalty5_rep3_H10_G3_3_3_3_3_3_3_3_3_3","both","expectation","viroli_expectation_svd",NA,NA,NA,NA,"map",5,"riemannian",5,10,"cayley",5,"proximal",FALSE,TRUE,1e-08,FALSE,TRUE,3,TRUE,FALSE,0,0.05,3,2,1,0,0.05,3,2,1,FALSE,"max_iter",50,50,FALSE,TRUE,4,TRUE,6,6,TRUE,"posterior_objective",TRUE,FALSE,0.0254300832748413,0.00462758541107178,0.01666259765625,0.00329804420471191,0.397434949874878,0.152814865112305,0.239912986755371,0.00309646129608154,1.32595705986023,0.0878280401229858,1.18286740779877,0.0429565906524658
"rep3_balanced_moderate_dense_signed_cross_strong_cp0_05_ifeval_min30_n200_p1000_H10_G3-3-3-3-3-3-3-3-3-3_sep2",3,"n200p1000",200,1000,10,"3-3-3-3-3-3-3-3-3-3","3-3-3-3-3-3-3-3-3-3",59049,TRUE,TRUE,29512731,21272531,29512731,1576360262,1000,2,"viroli_smoke","unequal","ifeval_like",0.45,1.6,1.75,"balanced_moderate_dense_signed_cross","ifeval_min30","block","loadings","strong",1,2,1,2,0.05,"random",47,65,325,94,115,39,44.5,1.459,0.459,0.051,1.50782057986734,1.48608600948927,14.7650171336429,16.5784596097826,10.6250843505581,12.4519826278727,0,0,0,0,0.2,0.345,0.585,0.765,0.865,31,62,0,200,59049,"em_svd",NA,NA,NA,NA,1e-04,0.05,NA,TRUE,18,"independent_marginal_mixture",0.991155677486688,0.9720834467837,0.987350223889651,0.132665752180021,0.152173620508072,0.973754106406542,0.129659663948679,0.96352377521778,0.200404754434588,NA,NA,0.0832454323203525,NA,27.268,0.288754597081404,0.277469672356597,0.961816829326095,0.18707521004412,0.42171315168423,10,-0.292855735796023,179.341152868887,4.36801387363062e-13,196.991319497498,5.1866874212487e-13,379801795439742,0.080322949978858,0.0180606440550655,0.0385830676819954,0.997445580487152,0.825558375721237,0.950951190219253,NA,NA,NA,NA,NA,NA,NA,NA,NA,NA,"skipped_large_K",NA,"skipped_large_K",NA,NA,"skipped_large_K",NA,NA,NA,NA,NA,NA,NA,NA,NA,NA,NA,NA,NA,NA,NA,NA,NA,NA,NA,NA,NA,NA,NA,NA,NA,NA,NA,NA,NA,NA,"fixed_ifeval_product_map_penalty5_rep3_H10_G3_3_3_3_3_3_3_3_3_3","both","expectation","viroli_expectation_svd",NA,NA,NA,NA,"map",5,"riemannian",5,10,"cayley",5,"proximal",FALSE,TRUE,1e-08,FALSE,TRUE,3,TRUE,FALSE,0,0.05,3,2,1,0,0.05,3,2,1,TRUE,"left_subspace",37,37,FALSE,TRUE,7,TRUE,9,9,TRUE,"posterior_objective",TRUE,FALSE,0.0917041301727295,0.00964999198913574,0.0742368698120117,0.00664281845092773,0.554030895233154,0.233006954193115,0.309805870056152,0.00474190711975098,1.66870713233948,0.162475824356079,1.45041584968567,0.0508801937103271
"rep3_balanced_moderate_dense_signed_cross_strong_cp0_05_ifeval_min30_n400_p1000_H10_G3-3-3-3-3-3-3-3-3-3_sep2",3,"n400p1000",400,1000,10,"3-3-3-3-3-3-3-3-3-3","3-3-3-3-3-3-3-3-3-3",59049,TRUE,TRUE,29512731,21272531,29512731,1647750284,1000,2,"viroli_smoke","unequal","ifeval_like",0.45,1.6,1.75,"balanced_moderate_dense_signed_cross","ifeval_min30","block","loadings","strong",1,2,1,2,0.05,"random",47,65,325,94,115,39,44.5,1.459,0.459,0.051,1.50782057986734,1.48608600948927,14.7650171336429,16.5784596097826,10.6250843505581,12.4519826278727,0,0,0,0,0.21,0.354875,0.5575,0.7275,0.8475,77,118,0,393,59049,"em_svd",NA,NA,NA,NA,1e-04,0.05,NA,TRUE,18,"independent_marginal_mixture",0.993135397934173,0.985319930654043,0.989065246398782,0.117025130298263,0.128594901867062,0.986390783757272,0.0938275525346483,0.980107553836861,0.140436144648975,NA,NA,0.0665020308982367,NA,62.199,0.213576368805331,0.162729651127863,0.977025308123019,0.160349234069648,0.404773837515564,10,-0.299109702138179,281.03025701319,6.97614086859414e-13,276.539383106921,7.49281445464944e-13,369072776031872,0.0527071833287197,0.0171767884174184,0.0277788357451824,0.999382561531651,0.77350771859882,0.983672657733673,NA,NA,NA,NA,NA,NA,NA,NA,NA,NA,"skipped_large_K",NA,"skipped_large_K",NA,NA,"skipped_large_K",NA,NA,NA,NA,NA,NA,NA,NA,NA,NA,NA,NA,NA,NA,NA,NA,NA,NA,NA,NA,NA,NA,NA,NA,NA,NA,NA,NA,NA,NA,"fixed_ifeval_product_map_penalty5_rep3_H10_G3_3_3_3_3_3_3_3_3_3","both","expectation","intercept_only",NA,NA,NA,NA,"map",5,"riemannian",5,10,"cayley",5,"proximal",FALSE,TRUE,1e-08,FALSE,TRUE,3,TRUE,FALSE,0,0.05,3,2,1,0,0.05,3,2,1,TRUE,"left_subspace",35,35,FALSE,TRUE,7,TRUE,12,12,TRUE,"posterior_objective",TRUE,FALSE,0.372168064117432,0.0189969539642334,0.337777137756348,0.0134279727935791,0.901261806488037,0.418133974075317,0.456605911254883,0.00832295417785645,2.18453145027161,0.236860394477844,1.81575500965118,0.0844509601593018
"rep3_balanced_moderate_dense_signed_cross_strong_cp0_05_ifeval_min30_n100_p500_H5_G2-2-2-2-2_sep2",3,"n100p500",100,500,5,"2-2-2-2-2","2-2-2-2-2",32,TRUE,TRUE,22262731,20772531,22262731,1717700616,1000,2,"viroli_smoke","unequal","ifeval_like",0.45,1.6,1.75,"balanced_moderate_dense_signed_cross","ifeval_min30","block","loadings","strong",1,2,1,2,0.05,"random",54,75,206,74,101,14,20,1.214,0.214,0.0535,1.49654645403102,1.52266467329785,12.7524929735405,15.5160542572856,10.7277642446579,13.2362517165556,0,0,0,0,0.16,0.27,0.5,0.74,0.93,25,50,0,26,32,"em_svd",NA,NA,NA,NA,1e-04,0.05,NA,TRUE,18,"independent_marginal_mixture",0.992430148626238,0.964469734599635,0.991211253851083,0.122426736132466,0.178972579878817,0.961937438469371,0.206596203229561,0.917402530245559,0.346924177947872,NA,NA,0.0767533442905491,1,11.308,0.316812564933518,0.27405371029595,0.951936426668164,0.191878576854577,0.316661671016816,5,-0.308376765600053,112.130227400127,1.44836043331629e-13,129.311038757955,1.23170677027035e-13,1049852463907230,0.155184312982072,0.0109582581014472,0.0603324125159912,0.990965912888921,NA,0.948256842423763,0.155184312982072,0.0109582581014472,0.990965912888922,NA,0.941045411660852,0.0101406212991129,0.24058124999999,0.0259118124999985,32,26,"axis_sorted_product",0.952639525773982,"alpha+loading+joint_mu+joint_var+joint_weight",0.95460137546172,0.952468952487627,"alpha+loading+joint_mu+joint_weight",NA,NA,NA,NA,NA,NA,NA,NA,NA,NA,NA,NA,NA,NA,NA,NA,NA,NA,NA,NA,NA,NA,NA,NA,NA,NA,NA,NA,NA,NA,"fixed_ifeval_product_map_penalty5_rep3_H5_G2_2_2_2_2","both","expectation","intercept_only",NA,NA,NA,NA,"map",5,"riemannian",5,10,"cayley",5,"proximal",FALSE,TRUE,1e-08,FALSE,TRUE,3,TRUE,FALSE,0,0.05,3,2,1,0,0.05,3,2,1,TRUE,"left_subspace",30,30,FALSE,TRUE,3,TRUE,12,12,TRUE,"posterior_objective",TRUE,FALSE,0.0138185024261475,0.00235152244567871,0.00952255725860596,0.00167214870452881,0.0949850082397461,0.07417893409729,0.019366979598999,0.00146794319152832,0.743617057800293,0.0658670663833618,0.647044897079468,0.0189000368118286
"rep3_balanced_moderate_dense_signed_cross_strong_cp0_05_ifeval_min30_n200_p500_H5_G2-2-2-2-2_sep2",3,"n200p500",200,500,5,"2-2-2-2-2","2-2-2-2-2",32,TRUE,TRUE,22262731,20772531,22262731,61771667,1000,2,"viroli_smoke","unequal","ifeval_like",0.45,1.6,1.75,"balanced_moderate_dense_signed_cross","ifeval_min30","block","loadings","strong",1,2,1,2,0.05,"random",54,75,206,74,101,14,20,1.214,0.214,0.0535,1.49654645403102,1.52266467329785,12.7524929735405,15.5160542572856,10.7277642446579,13.2362517165556,0,0,0,0,0.165,0.28,0.525,0.755,0.905,62,100,0,30,32,"em_svd",NA,NA,NA,NA,1e-04,0.05,NA,TRUE,18,"independent_marginal_mixture",0.993376740379594,0.975748763706065,0.991168607940658,0.114805429508397,0.129780295437898,0.976467091458932,0.150933965929805,0.960175155275674,0.213012795130599,NA,NA,0.0608778256447008,1,22.615,0.253989855315739,0.188672837304251,0.967241980330846,0.182320850399134,0.324692917878024,5,-0.303859688124221,171.16795945583,3.10089443051489e-13,182.957206497725,3.77439547516842e-13,484732476237301,0.0653344268588211,0.0100507786817668,0.0265518360947029,0.998154656241076,NA,0.986141575762773,0.0653344268588211,0.0100507786817668,0.998154656241075,NA,0.984872614612051,0.00427860575193318,0.104065262599997,0.0111234012999995,32,28,"axis_sorted_product",0.975545106726285,"alpha+loading+joint_mu+joint_var+joint_weight",0.974377700581315,0.975395216716649,"alpha+loading+joint_mu+joint_weight",NA,NA,NA,NA,NA,NA,NA,NA,NA,NA,NA,NA,NA,NA,NA,NA,NA,NA,NA,NA,NA,NA,NA,NA,NA,NA,NA,NA,NA,NA,"fixed_ifeval_product_map_penalty5_rep3_H5_G2_2_2_2_2","both","expectation","viroli_expectation_svd",NA,NA,NA,NA,"map",5,"riemannian",5,10,"cayley",5,"proximal",FALSE,TRUE,1e-08,FALSE,TRUE,3,TRUE,FALSE,0,0.05,3,2,1,0,0.05,3,2,1,TRUE,"left_subspace",31,31,FALSE,TRUE,3,TRUE,18,18,TRUE,"posterior_objective",TRUE,FALSE,0.0545201301574707,0.0046379566192627,0.0457208156585693,0.00330996513366699,0.138903856277466,0.113615036010742,0.0276389122009277,0.0020751953125,0.973583459854126,0.069167971611023,0.874330401420593,0.0197349786758423
"rep3_balanced_moderate_dense_signed_cross_strong_cp0_05_ifeval_min30_n400_p500_H5_G2-2-2-2-2_sep2",3,"n400p500",400,500,5,"2-2-2-2-2","2-2-2-2-2",32,TRUE,TRUE,22262731,20772531,22262731,1044879769,1000,2,"viroli_smoke","unequal","ifeval_like",0.45,1.6,1.75,"balanced_moderate_dense_signed_cross","ifeval_min30","block","loadings","strong",1,2,1,2,0.05,"random",54,75,206,74,101,14,20,1.214,0.214,0.0535,1.49654645403102,1.52266467329785,12.7524929735405,15.5160542572856,10.7277642446579,13.2362517165556,0,0,0,0,0.165,0.315,0.52,0.755125,0.8875,135,200,0,32,32,"em_svd",NA,NA,NA,NA,1e-04,0.05,NA,TRUE,18,"independent_marginal_mixture",0.994114562940822,0.98715333467713,0.991999837340028,0.108357957405345,0.114754771144775,0.986870935430919,0.114615323648524,0.977083882993617,0.158500328642598,NA,NA,0.0485116900168917,1,25.125,0.217539826513479,0.134094498365161,0.97630759662974,0.172044604018047,0.311658690252786,5,-0.318717008613147,251.690295099564,6.75140920328865e-13,257.82354654264,5.97417773098486e-13,431563234561047,0.0395009374401788,0.00796315210563644,0.016807736313971,0.999345599817654,NA,0.993932018556623,0.0395009374401788,0.00796315210563644,0.999345599817652,NA,0.993306127834584,0.00271795622777248,0.0649004499999974,0.00583769249999907,32,28,"axis_sorted_product",0.986639896394832,"alpha+loading+joint_mu+joint_var+joint_weight",0.98600950099359,0.98656086179594,"alpha+loading+joint_mu+joint_weight",NA,NA,NA,NA,NA,NA,NA,NA,NA,NA,NA,NA,NA,NA,NA,NA,NA,NA,NA,NA,NA,NA,NA,NA,NA,NA,NA,NA,NA,NA,"fixed_ifeval_product_map_penalty5_rep3_H5_G2_2_2_2_2","both","expectation","viroli_expectation_svd",NA,NA,NA,NA,"map",5,"riemannian",5,10,"cayley",5,"proximal",FALSE,TRUE,1e-08,FALSE,TRUE,3,TRUE,FALSE,0,0.05,3,2,1,0,0.05,3,2,1,TRUE,"left_subspace",27,27,FALSE,TRUE,7,TRUE,7,7,TRUE,"posterior_objective",TRUE,FALSE,0.19779896736145,0.00976109504699707,0.180216789245605,0.00671792030334473,0.262556076049805,0.192052841186523,0.0663788318634033,0.0036320686340332,1.36628603935242,0.10863995552063,1.20339322090149,0.0327439308166504
"rep3_balanced_moderate_dense_signed_cross_strong_cp0_05_ifeval_min30_n100_p1000_H5_G2-2-2-2-2_sep2",3,"n100p1000",100,1000,5,"2-2-2-2-2","2-2-2-2-2",32,TRUE,TRUE,22262731,20772531,22262731,2023207681,1000,2,"viroli_smoke","unequal","ifeval_like",0.45,1.6,1.75,"balanced_moderate_dense_signed_cross","ifeval_min30","block","loadings","strong",1,2,1,2,0.05,"random",87,139,458,126,190,21,40,1.195,0.195,0.04875,1.49337146230671,1.52593145818473,16.8608751387451,21.0349541452727,13.7871437072219,17.8593077626417,0,0,0,0,0.16,0.2895,0.49,0.76,0.92,27,50,0,26,32,"em_svd",NA,NA,NA,NA,1e-04,0.05,NA,TRUE,18,"independent_marginal_mixture",0.992703993725178,0.958015046284167,0.991423186855919,0.12019189832991,0.172198536955855,0.959925795029089,0.210671580500838,0.928317974355784,0.344346363095449,NA,NA,0.0790663029444375,1,11.782,0.31720384827296,0.263290362141619,0.950772727783373,0.144056380468292,0.248941753923753,5,-0.317213056787585,154.374204382065,2.95641618245766e-13,173.815876868435,2.70719668168625e-13,642051159578731,0.132041646959606,0.0151594928615451,0.0525357021462517,0.995926358657666,NA,0.97949017265928,0.132041646959606,0.0151594928615451,0.995926358657666,NA,0.971773567738564,0.009810419828693,0.205414939999988,0.0346822114999958,32,25,"axis_sorted_product",0.949476825462763,"alpha+loading+joint_mu+joint_var+joint_weight",0.95398215733008,0.949393300827082,"alpha+loading+joint_mu+joint_weight",NA,NA,NA,NA,NA,NA,NA,NA,NA,NA,NA,NA,NA,NA,NA,NA,NA,NA,NA,NA,NA,NA,NA,NA,NA,NA,NA,NA,NA,NA,"fixed_ifeval_product_map_penalty5_rep3_H5_G2_2_2_2_2","both","expectation","intercept_only",NA,NA,NA,NA,"map",5,"riemannian",5,10,"cayley",5,"proximal",FALSE,TRUE,1e-08,FALSE,TRUE,3,TRUE,FALSE,0,0.05,3,2,1,0,0.05,3,2,1,TRUE,"left_subspace",28,28,FALSE,TRUE,3,TRUE,8,8,TRUE,"posterior_objective",TRUE,FALSE,0.0255175828933716,0.00486207008361816,0.0165730714797974,0.00344252586364746,0.0903470516204834,0.0734250545501709,0.015380859375,0.0013878345489502,1.14963734149933,0.064543604850769,1.06215012073517,0.0178390741348267
"rep3_balanced_moderate_dense_signed_cross_strong_cp0_05_ifeval_min30_n200_p1000_H5_G2-2-2-2-2_sep2",3,"n200p1000",200,1000,5,"2-2-2-2-2","2-2-2-2-2",32,TRUE,TRUE,22262731,20772531,22262731,1992298362,1000,2,"viroli_smoke","unequal","ifeval_like",0.45,1.6,1.75,"balanced_moderate_dense_signed_cross","ifeval_min30","block","loadings","strong",1,2,1,2,0.05,"random",87,139,458,126,190,21,40,1.195,0.195,0.04875,1.49337146230671,1.52593145818473,16.8608751387451,21.0349541452727,13.7871437072219,17.8593077626417,0,0,0,0,0.18,0.29475,0.52,0.76025,0.895,64,100,0,30,32,"em_svd",NA,NA,NA,NA,1e-04,0.05,NA,TRUE,18,"independent_marginal_mixture",0.995223110966784,0.975365622225285,0.993973364237177,0.0974987649978237,0.11356981679272,0.975391581560288,0.154796043867223,0.952571645353713,0.223922571500765,NA,NA,0.0605289015543499,1,31.038,0.239681980859956,0.158767534412142,0.971403997030422,0.128803942788588,0.239791640591609,5,-0.321669638266473,231.419546535462,6.2112282763235e-13,231.200278536755,5.18097551396423e-13,446248545112022,0.0652562502439563,0.0127774410743103,0.0281069386451278,0.998045557299119,NA,0.983412021834248,0.0652562502439563,0.0127774410743103,0.998045557299116,NA,0.981626039958917,0.00453225792955291,0.106523891800072,0.0140888541000088,32,28,"axis_sorted_product",0.972560999534486,"alpha+loading+joint_mu+joint_var+joint_weight",0.972150327493293,0.972464636777822,"alpha+loading+joint_mu+joint_weight",NA,NA,NA,NA,NA,NA,NA,NA,NA,NA,NA,NA,NA,NA,NA,NA,NA,NA,NA,NA,NA,NA,NA,NA,NA,NA,NA,NA,NA,NA,"fixed_ifeval_product_map_penalty5_rep3_H5_G2_2_2_2_2","both","expectation","intercept_only",NA,NA,NA,NA,"map",5,"riemannian",5,10,"cayley",5,"proximal",FALSE,TRUE,1e-08,FALSE,TRUE,3,TRUE,FALSE,0,0.05,3,2,1,0,0.05,3,2,1,TRUE,"left_subspace",24,24,FALSE,TRUE,3,TRUE,14,14,TRUE,"posterior_objective",TRUE,FALSE,0.091416597366333,0.0094383955001831,0.0742475986480713,0.00656795501708984,0.155189990997314,0.126773118972778,0.0261800289154053,0.00216794013977051,1.74068355560303,0.0932731628417969,1.61275339126587,0.0213005542755127
"rep3_balanced_moderate_dense_signed_cross_strong_cp0_05_ifeval_min30_n400_p1000_H5_G2-2-2-2-2_sep2",3,"n400p1000",400,1000,5,"2-2-2-2-2","2-2-2-2-2",32,TRUE,TRUE,22262731,20772531,22262731,1930479724,1000,2,"viroli_smoke","unequal","ifeval_like",0.45,1.6,1.75,"balanced_moderate_dense_signed_cross","ifeval_min30","block","loadings","strong",1,2,1,2,0.05,"random",87,139,458,126,190,21,40,1.195,0.195,0.04875,1.49337146230671,1.52593145818473,16.8608751387451,21.0349541452727,13.7871437072219,17.8593077626417,0,0,0,0,0.175,0.3025,0.525,0.772625,0.91,131,200,0,32,32,"em_svd",NA,NA,NA,NA,1e-04,0.05,NA,TRUE,18,"independent_marginal_mixture",0.996065691807611,0.987768030385112,0.994222690859281,0.0885942709423984,0.0960592432433226,0.988201966425069,0.108976413530574,0.982487762601476,0.135315639582735,NA,NA,0.0446507924367599,1,50.442,0.210717098220535,0.12305509021186,0.979968107614071,0.136594614991454,0.234945303479225,5,-0.324913473001053,329.681107581789,9.04421659599352e-13,318.975284688883,8.24228008106645e-13,386998842009275,0.038039770707569,0.00695780649069122,0.0162018517460172,0.999324953633017,NA,0.994314460627255,0.038039770707569,0.00695780649069122,0.999324953633016,NA,0.99382178524765,0.00258543069899455,0.0607417728281132,0.00608661900781137,32,28,"axis_sorted_product",0.987708912192513,"alpha+loading+joint_mu+joint_var+joint_weight",0.987407552258058,0.987666039630565,"alpha+loading+joint_mu+joint_weight",NA,NA,NA,NA,NA,NA,NA,NA,NA,NA,NA,NA,NA,NA,NA,NA,NA,NA,NA,NA,NA,NA,NA,NA,NA,NA,NA,NA,NA,NA,"fixed_ifeval_product_map_penalty5_rep3_H5_G2_2_2_2_2","both","expectation","viroli_expectation_svd",NA,NA,NA,NA,"map",5,"riemannian",5,10,"cayley",5,"proximal",FALSE,TRUE,1e-08,FALSE,TRUE,3,TRUE,FALSE,0,0.05,3,2,1,0,0.05,3,2,1,TRUE,"left_subspace",22,22,FALSE,TRUE,2,TRUE,11,11,TRUE,"posterior_objective",TRUE,FALSE,0.372543573379517,0.0192400217056274,0.337592482566833,0.0132284164428711,0.259778022766113,0.211852431297302,0.0436413288116455,0.00420141220092773,2.56009793281555,0.181892871856689,2.31999015808105,0.0292809009552002
"rep3_balanced_moderate_dense_signed_cross_strong_cp0_05_ifeval_min30_n100_p500_H5_G3-3-3-3-3_sep2",3,"n100p500",100,500,5,"3-3-3-3-3","3-3-3-3-3",243,TRUE,TRUE,23012731,20772531,23012731,1440112271,1000,2,"viroli_smoke","unequal","ifeval_like",0.45,1.6,1.75,"balanced_moderate_dense_signed_cross","ifeval_min30","block","loadings","strong",1,2,1,2,0.05,"random",54,75,206,74,101,14,20,1.214,0.214,0.0535,1.49654645403102,1.52266467329785,12.7524929735405,15.5160542572856,10.7277642446579,13.2362517165556,0,0,0,0,0.16,0.29,0.57,0.7605,0.9,16,32,0,68,243,"em_svd",NA,NA,NA,NA,1e-04,0.05,NA,TRUE,18,"independent_marginal_mixture",0.985281081408736,0.959854906859509,0.979132457116054,0.170714553599578,0.178247771277002,0.960882048246956,0.199194884386309,0.952090293973076,0.225750995820152,NA,NA,0.0907361530810044,0.699355762347888,8.17,0.380799829367303,0.403036066747991,0.94680301910994,0.270747521647479,0.382934612143875,5,-0.306589993130139,114.355994048324,1.65677736069268e-13,142.382486732096,1.93692297594075e-13,735096276417195,0.124836995312151,0.0205899202769106,0.0529876223563364,0.994088230714502,0.739889073582761,0.90528947850433,0.124836995312151,0.0205899202769106,0.994088230714519,0.721203492763543,0.883472413609973,0.00185557524044631,0.290592566863381,0.0107083080731625,222,15,"axis_sorted_product",0.977625066248441,"alpha+loading+joint_mu+joint_var+joint_weight",0.918468755252306,0.990254936731669,"alpha+loading+joint_mu+joint_log_var+joint_weight",NA,NA,NA,NA,NA,NA,NA,NA,NA,NA,NA,NA,NA,NA,NA,NA,NA,NA,NA,NA,NA,NA,NA,NA,NA,NA,NA,NA,NA,NA,"fixed_ifeval_product_map_penalty5_rep3_H5_G3_3_3_3_3","both","expectation","viroli_expectation_svd",NA,NA,NA,NA,"map",5,"riemannian",5,10,"cayley",5,"proximal",FALSE,TRUE,1e-08,FALSE,TRUE,3,TRUE,FALSE,0,0.05,3,2,1,0,0.05,3,2,1,FALSE,"max_iter",50,50,FALSE,TRUE,3,TRUE,7,7,TRUE,"posterior_objective",TRUE,FALSE,0.0137923955917358,0.00232553482055664,0.00947749614715576,0.00167560577392578,0.193197011947632,0.0800900459289551,0.115962982177734,0.00146913528442383,0.724030017852783,0.067270040512085,0.613653898239136,0.0390188694000244
"rep3_balanced_moderate_dense_signed_cross_strong_cp0_05_ifeval_min30_n200_p500_H5_G3-3-3-3-3_sep2",3,"n200p500",200,500,5,"3-3-3-3-3","3-3-3-3-3",243,TRUE,TRUE,23012731,20772531,23012731,1931666322,1000,2,"viroli_smoke","unequal","ifeval_like",0.45,1.6,1.75,"balanced_moderate_dense_signed_cross","ifeval_min30","block","loadings","strong",1,2,1,2,0.05,"random",54,75,206,74,101,14,20,1.214,0.214,0.0535,1.49654645403102,1.52266467329785,12.7524929735405,15.5160542572856,10.7277642446579,13.2362517165556,0,0,0,0,0.125,0.305,0.56,0.755,0.885,39,59,0,111,243,"em_svd",NA,NA,NA,NA,1e-04,0.05,NA,TRUE,18,"independent_marginal_mixture",0.99122912376298,0.978408136331778,0.988346772678043,0.132113752924026,0.147407742138425,0.979512421249725,0.140370442949343,0.975213966455845,0.17176749067758,NA,NA,0.0668305075942347,0.815589692411876,17.05,0.252632300307576,0.183567447333218,0.971298796229715,0.185343256924569,0.331371031888839,5,-0.312493260691817,167.765755566613,2.94038438289709e-13,181.510040317494,3.52426347588283e-13,515029712050761,0.070085999805115,0.0220438740013732,0.0372956882204081,0.998859069229017,0.828513221075188,0.964590384348361,0.070085999805115,0.0220438740013731,0.998859069229021,0.797911027489632,0.952824395847413,0.00137396662983287,0.214272145075468,0.00946662194436783,232,13,"axis_sorted_product",0.988978157807293,"alpha+loading+joint_mu+joint_var+joint_weight",0.943366726083031,0.993525292662645,"alpha+loading+joint_mu+joint_log_var+joint_weight",NA,NA,NA,NA,NA,NA,NA,NA,NA,NA,NA,NA,NA,NA,NA,NA,NA,NA,NA,NA,NA,NA,NA,NA,NA,NA,NA,NA,NA,NA,"fixed_ifeval_product_map_penalty5_rep3_H5_G3_3_3_3_3","both","expectation","intercept_only",NA,NA,NA,NA,"map",5,"riemannian",5,10,"cayley",5,"proximal",FALSE,TRUE,1e-08,FALSE,TRUE,3,TRUE,FALSE,0,0.05,3,2,1,0,0.05,3,2,1,TRUE,"left_subspace",48,48,FALSE,TRUE,4,TRUE,12,12,TRUE,"posterior_objective",TRUE,FALSE,0.0546849966049194,0.00457251071929932,0.0457829236984253,0.0033118724822998,0.269429445266724,0.12166702747345,0.150161504745483,0.00271105766296387,0.846360445022583,0.0729153156280518,0.721046566963196,0.0360574722290039
"rep3_balanced_moderate_dense_signed_cross_strong_cp0_05_ifeval_min30_n400_p500_H5_G3-3-3-3-3_sep2",3,"n400p500",400,500,5,"3-3-3-3-3","3-3-3-3-3",243,TRUE,TRUE,23012731,20772531,23012731,767291424,1000,2,"viroli_smoke","unequal","ifeval_like",0.45,1.6,1.75,"balanced_moderate_dense_signed_cross","ifeval_min30","block","loadings","strong",1,2,1,2,0.05,"random",54,75,206,74,101,14,20,1.214,0.214,0.0535,1.49654645403102,1.52266467329785,12.7524929735405,15.5160542572856,10.7277642446579,13.2362517165556,0,0,0,0,0.17,0.32475,0.58125,0.75775,0.865,71,126,0,170,243,"em_svd",NA,NA,NA,NA,1e-04,0.05,NA,TRUE,18,"independent_marginal_mixture",0.99144441970947,0.991077826028405,0.986211602184526,0.130646020527256,0.142968412449516,0.991405940689264,0.0926185715246662,0.9810364929095,0.145044813098576,NA,NA,0.0542488475970804,0.773391374135501,25.691,0.192100816547123,0.10503674336999,0.981807692454837,0.182899912512846,0.319562149302768,5,-0.318967449346014,246.268170619228,8.41474363607824e-13,246.076648872277,7.14717336937466e-13,344299258118888,0.0651371803449065,0.0174681040063942,0.0351006350245753,0.998852863499195,0.734481234350337,0.976971082395118,0.0651371803449065,0.0174681040063942,0.99885286349921,0.770189930810565,0.9665581787532,0.00132061468499439,0.183174687692017,0.0113828892975285,231,11,"axis_sorted_product",0.994518972846541,"alpha+loading+joint_mu+joint_var+joint_weight",0.941060368709543,0.995425474781983,"alpha+loading+joint_mu+joint_log_var+joint_weight",NA,NA,NA,NA,NA,NA,NA,NA,NA,NA,NA,NA,NA,NA,NA,NA,NA,NA,NA,NA,NA,NA,NA,NA,NA,NA,NA,NA,NA,NA,"fixed_ifeval_product_map_penalty5_rep3_H5_G3_3_3_3_3","both","expectation","viroli_expectation_svd",NA,NA,NA,NA,"map",5,"riemannian",5,10,"cayley",5,"proximal",FALSE,TRUE,1e-08,FALSE,TRUE,3,TRUE,FALSE,0,0.05,3,2,1,0,0.05,3,2,1,TRUE,"left_subspace",40,40,FALSE,TRUE,3,TRUE,6,6,TRUE,"posterior_objective",TRUE,FALSE,0.197651505470276,0.00956439971923828,0.180341124534607,0.00670993328094482,0.440306186676025,0.223857164382935,0.203473806381226,0.004486083984375,1.09284710884094,0.122133374214172,0.884719491004944,0.0691430568695068
"rep3_balanced_moderate_dense_signed_cross_strong_cp0_05_ifeval_min30_n100_p1000_H5_G3-3-3-3-3_sep2",3,"n100p1000",100,1000,5,"3-3-3-3-3","3-3-3-3-3",243,TRUE,TRUE,23012731,20772531,23012731,1745619336,1000,2,"viroli_smoke","unequal","ifeval_like",0.45,1.6,1.75,"balanced_moderate_dense_signed_cross","ifeval_min30","block","loadings","strong",1,2,1,2,0.05,"random",87,139,458,126,190,21,40,1.195,0.195,0.04875,1.49337146230671,1.52593145818473,16.8608751387451,21.0349541452727,13.7871437072219,17.8593077626417,0,0,0,0,0.15,0.33,0.61,0.8105,0.9,16,33,0,76,243,"em_svd",NA,NA,NA,NA,1e-04,0.05,NA,TRUE,18,"independent_marginal_mixture",0.986811031487078,0.960766461778834,0.985750822499733,0.161598755117681,0.1891546449582,0.963975744061017,0.185123288923354,0.94291406313914,0.335161311702972,NA,NA,0.0842335561424264,0.851039339156341,9.779,0.338473946613631,0.322925169807172,0.952683664680442,0.168311368658709,0.295328055938373,5,-0.28117095234444,165.243529171642,2.44999829533052e-13,183.976302153709,2.68662297398144e-13,684786454725598,0.108727660371081,0.0167878199300983,0.0505614113491385,0.996076844108456,0.835048213554064,0.917361917295886,0.108727660371081,0.0167878199300983,0.996076844108478,0.838715899599121,0.89752513215707,0.00178469675474991,0.265797601102794,0.0129245976426278,226,15,"axis_sorted_product",0.967150953789977,"alpha+loading+joint_mu+joint_var+joint_weight",0.936280896882075,0.986805347689489,"alpha+loading+joint_mu+joint_log_var+joint_weight",NA,NA,NA,NA,NA,NA,NA,NA,NA,NA,NA,NA,NA,NA,NA,NA,NA,NA,NA,NA,NA,NA,NA,NA,NA,NA,NA,NA,NA,NA,"fixed_ifeval_product_map_penalty5_rep3_H5_G3_3_3_3_3","both","expectation","intercept_only",NA,NA,NA,NA,"map",5,"riemannian",5,10,"cayley",5,"proximal",FALSE,TRUE,1e-08,FALSE,TRUE,3,TRUE,FALSE,0,0.05,3,2,1,0,0.05,3,2,1,TRUE,"left_subspace",42,42,FALSE,TRUE,3,TRUE,6,6,TRUE,"posterior_objective",TRUE,FALSE,0.025511622428894,0.00499808788299561,0.0165770053863525,0.00332534313201904,0.180410146713257,0.0784070491790771,0.0939979553222656,0.00145411491394043,1.09902858734131,0.0685399770736694,0.990387558937073,0.0348864793777466
"rep3_balanced_moderate_dense_signed_cross_strong_cp0_05_ifeval_min30_n200_p1000_H5_G3-3-3-3-3_sep2",3,"n200p1000",200,1000,5,"3-3-3-3-3","3-3-3-3-3",243,TRUE,TRUE,23012731,20772531,23012731,1714710017,1000,2,"viroli_smoke","unequal","ifeval_like",0.45,1.6,1.75,"balanced_moderate_dense_signed_cross","ifeval_min30","block","loadings","strong",1,2,1,2,0.05,"random",87,139,458,126,190,21,40,1.195,0.195,0.04875,1.49337146230671,1.52593145818473,16.8608751387451,21.0349541452727,13.7871437072219,17.8593077626417,0,0,0,0,0.165,0.315,0.595,0.795,0.895,33,62,0,116,243,"em_svd",NA,NA,NA,NA,1e-04,0.05,NA,TRUE,18,"independent_marginal_mixture",0.992845289586882,0.978670202219339,0.990024049008511,0.119322561664194,0.124282600223874,0.980618456513408,0.136023669958297,0.9749652095176,0.175641708164985,NA,NA,0.0647213511940683,0.744661285924827,22.558,0.222893986154631,0.137355556926866,0.975542386266064,0.15402475464039,0.252188191434953,5,-0.315487070125589,231.399806443357,8.06584953499777e-13,241.799595408033,7.23958599317265e-13,333996440730263,0.0672742850628266,0.0198487488111349,0.0263050466674164,0.998200221262063,0.851765906772581,0.977847920520245,0.0672742850628266,0.0198487488111349,0.998200221262071,0.821793171148454,0.973454047504484,0.000912842706900991,0.149398724977132,0.00370187681070035,216,18,"axis_sorted_product",0.985852583991443,"alpha+loading+joint_mu+joint_var+joint_weight",0.954020843247253,0.992798937312508,"alpha+loading+joint_mu+joint_log_var+joint_weight",NA,NA,NA,NA,NA,NA,NA,NA,NA,NA,NA,NA,NA,NA,NA,NA,NA,NA,NA,NA,NA,NA,NA,NA,NA,NA,NA,NA,NA,NA,"fixed_ifeval_product_map_penalty5_rep3_H5_G3_3_3_3_3","both","expectation","viroli_expectation_svd",NA,NA,NA,NA,"map",5,"riemannian",5,10,"cayley",5,"proximal",FALSE,TRUE,1e-08,FALSE,TRUE,3,TRUE,FALSE,0,0.05,3,2,1,0,0.05,3,2,1,TRUE,"left_subspace",36,36,FALSE,TRUE,2,TRUE,9,9,TRUE,"posterior_objective",TRUE,FALSE,0.0911535024642944,0.00941550731658936,0.0739604234695435,0.00661253929138184,0.265015482902527,0.127485990524292,0.135119080543518,0.00232303142547607,1.59098291397095,0.106677055358887,1.42172908782959,0.0442538261413574
"rep3_balanced_moderate_dense_signed_cross_strong_cp0_05_ifeval_min30_n400_p1000_H5_G3-3-3-3-3_sep2",3,"n400p1000",400,1000,5,"3-3-3-3-3","3-3-3-3-3",243,TRUE,TRUE,23012731,20772531,23012731,1652891379,1000,2,"viroli_smoke","unequal","ifeval_like",0.45,1.6,1.75,"balanced_moderate_dense_signed_cross","ifeval_min30","block","loadings","strong",1,2,1,2,0.05,"random",87,139,458,126,190,21,40,1.195,0.195,0.04875,1.49337146230671,1.52593145818473,16.8608751387451,21.0349541452727,13.7871437072219,17.8593077626417,0,0,0,0,0.1525,0.3175,0.5725,0.757625,0.8775,72,121,0,174,243,"em_svd",NA,NA,NA,NA,1e-04,0.05,NA,TRUE,18,"independent_marginal_mixture",0.994976013793527,0.989068241695947,0.991963799590332,0.100114197204558,0.110952307031373,0.989898324125121,0.0973229472750464,0.98737829454652,0.132216755856754,NA,NA,0.0487174790481773,0.83876754387933,53.433,0.170608475812686,0.0841292641827557,0.985341837134798,0.137882315088726,0.238056511356591,5,-0.324101952345647,333.39437191308,1.13999357495139e-12,324.933553454243,1.07368345789004e-12,302634404084783,0.0450718228349667,0.0140508550233377,0.0201044264387382,0.999409685801231,0.847417966195844,0.99076844881084,0.0450718228349667,0.0140508550233378,0.99940968580125,0.864153525736983,0.987908968727965,0.000749002633968073,0.114078057960509,0.00496732188283563,228,16,"axis_sorted_product",0.992759042625099,"alpha+loading+joint_mu+joint_var+joint_weight",0.971094696070488,0.995950065674033,"alpha+loading+joint_mu+joint_log_var+joint_weight",NA,NA,NA,NA,NA,NA,NA,NA,NA,NA,NA,NA,NA,NA,NA,NA,NA,NA,NA,NA,NA,NA,NA,NA,NA,NA,NA,NA,NA,NA,"fixed_ifeval_product_map_penalty5_rep3_H5_G3_3_3_3_3","both","expectation","intercept_only",NA,NA,NA,NA,"map",5,"riemannian",5,10,"cayley",5,"proximal",FALSE,TRUE,1e-08,FALSE,TRUE,3,TRUE,FALSE,0,0.05,3,2,1,0,0.05,3,2,1,TRUE,"left_subspace",38,38,FALSE,TRUE,2,TRUE,11,11,TRUE,"posterior_objective",TRUE,FALSE,0.372291445732117,0.0189495086669922,0.337892889976501,0.013342022895813,0.454216957092285,0.24070942401886,0.209485054016113,0.00393557548522949,2.01039695739746,0.144473075866699,1.77986693382263,0.0633831024169922
"rep4_balanced_moderate_dense_signed_cross_strong_cp0_05_ifeval_min30_n100_p500_H10_G2-2-2-2-2-2-2-2-2-2_sep2",4,"n100p500",100,500,10,"2-2-2-2-2-2-2-2-2-2","2-2-2-2-2-2-2-2-2-2",1024,TRUE,TRUE,26762731,21272531,26762731,858146867,1000,2,"viroli_smoke","unequal","ifeval_like",0.45,1.6,1.75,"balanced_moderate_dense_signed_cross","ifeval_min30","block","loadings","strong",1,2,1,2,0.05,"random",35,40,114,56,67,17,23.5,1.478,0.478,0.0531111111111111,1.50306956235413,1.48404375325584,11.3609624549555,12.5711687343245,9.14597853706678,9.75326946907888,0,0,0,0,0.22,0.2995,0.515,0.73,0.93,26,50,0,88,1024,"em_svd",NA,NA,NA,NA,1e-04,0.05,NA,TRUE,18,"independent_marginal_mixture",0.990890181769951,0.950443913185832,0.989192121483752,0.134303537166736,0.155739838099399,0.949669918745168,0.179818882448534,0.938462413187396,0.249173530668344,NA,NA,0.103105816593951,1,14.085,0.483992143117027,0.801504624142246,0.917572540513457,0.242584869102619,0.588171090272501,10,-0.234714533708088,96.4518649363804,1.14657458075636e-13,124.542438478731,1.16338795597518e-13,1070515109246912,0.0972380222799789,0.00912423449574626,0.038600518131237,0.99566376333652,NA,0.967398407852185,0.0972380222799797,0.00912423449574625,0.995663763336635,NA,0.958658590038004,0.000330108906274862,0.210580944297848,0.00280972824842021,309,1,"axis_sorted_product",0.989018953447754,"alpha+loading+joint_mu+joint_var+joint_weight",0.977656427237504,0.98879954309044,"alpha+loading+joint_mu+joint_weight",NA,NA,NA,NA,NA,NA,NA,NA,NA,NA,NA,NA,NA,NA,NA,NA,NA,NA,NA,NA,NA,NA,NA,NA,NA,NA,NA,NA,NA,NA,"fixed_ifeval_product_map_penalty5_rep4_H10_G2_2_2_2_2_2_2_2_2_2","both","expectation","viroli_expectation_svd",NA,NA,NA,NA,"map",5,"riemannian",5,10,"cayley",5,"proximal",FALSE,TRUE,1e-08,FALSE,TRUE,3,TRUE,FALSE,0,0.05,3,2,1,0,0.05,3,2,1,TRUE,"left_subspace",38,38,FALSE,TRUE,4,TRUE,13,13,TRUE,"posterior_objective",TRUE,FALSE,0.0138500928878784,0.00233602523803711,0.0095365047454834,0.00167644023895264,0.205374002456665,0.148779511451721,0.0391725301742554,0.00273847579956055,0.889868021011353,0.072810173034668,0.77847695350647,0.029541015625
"rep4_balanced_moderate_dense_signed_cross_strong_cp0_05_ifeval_min30_n200_p500_H10_G2-2-2-2-2-2-2-2-2-2_sep2",4,"n200p500",200,500,10,"2-2-2-2-2-2-2-2-2-2","2-2-2-2-2-2-2-2-2-2",1024,TRUE,TRUE,26762731,21272531,26762731,1546925348,1000,2,"viroli_smoke","unequal","ifeval_like",0.45,1.6,1.75,"balanced_moderate_dense_signed_cross","ifeval_min30","block","loadings","strong",1,2,1,2,0.05,"random",35,40,114,56,67,17,23.5,1.478,0.478,0.0531111111111111,1.50306956235413,1.48404375325584,11.3609624549555,12.5711687343245,9.14597853706678,9.75326946907888,0,0,0,0,0.215,0.305,0.51,0.705,0.91,62,100,0,169,1024,"em_svd",NA,NA,NA,NA,1e-04,0.05,NA,TRUE,18,"independent_marginal_mixture",0.99260116470221,0.96986139777974,0.991350928858379,0.121341181148865,0.139264977258594,0.96979449036703,0.139025873542086,0.948066347334331,0.217564679117192,NA,NA,0.083426757191021,1,25.622,0.333656281150143,0.379424450687422,0.949290658751366,0.219904268007341,0.534502452383874,10,-0.271477840291931,137.001331552938,2.90923410719444e-13,157.093439634108,2.72358724484529e-13,576788718376567,0.0733814439263672,0.010673289064732,0.0310241841149768,0.99756005551306,NA,0.979412211233334,0.0733814439263676,0.010673289064732,0.997560055513114,NA,0.972474785998489,0.000274234567313414,0.165261768760932,0.00187953366904817,317,1,"axis_sorted_product",0.993350981679414,"alpha+loading+joint_mu+joint_var+joint_weight",0.986196921967466,0.993233861800763,"alpha+loading+joint_mu+joint_weight",NA,NA,NA,NA,NA,NA,NA,NA,NA,NA,NA,NA,NA,NA,NA,NA,NA,NA,NA,NA,NA,NA,NA,NA,NA,NA,NA,NA,NA,NA,"fixed_ifeval_product_map_penalty5_rep4_H10_G2_2_2_2_2_2_2_2_2_2","both","expectation","intercept_only",NA,NA,NA,NA,"map",5,"riemannian",5,10,"cayley",5,"proximal",FALSE,TRUE,1e-08,FALSE,TRUE,3,TRUE,FALSE,0,0.05,3,2,1,0,0.05,3,2,1,TRUE,"left_subspace",35,35,FALSE,TRUE,3,TRUE,19,19,TRUE,"posterior_objective",TRUE,FALSE,0.0545969009399414,0.00460314750671387,0.0457470417022705,0.00332117080688477,0.308679103851318,0.24896502494812,0.0553479194641113,0.00428605079650879,1.05920100212097,0.0904150009155273,0.910192012786865,0.0317769050598145
"rep4_balanced_moderate_dense_signed_cross_strong_cp0_05_ifeval_min30_n400_p500_H10_G2-2-2-2-2-2-2-2-2-2_sep2",4,"n400p500",400,500,10,"2-2-2-2-2-2-2-2-2-2","2-2-2-2-2-2-2-2-2-2",1024,TRUE,TRUE,26762731,21272531,26762731,776999310,1000,2,"viroli_smoke","unequal","ifeval_like",0.45,1.6,1.75,"balanced_moderate_dense_signed_cross","ifeval_min30","block","loadings","strong",1,2,1,2,0.05,"random",35,40,114,56,67,17,23.5,1.478,0.478,0.0531111111111111,1.50306956235413,1.48404375325584,11.3609624549555,12.5711687343245,9.14597853706678,9.75326946907888,0,0,0,0,0.235,0.334625,0.50875,0.695125,0.89,125,200,0,287,1024,"em_svd",NA,NA,NA,NA,1e-04,0.05,NA,TRUE,18,"independent_marginal_mixture",0.993015165850722,0.985296651852219,0.992148567861239,0.118045517186416,0.13045772675794,0.985022571263139,0.100024114158234,0.964921639888025,0.181802000226041,NA,NA,0.0629486900889857,1,28.53,0.259137462147993,0.228904228280723,0.966100930269719,0.202512167005237,0.522542689025108,10,-0.290553309099478,214.408883142105,6.84238084316121e-13,215.50565169708,6.27193211160275e-13,343603291397886,0.0616026310552791,0.0079577817090207,0.0255807544845659,0.998330411625557,NA,0.985487920107589,0.0616026310552795,0.00795778170902065,0.998330411625647,NA,0.981151498578004,0.000222970467995434,0.136803947285151,0.00177593621388447,336,1,"axis_sorted_product",0.99603999851542,"alpha+loading+joint_mu+joint_var+joint_weight",0.992224154838085,0.996030589641938,"alpha+loading+joint_mu+joint_weight",NA,NA,NA,NA,NA,NA,NA,NA,NA,NA,NA,NA,NA,NA,NA,NA,NA,NA,NA,NA,NA,NA,NA,NA,NA,NA,NA,NA,NA,NA,"fixed_ifeval_product_map_penalty5_rep4_H10_G2_2_2_2_2_2_2_2_2_2","both","expectation","viroli_expectation_svd",NA,NA,NA,NA,"map",5,"riemannian",5,10,"cayley",5,"proximal",FALSE,TRUE,1e-08,FALSE,TRUE,3,TRUE,FALSE,0,0.05,3,2,1,0,0.05,3,2,1,TRUE,"left_subspace",30,30,FALSE,TRUE,5,TRUE,7,7,TRUE,"posterior_objective",TRUE,FALSE,0.197675466537476,0.00958895683288574,0.180485010147095,0.00659453868865967,0.512562036514282,0.386101007461548,0.0858688354492188,0.00748300552368164,1.69560599327087,0.178501129150391,1.44352293014526,0.0404460430145264
"rep4_balanced_moderate_dense_signed_cross_strong_cp0_05_ifeval_min30_n100_p1000_H10_G2-2-2-2-2-2-2-2-2-2_sep2",4,"n100p1000",100,1000,10,"2-2-2-2-2-2-2-2-2-2","2-2-2-2-2-2-2-2-2-2",1024,TRUE,TRUE,26762731,21272531,26762731,1572816712,1000,2,"viroli_smoke","unequal","ifeval_like",0.45,1.6,1.75,"balanced_moderate_dense_signed_cross","ifeval_min30","block","loadings","strong",1,2,1,2,0.05,"random",47,65,325,94,115,39,44.5,1.459,0.459,0.051,1.50782057986734,1.48608600948927,14.7650171336429,16.5784596097826,10.6250843505581,12.4519826278727,0,0,0,0,0.16,0.32,0.51,0.73,0.87,26,50,0,88,1024,"em_svd",NA,NA,NA,NA,1e-04,0.05,NA,TRUE,18,"independent_marginal_mixture",0.992869871769284,0.94632111253374,0.990276090735642,0.118817733932346,0.165093420649858,0.948510845892172,0.182444748630619,0.902043896445961,0.30780265455558,NA,NA,0.101899834706774,1,18.243,0.437798826200371,0.655794032165745,0.923632467674226,0.238469570148553,0.476685981043087,10,-0.256043225102266,118.807886470819,3.11460978230325e-13,153.514198854793,2.65326832049912e-13,578585277895736,0.116312267718837,0.0129380725554993,0.0478539444560203,0.99396381146691,NA,0.955952702102611,0.116312267718837,0.0129380725554993,0.993963811467015,NA,0.940944595808985,0.000430919796329922,0.258458030652971,0.00300276441616994,308,2,"axis_sorted_product",0.980941917580267,"alpha+loading+joint_mu+joint_var+joint_weight",0.965856844883854,0.980678291855128,"alpha+loading+joint_mu+joint_weight",NA,NA,NA,NA,NA,NA,NA,NA,NA,NA,NA,NA,NA,NA,NA,NA,NA,NA,NA,NA,NA,NA,NA,NA,NA,NA,NA,NA,NA,NA,"fixed_ifeval_product_map_penalty5_rep4_H10_G2_2_2_2_2_2_2_2_2_2","both","expectation","viroli_expectation_svd",NA,NA,NA,NA,"map",5,"riemannian",5,10,"cayley",5,"proximal",FALSE,TRUE,1e-08,FALSE,TRUE,3,TRUE,FALSE,0,0.05,3,2,1,0,0.05,3,2,1,TRUE,"left_subspace",35,35,FALSE,TRUE,3,TRUE,10,10,TRUE,"posterior_objective",TRUE,FALSE,0.0253939628601074,0.00450301170349121,0.0167031288146973,0.00330209732055664,0.203549861907959,0.158508062362671,0.0420620441436768,0.00282502174377441,1.57819545269012,0.0811675786972046,1.43530106544495,0.0303705930709839
"rep4_balanced_moderate_dense_signed_cross_strong_cp0_05_ifeval_min30_n200_p1000_H10_G2-2-2-2-2-2-2-2-2-2_sep2",4,"n200p1000",200,1000,10,"2-2-2-2-2-2-2-2-2-2","2-2-2-2-2-2-2-2-2-2",1024,TRUE,TRUE,26762731,21272531,26762731,1608511723,1000,2,"viroli_smoke","unequal","ifeval_like",0.45,1.6,1.75,"balanced_moderate_dense_signed_cross","ifeval_min30","block","loadings","strong",1,2,1,2,0.05,"random",47,65,325,94,115,39,44.5,1.459,0.459,0.051,1.50782057986734,1.48608600948927,14.7650171336429,16.5784596097826,10.6250843505581,12.4519826278727,0,0,0,0,0.205,0.325,0.52,0.725,0.875,57,100,0,156,1024,"em_svd",NA,NA,NA,NA,1e-04,0.05,NA,TRUE,18,"independent_marginal_mixture",0.994116291322363,0.96865221903996,0.991480652176226,0.108206193300093,0.128881933315611,0.969665621275642,0.139480841209111,0.946024363660501,0.219107266466342,NA,NA,0.0805209458226987,1,36.372,0.2967711312022,0.294862445389353,0.95585964656919,0.179235826913869,0.42640069887548,10,-0.29487574180543,180.905910849699,5.19052001623828e-13,191.18469555452,4.89864279409381e-13,390280948398661,0.0795290532042411,0.00866855559676561,0.031819805153394,0.99728733050661,NA,0.980762429717018,0.07952905320424,0.00866855559676571,0.997287330506602,NA,0.973985023500914,0.00029002565471444,0.173355003842858,0.00235186023592144,310,1,"axis_sorted_product",0.989714658196319,"alpha+loading+joint_mu+joint_var+joint_weight",0.981064802303227,0.98956110422453,"alpha+loading+joint_mu+joint_weight",NA,NA,NA,NA,NA,NA,NA,NA,NA,NA,NA,NA,NA,NA,NA,NA,NA,NA,NA,NA,NA,NA,NA,NA,NA,NA,NA,NA,NA,NA,"fixed_ifeval_product_map_penalty5_rep4_H10_G2_2_2_2_2_2_2_2_2_2","both","expectation","viroli_expectation_svd",NA,NA,NA,NA,"map",5,"riemannian",5,10,"cayley",5,"proximal",FALSE,TRUE,1e-08,FALSE,TRUE,3,TRUE,FALSE,0,0.05,3,2,1,0,0.05,3,2,1,TRUE,"left_subspace",29,29,FALSE,TRUE,4,TRUE,14,14,TRUE,"posterior_objective",TRUE,FALSE,0.0912718772888184,0.0095369815826416,0.0739471912384033,0.00655198097229004,0.297484040260315,0.225821971893311,0.0576746463775635,0.00438392162322998,1.94526743888855,0.126356959342957,1.75963461399078,0.0358625650405884
"rep4_balanced_moderate_dense_signed_cross_strong_cp0_05_ifeval_min30_n400_p1000_H10_G2-2-2-2-2-2-2-2-2-2_sep2",4,"n400p1000",400,1000,10,"2-2-2-2-2-2-2-2-2-2","2-2-2-2-2-2-2-2-2-2",1024,TRUE,TRUE,26762731,21272531,26762731,1679901745,1000,2,"viroli_smoke","unequal","ifeval_like",0.45,1.6,1.75,"balanced_moderate_dense_signed_cross","ifeval_min30","block","loadings","strong",1,2,1,2,0.05,"random",47,65,325,94,115,39,44.5,1.459,0.459,0.051,1.50782057986734,1.48608600948927,14.7650171336429,16.5784596097826,10.6250843505581,12.4519826278727,0,0,0,0,0.2025,0.322375,0.5375,0.7325,0.89,122,200,0,274,1024,"em_svd",NA,NA,NA,NA,1e-04,0.05,NA,TRUE,18,"independent_marginal_mixture",0.994881767679817,0.984123493910445,0.993283531239292,0.101048866786154,0.113356550699436,0.985130697625229,0.0982893093125033,0.974257985481166,0.150746620682179,NA,NA,0.061228345805653,1,64.935,0.237893337638866,0.19434209360197,0.971775940281571,0.161343500301405,0.404852881380405,10,-0.298131853054291,278.580600073985,7.43380076067535e-13,272.987171799741,6.67874357093726e-13,408740310060192,0.0558434846330336,0.00423702118853988,0.0230759615184286,0.998548247649124,NA,0.988301505973945,0.0558434846330345,0.00423702118853991,0.998548247649192,NA,0.98480903177932,0.000200231150664178,0.124123195397044,0.001422835794421,334,1,"axis_sorted_product",0.994944185270709,"alpha+loading+joint_mu+joint_var+joint_weight",0.990637658666552,0.99486208987329,"alpha+loading+joint_mu+joint_weight",NA,NA,NA,NA,NA,NA,NA,NA,NA,NA,NA,NA,NA,NA,NA,NA,NA,NA,NA,NA,NA,NA,NA,NA,NA,NA,NA,NA,NA,NA,"fixed_ifeval_product_map_penalty5_rep4_H10_G2_2_2_2_2_2_2_2_2_2","both","expectation","viroli_expectation_svd",NA,NA,NA,NA,"map",5,"riemannian",5,10,"cayley",5,"proximal",FALSE,TRUE,1e-08,FALSE,TRUE,3,TRUE,FALSE,0,0.05,3,2,1,0,0.05,3,2,1,TRUE,"left_subspace",27,27,FALSE,TRUE,4,TRUE,13,13,TRUE,"posterior_objective",TRUE,FALSE,0.372418880462646,0.0188350677490234,0.337957143783569,0.0133438110351562,0.517853617668152,0.409508943557739,0.0992544889450073,0.00794291496276855,2.77750301361084,0.214513778686523,2.477618932724,0.0397918224334717
"rep4_balanced_moderate_dense_signed_cross_strong_cp0_05_ifeval_min30_n100_p500_H10_G3-3-3-3-3-3-3-3-3-3_sep2",4,"n100p500",100,500,10,"3-3-3-3-3-3-3-3-3-3","3-3-3-3-3-3-3-3-3-3",59049,TRUE,TRUE,29512731,21272531,29512731,1355424177,1000,2,"viroli_smoke","unequal","ifeval_like",0.45,1.6,1.75,"balanced_moderate_dense_signed_cross","ifeval_min30","block","loadings","strong",1,2,1,2,0.05,"random",35,40,114,56,67,17,23.5,1.478,0.478,0.0531111111111111,1.50306956235413,1.48404375325584,11.3609624549555,12.5711687343245,9.14597853706678,9.75326946907888,0,0,0,0,0.18,0.31,0.555,0.7405,0.86,17,29.5,0,100,59049,"em_svd",NA,NA,NA,NA,1e-04,0.05,NA,TRUE,18,"independent_marginal_mixture",0.980176786023834,0.94807969839949,0.969342597804967,0.198116035880006,0.219622494180441,0.949591115002588,0.179619764213296,0.928356083392221,0.26291279646145,NA,NA,0.116619088624826,NA,10.615,0.528749336695499,0.961336809700712,0.919405347357207,0.287215754213234,0.622532998214825,10,-0.248233173216189,89.9533039959938,1.00673771981603e-13,128.013360802226,1.28028523554016e-13,999881567393189,0.115915776827083,0.0326101146471278,0.0558434738856056,0.995243270516568,0.552572186837262,0.902660027583144,NA,NA,NA,NA,NA,NA,NA,NA,NA,NA,"skipped_large_K",NA,"skipped_large_K",NA,NA,"skipped_large_K",NA,NA,NA,NA,NA,NA,NA,NA,NA,NA,NA,NA,NA,NA,NA,NA,NA,NA,NA,NA,NA,NA,NA,NA,NA,NA,NA,NA,NA,NA,"fixed_ifeval_product_map_penalty5_rep4_H10_G3_3_3_3_3_3_3_3_3_3","both","expectation","viroli_expectation_svd",NA,NA,NA,NA,"map",5,"riemannian",5,10,"cayley",5,"proximal",FALSE,TRUE,1e-08,FALSE,TRUE,3,TRUE,FALSE,0,0.05,3,2,1,0,0.05,3,2,1,FALSE,"max_iter",50,50,FALSE,TRUE,5,TRUE,8,8,TRUE,"posterior_objective",TRUE,FALSE,0.0139570236206055,0.00233447551727295,0.00956547260284424,0.00168895721435547,0.398617029190063,0.183804988861084,0.23453688621521,0.0029909610748291,0.742590427398682,0.0790619850158691,0.61556351184845,0.0446984767913818
"rep4_balanced_moderate_dense_signed_cross_strong_cp0_05_ifeval_min30_n200_p500_H10_G3-3-3-3-3-3-3-3-3-3_sep2",4,"n200p500",200,500,10,"3-3-3-3-3-3-3-3-3-3","3-3-3-3-3-3-3-3-3-3",59049,TRUE,TRUE,29512731,21272531,29512731,2044202658,1000,2,"viroli_smoke","unequal","ifeval_like",0.45,1.6,1.75,"balanced_moderate_dense_signed_cross","ifeval_min30","block","loadings","strong",1,2,1,2,0.05,"random",35,40,114,56,67,17,23.5,1.478,0.478,0.0531111111111111,1.50306956235413,1.48404375325584,11.3609624549555,12.5711687343245,9.14597853706678,9.75326946907888,0,0,0,0,0.195,0.31975,0.545,0.73,0.88,33,58,0,198,59049,"em_svd",NA,NA,NA,NA,1e-04,0.05,NA,TRUE,18,"independent_marginal_mixture",0.986750486807551,0.971831614021891,0.981317275312284,0.16237774248022,0.177716646126072,0.972280592540857,0.132943120350989,0.96654749600525,0.178632075016026,NA,NA,0.0920015414394807,NA,20.454,0.335688179948718,0.38684126409898,0.954404918245069,0.235223219140596,0.558355614238067,10,-0.284448072175506,148.494950246774,2.30674793029792e-13,162.776049311622,2.4303122504429e-13,669774220501740,0.0853629960239121,0.0282669884311745,0.04279688034373,0.997807380511997,0.754289658709875,0.943606721254786,NA,NA,NA,NA,NA,NA,NA,NA,NA,NA,"skipped_large_K",NA,"skipped_large_K",NA,NA,"skipped_large_K",NA,NA,NA,NA,NA,NA,NA,NA,NA,NA,NA,NA,NA,NA,NA,NA,NA,NA,NA,NA,NA,NA,NA,NA,NA,NA,NA,NA,NA,NA,"fixed_ifeval_product_map_penalty5_rep4_H10_G3_3_3_3_3_3_3_3_3_3","both","expectation","viroli_expectation_svd",NA,NA,NA,NA,"map",5,"riemannian",5,10,"cayley",5,"proximal",FALSE,TRUE,1e-08,FALSE,TRUE,3,TRUE,FALSE,0,0.05,3,2,1,0,0.05,3,2,1,TRUE,"left_subspace",45,45,FALSE,TRUE,4,TRUE,13,13,TRUE,"posterior_objective",TRUE,FALSE,0.0547389984130859,0.00465703010559082,0.0457539558410645,0.00341582298278809,0.54285204410553,0.226588010787964,0.314555406570435,0.00462841987609863,0.962445974349976,0.10201907157898,0.770632028579712,0.0493969917297363
"rep4_balanced_moderate_dense_signed_cross_strong_cp0_05_ifeval_min30_n400_p500_H10_G3-3-3-3-3-3-3-3-3-3_sep2",4,"n400p500",400,500,10,"3-3-3-3-3-3-3-3-3-3","3-3-3-3-3-3-3-3-3-3",59049,TRUE,TRUE,29512731,21272531,29512731,1274276620,1000,2,"viroli_smoke","unequal","ifeval_like",0.45,1.6,1.75,"balanced_moderate_dense_signed_cross","ifeval_min30","block","loadings","strong",1,2,1,2,0.05,"random",35,40,114,56,67,17,23.5,1.478,0.478,0.0531111111111111,1.50306956235413,1.48404375325584,11.3609624549555,12.5711687343245,9.14597853706678,9.75326946907888,0,0,0,0,0.2,0.30975,0.545,0.722625,0.875,77,113,0,396,59049,"em_svd",NA,NA,NA,NA,1e-04,0.05,NA,TRUE,18,"independent_marginal_mixture",0.989018145519455,0.987229722229184,0.985546943209192,0.1480162142763,0.156639604666349,0.987325723049088,0.0907918837661206,0.984340584822395,0.127684009137282,NA,NA,0.0715738587713386,NA,27.031,0.249004317022639,0.210948078143402,0.970623650070326,0.209383344511876,0.526710196763823,10,-0.300005271016644,206.490303972074,5.94921594858271e-13,218.521080199109,5.50156512396856e-13,397198025062145,0.0578034690267762,0.0216793415928411,0.0262810940524311,0.999079131983605,0.57788440328969,0.977988114578212,NA,NA,NA,NA,NA,NA,NA,NA,NA,NA,"skipped_large_K",NA,"skipped_large_K",NA,NA,"skipped_large_K",NA,NA,NA,NA,NA,NA,NA,NA,NA,NA,NA,NA,NA,NA,NA,NA,NA,NA,NA,NA,NA,NA,NA,NA,NA,NA,NA,NA,NA,NA,"fixed_ifeval_product_map_penalty5_rep4_H10_G3_3_3_3_3_3_3_3_3_3","both","expectation","intercept_only",NA,NA,NA,NA,"map",5,"riemannian",5,10,"cayley",5,"proximal",FALSE,TRUE,1e-08,FALSE,TRUE,3,TRUE,FALSE,0,0.05,3,2,1,0,0.05,3,2,1,TRUE,"left_subspace",39,39,FALSE,TRUE,4,TRUE,5,5,TRUE,"posterior_objective",TRUE,FALSE,0.197582006454468,0.00941681861877441,0.18028712272644,0.00682687759399414,0.907989025115967,0.408722043037415,0.479469060897827,0.0080336332321167,1.08471298217773,0.19405198097229,0.765728950500488,0.0771529674530029
"rep4_balanced_moderate_dense_signed_cross_strong_cp0_05_ifeval_min30_n100_p1000_H10_G3-3-3-3-3-3-3-3-3-3_sep2",4,"n100p1000",100,1000,10,"3-3-3-3-3-3-3-3-3-3","3-3-3-3-3-3-3-3-3-3",59049,TRUE,TRUE,29512731,21272531,29512731,2070094022,1000,2,"viroli_smoke","unequal","ifeval_like",0.45,1.6,1.75,"balanced_moderate_dense_signed_cross","ifeval_min30","block","loadings","strong",1,2,1,2,0.05,"random",47,65,325,94,115,39,44.5,1.459,0.459,0.051,1.50782057986734,1.48608600948927,14.7650171336429,16.5784596097826,10.6250843505581,12.4519826278727,0,0,0,0,0.16,0.33,0.55,0.72,0.84,14,31,0,100,59049,"em_svd",NA,NA,NA,NA,1e-04,0.05,NA,TRUE,18,"independent_marginal_mixture",0.982618499027451,0.947846804583895,0.970436779692971,0.185513805215801,0.220490250220184,0.950756162060439,0.181142589647415,0.863212240746312,0.349783495261567,NA,NA,0.11086697874398,NA,13.836,0.47638183607613,0.743811750991556,0.930068661667604,0.217960660894202,0.485552570311159,10,-0.272212294310554,117.594177653573,2.10456923952682e-13,160.532281864293,2.24555821353603e-13,714888088389862,0.124426991028868,0.0181894118207646,0.0510904036938086,0.994430203757932,0.826752989284345,0.913605726716487,NA,NA,NA,NA,NA,NA,NA,NA,NA,NA,"skipped_large_K",NA,"skipped_large_K",NA,NA,"skipped_large_K",NA,NA,NA,NA,NA,NA,NA,NA,NA,NA,NA,NA,NA,NA,NA,NA,NA,NA,NA,NA,NA,NA,NA,NA,NA,NA,NA,NA,NA,NA,"fixed_ifeval_product_map_penalty5_rep4_H10_G3_3_3_3_3_3_3_3_3_3","both","expectation","intercept_only",NA,NA,NA,NA,"map",5,"riemannian",5,10,"cayley",5,"proximal",FALSE,TRUE,1e-08,FALSE,TRUE,3,TRUE,FALSE,0,0.05,3,2,1,0,0.05,3,2,1,TRUE,"left_subspace",49,49,FALSE,TRUE,5,TRUE,7,7,TRUE,"posterior_objective",TRUE,FALSE,0.0254428386688232,0.00469398498535156,0.0168259143829346,0.00338387489318848,0.39083194732666,0.168549060821533,0.210873126983643,0.00302982330322266,1.28013706207275,0.0808830261230469,1.13406491279602,0.0428450107574463
"rep4_balanced_moderate_dense_signed_cross_strong_cp0_05_ifeval_min30_n200_p1000_H10_G3-3-3-3-3-3-3-3-3-3_sep2",4,"n200p1000",200,1000,10,"3-3-3-3-3-3-3-3-3-3","3-3-3-3-3-3-3-3-3-3",59049,TRUE,TRUE,29512731,21272531,29512731,2105789033,1000,2,"viroli_smoke","unequal","ifeval_like",0.45,1.6,1.75,"balanced_moderate_dense_signed_cross","ifeval_min30","block","loadings","strong",1,2,1,2,0.05,"random",47,65,325,94,115,39,44.5,1.459,0.459,0.051,1.50782057986734,1.48608600948927,14.7650171336429,16.5784596097826,10.6250843505581,12.4519826278727,0,0,0,0,0.19,0.345,0.57,0.75,0.87,26,57,0,199,59049,"em_svd",NA,NA,NA,NA,1e-04,0.05,NA,TRUE,18,"independent_marginal_mixture",0.990712871550222,0.973430445192145,0.98551554457859,0.135946260026005,0.15711946695025,0.975012044073877,0.125976566020871,0.964547868885623,0.176545260950221,NA,NA,0.0840452606987115,NA,26.579,0.286423158071168,0.27698603047134,0.963338778661457,0.189208101488081,0.419403707921929,10,-0.290260472093025,181.558615624805,4.84243189027562e-13,204.057547078305,5.84713489033806e-13,348987240597946,0.0997541340197846,0.0203538501260851,0.0409702760706023,0.996339241990434,0.785196751587738,0.945226781252293,NA,NA,NA,NA,NA,NA,NA,NA,NA,NA,"skipped_large_K",NA,"skipped_large_K",NA,NA,"skipped_large_K",NA,NA,NA,NA,NA,NA,NA,NA,NA,NA,NA,NA,NA,NA,NA,NA,NA,NA,NA,NA,NA,NA,NA,NA,NA,NA,NA,NA,NA,NA,"fixed_ifeval_product_map_penalty5_rep4_H10_G3_3_3_3_3_3_3_3_3_3","both","expectation","viroli_expectation_svd",NA,NA,NA,NA,"map",5,"riemannian",5,10,"cayley",5,"proximal",FALSE,TRUE,1e-08,FALSE,TRUE,3,TRUE,FALSE,0,0.05,3,2,1,0,0.05,3,2,1,TRUE,"left_subspace",38,38,FALSE,TRUE,6,TRUE,9,9,TRUE,"posterior_objective",TRUE,FALSE,0.091344952583313,0.00935494899749756,0.074055552482605,0.00685441493988037,0.543424010276794,0.236325860023499,0.287996411323547,0.00494956970214844,1.63286519050598,0.155349016189575,1.39849305152893,0.0553381443023682
"rep4_balanced_moderate_dense_signed_cross_strong_cp0_05_ifeval_min30_n400_p1000_H10_G3-3-3-3-3-3-3-3-3-3_sep2",4,"n400p1000",400,1000,10,"3-3-3-3-3-3-3-3-3-3","3-3-3-3-3-3-3-3-3-3",59049,TRUE,TRUE,29512731,21272531,29512731,29696055,1000,2,"viroli_smoke","unequal","ifeval_like",0.45,1.6,1.75,"balanced_moderate_dense_signed_cross","ifeval_min30","block","loadings","strong",1,2,1,2,0.05,"random",47,65,325,94,115,39,44.5,1.459,0.459,0.051,1.50782057986734,1.48608600948927,14.7650171336429,16.5784596097826,10.6250843505581,12.4519826278727,0,0,0,0,0.2125,0.344875,0.57,0.755,0.89,69,119.5,0,396,59049,"em_svd",NA,NA,NA,NA,1e-04,0.05,NA,TRUE,18,"independent_marginal_mixture",0.993120476574087,0.984868798843751,0.991097858140024,0.117152248099201,0.134432721822855,0.985665087515811,0.0955951157023123,0.974325174851272,0.153629429037501,NA,NA,0.0662045154878527,NA,57.406,0.217726674511144,0.160595218314809,0.976227307414254,0.16361308933757,0.409301103559075,10,-0.303495008641055,270.650342352572,6.73089599556925e-13,276.990905404306,8.14193048207417e-13,340202985046541,0.0639029068279387,0.0172391780987722,0.0281252744642285,0.998430561145693,0.782843323772985,0.974769249508859,NA,NA,NA,NA,NA,NA,NA,NA,NA,NA,"skipped_large_K",NA,"skipped_large_K",NA,NA,"skipped_large_K",NA,NA,NA,NA,NA,NA,NA,NA,NA,NA,NA,NA,NA,NA,NA,NA,NA,NA,NA,NA,NA,NA,NA,NA,NA,NA,NA,NA,NA,NA,"fixed_ifeval_product_map_penalty5_rep4_H10_G3_3_3_3_3_3_3_3_3_3","both","expectation","intercept_only",NA,NA,NA,NA,"map",5,"riemannian",5,10,"cayley",5,"proximal",FALSE,TRUE,1e-08,FALSE,TRUE,3,TRUE,FALSE,0,0.05,3,2,1,0,0.05,3,2,1,TRUE,"left_subspace",35,35,FALSE,TRUE,4,TRUE,11,11,TRUE,"posterior_objective",TRUE,FALSE,0.373838901519775,0.0193648338317871,0.338138103485107,0.0139918327331543,0.929484963417053,0.451926589012146,0.438979983329773,0.00827193260192871,2.28868007659912,0.233511924743652,1.95738697052002,0.0781049728393555
"rep4_balanced_moderate_dense_signed_cross_strong_cp0_05_ifeval_min30_n100_p500_H5_G2-2-2-2-2_sep2",4,"n100p500",100,500,5,"2-2-2-2-2","2-2-2-2-2",32,TRUE,TRUE,22262731,20772531,22262731,1963545827,1000,2,"viroli_smoke","unequal","ifeval_like",0.45,1.6,1.75,"balanced_moderate_dense_signed_cross","ifeval_min30","block","loadings","strong",1,2,1,2,0.05,"random",54,75,206,74,101,14,20,1.214,0.214,0.0535,1.49654645403102,1.52266467329785,12.7524929735405,15.5160542572856,10.7277642446579,13.2362517165556,0,0,0,0,0.17,0.3,0.5,0.75,0.96,28,50,0,27,32,"em_svd",NA,NA,NA,NA,1e-04,0.05,NA,TRUE,18,"independent_marginal_mixture",0.992348882080219,0.96291559554536,0.990983803787007,0.123082141195084,0.148487620530115,0.960232084026668,0.20576958520379,0.926429371363636,0.311198829433052,NA,NA,0.0793091335434541,1,9.65,0.322982185954929,0.286936847112035,0.950415012241799,0.170865737584226,0.297235664983877,5,-0.302871533888551,122.608315892014,1.17977365224329e-13,141.560281573705,1.15250277821766e-13,1228285816305169,0.098921034762115,0.0139581589040537,0.0407430975749263,0.995865868194833,NA,0.970856627956531,0.098921034762115,0.0139581589040537,0.995865868194832,NA,0.967718925087338,0.00665993414603552,0.159269999999997,0.0202652124999996,32,27,"axis_sorted_product",0.956077452684821,"alpha+loading+joint_mu+joint_var+joint_weight",0.956207360354787,0.955892354063148,"alpha+loading+joint_mu+joint_weight",NA,NA,NA,NA,NA,NA,NA,NA,NA,NA,NA,NA,NA,NA,NA,NA,NA,NA,NA,NA,NA,NA,NA,NA,NA,NA,NA,NA,NA,NA,"fixed_ifeval_product_map_penalty5_rep4_H5_G2_2_2_2_2","both","expectation","viroli_expectation_svd",NA,NA,NA,NA,"map",5,"riemannian",5,10,"cayley",5,"proximal",FALSE,TRUE,1e-08,FALSE,TRUE,3,TRUE,FALSE,0,0.05,3,2,1,0,0.05,3,2,1,TRUE,"left_subspace",28,28,FALSE,TRUE,3,TRUE,11,11,TRUE,"posterior_objective",TRUE,FALSE,0.0138826370239258,0.00238037109375,0.00951290130615234,0.00168895721435547,0.0903589725494385,0.0737450122833252,0.0203311443328857,0.00136780738830566,0.731288909912109,0.0670499801635742,0.634407997131348,0.0209949016571045
"rep4_balanced_moderate_dense_signed_cross_strong_cp0_05_ifeval_min30_n200_p500_H5_G2-2-2-2-2_sep2",4,"n200p500",200,500,5,"2-2-2-2-2","2-2-2-2-2",32,TRUE,TRUE,22262731,20772531,22262731,307616878,1000,2,"viroli_smoke","unequal","ifeval_like",0.45,1.6,1.75,"balanced_moderate_dense_signed_cross","ifeval_min30","block","loadings","strong",1,2,1,2,0.05,"random",54,75,206,74,101,14,20,1.214,0.214,0.0535,1.49654645403102,1.52266467329785,12.7524929735405,15.5160542572856,10.7277642446579,13.2362517165556,0,0,0,0,0.235,0.33475,0.51,0.755,0.915,66,100,0,31,32,"em_svd",NA,NA,NA,NA,1e-04,0.05,NA,TRUE,18,"independent_marginal_mixture",0.993830099602476,0.97708992027059,0.991885309737905,0.110806596333755,0.138720066803242,0.976870641759611,0.150327000914892,0.9568964913215,0.214751519566137,NA,NA,0.0631435414002041,1,19.429,0.251866951193488,0.181655569432455,0.968102812318089,0.182458713325569,0.315885841556638,5,-0.314045599141462,182.056638208615,3.67132048060308e-13,197.822678472757,3.30911185725318e-13,597812002151433,0.0864242623436871,0.00912107304999796,0.0393700393700591,0.996776914456455,NA,0.96501136975959,0.0864242623436871,0.00912107304999796,0.996776914456452,NA,0.959642197037244,0.00646265186411693,0.170000000000001,0.0181684847499994,32,30,"axis_sorted_product",0.975877788795014,"alpha+loading+joint_mu+joint_var+joint_weight",0.974555947761583,0.975733364463242,"alpha+loading+joint_mu+joint_weight",NA,NA,NA,NA,NA,NA,NA,NA,NA,NA,NA,NA,NA,NA,NA,NA,NA,NA,NA,NA,NA,NA,NA,NA,NA,NA,NA,NA,NA,NA,"fixed_ifeval_product_map_penalty5_rep4_H5_G2_2_2_2_2","both","expectation","intercept_only",NA,NA,NA,NA,"map",5,"riemannian",5,10,"cayley",5,"proximal",FALSE,TRUE,1e-08,FALSE,TRUE,3,TRUE,FALSE,0,0.05,3,2,1,0,0.05,3,2,1,TRUE,"left_subspace",32,32,FALSE,TRUE,3,TRUE,15,15,TRUE,"posterior_objective",TRUE,FALSE,0.0548744201660156,0.00474357604980469,0.045899510383606,0.00340354442596436,0.152519941329956,0.122287034988403,0.0279350280761719,0.00221395492553711,0.953063011169434,0.0725798606872559,0.84683108329773,0.0212600231170654
"rep4_balanced_moderate_dense_signed_cross_strong_cp0_05_ifeval_min30_n400_p500_H5_G2-2-2-2-2_sep2",4,"n400p500",400,500,5,"2-2-2-2-2","2-2-2-2-2",32,TRUE,TRUE,22262731,20772531,22262731,1290724980,1000,2,"viroli_smoke","unequal","ifeval_like",0.45,1.6,1.75,"balanced_moderate_dense_signed_cross","ifeval_min30","block","loadings","strong",1,2,1,2,0.05,"random",54,75,206,74,101,14,20,1.214,0.214,0.0535,1.49654645403102,1.52266467329785,12.7524929735405,15.5160542572856,10.7277642446579,13.2362517165556,0,0,0,0,0.165,0.305,0.5125,0.75275,0.9,126,200,0,32,32,"em_svd",NA,NA,NA,NA,1e-04,0.05,NA,TRUE,18,"independent_marginal_mixture",0.993900320257007,0.987595427201516,0.99159594499668,0.110312560877129,0.118562386857191,0.987109387383416,0.115355669096639,0.97611397277502,0.166294833468546,NA,NA,0.0478347650351009,1,23.029,0.218898717627908,0.134080396356531,0.976270231882228,0.173539383603208,0.308070891048308,5,-0.32014042763518,247.852734664927,8.08536800623501e-13,254.405026056443,8.28316160803479e-13,307135171441864,0.0489179063971948,0.00828309874346233,0.0203408456068104,0.998953698284638,NA,0.992163072772764,0.0489179063971948,0.00828309874346233,0.998953698284637,NA,0.991380088893809,0.00330832643524081,0.0786231028125051,0.00920436173398726,32,27,"axis_sorted_product",0.986339619851365,"alpha+loading+joint_mu+joint_var+joint_weight",0.985924540967195,0.986268967539712,"alpha+loading+joint_mu+joint_weight",NA,NA,NA,NA,NA,NA,NA,NA,NA,NA,NA,NA,NA,NA,NA,NA,NA,NA,NA,NA,NA,NA,NA,NA,NA,NA,NA,NA,NA,NA,"fixed_ifeval_product_map_penalty5_rep4_H5_G2_2_2_2_2","both","expectation","intercept_only",NA,NA,NA,NA,"map",5,"riemannian",5,10,"cayley",5,"proximal",FALSE,TRUE,1e-08,FALSE,TRUE,3,TRUE,FALSE,0,0.05,3,2,1,0,0.05,3,2,1,TRUE,"left_subspace",26,26,FALSE,TRUE,3,TRUE,7,7,TRUE,"posterior_objective",TRUE,FALSE,0.19740903377533,0.0094599723815918,0.179696917533875,0.00676143169403076,0.272727966308594,0.224225997924805,0.0518128871917725,0.00374603271484375,1.43864679336548,0.119356870651245,1.25287508964539,0.0253341197967529
"rep4_balanced_moderate_dense_signed_cross_strong_cp0_05_ifeval_min30_n100_p1000_H5_G2-2-2-2-2_sep2",4,"n100p1000",100,1000,5,"2-2-2-2-2","2-2-2-2-2",32,TRUE,TRUE,22262731,20772531,22262731,2016685322,1000,2,"viroli_smoke","unequal","ifeval_like",0.45,1.6,1.75,"balanced_moderate_dense_signed_cross","ifeval_min30","block","loadings","strong",1,2,1,2,0.05,"random",87,139,458,126,190,21,40,1.195,0.195,0.04875,1.49337146230671,1.52593145818473,16.8608751387451,21.0349541452727,13.7871437072219,17.8593077626417,0,0,0,0,0.17,0.3,0.54,0.78,0.93,32,50,0,28,32,"em_svd",NA,NA,NA,NA,1e-04,0.05,NA,TRUE,18,"independent_marginal_mixture",0.992718540681968,0.959349461641942,0.991305578912942,0.120072017763109,0.152311855730262,0.962340949055858,0.193974705330852,0.94254594517484,0.237089808123362,NA,NA,0.0791583952060311,1,16.774,0.301994611539607,0.258472178596462,0.954171373031299,0.147429984614128,0.254299009407209,5,-0.297494824992512,157.252570368637,3.18795389352405e-13,173.982364901718,2.82269524756599e-13,616369638386373,0.099015776171284,0.0104954646758125,0.0438178046004138,0.99622547918961,NA,0.957852284496009,0.099015776171284,0.0104954646758125,0.996225479189606,NA,0.95288932598154,0.00713021341902254,0.167590266000002,0.0177288065000021,32,30,"axis_sorted_product",0.960441124731858,"alpha+loading+joint_mu+joint_var+joint_weight",0.959330182623198,0.960296059724618,"alpha+loading+joint_mu+joint_weight",NA,NA,NA,NA,NA,NA,NA,NA,NA,NA,NA,NA,NA,NA,NA,NA,NA,NA,NA,NA,NA,NA,NA,NA,NA,NA,NA,NA,NA,NA,"fixed_ifeval_product_map_penalty5_rep4_H5_G2_2_2_2_2","both","expectation","viroli_expectation_svd",NA,NA,NA,NA,"map",5,"riemannian",5,10,"cayley",5,"proximal",FALSE,TRUE,1e-08,FALSE,TRUE,3,TRUE,FALSE,0,0.05,3,2,1,0,0.05,3,2,1,TRUE,"left_subspace",26,26,FALSE,TRUE,3,TRUE,10,10,TRUE,"posterior_objective",TRUE,FALSE,0.0253784656524658,0.00467896461486816,0.0165375471115112,0.00336611270904541,0.0954470634460449,0.0760579109191895,0.0179519653320312,0.00136804580688477,1.52647042274475,0.0667746067047119,1.43355894088745,0.0192584991455078
"rep4_balanced_moderate_dense_signed_cross_strong_cp0_05_ifeval_min30_n200_p1000_H5_G2-2-2-2-2_sep2",4,"n200p1000",200,1000,5,"2-2-2-2-2","2-2-2-2-2",32,TRUE,TRUE,22262731,20772531,22262731,1985776003,1000,2,"viroli_smoke","unequal","ifeval_like",0.45,1.6,1.75,"balanced_moderate_dense_signed_cross","ifeval_min30","block","loadings","strong",1,2,1,2,0.05,"random",87,139,458,126,190,21,40,1.195,0.195,0.04875,1.49337146230671,1.52593145818473,16.8608751387451,21.0349541452727,13.7871437072219,17.8593077626417,0,0,0,0,0.175,0.305,0.515,0.77525,0.875,61,100,0,31,32,"em_svd",NA,NA,NA,NA,1e-04,0.05,NA,TRUE,18,"independent_marginal_mixture",0.995336862884912,0.974894447249541,0.994869413499336,0.0963309029285243,0.106017626900113,0.976191972509736,0.153195361759275,0.963943358715501,0.202837742454216,NA,NA,0.0597883675268507,1,27.55,0.245882004291344,0.167873038022895,0.969872538643373,0.13656391574444,0.237479430482778,5,-0.322400551851326,234.256260881127,6.90885173866286e-13,231.218904446279,6.64820269162861e-13,347791598979720,0.0612844008858877,0.00858327243934466,0.0249999999999996,0.998304840734688,NA,0.987096774193548,0.0612844008858877,0.00858327243934466,0.998304840734687,NA,0.986172911431052,0.003973239052699,0.0976353182812467,0.0105571566406251,32,27,"axis_sorted_product",0.974857229550724,"alpha+loading+joint_mu+joint_var+joint_weight",0.974677712117259,0.974766358487103,"alpha+loading+joint_mu+joint_weight",NA,NA,NA,NA,NA,NA,NA,NA,NA,NA,NA,NA,NA,NA,NA,NA,NA,NA,NA,NA,NA,NA,NA,NA,NA,NA,NA,NA,NA,NA,"fixed_ifeval_product_map_penalty5_rep4_H5_G2_2_2_2_2","both","expectation","viroli_expectation_svd",NA,NA,NA,NA,"map",5,"riemannian",5,10,"cayley",5,"proximal",FALSE,TRUE,1e-08,FALSE,TRUE,3,TRUE,FALSE,0,0.05,3,2,1,0,0.05,3,2,1,TRUE,"left_subspace",23,23,FALSE,TRUE,3,TRUE,12,12,TRUE,"posterior_objective",TRUE,FALSE,0.0915000438690186,0.00963997840881348,0.0737779140472412,0.00669598579406738,0.155897855758667,0.123697996139526,0.0300078392028809,0.00216197967529297,1.71501851081848,0.0989214181900024,1.56719207763672,0.0239059925079346
"rep4_balanced_moderate_dense_signed_cross_strong_cp0_05_ifeval_min30_n400_p1000_H5_G2-2-2-2-2_sep2",4,"n400p1000",400,1000,5,"2-2-2-2-2","2-2-2-2-2",32,TRUE,TRUE,22262731,20772531,22262731,1923957365,1000,2,"viroli_smoke","unequal","ifeval_like",0.45,1.6,1.75,"balanced_moderate_dense_signed_cross","ifeval_min30","block","loadings","strong",1,2,1,2,0.05,"random",87,139,458,126,190,21,40,1.195,0.195,0.04875,1.49337146230671,1.52593145818473,16.8608751387451,21.0349541452727,13.7871437072219,17.8593077626417,0,0,0,0,0.1825,0.3275,0.5225,0.765,0.9125,131,200,0,32,32,"em_svd",NA,NA,NA,NA,1e-04,0.05,NA,TRUE,18,"independent_marginal_mixture",0.996187543539437,0.986867421525812,0.994895079941119,0.087211528130299,0.111922032337073,0.986574884883894,0.118778495997061,0.972204519729092,0.176167457435983,NA,NA,0.0452759551454608,1,46.431,0.210590499388755,0.120392984732871,0.979909754185457,0.130599902047993,0.234677646710061,5,-0.337037576009184,332.788404069753,1.06557856768253e-12,318.508491484245,8.84427535698734e-13,360129551182065,0.073728342540984,0.00761280567344609,0.0330718913883293,0.99774265450289,NA,0.975842237876431,0.073728342540984,0.00761280567344609,0.997742654502886,NA,0.972443748977389,0.00541764215406321,0.140000000000001,0.0139007348593144,32,30,"axis_sorted_product",0.984785126330571,"alpha+loading+joint_mu+joint_var+joint_weight",0.98442824933814,0.984732598809745,"alpha+loading+joint_mu+joint_weight",NA,NA,NA,NA,NA,NA,NA,NA,NA,NA,NA,NA,NA,NA,NA,NA,NA,NA,NA,NA,NA,NA,NA,NA,NA,NA,NA,NA,NA,NA,"fixed_ifeval_product_map_penalty5_rep4_H5_G2_2_2_2_2","both","expectation","intercept_only",NA,NA,NA,NA,"map",5,"riemannian",5,10,"cayley",5,"proximal",FALSE,TRUE,1e-08,FALSE,TRUE,3,TRUE,FALSE,0,0.05,3,2,1,0,0.05,3,2,1,TRUE,"left_subspace",23,23,FALSE,TRUE,3,TRUE,10,10,TRUE,"posterior_objective",TRUE,FALSE,0.372753858566284,0.0192639827728271,0.337828874588013,0.0134501457214355,0.267931938171387,0.22431492805481,0.0407490730285645,0.00371599197387695,2.41359746456146,0.154132962226868,2.17180001735687,0.034867525100708
"rep4_balanced_moderate_dense_signed_cross_strong_cp0_05_ifeval_min30_n100_p500_H5_G3-3-3-3-3_sep2",4,"n100p500",100,500,5,"3-3-3-3-3","3-3-3-3-3",243,TRUE,TRUE,23012731,20772531,23012731,1685957482,1000,2,"viroli_smoke","unequal","ifeval_like",0.45,1.6,1.75,"balanced_moderate_dense_signed_cross","ifeval_min30","block","loadings","strong",1,2,1,2,0.05,"random",54,75,206,74,101,14,20,1.214,0.214,0.0535,1.49654645403102,1.52266467329785,12.7524929735405,15.5160542572856,10.7277642446579,13.2362517165556,0,0,0,0,0.18,0.33,0.59,0.78,0.89,14,32,0,73,243,"em_svd",NA,NA,NA,NA,1e-04,0.05,NA,TRUE,18,"independent_marginal_mixture",0.986739028222072,0.959814953913355,0.980961977844741,0.162039267217231,0.192684895582975,0.961300831562237,0.200324562582609,0.941526531280039,0.260200066069483,NA,NA,0.0858643166469609,0.787209042397703,7.821,0.375907159646054,0.372469871525997,0.948090009973138,0.216408344189721,0.359929450093182,5,-0.302797646216207,106.875515435304,1.42904241964357e-13,134.4011290446,1.53030120629104e-13,878265850487994,0.0934345409644887,0.0161662112601385,0.0411323321991485,0.996933458415788,0.820326793175628,0.94407088675359,0.0934345409644886,0.0161662112601385,0.996933458415783,0.830410812140421,0.929532852490915,0.00145992404209534,0.221493863388056,0.00768406724432082,217,20,"axis_sorted_product",0.977257453986259,"alpha+loading+joint_mu+joint_var+joint_weight",0.931912589282225,0.990988269475967,"alpha+loading+joint_mu+joint_log_var+joint_weight",NA,NA,NA,NA,NA,NA,NA,NA,NA,NA,NA,NA,NA,NA,NA,NA,NA,NA,NA,NA,NA,NA,NA,NA,NA,NA,NA,NA,NA,NA,"fixed_ifeval_product_map_penalty5_rep4_H5_G3_3_3_3_3","both","expectation","viroli_expectation_svd",NA,NA,NA,NA,"map",5,"riemannian",5,10,"cayley",5,"proximal",FALSE,TRUE,1e-08,FALSE,TRUE,3,TRUE,FALSE,0,0.05,3,2,1,0,0.05,3,2,1,FALSE,"max_iter",50,50,FALSE,TRUE,4,TRUE,7,7,TRUE,"posterior_objective",TRUE,FALSE,0.0138709545135498,0.00235152244567871,0.00947904586791992,0.00170397758483887,0.189202070236206,0.0884075164794922,0.112030982971191,0.00146639347076416,0.686439990997314,0.0653669834136963,0.57020902633667,0.0326659679412842
"rep4_balanced_moderate_dense_signed_cross_strong_cp0_05_ifeval_min30_n200_p500_H5_G3-3-3-3-3_sep2",4,"n200p500",200,500,5,"3-3-3-3-3","3-3-3-3-3",243,TRUE,TRUE,23012731,20772531,23012731,30028533,1000,2,"viroli_smoke","unequal","ifeval_like",0.45,1.6,1.75,"balanced_moderate_dense_signed_cross","ifeval_min30","block","loadings","strong",1,2,1,2,0.05,"random",54,75,206,74,101,14,20,1.214,0.214,0.0535,1.49654645403102,1.52266467329785,12.7524929735405,15.5160542572856,10.7277642446579,13.2362517165556,0,0,0,0,0.165,0.28975,0.585,0.77025,0.875,28,62,0,115,243,"em_svd",NA,NA,NA,NA,1e-04,0.05,NA,TRUE,18,"independent_marginal_mixture",0.990714787032283,0.980381846152408,0.986298012890223,0.135932239758476,0.166398269020823,0.980791769758929,0.136658004158559,0.971044933221795,0.177403757053263,NA,NA,0.0673707434587575,0.818885360439976,15.979,0.262115488581969,0.193410337602531,0.970652654962738,0.214473883389657,0.338804576834642,5,-0.308138514903797,187.918334018065,2.78673089200168e-13,204.594847745311,3.69146812788595e-13,554237069527348,0.104721246285885,0.0219349870164183,0.0388374807199395,0.995635815756573,0.797312722482073,0.950401221085414,0.104721246285885,0.0219349870164183,0.995635815756564,0.776682383974196,0.939954206577371,0.00135161000565217,0.224691572355331,0.00521930604982653,214,18,"axis_sorted_product",0.987877758322352,"alpha+loading+joint_mu+joint_var+joint_weight",0.932920886036654,0.993008745339013,"alpha+loading+joint_mu+joint_log_var+joint_weight",NA,NA,NA,NA,NA,NA,NA,NA,NA,NA,NA,NA,NA,NA,NA,NA,NA,NA,NA,NA,NA,NA,NA,NA,NA,NA,NA,NA,NA,NA,"fixed_ifeval_product_map_penalty5_rep4_H5_G3_3_3_3_3","both","expectation","viroli_expectation_svd",NA,NA,NA,NA,"map",5,"riemannian",5,10,"cayley",5,"proximal",FALSE,TRUE,1e-08,FALSE,TRUE,3,TRUE,FALSE,0,0.05,3,2,1,0,0.05,3,2,1,FALSE,"max_iter",50,50,FALSE,TRUE,2,TRUE,11,11,TRUE,"posterior_objective",TRUE,FALSE,0.0545895099639893,0.0046379566192627,0.0456808805465698,0.00337314605712891,0.295803546905518,0.127362489700317,0.166021585464478,0.00232994556427002,0.81315803527832,0.0776040554046631,0.689634084701538,0.0383000373840332
"rep4_balanced_moderate_dense_signed_cross_strong_cp0_05_ifeval_min30_n400_p500_H5_G3-3-3-3-3_sep2",4,"n400p500",400,500,5,"3-3-3-3-3","3-3-3-3-3",243,TRUE,TRUE,23012731,20772531,23012731,1013136635,1000,2,"viroli_smoke","unequal","ifeval_like",0.45,1.6,1.75,"balanced_moderate_dense_signed_cross","ifeval_min30","block","loadings","strong",1,2,1,2,0.05,"random",54,75,206,74,101,14,20,1.214,0.214,0.0535,1.49654645403102,1.52266467329785,12.7524929735405,15.5160542572856,10.7277642446579,13.2362517165556,0,0,0,0,0.1675,0.314875,0.575,0.772625,0.8775,80,126,0,168,243,"em_svd",NA,NA,NA,NA,1e-04,0.05,NA,TRUE,18,"independent_marginal_mixture",0.991980094135647,0.990047177218093,0.984986833400055,0.126489968769797,0.137690440401307,0.990762500221431,0.0941992256782563,0.985734948593406,0.122550747330572,NA,NA,0.0538538450282176,0.753439709857693,28.622,0.193859906931511,0.112150819637269,0.981498807212181,0.18545435212096,0.31517864231378,5,-0.308964587993184,251.6338205663,7.51199200765296e-13,256.770880731039,8.33889611467249e-13,307919510208604,0.0570799150875692,0.0243424417467817,0.0314179979298237,0.999259007151399,0.516446768553546,0.986098002915714,0.0570799150875693,0.0243424417467817,0.999259007151411,0.519464591300222,0.977778978675476,0.00120612209283475,0.165461326437788,0.0105512295258062,233,14,"axis_sorted_product",0.994663384207144,"alpha+loading+joint_mu+joint_var+joint_weight",0.894124665746621,0.992666523327897,"alpha+loading+joint_mu+joint_log_var+joint_weight",NA,NA,NA,NA,NA,NA,NA,NA,NA,NA,NA,NA,NA,NA,NA,NA,NA,NA,NA,NA,NA,NA,NA,NA,NA,NA,NA,NA,NA,NA,"fixed_ifeval_product_map_penalty5_rep4_H5_G3_3_3_3_3","both","expectation","intercept_only",NA,NA,NA,NA,"map",5,"riemannian",5,10,"cayley",5,"proximal",FALSE,TRUE,1e-08,FALSE,TRUE,3,TRUE,FALSE,0,0.05,3,2,1,0,0.05,3,2,1,TRUE,"left_subspace",44,44,FALSE,TRUE,3,TRUE,7,7,TRUE,"posterior_objective",TRUE,FALSE,0.197805523872375,0.00966858863830566,0.180118560791016,0.00680446624755859,0.459392070770264,0.232149839401245,0.212285041809082,0.0040428638458252,1.13495206832886,0.132147073745728,0.916622877120972,0.0623769760131836
"rep4_balanced_moderate_dense_signed_cross_strong_cp0_05_ifeval_min30_n100_p1000_H5_G3-3-3-3-3_sep2",4,"n100p1000",100,1000,5,"3-3-3-3-3","3-3-3-3-3",243,TRUE,TRUE,23012731,20772531,23012731,1739096977,1000,2,"viroli_smoke","unequal","ifeval_like",0.45,1.6,1.75,"balanced_moderate_dense_signed_cross","ifeval_min30","block","loadings","strong",1,2,1,2,0.05,"random",87,139,458,126,190,21,40,1.195,0.195,0.04875,1.49337146230671,1.52593145818473,16.8608751387451,21.0349541452727,13.7871437072219,17.8593077626417,0,0,0,0,0.13,0.3,0.56,0.8,0.91,17,28,0,68,243,"em_svd",NA,NA,NA,NA,1e-04,0.05,NA,TRUE,18,"independent_marginal_mixture",0.988832175085761,0.960301198179415,0.983413066148041,0.148702028668723,0.184636726046859,0.963189781373962,0.195342625889777,0.935551261883504,0.269283524921457,NA,NA,0.0858692864150023,0.778655537337904,9.51,0.347154840736787,0.310248556916357,0.953599980922608,0.157597892655469,0.254446886243207,5,-0.31608056249063,175.210361279453,2.93843717776484e-13,197.876232414077,3.52386269067668e-13,561532187214931,0.149130165562861,0.0180714904495242,0.054789737387959,0.995636547997738,0.845069743964159,0.903145825137529,0.14913016556286,0.0180714904495241,0.995636547997733,0.843805813904544,0.88240371699791,0.00190423636155972,0.314842533177433,0.00848614328800358,215,19,"axis_sorted_product",0.968719007037096,"alpha+loading+joint_mu+joint_var+joint_weight",0.935968718924044,0.986676021092672,"alpha+loading+joint_mu+joint_log_var+joint_weight",NA,NA,NA,NA,NA,NA,NA,NA,NA,NA,NA,NA,NA,NA,NA,NA,NA,NA,NA,NA,NA,NA,NA,NA,NA,NA,NA,NA,NA,NA,"fixed_ifeval_product_map_penalty5_rep4_H5_G3_3_3_3_3","both","expectation","intercept_only",NA,NA,NA,NA,"map",5,"riemannian",5,10,"cayley",5,"proximal",FALSE,TRUE,1e-08,FALSE,TRUE,3,TRUE,FALSE,0,0.05,3,2,1,0,0.05,3,2,1,TRUE,"left_subspace",47,47,FALSE,TRUE,3,TRUE,6,6,TRUE,"posterior_objective",TRUE,FALSE,0.0252149105072021,0.00460100173950195,0.0164680480957031,0.0033268928527832,0.19768500328064,0.0871758460998535,0.10481595993042,0.00149798393249512,0.991939306259155,0.0720119476318359,0.88079047203064,0.0291314125061035
"rep4_balanced_moderate_dense_signed_cross_strong_cp0_05_ifeval_min30_n200_p1000_H5_G3-3-3-3-3_sep2",4,"n200p1000",200,1000,5,"3-3-3-3-3","3-3-3-3-3",243,TRUE,TRUE,23012731,20772531,23012731,1708187658,1000,2,"viroli_smoke","unequal","ifeval_like",0.45,1.6,1.75,"balanced_moderate_dense_signed_cross","ifeval_min30","block","loadings","strong",1,2,1,2,0.05,"random",87,139,458,126,190,21,40,1.195,0.195,0.04875,1.49337146230671,1.52593145818473,16.8608751387451,21.0349541452727,13.7871437072219,17.8593077626417,0,0,0,0,0.185,0.305,0.58,0.795,0.87,36,57,0,112,243,"em_svd",NA,NA,NA,NA,1e-04,0.05,NA,TRUE,18,"independent_marginal_mixture",0.993005458891662,0.977146384120234,0.990738130609309,0.11797939144441,0.138986428541298,0.979741852771153,0.138227588808564,0.970977719505627,0.186424031213409,NA,NA,0.0652111112230424,0.813425203024745,24.919,0.230380030774397,0.148430266422152,0.97451898355596,0.145496102441698,0.246830099272503,5,-0.315807739329023,236.013084401188,6.88515272040411e-13,243.023807254727,7.56462518833568e-13,321263514323828,0.0705364404462967,0.0173710508252665,0.0235756175331383,0.998538439703707,0.85100884785758,0.982567347682651,0.0705364404462967,0.0173710508252665,0.998538439703727,0.892907414177808,0.978221179225329,0.000839943226872757,0.140541816828471,0.00400561066621301,225,14,"axis_sorted_product",0.985074770084114,"alpha+loading+joint_mu+joint_var+joint_weight",0.947756975408314,0.991815999410621,"alpha+loading+joint_mu+joint_log_var+joint_weight",NA,NA,NA,NA,NA,NA,NA,NA,NA,NA,NA,NA,NA,NA,NA,NA,NA,NA,NA,NA,NA,NA,NA,NA,NA,NA,NA,NA,NA,NA,"fixed_ifeval_product_map_penalty5_rep4_H5_G3_3_3_3_3","both","expectation","viroli_expectation_svd",NA,NA,NA,NA,"map",5,"riemannian",5,10,"cayley",5,"proximal",FALSE,TRUE,1e-08,FALSE,TRUE,3,TRUE,FALSE,0,0.05,3,2,1,0,0.05,3,2,1,TRUE,"left_subspace",41,41,FALSE,TRUE,3,TRUE,10,10,TRUE,"posterior_objective",TRUE,FALSE,0.0913598537445068,0.00944614410400391,0.0741078853607178,0.00667691230773926,0.275989055633545,0.143409967422485,0.133121967315674,0.00236105918884277,1.54318845272064,0.10053563117981,1.35352253913879,0.0492620468139648
"rep4_balanced_moderate_dense_signed_cross_strong_cp0_05_ifeval_min30_n400_p1000_H5_G3-3-3-3-3_sep2",4,"n400p1000",400,1000,5,"3-3-3-3-3","3-3-3-3-3",243,TRUE,TRUE,23012731,20772531,23012731,1646369020,1000,2,"viroli_smoke","unequal","ifeval_like",0.45,1.6,1.75,"balanced_moderate_dense_signed_cross","ifeval_min30","block","loadings","strong",1,2,1,2,0.05,"random",87,139,458,126,190,21,40,1.195,0.195,0.04875,1.49337146230671,1.52593145818473,16.8608751387451,21.0349541452727,13.7871437072219,17.8593077626417,0,0,0,0,0.195,0.34,0.57375,0.755125,0.86,59,124,0,159,243,"em_svd",NA,NA,NA,NA,1e-04,0.05,NA,TRUE,18,"independent_marginal_mixture",0.995324811345548,0.988992982200921,0.993208779068025,0.0965764017016194,0.129050785741116,0.99019651044665,0.0958057688794968,0.976594196939698,0.166679706391927,NA,NA,0.048420817333815,0.869483487534964,54.527,0.168674136334037,0.0801181103634718,0.985743557168997,0.130678466040086,0.235418211062648,5,-0.326894734106097,330.935115909248,1.03977366736568e-12,331.899734464298,1.1477519385668e-12,289173752020618,0.0815381724026748,0.0110889645144806,0.024837363067117,0.997813237515259,0.863215519465421,0.980100539481313,0.0815381724026749,0.0110889645144806,0.997813237515261,0.9117866515444,0.975635147328401,0.000871349476901746,0.151316284908592,0.00328811366882092,211,20,"axis_sorted_product",0.991192344826579,"alpha+loading+joint_mu+joint_var+joint_weight",0.971742511371598,0.995656438279552,"alpha+loading+joint_mu+joint_log_var+joint_weight",NA,NA,NA,NA,NA,NA,NA,NA,NA,NA,NA,NA,NA,NA,NA,NA,NA,NA,NA,NA,NA,NA,NA,NA,NA,NA,NA,NA,NA,NA,"fixed_ifeval_product_map_penalty5_rep4_H5_G3_3_3_3_3","both","expectation","intercept_only",NA,NA,NA,NA,"map",5,"riemannian",5,10,"cayley",5,"proximal",FALSE,TRUE,1e-08,FALSE,TRUE,3,TRUE,FALSE,0,0.05,3,2,1,0,0.05,3,2,1,TRUE,"left_subspace",39,39,FALSE,TRUE,3,TRUE,11,11,TRUE,"posterior_objective",TRUE,FALSE,0.372802019119263,0.0191919803619385,0.337769985198975,0.0137028694152832,0.447698831558228,0.218522787094116,0.221884965896606,0.00398492813110352,1.9902458190918,0.144675016403198,1.76961803436279,0.0649189949035645
"rep5_balanced_moderate_dense_signed_cross_strong_cp0_05_ifeval_min30_n100_p500_H10_G2-2-2-2-2-2-2-2-2-2_sep2",5,"n100p500",100,500,10,"2-2-2-2-2-2-2-2-2-2","2-2-2-2-2-2-2-2-2-2",1024,TRUE,TRUE,26762731,21272531,26762731,1239227308,1000,2,"viroli_smoke","unequal","ifeval_like",0.45,1.6,1.75,"balanced_moderate_dense_signed_cross","ifeval_min30","block","loadings","strong",1,2,1,2,0.05,"random",35,40,114,56,67,17,23.5,1.478,0.478,0.0531111111111111,1.50306956235413,1.48404375325584,11.3609624549555,12.5711687343245,9.14597853706678,9.75326946907888,0,0,0,0,0.2,0.29,0.49,0.7,0.85,26,50,0,87,1024,"em_svd",NA,NA,NA,NA,1e-04,0.05,NA,TRUE,18,"independent_marginal_mixture",0.990623088466595,0.950288669508949,0.987898595822894,0.136258155117932,0.167906205019486,0.949274877331933,0.183061216047516,0.912394079862865,0.302628287851177,NA,NA,0.102644678727181,1,12.689,0.476265861558456,0.739016124871058,0.920534239616686,0.24363938951725,0.574145378228365,10,-0.247528225901422,93.1780712334174,1.03261660608549e-13,119.387744526828,1.23718481675875e-13,964995228761434,0.1065694528691,0.0106084390201082,0.0426614580154009,0.995964026792181,NA,0.974506811800181,0.106569452869101,0.0106084390201084,0.99596402679223,NA,0.961467860115652,0.000432705666409436,0.234138659427023,0.00483827296599091,290,2,"axis_sorted_product",0.98778932811776,"alpha+loading+joint_mu+joint_var+joint_weight",0.974928597424961,0.987627704131963,"alpha+loading+joint_mu+joint_weight",NA,NA,NA,NA,NA,NA,NA,NA,NA,NA,NA,NA,NA,NA,NA,NA,NA,NA,NA,NA,NA,NA,NA,NA,NA,NA,NA,NA,NA,NA,"fixed_ifeval_product_map_penalty5_rep5_H10_G2_2_2_2_2_2_2_2_2_2","both","expectation","viroli_expectation_svd",NA,NA,NA,NA,"map",5,"riemannian",5,10,"cayley",5,"proximal",FALSE,TRUE,1e-08,FALSE,TRUE,3,TRUE,FALSE,0,0.05,3,2,1,0,0.05,3,2,1,TRUE,"left_subspace",37,37,FALSE,TRUE,3,TRUE,12,12,TRUE,"posterior_objective",TRUE,FALSE,0.0140500068664551,0.00240612030029297,0.00962090492248535,0.00168204307556152,0.184056043624878,0.145802021026611,0.0361580848693848,0.00281906127929688,0.905675649642944,0.0767784118652344,0.79069197177887,0.0339186191558838
"rep5_balanced_moderate_dense_signed_cross_strong_cp0_05_ifeval_min30_n200_p500_H10_G2-2-2-2-2-2-2-2-2-2_sep2",5,"n200p500",200,500,10,"2-2-2-2-2-2-2-2-2-2","2-2-2-2-2-2-2-2-2-2",1024,TRUE,TRUE,26762731,21272531,26762731,1928005789,1000,2,"viroli_smoke","unequal","ifeval_like",0.45,1.6,1.75,"balanced_moderate_dense_signed_cross","ifeval_min30","block","loadings","strong",1,2,1,2,0.05,"random",35,40,114,56,67,17,23.5,1.478,0.478,0.0531111111111111,1.50306956235413,1.48404375325584,11.3609624549555,12.5711687343245,9.14597853706678,9.75326946907888,0,0,0,0,0.235,0.315,0.51,0.7005,0.88,60,100,0,166,1024,"em_svd",NA,NA,NA,NA,1e-04,0.05,NA,TRUE,18,"independent_marginal_mixture",0.992223835086378,0.969792051794083,0.990389155112468,0.124396817395416,0.143355631260865,0.969898830996157,0.138686120634288,0.945349987637131,0.222863741175095,NA,NA,0.0796629687484843,1,27.303,0.330363017874338,0.37322848464056,0.949681653071333,0.235972243557726,0.562920822867773,10,-0.271765603129849,141.361225402557,2.42313926977427e-13,160.651699539221,2.26906726191077e-13,708007656872792,0.0716795826570936,0.011613778233737,0.0300416377715996,0.997667140749416,NA,0.979745457139821,0.0716795826570931,0.011613778233737,0.997667140749355,NA,0.973445622419819,0.00026141649762715,0.160640131839716,0.00200472436431009,323,1,"axis_sorted_product",0.993447701564127,"alpha+loading+joint_mu+joint_var+joint_weight",0.986378692723285,0.993314784319499,"alpha+loading+joint_mu+joint_weight",NA,NA,NA,NA,NA,NA,NA,NA,NA,NA,NA,NA,NA,NA,NA,NA,NA,NA,NA,NA,NA,NA,NA,NA,NA,NA,NA,NA,NA,NA,"fixed_ifeval_product_map_penalty5_rep5_H10_G2_2_2_2_2_2_2_2_2_2","both","expectation","viroli_expectation_svd",NA,NA,NA,NA,"map",5,"riemannian",5,10,"cayley",5,"proximal",FALSE,TRUE,1e-08,FALSE,TRUE,3,TRUE,FALSE,0,0.05,3,2,1,0,0.05,3,2,1,TRUE,"left_subspace",34,34,FALSE,TRUE,4,TRUE,21,21,TRUE,"posterior_objective",TRUE,FALSE,0.0548086166381836,0.00484752655029297,0.0457444190979004,0.00333547592163086,0.285433888435364,0.218559861183167,0.0590355396270752,0.00426149368286133,1.03530693054199,0.0881950855255127,0.901303052902222,0.0312161445617676
"rep5_balanced_moderate_dense_signed_cross_strong_cp0_05_ifeval_min30_n400_p500_H10_G2-2-2-2-2-2-2-2-2-2_sep2",5,"n400p500",400,500,10,"2-2-2-2-2-2-2-2-2-2","2-2-2-2-2-2-2-2-2-2",1024,TRUE,TRUE,26762731,21272531,26762731,1158079751,1000,2,"viroli_smoke","unequal","ifeval_like",0.45,1.6,1.75,"balanced_moderate_dense_signed_cross","ifeval_min30","block","loadings","strong",1,2,1,2,0.05,"random",35,40,114,56,67,17,23.5,1.478,0.478,0.0531111111111111,1.50306956235413,1.48404375325584,11.3609624549555,12.5711687343245,9.14597853706678,9.75326946907888,0,0,0,0,0.21,0.31,0.51,0.715,0.8675,124,200,0,284,1024,"em_svd",NA,NA,NA,NA,1e-04,0.05,NA,TRUE,18,"independent_marginal_mixture",0.992878071928604,0.984198450860429,0.991282663975716,0.11919834941154,0.130677641681958,0.98408139840203,0.102098159860237,0.971820325672702,0.161522223656243,NA,NA,0.064188461503688,1,27.779,0.264095654297436,0.239331875433539,0.964755950019768,0.205796941811752,0.538911618798449,10,-0.284117497331777,210.060642287173,6.08648800208302e-13,215.603200585501,6.23200353442106e-13,345961293819340,0.0554215941437832,0.00821351485196808,0.0236907154809601,0.998582423481349,NA,0.98746158243438,0.0554215941437836,0.00821351485196809,0.998582423481421,NA,0.98338160823636,0.00020735150003874,0.12693347120784,0.001512504858632,330,1,"axis_sorted_product",0.996320248408879,"alpha+loading+joint_mu+joint_var+joint_weight",0.992464844000011,0.996279403041258,"alpha+loading+joint_mu+joint_weight",NA,NA,NA,NA,NA,NA,NA,NA,NA,NA,NA,NA,NA,NA,NA,NA,NA,NA,NA,NA,NA,NA,NA,NA,NA,NA,NA,NA,NA,NA,"fixed_ifeval_product_map_penalty5_rep5_H10_G2_2_2_2_2_2_2_2_2_2","both","expectation","intercept_only",NA,NA,NA,NA,"map",5,"riemannian",5,10,"cayley",5,"proximal",FALSE,TRUE,1e-08,FALSE,TRUE,3,TRUE,FALSE,0,0.05,3,2,1,0,0.05,3,2,1,TRUE,"left_subspace",31,31,FALSE,TRUE,5,TRUE,7,7,TRUE,"posterior_objective",TRUE,FALSE,0.197926044464111,0.00973105430603027,0.180361986160278,0.0070350170135498,0.484145879745483,0.374904870986938,0.095271110534668,0.00769591331481934,1.50604009628296,0.171618938446045,1.2754499912262,0.0420482158660889
"rep5_balanced_moderate_dense_signed_cross_strong_cp0_05_ifeval_min30_n100_p1000_H10_G2-2-2-2-2-2-2-2-2-2_sep2",5,"n100p1000",100,1000,10,"2-2-2-2-2-2-2-2-2-2","2-2-2-2-2-2-2-2-2-2",1024,TRUE,TRUE,26762731,21272531,26762731,2102245483,1000,2,"viroli_smoke","unequal","ifeval_like",0.45,1.6,1.75,"balanced_moderate_dense_signed_cross","ifeval_min30","block","loadings","strong",1,2,1,2,0.05,"random",47,65,325,94,115,39,44.5,1.459,0.459,0.051,1.50782057986734,1.48608600948927,14.7650171336429,16.5784596097826,10.6250843505581,12.4519826278727,0,0,0,0,0.19,0.31,0.5,0.72,0.89,24,50,0,89,1024,"em_svd",NA,NA,NA,NA,1e-04,0.05,NA,TRUE,18,"independent_marginal_mixture",0.991831113854275,0.947969943030494,0.989725830252156,0.127178593200802,0.160837578871611,0.949354286597574,0.183910514986355,0.909692570081269,0.32204106654607,NA,NA,0.102719405087141,1,15.789,0.430250269214034,0.609474533057411,0.925181205267624,0.219185411464652,0.474378765714476,10,-0.265924263071187,124.936480538638,2.35066049453018e-13,151.347652819858,2.14050874791748e-13,707063930325470,0.115271948086725,0.0137389694308353,0.0442718872423561,0.995028280432746,NA,0.972219617470649,0.115271948086723,0.0137389694308353,0.995028280432772,NA,0.95995573095217,0.000439473083497032,0.250761894454419,0.00391577066700301,296,3,"axis_sorted_product",0.980581116939602,"alpha+loading+joint_mu+joint_var+joint_weight",0.966259065152375,0.980299764526375,"alpha+loading+joint_mu+joint_weight",NA,NA,NA,NA,NA,NA,NA,NA,NA,NA,NA,NA,NA,NA,NA,NA,NA,NA,NA,NA,NA,NA,NA,NA,NA,NA,NA,NA,NA,NA,"fixed_ifeval_product_map_penalty5_rep5_H10_G2_2_2_2_2_2_2_2_2_2","both","expectation","viroli_expectation_svd",NA,NA,NA,NA,"map",5,"riemannian",5,10,"cayley",5,"proximal",FALSE,TRUE,1e-08,FALSE,TRUE,3,TRUE,FALSE,0,0.05,3,2,1,0,0.05,3,2,1,TRUE,"left_subspace",33,33,FALSE,TRUE,3,TRUE,9,9,TRUE,"posterior_objective",TRUE,FALSE,0.0256311893463135,0.0046989917755127,0.0167551040649414,0.00339198112487793,0.17956805229187,0.140937089920044,0.0359680652618408,0.00284194946289062,1.4476170539856,0.0816700458526611,1.29874682426453,0.0317308902740479
"rep5_balanced_moderate_dense_signed_cross_strong_cp0_05_ifeval_min30_n200_p1000_H10_G2-2-2-2-2-2-2-2-2-2_sep2",5,"n200p1000",200,1000,10,"2-2-2-2-2-2-2-2-2-2","2-2-2-2-2-2-2-2-2-2",1024,TRUE,TRUE,26762731,21272531,26762731,2137940494,1000,2,"viroli_smoke","unequal","ifeval_like",0.45,1.6,1.75,"balanced_moderate_dense_signed_cross","ifeval_min30","block","loadings","strong",1,2,1,2,0.05,"random",47,65,325,94,115,39,44.5,1.459,0.459,0.051,1.50782057986734,1.48608600948927,14.7650171336429,16.5784596097826,10.6250843505581,12.4519826278727,0,0,0,0,0.195,0.32,0.545,0.75,0.915,63,100,0,160,1024,"em_svd",NA,NA,NA,NA,1e-04,0.05,NA,TRUE,18,"independent_marginal_mixture",0.993720620532823,0.967991107912133,0.991751589175382,0.111785352974718,0.132200260032421,0.970214992143061,0.137451566790854,0.953922345021078,0.219581761400262,NA,NA,0.0813261955322779,1,38.828,0.297015143330898,0.303158803481172,0.95519354268304,0.181683353416403,0.417495177063234,10,-0.281269271096592,177.337381206479,5.92370135154181e-13,191.502599911326,5.13220315557952e-13,373139164810989,0.0717641069261452,0.0103841313522725,0.0310644491340181,0.997658853636334,NA,0.978324986108653,0.0717641069261452,0.0103841313522725,0.9976588536364,NA,0.970878401210989,0.000273581500296955,0.167508289370988,0.00171270052439682,320,1,"axis_sorted_product",0.990320321674225,"alpha+loading+joint_mu+joint_var+joint_weight",0.981765895806018,0.990167301462156,"alpha+loading+joint_mu+joint_weight",NA,NA,NA,NA,NA,NA,NA,NA,NA,NA,NA,NA,NA,NA,NA,NA,NA,NA,NA,NA,NA,NA,NA,NA,NA,NA,NA,NA,NA,NA,"fixed_ifeval_product_map_penalty5_rep5_H10_G2_2_2_2_2_2_2_2_2_2","both","expectation","viroli_expectation_svd",NA,NA,NA,NA,"map",5,"riemannian",5,10,"cayley",5,"proximal",FALSE,TRUE,1e-08,FALSE,TRUE,3,TRUE,FALSE,0,0.05,3,2,1,0,0.05,3,2,1,TRUE,"left_subspace",27,27,FALSE,TRUE,4,TRUE,15,15,TRUE,"posterior_objective",TRUE,FALSE,0.0917119979858398,0.00940608978271484,0.074246883392334,0.00682783126831055,0.297937989234924,0.228136539459229,0.0520853996276855,0.00461804866790771,1.98750805854797,0.132694005966187,1.80696392059326,0.0345840454101562
"rep5_balanced_moderate_dense_signed_cross_strong_cp0_05_ifeval_min30_n400_p1000_H10_G2-2-2-2-2-2-2-2-2-2_sep2",5,"n400p1000",400,1000,10,"2-2-2-2-2-2-2-2-2-2","2-2-2-2-2-2-2-2-2-2",1024,TRUE,TRUE,26762731,21272531,26762731,61847516,1000,2,"viroli_smoke","unequal","ifeval_like",0.45,1.6,1.75,"balanced_moderate_dense_signed_cross","ifeval_min30","block","loadings","strong",1,2,1,2,0.05,"random",47,65,325,94,115,39,44.5,1.459,0.459,0.051,1.50782057986734,1.48608600948927,14.7650171336429,16.5784596097826,10.6250843505581,12.4519826278727,0,0,0,0,0.225,0.334875,0.53,0.72,0.885,126,200,0,280,1024,"em_svd",NA,NA,NA,NA,1e-04,0.05,NA,TRUE,18,"independent_marginal_mixture",0.9949858589236,0.983543498102788,0.992556738656536,0.100016055948119,0.116039410372598,0.984324467089899,0.100734357783763,0.967734635864699,0.164876488831329,NA,NA,0.0614638150240574,1,62.149,0.244781567396517,0.206637757396085,0.970753030860974,0.160201616745938,0.40975872941263,10,-0.302110856404386,274.666183527579,7.51858861128058e-13,267.813839727526,5.91965201341229e-13,452414836413922,0.0608968982621943,0.00502078623525549,0.0260408333199995,0.998281400893674,NA,0.984852196728945,0.0608968982621938,0.00502078623525548,0.998281400893641,NA,0.979967551230433,0.000227580038403993,0.139354951007862,0.00140813946700913,330,1,"axis_sorted_product",0.994438429964682,"alpha+loading+joint_mu+joint_var+joint_weight",0.989737329454088,0.994354864560811,"alpha+loading+joint_mu+joint_weight",NA,NA,NA,NA,NA,NA,NA,NA,NA,NA,NA,NA,NA,NA,NA,NA,NA,NA,NA,NA,NA,NA,NA,NA,NA,NA,NA,NA,NA,NA,"fixed_ifeval_product_map_penalty5_rep5_H10_G2_2_2_2_2_2_2_2_2_2","both","expectation","viroli_expectation_svd",NA,NA,NA,NA,"map",5,"riemannian",5,10,"cayley",5,"proximal",FALSE,TRUE,1e-08,FALSE,TRUE,3,TRUE,FALSE,0,0.05,3,2,1,0,0.05,3,2,1,TRUE,"left_subspace",24,24,FALSE,TRUE,5,TRUE,13,13,TRUE,"posterior_objective",TRUE,FALSE,0.372191905975342,0.0187705755233765,0.338196396827698,0.0131639242172241,0.533933162689209,0.400977849960327,0.123558044433594,0.00777888298034668,2.80962204933167,0.200650930404663,2.48676514625549,0.0449361801147461
"rep5_balanced_moderate_dense_signed_cross_strong_cp0_05_ifeval_min30_n100_p500_H10_G3-3-3-3-3-3-3-3-3-3_sep2",5,"n100p500",100,500,10,"3-3-3-3-3-3-3-3-3-3","3-3-3-3-3-3-3-3-3-3",59049,TRUE,TRUE,29512731,21272531,29512731,1736504618,1000,2,"viroli_smoke","unequal","ifeval_like",0.45,1.6,1.75,"balanced_moderate_dense_signed_cross","ifeval_min30","block","loadings","strong",1,2,1,2,0.05,"random",35,40,114,56,67,17,23.5,1.478,0.478,0.0531111111111111,1.50306956235413,1.48404375325584,11.3609624549555,12.5711687343245,9.14597853706678,9.75326946907888,0,0,0,0,0.23,0.33,0.55,0.73,0.83,13,31,0,99,59049,"em_svd",NA,NA,NA,NA,1e-04,0.05,NA,TRUE,18,"independent_marginal_mixture",0.979493918298987,0.947863559501771,0.968837679598583,0.201499483294635,0.225691482957793,0.947726035542354,0.182578070325042,0.914069150813668,0.288625654950617,NA,NA,0.116704015224501,NA,12.736,0.517288185271747,0.93146348216954,0.91929795169871,0.280134874829015,0.621398803338303,10,-0.251520834422543,86.2863179867805,1.13638516366917e-13,121.357123093018,1.28137058724216e-13,947088409093346,0.143370448101124,0.0339428554816,0.0595759760048881,0.992080464220043,0.441567327691448,0.879086213966283,NA,NA,NA,NA,NA,NA,NA,NA,NA,NA,"skipped_large_K",NA,"skipped_large_K",NA,NA,"skipped_large_K",NA,NA,NA,NA,NA,NA,NA,NA,NA,NA,NA,NA,NA,NA,NA,NA,NA,NA,NA,NA,NA,NA,NA,NA,NA,NA,NA,NA,NA,NA,"fixed_ifeval_product_map_penalty5_rep5_H10_G3_3_3_3_3_3_3_3_3_3","both","expectation","viroli_expectation_svd",NA,NA,NA,NA,"map",5,"riemannian",5,10,"cayley",5,"proximal",FALSE,TRUE,1e-08,FALSE,TRUE,3,TRUE,FALSE,0,0.05,3,2,1,0,0.05,3,2,1,FALSE,"max_iter",50,50,FALSE,TRUE,7,TRUE,9,9,TRUE,"posterior_objective",TRUE,FALSE,0.0138329267501831,0.00231802463531494,0.00952494144439697,0.0016704797744751,0.389693021774292,0.201206922531128,0.185626029968262,0.00298190116882324,0.816521883010864,0.0785160064697266,0.681295156478882,0.0438418388366699
"rep5_balanced_moderate_dense_signed_cross_strong_cp0_05_ifeval_min30_n200_p500_H10_G3-3-3-3-3-3-3-3-3-3_sep2",5,"n200p500",200,500,10,"3-3-3-3-3-3-3-3-3-3","3-3-3-3-3-3-3-3-3-3",59049,TRUE,TRUE,29512731,21272531,29512731,277800099,1000,2,"viroli_smoke","unequal","ifeval_like",0.45,1.6,1.75,"balanced_moderate_dense_signed_cross","ifeval_min30","block","loadings","strong",1,2,1,2,0.05,"random",35,40,114,56,67,17,23.5,1.478,0.478,0.0531111111111111,1.50306956235413,1.48404375325584,11.3609624549555,12.5711687343245,9.14597853706678,9.75326946907888,0,0,0,0,0.21,0.3195,0.555,0.76525,0.88,27,60,0,198,59049,"em_svd",NA,NA,NA,NA,1e-04,0.05,NA,TRUE,18,"independent_marginal_mixture",0.985914304874709,0.97419362349093,0.98054119477312,0.167423216130046,0.187448546517698,0.97406330111808,0.12957654998787,0.964195212972999,0.19679374698235,NA,NA,0.0896549334319185,NA,20.041,0.340335989362298,0.383920381619413,0.954850179769603,0.222442514455049,0.561214736892142,10,-0.287014738530972,136.073702810701,2.40262505151665e-13,157.501326329813,2.39973166500302e-13,656328908047368,0.0867235081114768,0.0276838695316369,0.0313224127894145,0.997045685884394,0.686013074826583,0.968829636148333,NA,NA,NA,NA,NA,NA,NA,NA,NA,NA,"skipped_large_K",NA,"skipped_large_K",NA,NA,"skipped_large_K",NA,NA,NA,NA,NA,NA,NA,NA,NA,NA,NA,NA,NA,NA,NA,NA,NA,NA,NA,NA,NA,NA,NA,NA,NA,NA,NA,NA,NA,NA,"fixed_ifeval_product_map_penalty5_rep5_H10_G3_3_3_3_3_3_3_3_3_3","both","expectation","viroli_expectation_svd",NA,NA,NA,NA,"map",5,"riemannian",5,10,"cayley",5,"proximal",FALSE,TRUE,1e-08,FALSE,TRUE,3,TRUE,FALSE,0,0.05,3,2,1,0,0.05,3,2,1,TRUE,"left_subspace",48,48,FALSE,TRUE,4,TRUE,12,12,TRUE,"posterior_objective",TRUE,FALSE,0.0548238754272461,0.00463652610778809,0.0459620952606201,0.00337755680084229,0.567911505699158,0.224164128303528,0.304901003837585,0.00471746921539307,0.963677048683167,0.100660085678101,0.78602409362793,0.0505990982055664
"rep5_balanced_moderate_dense_signed_cross_strong_cp0_05_ifeval_min30_n400_p500_H10_G3-3-3-3-3-3-3-3-3-3_sep2",5,"n400p500",400,500,10,"3-3-3-3-3-3-3-3-3-3","3-3-3-3-3-3-3-3-3-3",59049,TRUE,TRUE,29512731,21272531,29512731,1655357061,1000,2,"viroli_smoke","unequal","ifeval_like",0.45,1.6,1.75,"balanced_moderate_dense_signed_cross","ifeval_min30","block","loadings","strong",1,2,1,2,0.05,"random",35,40,114,56,67,17,23.5,1.478,0.478,0.0531111111111111,1.50306956235413,1.48404375325584,11.3609624549555,12.5711687343245,9.14597853706678,9.75326946907888,0,0,0,0,0.2425,0.3175,0.5375,0.7425,0.865,68,114.5,0,397,59049,"em_svd",NA,NA,NA,NA,1e-04,0.05,NA,TRUE,18,"independent_marginal_mixture",0.988850121157776,0.986257915692659,0.986232884323458,0.149144253292698,0.166498606763543,0.986176559539286,0.0950754681355846,0.973165030856015,0.16880836441411,NA,NA,0.0729181243910174,NA,28.413,0.256678236802974,0.220856614526356,0.969939262482547,0.203511948954698,0.529102496596984,10,-0.30245455466196,215.342179561748,5.16247832538903e-13,229.27695660931,5.2809860068383e-13,434155584416284,0.0733619008800586,0.0252485158188209,0.0300367689066546,0.998402314662421,0.477828250621347,0.970941932489358,NA,NA,NA,NA,NA,NA,NA,NA,NA,NA,"skipped_large_K",NA,"skipped_large_K",NA,NA,"skipped_large_K",NA,NA,NA,NA,NA,NA,NA,NA,NA,NA,NA,NA,NA,NA,NA,NA,NA,NA,NA,NA,NA,NA,NA,NA,NA,NA,NA,NA,NA,NA,"fixed_ifeval_product_map_penalty5_rep5_H10_G3_3_3_3_3_3_3_3_3_3","both","expectation","intercept_only",NA,NA,NA,NA,"map",5,"riemannian",5,10,"cayley",5,"proximal",FALSE,TRUE,1e-08,FALSE,TRUE,3,TRUE,FALSE,0,0.05,3,2,1,0,0.05,3,2,1,TRUE,"left_subspace",43,43,FALSE,TRUE,3,TRUE,5,5,TRUE,"posterior_objective",TRUE,FALSE,0.198381900787354,0.00959396362304688,0.180745124816895,0.0067741870880127,0.838725090026855,0.409888029098511,0.465704917907715,0.00776195526123047,1.0914900302887,0.201225996017456,0.801923036575317,0.081428050994873
"rep5_balanced_moderate_dense_signed_cross_strong_cp0_05_ifeval_min30_n100_p1000_H10_G3-3-3-3-3-3-3-3-3-3_sep2",5,"n100p1000",100,1000,10,"3-3-3-3-3-3-3-3-3-3","3-3-3-3-3-3-3-3-3-3",59049,TRUE,TRUE,29512731,21272531,29512731,452039793,1000,2,"viroli_smoke","unequal","ifeval_like",0.45,1.6,1.75,"balanced_moderate_dense_signed_cross","ifeval_min30","block","loadings","strong",1,2,1,2,0.05,"random",47,65,325,94,115,39,44.5,1.459,0.459,0.051,1.50782057986734,1.48608600948927,14.7650171336429,16.5784596097826,10.6250843505581,12.4519826278727,0,0,0,0,0.17,0.34,0.55,0.73,0.88,10,30,0,100,59049,"em_svd",NA,NA,NA,NA,1e-04,0.05,NA,TRUE,18,"independent_marginal_mixture",0.983270324674738,0.945351042724577,0.968040254730385,0.182002080054101,0.2140644984976,0.947821134461714,0.182850444589453,0.902135603051402,0.296303135622043,NA,NA,0.110947602921978,NA,16.442,0.49033843170017,0.788069556753583,0.928713865683622,0.21701453031197,0.481245397951085,10,-0.265904974074459,112.010219510929,2.37676658006024e-13,148.091119036177,3.29886652911501e-13,448915158370791,0.115428635572954,0.019779848343168,0.0429087333667401,0.996358719851827,0.865560533139192,0.938983424862184,NA,NA,NA,NA,NA,NA,NA,NA,NA,NA,"skipped_large_K",NA,"skipped_large_K",NA,NA,"skipped_large_K",NA,NA,NA,NA,NA,NA,NA,NA,NA,NA,NA,NA,NA,NA,NA,NA,NA,NA,NA,NA,NA,NA,NA,NA,NA,NA,NA,NA,NA,NA,"fixed_ifeval_product_map_penalty5_rep5_H10_G3_3_3_3_3_3_3_3_3_3","both","expectation","intercept_only",NA,NA,NA,NA,"map",5,"riemannian",5,10,"cayley",5,"proximal",FALSE,TRUE,1e-08,FALSE,TRUE,3,TRUE,FALSE,0,0.05,3,2,1,0,0.05,3,2,1,TRUE,"left_subspace",49,49,FALSE,TRUE,10,TRUE,7,7,TRUE,"posterior_objective",TRUE,FALSE,0.0255980491638184,0.0046999454498291,0.0167660713195801,0.00335812568664551,0.410914421081543,0.200427412986755,0.213181972503662,0.00308692455291748,1.25870704650879,0.0834181308746338,1.12038397789001,0.0480520725250244
"rep5_balanced_moderate_dense_signed_cross_strong_cp0_05_ifeval_min30_n200_p1000_H10_G3-3-3-3-3-3-3-3-3-3_sep2",5,"n200p1000",200,1000,10,"3-3-3-3-3-3-3-3-3-3","3-3-3-3-3-3-3-3-3-3",59049,TRUE,TRUE,29512731,21272531,29512731,487734804,1000,2,"viroli_smoke","unequal","ifeval_like",0.45,1.6,1.75,"balanced_moderate_dense_signed_cross","ifeval_min30","block","loadings","strong",1,2,1,2,0.05,"random",47,65,325,94,115,39,44.5,1.459,0.459,0.051,1.50782057986734,1.48608600948927,14.7650171336429,16.5784596097826,10.6250843505581,12.4519826278727,0,0,0,0,0.22,0.34,0.56,0.76025,0.89,34,59.5,0,199,59049,"em_svd",NA,NA,NA,NA,1e-04,0.05,NA,TRUE,18,"independent_marginal_mixture",0.990767684887157,0.972087927668853,0.98744247894619,0.135544483748166,0.166221203677817,0.973778556646565,0.129048561148233,0.945358359021014,0.23580683346061,NA,NA,0.0850210658838749,NA,27.404,0.288156283357284,0.28971224313521,0.962145754382171,0.179685082908595,0.421571548230126,10,-0.28041237000672,179.91057447676,7.95644238585439e-13,197.283171226797,7.44974697910141e-13,264818619719878,0.0960517563950749,0.0226506861949583,0.0439091195218167,0.997260633422026,0.839685615285762,0.941577298546083,NA,NA,NA,NA,NA,NA,NA,NA,NA,NA,"skipped_large_K",NA,"skipped_large_K",NA,NA,"skipped_large_K",NA,NA,NA,NA,NA,NA,NA,NA,NA,NA,NA,NA,NA,NA,NA,NA,NA,NA,NA,NA,NA,NA,NA,NA,NA,NA,NA,NA,NA,NA,"fixed_ifeval_product_map_penalty5_rep5_H10_G3_3_3_3_3_3_3_3_3_3","both","expectation","viroli_expectation_svd",NA,NA,NA,NA,"map",5,"riemannian",5,10,"cayley",5,"proximal",FALSE,TRUE,1e-08,FALSE,TRUE,3,TRUE,FALSE,0,0.05,3,2,1,0,0.05,3,2,1,TRUE,"left_subspace",37,37,FALSE,TRUE,4,TRUE,10,10,TRUE,"posterior_objective",TRUE,FALSE,0.0914881229400635,0.00938701629638672,0.0741569995880127,0.00669288635253906,0.551568031311035,0.241384983062744,0.299329996109009,0.00463998317718506,1.63942003250122,0.151033043861389,1.41210651397705,0.0554459095001221
"rep5_balanced_moderate_dense_signed_cross_strong_cp0_05_ifeval_min30_n400_p1000_H10_G3-3-3-3-3-3-3-3-3-3_sep2",5,"n400p1000",400,1000,10,"3-3-3-3-3-3-3-3-3-3","3-3-3-3-3-3-3-3-3-3",59049,TRUE,TRUE,29512731,21272531,29512731,559124826,1000,2,"viroli_smoke","unequal","ifeval_like",0.45,1.6,1.75,"balanced_moderate_dense_signed_cross","ifeval_min30","block","loadings","strong",1,2,1,2,0.05,"random",47,65,325,94,115,39,44.5,1.459,0.459,0.051,1.50782057986734,1.48608600948927,14.7650171336429,16.5784596097826,10.6250843505581,12.4519826278727,0,0,0,0,0.205,0.362375,0.5675,0.73,0.86,52,128.5,0,395,59049,"em_svd",NA,NA,NA,NA,1e-04,0.05,NA,TRUE,18,"independent_marginal_mixture",0.993159555060085,0.985782063931082,0.991057677827328,0.116819038067986,0.13475530803765,0.986910923827393,0.0914123015307512,0.973212178111143,0.150750242148239,NA,NA,0.0660754102351431,NA,58.753,0.212784971412484,0.154994674363189,0.977298808452338,0.163652546629113,0.404794050770872,10,-0.302722359771215,264.050839352303,7.16033023677066e-13,268.239420741805,9.36236009713627e-13,286508335461112,0.0795891082920283,0.01993885848405,0.0333735659701426,0.997906803899505,0.708349073022355,0.963534938133396,NA,NA,NA,NA,NA,NA,NA,NA,NA,NA,"skipped_large_K",NA,"skipped_large_K",NA,NA,"skipped_large_K",NA,NA,NA,NA,NA,NA,NA,NA,NA,NA,NA,NA,NA,NA,NA,NA,NA,NA,NA,NA,NA,NA,NA,NA,NA,NA,NA,NA,NA,NA,"fixed_ifeval_product_map_penalty5_rep5_H10_G3_3_3_3_3_3_3_3_3_3","both","expectation","viroli_expectation_svd",NA,NA,NA,NA,"map",5,"riemannian",5,10,"cayley",5,"proximal",FALSE,TRUE,1e-08,FALSE,TRUE,3,TRUE,FALSE,0,0.05,3,2,1,0,0.05,3,2,1,TRUE,"left_subspace",33,33,FALSE,TRUE,4,TRUE,12,12,TRUE,"posterior_objective",TRUE,FALSE,0.372929811477661,0.0192689895629883,0.337877988815308,0.0136878490447998,0.924257516860962,0.435793519020081,0.472894430160522,0.00803947448730469,2.1916595697403,0.223695874214172,1.79976367950439,0.077580451965332
"rep5_balanced_moderate_dense_signed_cross_strong_cp0_05_ifeval_min30_n100_p500_H5_G2-2-2-2-2_sep2",5,"n100p500",100,500,5,"2-2-2-2-2","2-2-2-2-2",32,TRUE,TRUE,22262731,20772531,22262731,61908038,1000,2,"viroli_smoke","unequal","ifeval_like",0.45,1.6,1.75,"balanced_moderate_dense_signed_cross","ifeval_min30","block","loadings","strong",1,2,1,2,0.05,"random",54,75,206,74,101,14,20,1.214,0.214,0.0535,1.49654645403102,1.52266467329785,12.7524929735405,15.5160542572856,10.7277642446579,13.2362517165556,0,0,0,0,0.1,0.2295,0.53,0.77,0.91,23,50,0,27,32,"em_svd",NA,NA,NA,NA,1e-04,0.05,NA,TRUE,18,"independent_marginal_mixture",0.991533893991337,0.962735829911586,0.990175196418638,0.129471579495856,0.189992310177034,0.962745729640707,0.199409736879411,0.922332542883957,0.301952510359862,NA,NA,0.0790127262433422,1,10.981,0.325648886628482,0.29107041502795,0.95012407642495,0.198907409538628,0.338485013345557,5,-0.295670419873804,110.577786753539,1.36295102284088e-13,127.684548252134,1.27224063874371e-13,1003619475465095,0.183539825209637,0.0170614019161381,0.0699999999999984,0.985196230941153,NA,0.908373743094139,0.183539825209637,0.0170614019161381,0.98519623094115,NA,0.901114277145346,0.0110939753136514,0.263185999999996,0.0282608234999997,32,26,"axis_sorted_product",0.956023806412892,"alpha+loading+joint_mu+joint_var+joint_weight",0.954814808269482,0.955830829965162,"alpha+loading+joint_mu+joint_weight",NA,NA,NA,NA,NA,NA,NA,NA,NA,NA,NA,NA,NA,NA,NA,NA,NA,NA,NA,NA,NA,NA,NA,NA,NA,NA,NA,NA,NA,NA,"fixed_ifeval_product_map_penalty5_rep5_H5_G2_2_2_2_2","both","expectation","viroli_expectation_svd",NA,NA,NA,NA,"map",5,"riemannian",5,10,"cayley",5,"proximal",FALSE,TRUE,1e-08,FALSE,TRUE,3,TRUE,FALSE,0,0.05,3,2,1,0,0.05,3,2,1,TRUE,"left_subspace",30,30,FALSE,TRUE,3,TRUE,12,12,TRUE,"posterior_objective",TRUE,FALSE,0.0137299299240112,0.00232398509979248,0.00945353507995605,0.00165152549743652,0.0934557914733887,0.0736498832702637,0.0183789730072021,0.00136113166809082,0.745779037475586,0.061965823173523,0.661434054374695,0.0182384252548218
"rep5_balanced_moderate_dense_signed_cross_strong_cp0_05_ifeval_min30_n200_p500_H5_G2-2-2-2-2_sep2",5,"n200p500",200,500,5,"2-2-2-2-2","2-2-2-2-2",32,TRUE,TRUE,22262731,20772531,22262731,553462089,1000,2,"viroli_smoke","unequal","ifeval_like",0.45,1.6,1.75,"balanced_moderate_dense_signed_cross","ifeval_min30","block","loadings","strong",1,2,1,2,0.05,"random",54,75,206,74,101,14,20,1.214,0.214,0.0535,1.49654645403102,1.52266467329785,12.7524929735405,15.5160542572856,10.7277642446579,13.2362517165556,0,0,0,0,0.15,0.265,0.52,0.755,0.9,58,100,0,31,32,"em_svd",NA,NA,NA,NA,1e-04,0.05,NA,TRUE,18,"independent_marginal_mixture",0.993687931834375,0.976577827996821,0.991681558195309,0.112075936978432,0.138244732679727,0.976862403833632,0.149912314755474,0.959065360186803,0.21333852090406,NA,NA,0.0625351898898405,1,19.118,0.253550912642599,0.185741077199969,0.967438631404145,0.191656326811839,0.305861900584784,5,-0.301297151177977,164.44025361983,3.41998171368573e-13,176.805580648049,3.63896867251567e-13,485867278779899,0.0861452126418695,0.00965577827010528,0.0348568501158666,0.996588760927538,NA,0.972847670805632,0.0861452126418694,0.00965577827010528,0.996588760927535,NA,0.971490122781993,0.00544826003719801,0.134187999999999,0.0171935515625,32,27,"axis_sorted_product",0.975592630730361,"alpha+loading+joint_mu+joint_var+joint_weight",0.974476058746103,0.975440252426105,"alpha+loading+joint_mu+joint_weight",NA,NA,NA,NA,NA,NA,NA,NA,NA,NA,NA,NA,NA,NA,NA,NA,NA,NA,NA,NA,NA,NA,NA,NA,NA,NA,NA,NA,NA,NA,"fixed_ifeval_product_map_penalty5_rep5_H5_G2_2_2_2_2","both","expectation","intercept_only",NA,NA,NA,NA,"map",5,"riemannian",5,10,"cayley",5,"proximal",FALSE,TRUE,1e-08,FALSE,TRUE,3,TRUE,FALSE,0,0.05,3,2,1,0,0.05,3,2,1,TRUE,"left_subspace",30,30,FALSE,TRUE,3,TRUE,16,16,TRUE,"posterior_objective",TRUE,FALSE,0.0546869039535522,0.00451898574829102,0.0457769632339478,0.00328493118286133,0.146228075027466,0.116816997528076,0.0270371437072754,0.00226497650146484,0.961580395698547,0.0729444026947021,0.855109095573425,0.0198525190353394
"rep5_balanced_moderate_dense_signed_cross_strong_cp0_05_ifeval_min30_n400_p500_H5_G2-2-2-2-2_sep2",5,"n400p500",400,500,5,"2-2-2-2-2","2-2-2-2-2",32,TRUE,TRUE,22262731,20772531,22262731,1536570191,1000,2,"viroli_smoke","unequal","ifeval_like",0.45,1.6,1.75,"balanced_moderate_dense_signed_cross","ifeval_min30","block","loadings","strong",1,2,1,2,0.05,"random",54,75,206,74,101,14,20,1.214,0.214,0.0535,1.49654645403102,1.52266467329785,12.7524929735405,15.5160542572856,10.7277642446579,13.2362517165556,0,0,0,0,0.135,0.2925,0.5225,0.775125,0.895,129,200,0,32,32,"em_svd",NA,NA,NA,NA,1e-04,0.05,NA,TRUE,18,"independent_marginal_mixture",0.994202263959445,0.986250111779773,0.993405857456629,0.107547586681007,0.120667397986515,0.986563862874017,0.117393171656231,0.975955973306164,0.165151078570377,NA,NA,0.0483548117279964,1,24.525,0.216254249118937,0.130535499934249,0.976559765076423,0.170332582512618,0.312346664730592,5,-0.314003476091051,246.965101420897,7.53988550979969e-13,252.96254040958,6.87752133258463e-13,367810622718221,0.0590444916676149,0.0107982978361,0.0256417625043687,0.998529197230547,NA,0.988320724570747,0.0590444916676149,0.0107982978361,0.998529197230544,NA,0.986559596366236,0.0042789366925705,0.0979370274337766,0.0161045493402284,32,26,"axis_sorted_product",0.985392664137034,"alpha+loading+joint_mu+joint_var+joint_weight",0.984663990957323,0.98531268775332,"alpha+loading+joint_mu+joint_weight",NA,NA,NA,NA,NA,NA,NA,NA,NA,NA,NA,NA,NA,NA,NA,NA,NA,NA,NA,NA,NA,NA,NA,NA,NA,NA,NA,NA,NA,NA,"fixed_ifeval_product_map_penalty5_rep5_H5_G2_2_2_2_2","both","expectation","intercept_only",NA,NA,NA,NA,"map",5,"riemannian",5,10,"cayley",5,"proximal",FALSE,TRUE,1e-08,FALSE,TRUE,3,TRUE,FALSE,0,0.05,3,2,1,0,0.05,3,2,1,TRUE,"left_subspace",29,29,FALSE,TRUE,3,TRUE,7,7,TRUE,"posterior_objective",TRUE,FALSE,0.197805166244507,0.00957179069519043,0.180354118347168,0.00666499137878418,0.232398986816406,0.195461988449097,0.0505530834197998,0.00364589691162109,1.36696195602417,0.11595606803894,1.21520304679871,0.0261919498443604
"rep5_balanced_moderate_dense_signed_cross_strong_cp0_05_ifeval_min30_n100_p1000_H5_G2-2-2-2-2_sep2",5,"n100p1000",100,1000,5,"2-2-2-2-2","2-2-2-2-2",32,TRUE,TRUE,22262731,20772531,22262731,2010162963,1000,2,"viroli_smoke","unequal","ifeval_like",0.45,1.6,1.75,"balanced_moderate_dense_signed_cross","ifeval_min30","block","loadings","strong",1,2,1,2,0.05,"random",87,139,458,126,190,21,40,1.195,0.195,0.04875,1.49337146230671,1.52593145818473,16.8608751387451,21.0349541452727,13.7871437072219,17.8593077626417,0,0,0,0,0.15,0.27,0.53,0.8,0.92,29,50,0,28,32,"em_svd",NA,NA,NA,NA,1e-04,0.05,NA,TRUE,18,"independent_marginal_mixture",0.99315842206935,0.958799120434812,0.991749206201493,0.116388677725487,0.16318819692057,0.960499207219931,0.207063584379861,0.93466918623582,0.273523900430621,NA,NA,0.0764356936983964,1,14.072,0.31226911430515,0.261827229520296,0.951719286358653,0.157080445844094,0.250576079638182,5,-0.306148855868762,146.645983958533,2.14573341830657e-13,164.882384180497,2.62586865780497e-13,627915580203950,0.127341393780145,0.0100011084721894,0.051768716422177,0.994085707414367,NA,0.9627441003164,0.127341393780145,0.0100011084721894,0.994085707414365,NA,0.955819782419027,0.00889758551124104,0.20633429999999,0.0301159004999984,32,25,"axis_sorted_product",0.954605142641309,"alpha+loading+joint_mu+joint_var+joint_weight",0.953917064571142,0.954462951003564,"alpha+loading+joint_mu+joint_weight",NA,NA,NA,NA,NA,NA,NA,NA,NA,NA,NA,NA,NA,NA,NA,NA,NA,NA,NA,NA,NA,NA,NA,NA,NA,NA,NA,NA,NA,NA,"fixed_ifeval_product_map_penalty5_rep5_H5_G2_2_2_2_2","both","expectation","intercept_only",NA,NA,NA,NA,"map",5,"riemannian",5,10,"cayley",5,"proximal",FALSE,TRUE,1e-08,FALSE,TRUE,3,TRUE,FALSE,0,0.05,3,2,1,0,0.05,3,2,1,TRUE,"left_subspace",29,29,FALSE,TRUE,3,TRUE,9,9,TRUE,"posterior_objective",TRUE,FALSE,0.0252749919891357,0.0045320987701416,0.0165882110595703,0.00327014923095703,0.0937900543212891,0.0746400356292725,0.0176808834075928,0.00134897232055664,1.35664200782776,0.0629611015319824,1.26343107223511,0.0162961483001709
"rep5_balanced_moderate_dense_signed_cross_strong_cp0_05_ifeval_min30_n200_p1000_H5_G2-2-2-2-2_sep2",5,"n200p1000",200,1000,5,"2-2-2-2-2","2-2-2-2-2",32,TRUE,TRUE,22262731,20772531,22262731,1979253644,1000,2,"viroli_smoke","unequal","ifeval_like",0.45,1.6,1.75,"balanced_moderate_dense_signed_cross","ifeval_min30","block","loadings","strong",1,2,1,2,0.05,"random",87,139,458,126,190,21,40,1.195,0.195,0.04875,1.49337146230671,1.52593145818473,16.8608751387451,21.0349541452727,13.7871437072219,17.8593077626417,0,0,0,0,0.15,0.28,0.5,0.755,0.935,56,100,0,30,32,"em_svd",NA,NA,NA,NA,1e-04,0.05,NA,TRUE,18,"independent_marginal_mixture",0.994790096031926,0.975659680198641,0.99353524245854,0.101821947027484,0.143321724991709,0.974883124107217,0.164702495879849,0.95056935547214,0.27656467815847,NA,NA,0.0600198763768211,1,24.683,0.242927851487111,0.153781892109823,0.970379896961918,0.141956315951072,0.243181066179124,5,-0.334337405591178,232.029167267982,6.97298107591271e-13,232.656524448243,6.0856368736546e-13,382304316341054,0.113344442221518,0.0076197371051324,0.0443283205186016,0.996489736685318,NA,0.980838998250097,0.113344442221518,0.0076197371051324,0.996489736685317,NA,0.975823540165433,0.00796999000370073,0.176503466199995,0.0252136830999981,32,26,"axis_sorted_product",0.968414440125402,"alpha+loading+joint_mu+joint_var+joint_weight",0.970785909984401,0.968337188928521,"alpha+loading+joint_mu+joint_weight",NA,NA,NA,NA,NA,NA,NA,NA,NA,NA,NA,NA,NA,NA,NA,NA,NA,NA,NA,NA,NA,NA,NA,NA,NA,NA,NA,NA,NA,NA,"fixed_ifeval_product_map_penalty5_rep5_H5_G2_2_2_2_2","both","expectation","intercept_only",NA,NA,NA,NA,"map",5,"riemannian",5,10,"cayley",5,"proximal",FALSE,TRUE,1e-08,FALSE,TRUE,3,TRUE,FALSE,0,0.05,3,2,1,0,0.05,3,2,1,TRUE,"left_subspace",24,24,FALSE,TRUE,3,TRUE,11,11,TRUE,"posterior_objective",TRUE,FALSE,0.0912140607833862,0.00959694385528564,0.0737699270248413,0.00655603408813477,0.167067050933838,0.144659042358398,0.0198309421539307,0.00215601921081543,1.5418860912323,0.0975341796875,1.40803599357605,0.0206098556518555
"rep5_balanced_moderate_dense_signed_cross_strong_cp0_05_ifeval_min30_n400_p1000_H5_G2-2-2-2-2_sep2",5,"n400p1000",400,1000,5,"2-2-2-2-2","2-2-2-2-2",32,TRUE,TRUE,22262731,20772531,22262731,1917435006,1000,2,"viroli_smoke","unequal","ifeval_like",0.45,1.6,1.75,"balanced_moderate_dense_signed_cross","ifeval_min30","block","loadings","strong",1,2,1,2,0.05,"random",87,139,458,126,190,21,40,1.195,0.195,0.04875,1.49337146230671,1.52593145818473,16.8608751387451,21.0349541452727,13.7871437072219,17.8593077626417,0,0,0,0,0.175,0.3,0.5275,0.7775,0.8925,131,200,0,32,32,"em_svd",NA,NA,NA,NA,1e-04,0.05,NA,TRUE,18,"independent_marginal_mixture",0.996457767432336,0.986504085135179,0.994977010201182,0.084063987369678,0.0903714878752086,0.986841504872733,0.113871102705078,0.9799812006473,0.141146362140161,NA,NA,0.0442797341525104,1,50.092,0.21024720860838,0.123148905479244,0.980048276831421,0.121432310969343,0.223083983046526,5,-0.323770889085209,330.9067048272,7.84291043742286e-13,318.912170102975,9.04762384595677e-13,352481685283028,0.0378162050084815,0.00627227595946988,0.0160857079421446,0.999343351407912,NA,0.9942470971958,0.0378162050084815,0.00627227595946988,0.99934335140791,NA,0.993762646813941,0.00256376393971269,0.0616406250000004,0.00713384521484624,32,29,"axis_sorted_product",0.986349925440465,"alpha+loading+joint_mu+joint_var+joint_weight",0.985964206345679,0.986298714128775,"alpha+loading+joint_mu+joint_weight",NA,NA,NA,NA,NA,NA,NA,NA,NA,NA,NA,NA,NA,NA,NA,NA,NA,NA,NA,NA,NA,NA,NA,NA,NA,NA,NA,NA,NA,NA,"fixed_ifeval_product_map_penalty5_rep5_H5_G2_2_2_2_2","both","expectation","intercept_only",NA,NA,NA,NA,"map",5,"riemannian",5,10,"cayley",5,"proximal",FALSE,TRUE,1e-08,FALSE,TRUE,3,TRUE,FALSE,0,0.05,3,2,1,0,0.05,3,2,1,TRUE,"left_subspace",23,23,FALSE,TRUE,2,TRUE,11,11,TRUE,"posterior_objective",TRUE,FALSE,0.372176885604858,0.0187640190124512,0.337781190872192,0.013308048248291,0.280998945236206,0.228074550628662,0.0491795539855957,0.00365650653839111,2.63534307479858,0.166179895401001,2.32440304756165,0.0296270847320557
"rep5_balanced_moderate_dense_signed_cross_strong_cp0_05_ifeval_min30_n100_p500_H5_G3-3-3-3-3_sep2",5,"n100p500",100,500,5,"3-3-3-3-3","3-3-3-3-3",243,TRUE,TRUE,23012731,20772531,23012731,1931802693,1000,2,"viroli_smoke","unequal","ifeval_like",0.45,1.6,1.75,"balanced_moderate_dense_signed_cross","ifeval_min30","block","loadings","strong",1,2,1,2,0.05,"random",54,75,206,74,101,14,20,1.214,0.214,0.0535,1.49654645403102,1.52266467329785,12.7524929735405,15.5160542572856,10.7277642446579,13.2362517165556,0,0,0,0,0.08,0.31,0.59,0.7705,0.9,19,35,0,80,243,"em_svd",NA,NA,NA,NA,1e-04,0.05,NA,TRUE,18,"independent_marginal_mixture",0.985636070237253,0.964505409953212,0.976595995105669,0.168643354242732,0.184022455976962,0.966199336204978,0.179678250918984,0.951147150233997,0.251976394834441,NA,NA,0.0842723171324302,0.62318570896911,9.349,0.365196307462116,0.398400358211728,0.954206920660915,0.224031049985153,0.345717400448775,5,-0.271646762730207,125.99099373258,1.13613253071842e-13,147.841607543504,1.35836145019693e-13,1088381943716609,0.125198912111733,0.0215456601870864,0.0705725446346733,0.995368444005355,0.772871177894912,0.844320777141893,0.125198912111733,0.0215456601870864,0.995368444005359,0.788513006118374,0.806216934032479,0.00246759142379775,0.367910633143351,0.0190767650741166,239,6,"axis_sorted_product",0.979115239644529,"alpha+loading+joint_mu+joint_var+joint_weight",0.917637002464787,0.990271405405133,"alpha+loading+joint_mu+joint_log_var+joint_weight",NA,NA,NA,NA,NA,NA,NA,NA,NA,NA,NA,NA,NA,NA,NA,NA,NA,NA,NA,NA,NA,NA,NA,NA,NA,NA,NA,NA,NA,NA,"fixed_ifeval_product_map_penalty5_rep5_H5_G3_3_3_3_3","both","expectation","viroli_expectation_svd",NA,NA,NA,NA,"map",5,"riemannian",5,10,"cayley",5,"proximal",FALSE,TRUE,1e-08,FALSE,TRUE,3,TRUE,FALSE,0,0.05,3,2,1,0,0.05,3,2,1,FALSE,"max_iter",50,50,FALSE,TRUE,3,TRUE,8,8,TRUE,"posterior_objective",TRUE,FALSE,0.0147085189819336,0.0027930736541748,0.00945496559143066,0.00209605693817139,0.212110996246338,0.0864498615264893,0.13352108001709,0.00149011611938477,0.735546946525574,0.0723470449447632,0.621587038040161,0.0299334526062012
"rep5_balanced_moderate_dense_signed_cross_strong_cp0_05_ifeval_min30_n200_p500_H5_G3-3-3-3-3_sep2",5,"n200p500",200,500,5,"3-3-3-3-3","3-3-3-3-3",243,TRUE,TRUE,23012731,20772531,23012731,275873744,1000,2,"viroli_smoke","unequal","ifeval_like",0.45,1.6,1.75,"balanced_moderate_dense_signed_cross","ifeval_min30","block","loadings","strong",1,2,1,2,0.05,"random",54,75,206,74,101,14,20,1.214,0.214,0.0535,1.49654645403102,1.52266467329785,12.7524929735405,15.5160542572856,10.7277642446579,13.2362517165556,0,0,0,0,0.145,0.30975,0.555,0.74,0.875,37,55,0,114,243,"em_svd",NA,NA,NA,NA,1e-04,0.05,NA,TRUE,18,"independent_marginal_mixture",0.989979363516237,0.978713279553008,0.986285841797309,0.141212841493573,0.158404836987263,0.980101079947532,0.13982724657239,0.973242471122659,0.196351012359853,NA,NA,0.0696146045189439,0.80357541610167,17.005,0.260475544052151,0.189771117885287,0.970153668846383,0.179560776497829,0.324778269221316,5,-0.324373473510105,180.002510400364,3.57224363622078e-13,193.633740467033,3.89309556816925e-13,497377310873698,0.0702274041323774,0.024199876149776,0.0300560455998831,0.998746661557492,0.735917719966328,0.971802653964869,0.0702274041323774,0.024199876149776,0.998746661557499,0.743076999291276,0.964692846453677,0.00107304942970771,0.169434359079258,0.00493923407863957,227,15,"axis_sorted_product",0.988447159135461,"alpha+loading+joint_mu+joint_var+joint_weight",0.916863027145838,0.991637650615831,"alpha+loading+joint_mu+joint_log_var+joint_weight",NA,NA,NA,NA,NA,NA,NA,NA,NA,NA,NA,NA,NA,NA,NA,NA,NA,NA,NA,NA,NA,NA,NA,NA,NA,NA,NA,NA,NA,NA,"fixed_ifeval_product_map_penalty5_rep5_H5_G3_3_3_3_3","both","expectation","intercept_only",NA,NA,NA,NA,"map",5,"riemannian",5,10,"cayley",5,"proximal",FALSE,TRUE,1e-08,FALSE,TRUE,3,TRUE,FALSE,0,0.05,3,2,1,0,0.05,3,2,1,TRUE,"left_subspace",50,50,FALSE,TRUE,3,TRUE,12,12,TRUE,"posterior_objective",TRUE,FALSE,0.0553499460220337,0.00526189804077148,0.0457694530487061,0.00363254547119141,0.26677393913269,0.129694938659668,0.134366989135742,0.00232911109924316,0.806807398796082,0.0738215446472168,0.674929976463318,0.0425975322723389
"rep5_balanced_moderate_dense_signed_cross_strong_cp0_05_ifeval_min30_n400_p500_H5_G3-3-3-3-3_sep2",5,"n400p500",400,500,5,"3-3-3-3-3","3-3-3-3-3",243,TRUE,TRUE,23012731,20772531,23012731,1258981846,1000,2,"viroli_smoke","unequal","ifeval_like",0.45,1.6,1.75,"balanced_moderate_dense_signed_cross","ifeval_min30","block","loadings","strong",1,2,1,2,0.05,"random",54,75,206,74,101,14,20,1.214,0.214,0.0535,1.49654645403102,1.52266467329785,12.7524929735405,15.5160542572856,10.7277642446579,13.2362517165556,0,0,0,0,0.16,0.31,0.57875,0.7875,0.895,70,119,0,166,243,"em_svd",NA,NA,NA,NA,1e-04,0.05,NA,TRUE,18,"independent_marginal_mixture",0.992044185976994,0.989546521792686,0.989020501513073,0.125983526605249,0.143038919698596,0.989695557381863,0.100385462157854,0.981916116323437,0.142801153377417,NA,NA,0.053323613495557,0.81185574384798,28.268,0.202670441746306,0.117024415881082,0.980192688202822,0.19223504115461,0.326499144930147,5,-0.316384801676443,249.766061014258,7.35463100505383e-13,261.991820046853,9.18862060692572e-13,285126387577024,0.0731581081592099,0.0182858419284291,0.0329648504767492,0.997908986310943,0.748415423445745,0.9681936869128,0.0731581081592099,0.0182858419284291,0.99790898631095,0.774764152903485,0.960887635820478,0.00117045152934563,0.172576500661059,0.00729146326837258,209,20,"axis_sorted_product",0.993292988111003,"alpha+loading+joint_mu+joint_var+joint_weight",0.942584728229055,0.994987334583412,"alpha+loading+joint_mu+joint_log_var+joint_weight",NA,NA,NA,NA,NA,NA,NA,NA,NA,NA,NA,NA,NA,NA,NA,NA,NA,NA,NA,NA,NA,NA,NA,NA,NA,NA,NA,NA,NA,NA,"fixed_ifeval_product_map_penalty5_rep5_H5_G3_3_3_3_3","both","expectation","viroli_expectation_svd",NA,NA,NA,NA,"map",5,"riemannian",5,10,"cayley",5,"proximal",FALSE,TRUE,1e-08,FALSE,TRUE,3,TRUE,FALSE,0,0.05,3,2,1,0,0.05,3,2,1,TRUE,"left_subspace",46,46,FALSE,TRUE,4,TRUE,6,6,TRUE,"posterior_objective",TRUE,FALSE,0.198874950408936,0.010001540184021,0.180134534835815,0.00748538970947266,0.463084936141968,0.207936406135559,0.237634062767029,0.0038374662399292,1.11211454868317,0.112155437469482,0.899050951004028,0.0734513998031616
"rep5_balanced_moderate_dense_signed_cross_strong_cp0_05_ifeval_min30_n100_p1000_H5_G3-3-3-3-3_sep2",5,"n100p1000",100,1000,5,"3-3-3-3-3","3-3-3-3-3",243,TRUE,TRUE,23012731,20772531,23012731,1732574618,1000,2,"viroli_smoke","unequal","ifeval_like",0.45,1.6,1.75,"balanced_moderate_dense_signed_cross","ifeval_min30","block","loadings","strong",1,2,1,2,0.05,"random",87,139,458,126,190,21,40,1.195,0.195,0.04875,1.49337146230671,1.52593145818473,16.8608751387451,21.0349541452727,13.7871437072219,17.8593077626417,0,0,0,0,0.12,0.29,0.6,0.8,0.91,13,29,0,70,243,"em_svd",NA,NA,NA,NA,1e-04,0.05,NA,TRUE,18,"independent_marginal_mixture",0.988934151505587,0.956233041695887,0.983976612128017,0.148021552548731,0.169751088372927,0.961022681800395,0.197198699629668,0.954313006964896,0.236405747596345,NA,NA,0.0860304428689927,0.829851030412641,10.423,0.358309148939737,0.338160496161964,0.952148924925678,0.159147651992948,0.256014067587999,5,-0.303656645830522,144.311796200546,2.84005320870534e-13,171.434241567058,3.16545818562277e-13,541577969172671,0.100992403536492,0.0109752780956373,0.0360174086056169,0.99671720098503,0.923545766963985,0.960793339656486,0.100992403536492,0.0109752780956373,0.996717200985036,0.931657164553693,0.954818360074326,0.00122664524403403,0.19912009383607,0.00683863076608723,214,19,"axis_sorted_product",0.971272300707901,"alpha+loading+joint_mu+joint_var+joint_weight",0.95456251478457,0.989220979706684,"alpha+loading+joint_mu+joint_log_var+joint_weight",NA,NA,NA,NA,NA,NA,NA,NA,NA,NA,NA,NA,NA,NA,NA,NA,NA,NA,NA,NA,NA,NA,NA,NA,NA,NA,NA,NA,NA,NA,"fixed_ifeval_product_map_penalty5_rep5_H5_G3_3_3_3_3","both","expectation","viroli_expectation_svd",NA,NA,NA,NA,"map",5,"riemannian",5,10,"cayley",5,"proximal",FALSE,TRUE,1e-08,FALSE,TRUE,3,TRUE,FALSE,0,0.05,3,2,1,0,0.05,3,2,1,FALSE,"max_iter",50,50,FALSE,TRUE,3,TRUE,6,6,TRUE,"posterior_objective",TRUE,FALSE,0.0272859334945679,0.00568544864654541,0.0165939331054688,0.00415241718292236,0.199525117874146,0.0914747714996338,0.106475830078125,0.0014948844909668,1.11945104598999,0.0723690986633301,1.00314998626709,0.0317389965057373
"rep5_balanced_moderate_dense_signed_cross_strong_cp0_05_ifeval_min30_n200_p1000_H5_G3-3-3-3-3_sep2",5,"n200p1000",200,1000,5,"3-3-3-3-3","3-3-3-3-3",243,TRUE,TRUE,23012731,20772531,23012731,1701665299,1000,2,"viroli_smoke","unequal","ifeval_like",0.45,1.6,1.75,"balanced_moderate_dense_signed_cross","ifeval_min30","block","loadings","strong",1,2,1,2,0.05,"random",87,139,458,126,190,21,40,1.195,0.195,0.04875,1.49337146230671,1.52593145818473,16.8608751387451,21.0349541452727,13.7871437072219,17.8593077626417,0,0,0,0,0.15,0.29,0.585,0.76525,0.885,39,56,0,117,243,"em_svd",NA,NA,NA,NA,1e-04,0.05,NA,TRUE,18,"independent_marginal_mixture",0.992865045334465,0.978187774078694,0.989802187059221,0.11915770971454,0.138562431795867,0.98075999865188,0.134005213826093,0.97514996108169,0.171608425517042,NA,NA,0.0645322408381447,0.800052466817296,24.683,0.226222435072439,0.145886449239217,0.975497318279774,0.153499220982486,0.258717644883304,5,-0.309036436286031,233.076253251135,7.13018702376795e-13,238.943155584837,7.34235366020047e-13,325431280816720,0.0995058154603582,0.0159650072060359,0.0368295483126279,0.997769769733164,0.934612786307482,0.95683678034037,0.0995058154603582,0.0159650072060359,0.997769769733175,0.931230908442351,0.946999719874957,0.00130032070216571,0.209890505325074,0.00674513967446931,226,16,"axis_sorted_product",0.985617080016,"alpha+loading+joint_mu+joint_var+joint_weight",0.96253770038409,0.993066945138556,"alpha+loading+joint_mu+joint_log_var+joint_weight",NA,NA,NA,NA,NA,NA,NA,NA,NA,NA,NA,NA,NA,NA,NA,NA,NA,NA,NA,NA,NA,NA,NA,NA,NA,NA,NA,NA,NA,NA,"fixed_ifeval_product_map_penalty5_rep5_H5_G3_3_3_3_3","both","expectation","viroli_expectation_svd",NA,NA,NA,NA,"map",5,"riemannian",5,10,"cayley",5,"proximal",FALSE,TRUE,1e-08,FALSE,TRUE,3,TRUE,FALSE,0,0.05,3,2,1,0,0.05,3,2,1,TRUE,"left_subspace",40,40,FALSE,TRUE,3,TRUE,10,10,TRUE,"posterior_objective",TRUE,FALSE,0.0928229093551636,0.0100939273834229,0.0738781690597534,0.00741457939147949,0.297497987747192,0.1268630027771,0.167015075683594,0.00230908393859863,1.46282839775085,0.101987957954407,1.29020535945892,0.044188380241394
"rep5_balanced_moderate_dense_signed_cross_strong_cp0_05_ifeval_min30_n400_p1000_H5_G3-3-3-3-3_sep2",5,"n400p1000",400,1000,5,"3-3-3-3-3","3-3-3-3-3",243,TRUE,TRUE,23012731,20772531,23012731,1639846661,1000,2,"viroli_smoke","unequal","ifeval_like",0.45,1.6,1.75,"balanced_moderate_dense_signed_cross","ifeval_min30","block","loadings","strong",1,2,1,2,0.05,"random",87,139,458,126,190,21,40,1.195,0.195,0.04875,1.49337146230671,1.52593145818473,16.8608751387451,21.0349541452727,13.7871437072219,17.8593077626417,0,0,0,0,0.1575,0.314875,0.58375,0.775,0.88,67,117,0,158,243,"em_svd",NA,NA,NA,NA,1e-04,0.05,NA,TRUE,18,"independent_marginal_mixture",0.994960883293081,0.988597633875883,0.991582846757072,0.100264838454482,0.109350539992376,0.989970225115853,0.0981526620293849,0.984905816156385,0.123217477465228,NA,NA,0.0491898159565941,0.848093968825215,54.417,0.173059647563334,0.0827630050967213,0.984914150668807,0.14952696260094,0.251308682679189,5,-0.328106100769047,319.317669075641,8.53433055426203e-13,318.888714017923,8.47612706781914e-13,376219836567376,0.0452529534960556,0.00930651588540784,0.0191427031629696,0.999220944859696,0.921824110310642,0.990185545088536,0.0452529534960556,0.00930651588540784,0.999220944859702,0.948904866206945,0.987699163200951,0.000695961141249998,0.107368905884835,0.00441941271232653,211,19,"axis_sorted_product",0.992846987000204,"alpha+loading+joint_mu+joint_var+joint_weight",0.98108407306089,0.996764534068755,"alpha+loading+joint_mu+joint_log_var+joint_weight",NA,NA,NA,NA,NA,NA,NA,NA,NA,NA,NA,NA,NA,NA,NA,NA,NA,NA,NA,NA,NA,NA,NA,NA,NA,NA,NA,NA,NA,NA,"fixed_ifeval_product_map_penalty5_rep5_H5_G3_3_3_3_3","both","expectation","viroli_expectation_svd",NA,NA,NA,NA,"map",5,"riemannian",5,10,"cayley",5,"proximal",FALSE,TRUE,1e-08,FALSE,TRUE,3,TRUE,FALSE,0,0.05,3,2,1,0,0.05,3,2,1,TRUE,"left_subspace",38,38,FALSE,TRUE,3,TRUE,11,11,TRUE,"posterior_objective",TRUE,FALSE,0.373156070709229,0.0193475484848022,0.33769953250885,0.0140194892883301,0.481920003890991,0.223649024963379,0.225533962249756,0.00417208671569824,1.94837713241577,0.16763186454773,1.67223691940308,0.0754058361053467
