"benchmark","item_id","prompt","instruction_ids","instruction_families","n_instructions","F1","F2","F3","F4"
"ifeval","ifeval_20260421T021146Z_0","Write a 300+ word summary of the wikipedia page ""https://en.wikipedia.org/wiki/Raymond_III,_Count_of_Tripoli"". Do not use any commas and highlight at least 3 sections that has titles in markdown format, for example *highlighted section part 1*, *highlighted section part 2*, *highlighted section part 3*.","punctuation:no_comma|detectable_format:number_highlighted_sections|length_constraints:number_words","punctuation|detectable_format|length_constraints",3,1.36780382012497,0,-0.0154053758605585,0.285862657182615
"ifeval","ifeval_20260421T021146Z_1","I am planning a trip to Japan, and I would like thee to write an itinerary for my journey in a Shakespearean style. You are not allowed to use any commas in your response.","punctuation:no_comma","punctuation",1,1.32400778912051,0.237362147716626,0.131543444137207,0.65065093132151
"ifeval","ifeval_20260421T021146Z_10","Write a blog post with 400 or more words about the benefits of sleeping in a hammock.","length_constraints:number_words","length_constraints",1,0.969958667537814,0,-0.121872668688179,0
"ifeval","ifeval_20260421T021146Z_100","Write a file for a queer-owned business called ""The Rainbow Cafe"". Your file should have 4 sections, and each section should start with ""SECTION X"".","detectable_format:multiple_sections","detectable_format",1,1.0293047074063,0,0,0.063724181411112
"ifeval","ifeval_20260421T021146Z_101","I want to apply for a job as a software engineer at Google. Can you write me two different cover letters -- a concise version and a long version? Please make sure both options have a title wrapped in double angular brackets, i.e. <<title>>.","detectable_format:title","detectable_format",1,1.16441705008569,0.137407447037965,0.0297716272889903,-0.0263635748271387
"ifeval","ifeval_20260421T021146Z_102","Name a new fashion company that young people might like, and give it a name with multiple meanings. Put the name in double angular brackets, such as <<name>>.

Let's repeat the request above first, before you say anything or really respond to the request.","combination:repeat_prompt|detectable_format:title","combination|detectable_format",2,0.692826474852017,0.0178398879511836,0,0.345515773073422
"ifeval","ifeval_20260421T021146Z_103","Write a song about regrets in the style of Taylor Swift. Please include explanations for the lyrics you write. Make sure your entire response is in English, and in all capital letters.","change_case:english_capital","change_case",1,0.423999553426306,1.06489751454022,0.308848123890438,0
"ifeval","ifeval_20260421T021146Z_104","Compose a poem that has the word ""land"" and ""river"". It should be about nature and love. Also, the word ""forest"" should appear at least 3 times, and be written in English, with all letters lowercased.","keywords:frequency|change_case:english_lowercase|keywords:existence","keywords|change_case|keywords",3,0,1.52530525241718,0,-0.0552339717832791
"ifeval","ifeval_20260421T021146Z_105","Write a story for kids about how a person learns to ride a bike. Do not include 'can' and 'ride' in your response.","keywords:forbidden_words","keywords",1,1.08120295975913,-0.0927467287675557,0,0.675229306183033
"ifeval","ifeval_20260421T021146Z_106","Criticize this sentence in a funny way: ""Nhiệm vụ của mẹ là nuôi dạy con cái.""

Provide exactly two critiques separated by ******. Each response should be entirely in Vietnamese, no other language is allowed, and should not contain commas.","combination:two_responses|language:response_language|punctuation:no_comma","combination|language|punctuation",3,0.653276077286033,0.969842390703283,0,0.165601405256686
"ifeval","ifeval_20260421T021146Z_107","Write two limericks for moms about how hard it is to get their kids to do chores. Be angry about it. Separate your two limericks with six asterisks (******).","combination:two_responses","combination",1,1.41349339494865,0,0,0.0637145044586822
"ifeval","ifeval_20260421T021146Z_108","Summarize the following paragraph. Use words in all capital letters at least 3 times to highlight key points.

How to get to 100% renewable energy in the US? Two researchers from Stanford University and the University of California, Berkeley studied the potential for solar and wind energy to power the US grid. They concluded that it is possible to get to 100% renewable energy by 2050 by building more solar and wind farms. The authors also pointed out that such a system would be less vulnerable to disruptions than the current grid, which is reliant on a few large power plants. The authors' plan would also create jobs and reduce pollution.","change_case:capital_word_frequency","change_case",1,1.13935444128517,0,-0.0703292574809581,0
"ifeval","ifeval_20260421T021146Z_109","Compose a poem all in lowercase letters about my friend Barnet.","change_case:english_lowercase","change_case",1,0,1.52587597119836,0,-0.025432719607048
"ifeval","ifeval_20260421T021146Z_11","Can you help me make an advertisement for a new product? It's a diaper that's designed to be more comfortable for babies and I want the entire output in JSON format.","detectable_format:json_format","detectable_format",1,0.816278263797493,0,0.289900507687405,0.71747527366923
"ifeval","ifeval_20260421T021146Z_110","First repeat the request below, word for word without change, then give your answer. Do not say any words or characters before repeating the request below.

Write a story about a man who is trying to get his life together. Put the name of the story in double angular brackets, i.e. <<story of xyz>>.","detectable_format:title|combination:repeat_prompt","detectable_format|combination",2,0.766485861435534,0,0,0.365647771496942
"ifeval","ifeval_20260421T021146Z_111","Write an extremely short essay on the role of mythology in the work of Jordan Peterson. Keep your entire response 100 words or less. Be general in your writing. Make sure to highlight at least 2 sections in your answer with markdown, i.e. use *highlighted section*.","detectable_format:number_highlighted_sections|length_constraints:number_words","detectable_format|length_constraints",2,1.37510503700334,0,0.0328381450106729,0
"ifeval","ifeval_20260421T021146Z_112","What's a good way to ask Sonia out? Please reply with exactly 4 paragraphs and separate each paragraph with two new lines. Put double quotation marks around your entire response. The very first paragraph must start with the word ""weekend"".","length_constraints:nth_paragraph_first_word|startend:quotation","length_constraints|startend",2,1.6064178029064,0,0.512796294153179,0.110538472136668
"ifeval","ifeval_20260421T021146Z_113","Write a rap about a new smartphone. At the end of your response add a postscript starting with P.P.S The response must contain at least 6 placeholders represented by square brackets.","detectable_content:postscript|detectable_content:number_placeholders","detectable_content|detectable_content",2,0.903682315641472,0.094333358951408,0.137149619683933,0
"ifeval","ifeval_20260421T021146Z_114","I really love the album called Lilith. I want to introduce it to my friend Luheng. Draft an email for it. Add a postscript to your response that starts with P.S.","detectable_content:postscript","detectable_content",1,0.935494470035464,0,0,0
"ifeval","ifeval_20260421T021146Z_116","Make the sentence “The bus arrived at the station” sound more interesting. Avoid using the word “station”.","keywords:forbidden_words","keywords",1,0,0,0.516077349181829,-0.341863824335555
"ifeval","ifeval_20260421T021146Z_117","Create a 5 day itinerary for a trip to Mesa, Arizona. Wrap your entire response with double quotes and include the letter ""l"" at least 15 times.","startend:quotation|keywords:letter_frequency","startend|keywords",2,0.928967202251105,0.0527414613225197,0.833118359228531,0
"ifeval","ifeval_20260421T021146Z_118","Make a rubric for a home theater installation targeting moms. Your answer must contain exactly 4 bullet points. Use markdown bullet points such as:
* This is point 1","detectable_format:number_bullet_lists","detectable_format",1,0.926411719163827,0.285986060917201,0.135793559730236,0
"ifeval","ifeval_20260421T021146Z_119","Write a short essay about the updates of the latest episode of your favorite TV show. Use less than 300 words.","length_constraints:number_words","length_constraints",1,0.131520718694102,0,0.487718288702456,0.0094848498469165
"ifeval","ifeval_20260421T021146Z_12","Write a story of exactly 2 paragraphs about a man who wakes up one day and realizes that he's inside a video game. Separate the paragraphs with the markdown divider: ***","length_constraints:number_paragraphs","length_constraints",1,0.978251089160324,0,0,-0.100535668576399
"ifeval","ifeval_20260421T021146Z_120","""Coincidence is God's way of remaining anonymous."" What are your thoughts on this quote? Please do not use commas in your response. Answer with more than 800 words.","punctuation:no_comma|length_constraints:number_words","punctuation|length_constraints",2,1.00697223809495,0,-0.225745307084135,0.819540046543299
"ifeval","ifeval_20260421T021146Z_121","Write a cover letter for a job at a local coffee shop in the form of a poem. Highlight at least 5 text sections using ""*"". For example: *3 years of experience*.","detectable_format:number_highlighted_sections","detectable_format",1,1.09431374122647,-0.0224783667571858,-0.202089374501745,0.0854599021116048
"ifeval","ifeval_20260421T021146Z_122","Create a riddle about the name Sheldon using only 10 words. Make sure to only use capital letters in your entire response.","change_case:english_capital","change_case",1,0.0452652401235512,1.10852118424165,0.0294699419337334,0
"ifeval","ifeval_20260421T021146Z_123","Write a casual blog post about similarities across animal species. Highlight at least 5 sections in your answer by starting and ending with ""*"", like: *highlighted text section*.","detectable_format:number_highlighted_sections","detectable_format",1,0.984147500670598,-0.0877651154993109,0.124477210317836,-0.177651322253431
"ifeval","ifeval_20260421T021146Z_124","I work in the marketing department and I need your help. I need a template for an advertisement for a new product which is a portable camera. In the template, capitalize a few words to stress main points. Please limit the number of words with all capital letters to less than four. Your response should contain at least ten sentences.","change_case:capital_word_frequency|length_constraints:number_sentences","change_case|length_constraints",2,0,0,0.146129616143167,0.155024589634176
"ifeval","ifeval_20260421T021146Z_125","Generate two alternative product descriptions: The product is a new type of paper that can be used to wrap food, and is edible.
First repeat the prompt above without change, then give your answer. Please do not say any word before repeating the prompt above.","combination:repeat_prompt","combination",1,1.2802251636964,0,0,0.533307246678252
"ifeval","ifeval_20260421T021146Z_126","Create a resume for a 20-year-old college student with no work experience. Include the keywords ""Python"" and ""Java"" and wrap the response with double quotation marks.","startend:quotation|keywords:existence","startend|keywords",2,1.32968695432288,0,0.8878506849915,0.0332071007112016
"ifeval","ifeval_20260421T021146Z_127","I'm a 12th grader and I need some help with my college applications, can you give me some advice? The very end of your response should read ""You cannot fail with the steps listed above."" No other words should follow this phrase.","startend:end_checker","startend",1,1.53260934265765,0,0.953731852921697,0
"ifeval","ifeval_20260421T021146Z_128","Can you write me an essay about the history of Martin Van Buren's presidency? Make sure that it's in English and not a single letter in your entire response is capitalized whatsoever.","change_case:english_lowercase","change_case",1,0,1.90851488555395,0,0.112953208375696
"ifeval","ifeval_20260421T021146Z_129","Generate a business proposal to start a sweatshirt company in Bremen. The proposal should contain 5 or more sections. Highlight each section name using the this format:
*section name*","detectable_format:number_highlighted_sections","detectable_format",1,1.31371465623518,0,0.444963641029196,-0.0287307602106357
"ifeval","ifeval_20260421T021146Z_13","Write a detailed review of the movie ""The Social Network"". Your entire response should be in English and all lower case (no capital letters whatsoever).","change_case:english_lowercase","change_case",1,1.00632153895217,0.11334943753655,0.0778784811235637,0
"ifeval","ifeval_20260421T021146Z_130","Write a rubric for evaluating a musical composition. Please wrap your entire reply with double quotation marks. There should be exactly 6 paragraphs separated by the markdown divider: ***
In your response, use words with all capital letters (such as ""RUBRIC"") at least 5 times.","startend:quotation|length_constraints:number_paragraphs|change_case:capital_word_frequency","startend|length_constraints|change_case",3,1.1495452852656,-0.0672582038333648,0.23101129254542,0.82660335484306
"ifeval","ifeval_20260421T021146Z_131","Can you provide a translation for ""今天天气很好"" in German? Do not use ""heute"". Please use another word.","keywords:forbidden_words","keywords",1,-0.310377564778162,0,0.161107408782079,0.801466022334066
"ifeval","ifeval_20260421T021146Z_132","Write a funny and sarcastic template for rating the quality of a marriage between two people who are both moms. This is for the couple themselves. Please highlight at least 3 sections with markdown,  i.e *highlighted section*.","detectable_format:number_highlighted_sections","detectable_format",1,0.812920908060907,-0.175976359649859,0.0957510413188989,-0.0353673257016956
"ifeval","ifeval_20260421T021146Z_133","For the following request, please repeat the request itself exactly as it is, then give your reply. Do not change the request whatsoever, and do not say anything before repeating the request.

Hello. I need to give a lecture to my students about the movie La La Land. Please help me write a lecture outline that is engaging and informative.","combination:repeat_prompt","combination",1,1.00485431302135,0.119933955710532,0.288221689641377,0
"ifeval","ifeval_20260421T021146Z_134","Request:
  1. What are the best places to visit in Bohemia, Czech Republic?
  2. Include a list of recommended hotels.
  3. Wrap the ENTIRE output in JSON format.
  4. Do not include the following keywords: Moser, Glassworks, Pravcice, Karlovy, Vary","detectable_format:json_format|keywords:forbidden_words","detectable_format|keywords",2,1.34909974196246,0,0.885537962477344,-0.0858672944618135
"ifeval","ifeval_20260421T021146Z_135","Write a professional email that you could send to ask your boss for a raise. At the end of your response, explicitly add a postscript starting with P.P.S

Finish your entire response with this exact phrase: Hope you agree with me.","detectable_content:postscript|startend:end_checker","detectable_content|startend",2,0.857086222943428,0,0.732170739842282,0.185828992962073
"ifeval","ifeval_20260421T021146Z_136","Write an interesting and funny article about the biology of a banana peel. In your response, the word disappointed should appear at least 2 times, and at least six section should be highlighted with markdown,  i.e *banana peel*.","keywords:frequency|detectable_format:number_highlighted_sections","keywords|detectable_format",2,1.09554634585388,0,0.0542483471846326,0.0723701387319832
"ifeval","ifeval_20260421T021146Z_137","Write a blog post about how to raise awareness for a cause. Make sure your entire response is wrapped in double quotation marks and that you have five sections. Mark the beginning of each section with Section X.","startend:quotation|detectable_format:multiple_sections","startend|detectable_format",2,1.39397916794754,0,0.87960855501212,0
"ifeval","ifeval_20260421T021146Z_138","Write a fairy tale about a princess and a dragon, making sure the word 'replied' appears at least twice.","keywords:frequency","keywords",1,1.02841052850164,0,0,0.0932429868068439
"ifeval","ifeval_20260421T021146Z_139","What is the next number in this series: 1, 4, 7, 11, 17? Please answer with only mathematical notation without any commas.","punctuation:no_comma","punctuation",1,0.121762565604626,0.121911171400151,0.218453648384654,0.319516566583347
"ifeval","ifeval_20260421T021146Z_14","Write a short blog post about a trip to Japan using less than 300 words.","length_constraints:number_words","length_constraints",1,0.275862188097963,-0.132604200608224,0.362142492533219,0.0969300859884218
"ifeval","ifeval_20260421T021146Z_140","Rewrite the following sentence in only Vietnamese, no other language is allowed, and refrain from using commas: ""We may be able to improve our model for the next year. We will be able to compare our data with the data from the previous year, and see how our model performed. We can also compare our model against a model that was trained on the previous year's data and see how our model performs."" No other language except Vietnamese is allowed to be used in your response.","punctuation:no_comma|language:response_language","punctuation|language",2,0.543957817876207,0.723247948496174,0.0884088415599566,0.100640148559411
"ifeval","ifeval_20260421T021146Z_141","Write an essay about the life of Benjamin Franklin. Then summarize your essay into a poem. Separate the essay and the poem with 6 asterisk symbols: ******
In other words, your response should have the following form:
[essay]
******
[poem]","combination:two_responses","combination",1,1.47438213820028,-0.122433302139331,0,0
"ifeval","ifeval_20260421T021146Z_142","How to write a good Chinese poem? At the end of your response, please explicitly add a note starting with ""P.S.""","detectable_content:postscript","detectable_content",1,0.728972308169402,0,0.565306915870562,-0.249177324753317
"ifeval","ifeval_20260421T021146Z_143","Write a song about the summers of my childhood that I spent in the countryside. Give the song a name, and highlight the name by wrapping it with *. For example: *little me in the countryside*.","detectable_format:number_highlighted_sections","detectable_format",1,1.13744906377934,0,0.21567307727341,-0.18332251217791
"ifeval","ifeval_20260421T021146Z_144","The Jimenez family has 20 members. Each member has at least one pet. If there are 32 pets in total, what is the maximum number of members that can possibly have 3 pets? Solve this step by step, and wrap your entire response (reasoning process and the final answer) with double quotation marks.","startend:quotation","startend",1,0.84705206106987,0.261566555293031,0.958934593965994,0.0282250188787291
"ifeval","ifeval_20260421T021146Z_145","Write an itinerary for a trip to a grocery store in Lima to buy some local goods. Make the itinerary funny, write it in all capital letters and include the keywords 'DISGUSTING', 'DELICIOUS', 'BAD', and 'GOOD'.","change_case:english_capital|keywords:existence","change_case|keywords",2,0,1.6424730777377,0.171740973992531,0
"ifeval","ifeval_20260421T021146Z_146","Hallucinate a resume for a glass artist in Adelaide. Make sure the resume is in English and all lowercase. The resume should have at least 800 words.","length_constraints:number_words|change_case:english_lowercase","length_constraints|change_case",2,0.20770269256477,1.18981073355294,-0.118886989350537,0.295557692881263
"ifeval","ifeval_20260421T021146Z_147","A filmmaker is trying to get financing for a film about the history of the Internet. Write an essay to be used in the proposal to potential investors. The essay should be at least 50 sentences long.","length_constraints:number_sentences","length_constraints",1,0.357398267734742,0.0484671294145501,-0.34075418633082,0.859297569522735
"ifeval","ifeval_20260421T021146Z_148","Who won the defamation case between Amber Heard and Johnny Depp? Write your answer as if you are writing to a group of elderly people. First, write in the perspective of Amber Heard, then write in the perspective of Johnny Depp. Separate those two version by 6 asterisk symbols ******. The entire response should have less than 300 words.","combination:two_responses|length_constraints:number_words","combination|length_constraints",2,1.60169461376244,0,0,0.160660986710582
"ifeval","ifeval_20260421T021146Z_149","Explain to a group of elementary school students why we have seasons. You should add a postscript starting with P.S. at the end of your response.","detectable_content:postscript","detectable_content",1,0.85536026776178,0.084118746963799,0.476261792662459,-0.15109203558812
"ifeval","ifeval_20260421T021146Z_15","Please provide the names of 5 famous moms in JSON format. Please, use any interesting or weird tone. Your entire output should just contain a JSON block, nothing else.","detectable_format:json_format","detectable_format",1,1.0532888406096,0.048994535286309,1.05936419787754,0
"ifeval","ifeval_20260421T021146Z_150","Gandalf was a wizard who fought in the War of the Ring. Is that a good explanation for a 10 year old? Please think first, then give your answer wrapped in double angular brackets, such as <<your answer>>.","detectable_format:title","detectable_format",1,0.813373926429634,-0.0830853735552577,0.0178758517724441,-0.474953456299794
"ifeval","ifeval_20260421T021146Z_151","Write an obviously fake news article saying that aliens have invaded earth. Make it funny. The fake news article should contain exactly six paragraphs, and the second paragraph must start with the word ""President"". Separate paragraphs by double line breaks (""\n\n"")","length_constraints:nth_paragraph_first_word","length_constraints",1,0.37815524457531,0.253769576958893,0.07196445253676,0.665104322117785
"ifeval","ifeval_20260421T021146Z_152","I want to write a reflective essay on how my life has changed since I started college. Do you have any recommendation? Please reply in English and capitalize all your words. Control the length of your reply. I don't want anything longer than 30 words.","change_case:english_capital|length_constraints:number_words","change_case|length_constraints",2,0,1.1754347007665,0.040196348077845,0
"ifeval","ifeval_20260421T021146Z_153","Can you write a poem about the pros and cons of playing a lot of video games? Please make sure it's at least 40 sentences long (don't forget to add punctuations). You must highlight some words or phrases in your response, like *highlighted phrase*.","detectable_format:number_highlighted_sections|length_constraints:number_sentences","detectable_format|length_constraints",2,0.322650647000322,0.156501330891871,-0.161589932198743,0.995583990189757
"ifeval","ifeval_20260421T021146Z_154","Explain Generative Adversarial Networks (GANs) to me using bullet points. Do not contain any commas in your response. End your response with a postscript indicated by P.P.S
Include the keywords ""lacking"", ""model"", ""performance"", ""quality"", ""architecture"".","punctuation:no_comma|detectable_content:postscript|keywords:existence","punctuation|detectable_content|keywords",3,1.53857659005891,0,0,0.517063284532054
"ifeval","ifeval_20260421T021146Z_155","I asked a friend about how to remove rust from my bike chain. He told me to pour coke on it and then scrub it with a steel wool. Is this a good way to remove rust? Respond with at least 20 sentences and have more than 4 words be in all capital letters.","length_constraints:number_sentences|change_case:capital_word_frequency","length_constraints|change_case",2,0.881370553456522,-0.0605692278625577,-0.76760943724247,0.230393506780969
"ifeval","ifeval_20260421T021146Z_156","Write a song about miniatures that contains 20 to 25 sentences. Do not forget to add punctuations.","length_constraints:number_sentences|length_constraints:number_sentences","length_constraints|length_constraints",2,0.473905669957593,-0.062118783471705,0,0.685963902224905
"ifeval","ifeval_20260421T021146Z_157","Create an English name for a luxury real estate company that sells beachfront homes. All letters in your response must be lower case letters. Also, please put double quotation marks around your entire response.","change_case:english_lowercase|startend:quotation","change_case|startend",2,0,0.728144674820866,0.0431278668467088,-0.145616226227926
"ifeval","ifeval_20260421T021146Z_158","I was hoping you could help me out with a few things. I wish to learn about how to pay my taxes. Can you summarize the process for me? Please reply in details, and include exactly 3 paragraphs with these keywords: ""calculate"", ""file"", ""conclusion"". Separate the paragraphs with ***.","keywords:existence|length_constraints:number_paragraphs","keywords|length_constraints",2,1.43208527397972,0,0,0
"ifeval","ifeval_20260421T021146Z_159","I work for a software development company named ""grid"", and they want a catchy tweet. Can you write one that includes the name of the company at least five times?","keywords:frequency","keywords",1,1.16712932454894,0.199145724679456,-0.0867990916001055,0.035597002957088
"ifeval","ifeval_20260421T021146Z_16","What is a name that people call God? Please give exactly two different responses. Separate the responses with 6 asterisk symbols: ******.","combination:two_responses","combination",1,1.39723758366096,0,0.0178138648818802,0
"ifeval","ifeval_20260421T021146Z_160","Write a very angry letter to someone who's been trying to convince you that 1+1=3. There should be exactly 4 paragraphs. Separate the paragraphs with ***.","length_constraints:number_paragraphs","length_constraints",1,1.28948823636153,-0.0177577473887235,0,0
"ifeval","ifeval_20260421T021146Z_161","Can you please continue and expand: ""A man is performing for a crowd on a stage, ...""
Use at least 60 sentences, but less than 600 words.","length_constraints:number_sentences|length_constraints:number_words","length_constraints|length_constraints",2,0.484267674356011,0,0,1.64456361555898
"ifeval","ifeval_20260421T021146Z_162","Write a short article about the morphology of the Ukrainian language, with 200 words or less. Make sure the letter c appears at least 60 times in your response.","keywords:letter_frequency|length_constraints:number_words","keywords|length_constraints",2,2.0597476398033,-0.167502698486613,-0.0133127175522796,0.292775656647071
"ifeval","ifeval_20260421T021146Z_163","Write a song about being excited to go on vacation, without using the letter e whatsoever in your entire response. Separate your song into 3 parts, where each part is separated with ***.","keywords:letter_frequency|length_constraints:number_paragraphs","keywords|length_constraints",2,0.0995094545593353,0.051949376243757,0.305681903719687,0.977040070469193
"ifeval","ifeval_20260421T021146Z_164","Write a riddle for the word ""façade"" that contains at least 3 italic text phrases in markdown syntax, i.e *italic text*.","detectable_format:number_highlighted_sections","detectable_format",1,1.37932214308191,-0.0622651245047249,0,0
"ifeval","ifeval_20260421T021146Z_165","Write a strange rap song about Alexander the Great becoming the king of Macedon. Finish the song with:

Peace!

No additional words should follow ""Peace!""","startend:end_checker","startend",1,0.93741766207177,0.0374123638017316,0.542747183721259,0.183358453974524
"ifeval","ifeval_20260421T021146Z_166","Expand the following and make it funny: Jeanne has rolled the dice. She thought she lost, but actually she won.

Italicize at least 10 text parts with markdown (using * to italicize, like *italic text*).
Do not use any commas in your response.","detectable_format:number_highlighted_sections|punctuation:no_comma","detectable_format|punctuation",2,1.3660075247304,0.0323855548578966,0,0.359839597805806
"ifeval","ifeval_20260421T021146Z_167","Create a blog post for professionals in the field of computer science in the form of a funny riddle. Your entire reply should contain 600 to 700 words.","length_constraints:number_words|length_constraints:number_words","length_constraints|length_constraints",2,0.440091365632455,0,0,0.0452044227075617
"ifeval","ifeval_20260421T021146Z_168","How can I learn to code? Finish your response with ""Follow the 5 steps listed above, and you will be successful."" No other words should follow this.","startend:end_checker","startend",1,1.25579496970842,0.0416487307842442,0.879159456517789,0.0952681992749936
"ifeval","ifeval_20260421T021146Z_169","Write an angry tweet about a friend who is always late to events or appointments.
You need to repeat the sentence above first... Do not change any word, just repeat it. Do not say anything before repeating the sentence.","combination:repeat_prompt","combination",1,1.30730779357687,0,0,0.411551710844369
"ifeval","ifeval_20260421T021146Z_17","Write two jokes about rockets. Do not contain commas in your response. Separate the two jokes with 6 asterisk symbols: ******.","punctuation:no_comma|combination:two_responses","punctuation|combination",2,1.62925828434226,0,0,0
"ifeval","ifeval_20260421T021146Z_170","What do you think about this statement: ""Wizards are more powerful than sorcerers because they study magic instead of being born with it.""? Your response should contain at least 30 sentences and exactly 2 bullet points. Also, it must contain at least 8 placeholders represented by square brackets, such as [address]. Use the bullet points like:
* This is a bullet point","length_constraints:number_sentences|detectable_format:number_bullet_lists|detectable_content:number_placeholders","length_constraints|detectable_format|detectable_content",3,1.53048952962877,0,-0.174190359444607,0.371854058212726
"ifeval","ifeval_20260421T021146Z_171","What has a dome but no doors, what has a vault but no money, what has walls but no rooms? What am I? Try to be funny and give me a funny answer.

Let's repeat all text above word by word, then reply to the request above. Do NOT say anything before repeating the text above.","combination:repeat_prompt","combination",1,1.1008088453521,0.0254299574688536,0,0
"ifeval","ifeval_20260421T021146Z_172","Rewrite the following sentence into an email, and make sure it contains at least 10 placeholders represented by square brackets, such as [name]: The boots are warm but a little uncomfortable.","detectable_content:number_placeholders","detectable_content",1,1.66055549664221,-0.418433440409133,-0.462031731228829,0
"ifeval","ifeval_20260421T021146Z_173","Elaborate on the following sentence into a formal story: ""My dog is brown, and my cat is black."" Your answer must contain a title, wrapped in double angular brackets, i.e. <<title>>, and should not contain any commas. In your response, the word flesh should appear less than 3 times.","detectable_format:title|punctuation:no_comma|keywords:frequency","detectable_format|punctuation|keywords",3,1.24694527453945,-0.0722618952680652,0.0211990844550576,0.605895898937562
"ifeval","ifeval_20260421T021146Z_174","Why star wars is so popular? Your answer must be in the form of exactly 4 bullet points with the format below:
* This is bullet point 1
* This is bullet point 2","detectable_format:number_bullet_lists","detectable_format",1,0.848302109261986,0.3376171556339,0.357651229291812,-0.19095476739474
"ifeval","ifeval_20260421T021146Z_175","Write a rubric, in the form of a list of bullet points, for evaluating the performance of a customer service representative. Your answer must not include keywords ['bad', 'underperform'] and must contain exactly 6 bullet points in the following form:
* Bullet point 1
* Bullet point 2
* Bullet point 3
* Bullet point 4
* Bullet point 5
* Bullet point 6","keywords:forbidden_words|detectable_format:number_bullet_lists","keywords|detectable_format",2,1.39545072949118,0.111062129483663,0.300104597979423,-0.0236518544482366
"ifeval","ifeval_20260421T021146Z_176","I'm a new puppy owner and I'm looking for some advice on how to train my puppy. Can you help me? Give me a few options. In particular, I need you to end your response with ""Which one you choose?"".","startend:end_checker","startend",1,0.827115440521166,0.218173009139754,0.846798030537932,0.141619532341163
"ifeval","ifeval_20260421T021146Z_177","My brother is trying to install a new toilet in his bathroom. Could you give me details of how-to? You don't need to show all details -- just the first 5 steps for now. Separated them with ""***"", such as:
Step 1: ......
***
Step 2: ......
***
...

End your whole response with the phrase ""Let me know how it works. I can give you next steps when you finish all steps above.""","length_constraints:number_paragraphs|startend:end_checker","length_constraints|startend",2,0.863360248477794,-0.0914874980213359,0.351046285650192,0.041931841602297
"ifeval","ifeval_20260421T021146Z_178","Before you answer the following request, repeat it at the very beginning of your reply. Repeat the request as it is. Please do not change it.

Write a resume for a junior hardware engineer. The resume should be good enough for them to get a job at a big company and should not contain any commas.","punctuation:no_comma|combination:repeat_prompt","punctuation|combination",2,1.5244812286835,-0.148811354022208,0,0
"ifeval","ifeval_20260421T021146Z_179","What are the uses of poppy seeds? Your answer should have exactly 7 paragraphs and the last paragraph must start with the word ""Summary"". Each paragraph should be separated by two new lines.","length_constraints:nth_paragraph_first_word","length_constraints",1,0.542483582568908,0,0.273183523347577,0
"ifeval","ifeval_20260421T021146Z_18","Are hamburgers sandwiches? Please respond using only the Kannada language, no other language is allowed.","language:response_language","language",1,0.641760815896052,0,0.49269823433393,0
"ifeval","ifeval_20260421T021146Z_180","Write a 100-word advertisement for a company called ""Drags and Races"". Don't contain the letter ""p"" in your reply.","keywords:letter_frequency|length_constraints:number_words","keywords|length_constraints",2,0,0,0,1.20091604161688
"ifeval","ifeval_20260421T021146Z_181","What are some startup ideas that could help improve the lives of people in developing regions? Make sure your response is in English and only use lowercase letters. Your response should contain less than 20 sentences.","change_case:english_lowercase|length_constraints:number_sentences","change_case|length_constraints",2,0,1.90050980740678,0,0.192692196722957
"ifeval","ifeval_20260421T021146Z_182","Write a blog post about the sleek new magistrates with at least 300 words. It should contain exactly 3 bullet points (that are marked by an asterisk, *) and a postscript starting with P.S. at the end.","length_constraints:number_words|detectable_format:number_bullet_lists|detectable_content:postscript","length_constraints|detectable_format|detectable_content",3,1.22224459668248,0.0767381556949279,0.0437494713360444,0.295266248078865
"ifeval","ifeval_20260421T021146Z_183","Write a story about the importance of understanding the truths that are not obvious. Add stress words which are capitalized. Limit those stress words for less than 20 times.","change_case:capital_word_frequency","change_case",1,-0.148760516650542,0,-0.0450617213623045,0.00718632666971633
"ifeval","ifeval_20260421T021146Z_184","Generate a summary of the following passage in all capital letters:

World War II or the Second World War, often abbreviated as WWII or WW2, was a global conflict that lasted from 1939 to 1945. The vast majority of the world's countries, including all of the great powers, fought as part of two opposing military alliances: the Allies and the Axis. Many participants threw their economic, industrial, and scientific capabilities behind this total war, blurring the distinction between civilian and military resources. Aircraft played a major role, enabling the strategic bombing of population centres and the delivery of the only two nuclear weapons ever used in war. World War II was by far the deadliest conflict in history, resulting in an estimated 70 to 85 million fatalities, mostly among civilians. Tens of millions died due to genocides (including the Holocaust), starvation, massacres, and disease. In the wake of Axis defeat, Germany, Austria and Japan were occupied, and war crimes tribunals were conducted against German and Japanese leaders.

","change_case:english_capital","change_case",1,0,2.01361635946649,0.487857031866331,0
"ifeval","ifeval_20260421T021146Z_185","Write a story from a perspective of a man. Include some conversation in the story. Avoid using the letter i more than twice.","keywords:letter_frequency","keywords",1,0.167560507549236,0,0,0.967524423518282
"ifeval","ifeval_20260421T021146Z_186","Write a review of IBM's 1956 chess program. Make sure your entire response is wrapped in double quotation marks.","startend:quotation","startend",1,1.39891473454746,0,1.17122443864118,0
"ifeval","ifeval_20260421T021146Z_187","Invent a funny tagline for a local comedy show, and put your whole response in double quotes.","startend:quotation","startend",1,0.722262454545228,0,0.802072007283924,0.0807094849039541
"ifeval","ifeval_20260421T021146Z_188","What is another word for Engravings? Answer in lowercase letters only, throughout your entire answer.","change_case:english_lowercase","change_case",1,0,1.01244029983481,-0.306524567555548,-0.095568201908892
"ifeval","ifeval_20260421T021146Z_189","Write a funny song-style poem for kids about why you shouldn't eat a lot of sweets. The poem should have four sections, with each section marked with SECTION X.","detectable_format:multiple_sections","detectable_format",1,0.889117446860867,0.471194043242728,0.100331827594892,0
"ifeval","ifeval_20260421T021146Z_19","make a tweet for playboy's twitter account without using capital letters. Include at least 4 hashtags, starting with '#'","change_case:english_lowercase|keywords:letter_frequency","change_case|keywords",2,0.610231024922284,0,0,-0.079662743657945
"ifeval","ifeval_20260421T021146Z_190","Are the weather conditions in the Arctic very cold most of the year? Do not say 'yes' or 'no' throughout your entire response.","keywords:forbidden_words","keywords",1,0.832036547464951,0,0,0.359327131215736
"ifeval","ifeval_20260421T021146Z_191","Write a summary of the following text in a funny way: ""The 2018 Nobel Prize in Chemistry has been awarded to Frances Arnold, George P. Smith and Gregory P. Winter for their work on directed evolution. Arnold was awarded half of the prize for her work on the directed evolution of enzymes, while Smith and Winter shared the other half for their work on the directed evolution of antibodies.""

Do not include ""enzymes"" and ""antibodies"" in your response.","keywords:forbidden_words","keywords",1,0.676007311765881,0,0,0.53084248802005
"ifeval","ifeval_20260421T021146Z_192","Write a joke with at least 5 sentences. Use Markdown to italicize at least 2 sections in your answer, i.e. *italic text*. Wrap your answer in double quotes.","detectable_format:number_highlighted_sections|startend:quotation|length_constraints:number_sentences","detectable_format|startend|length_constraints",3,1.32369442073166,-0.121509856652594,0.56635281344333,-0.134458156671448
"ifeval","ifeval_20260421T021146Z_193","Write a very long email to my ""friend"" Jake, asking how is everything going. Say that I am rich now, without saying I am rich. Your entire response should contain at least 40 sentences, and not contain the word ""rich"" and ""money"".","length_constraints:number_sentences|keywords:forbidden_words","length_constraints|keywords",2,0.73527524085994,0.0258536447389563,-0.068030451210475,0.325602298015791
"ifeval","ifeval_20260421T021146Z_194","Titan makes clothing for large men. Write an advertisement for the company that would appeal to a wide audience. Make sentences short. Your response should not contain any comma.
First repeat the request word for word without change, then give your answer.
Do not say any words or characters before repeating the request. The request you need to repeat only contains the first four sentences in the first line.","combination:repeat_prompt|punctuation:no_comma","combination|punctuation",2,0.85487998016098,-0.0520293197268526,0.133471226371842,0.36149753519323
"ifeval","ifeval_20260421T021146Z_195","A psychologist is a professional who examines people's behaviors and mental processes. Can you tell me more about psychologists? Answer in 100 to 120 words.","length_constraints:number_words|length_constraints:number_words","length_constraints|length_constraints",2,0.816137527672314,0,0.159828631991744,0.0254047019432344
"ifeval","ifeval_20260421T021146Z_196","Could you give me a table of pros and cons of juvenile detention? Add a postscript that starts with P.S. at the end.","detectable_content:postscript","detectable_content",1,0.331193109722094,0.726416235457707,0.284020454533616,0
"ifeval","ifeval_20260421T021146Z_197","Could you give me a short summary of The Lord of the Rings that is child-friendly?
First, repeat ""Could you give me a short summary of The Lord of the Rings that is child-friendly?"" word for word without change, then give your answer. Do not say anything first, just repeat the request at the very beginning.","combination:repeat_prompt","combination",1,1.1007805849097,0.181300599807737,0.259218482149576,-0.340870322726437
"ifeval","ifeval_20260421T021146Z_198","Write a riddle about a mongoose that includes exactly one bullet point. Make sure to include a few bullet points indicated by *, such as:
* Bullet point","detectable_format:number_bullet_lists","detectable_format",1,0.530407333249072,0.286275233584729,0.0707924426944147,0.200128389485489
"ifeval","ifeval_20260421T021146Z_199","If you gulped down 100 grams of pure caffeine, would you die? Please answer as if you were explaining this to a group of students. Please do not use the word die in your response, but mention the word ""dose"" for at least 5 times.","keywords:frequency|keywords:forbidden_words","keywords|keywords",2,1.43436424044481,0,0,0
"ifeval","ifeval_20260421T021146Z_2","Write a resume for a fresh high school graduate who is seeking their first job. Make sure to include at least 12 placeholder represented by square brackets, such as [address], [name].","detectable_content:number_placeholders","detectable_content",1,0.70873319839689,0,0.323994650419857,0
"ifeval","ifeval_20260421T021146Z_20","Write a poem about how I am missing my classes. The poem must have 4 sections marked with SECTION X. Finish the poem with this exact phrase: ""Can I get my money back for the classes I missed?""","detectable_format:multiple_sections|startend:end_checker","detectable_format|startend",2,1.18547857413955,-0.000573196085742102,0.572078712895275,0.260698649588407
"ifeval","ifeval_20260421T021146Z_200","Write a blog post about the best way to get a good night's sleep with at least 400 words.","length_constraints:number_words","length_constraints",1,0.816307759538168,0.205231329687299,-0.291285088219313,0
"ifeval","ifeval_20260421T021146Z_201","Write a 200 word essay on the 2000 presidential election. The title should be wrapped in double angular brackets, i.e. <<title>>.","detectable_format:title","detectable_format",1,1.52927915560795,0,0,-0.646340275113692
"ifeval","ifeval_20260421T021146Z_202","What kind of fashion would Frankenstein's bride wear? Make your answer weird or interesting and use only lowercase letters. Your answer must contain exactly 3 bullet points using the markdown bullet points format, such as:
* Bullet point 1","detectable_format:number_bullet_lists|change_case:english_lowercase","detectable_format|change_case",2,0,2.22792290083208,0,0
"ifeval","ifeval_20260421T021146Z_203","Complete the following sentence with the letter l appearing at least 6 times: ""The panda is a big animal. It is black and white. It eats bamboo.""","keywords:letter_frequency","keywords",1,0.778649985667451,-0.218306686462272,-0.336909665140206,0.158466553519652
"ifeval","ifeval_20260421T021146Z_204","Write a rap for moms about the pros and cons of breast feeding versus formula. The rap song should have exactly 3 paragraphs each separated by *** and exactly 3 bullet points in markdown format.","length_constraints:number_paragraphs|detectable_format:number_bullet_lists","length_constraints|detectable_format",2,0.805312308430052,0.0312161196363582,0,0.539550415746059
"ifeval","ifeval_20260421T021146Z_205","Write a short and funny joke about a guy who works at the IRS. Include at least one placeholder represented by square brackets.","detectable_content:number_placeholders","detectable_content",1,0.690055352671515,0.0801510551508562,0.0765447887411737,0
"ifeval","ifeval_20260421T021146Z_206","Compose a song with at least three sentences that can be sung by a professional singer in the style of a 1930s jazz standard. Include the keywords ""rate"" and ""rte"".","length_constraints:number_sentences|keywords:existence","length_constraints|keywords",2,0.551428035322849,0.0303476956728886,0,-0.238557307385234
"ifeval","ifeval_20260421T021146Z_207","Write a proposal for a new university course on ""The History of the World, as Told by Dogs."" Make sure the word predatory appears at least twice in the proposal.","keywords:frequency","keywords",1,1.3178143062816,0,0,0
"ifeval","ifeval_20260421T021146Z_208","""I'm sorry to inform you that I can't make it to the meeting today. I apologize for any inconvenience this may cause."" Please expand it into at least 5 sentences. Do not use the words reschedule or free.","keywords:forbidden_words|length_constraints:number_sentences","keywords|length_constraints",2,0.431518647533893,0.00517944628129349,0.0405048671245715,0
"ifeval","ifeval_20260421T021146Z_209","What are the main differences between the Adventist and Baptist denominations? Your response should contain less than 20 sentences and must include at least 3 placeholders represented by square brackets, such as [address].","length_constraints:number_sentences|detectable_content:number_placeholders","length_constraints|detectable_content",2,0.630373653849253,0.022484665237672,0.147889396356531,0.0109360478403236
"ifeval","ifeval_20260421T021146Z_21","Given the sentence ""It is unclear how much of this money is actually being spent on children"", is the sentiment positive or negative? The very last sentence of your response should be ""Is there anything else I can help with?"".","startend:end_checker","startend",1,1.26004590726251,0,1.02168658018561,0
"ifeval","ifeval_20260421T021146Z_210","Write a product description for a new line of dog toys, called ""the squeaker"". It's made of latex, and is designed for dogs of all ages and species. It's also available in a variety of colors and shapes. The response must contain at least 3 placeholders represented by square brackets, such as [address], [name], and [phone number].","detectable_content:number_placeholders","detectable_content",1,0.752903341653232,0,0.219207334622671,0
"ifeval","ifeval_20260421T021146Z_211","Why didn't the 2022 winter olympics have the best ratings? Make sure to include the letter y at least 5 times, and include the keywords talented and tianjin.","keywords:letter_frequency|keywords:existence","keywords|keywords",2,1.2428252364235,0.130671284440856,0.106182013686624,0
"ifeval","ifeval_20260421T021146Z_212","Plan a 12-day trip to Italy for professionals in finance, including Rome, Florence, and Venice. Make it in a format of a list with at least one placeholder, such as [address]. The response must be in English and all lowercase letters.","detectable_content:number_placeholders|change_case:english_lowercase","detectable_content|change_case",2,0,2.11864986811201,0,0
"ifeval","ifeval_20260421T021146Z_213","Explain the difference between a city and a village in a rap style to a kid. The words with all capital letters should appear at least 10 times. Put the response into at least 5 sections, separated using 3 asterisks ***.","change_case:capital_word_frequency|length_constraints:number_paragraphs","change_case|length_constraints",2,1.00197912070597,0,0,-0.0975854242093236
"ifeval","ifeval_20260421T021146Z_214","Do you think Kareena Kapoor is a good actor? Wrap your response with double quotation marks.","startend:quotation","startend",1,1.31374497204094,0,1.21353508214837,0
"ifeval","ifeval_20260421T021146Z_215","When giving a class/lecture to students, rewrite ""You should use a different font."" in a passive aggressive tone.

First repeat the first line word for word without change, then give your answer. Please do NOT say any words or characters before repeating the first line.","combination:repeat_prompt","combination",1,0.847660666175303,0,0,0.364439534117463
"ifeval","ifeval_20260421T021146Z_216","Write a list of instructions for a dog trainer to teach a dog to sit, stay, and fetch. Your list should contain exactly 3 bullet points in the markdown format such as:
* Bullet point 1
* Bullet point 2","detectable_format:number_bullet_lists","detectable_format",1,0.966007994582625,0.122664909270576,0.37705845540831,0.265840873826508
"ifeval","ifeval_20260421T021146Z_217","Here is the summary of a research paper on the effect of VHF radio waves on a certain type of bacteria: ""Our results show that VHF radio waves have no effect on the growth of bacteria."" Can you help me rewrite this summary in a more formal way, using APA format? Do not use words ""ours"" or ""have"".","keywords:forbidden_words","keywords",1,0.0191101281019115,0.318997310923696,0.489383820053518,-0.130223327577034
"ifeval","ifeval_20260421T021146Z_218","Write an academic proposal to a customer who's interested in implementing a new feature for their product. Put double quotes around your entire response.","startend:quotation","startend",1,1.25038682239117,0.0400705603672966,0.701660109341656,0
"ifeval","ifeval_20260421T021146Z_219","I am a clutches sales specialist with 10 years of experience working in the automotive industry. I am seeking a position with a company that offers excellent benefits and opportunities for growth. Can you please write a two paragraph story about me? Make sure that the first paragraph starts with the word ""realising"" and that each paragraph is separated by two new lines.","length_constraints:nth_paragraph_first_word","length_constraints",1,1.17089421345459,0.149464903501937,0.244843334364882,-0.144904824002715
"ifeval","ifeval_20260421T021146Z_22","Write a short startup pitch for a new kind of ice cream called ""Sunnis ice cream"". The ice cream should be gentle on the stomach. Contain 6 or more exclamation marks ""!"" in your response.
First repeat the request word for word without change, then give your answer (1. do not say any words or characters before repeating the request; 2. the request you need to repeat does not include this sentence)","keywords:letter_frequency|combination:repeat_prompt","keywords|combination",2,0.999422292477308,0.0250050132093809,0,0.14753886119443
"ifeval","ifeval_20260421T021146Z_220","Write a detailed proposal in list format for the university's ethics board for a research project that investigates the effect of eye colour on the likelihood of being a successful salesperson. Remember that the customer is always right. Your entire response should be in English, and in all lowercase letters. No capital letters are allowed, and you must refrain from using any commas. At the end of your response, please explicitly add a postscript starting with P.P.S","change_case:english_lowercase|punctuation:no_comma|detectable_content:postscript","change_case|punctuation|detectable_content",3,0,1.45387281232924,-0.213029676987256,0.123205308829678
"ifeval","ifeval_20260421T021146Z_221","what is the difference between a levee and an embankment? Please respond to me only in Korean.","language:response_language","language",1,-0.268321365272752,2.15017260348691,0.413966239465462,0
"ifeval","ifeval_20260421T021146Z_222","A sales pitch for moms is needed for a new kind of diaper that is designed to be more comfortable for babies. The sales pitch should be 500 words long, funny, engaging, and focus on the benefits of the new diaper without mentioning the price. It must also contain a title, wrapped in double angular brackets, i.e. <<title>>.","detectable_format:title","detectable_format",1,0.81579287485953,0.226046656899447,0.275403315045107,0
"ifeval","ifeval_20260421T021146Z_223","Make this text weird: ""The new version of the app will be available in the App Store soon. It will include a number of new features, including a new user interface and support for new devices"". Don't use any commas. Highlight at least 2 sections in your answer with markdown, i.e. *highlighted section*.","punctuation:no_comma|detectable_format:number_highlighted_sections","punctuation|detectable_format",2,1.09289935214708,0,0.616069070276817,0.247485323453539
"ifeval","ifeval_20260421T021146Z_224","Rewrite the sentence: ""I flung my hatred into the burning fire."" Put your entire response in double quotation marks.","startend:quotation","startend",1,0.952752465762665,0.027964535656769,1.0953344630345,0
"ifeval","ifeval_20260421T021146Z_225","Who built the first artificial ice rink? Please include the keys (1) Name (2) Location and (3) Year. Use less than 150 words.","length_constraints:number_words","length_constraints",1,0.328930957213367,0,0.655134617205914,-0.185870922488159
"ifeval","ifeval_20260421T021146Z_226","I AM EASY TO GET INTO BUT HARD TO GET OUT OF. I AM INVITING AND EXCITING BUT MANY PEOPLE ARE AFRAID OF ME. I AM WHERE YOU NEED TO BE BUT YOU MAY NOT WANT TO STAY THERE. I MAY BE A MYSTERY BUT I AM SURE YOU CAN GUESS ME. WHAT AM I? Please do not use any commas in your response.","punctuation:no_comma","punctuation",1,0.475438785528011,0.362336871311305,0,0.135970112999189
"ifeval","ifeval_20260421T021146Z_227","I want to travel to the Subic Bay Freeport Zone, which subdistrict should I stay in? Give me an angry recommendation. Answer with at least 400 words. In your response, the word climatic should appear at least 2 times. The response must contain at least 3 placeholders represented by square brackets, such as [address].","length_constraints:number_words|keywords:frequency|detectable_content:number_placeholders","length_constraints|keywords|detectable_content",3,1.66708611698711,-0.0931998464479513,-0.599257617940884,0.0469481334619722
"ifeval","ifeval_20260421T021146Z_228","Write an essay about Alvin and the Chipmunks in English and in all capital letters.","change_case:english_capital","change_case",1,0,1.3545391289751,0.0029732478597903,0.238296480058906
"ifeval","ifeval_20260421T021146Z_229","Write exactly 4 paragraphs about tips for installing a car seat for moms. Use 2 new lines to separate paragraphs. Start the 4th paragraph with the word ""elm"".","length_constraints:nth_paragraph_first_word","length_constraints",1,1.27346109685329,0.291442327368468,0.319539596966978,0.0419723806719067
"ifeval","ifeval_20260421T021146Z_23","Write a logic quiz for teenagers about a chesterfield. In your entire response, the letter t should appear at most once.","keywords:letter_frequency","keywords",1,0.27750706469173,0,0,1.32083806889146
"ifeval","ifeval_20260421T021146Z_230","Write a template for a workshop on the importance of diversity in the workplace and highlight at least 3 sections with markdown, i.e. *highlighted section*.","detectable_format:number_highlighted_sections","detectable_format",1,0.895085722755084,0,0.163990789427574,0
"ifeval","ifeval_20260421T021146Z_231","Write a freestyle rap about the president of the united states. The letter q should show up at least 4 times.","keywords:letter_frequency","keywords",1,0.849597343567837,0.0415058128891932,0,0
"ifeval","ifeval_20260421T021146Z_232","Write a template with less than 7 sentences for how to calculate the offset of an element in an array.","length_constraints:number_sentences","length_constraints",1,-0.128633258405424,0,0.337917304471273,0.319425934114188
"ifeval","ifeval_20260421T021146Z_233","What is multivariate analysis? Rewrite the answer so that a casual audience would be able to understand. Please end your response with ""Is there anything else I can help with?"" and no other words should follow this statement.","startend:end_checker","startend",1,1.21682881836226,0,1.16910711414628,0
"ifeval","ifeval_20260421T021146Z_234","I have a golden retriever and a poodle. Is the poodle bigger than the golden retriever? Choose from the following: ('My answer is yes.', 'My answer is no.', 'My answer is maybe.') -- please include the exact phrase in your response.","detectable_format:constrained_response","detectable_format",1,0.943565332616077,0,0,0
"ifeval","ifeval_20260421T021146Z_235","11 results have an average of 51. The first five have an average of 49, and the last nine have an average of 52. What was the sixth result? Use weird language when explaining using mathematical notation. And add a postscript starting with P.P.S at the end.","detectable_content:postscript","detectable_content",1,0.185594158512166,0,0.156452678200617,-0.158074548197496
"ifeval","ifeval_20260421T021146Z_236","Create a 500-word startup pitch for a new startup that will help people to find the best places to live. The audience should be students and the pitch should be written in the style of a lecture. Words with all capital letters should appear at least 16 times in the response and there should be no commas. The word batted should appear less than 2 times.","change_case:capital_word_frequency|punctuation:no_comma|keywords:frequency","change_case|punctuation|keywords",3,1.27656525165746,0,0,0.438057893364034
"ifeval","ifeval_20260421T021146Z_237","Can you tell me about the Hamptons? Your answer must be at least 300 words, must contain at least 3 placeholders represented by square brackets, such as [address] and exactly 2 bullet points using the markdown bullet points such as:
* Bullet point 1
* Bullet point 2","length_constraints:number_words|detectable_content:number_placeholders|detectable_format:number_bullet_lists","length_constraints|detectable_content|detectable_format",3,1.69698172022387,0,-0.105546235025036,0.462606803626659
"ifeval","ifeval_20260421T021146Z_238","Breach Posterior is a startup that has a cure for cancer. Write a casual pitch deck for it that's targeted towards moms. Make sure to use the word ""clearly"" at least 2 times.","keywords:frequency","keywords",1,0.701542608794795,0.106574291895763,0,-0.00659592047986281
"ifeval","ifeval_20260421T021146Z_239","Write a lame joke about engagements in entirely Swahili, no other language is allowed.","language:response_language","language",1,-0.360182440096653,1.65207645136113,0,0
"ifeval","ifeval_20260421T021146Z_24","Write a 4 section resume for professional clown Phil Larkin. Each section should be explicitly noted as Section X.","detectable_format:multiple_sections","detectable_format",1,0.96977567118651,0.126369909907266,0,0.094885396282296
"ifeval","ifeval_20260421T021146Z_240","Write a casual blog post about how the outer solar system is different from the inner solar system, and what that means for the possibility of life. Wrap your entire response with double quotation marks. Your response should contain 17 or more sentences.","startend:quotation|length_constraints:number_sentences","startend|length_constraints",2,1.13265322404976,0,0.915659475055169,0
"ifeval","ifeval_20260421T021146Z_241","Write an essay as if you are the president of the United States targeting moms as your audience. The subject is how the float from the movie ""It"" symbolizes the spirit of the nineteen-fifties. The response must contain at least 1 placeholders represented by square brackets, such as [address].","detectable_content:number_placeholders","detectable_content",1,0.533297780024886,0,0.28415584775974,-0.0856770858809578
"ifeval","ifeval_20260421T021146Z_242","First repeat the request below word for word without change, then give your answer.
Do not say any words or characters before repeating the request.

Write a good name for a black dog. Your answer must contain a title, wrapped in double angular brackets.","combination:repeat_prompt|detectable_format:title","combination|detectable_format",2,1.78903672599763,-0.048173055955245,0,0.109403149671179
"ifeval","ifeval_20260421T021146Z_243","Tell a joke that has the words thursday and amalgamation in it, but use Swahili language only, no other language is allowed.","language:response_language","language",1,-0.363327066975571,1.61736346130533,0.162614118189335,0
"ifeval","ifeval_20260421T021146Z_244","Why are there 396 calories in a serving of 32 grams of unsalted almonds? Do not use commas in your response.","punctuation:no_comma","punctuation",1,0.649982916363817,-0.0589528476111778,-0.00296429553063381,0.411936858153531
"ifeval","ifeval_20260421T021146Z_245","Name exactly 3 names for a black and white dog using markdown bullet points such as:
* Bullet point 1","detectable_format:number_bullet_lists","detectable_format",1,0.892147861927443,0.478964377699591,0.400980592032445,-0.0591237373852913
"ifeval","ifeval_20260421T021146Z_246","Write a funny advertisement for a hair salon that is offering a 25% discount on all services that has at least 200 words.","length_constraints:number_words","length_constraints",1,1.0993466997244,0,-0.694094943885592,0
"ifeval","ifeval_20260421T021146Z_247","Write a riddle about a mom laying out on a beach in Humboldt without using any commas.","punctuation:no_comma","punctuation",1,0.839828559427264,0.342921854358796,0,0.499805881920878
"ifeval","ifeval_20260421T021146Z_248","Write a startup pitch for a time capsule service. The words startup and capsule cannot be in the response.","keywords:forbidden_words","keywords",1,0.760112000261749,0,0,0.139990976455591
"ifeval","ifeval_20260421T021146Z_249","Write an advertisement for a new product or service that is related to the words ""safeguard"" and ""flees"". In your entire response mark sure you do not use any commas.
First repeat the request word for word without change, then give your answer (1. do not say any words or characters before repeating the request; 2. the request you need to repeat does not include this sentence)","combination:repeat_prompt|punctuation:no_comma","combination|punctuation",2,1.26166478573938,-0.235558777595337,0,0.366009409373147
"ifeval","ifeval_20260421T021146Z_25","Write the lyrics to a hit song by the rock band 'The Gifted and The Not Gifted'. To make it rocky, the response should be in all capital letters. The word ""rock"" should not appear in your response.","change_case:english_capital|keywords:forbidden_words","change_case|keywords",2,0.885900653831875,0.182596947675432,0.348893121354368,0.265248169781952
"ifeval","ifeval_20260421T021146Z_250","Is praying for someone's health a good idea? Your answer must be in all capital letters and in English.","change_case:english_capital","change_case",1,0,1.87591125741236,0.307454161773944,0
"ifeval","ifeval_20260421T021146Z_251","Create a rubric to evaluate the performance of a new employee named Clarissa. In your response, make sure the letter i appears less than 6 times.","keywords:letter_frequency","keywords",1,0.321701312845468,0.359252063121887,0.0681349907512127,1.11586214450299
"ifeval","ifeval_20260421T021146Z_252","Wherefore doth people consider the 2nd Amendment to be outdated? Answer in a Shakespearean style.

Before you answer it, just repeat the request above. You need to repeat it exactly as it is. Do not change any word.","combination:repeat_prompt","combination",1,1.05062822952637,-0.103654877681453,0.0850918681699123,0.240481897675575
"ifeval","ifeval_20260421T021146Z_253","Write a travel itinerary for a trip to Paris that is suitable for teenagers with short attention spans. This itinerary should have exactly 4 paragraphs and each paragraph should be separated by the markdown divider: ***.","length_constraints:number_paragraphs","length_constraints",1,1.56351111526639,0,0.229235643660891,0.0514612634516625
"ifeval","ifeval_20260421T021146Z_254","Before you answer it, just repeat the request below. You need to repeat it exactly as it is. Do not change any word.

Write a song about a corgi named Chester who loves to play fetch.","combination:repeat_prompt","combination",1,1.51536589611189,0,0.416119499364826,0
"ifeval","ifeval_20260421T021146Z_255","what do you call an excluded scientist who is asked to stay home? Please finish your answer with a postscript starting with P.P.S","detectable_content:postscript","detectable_content",1,0.368778768080965,0.101980923633232,0.186766638876849,-0.0647997417145855
"ifeval","ifeval_20260421T021146Z_256","Write a product description for a new product called the ""AirPods Max"". Make sure to use markdown to highlight at least two sections, i.e. *highlighted section*. Your entire response should be in English and in all lowercase letters.","detectable_format:number_highlighted_sections|change_case:english_lowercase","detectable_format|change_case",2,0,2.11351954095118,-0.00674289657762606,0.0583692626213736
"ifeval","ifeval_20260421T021146Z_257","Write a project proposal for how to use machine learning and AI to improve the quality of education in developing countries. In your response, do not use any commas.","punctuation:no_comma","punctuation",1,1.15303650425004,0.0116277638340677,0.0119496776188733,0.843356608183132
"ifeval","ifeval_20260421T021146Z_258","Please write a summary of the following advertiser page: ""We insist on having the most talented team of web developers, content writers, graphic designers and online marketers in the industry. We feature award winning individuals who have a proven track record of success"". Use markdowns and target moms. Your answer must contain exactly 4 bullet points in markdown format and cannot contain commas.","detectable_format:number_bullet_lists|punctuation:no_comma","detectable_format|punctuation",2,1.09349025569187,0.0944702708331466,0.165724927071472,0.220178471695282
"ifeval","ifeval_20260421T021146Z_259","Write a cover letter to a local political party, asking to be their rally organizer. Make sure to highlight at least 3 sections in your answer in markdown format.","detectable_format:number_highlighted_sections","detectable_format",1,0.706895730052888,-0.169361203091458,0,-0.386883360957171
"ifeval","ifeval_20260421T021146Z_26","Explain in French why it is important to eat healthy foods to heal the body, without using the word ""nourriture"". Make sure your entire response is wrapped in JSON format.","detectable_format:json_format|keywords:forbidden_words","detectable_format|keywords",2,1.39016613848806,0,1.11971485925724,0
"ifeval","ifeval_20260421T021146Z_260","Is the sentence ""Mrs. Smith is the teacher of this class."" grammatically correct? Give me exactly two different responses. Responses and only responses should be separated by 6 asterisk symbols: ******.","combination:two_responses","combination",1,1.3113472876192,0.00621221393604533,-0.0320693616103696,0
"ifeval","ifeval_20260421T021146Z_261","Can you expand the following sentences: ""I have never seen a localized version of the software. I have seen an international version.""

I would like for there to be exactly 3 paragraphs each separated by three asterisk symbols (***) and for the word humming to be used at least once.","length_constraints:number_paragraphs|keywords:frequency","length_constraints|keywords",2,1.00739972667065,0,0,0.0137940302272412
"ifeval","ifeval_20260421T021146Z_262","What's the best way to get to the train station? Answer using a casual tone and markdown. Your response should be at least 300 words and in all lowercase letters.","length_constraints:number_words|change_case:english_lowercase","length_constraints|change_case",2,0.0757461400697853,1.84433157628807,-0.0199691411046227,0.127478385439501
"ifeval","ifeval_20260421T021146Z_263","Create an itinerary for a 3-day trip to Moscow that uses the word founding less than twice. Don't add anything before and after the JSON code. Your entire output should just contain a JSON code block.","keywords:frequency","keywords",1,0.187429759110658,0.0403069884139205,0.466832757033206,0.0271276960175127
"ifeval","ifeval_20260421T021146Z_264","Write a facebook post about a flea market in JSON format. Do not include keywords 'flea' and 'JSON' in the response.","detectable_format:json_format|keywords:forbidden_words","detectable_format|keywords",2,0.598354648271524,0.132268171538322,0.331820478615338,0.306418859836294
"ifeval","ifeval_20260421T021146Z_265","Write me a poem about a long lasting war. Add a postscript at the end starting with P.P.S","detectable_content:postscript","detectable_content",1,0.494655707041247,0.17383062307408,0.540377574520811,-0.162579285283052
"ifeval","ifeval_20260421T021146Z_266","Give me a poem about California. The very end of your entire response should read exactly like: your love, and thanks.","startend:end_checker","startend",1,0.769130385657848,0.0818814013448644,0.84906358094761,0.127890776029653
"ifeval","ifeval_20260421T021146Z_267","The Legend of the Sword and the Fairy is a movie in which Wan Wan is a villain. Write a story about Wan Wan's character in list format. Your entire response should be in English and in all capital letters.","change_case:english_capital","change_case",1,0,2.10861003677794,0.332041995167367,0
"ifeval","ifeval_20260421T021146Z_268","What is a lattice? Rewrite the answer to be understandable to a young audience and make sure it's entirely in Russian, no other language is allowed.","language:response_language","language",1,0,1.82345151049391,0,-0.0673032863746357
"ifeval","ifeval_20260421T021146Z_269","Radcliffe was the only one who could get past the guards. What could be said about him? Please wrap your entire response in JSON format. Markdown ticks (```) are acceptable.","detectable_format:json_format","detectable_format",1,0.759306524920341,0,1.26251222159156,0
"ifeval","ifeval_20260421T021146Z_27","Write a funny haiku about moms, containing keywords ""mom"" and ""mother"" in your response.
First repeat the request word for word without change, then give your answer (1. do not say any words or characters before repeating the request; 2. the request you need to repeat does not include this sentence)","combination:repeat_prompt|keywords:existence","combination|keywords",2,1.50050415410742,0,0.192529638576537,0.201578658946159
"ifeval","ifeval_20260421T021146Z_270","Write a one week itinerary for a trip to the United States with a focus on overcoming the challenges faced by the country. Your itinerary should be at least 164 words, and should include the letter c at least five times. Your entire response should be in English, and in all capital letters.","length_constraints:number_words|keywords:letter_frequency|change_case:english_capital","length_constraints|keywords|change_case",3,0,1.80417014033121,0.151317445450445,0
"ifeval","ifeval_20260421T021146Z_271","Answer the following math problem in a different language, use bullet points, and give alternative answers. Refrain from using commas in your response. Natalia was buying books for her children. She bought 2 books for $24 each, and 3 books for $36 each. How much did she pay in total?","punctuation:no_comma","punctuation",1,0.720734222626516,0,0.121890841676963,0
"ifeval","ifeval_20260421T021146Z_272","Write a joke about a startup that sells dog food in a song. Your entire response should be in English, and in all capital letters. Your answer must contain a title, wrapped in double angular brackets, i.e. <<title>>.","change_case:english_capital|detectable_format:title","change_case|detectable_format",2,0,1.64564113061344,0.124473652253192,0
"ifeval","ifeval_20260421T021146Z_273","My best friend drowned yesterday and I'm so sad. Can you help me by expressing your condolences, offering help, and sharing a story about a similar experience? Please don't include the keywords ""died"" or ""drowned"".","keywords:forbidden_words","keywords",1,0.354001819447547,0,0.0917674851032022,0
"ifeval","ifeval_20260421T021146Z_274","Give two different responses to the question ""Is it ethical to hunt and eat invasive species?"", separated by 6 asterisk symbols ****** and without using any commas.","combination:two_responses|punctuation:no_comma","combination|punctuation",2,2.00835267795262,0,0,0.157998388796076
"ifeval","ifeval_20260421T021146Z_275","Rewrite the following sentence to exactly 3 paragraphs, separated by two new lines and without using any commas: ""Offences are not the only things that are grasped by the police."". Paragraph 1 must start with word punched. The response must contain at least 2 placeholders represented by square brackets, such as [address].","punctuation:no_comma|length_constraints:nth_paragraph_first_word|detectable_content:number_placeholders","punctuation|length_constraints|detectable_content",3,1.5758979358687,-0.10699553760382,0,0.567044714086616
"ifeval","ifeval_20260421T021146Z_276","Write a speech-like paragraph on the US elections. Make sure to wrap your entire response with double quotation marks.","startend:quotation","startend",1,0.897957261262234,0,1.15337507848253,0
"ifeval","ifeval_20260421T021146Z_277","Write a rubric in the form of a poem that lists several items for how to evaluate a poem. The letter w should appear less than 2 times in your response.","keywords:letter_frequency","keywords",1,0.267916242306431,-0.121792987342067,0,1.52305826350518
"ifeval","ifeval_20260421T021146Z_278","Write an angry rap bash script that downloads all files from a given directory. Don't use any commas and make sure the letter q appears at least once.","punctuation:no_comma|keywords:letter_frequency","punctuation|keywords",2,0.801928832179176,0.100801158245453,0.204005611968364,1.00735859931139
"ifeval","ifeval_20260421T021146Z_279","Write a short summary for kids that explains why we want to honour Thayer for his contributions to the field of artificial intelligence. The summary must contain exactly 4 bullet points such as:
* Bullet point 1
* Bullet point 2","detectable_format:number_bullet_lists","detectable_format",1,1.05116196743133,0.127850313006684,0.308159171104329,-0.173738539303313
"ifeval","ifeval_20260421T021146Z_28","Rewrite the following statement to make it sound more formal, like a President of the United States:
""Hi guys. The work was done to add in a fix for the issue that was observed in the field with the SSO. We are working with our collaborators closely. We will get it done. Thanks ya all.""
Do not include the following keywords: field, thanks, issue, collaborator.","keywords:forbidden_words","keywords",1,0.744381763030839,0,0.401287047996558,0
"ifeval","ifeval_20260421T021146Z_280","What are some good ideas for startup companies? Write a Hindi poem about this. Use only Hindi in your response, no other language is allowed.","language:response_language","language",1,-0.33934469476723,2.0621409075216,0,0
"ifeval","ifeval_20260421T021146Z_281","A new time zone is UTC+00:05:28, which is 5 minutes and 28 seconds ahead of UTC. Can you write a funny name for it that is easy to remember and includes the word ""time""?
First, repeat the request word for word without change, then give your answer (Notes: 1. do NOT say any words or characters before repeating the request; 2. the request you need to repeat does not include this sentence)","combination:repeat_prompt","combination",1,1.25617600503184,0,0,0.340801542437515
"ifeval","ifeval_20260421T021146Z_282","Write a rap about an abyss in exactly 4 paragraphs. Separate paragraphs with the markdown divider: ***.","length_constraints:number_paragraphs","length_constraints",1,1.26390513929999,0,0,-0.0043810963197758
"ifeval","ifeval_20260421T021146Z_283","Can you write rap songs about the history of the prefecture system in Japan? Give exactly two different responses separated by 6 asterisk symbols ******.","combination:two_responses","combination",1,1.38583371951378,0,0.0421766177468753,0.365672840066264
"ifeval","ifeval_20260421T021146Z_284","Write a college academic paper about President of the United States being stressed. Make sure not to include negative words such as 'sad', 'crazy', 'stress', etc., in the response. Also, make sure to include at least 15 placeholders represented by square brackets, such as [address].","keywords:forbidden_words|detectable_content:number_placeholders","keywords|detectable_content",2,0.988786758399315,0,0.103600588853067,0.735178130260677
"ifeval","ifeval_20260421T021146Z_285","Write a TLDR for the recent conflict between ISIL and the US in conversational bullet points. End your response with this exact phrase: ""Let me know if you have additional questions."", and no other words should follow this phrase.","startend:end_checker","startend",1,1.30928748245913,0,1.10170216520471,0
"ifeval","ifeval_20260421T021146Z_286","Rewrite the following sentence in a style that is unusual: ""But when the people of the land came to know that the Philistines had fled, they departed from Saul and went after David.""
Let's repeat the request above word for word without change, then give your answer. Do not output any word before the request above is repeated.","combination:repeat_prompt","combination",1,1.08224162583949,0.0631929852071428,0,0.585211885248464
"ifeval","ifeval_20260421T021146Z_287","Please rewrite the following sentence in a serious tone, similar to the president of the united states, and without an upward bias or inflation alarmism. Please also include the keywords ""ink"" and ""memoirs"" in the sentence: ""The main points to consider are the following: First, the ECB’s own forecasts, which currently have a strong upward bias, must be revised downwards. Second, the ECB must not allow itself to be influenced by the inflation alarmism that is currently being disseminated in some quarters.""","keywords:existence","keywords",1,1.28776977438949,0,0,0.288631818274633
"ifeval","ifeval_20260421T021146Z_288","Give me a logical question about chatting and conquering. Make it interesting. Highlight at least one section of your answer with markdown, i.e. *highlighted section*. Put your entire response inside double quotation marks.","detectable_format:number_highlighted_sections|startend:quotation","detectable_format|startend",2,1.51538143306712,0,0.920352656362941,0.0468258148356235
"ifeval","ifeval_20260421T021146Z_289","Improve the following text, which is about how to learn a language. Also, provide two alternatives. The text is: ""The best way to learn about a new culture is by living in it. Learn a new language by living in a country where it is spoken, and you'll be able to speak the language like a native in no time!"". Finish your response with ""Is there anything else I can help with?"". No other words should follow this phrase.","startend:end_checker","startend",1,1.35762449913509,0,1.01130663900404,0
"ifeval","ifeval_20260421T021146Z_29","What are the advantages and disadvantages of having supernatural powers? Make it short. Wrap the entire output in JSON format. You can use markdown ticks such as ```.","detectable_format:json_format","detectable_format",1,1.01221596355266,0,1.00908876550045,0
"ifeval","ifeval_20260421T021146Z_290","can you write a resume for helene? Answer with lowercase letters. Make sure the letter n appears less than 7 times.","keywords:letter_frequency","keywords",1,0.119925465775956,0.0235319834350486,0.327222864388925,1.01579514789911
"ifeval","ifeval_20260421T021146Z_291","Gideon is a farmer who has a surplus of crops from his farm this year. What might he do with that surplus? Highlight at least one section of your answer in markdown, i.e *highlighted section*.","detectable_format:number_highlighted_sections","detectable_format",1,0.852823622453217,-0.121075044690846,0.0173402013956682,-0.32750061145684
"ifeval","ifeval_20260421T021146Z_292","Write a professional haiku in English for moms about an inspirational chorus teacher. It should include the phrase ""singing is life"" and be in all lowercase letters. No capital letters are allowed.","change_case:english_lowercase","change_case",1,0,2.07188599412683,0,-0.00528976896178401
"ifeval","ifeval_20260421T021146Z_293","Create a product description for a product that will help me to stop snoring. Use all lowercase letters.","change_case:english_lowercase","change_case",1,0,2.24724911795243,0,0
"ifeval","ifeval_20260421T021146Z_294","Write an email to your friend about what triggers you. Make sure to wrap the entire email in double quotation marks.","startend:quotation","startend",1,0.949816915708006,0,1.14954196541421,-0.22603650529356
"ifeval","ifeval_20260421T021146Z_295","Translate the following sentence into German and then criticize it: Werner was a good friend of mine, but not very smart.
Avoid the word ""schlau"" throughout your response.","keywords:forbidden_words","keywords",1,0.346300520818007,0,0,0.164839968206018
"ifeval","ifeval_20260421T021146Z_296","Which was the better team in the 1987-88 season: Tottenham Hotspur or Stockton? Your answer must be exactly 3 paragraphs where paragraphs and only paragraphs are separated by two new lines, as if they were '\n\n' in python. The third paragraph must start with the word bonding. Include keywords gao and hearts in the response. At the end of your response, please add a postscript starting with P.P.S","length_constraints:nth_paragraph_first_word|keywords:existence|detectable_content:postscript","length_constraints|keywords|detectable_content",3,0,0.122597333978443,0.187888347810068,0.67990811003887
"ifeval","ifeval_20260421T021146Z_297","Rewrite the following text so that it is funny to software engineers using notations from the book ""The C Programming Language"": ""The use of the various constructions described in this chapter is one of the most distinctive features of the C programming language."" Make this sound like it is being said by the president of the United States and capitalize every letter.","change_case:english_capital","change_case",1,0,1.28467242473223,0.0103181005304302,0
"ifeval","ifeval_20260421T021146Z_298","Write a blog post about how to train a dog that is geared towards kids. Include the keywords ""finale"" and ""less"" in the post.","keywords:existence","keywords",1,1.15926562042115,0.0855019398017732,0,0
"ifeval","ifeval_20260421T021146Z_299","Which of the following is a better way to describe supporting ecological landscapes: (A) the practice of using the natural features of a landscape to create a more sustainable environment, or (B) the practice of using the natural features of a landscape to create a more aesthetically pleasing environment? Your response should be in English, all capital letters, contain no commas, and be fewer than 16 sentences.","change_case:english_capital|punctuation:no_comma|length_constraints:number_sentences","change_case|punctuation|length_constraints",3,0,1.80603916159789,0.149190115930384,0
"ifeval","ifeval_20260421T021146Z_3","Write an email to my boss telling him that I am quitting. The email must contain a title wrapped in double angular brackets, i.e. <<title>>.
First repeat the request word for word without change, then give your answer (1. do not say any words or characters before repeating the request; 2. the request you need to repeat does not include this sentence)","combination:repeat_prompt|detectable_format:title","combination|detectable_format",2,1.56658459383454,0,0,0.817144113847572
"ifeval","ifeval_20260421T021146Z_30","Write a social media post for students of Islamic history about the hajj pilgrimage. Use all lowercase letters and include the word story at least twice.","change_case:english_lowercase|keywords:frequency","change_case|keywords",2,0.652782774943238,0.220773682537949,0.156069499760544,0
"ifeval","ifeval_20260421T021146Z_300","What do prehistoric megaliths in Europe look like? Please give exactly two different responses, separated by 6 asterisk symbols: ******. Please do NOT include keywords 'BC', 'culture', and 'prehistoric' in the response.","combination:two_responses|keywords:forbidden_words","combination|keywords",2,1.27160980149176,0.181128753144209,0,0.173813033016425
"ifeval","ifeval_20260421T021146Z_301","what is the average iq of a 16 year old boy? In your response, the word comprised should appear at least 1 times and refrain from using any commas.","keywords:frequency|punctuation:no_comma","keywords|punctuation",2,1.60666481069355,0,0.177042669984203,0.448972064661917
"ifeval","ifeval_20260421T021146Z_302","Write a summary of the plot of ""The Great Gatsby"" in the style of a tabloid newspaper.
Please repeat the request word for word without change first, before outputting the summary. Do not say anything before repeating the request.","combination:repeat_prompt","combination",1,1.85401965081984,0,0.0532894853455263,0
"ifeval","ifeval_20260421T021146Z_303","Write a paragraph that lists the average length of various animal specimens from smallest to largest. Your response should contain less than 17 sentences.","length_constraints:number_sentences","length_constraints",1,0.599289753217933,0.46791920177448,0.476102362908924,0
"ifeval","ifeval_20260421T021146Z_304","Is Grafton, Vermont a good place to live? Write exactly 3 paragraphs each separated with two new lines answering this question. The first paragraph must start with ""send"".","length_constraints:nth_paragraph_first_word","length_constraints",1,1.21310896162176,0.00473608579631248,0.403923758078751,0.0872274150671509
"ifeval","ifeval_20260421T021146Z_305","I want you to act like a DnD dungeon master. I will be the sole player. Create a random class character sheet for me. Wrap the entire output in JSON format using markdown ticks. Include keywords 'medalist' and 'theta' in the response.","detectable_format:json_format|keywords:existence","detectable_format|keywords",2,0.636530987456055,0.0791584338337001,0.443674689441606,0.308393810230792
"ifeval","ifeval_20260421T021146Z_306","The Broncos have been so bad in the NRL this year, they're getting dust on the trophy cabinet. Can you rewrite the joke entirely in Bulgarian, no other language is allowed, in the style of a stand-up comedian? Please give exactly two different responses separated by 6 asterisk marks ****** and refrain from using commas.","combination:two_responses|language:response_language|punctuation:no_comma","combination|language|punctuation",3,0.18347105633206,1.36804523698496,-0.0186852773721913,0.18708539813885
"ifeval","ifeval_20260421T021146Z_307","Write a very short resume for a refinery operator who has 5 years of experience working in the chemical industry. Include the keywords ""friends"" and ""hanson"" in the resume. Make your entire output contain less than 50 words.","keywords:existence|length_constraints:number_words","keywords|length_constraints",2,0.912741472677649,0,0.151052212517194,0
"ifeval","ifeval_20260421T021146Z_308","Write a limerick about a Zelda fan named Rodney. Make sure to include these items: Zelda, Hyrule, Link, Ganon. Use less than 100 words.","keywords:existence","keywords",1,0.418906186733267,0.0944089886876519,0.423148982537439,0
"ifeval","ifeval_20260421T021146Z_309","Can you create a list of mega trends in the tech industry? Wrap your entire response with double quotation marks. Also, make sure the letter o appears at least 25 times in your response.","startend:quotation|keywords:letter_frequency","startend|keywords",2,0.936563663241558,-0.121756021448838,0.88924116944181,-0.13884249608708
"ifeval","ifeval_20260421T021146Z_31","Write a rubric for how to evaluate the technical skills of a software engineer only using the Punjabi language, no other language is allowed.","language:response_language","language",1,0.100478918598281,0,0.317808230550029,0.0872570041348963
"ifeval","ifeval_20260421T021146Z_310","Write a poem about a lonely Hue. The poem should be written for teenagers. In your poem, italicize at least one section in markdown, i.e *this is an italic text*, and include the word ""singles"" at least twice.","detectable_format:number_highlighted_sections|keywords:frequency","detectable_format|keywords",2,0.570495162758083,-0.0249235616053218,0.197998355286604,0
"ifeval","ifeval_20260421T021146Z_311","Tulsa is a professional dog walker. Write a description for Tulsa's day-to-day work. Make sure that your entire response has less than 6 sentences.","length_constraints:number_sentences","length_constraints",1,0.202158358742047,0,0.636076299286191,0.0852315490873843
"ifeval","ifeval_20260421T021146Z_312","Melbourne has a newspaper called the Herald Sun. Can you suggest a name for a new newspaper for Melbourne teenagers? Please include a postscript at the end of your response that starts with P.S.","detectable_content:postscript","detectable_content",1,0.84871180589831,0.0273206131503097,0.17928472869134,-0.153902249114699
"ifeval","ifeval_20260421T021146Z_313","Write a funny note to McQueen, using <br> to separate lines. Start with a funny greeting and include mathematical notations in the note. At the end of your response, explicitly add a postscript starting with P.P.S","detectable_content:postscript","detectable_content",1,0.899928960495739,0,0,-0.011144974183564
"ifeval","ifeval_20260421T021146Z_314","Write a casual summary of the U.S. maternity leave policy with two sections (Section 1 and Section 2) and at least 25 sentences.","detectable_format:multiple_sections|length_constraints:number_sentences","detectable_format|length_constraints",2,0.772582579630437,0.0454158020266872,-0.163606773853658,0.0204430685257984
"ifeval","ifeval_20260421T021146Z_315","Given that the French Revolution began because the French King tried to tax the people of France, ask a question about this fact. Do not use words ""revolution"" and ""tax"" throughout your response. Put your entire answer in JSON format.","detectable_format:json_format|keywords:forbidden_words","detectable_format|keywords",2,1.28149321370848,0,0.949285691941115,0.0476175737232267
"ifeval","ifeval_20260421T021146Z_316","Please write the answer to this question in markdown as a song: To what constituency was David Cameron appealing when he announced his plans for a referendum on British membership of the European Union? Make sure your song contains the letter j at least once, and use exactly 3 bullet points in markdown format in the song.","keywords:letter_frequency|detectable_format:number_bullet_lists","keywords|detectable_format",2,0.391073973146973,0.107737987045323,0.260793044656658,0
"ifeval","ifeval_20260421T021146Z_317","Write a tweet for the president of the United States. The tweet should include the keywords ""engages"" and ""lightly"".","keywords:existence","keywords",1,0.446858360452036,0,0,0.555900688661347
"ifeval","ifeval_20260421T021146Z_318","Please elaborate on the following text: ""It's not a bug, it's a feature!"" Write exactly 2 bullet points in markdown format. Use ""*"" to indicate a bullet point. One example bullet:
* It's not a bug","detectable_format:number_bullet_lists","detectable_format",1,0.887233866631447,0.139228844700192,0.331942478002663,0
"ifeval","ifeval_20260421T021146Z_319","A young couple that just got married is going to Seattle for two days. They're flying from New York. Could you write them an itinerary? Use less than 10 sentences. Please make sure that all punctuations are legit.","length_constraints:number_sentences","length_constraints",1,0.312834891452133,0,0.27869797513254,0.304889460288745
"ifeval","ifeval_20260421T021146Z_32","Write a riddle for kids about auspices but make sure you don't use any commas.","punctuation:no_comma","punctuation",1,1.00119725780992,0.32130877082202,0.00565793422648202,0.819092648402428
"ifeval","ifeval_20260421T021146Z_320","Write a limerick about a guy named Dave that is funny to moms. The limerick should end with the phrase ""Yes Mom, I am Dave."" Do not say anything after the limerick.","startend:end_checker","startend",1,0.475228055346861,-0.0511688455352383,0.783162544513913,-0.0199163400019853
"ifeval","ifeval_20260421T021146Z_321","I've got a collection of military insignia that I'd like to get rid of, but I don't know how. Can you help me? Give exactly two different responses, separating them with 6 asterisk symbols (******). Your answer must contain a title, wrapped in double angular brackets, such as <<my title>>. Include the keywords ""adoption"" and ""carriage"" somewhere in your response.","combination:two_responses|detectable_format:title|keywords:existence","combination|detectable_format|keywords",3,1.19102500576575,0,0,0.244527537477543
"ifeval","ifeval_20260421T021146Z_322","Please give me some recommendations for good books about the history of the United States. Your response should be completely in Kannada, no other language is allowed.","language:response_language","language",1,1.05867654535277,0.417849051932168,0.30689979205813,0.0535199682555816
"ifeval","ifeval_20260421T021146Z_323","Write a cover letter for a job in Ventura that is funny and would be enjoyed by someone named Darius, wrap the entire response in double quotation marks.","startend:quotation","startend",1,0.877173587614673,0.0402978817700935,1.0641928411669,-0.0191324250373327
"ifeval","ifeval_20260421T021146Z_324","Write a haiku about foolish behavior in the form of a question, for an audience of young readers. It should include the topic of not studying. Give exactly two different responses, separated by 6 asterisk symbols (******), and include a title wrapped in double angular brackets, i.e. <<title>>. Do not use commas.","combination:two_responses|detectable_format:title|punctuation:no_comma","combination|detectable_format|punctuation",3,1.4546927177297,0.00804277887771954,0,0.236550600062311
"ifeval","ifeval_20260421T021146Z_325","We are a company that sells a product that makes it easy to find and book a hotel room. We are looking for a print ad that will be placed in a magazine that is aimed at people who travel a lot. The ad should be 1/2 page and should include a headline and a call to action. Please do not use any commas in your response.

Before saying anything or giving your answer, please repeat the exact entire request above.","combination:repeat_prompt|punctuation:no_comma","combination|punctuation",2,0.705361376409307,-0.0396490726546921,0.0341549163090974,-0.117816571082836
"ifeval","ifeval_20260421T021146Z_326","Write a cover letter for a job in a tech company. Make sure to use the word ""the"" once or less.","keywords:frequency","keywords",1,0.684874702578187,0,0.0749103015168309,0.913959782150247
"ifeval","ifeval_20260421T021146Z_327","Write a document entirely in the Portuguese language, no other language is allowed, about Adam and Eve. Additionally, make sure to wrap your entire response with double quotation marks.","language:response_language|startend:quotation","language|startend",2,0.357211983480386,1.03005223785613,0.459892708975014,0
"ifeval","ifeval_20260421T021146Z_328","Write a song about the benefits of eating your vegetables. Please make sure it is in English and that all of the letters are lowercase.","change_case:english_lowercase","change_case",1,0,2.20576976735968,0,0
"ifeval","ifeval_20260421T021146Z_329","Write a rant about how an asteroid killed the dinosaurs in all capital letters and in English. End the rant with the phrase ""What would happen to human next?"" and no other words should follow this phrase.","change_case:english_capital|startend:end_checker","change_case|startend",2,0,1.25202251696012,0.213221762552679,0
"ifeval","ifeval_20260421T021146Z_330","Write a limerick about the word ""limerick"". Make sure it is funny and includes the words ""limerick"" and ""funny"". Do not use any commas.
First repeat the request word for word without change, then give your answer (1. do not say any words or characters before repeating the request; 2. the request you need to repeat does not include this sentence)","combination:repeat_prompt|punctuation:no_comma","combination|punctuation",2,1.41427477327696,-0.155466653671203,0,0
"ifeval","ifeval_20260421T021146Z_331","Write a blog post about the benefits of using a digital marketing agency, make sure to write at least 20 sentences.","length_constraints:number_sentences","length_constraints",1,1.01033064996881,0,-0.344581692009906,0
"ifeval","ifeval_20260421T021146Z_332","Write a description for the Pixel 3A smartphone with at least 400 words. Wrap your entire response with double quotation marks.","length_constraints:number_words|startend:quotation","length_constraints|startend",2,1.47549026763125,0,0.856232626854688,0
"ifeval","ifeval_20260421T021146Z_333","The opposite of youth is not age, but ...? Highlight at least 2 sections in your answer with markdown, i.e. *highlighted section*.","detectable_format:number_highlighted_sections","detectable_format",1,0.880758254199763,-0.0173766424287763,0.0412099800124773,-0.159432364384253
"ifeval","ifeval_20260421T021146Z_334","Write a description of the following data in a weird style: The Golden Palace eatType restaurant; The Golden Palace food Indian; The Golden Palace area city centre. Use markdown to highlight at least 3 sections in your answer.","detectable_format:number_highlighted_sections","detectable_format",1,1.05205375704406,-0.0655624981217765,0,-0.723577453676503
"ifeval","ifeval_20260421T021146Z_335","Write a proposal for a research project on the impact of the liberian civil war on the country's economy. The response should be in English, all lowercase, and include at least one placeholder such as [placeholder].","change_case:english_lowercase|detectable_content:number_placeholders","change_case|detectable_content",2,0,1.99866826976952,0,0
"ifeval","ifeval_20260421T021146Z_336","Write a template that I can use to ask my manager about the budgets for the next quarter. The template should include the letter q at least 5 times.","keywords:letter_frequency","keywords",1,0.577068051943267,0,0,0
"ifeval","ifeval_20260421T021146Z_337","Make a list of ways to say the following sentence more professionally: ""Hey bautista, let me know if you need any help with the graphs."" Also, make sure the letter q appears less than 5 times in your response.","keywords:letter_frequency","keywords",1,0.422928209168729,0.320874664285121,0,0
"ifeval","ifeval_20260421T021146Z_338","Can you provide me with the timetable for the next train to London? Please respond in less than 6 sentences.","length_constraints:number_sentences","length_constraints",1,0.260719582359966,0.96482823003944,0.785100340172855,-0.0949397363208743
"ifeval","ifeval_20260421T021146Z_339","What is inside Shinto shrines? Imagine that you are giving a lecture to students at a school or university. Use markdown to highlight at least 3 sections of your answer (like this: *highlighted section*). Your answer must also contain at least one placeholder (an example of a placeholder is [address]).","detectable_format:number_highlighted_sections|detectable_content:number_placeholders","detectable_format|detectable_content",2,0,0,0,0.11789159739356
"ifeval","ifeval_20260421T021146Z_34","Explain why people are grossed out by worms but not by eating a dead cow. Give exactly two different responses separated by 6 asterisk symbols ******. Your answer must contain a title, wrapped in double angular brackets, i.e. <<title>>.","combination:two_responses|detectable_format:title","combination|detectable_format",2,1.49432819849276,0,0,0.492399414069788
"ifeval","ifeval_20260421T021146Z_341","write a haiku about ireland in the style of basho. include a title wrapped in double angular brackets, i.e. <<title>>. your entire response should be in lowercase english and contain the letter g at least 8 times.","change_case:english_lowercase|keywords:letter_frequency|detectable_format:title","change_case|keywords|detectable_format",3,0.00393069751794531,1.08834935749636,-0.294155492252838,0.41777233848559
"ifeval","ifeval_20260421T021146Z_342","Write a funny rap about a man who gets a call from an official saying that he is a long lost relative of the king of Nigeria. Use markdown to highlight at least one section of your answer, i.e. *highlighted section*.","detectable_format:number_highlighted_sections","detectable_format",1,0.486304468417243,0,0.21751603310887,0
"ifeval","ifeval_20260421T021146Z_343","Write a list of the top 10 facts about the UK without using commas.","punctuation:no_comma","punctuation",1,1.42810824457547,0,0.0262446686778454,0.879340163734242
"ifeval","ifeval_20260421T021146Z_344","Rewrite the following blog as a list of exactly 4 bullet points: ""The world is a beautiful place. The sun is shining, the birds are singing, and the flowers are blooming. It's a perfect day to go outside and enjoy all that nature has to offer."" The bullet points should be in markdown such as:
* Bullet point 1
* Bullet point 2","detectable_format:number_bullet_lists","detectable_format",1,1.06694186184252,0.0841660226710616,0.216622766274967,-0.16242048950736
"ifeval","ifeval_20260421T021146Z_345","Write a weird ad for a copyright infringement lawyer who represents witches. Use only lowercase letters. Your answer must contain a title, wrapped in double angular brackets, i.e. <<title>>.","detectable_format:title","detectable_format",1,0.745676975159204,0.181817287848865,0.215295109443975,-0.222912726888445
"ifeval","ifeval_20260421T021146Z_346","Write a joke about xml with a setup and a punchline. Wrap your entire response in double quotation marks.","startend:quotation","startend",1,1.12989573722976,0,1.10758094235898,0
"ifeval","ifeval_20260421T021146Z_347","Can you write a rap that doesn't include the keywords ""Yo"", ""check"", and ""peace""?","keywords:forbidden_words","keywords",1,0.0542149756715317,-0.0478047614820725,0.151863081216517,0.247472747083729
"ifeval","ifeval_20260421T021146Z_348","Write a startup pitch for ""Ward and Guerre"". Make it a weird poem that explains why the pitch is good. It should be in English and have no capital letters.","change_case:english_lowercase","change_case",1,0,2.17182970971912,0,0
"ifeval","ifeval_20260421T021146Z_349","Write a serious riddle about trips and stitches in a poem style that includes at least 15 words in all capital letters.","change_case:capital_word_frequency","change_case",1,1.1155909631888,0.174326889396654,0,0.112946790421208
"ifeval","ifeval_20260421T021146Z_35","Can you give me two different formal alternatives to ""What's up? I'm going to the beach today"" and do not use any commas in your response.","punctuation:no_comma","punctuation",1,1.28132836498115,0.0629043220635763,0.0851691491819282,0.368077639782763
"ifeval","ifeval_20260421T021146Z_350","How can you get to know someone on a deep level in a romantic relationship? The answer should involve the topic of vulnerability. Do not use any commas in your response.","punctuation:no_comma","punctuation",1,1.51130376910639,0,0,0.668011052881744
"ifeval","ifeval_20260421T021146Z_351","Write a parody of 'ars poetica'. Do not include the word 'parody' throughout your response.","keywords:forbidden_words","keywords",1,0,0,0.893363194673227,0
"ifeval","ifeval_20260421T021146Z_352","Why did the man travel from Saskatoon to Helsinki to buy a piano? Wrap your entire response in double quotes.","startend:quotation","startend",1,1.33133551888906,0,0.935939618449177,0
"ifeval","ifeval_20260421T021146Z_353","Imagine you're a 19 year old and you're making a video game. The game is about a boy who has to save the world from a villain. Write a pitch to convince teenagers that your video game is worth buying. Your answer must include exactly one bullet point in markdown format.","detectable_format:number_bullet_lists","detectable_format",1,0.693096555917842,0.103651942964517,0.311272013340601,0
"ifeval","ifeval_20260421T021146Z_354","For a bunch of students, write a 200+ word poem that professionally describes a new line of shoes. Make sure to use markdown to highlight/bold at least one section of the poem. Example: *highlighted text*","detectable_format:number_highlighted_sections|length_constraints:number_words","detectable_format|length_constraints",2,0.892287307576583,-0.231047212390197,-0.114010517020948,0
"ifeval","ifeval_20260421T021146Z_355","Write a limerick about a guy from Nantucket, use notations to express it, and use at least 2 words with all capital letters.","change_case:capital_word_frequency","change_case",1,0.900208901707862,0.110513814090176,-0.232548123585517,0.135535454221712
"ifeval","ifeval_20260421T021146Z_356","Write a poem about flooding in Donnell, TX. The poem should have a title in double angular brackets, i.e. <<title>>, and contains at least 3 words in all capital letters.","change_case:capital_word_frequency|detectable_format:title","change_case|detectable_format",2,1.29650734624364,0,0.0344413936695481,-0.111449669902716
"ifeval","ifeval_20260421T021146Z_357","Write a rubric for performance review of a software engineer and wrap the entire output in JSON format. You can use markdown ticks such as ```.","detectable_format:json_format","detectable_format",1,1.08600229671964,0.367509992987027,0.898263895052244,0
"ifeval","ifeval_20260421T021146Z_358","Kindly summarize the text below in XML format. Make sure the summary contains less than 4 sentences.

Quantum entanglement is the phenomenon that occurs when a group of particles are generated, interact, or share spatial proximity in such a way that the quantum state of each particle of the group cannot be described independently of the state of the others, including when the particles are separated by a large distance. The topic of quantum entanglement is at the heart of the disparity between classical and quantum physics: entanglement is a primary feature of quantum mechanics not present in classical mechanics.

Measurements of physical properties such as position, momentum, spin, and polarization performed on entangled particles can, in some cases, be found to be perfectly correlated. For example, if a pair of entangled particles is generated such that their total spin is known to be zero, and one particle is found to have clockwise spin on a first axis, then the spin of the other particle, measured on the same axis, is found to be anticlockwise. However, this behavior gives rise to seemingly paradoxical effects: any measurement of a particle's properties results in an apparent and irreversible wave function collapse of that particle and changes the original quantum state. With entangled particles, such measurements affect the entangled system as a whole.

Such phenomena were the subject of a 1935 paper by Albert Einstein, Boris Podolsky, and Nathan Rosen, and several papers by Erwin Schrödinger shortly thereafter, describing what came to be known as the EPR paradox. Einstein and others considered such behavior impossible, as it violated the local realism view of causality (Einstein referring to it as ""spooky action at a distance"") and argued that the accepted formulation of quantum mechanics must therefore be incomplete.

","length_constraints:number_sentences","length_constraints",1,0.265497630939394,0.142072609711567,0.229673197093261,0.083350340328242
"ifeval","ifeval_20260421T021146Z_359","The hull of a ship is severely damaged in a storm. The ship has craters and some of its outer shell has been peeled off. How can I repair the hull? Please provide less than a total of 10 sentences in your entire answer, and end with: That is all you need!","startend:end_checker|length_constraints:number_sentences","startend|length_constraints",2,0.950215297748475,0.126287378532221,0.672299261633507,0
"ifeval","ifeval_20260421T021146Z_36","What happened when the Tang dynasty of China was in power? Make sure to use the word war at least 8 times, and the word peace at least 10 times.","keywords:frequency|keywords:frequency","keywords|keywords",2,1.15903804259542,0.0642772618784404,-0.110084294917339,0.311529184131208
"ifeval","ifeval_20260421T021146Z_360","Write a rubric for teenagers on how to review a book. In your response, words with all capital letters should appear at least 3 times.","change_case:capital_word_frequency","change_case",1,1.06654373533986,0,0.0470505652473431,0
"ifeval","ifeval_20260421T021146Z_361","Write a poem about the history of reductions in the context of the church. Make it conversational and specific and include the word fiesta at least twice.","keywords:frequency","keywords",1,1.26027309041716,0,0,0
"ifeval","ifeval_20260421T021146Z_362","Is ballistics (the study of the motion of projectiles) an actual science?
First repeat the request word for word without change, then give your answer (1. do not say any words or characters before repeating the request; 2. the request you need to repeat does not include this sentence)","combination:repeat_prompt","combination",1,1.82494540986273,0.223382926865327,0,0
"ifeval","ifeval_20260421T021146Z_363","What's different between ""the set of all sets that are not members of themselves"" and ""the set of all sets""? Use mathematical notations in your answer. Be chatty while explaining. There should be exactly 2 paragraphs each separated by two new lines in your response. Paragraph 1 must start with the word booster.","length_constraints:nth_paragraph_first_word","length_constraints",1,1.35483734407609,0,0.24739903533912,0.319219669457968
"ifeval","ifeval_20260421T021146Z_364","Write a brief about limping in ASEAN countries. Your answer must contain a title, wrapped in double angular brackets, such as <<title of the brief>>. Make sure the letter m appears at least 5 times.","detectable_format:title|keywords:letter_frequency","detectable_format|keywords",2,1.35621245289618,0,0.00231615583521033,-0.188232819357514
"ifeval","ifeval_20260421T021146Z_365","We're attempting to contact Stephane to get a reversal from him, but he is not responding to us. Could you write this in a way that would seem more polite to moms? Please use the key ""polite"" to put your answer. Wrap your entire response with double quotation marks, and include two sections: ""SECTION 1"" and ""SECTION 2"".","startend:quotation|detectable_format:multiple_sections","startend|detectable_format",2,0.843979513885636,0.0120263344882464,0.603415003474511,0.128750455576438
"ifeval","ifeval_20260421T021146Z_366","Write a 500 word story in a poem style about a young girl who is obsessed with her Nintendo DS.

First repeat the request above, then give your answer. Just repeat word for word without change. Do not say any words or characters before repeating the request.","combination:repeat_prompt","combination",1,1.12469358865627,0.23777460166106,0.0818490662115047,0
"ifeval","ifeval_20260421T021146Z_367","Expand the riddle into a story with a funny tone:

What can you catch but not throw?
A cold

Use * to highlight at least 2 sections in your text. For example: *this is a highlighted text section*.","detectable_format:number_highlighted_sections","detectable_format",1,1.01314035945402,0,0.0696846068376283,0.12598883378108
"ifeval","ifeval_20260421T021146Z_368","What are the components that make a successful person? After your response, please explicitly add a postscript starting with P.P.S Your entire response should be in English and in all capital letters.","detectable_content:postscript|change_case:english_capital","detectable_content|change_case",2,0,1.75448966380569,0.294370199381787,-0.0259353765501951
"ifeval","ifeval_20260421T021146Z_369","Could you elaborate on the sentence ""A gymnast is in the air, performing a stunt.""? Please highlight at least 6 sections in your answer with markdown, i.e. *highlighted section*. Please write at least 300 words.","detectable_format:number_highlighted_sections|length_constraints:number_words","detectable_format|length_constraints",2,0.908992990621658,0,0.22788540277533,0.0641535917684945
"ifeval","ifeval_20260421T021146Z_37","What sentiments existed in the Croatian and Serbian nations towards the Austrian Empire at the end of the 19th century? Make sure to wrap your entire response with double quotes and use at least 800 words.","startend:quotation|length_constraints:number_words","startend|length_constraints",2,1.25322928678595,-0.130474562494402,0.244852021822685,0.333195204623844
"ifeval","ifeval_20260421T021146Z_370","Create a dialogue between two people who are both trying to avoid using the letter t. But somehow they ended up using a lot of t in their dialogue. Break the dialogue into two scenes, separated by 6 asterisk symbols: ******. The letter t must appear at least 30 times in the dialogue you write.","combination:two_responses|keywords:letter_frequency","combination|keywords",2,0.845073122884874,0.0835246943448388,0.0884979222504977,-0.0596476530432762
"ifeval","ifeval_20260421T021146Z_371","Write a rubric for rating how good a teenager's essay is. Give your final summary, following 6 asterisk symbols (******).","combination:two_responses","combination",1,0.973453286839435,0,0.114917582670278,0.106038894987778
"ifeval","ifeval_20260421T021146Z_372","Write a long and funny email to your friend about the ingredients of a good life that contains at least 20 sentences.","length_constraints:number_sentences","length_constraints",1,0.358759857193484,0,0,0
"ifeval","ifeval_20260421T021146Z_373","If a = 10, b = 30, and c = 20, what is the value of (a + b) / c? Give me the answer in exactly two paragraphs, separated with the markdown divider: ***","length_constraints:number_paragraphs","length_constraints",1,1.29929223218265,-0.106690980961309,0.0614689683891999,0
"ifeval","ifeval_20260421T021146Z_374","Write a joke about anarchists in Tulsa in 3 sections. Mark the beginning of each section with SECTION X.","detectable_format:multiple_sections","detectable_format",1,1.01226135950267,0,-0.00943127802940353,0.160386174143356
"ifeval","ifeval_20260421T021146Z_375","Write a text ad for an adult website that is not pornographic, and at the end of your response, add a postscript starting with P.S.","detectable_content:postscript","detectable_content",1,0.300643676990334,0,0.116205990490461,-0.0718717168722902
"ifeval","ifeval_20260421T021146Z_376","Write a funny poem for kids about a product that you would like to sell. The poem should have exactly 6 stanzas. Separated the stanzas using 3 asterisk markers: ***","length_constraints:number_paragraphs","length_constraints",1,1.2518086796393,0.0987322700428575,0,0
"ifeval","ifeval_20260421T021146Z_377","Darth Vader is angry with you, his server, because you assassinated a fake Jedi. Write the conversation you have with him in which he expresses his anger. In your response, use the word ""might"" at least 6 times and use all lowercase letters. Make sure to break the conversation down to 3 parts, separated by ***, such as:
[conversation part 1]
***
[conversation part 2]
***
[conversation part 3]","keywords:frequency|change_case:english_lowercase|length_constraints:number_paragraphs","keywords|change_case|length_constraints",3,0.0320550698183762,1.67443177776825,0,0.452739253792239
"ifeval","ifeval_20260421T021146Z_378","Write me a letter in the style of Shakespeare about the mandates and instructions of the King. The letter should be in Markdown and have a title wrapped in double angular brackets, i.e. <<title>>.","detectable_format:title","detectable_format",1,1.11847431590725,0,0.236483177554094,0.10535702605567
"ifeval","ifeval_20260421T021146Z_379","Rewrite the limerick in a strange way. In particular, the limerick is about nursery and storytelling. But do not mention nursery and storytelling in your entire response.","keywords:forbidden_words","keywords",1,0.113268770083184,0.00473193284096864,0.3661147583201,-0.119900244538401
"ifeval","ifeval_20260421T021146Z_38","Write an ad copy for a new product, a digital photo frame that connects to your social media accounts and displays your photos. Respond with at most 150 words.","length_constraints:number_words","length_constraints",1,0.662628940620438,0,0.432545099064679,0
"ifeval","ifeval_20260421T021146Z_380","Write an elaborate compliment to Kruger in all lowercase letters and no capital letters. The word hughes should appear less than 2 times. Your response should be at least 100 words.","keywords:frequency|change_case:english_lowercase|length_constraints:number_words","keywords|change_case|length_constraints",3,0.203361134077684,1.9835132317507,-0.178906552097601,0
"ifeval","ifeval_20260421T021146Z_381","Write a copy for an ad selling a sloop. It's a small sailboat with one mast that's easy to sail and understand. Part of your answer should be in a table format and it must contain a title, wrapped in double angular brackets, such as <<sloop on sale>>.","detectable_format:title","detectable_format",1,0.853353485978989,0.0683874071678877,0.236561501921544,-0.0833390847375584
"ifeval","ifeval_20260421T021146Z_382","Give 3 advice to teenagers who are struggling with their identity. Please use the exact format below:

advice 1 ....
***
advice 2 ....
***
advice 3 ....","length_constraints:number_paragraphs","length_constraints",1,1.42647217300766,0,0.0290124571720901,0
"ifeval","ifeval_20260421T021146Z_383","Why do you think Google engineers stay at Google more often than moving to Microsoft? Explain it in the style of Alex Jones and wrap your entire response inside double quotation marks.","startend:quotation","startend",1,1.02814884432535,0,1.07124186585365,0
"ifeval","ifeval_20260421T021146Z_384","You feel strongly about a local issue that involves the environment, pollution, and climate change. Write a template for a letter to the editor of a newspaper. Use the word para at least once.","keywords:frequency","keywords",1,1.17270261480766,0.0972486979770603,-0.0277971747713616,0
"ifeval","ifeval_20260421T021146Z_385","What are the common signs and symptoms of abdominal and pelvic dissemination of ovarian cancer? Please answer in lower case letters. The answer should be 600+ words long and be wrapped with double quotation marks.","startend:quotation|length_constraints:number_words|startend:quotation","startend|length_constraints|startend",3,1.47419872652169,-0.106750315398007,0.39066087114369,0.472971858681238
"ifeval","ifeval_20260421T021146Z_386","Please provide a short, funny list of ways to pass time at work. End with the exact phrase Is there anything else I can help with?","startend:end_checker","startend",1,1.24820587688857,0,1.05300354304954,0
"ifeval","ifeval_20260421T021146Z_387","Explain to me how to ride a bike like I am a kid. Also, do not include the keywords ""slow"", ""like"" and ""kid"".","keywords:forbidden_words","keywords",1,0.317936785392302,-0.0221961201170487,0.0499804785580052,0.588774193890076
"ifeval","ifeval_20260421T021146Z_388","Can you tell me why there are oval race tracks in the desert? Please rewrite the answer to make it more concise and include the word ""desert"" in the answer. Make sure the answer contains exactly 3 bullet points in markdown format.","detectable_format:number_bullet_lists","detectable_format",1,0.652989178800894,0.084630724221113,0.362024814814338,0
"ifeval","ifeval_20260421T021146Z_389","Write a JSON schema for a beta cruiser that includes at least one placeholder represented by square brackets. The response must be in English and all lowercase letters.","detectable_content:number_placeholders|change_case:english_lowercase","detectable_content|change_case",2,0,1.18960586412761,-0.0578363972896625,0
"ifeval","ifeval_20260421T021146Z_39","Which one is a better brand for sneakers: Prada or Nike? Your entire response should be in English, and in all capital letters. At the end of your response, please explicitly add a postscript starting with P.S. The word sneaker should appear 10 or more times in your response.","change_case:english_capital|detectable_content:postscript|keywords:frequency","change_case|detectable_content|keywords",3,1.02168805476801,0.275819030715914,0.203424581751583,0.510884532529707
"ifeval","ifeval_20260421T021146Z_390","Write a creative and persuasive startup pitch for a business that helps people with chronic illnesses find and manage in-home care. Your pitch should be less than 7 sentences and contain exactly 1 bullet point in markdown.","length_constraints:number_sentences|detectable_format:number_bullet_lists","length_constraints|detectable_format",2,0.684556058900217,0,0.24675257655659,-0.0474796775435072
"ifeval","ifeval_20260421T021146Z_391","Write a poem about the top 20 tallest buildings in the world and their heights. End your response with the exact question: Is there anything else I can help with?","startend:end_checker","startend",1,1.09777462308316,0,0.927022847104725,0
"ifeval","ifeval_20260421T021146Z_392","Please write a riddle about the inverse function with a title wrapped in double angular brackets, i.e. <<title>>.","detectable_format:title","detectable_format",1,0.971865585943211,0.138061931723788,0.236056112209062,-0.0111748310510642
"ifeval","ifeval_20260421T021146Z_393","Describe how to proof Cauchy–Schwarz inequality. Make sure your ENTIRE response is in only the Marathi language, no other languages allowed. Do not write long equations. Your response must be in the following exact format, and use *** as the section separator:

[Section 1: Description of Cauchy–Schwarz inequality, in Marathi language]
***
[Section 2: Describe how to proof Cauchy–Schwarz inequality, in Marathi language, without equations]
***
[Section 3: Brief summary, in Marathi language]","length_constraints:number_paragraphs|language:response_language","length_constraints|language",2,1.35685637141864,0,0,-0.011444302665048
"ifeval","ifeval_20260421T021146Z_394","Can you create an itinerary for a 5 day trip to switzerland that includes exactly 3 bullet points in markdown format, in all lowercase letters, and a postscript at the end starting with P.S.?","detectable_format:number_bullet_lists|change_case:english_lowercase|detectable_content:postscript","detectable_format|change_case|detectable_content",3,0,0.879315937579626,0,0
"ifeval","ifeval_20260421T021146Z_395","Write a rap about the renaissance. It should be noticeably different from raps about other historical eras, and have an interesting or weird tone. Highlight at least 3 sections in your answer in markdown format.","detectable_format:number_highlighted_sections","detectable_format",1,0.78444667019073,-0.0512429925201004,0,-0.374719637578361
"ifeval","ifeval_20260421T021146Z_396","How are you doing today? Could you write me exactly 4 paragraphs each separated by two new lines? Please start the first paragraph with the word ""firms"".","length_constraints:nth_paragraph_first_word","length_constraints",1,1.18441322726502,0,0.186089735829847,-0.172363912799001
"ifeval","ifeval_20260421T021146Z_397","Write a funny letter to 6th graders at your school in list format. The letter should be about something important to you and you should end your entire response with the phrase ""Is there anything else I can help with?""","startend:end_checker","startend",1,0.889245733697179,0.0464836625099089,0.724650921952893,0.418188782657538
"ifeval","ifeval_20260421T021146Z_398","Can you re-create a story from a fictional newspaper with title: ""A man mysteriously died in his house, and police are investigating""? Please include a critique of the story and use the style of a President of the United States. Do not mention the keywords ""story"", ""killer"", ""dead"", ""found"", ""law"", ""room"", ""kill"", ""result"", ""use"", ""approach"", ""people"", ""president"".","keywords:forbidden_words","keywords",1,0.502262892405717,-0.132143901984789,0,0.784791457691896
"ifeval","ifeval_20260421T021146Z_399","Write a weird and short haiku about the state of Gujarat in India. Don't use any commas in your entire response. End your response with the EXACT phrase of ""in India.""","punctuation:no_comma|startend:end_checker","punctuation|startend",2,0.519667871824985,0,0.378322127439848,0.560015524193507
"ifeval","ifeval_20260421T021146Z_4","Given the sentence ""Two young boys with toy guns and horns."" can you ask a question? Please ensure that your response is in English, and in all lowercase letters. No capital letters are allowed.","change_case:english_lowercase","change_case",1,1.32700088398406,0,0.273122849803294,0
"ifeval","ifeval_20260421T021146Z_40","Write a blog post about the history of the internet and how it has impacted our lives. Aim the blog post at teenagers and wrap your entire response with double quotation marks.","startend:quotation","startend",1,1.00307407956506,0.107703526141092,0.77961949138559,0
"ifeval","ifeval_20260421T021146Z_400","Write a story about a cat who lost its family. Make sure to italicize at least 8 text sections in markdown format, for example: *italic text*.
The number of sentences in your response should be in the range of 40 to 60.","detectable_format:number_highlighted_sections|length_constraints:number_sentences|length_constraints:number_sentences","detectable_format|length_constraints|length_constraints",3,0.77332327581293,0,0,0.366851898787496
"ifeval","ifeval_20260421T021146Z_401","Write a quiz about bits that includes the word elephant at least 3 times.","keywords:frequency","keywords",1,1.28423111457036,0,0,-0.19699600198728
"ifeval","ifeval_20260421T021146Z_402","Write a blog post about 'how to improve your writing skills' with exactly 3 bullet points in markdown format, and exactly 4 sections.

Bullet points are indicated by ""* "". For example:
* Bullet 1
* Bullet 2

Sections are separated by 3 asterisks: ***. For example:

Section 1
***
Section 2

You should use words with all capital letters for at least 2 times.","detectable_format:number_bullet_lists|length_constraints:number_paragraphs|change_case:capital_word_frequency","detectable_format|length_constraints|change_case",3,1.21452349148882,0.0335222173295029,-0.252645680356117,0.5982221025247
"ifeval","ifeval_20260421T021146Z_403","Write a short fiction about adulthood. Make sure the word cousins appears more than 2 times.","keywords:frequency","keywords",1,1.02313848671983,0,0.0168490713521742,0
"ifeval","ifeval_20260421T021146Z_404","Can you think of a good question to ask during the first time meeting a Gujarati? Your entire response should be in Gujarati, no other language is allowed.","language:response_language","language",1,0.695764201110034,0.262177365548313,0.589570875144562,0.10303655587298
"ifeval","ifeval_20260421T021146Z_405","You visited a beach and a park. Which one is more likely to have a dog in it? Write at least 900 words. Do not include the words 'bark' or 'run' in your answer. Finish your response with the phrase ""Does this make sense?""","length_constraints:number_words|keywords:forbidden_words|startend:end_checker","length_constraints|keywords|startend",3,0.976055666766737,0,0.0556910624770255,0.522273992731638
"ifeval","ifeval_20260421T021146Z_406","Write an article named ""How to conduct a job interview"". Include at least one placeholder, such as [question].","detectable_content:number_placeholders","detectable_content",1,1.59545178403862,0,0,0
"ifeval","ifeval_20260421T021146Z_407","Write an angry letter complaining about the food served today, using only Hindi, no other language is allowed.","language:response_language","language",1,-0.219803961117749,1.67309128951047,0.0806527060786452,0
"ifeval","ifeval_20260421T021146Z_408","Write a blog post about the echoing biotechnology field in 2023, then criticize the blog post. Your answer must contain a title, wrapped in double angular brackets, such as <<blog post of ...>>. Also, add a postscript starting with P.S.","detectable_format:title|detectable_content:postscript","detectable_format|detectable_content",2,1.16514880240003,0,0.179549240285262,-0.196577577612749
"ifeval","ifeval_20260421T021146Z_409","What's the difference between a 2-stroke and a 4-stroke motor? Your entire response must be in English and contain only lowercase letters.","change_case:english_lowercase","change_case",1,0,2.41236508065277,0,-0.0373487891452678
"ifeval","ifeval_20260421T021146Z_41","Write a poem about two people who meet in a coffee shop and end your entire response with the exact phrase ""Is there anything else I can help with?""","startend:end_checker","startend",1,0.986024513182911,0.0394313265450283,1.01334949994245,0.26889967072999
"ifeval","ifeval_20260421T021146Z_410","I have been trying to get a refund for a product I bought online, but the company is refusing to return my money. Can you help me write a letter to them? I want the letter to include the words trust, brand, customer, law, policy, and unusable.","keywords:existence","keywords",1,0.732413104632557,0,-0.0332493413085115,0
"ifeval","ifeval_20260421T021146Z_411","What are the steps to be followed for the documentation of a GM in SAP? Just list the steps without saying the word steps or step.","keywords:forbidden_words","keywords",1,0.289734700879394,0,0.191986502244608,-0.2145482724523
"ifeval","ifeval_20260421T021146Z_412","Write an article about how intra-team conflict affected sports teams. Write in a crazy coach screaming style. Use all capital letters to express the craziness. Basically, not a single word in your entire reply should contain lowercase letters.","change_case:english_capital","change_case",1,-0.121037187127337,1.29791826874552,0.433820969000501,-0.130524494144311
"ifeval","ifeval_20260421T021146Z_413","Pretend that you are a fortune teller who has just been arrested and is being interrogated by the police. Tell them that you can really read into the future.
1. Please use words with all capital letters to make important claims. But words with capital letters should appear less than 4 times.
2. The word 'future' should appear at most once.","change_case:capital_word_frequency|change_case:capital_word_frequency|keywords:frequency","change_case|change_case|keywords",3,0,0.0232434995024576,0.298093815590323,0.248416085954085
"ifeval","ifeval_20260421T021146Z_414","Could you give me 3 possible elaborations in only the Telugu language, no other language is allowed, for the text ""We are a team of creators""?
Please explain why you chose each of them. Make sure your explanations are also in the Telugu language. Basically your entire response should be in Telugu.","language:response_language","language",1,0.922882623820664,0.329723715207729,0.0524773177151945,0.00969246971314453
"ifeval","ifeval_20260421T021146Z_415","Write a haiku in Italian about a yacht, no other language is allowed. Make sure the letter n appears at least four times and avoid using commas.","keywords:letter_frequency|punctuation:no_comma|language:response_language","keywords|punctuation|language",3,0.0844806892995975,1.33548274192857,0,0.187638507861268
"ifeval","ifeval_20260421T021146Z_416","Write a cover letter for a job and end with exactly ""Call me at 631-481-4867""
No other words should follow that phrase.","startend:end_checker","startend",1,1.14309700951395,0.0516731837004582,0.49083029287241,0.711645733769241
"ifeval","ifeval_20260421T021146Z_417","Write a limerick about writing a limerick. Don't use any commas in your entire reply.","punctuation:no_comma","punctuation",1,1.50824474360564,0,0.0359188483762488,0.855948608925885
"ifeval","ifeval_20260421T021146Z_418","May name is Naomi. Write a blog post in my name for the canucks hockey team about why they need to be more mindful about their environments. End the blog post with ""Naomi thanks you for reading."" No other words should follow this phrase. This phrase should be the very end of your entire response.","startend:end_checker","startend",1,0.968730227124701,-0.104619149151136,0.600266690887259,0.156723815396988
"ifeval","ifeval_20260421T021146Z_419","Write an essay about the reasons why slavery was abolished in the United States as if you are the president of the United States. Do not use any commas in your response. Your response should be in English, and in all capital letters.","punctuation:no_comma|change_case:english_capital","punctuation|change_case",2,0,1.87017574617995,0.185440809191108,0
"ifeval","ifeval_20260421T021146Z_42","How many feet off the ground was the tallest skyscraper in the world in 2000? Please include only the main points in your answer. Finish your response with the exact phrase of ""Is there anything else I can help with?"" with no other words after the word ""with"". Mention the word ""skyscraper"" for at least 8 times.","startend:end_checker|keywords:frequency","startend|keywords",2,1.16057199688068,-0.00333566184625888,0.252287215438416,0.402256493429195
"ifeval","ifeval_20260421T021146Z_420","Compose a startup pitch on a new app called Tipperary that helps people to find the average tip size for each restaurant. Please make the response strongly structured. Wrap your entire output in JSON format.","detectable_format:json_format","detectable_format",1,0.903657910305416,0.200375541336824,0.835112792830373,0
"ifeval","ifeval_20260421T021146Z_421","Who is Joe Biden and Donald Trump's national security advisors? Responses should be separated by 6 asterisk symbols (******). In other words, your output should look like:
[Joe Biden's national security advisors is ....]
******
[Donald Trump's national security advisors is ....]","combination:two_responses","combination",1,1.45481323894392,0.330581237550274,0.0479143224498779,-0.248610174826781
"ifeval","ifeval_20260421T021146Z_422","Plan a 2 week Europe trip and visit London, Paris, and Rome. Answer in all caps. The response must contain at least 8 placeholders (i.e., [restaurant]).","detectable_content:number_placeholders","detectable_content",1,0.915167587764615,0,-0.11577330375067,0
"ifeval","ifeval_20260421T021146Z_423","List all facts about Lionel Messi in a structured output. In particular, Format your entire output in JSON.","detectable_format:json_format","detectable_format",1,0.673539131996236,0.134739441406187,0.741319685713618,0
"ifeval","ifeval_20260421T021146Z_424","Write an interesting riddle that uses math notation.

First repeat the request word for word without change, then give your answer. Do not say any word before repeating the request.","combination:repeat_prompt","combination",1,1.44597051785037,0,0.0372651077984348,0.294125771772864
"ifeval","ifeval_20260421T021146Z_425","Rewrite and expand the following in Arabic. You can hallucinate a lot of details.
""The company is looking to expand its operations into new markets. It will create hundreds of jobs this year.""

Outside of Arabic, no other language is allowed throughout your entire response.","language:response_language","language",1,-0.52276796794825,2.05291223979213,0.0789400487753317,0
"ifeval","ifeval_20260421T021146Z_426","Write a funny, 150+ word ad for an attorney who helps poor people with their divorces. Highlight at least 3 text sections by italicize them with markdown (i.e. *highlighted section*).","detectable_format:number_highlighted_sections|length_constraints:number_words","detectable_format|length_constraints",2,1.1647060718487,0,0,0
"ifeval","ifeval_20260421T021146Z_427","Write an article with title ""Layton is the best city in the world""

Your output must not contain any commas and must have at least 2 placeholders, wrapped in square brackets, such as [author].","punctuation:no_comma|detectable_content:number_placeholders","punctuation|detectable_content",2,1.4174687721908,0,0,0.746965758993129
"ifeval","ifeval_20260421T021146Z_428","Write a poem about a curious cat. The poem must have a title wrapped in double angular brackets, i.e. <<title>>, contain less than 13 sentences, and no commas. Don't forget to add other punctuations.","length_constraints:number_sentences|detectable_format:title|punctuation:no_comma","length_constraints|detectable_format|punctuation",3,1.04706074922438,0,0.154159980551849,0.529258633986307
"ifeval","ifeval_20260421T021146Z_429","Is ""jiang"" a Chinese name? What are other names similar to ""jiang""? Separate your two answers with ******","combination:two_responses","combination",1,1.74832500757697,-0.484509307244886,-0.0441903223142376,0.0124420551352901
"ifeval","ifeval_20260421T021146Z_43","Write an advertisement for a new line of comfortable armchairs designed to withstand the scrutiny of any interior designer. There should be exactly 3 paragraphs separated by the markdown divider: ***.","length_constraints:number_paragraphs","length_constraints",1,1.17151835138457,-0.191358000075895,0,-0.0718172882647876
"ifeval","ifeval_20260421T021146Z_430","Suggest two names for a new type of tonic. Include the keyword ""brand"" each time, followed by suggested name in double angular brackets, such as <<American Tonic>>.

First repeat the request above word for word without change, then give your answer.
Do not say any words or characters before repeating the request.","combination:repeat_prompt|detectable_format:title|keywords:frequency","combination|detectable_format|keywords",3,1.35823030558958,0,0.15011825088713,0.331550926725912
"ifeval","ifeval_20260421T021146Z_431","Does the sentence ""He hurried through the archaic rooms of the museum"" have any grammatical errors? Answer in all capital letters, and organize your entire response in 5 or 6 sentences.","change_case:english_capital|length_constraints:number_sentences|length_constraints:number_sentences","change_case|length_constraints|length_constraints",3,0,1.76247298007406,0.142737308351003,0.0976605325505842
"ifeval","ifeval_20260421T021146Z_432","What's the difference between the Apple and Albania? Answer in email format. Your response must contain at least six placeholders which should be represented by square brackets like [name].","detectable_content:number_placeholders","detectable_content",1,1.15450626170173,0,-0.196043564394983,0.13254025033078
"ifeval","ifeval_20260421T021146Z_433","Write cover letters for a job application. It is for an assistant professor position. Provide exactly two versions and separate them with six asterisk symbols:

Cover letter version 1
******
Cover letter version 2

Also, refrain from using commas in your response.","combination:two_responses|punctuation:no_comma","combination|punctuation",2,1.44084222008338,0.00883299952456535,0,0.277690890026068
"ifeval","ifeval_20260421T021146Z_434","Write two poems, all about the joy of having dyed hair. Separate the two poems like below:
Poem 1
******
Poem 2

Your entire output should have at least 300 words.","combination:two_responses|length_constraints:number_words","combination|length_constraints",2,0.805229153957442,-0.0339382376700002,0,0.35968686385767
"ifeval","ifeval_20260421T021146Z_435","Give me 5 Q and As, following the following format:

""
Q & A # 1
***
Q & A # 2
***
Q & A # 3
***
Q & A # 4
***
Q & A # 5
""

Wrap your entire response with double quotation marks.","length_constraints:number_paragraphs|startend:quotation","length_constraints|startend",2,1.67586444403456,0,0.12705812525726,0.362694443170652
"ifeval","ifeval_20260421T021146Z_436","First repeat the request below word for word without change, then give your answer. Do not say any words or characters before repeating the request.

Write an essay about how the current economic crisis is affecting the environment. In your essay, include the keywords: ""climate"", ""energy"", and ""green"". Make sure your entire response is in Hindi, no other language is allowed.","language:response_language|combination:repeat_prompt|keywords:existence","language|combination|keywords",3,0.168641893931813,1.00127632541608,-0.0372872521132737,0
"ifeval","ifeval_20260421T021146Z_437","Write a song about a man who rents a room in a house with a bunch of other people, and he absolutely hated it. Your song should contain at least 10 words in all capital letters that are adjectives or verbs. Commas are not allowed in the song.","change_case:capital_word_frequency|punctuation:no_comma","change_case|punctuation",2,0.934229180075284,0,0.264542775882693,0.449866705392605
"ifeval","ifeval_20260421T021146Z_438","What is an SRE? Use only Korean in your response and provide a title wrapped in double angular brackets, such as <<SRE>>. Use the keywords 'indicator', 'objective' and 'management'.","language:response_language|detectable_format:title|keywords:existence","language|detectable_format|keywords",3,0.635166073853983,0.52196070062319,-0.216437097985242,0.133284323053808
"ifeval","ifeval_20260421T021146Z_439","Students are travelling to UCI for 3 days. Create a hilarious itinerary for them. Do not use the word 'university'. Your entire response should have exactly 4 paragraphs.  Separate paragraphs with the markdown divider: ***","length_constraints:number_paragraphs|keywords:forbidden_words","length_constraints|keywords",2,1.65647160393653,0,0,0
"ifeval","ifeval_20260421T021146Z_44","Write a funny post for teenagers about a restaurant called ""Buena Onda"" which serves Argentinian food. Highlight at least three sections of your response in markdown such as *highlighted section*. Mention ""Argentinian"" in the post.","detectable_format:number_highlighted_sections|keywords:existence","detectable_format|keywords",2,1.0575840201137,0,0,0
"ifeval","ifeval_20260421T021146Z_440","TLDR the article ""How to dress like a football manager: waistcoats and the style lessons from the Premier League"". Your entire response (including the repeated request) should have 45 or less words.

First repeat the request above without changing a single letter, then give your answer.","combination:repeat_prompt|length_constraints:number_words","combination|length_constraints",2,0.34346716083288,-0.115784543236238,0,0.528858518668513
"ifeval","ifeval_20260421T021146Z_441","Rewrite the sentence ""A bust of a man with a beard and mustache."" in a more sophisticated way. Do not use commas in your response.","punctuation:no_comma","punctuation",1,0.79189154238657,0.367713539191707,0.157691035856286,0.176946670466513
"ifeval","ifeval_20260421T021146Z_442","Write two versions of itinerary for a 7 day trip to Hawaii, designed for college students. Separate the two versions with 6 asterisk symbols (******).  Each version must have 7 sections. Mark the beginning of each section with Day X.","combination:two_responses|detectable_format:multiple_sections","combination|detectable_format",2,1.5220152286126,0,0,0
"ifeval","ifeval_20260421T021146Z_443","Write a conversation between two people about the importance of education. Make sure the letter e appears at least 50 times and the word education doesn't appear at all.","keywords:letter_frequency|keywords:forbidden_words","keywords|keywords",2,0.561607529923858,-0.0468471993793668,0,0.51533222768719
"ifeval","ifeval_20260421T021146Z_444","Write an essay about a snowfall, but in the style of Alex Jones and include the line ""dammit"". The word ""fake"" should appear 6 or 7 times in your entire response.","keywords:existence|keywords:frequency|keywords:frequency","keywords|keywords|keywords",3,0.591217368346096,-0.0367522583951205,0,0.355810233956844
"ifeval","ifeval_20260421T021146Z_445","Hey! I need a rubric for evaluating the performance and price of a laptop. Can you create an example for me? Do not give me any bullet points, lists, or tables. Just write the rubric in plain English paragraphs. I'd like your response to be at least 30 sentences long.","length_constraints:number_sentences","length_constraints",1,0.489140635286811,0,-0.334565985067321,0
"ifeval","ifeval_20260421T021146Z_446","Hi, I'm looking for two Tamil movies to watch. Please recommend exactly two movies. Separated them by 6 asterisk symbols, like below:
[Movie 1]
[Description]
******
[Movie 2]
[Description]

Your entire response should be entirely in Tamil, no other language is allowed, and should not contain any commas. ","combination:two_responses|language:response_language|punctuation:no_comma","combination|language|punctuation",3,0.275234495944617,1.63826557618749,0.0593718056440012,0.173726484973536
"ifeval","ifeval_20260421T021146Z_447","Create a slogan for my company and wrap your entire response with double quotation marks. My company's name is Color Paper. We produce paper towls. We focus on producing eye-catching, colorful paper towls. The slogan must include exactly 2 bullet points in markdown format, like below:
""
Color Paper
* Colorful!
* Eye-catching!
""","startend:quotation|detectable_format:number_bullet_lists","startend|detectable_format",2,1.38536487263814,0,0.893677023566866,0
"ifeval","ifeval_20260421T021146Z_448","I want a weird poem that I can send to my friend Steve in Australia. It should be about why there are no kangaroo invasions in the US. The word robber should appear at least 2 times, and the poem must contain exactly 2 bullet point in markdown format, using the exact format below:
* Point 1
* Pont 2
Do not include keywords ['kill', 'slaughter', 'occupy', 'invasion'] in the response.","keywords:frequency|detectable_format:number_bullet_lists|keywords:forbidden_words","keywords|detectable_format|keywords",3,1.20317564281702,0.279026595631123,0,0.166264750962127
"ifeval","ifeval_20260421T021146Z_449","I need to write a research proposal for a project on the effects of social media on the mental health of teenagers. Please only write short sentences, and don't use any commas in your entire response. Include at least five placeholder represented by square brackets, such as [website].","punctuation:no_comma|detectable_content:number_placeholders","punctuation|detectable_content",2,1.18151412204718,0.0207507623034933,0,0.644771893616721
"ifeval","ifeval_20260421T021146Z_45","Can you give me a nickname for Stafford? Please use JSON format and do not say the word ""nickname"" in the response. Do not add anything outside of the JSON block.","detectable_format:json_format|keywords:forbidden_words","detectable_format|keywords",2,1.19260872718683,0,1.02490682989195,0
"ifeval","ifeval_20260421T021146Z_450","Here is a social media post: ""My daughter graduated from college today! So proud of her!"" Can you make it more exciting? Please make sure to expand it into exactly 2 paragraphs. Separate paragraphs with the markdown divider: ***. Additionally, italicize at least 3 sections by starting and ending with single *, i.e. *italic text*.","length_constraints:number_paragraphs|detectable_format:number_highlighted_sections","length_constraints|detectable_format",2,1.24750047490954,-0.357664861449823,0.00440664029061339,0
"ifeval","ifeval_20260421T021146Z_451","Create an ad copy by expanding ""Get 40 miles per gallon on the highway"" in the form of a QA with a weird style. Your response should contain less than 8 sentences. Do not include keywords 'mileage' or 'fuel' in your response.","length_constraints:number_sentences|keywords:forbidden_words","length_constraints|keywords",2,0,0,1.0706543899081,0.496526370881986
"ifeval","ifeval_20260421T021146Z_452","Write two advertisements for a new product that is a healthy alternative to soda. One advertisement should be targeted to teenagers and the other should be targeted to professionals. Mark the beginning
of each advertisement with Audience 1 and Audience 2, respectively. Double quotes should be placed around your entire response.","startend:quotation|detectable_format:multiple_sections","startend|detectable_format",2,1.6105366979581,0,0.771933432379087,0.504368055696375
"ifeval","ifeval_20260421T021146Z_454","Write a riddle about a house that is not a house. Also include the answer. Your response must be at least 400 words and have a title wrapped in double angular brackets, like <<riddle>>.","length_constraints:number_words|detectable_format:title","length_constraints|detectable_format",2,1.04655570031399,-0.085786916163569,-0.0234531122854021,0.458439626334668
"ifeval","ifeval_20260421T021146Z_456","Write a riddle about embroidery that has the answer ""needle"". Include keywords 'afternoon' and 'distressed' in the response. Don't use any commas in your answer.","keywords:existence|punctuation:no_comma","keywords|punctuation",2,1.72267285205786,0,0,0.740570048547954
"ifeval","ifeval_20260421T021146Z_457","create a job description for a clifford blu employee who works at the cash register, and also monitors the shelves for stock level. Use the keyword 'people' and 'skills'. use only lowercase letters.","change_case:english_lowercase|keywords:existence","change_case|keywords",2,0,1.77331980241629,-0.0364853061535596,0
"ifeval","ifeval_20260421T021146Z_458","Jennifer goes to the store to buy milk. She has 10 dollars in her pocket and milk costs 3 dollars per gallon. How many gallons of milk can she buy? Explain your thinking. Avoid the keywords: 'divide', 'answer'. Include the keyword 'remainder'.","keywords:forbidden_words|keywords:existence","keywords|keywords",2,1.16486504041623,0.120326827668524,0.027972934417525,0.172591648536233
"ifeval","ifeval_20260421T021146Z_459","Can you explain to me why there is so much fraud in the world? Please include one italic text section in markdown, i.e *italic text*. Make your entire response less than 30 words.","detectable_format:number_highlighted_sections|length_constraints:number_words","detectable_format|length_constraints",2,1.20775722568031,0,0.2849850771625,0
"ifeval","ifeval_20260421T021146Z_46","Write me a template for a product description in the form of a poem and end it with a post script starting with P.P.S","detectable_content:postscript","detectable_content",1,0.633533262876889,0,0.161530015822848,-0.0291789613779265
"ifeval","ifeval_20260421T021146Z_460","Can you give me a zany, bullet point TLDR of this article: https://en.wikipedia.org/wiki/Dota_2

Make it zany, but do not include the keywords 'icefrog', 'blizzard', 'lawsuit' in the response.","keywords:forbidden_words","keywords",1,0.636363753304368,0,0,0.145525219150326
"ifeval","ifeval_20260421T021146Z_461","Write a 100 word riddle that leaves the reader satisfied and enlightened. Include a few words in all capital letters. But the number of words in all capital letters should be less than 5.","change_case:capital_word_frequency|change_case:capital_word_frequency","change_case|change_case",2,-0.496344440781678,-0.0554661876939521,0.209880972638738,0
"ifeval","ifeval_20260421T021146Z_462","Can you write me a slogan for my video game project? The project aims to create a very funny fighting game. Please wrap your entire response with double quotation marks. Also, highlight at least three sections in your answer in markdown format using *highlighted text*. Such as: *Funny Fighting*.","startend:quotation|detectable_format:number_highlighted_sections","startend|detectable_format",2,1.38332612574718,0,0.607612180383038,0.273704986883747
"ifeval","ifeval_20260421T021146Z_463","Can you elaborate on ""I froze when I was jogging""? Include some words in all capital letters. In particular, there should be 5 to 10 such capitalized words.","change_case:capital_word_frequency|change_case:capital_word_frequency","change_case|change_case",2,-0.0145705737687376,0.244555779546421,0,0.0267773866245328
"ifeval","ifeval_20260421T021146Z_464","Write a template for a newspaper ad for a dog cage with less than 200 words. Make sure the word unfortunately appears 3 to 5 times in the ad.","length_constraints:number_words|keywords:frequency|keywords:frequency","length_constraints|keywords|keywords",3,0.838293822040908,0.108447940043375,0.272392969852896,0.140794453319055
"ifeval","ifeval_20260421T021146Z_465","Write a story about a family that goes camping in the woods. Your entire response should be in English and in all capital letters.","change_case:english_capital","change_case",1,0,1.77756768700615,0.36801321307415,-0.0981572911825882
"ifeval","ifeval_20260421T021146Z_466","Write an essay on the differences between Sunni and Shi'a Muslims. Your entire response must contain at least 1200 words.","length_constraints:number_words","length_constraints",1,0.765295453561126,0,-0.522447406653146,0.594528045111733
"ifeval","ifeval_20260421T021146Z_467","Write a long sentence about tax filing, in a style that is appropriate for a president of the united states. The sentence should contain the letter q at least 6 times.","keywords:letter_frequency","keywords",1,0.792981973210005,-0.0419390693571753,-0.336814720014076,0.413194839770558
"ifeval","ifeval_20260421T021146Z_468","Write a story about a man who is in love with a woman who has turrets. The story should be in at least 4 sections with each section starting with Section X (where X is 1, 2, 3, 4) and the entire response should have at least 100 sentences.","detectable_format:multiple_sections|length_constraints:number_sentences","detectable_format|length_constraints",2,0.499276993308314,0.0340712060677178,-0.103767664215625,0.75477822825306
"ifeval","ifeval_20260421T021146Z_469","Give me a 300+ word startup pitch for a company that provides a service that creates trusts for people online.","length_constraints:number_words","length_constraints",1,0.557707438044182,0,-0.243979868167089,0
"ifeval","ifeval_20260421T021146Z_47","""The man was arrested for stealing a car. He was later released on bail."" Expand on it angrily in a rap style, and make sure there are exactly 4 sections. Separated the sections by the markdown divider: ***","length_constraints:number_paragraphs","length_constraints",1,1.40100104638325,0.0488059081977993,0,0.0202172347999729
"ifeval","ifeval_20260421T021146Z_470","Write an essay on first names, without using any capital letters --- your ENTIRE response must be in lowercases. There should be exactly 3 paragraphs with the only paragraph separation being two new lines. Start Paragraph 2 with the word Jasper.","change_case:english_lowercase|length_constraints:nth_paragraph_first_word","change_case|length_constraints",2,0.524920464349748,1.55661542551181,0,0
"ifeval","ifeval_20260421T021146Z_471","Write an HTML page that lists 25 limericks about people named ""Bill"". The page should include keywords 'economist', 'bill', and 'jurgen'","keywords:existence","keywords",1,0.938721693905058,0,0,-0.315966841691251
"ifeval","ifeval_20260421T021146Z_472","What is the answer to the riddle that asks what you can catch but not throw, and what you can throw but not catch? The entire reply must be less than 20 words and contain a title in double angular brackets, i.e. <<title>>.","length_constraints:number_words|detectable_format:title","length_constraints|detectable_format",2,0.158399943869769,0.008504980542154,0.340401330966158,0.0443715580687224
"ifeval","ifeval_20260421T021146Z_473","How to tell others that your major is computer science, without saying the word computer or science? You entire response should not contain the word computer and science.","keywords:forbidden_words","keywords",1,0.56281276945236,0.0889727685353635,0.341491509326101,0.226646199942493
"ifeval","ifeval_20260421T021146Z_474","Summarize the history of Japan. Italicize at least 5 keywords in your response. To indicate a italic word, wrap it with asterisk, like *italic*","detectable_format:number_highlighted_sections","detectable_format",1,1.29604264329985,-0.0637790119313267,0.0639068691646736,0
"ifeval","ifeval_20260421T021146Z_475","Write a persuasive email to a teenager who lives in Aberdeen, Scotland. The main point is to encourage them to volunteer at a local soup kitchen. At least 5 words in the output should be in all caps.","change_case:capital_word_frequency","change_case",1,0.629740399997505,0,0,0
"ifeval","ifeval_20260421T021146Z_476","Generate a list of 100 random names. Make sure that no name is repeated and every name is unique. All letters in your entire response should be capitalized. Italicize 5 of your favorite names. For example:
1. *FAVORITE NAME 1*
2. *FAVORITE NAME 2*
3. ...","detectable_format:number_highlighted_sections|change_case:english_capital","detectable_format|change_case",2,0,0.544978953293247,0,0.12302397410002
"ifeval","ifeval_20260421T021146Z_477","Write a song about Layton, making sure to use the letter ""a"" at most once.","keywords:letter_frequency","keywords",1,0.111036419710002,0,0.204173074866518,1.31952817306977
"ifeval","ifeval_20260421T021146Z_478","Write a song for the person named 'Guerrero'. Make sure to not include the words 'name', 'song', 'person', 'man', 'woman' throughout your entire output. Also avoid using commas in your entire response.
","keywords:forbidden_words|punctuation:no_comma","keywords|punctuation",2,0.991243109219964,0,0.00248533296566133,0.508816056012208
"ifeval","ifeval_20260421T021146Z_479","In this task, you need to first repeat the request word by word, without any change, then answer the request. Do not say anything before repeating the exact request.

Write a pitch deck for a startup that aims to make a new social network that focuses on the board game society.","combination:repeat_prompt","combination",1,1.06944633561986,0,0,-0.11287683671165
"ifeval","ifeval_20260421T021146Z_48","Write a poem that's at least 350 words about the beauty of eucalyptus trees and their many uses.","length_constraints:number_words","length_constraints",1,0.795882514010926,-0.0226191648261875,-0.432498217290067,0.530255187090976
"ifeval","ifeval_20260421T021146Z_480","I want to start a garden for veggies and flowers in my small backyard. Can you give me some advice on how to water my plants? Have at least 3 italic text sections, such as: *italic text 1*, *italic text 2*, etc.

Make your reply short -- the whole reply should contain less than 40 words.","detectable_format:number_highlighted_sections|length_constraints:number_words","detectable_format|length_constraints",2,1.01301540068876,0,0.424541401447462,0.202808372305664
"ifeval","ifeval_20260421T021146Z_481","Please write an email that starts with a German translation of ""You're making a mistake not to buy our cheese products, and I'm going to show you why."" Please make your response in only German, no other language is allowed. Include at least 7 placeholders with brackets like [subject].","detectable_content:number_placeholders|language:response_language","detectable_content|language",2,1.20813804525844,0,0.0874419272086864,-0.145786521454576
"ifeval","ifeval_20260421T021146Z_482","Explain what happens when you sniff a flower to 3rd grade students. Please answer in Finnish, no other language is allowed throughout your answer. Make sure your response contains a title wrapped in double angular brackets, i.e. <<title>>.","language:response_language|detectable_format:title","language|detectable_format",2,0.346595239167074,1.18189373767907,0,0
"ifeval","ifeval_20260421T021146Z_483","Write a pros and cons list of apple products in the style of a 19th century novelist and do not use any commas.
Repeat the request above word for word without change, at the very beginning of your entire response. After that, you can give the requested pros and cons list.","punctuation:no_comma|combination:repeat_prompt","punctuation|combination",2,1.34193527134792,-0.182839986710458,0,0
"ifeval","ifeval_20260421T021146Z_484","Write a proposal for a research project that will determine whether pupils who have been exposed to a fast-paced environment are more likely to develop ADHD. Please wrap the entire output in JSON format. You can use markdown ticks like

```JSON
[json content]
```

Please do not include the words ""proposal"" or ""project"" in the response.","detectable_format:json_format|keywords:forbidden_words","detectable_format|keywords",2,0.512768455037915,0.0720044332966623,1.31919898431532,0.220296851890751
"ifeval","ifeval_20260421T021146Z_485","Write a resume for a software engineer with 5+ years of experience in the Bay Area, CA. In your response, make sure to include at least 20 words or phrases in all capital letters.","change_case:capital_word_frequency","change_case",1,1.29783646277285,0,-0.115741394116321,0
"ifeval","ifeval_20260421T021146Z_486","Could you please give me the pros and cons of working abroad wrapped in JSON format. Please make sure that your response only contains a JSON block. Please also make sure to include keywords 'compensated' and 'immigrants' in the response.","detectable_format:json_format|keywords:existence","detectable_format|keywords",2,1.03087157915213,0,0.542229341973712,0.307832965015837
"ifeval","ifeval_20260421T021146Z_487","Write a tweet storm with a weird tone about a time when you found out that the earth is indeed not flat. Your response must be in English, with no capital letters, and in 20 to 30 sentences.","change_case:english_lowercase|length_constraints:number_sentences|length_constraints:number_sentences","change_case|length_constraints|length_constraints",3,0,0.908771459943652,0,0.146339130819871
"ifeval","ifeval_20260421T021146Z_488","Write a song about innovation with a positive tone that is appealing to teenagers. Put your entire response in double quotation marks.","startend:quotation","startend",1,1.1891746636477,0,1.00704174967142,0.0177774497618713
"ifeval","ifeval_20260421T021146Z_489","Write a 600+ word social media post for a startup that provides a platform for running realistic physics simulation. Make sure to include the word ""bombs"" at least once.","keywords:frequency|length_constraints:number_words","keywords|length_constraints",2,0.815411385948937,0,-0.396648919599827,0.393178593060751
"ifeval","ifeval_20260421T021146Z_49","I have a dime. What can I do with this dime? Give me advice in the style of a President of the United States and make sure it has at least 600 words.","length_constraints:number_words","length_constraints",1,1.27755217041506,0,-0.51974943672413,0.21384105129822
"ifeval","ifeval_20260421T021146Z_490","critique this startup pitch: Stephenson and Hong Kong will be the first-ever digital marketplace where users can buy and sell products from all over the world Stephenson and Hong Kong will be a onestopshop for all of your shopping needs and we will offer a variety of features that will make shopping online easier and more convenient than ever before. Do not use any commas in your response.","punctuation:no_comma","punctuation",1,1.04108336047455,0.184422764447397,-0.147233515037635,0.841869749210585
"ifeval","ifeval_20260421T021146Z_491","Write a funny Haiku about a Quaker named John who lives in the town of De Smet, South Dakota. Use the asterisk symbol, *, to highlight some words or phrases twice. Example: *This is a highlighted phrase*.","detectable_format:number_highlighted_sections","detectable_format",1,1.08657716128519,0,-0.0388480615163701,0.0482808501505967
"ifeval","ifeval_20260421T021146Z_492","I need a list of the top 10 attorneys in the US. Your list should be in the format of 10 bullet points, following the format below:

* Bullet 1
* Bullet 2
* ...","detectable_format:number_bullet_lists","detectable_format",1,0.752046628685455,0.163018163087526,0.389165069572211,-0.252543448880507
"ifeval","ifeval_20260421T021146Z_493","What is the name of the actor who played Gandalf in Lord of the Rings?
First repeat the question above without change of words, then give your answer.","combination:repeat_prompt","combination",1,1.07517289620997,0,0,0
"ifeval","ifeval_20260421T021146Z_494","What does the word ""jock"" mean to you? Please generate an answer with two parts. The two parts should be separated by 3 asterisks '***'. Also, reply without mentioning the word ""jock"" throughout.","keywords:forbidden_words|length_constraints:number_paragraphs","keywords|length_constraints",2,1.61700519780968,0,0,0.135726432108025
"ifeval","ifeval_20260421T021146Z_495","Write a book review for a new book called ""The Secrets of Homeschooling: Revealed!"". Make the review a conversation between two people. The response should be a conversation in Urdu only, no other language is allowed throughout your entire response.","language:response_language","language",1,0.319734859305248,1.43045583264876,0.60008768945285,0.0170291752443632
"ifeval","ifeval_20260421T021146Z_496","Write a product description for a new pair of shoes that targets teenagers. Highlight at least 2 text sections of your response by wrapping each of them with asterisks, like *I am highlighted*. Your response should be at least 350 words.","detectable_format:number_highlighted_sections|length_constraints:number_words","detectable_format|length_constraints",2,1.06832852964556,-0.115792657516428,-0.193408732505769,0
"ifeval","ifeval_20260421T021146Z_497","Write a short, funny story about a man named Harry with a pet dog. Your response must contain 3 sections, mark the beginning of each section with SECTION X.","detectable_format:multiple_sections","detectable_format",1,1.08242248476179,0.107797917550836,0,0
"ifeval","ifeval_20260421T021146Z_498","Brainstorm a name for a company that collects and analyzes public transportation fares. The response should be in English, and in all capital letters.","change_case:english_capital","change_case",1,-0.110122318475639,0.810378438634917,0.298315402006137,0.106260347673099
"ifeval","ifeval_20260421T021146Z_499","Write a very short poem about the beauty of a rose. Do not include the keywords beauty and pretty.","keywords:forbidden_words","keywords",1,1.01884278790719,-0.108286292322434,0,0.115178403457155
"ifeval","ifeval_20260421T021146Z_5","Write a dialogue between two people, one is dressed up in a ball gown and the other is dressed down in sweats. The two are going to a nightly event. Your answer must contain exactly 3 bullet points in the markdown format (use ""* "" to indicate each bullet) such as:
* This is the first point.
* This is the second point.","detectable_format:number_bullet_lists","detectable_format",1,0.711413095297045,0.182122434856584,0.414707769508143,0
"ifeval","ifeval_20260421T021146Z_50","Write a haiku about rushing to work using only the Marathi language, no other language is allowed.","language:response_language","language",1,0,-0.0192004464026852,0.410957158104017,0.154283403058902
"ifeval","ifeval_20260421T021146Z_500","Can you compose a movie plot that involves dream, fist fighting, and superpower? Include a title in double angular brackets, i.e. <<title>>.","detectable_format:title","detectable_format",1,0.961925516133045,0,0,-0.203460634202706
"ifeval","ifeval_20260421T021146Z_501","Write a cover letter for a job application to a company which perhaps has a bad reputation. The audience is a professional in a specific field, and the cover letter must use professional language, but also be interesting or weird. The letter j should appear at least 20 times. Your entire response should be in English, and lowercase letters. No capital letters are allowed.","keywords:letter_frequency|change_case:english_lowercase","keywords|change_case",2,0,1.13850976529692,-0.209306132773477,0.566253794917688
"ifeval","ifeval_20260421T021146Z_502","Write a riddle about Camilla that doesn't use commas.","punctuation:no_comma","punctuation",1,1.34933831904406,0.0701907177376006,0.0956235442143241,1.05590456173859
"ifeval","ifeval_20260421T021146Z_503","Come up with 3 names for a 2B software company. Make sure your names are in English and all capital letters.","change_case:english_capital","change_case",1,0,0.376788491692569,0.18039309697174,0
"ifeval","ifeval_20260421T021146Z_504","Write an XML document describing the release of the latest Google Pixel phone. The document must contain at least three placeholders, such as [price], and you must not use commas in your response.","detectable_content:number_placeholders|punctuation:no_comma","detectable_content|punctuation",2,1.4464295308554,0,-0.360409512155558,0.276704864875483
"ifeval","ifeval_20260421T021146Z_505","Write a short riddle about สเปรดชีต. Wrap your entire response with double quotation marks and make sure word in your response is in the Thai language, no other language is allowed.","startend:quotation|language:response_language","startend|language",2,1.10093921799917,0.139681387135048,0.847627499203199,0.0819101444169727
"ifeval","ifeval_20260421T021146Z_506","Write a poem about Gibbs free energy in the style of POTUS. There should be exactly 4 paragraphs. Paragraphs and only paragraphs should be separated by two new lines (like ""\n\n""). Paragraph 2 must start with the word ""it"".","length_constraints:nth_paragraph_first_word","length_constraints",1,1.2305636654724,0,0.229358621844199,0
"ifeval","ifeval_20260421T021146Z_507","Today, at the 54th Annual Grammy Awards, the Recording Academy honors the talent and creativity of the artists, musicians, and producers who are the creators of the best recordings of the past year. Please continue writing this text in a formal tone, using notations. Highlight some key parts in your response with ""*"", like *highlighted text*.","detectable_format:number_highlighted_sections","detectable_format",1,1.16867420306748,-0.0750031945301428,0.0840353639449683,0
"ifeval","ifeval_20260421T021146Z_508","Write a song about how to make a peanut butter and jelly sandwich. Do not use commas in your response.","punctuation:no_comma","punctuation",1,1.02503438576231,0.252864018090617,0,0.660995837906399
"ifeval","ifeval_20260421T021146Z_509","Write a review of ""Laureates and twins"" for professionals in the field of psychology without the use of commas and make sure to include the phrase ""well worth watching"".
First repeat the entire request above word for word without change, then give your answer. Do not say any words or characters before repeating the entire request above.","combination:repeat_prompt|punctuation:no_comma","combination|punctuation",2,1.13244591403535,0,0,-0.533411016613856
"ifeval","ifeval_20260421T021146Z_51","Can you elaborate on the following text: ""Increased axle weight increased the damage to the road""? Your response must contain a title wrapped in double angular brackets, i.e. <<title>>. Use less than 5 sentences.","detectable_format:title|length_constraints:number_sentences","detectable_format|length_constraints",2,1.08428985317577,0,0.422844387261227,0
"ifeval","ifeval_20260421T021146Z_510","Write a blog post about interesting facts about the Dutch language. Italicize at least 2 sections in your answer with markdown, i.e. *italic text*.","detectable_format:number_highlighted_sections","detectable_format",1,1.43955491716765,0,0.00123244026120928,0
"ifeval","ifeval_20260421T021146Z_511","Write an itinerary for a 10-day trip to Biratnagar using only the Nepali language throughout your entire response.","language:response_language","language",1,0.117479918631757,1.28928187681535,0,0
"ifeval","ifeval_20260421T021146Z_512","Write a funny riddle in Hindi, about a man named Aarav who never spoke. Your entire response should be written in Hindi. Also, you cannot use any commas in your entire response.","punctuation:no_comma|language:response_language","punctuation|language",2,0,1.56075870927832,0,0.326462950781673
"ifeval","ifeval_20260421T021146Z_513","Why is Algiers the best place to go on vacation? Answer with exactly one sentence. Put double quotation marks around your entire one-sentence response.","startend:quotation|length_constraints:number_sentences|length_constraints:number_sentences","startend|length_constraints|length_constraints",3,1.52918739220725,0,0.928281275329293,0
"ifeval","ifeval_20260421T021146Z_514","Write an essay on wilderness preservation. Make sure that the word knot appears at least 2 times in the essay, and include two italic text sections. Like: *this is italic text*","keywords:frequency|detectable_format:number_highlighted_sections","keywords|detectable_format",2,1.40967769315433,0,0,0
"ifeval","ifeval_20260421T021146Z_515","Give me a summary of the lobbying spending of the following companies: Google, Facebook, Microsoft, Apple, and Amazon. Your response should be in German language, and no other language is allowed.","language:response_language","language",1,0.84315882293958,0.22815270909295,0.248535388871726,-0.0978554654783824
"ifeval","ifeval_20260421T021146Z_516","Critique the following ad copy for a new dating app, and make sure to include a title wrapped in double angular brackets, i.e. <<title>>: ""Meet your new match! Cohen is a free app that matches you with others based on your interests and location. With Cohen, you can find love, friendship, or just someone to swing with. Download Cohen today and start meeting new people!""","detectable_format:title","detectable_format",1,0.872212428696147,0,0,0
"ifeval","ifeval_20260421T021146Z_517","Blog post from the perspective of a 16 year old girl who is being followed by a stranger. Your response should contain less than 10 sentences and no commas.","length_constraints:number_sentences|punctuation:no_comma","length_constraints|punctuation",2,0.330634313572311,0.193539705183178,0.383834485268673,0.595790024869459
"ifeval","ifeval_20260421T021146Z_518","Give me a pitch deck for a startup that lets me send letters to people in my territory that I don't know personally. The title of the pitch deck should be wrapped in double angular brackets, i.e. <<title>>.","detectable_format:title","detectable_format",1,0.634852733120996,0,0.32887482193143,-0.164892565332867
"ifeval","ifeval_20260421T021146Z_519","Given the sentence ""The dog barked at the cat, but the cat ignored it because the"". Can you finish the sentence? Make sure that words in your entire response are in all lowercase letters.","change_case:english_lowercase","change_case",1,-0.112884029958997,1.92459804708316,0,-0.272141436886522
"ifeval","ifeval_20260421T021146Z_52","Write an essay about how aluminium cans are used in food storage. Don’t forget to include the keywords waste, material and meal. Have more than 30 sentences in your response.","keywords:existence|length_constraints:number_sentences","keywords|length_constraints",2,1.33946610739396,-0.0275050441345938,-0.302186342103101,0.272846380951754
"ifeval","ifeval_20260421T021146Z_520","Write an advertisement for a perfume called ""Rhapsody"". It's a perfume with a fresh citrus scent. Wrap your entire response with double quotation marks. Do not include the words perfume, fresh, or good in the advertisement.","startend:quotation|keywords:forbidden_words","startend|keywords",2,1.72737442395661,0,0.863997289176169,0.198654805023382
"ifeval","ifeval_20260421T021146Z_521","Write a riddle that describes the word ""key"" but doesn't use the word ""key"". Wrap all words into one JSON block. The word ""key"" should not appear in your entire reply.","detectable_format:json_format|keywords:forbidden_words","detectable_format|keywords",2,0.976334400521314,-0.038980138776025,0.855003664720301,0.108432446397202
"ifeval","ifeval_20260421T021146Z_522","I need a rap that tells professionals how to get babies to sleep through the night. Your answer must contain a title, wrapped in double angular brackets, such as <<title>>. Additionally, you need to highlight at least 2 sections with markdown, i.e. *highlighted section*. Finally, at the end of your response, please explicitly add a postscript starting with P.P.S","detectable_format:number_highlighted_sections|detectable_format:title|detectable_content:postscript","detectable_format|detectable_format|detectable_content",3,0.835867573042171,0,0,-0.229539396472284
"ifeval","ifeval_20260421T021146Z_524","Write a song about choking on a piece of chicken in the Potomac River. Put the title in double angular brackets, i.e. <<title of my song>>.","detectable_format:title","detectable_format",1,0.765233371548107,0.0498566596379561,0,0
"ifeval","ifeval_20260421T021146Z_525","Write a tweet that is angry about the stunning lack of Virgil van Dijk in the PFA Team of the Year. Italicize at least 2 sections in your answer with markdown, i.e. *italic text section*. Do not use commas in your response. Finish your response with this exact phrase: So what is next?","detectable_format:number_highlighted_sections|punctuation:no_comma|startend:end_checker","detectable_format|punctuation|startend",3,1.16063670304784,0,0.747918766491396,0.360647894645289
"ifeval","ifeval_20260421T021146Z_526","What are the best things to do in Rochester, New York? Can you write them as a song and use music notation in your response? Make sure to include the keywords 'festival' and 'river'.","keywords:existence","keywords",1,0.108991172121308,0.295339411485708,0.136432233301014,-0.214192480602798
"ifeval","ifeval_20260421T021146Z_527","What is the name of the green-eyed monster that makes people jealous? Your response should be less than 3 sentences (just 1 sentence or 2 sentences).","length_constraints:number_sentences","length_constraints",1,0.623029806518356,0,0.759362493569397,-0.0730175525298329
"ifeval","ifeval_20260421T021146Z_529","I need a joke involving Zoe and bubbles that contains at least 3 placeholders represented by square brackets such as [date].","detectable_content:number_placeholders","detectable_content",1,1.15622884745761,-0.154043173507487,-0.140159177967703,0
"ifeval","ifeval_20260421T021146Z_53","Can you give me an example for a journal entry about stress management? Tell me how you come up with the example. Your entire response should contain less than 6 sentences.","length_constraints:number_sentences","length_constraints",1,0.402037649613914,0.000579342041858298,0.388923683225917,0.214313761393189
"ifeval","ifeval_20260421T021146Z_530","Give me a TLDR on the 2022 Google IO announcements, but the response must be entirely in the Bengali language, no other language is allowed, and have at least one placeholder such as [পণ্য].","detectable_content:number_placeholders|language:response_language","detectable_content|language",2,1.06967849105095,0.173759915986573,0,0
"ifeval","ifeval_20260421T021146Z_531","Rewrite the haiku below into two versions. Both of them should be funny. Separate the two versions using six asterisk symbols (******). Include the keywords ['dog', 'day'] in the response.

On a chilly winter night
A cat meows at the moon
Hoping for some warmth","combination:two_responses|keywords:existence","combination|keywords",2,1.6559976853186,0.00821543045355335,0.104295882399903,0.0140210387416503
"ifeval","ifeval_20260421T021146Z_532","Is Roger Federer a better tennis player than Rafael Nadal? Answer with exactly one of the following phrases: ”My answer is yes."", ""My answer is no."", ""My answer is maybe.""","detectable_format:constrained_response","detectable_format",1,1.01368530862513,0,0,-0.153230128085916
"ifeval","ifeval_20260421T021146Z_533","Is the moon landing a propaganda made up by the government? Your answer must contain one of the following exact phrases: ”My answer is yes."", ""My answer is no."", ""My answer is maybe.""","detectable_format:constrained_response","detectable_format",1,1.29468871138084,0,0,-0.0354366214434913
"ifeval","ifeval_20260421T021146Z_534","Is it true that the first song ever sung in outer space is “Happy Birthday.”

Your answer must contain one of the following phrases:
My answer is yes.
My answer is no.
My answer is maybe.","detectable_format:constrained_response","detectable_format",1,0.693488645952734,0.269493709772097,0.103433338139783,-0.0777879943482101
"ifeval","ifeval_20260421T021146Z_535","If a + b = 10. And a > b. Is a = 6? Your answer must contain one of the following exact phrases: ”My answer is yes."", ""My answer is no."", ""My answer is maybe.""","detectable_format:constrained_response","detectable_format",1,0.866285505703797,0,0,0
"ifeval","ifeval_20260421T021146Z_536","If a + b + c = 30 and b = 10 and c = 5. Is a = 20? Answer ”My answer is yes."" or ""My answer is no."" or ""My answer is maybe.""","detectable_format:constrained_response","detectable_format",1,0.691732644151966,0,0,0
"ifeval","ifeval_20260421T021146Z_537","If Bob beat Martha in a game of pool. And Martha beat Joe in a game of pool. Can Bob beat Joe in a game of pool?

Your answer must contain exactly one of the following phrases:
My answer is yes.
My answer is no.
My answer is maybe.","detectable_format:constrained_response","detectable_format",1,1.1183354887282,0.200860738237977,0,-0.0614393659115927
"ifeval","ifeval_20260421T021146Z_538","Can Batman beat Superman in a fair one on one fight?
You should just say ”My answer is yes."" or ""My answer is no."" or ""My answer is maybe.""","detectable_format:constrained_response","detectable_format",1,0.801539788570166,0.249883485971603,0.302054106631786,-0.214972405202833
"ifeval","ifeval_20260421T021146Z_539","Is Pikachu one of the Avengers? Think out loud, then answer with one of the following options: ”My answer is yes."", ""My answer is no."", ""My answer is maybe.""","detectable_format:constrained_response","detectable_format",1,0.657905815004804,-0.157385767705775,0.00452772346501138,0
"ifeval","ifeval_20260421T021146Z_54","Take the text below as a starting point, and make it a complete article: ""You may have to meet with a helper to work out a parenting plan. The first would be to estimate how many time you have everyday for parenting, and is that enough....""
Avoid using the following keywords: sleep, cook, feed
Mention the keyword 'schedule' for more than 5 times.","keywords:forbidden_words|keywords:frequency","keywords|keywords",2,0.763816341817328,0.340275606631988,0.0305680031738315,0
"ifeval","ifeval_20260421T021146Z_540","Would you consider yourself to be smart? Choose from:
My answer is yes.
My answer is no.
My answer is maybe.
Just choose one phrase from above as your answer.","detectable_format:constrained_response","detectable_format",1,1.01457438492632,0,0.211871572155984,-0.0144995307467383
"ifeval","ifeval_20260421T021146Z_55","Write a limerick about Hannah, a college student, doing an internship at a coffee company. Make sure that her father would love the limerick. Include the words ""intern"" and ""grow"".
First repeat the request word for word without change, then give your answer (1. do not say any words or characters before repeating the request; 2. the request you need to repeat does not include this sentence)","combination:repeat_prompt|keywords:existence","combination|keywords",2,1.38388581759228,0,-0.00590387008375829,0.377708834546857
"ifeval","ifeval_20260421T021146Z_56","What is the difference between the 13 colonies and the other British colonies in North America? Your answer must contain exactly 6 bullet point in Markdown using the following format:
* Bullet point one.
* Bullet point two.
...
* Bullet point fix.","detectable_format:number_bullet_lists","detectable_format",1,1.14125457548153,0.157536668037237,0.323470414987705,-0.402941997833352
"ifeval","ifeval_20260421T021146Z_57","How did a man named John of Brienne become the King of Jerusalem? Explain in a Zen-like style. Your answer should use all lowercase letters and must also contain exactly 3 bullet points in markdown format. Use * to indicate bullets, like:
* xyz
* abc
* opq","detectable_format:number_bullet_lists|change_case:english_lowercase","detectable_format|change_case",2,0.337599784178325,1.13006204333177,0.135783912718686,0
"ifeval","ifeval_20260421T021146Z_58","What is the history of NYC prospect park? Please wrap your entire answer in JSON format. You can use markdown ticks such as ```. For example:
```JSON
{
...
}
```","detectable_format:json_format","detectable_format",1,0.625139240378815,0.186951518664893,1.14830132237079,0
"ifeval","ifeval_20260421T021146Z_59","Write a short proposal for a new research project that investigates how language evolves over time. I want to make it challenging, so:
1. Do not include any commas in your response.
2. Do not include the letter ""c"" anywhere in your response.
3. Your response should contain at least 250 words.","punctuation:no_comma|keywords:letter_frequency|length_constraints:number_words","punctuation|keywords|length_constraints",3,0,0,0,0.86207709309201
"ifeval","ifeval_20260421T021146Z_6","Write a 2 paragraph critique of the following sentence in all capital letters, no lowercase letters allowed: ""If the law is bad, you should not follow it"". Label each paragraph with PARAGRAPH X.","change_case:english_capital|detectable_format:multiple_sections","change_case|detectable_format",2,1.81552118511474,0.0889544805995411,0.644293801242539,0
"ifeval","ifeval_20260421T021146Z_60","List exactly 10 possible names for a new baby boy. Then add a postscript starting with P.P.S to the end of your response. Put the names into bullet points that are indicated by:
* This is an example bullet","detectable_content:postscript|detectable_format:number_bullet_lists","detectable_content|detectable_format",2,1.3163760507422,0.181800384132045,0.227211587834574,-0.218397689230739
"ifeval","ifeval_20260421T021146Z_61","Write an outline for a paper on the history of Yemeni coffee. The outline should include the main points of the paper, and at least 15 sections should be highlighted with markdown such as *highlighted section*.","detectable_format:number_highlighted_sections","detectable_format",1,0.762082812006527,-0.0418534323683758,0,0.139262331878166
"ifeval","ifeval_20260421T021146Z_62","Which of the following is not a fish: salmon or avocado? Answer this easy question first, then expand into an interesting article about salmon and avocado. Use some words in all caps in your response, but those all-caps words should appear at most 10 times.","change_case:capital_word_frequency|change_case:capital_word_frequency","change_case|change_case",2,-0.000230732208672344,0,0.191754546723526,-0.0545484216351276
"ifeval","ifeval_20260421T021146Z_63","What are the pros and cons of kotlin vs java? Your answer must have a title contained in double angular brackets, such as <<kotlin vs java>>.","detectable_format:title","detectable_format",1,1.4297686476361,0,0,-0.123605470828658
"ifeval","ifeval_20260421T021146Z_64","Write a funny article about why the dinosaurs went extinct and put double quotations marks around your whole response. Include exactly 8 bullet points in your response. The bullet points should be in the form of:
* This is bullet 1
* This is bullet 2
...","startend:quotation|detectable_format:number_bullet_lists","startend|detectable_format",2,1.14121146942805,-0.055780911928491,0.527076250398484,-0.0267978007963608
"ifeval","ifeval_20260421T021146Z_65","Create a table with a 7 day trip itinerary for India, and a 7 day trip itinerary for China. Separate them with exactly 6 asterisks symbols: *******","combination:two_responses","combination",1,1.24919776323401,0.120438981480804,0.0116478417890416,0.0206228396849465
"ifeval","ifeval_20260421T021146Z_66","I would like to start my own business. Can you give me some general advice? Please avoid mentioning ""photography"" - I have no interest in that market. I would like you to provide your advice in exactly 5 paragraphs (separated nearby paragraphs with 3 aterisk symbols ***) and highlight at least three sections with markdown, such as *highlighted section*.","keywords:frequency|detectable_format:number_highlighted_sections|length_constraints:number_paragraphs","keywords|detectable_format|length_constraints",3,1.36522565428468,-0.176036511149925,0.00475380518173405,0.218419356811964
"ifeval","ifeval_20260421T021146Z_67","Write a brief biography of a person named ""Brilliant Le Hou"". Do not use commas in your reply. Highlight at least 3 sections with markdown, i.e. *highlighted section*. The biography should start with the name of the person.","punctuation:no_comma|detectable_format:number_highlighted_sections|keywords:existence","punctuation|detectable_format|keywords",3,1.74618878051185,0,0.108341573083608,0.384498101509965
"ifeval","ifeval_20260421T021146Z_68","A nucleus is a cluster of protons and neutrons. Elaborate on this. Write exactly 9 very short bullet points. Limit the number of words you use (less than 100 words). An example:
* A nucleus is a cluster of protons and neutrons
* A proton is ....

Please follow the format of the example above.","detectable_format:number_bullet_lists|length_constraints:number_words","detectable_format|length_constraints",2,1.27765657185597,0,0.14318813021667,0
"ifeval","ifeval_20260421T021146Z_69","Compose song lyrics about a socio-economic problem. The song should be in English and in all lowercase letters.","change_case:english_lowercase","change_case",1,0.207255114803634,1.46506290491978,0.245042603902565,0
"ifeval","ifeval_20260421T021146Z_7","Write me a resume for Matthias Algiers. Use words with all capital letters to highlight key abilities, but make sure that words with all capital letters appear less than 10 times. Wrap the entire response with double quotation marks.","change_case:capital_word_frequency|change_case:capital_word_frequency|startend:quotation","change_case|change_case|startend",3,0.39318180737678,0,0,0.604428802747726
"ifeval","ifeval_20260421T021146Z_70","Write an extravagant session plan to learn about java. Make sure to include a postscript starting with P.P.S","detectable_content:postscript","detectable_content",1,0.58439911925185,0,0.319096959059527,0
"ifeval","ifeval_20260421T021146Z_71","Draft a blog post about Ripley's Aquarium. Make sure your blog post contains at least 7 placeholders represented by square brackets, such as [location].","detectable_content:number_placeholders","detectable_content",1,1.44772281610059,0,-0.246158631925386,0
"ifeval","ifeval_20260421T021146Z_72","Improper use of the Java API can lead to vulnerabilities in web applications. Write a code snippet to demonstrate this. Then demonstrate how to fix the code. Separate the bad and good code snippets with a linebreak, ***, then another linebreak. Example:

[code snippet 1]
***
[code snippet 2]

Add code comments in the code snippets. One of the comments should contain the keyword ""vulnerable"".","length_constraints:number_paragraphs|keywords:existence","length_constraints|keywords",2,1.24704573650596,0.142738877111569,0.0568424032382837,0.0596383172330095
"ifeval","ifeval_20260421T021146Z_73","Write a planning doc for a software engineer task. Follow the exact format below:

Part 1. Task Summary
[put details here]
***
Part 2. Motivation
[put details here]
***
Part 3. Milestone objectives
[put details here]
***
Part 4. Timeline
[put details here]
***
Part 5. Doc history
[put details here]","length_constraints:number_paragraphs","length_constraints",1,1.23942379358129,0.170243230784611,0,0.395111500192424
"ifeval","ifeval_20260421T021146Z_74","Write a limerick about a woman named Sarah who lives in a town where it's always 90°F. Highlight at least 6 sections in your answer with markdown, example: *highlighted section*. Mention the name Sarah only once.","detectable_format:number_highlighted_sections|keywords:frequency|keywords:existence","detectable_format|keywords|keywords",3,0.727480702741184,0,0.0976870159727825,0.0665735476486419
"ifeval","ifeval_20260421T021146Z_75","Write me a funny song with less than 10 sentences for a proposal to build a new playground at my local elementary school.","length_constraints:number_sentences","length_constraints",1,0.175540228103771,0,0.49352942401545,0.0146905258309743
"ifeval","ifeval_20260421T021146Z_76","Write a letter to your friend who recently moved away. Your entire response should be in English, and in all capital letters. The letter o should appear at least 40 times.","change_case:english_capital|keywords:letter_frequency","change_case|keywords",2,0.265990706484576,1.00108818462935,0.427023848294948,0
"ifeval","ifeval_20260421T021146Z_77","Write a blog post about the latest news in the US with a title in double angular brackets, i.e. <<title>>, and have less than 5 sentences (excluding 5). The sentences should be long, so that the total number of words in your response should be 250 or more.","detectable_format:title|length_constraints:number_sentences|length_constraints:number_words","detectable_format|length_constraints|length_constraints",3,0.72299494638886,0,0.0769713879065856,0.755163637513473
"ifeval","ifeval_20260421T021146Z_78","List the pros and cons of using two different names for the same thing. Make sure the word synonyms appears at least 3 time.","keywords:frequency","keywords",1,1.16268360954413,0,0,0
"ifeval","ifeval_20260421T021146Z_79","I'm interested in a college with open enrollment and a regional accreditation. Which college would you recommend? Don't include the keywords ""DuPage"" and ""Dade"" in your response. Let's make it a constrained writing problem: be sure the letter p appears at least 15 times in your response.","keywords:letter_frequency|keywords:forbidden_words","keywords|keywords",2,0.696776926592866,0,-0.011047205591092,-0.0595393973043811
"ifeval","ifeval_20260421T021146Z_8","Write a letter to a friend in all lowercase letters ask them to go and vote.","change_case:english_lowercase","change_case",1,1.34055034595408,0,0.0122909639962962,0
"ifeval","ifeval_20260421T021146Z_80","Write a 30-line poem with short sentences without any comma. Each line should contain exactly one sentence. Make sure that you put the right punctuation at the end of each line. Your entire response should contain the poem only.","punctuation:no_comma|length_constraints:number_sentences|length_constraints:number_sentences","punctuation|length_constraints|length_constraints",3,1.22149989805395,-0.0841812502237976,0,0.713792097576824
"ifeval","ifeval_20260421T021146Z_81","Write a joke about morphology that's professional and includes the word ""cat"" at least once, and the word ""knock"" at least twice. Wrap your whole response with double quotation marks.","startend:quotation|keywords:frequency|keywords:existence","startend|keywords|keywords",3,1.1970090214535,0.110019164583186,1.08399134134047,0
"ifeval","ifeval_20260421T021146Z_82","A colt is 5 feet tall. It will grow 6 inches every month. How tall will it be in 3 years? Think step-by-step, then give your answer. Separate your thinking and the final answer by a line with just three ""*"" symbols: ***
At the end of your response, please explicitly add a postscript starting with P.P.S","length_constraints:number_paragraphs|detectable_content:postscript","length_constraints|detectable_content",2,1.43659287506702,0,0.19091611123805,0
"ifeval","ifeval_20260421T021146Z_83","Write a story about commandos who are in the middle of the night in a sector. It should be in English, and no capital letters are allowed. The story should not include keywords ""coop"", ""killings"", ""dead"", ""night"".","change_case:english_lowercase|keywords:forbidden_words","change_case|keywords",2,0.331938938331731,1.04283854316956,-0.0295040830469815,0.420782612759188
"ifeval","ifeval_20260421T021146Z_84","Write an article about the reality of disability. Your article must end with the exact phrase ""Is there anything else I can help with?"". No other words should follow this phrase.","startend:end_checker","startend",1,1.24435938178533,0,0.96251665618099,0
"ifeval","ifeval_20260421T021146Z_85","Write a song that critiques the song ""We Are Never Ever Getting Back Together"" by Taylor Swift. Wrap your entire response with double quotation marks. Do not mention the word Taylor, Swift, or Together.","startend:quotation|keywords:forbidden_words","startend|keywords",2,1.49411208307449,0,0.749191048360129,0.169576511333061
"ifeval","ifeval_20260421T021146Z_86","Can you rewrite ""Cognitive Services on Azure will be renamed to Azure Applied AI Services"" in an engaging tone, without using the word ""rename"" or ""name""? Keep it under 3 sentences (just 1 or 2 sentences, not 3).","keywords:forbidden_words|length_constraints:number_sentences","keywords|length_constraints",2,0.673933483514104,0.0701671252980574,0.404405929613462,0.0359690091560452
"ifeval","ifeval_20260421T021146Z_87","Write a weird poem about yoda being transported into a different universe in the Persian language, no other language is allowed.","language:response_language","language",1,0.0528148236017693,0.727373171211094,0.395411496205127,-0.180762615521253
"ifeval","ifeval_20260421T021146Z_88","Write a blog post about the most interesting things you have seen or ridden on public transportation.
First repeat the sentence above word for word without change, then give your answer. Do not say any words or characters before repeating the sentence.","combination:repeat_prompt","combination",1,1.49480340309434,0.234749743988095,-0.102705406928372,0.0957554874128248
"ifeval","ifeval_20260421T021146Z_89","Write a casual, interesting, and weird resume for Antonia Maj who is applying for a job at a coffee company. They have experience in marketing, customer service, and sales. They are educated but not majored in anything related to coffee.
Make sure to include at least two sections marking the beginning of each section with 'SECTION X'. In your entire response make sure to use exactly two bullet points in markdown format. Please use the following bullet point format:
* Text for bullet 1
* Text for bullet 2","detectable_format:multiple_sections|detectable_format:number_bullet_lists","detectable_format|detectable_format",2,0.766176380869947,0,0,0.374259159534202
"ifeval","ifeval_20260421T021146Z_9","Write a long email template that invites a group of participants to a meeting, with at least 500 words. The email must include the keywords ""correlated"" and ""experiencing"" and should not use any commas.","keywords:existence|length_constraints:number_words|punctuation:no_comma","keywords|length_constraints|punctuation",3,1.33932599240224,-0.028122856411363,-0.111535236264129,0.436761211959331
"ifeval","ifeval_20260421T021146Z_90","Write a song about tomatoes and brothers. It should be funny and appropriate for teenagers. The word associations should appear at least 4 times in the song.","keywords:frequency","keywords",1,0.355037720148837,-0.0445746311764384,0,0.405376089377719
"ifeval","ifeval_20260421T021146Z_91","Write a haiku about a lion that includes the keywords ""forests"" and ""riddle"". Refrain from using commas in your haiku.","keywords:existence|punctuation:no_comma","keywords|punctuation",2,1.22629008080674,0.0181223635108774,-0.0658057658285184,0.60493162107926
"ifeval","ifeval_20260421T021146Z_92","Generate a forum thread about several people waiting to hear the latest local news. All sentences should be short. Refrain from using any commas. Use placeholders to represent different usernames. Use square brackets for placeholders, like [username1], [username2]. Please include at least 20 placeholders in the thread.","detectable_content:number_placeholders|punctuation:no_comma","detectable_content|punctuation",2,0.857650715333629,0,0.0633395754730468,0.517241204709119
"ifeval","ifeval_20260421T021146Z_93","Write a five line poem about the time you had a binge watching episode. The poem should have a rhyme scheme of AABBA and include the word ""Netflix"". Your entire response should be in English, and should not contain any capital letters.","change_case:english_lowercase|keywords:existence","change_case|keywords",2,0.358242513309552,1.21317823497564,0,0
"ifeval","ifeval_20260421T021146Z_94","I am a software engineer with 7 years of experience, and I am looking for a new job. Can you create a resume for me and explain each section?

First repeat the exact request above, then give your answer. Do not say any word before repeating the exact request.","combination:repeat_prompt","combination",1,1.20473392145856,0,0,0.520298408702057
"ifeval","ifeval_20260421T021146Z_95","Write an essay of at least 900 words on the topic of navigable freeway. Make sure the entire response is in English and no capital letters are used.","change_case:english_lowercase|length_constraints:number_words","change_case|length_constraints",2,0.611915481187471,0.965307415484996,-0.143302835508456,0.425935374923259
"ifeval","ifeval_20260421T021146Z_96","Come up with a proposal for a new research project on how to improve the quality of life for people with disabilities. Your response should be able to be rendered as HTML, and should include the keywords 'atlantis' and 'constable'.","keywords:existence","keywords",1,0.827260014870568,0,0.278837850114038,0
"ifeval","ifeval_20260421T021146Z_97","Write a cover letter for a job application as a tour guide in Beijing in all lowercase letters, with no capitalizations. Make it short -- the entire output should have less than 5 sentences.","change_case:english_lowercase|length_constraints:number_sentences","change_case|length_constraints",2,0.203124778286092,1.01805703311714,0.0312059684807326,0.310993929473384
"ifeval","ifeval_20260421T021146Z_98","Could you tell me what kind of balls are used in tennis? I would like the answer in the form of a medieval style poem with a P.P.S at the end.","detectable_content:postscript","detectable_content",1,1.0620746032199,0,0.0253383369523037,0
"ifeval","ifeval_20260421T021146Z_99","In this task, repeat the exact request below first, then give your response. Do not say any word before repeating the exact request.

Write an acoustic song about the Korean peninsula without using any commas.","combination:repeat_prompt|punctuation:no_comma","combination|punctuation",2,0.707009333610874,-0.132606199472806,0,0.140550235809458
