"stage","signal_source","rotation_method","block_size_mode","loading_design","loading_design_label","n","p","H","G_config","factor_score_rmse_mean","factor_score_rmse_median","factor_score_rmse_sd","factor_score_rmse_n","lambda_rmse_mean","lambda_rmse_median","lambda_rmse_sd","lambda_rmse_n","alpha_rmse_mean","alpha_rmse_median","alpha_rmse_sd","alpha_rmse_n","probability_rmse_mean","probability_rmse_median","probability_rmse_sd","probability_rmse_n","marginal_mu_rmse_mean","marginal_mu_rmse_median","marginal_mu_rmse_sd","marginal_mu_rmse_n","marginal_var_rmse_mean","marginal_var_rmse_median","marginal_var_rmse_sd","marginal_var_rmse_n","marginal_weight_rmse_mean","marginal_weight_rmse_median","marginal_weight_rmse_sd","marginal_weight_rmse_n","estimated_vs_oracle_signal_rmse_mean","estimated_vs_oracle_signal_rmse_median","estimated_vs_oracle_signal_rmse_sd","estimated_vs_oracle_signal_rmse_n","estimated_vs_oracle_alpha_rmse_mean","estimated_vs_oracle_alpha_rmse_median","estimated_vs_oracle_alpha_rmse_sd","estimated_vs_oracle_alpha_rmse_n","estimated_vs_oracle_linear_predictor_rmse_mean","estimated_vs_oracle_linear_predictor_rmse_median","estimated_vs_oracle_linear_predictor_rmse_sd","estimated_vs_oracle_linear_predictor_rmse_n","estimated_vs_oracle_probability_rmse_mean","estimated_vs_oracle_probability_rmse_median","estimated_vs_oracle_probability_rmse_sd","estimated_vs_oracle_probability_rmse_n","estimated_vs_oracle_subspace_distance_mean","estimated_vs_oracle_subspace_distance_median","estimated_vs_oracle_subspace_distance_sd","estimated_vs_oracle_subspace_distance_n","estimated_vs_full_oracle_z_rmse_mean","estimated_vs_full_oracle_z_rmse_median","estimated_vs_full_oracle_z_rmse_sd","estimated_vs_full_oracle_z_rmse_n","oracle_lowrank_vs_full_oracle_z_rmse_mean","oracle_lowrank_vs_full_oracle_z_rmse_median","oracle_lowrank_vs_full_oracle_z_rmse_sd","oracle_lowrank_vs_full_oracle_z_rmse_n","seconds_mean","seconds_median","seconds_sd","seconds_n","end_to_end_seconds_mean","end_to_end_seconds_median","end_to_end_seconds_sd","end_to_end_seconds_n","signal_seconds_mean","signal_seconds_median","signal_seconds_sd","signal_seconds_n","rotation_seconds_mean","rotation_seconds_median","rotation_seconds_sd","rotation_seconds_n","refinement_seconds_mean","refinement_seconds_median","refinement_seconds_sd","refinement_seconds_n"
"pretrain","estimated_Z","fastica_only","ifeval_min30","balanced_moderate_dense_signed_cross","Cross",100,1000,10,"2-2-2-2-2-2-2-2-2-2",1.40163715351658,1.39951957486521,0.0609970185108825,25,0.579328975000393,0.579328975000393,0,25,0.311914693151085,0.305076475268865,0.0366025129967619,25,0.405120459941778,0.405083811282059,0.00214045520556807,25,0.141975826955307,0.103880442605209,0.0898474787499203,25,0.143139143349526,0.0972688879523581,0.0919518849831584,25,0.0545026130756762,0.0507264962641294,0.0231077949995871,25,0.730633134326008,0.728302930296749,0.0209821384318104,25,0.216451435944349,0.218383695520778,0.00840644105943583,25,0.762035978375825,0.760898809095317,0.0220711540462484,25,0.111642428722671,0.111792905319686,0.00110152143667897,25,0.134992971781253,0.134977299373385,0.00674829573879627,25,1.20524539629547,1.20577831813131,0.0145325089617227,25,0.938235119275692,0.938143556971844,0.00255350921300915,25,1.28792000000074,1.30500000000029,0.0962795063000913,25,1.28792000000074,1.30500000000029,0.0962795063000913,25,1.24000000000087,1.25700000000143,0.0937803284278635,25,0.0479199999998673,0.0469999999986612,0.0072567210225968,25,0,0,0,25
"pretrain","estimated_Z","fastica_only","ifeval_min30","balanced_moderate_dense_signed_cross","Cross",100,1000,10,"3-3-3-3-3-3-3-3-3-3",1.38125443010473,1.3750799673349,0.0650392241364884,25,0.579323548566918,0.579328975000393,1.20069575619396e-05,25,0.330616631613,0.326427192404598,0.0236273066246721,25,0.391018250000968,0.391307753553594,0.00449669143274974,25,0.440177083062277,0.436670065427183,0.098765539240001,25,0.33001591993864,0.300374712673335,0.0821506593133175,25,0.219793094791982,0.218414398360734,0.0248804106575065,25,0.791868092398129,0.796636593240753,0.0258162199674859,25,0.241796344404639,0.240934566680132,0.0101612409710246,25,0.827984475892296,0.831583147768896,0.0270261161749372,25,0.117337690630712,0.117288569361066,0.000977989452254384,25,0.145211045568691,0.145102583757395,0.00408584008073079,25,1.24813923395092,1.25003807387313,0.0171424347768522,25,0.938981508190446,0.938790560577362,0.00263345733413176,25,1.71535999999731,1.72900000000664,0.0998894722511768,25,1.71535999999731,1.72900000000664,0.0998894722511768,25,1.62075999999826,1.62600000000384,0.0954429498017752,25,0.0945999999990454,0.0979999999981374,0.00865544144855835,25,0,0,0,25
"pretrain","estimated_Z","fastica_only","ifeval_min30","balanced_moderate_dense_signed_cross","Cross",100,1000,5,"2-2-2-2-2",1.38595513969833,1.39486053754648,0.125165069227975,25,0.745360614325595,0.745360614325595,0,25,0.278856959365553,0.28133875038351,0.0342890959265435,25,0.396505574125451,0.396671771564022,0.00286189116618671,25,0.0986989194902994,0.0868355005371022,0.0521083183699088,25,0.0911950911530156,0.0789852016595377,0.0571635657193023,25,0.0483020326521902,0.0449733136666871,0.0164549433640232,25,0.469831082754465,0.469887436960456,0.014135998368833,25,0.196285173961517,0.196926492756193,0.00712395875169583,25,0.509203435797818,0.507892933102177,0.0151908332997186,25,0.0775588951736822,0.0776173482276625,0.000866102734672758,25,0.101791802334717,0.101890310073588,0.00522756868412735,25,1.09164124793847,1.09276309609495,0.00647327188760067,25,0.966921875728539,0.967253821492648,0.0024501674459429,25,1.11571999999999,1.13700000000006,0.0927332734243844,25,1.11571999999999,1.13700000000006,0.0927332734243844,25,1.0904,1.11400000000003,0.0930774766883303,25,0.025319999999997,0.0240000000000009,0.00405914605140614,25,0,0,0,25
"pretrain","estimated_Z","fastica_only","ifeval_min30","balanced_moderate_dense_signed_cross","Cross",100,1000,5,"3-3-3-3-3",1.44373166349998,1.4327885536985,0.149416575126835,25,0.745360614325595,0.745360614325595,0,25,0.274796001346614,0.265394872688409,0.0350698759055491,25,0.374696533164097,0.374891805144921,0.00442605812650816,25,0.317342712323462,0.304154409162807,0.0555702765176909,25,0.272218182360976,0.262651962596214,0.0288295935525088,25,0.160931773327518,0.16577971789086,0.0268835573903659,25,0.493015197295838,0.494093523332423,0.0124549416297447,25,0.195644354509018,0.195245694527434,0.00731970119566081,25,0.530440132085411,0.53237662568462,0.0134752837727817,25,0.0827194504355938,0.0827230790286382,0.00077411343543112,25,0.113197584573343,0.112941008660348,0.00714384750234428,25,1.10123038137143,1.10076671224343,0.00652476582250248,25,0.96676614034703,0.96670716958512,0.0018773791482385,25,1.46564000000013,1.48199999999997,0.082416563869479,25,1.46564000000013,1.48199999999997,0.082416563869479,25,1.41056000000011,1.42499999999927,0.0807852503040975,25,0.0550800000000163,0.0540000000000873,0.00593660958244709,25,0,0,0,25
"pretrain","estimated_Z","fastica_only","ifeval_min30","balanced_moderate_dense_signed_cross","Cross",100,1500,10,"2-2-2-2-2-2-2-2-2-2",1.41810563481848,1.4094891110978,0.0716398196130363,25,0.583088680632177,0.583088680632177,0,25,0.2923088826102,0.290275235712113,0.0389909608125665,25,0.404444839752603,0.404909332283669,0.002391144299674,25,0.136367320591769,0.101410475971578,0.0893059131332265,25,0.132599394026971,0.0914311634997105,0.0848238198412799,25,0.0562251188364211,0.0507656665624002,0.029385852916583,25,0.692752862298873,0.684684917473847,0.0250912927255322,25,0.208816585399054,0.205898239265521,0.00920727305878452,25,0.723553150471753,0.71522237237813,0.0263688969500321,25,0.108189223624205,0.107947424587048,0.00112284952764711,25,0.118572959846081,0.117785461492275,0.00469831597076129,25,1.18347086948309,1.18050497796954,0.0158687601219554,25,0.940123081449255,0.939963674915339,0.00157161712828616,25,1.63575999999972,1.63099999999395,0.179790220349765,25,1.63575999999972,1.63099999999395,0.179790220349765,25,1.58440000000031,1.5769999999975,0.180948197007034,25,0.051359999999404,0.0500000000029104,0.00777753174219212,25,0,0,0,25
"pretrain","estimated_Z","fastica_only","ifeval_min30","balanced_moderate_dense_signed_cross","Cross",100,1500,10,"3-3-3-3-3-3-3-3-3-3",1.41293670065415,1.40138982941953,0.0757801566865991,25,0.583085657615489,0.583088680632177,9.42356523022455e-06,25,0.325514058914968,0.323008658647285,0.0359340110030529,25,0.391662589848057,0.391558155593045,0.00448069347778001,25,0.428367142172125,0.417953462722547,0.0871325512728613,25,0.296193209442431,0.293364996922883,0.0406097513532944,25,0.219871358297706,0.216388458090644,0.0195056151558542,25,0.748190649734033,0.747573544067268,0.0204895360730482,25,0.229188049192569,0.228282498474416,0.00658749014993078,25,0.782520079579006,0.781235790255468,0.021001556692341,25,0.114550925294596,0.1145129347672,0.000929065881465074,25,0.127147677812544,0.127602730867586,0.00635052692249713,25,1.21997900286595,1.21837081117563,0.0137327791172033,25,0.940120739604502,0.940768985329916,0.00201127750118928,25,2.30075999999885,2.30499999999302,0.151108757741277,25,2.30075999999885,2.30499999999302,0.151108757741277,25,2.20119999999937,2.1929999999993,0.146714291509267,25,0.0995599999994738,0.100999999995111,0.0120487897057132,25,0,0,0,25
"pretrain","estimated_Z","fastica_only","ifeval_min30","balanced_moderate_dense_signed_cross","Cross",100,1500,5,"2-2-2-2-2",1.37327873960376,1.38676559474858,0.179702080372005,25,0.749289957829839,0.749289957829839,0,25,0.270681503497934,0.268308115053755,0.033544429142821,25,0.394157865421428,0.393900643905213,0.00253641678137491,25,0.107559090770796,0.0999252571354074,0.0574269154863781,25,0.0793235591524339,0.0750612786009787,0.0290399436272195,25,0.0552284806683606,0.0514815004485867,0.029676468025059,25,0.452905628226464,0.450738313808217,0.012857232984536,25,0.196344004053968,0.196373459793889,0.00630933968522239,25,0.493650311426539,0.493179158216034,0.013721849768426,25,0.0761894152642094,0.0761769012127644,0.000817290401892368,25,0.0896811851075491,0.090207568976413,0.00452585349848633,25,1.0854235580728,1.08395806131569,0.00693296988409309,25,0.967911214430536,0.967852293736669,0.00224729346405376,25,1.44968000000001,1.45900000000006,0.113977600138531,25,1.44968000000001,1.45900000000006,0.113977600138531,25,1.42092000000003,1.43399999999997,0.114035783857535,25,0.0287599999999748,0.02800000000002,0.00534072404580051,25,0,0,0,25
"pretrain","estimated_Z","fastica_only","ifeval_min30","balanced_moderate_dense_signed_cross","Cross",100,1500,5,"3-3-3-3-3",1.40374051781042,1.40775821640721,0.139051574547407,25,0.749286835943917,0.749289957829839,9.25972794807436e-06,25,0.268985245133202,0.262203729043163,0.0340220767779375,25,0.376278852947481,0.376899914773464,0.00569650677538181,25,0.297330600700494,0.296161399235371,0.0382569569965538,25,0.259428265040592,0.259198098968695,0.0177807085129055,25,0.1499348131355,0.159481932567441,0.0284445326175315,25,0.473450466745948,0.473108170565005,0.01727428746297,25,0.194116520429951,0.192341803659253,0.0081607647213792,25,0.511712620625848,0.510122984918295,0.0187405804861116,25,0.0809891435681298,0.0810131182571078,0.000810819702661732,25,0.0963444857984255,0.0948351685863284,0.0062541907401174,25,1.09376811394513,1.09319181802535,0.0080278883657452,25,0.967858116612233,0.96800747553614,0.00203371865417848,25,2.05167999999976,2.0669999999991,0.156802614773893,25,2.05167999999976,2.0669999999991,0.156802614773893,25,1.9932,2.01800000000003,0.154896201804035,25,0.0584799999997631,0.0580000000009022,0.00617872694568725,25,0,0,0,25
"pretrain","estimated_Z","fastica_only","ifeval_min30","balanced_moderate_dense_signed_cross","Cross",100,2000,10,"2-2-2-2-2-2-2-2-2-2",1.42099442089492,1.4138562292202,0.0571154348358767,25,0.581019736017126,0.581019736017126,0,25,0.285244538960309,0.280575528733553,0.0264531771233387,25,0.403622652632218,0.403783107196608,0.00293839887893619,25,0.112160913452642,0.0932685769136133,0.0553877397005693,25,0.116222977856212,0.0886734909205955,0.0675209163505965,25,0.0499042371116504,0.0474882602379278,0.0136353142267937,25,0.675101441617915,0.676533950091884,0.0190971617596627,25,0.206244290737961,0.206664677267766,0.00540872997242324,25,0.705913007744794,0.70721405377596,0.0194638324472197,25,0.106923556829504,0.107012079275146,0.00110763072969116,25,0.110656661669867,0.111623237515188,0.00485841071473747,25,1.1738283327432,1.17302442985708,0.0116037846921084,25,0.941228680663329,0.941343625777153,0.00155862558502764,25,2.00860000000132,2.04099999999744,0.166285647807954,25,2.00860000000132,2.04099999999744,0.166285647807954,25,1.95696000000084,1.99500000000262,0.167845534147734,25,0.0516400000004796,0.0529999999998836,0.00543813693531541,25,0,0,0,25
"pretrain","estimated_Z","fastica_only","ifeval_min30","balanced_moderate_dense_signed_cross","Cross",100,2000,10,"3-3-3-3-3-3-3-3-3-3",1.41706455633913,1.42746440768556,0.0603855705892204,25,0.581017488941946,0.581019736017126,6.80536027179337e-06,25,0.324377560809007,0.318695377280695,0.0315203304905286,25,0.388454963632148,0.387626271266512,0.00453315832652358,25,0.466007196845,0.435051819377348,0.0881141959064439,25,0.31341085323179,0.286353835110831,0.061556545684038,25,0.214775285763493,0.217888216395417,0.0247769219803373,25,0.727830200978402,0.727983399930861,0.0167744918797643,25,0.226827083911731,0.227137685983202,0.00730522983479181,25,0.762367351716682,0.761361394564226,0.0178158535143456,25,0.113423062124458,0.113596267811647,0.000759451813948921,25,0.117578216644534,0.117905142436345,0.0073559344247366,25,1.2080844291291,1.20772097101144,0.0110488870631955,25,0.940884544943493,0.940566682536772,0.0013408495158207,25,2.9048800000007,2.9149999999936,0.171784826649102,25,2.9048800000007,2.9149999999936,0.171784826649102,25,2.79959999999963,2.80599999999686,0.167571626477061,25,0.105280000001076,0.105999999999767,0.0106047159355388,25,0,0,0,25
"pretrain","estimated_Z","fastica_only","ifeval_min30","balanced_moderate_dense_signed_cross","Cross",100,2000,5,"2-2-2-2-2",1.42768976106881,1.42485115507786,0.093773720391676,25,0.74785852175892,0.74785852175892,0,25,0.272084110389745,0.277237778615234,0.0274358829760291,25,0.394025081791547,0.39380633331291,0.00342018768551245,25,0.106315078762436,0.0998859191740611,0.0542334548865794,25,0.0852659635895683,0.0756556316458227,0.0574657405087852,25,0.0522118325345594,0.0514945372422114,0.0195828116650291,25,0.446503714712485,0.446255264832729,0.0115130656696508,25,0.194235214594827,0.192855436214645,0.00681004326167628,25,0.486939408592781,0.486010506509997,0.012693029402038,25,0.0753703767623475,0.0754114683580281,0.000425925605934574,25,0.0821988202063303,0.0813670709491905,0.00543384837195176,25,1.08313655886201,1.08437956998834,0.00518655045513337,25,0.968571574259923,0.968650764849346,0.00161139684450106,25,1.88660000000003,1.85599999999999,0.144152696818339,25,1.88660000000003,1.85599999999999,0.144152696818339,25,1.85496000000002,1.827,0.142423511635733,25,0.0316400000000158,0.0309999999999491,0.00489795875855437,25,0,0,0,25
"pretrain","estimated_Z","fastica_only","ifeval_min30","balanced_moderate_dense_signed_cross","Cross",100,2000,5,"3-3-3-3-3",1.32922138957748,1.38080966832805,0.14104451841997,25,0.747856649201278,0.74785852175892,7.99798884441602e-06,25,0.272755758248048,0.264183655307926,0.0357638119977418,25,0.373424386892118,0.37449703872464,0.00862745392428676,25,0.307650327489497,0.298341999299639,0.0426321961901002,25,0.265635603350485,0.255904706061054,0.0240110614659488,25,0.167705222837059,0.164531398909807,0.0261599065315192,25,0.462895524876611,0.464977721079788,0.0110307371029252,25,0.191445911656813,0.191719296411093,0.00634790490461084,25,0.500939680725181,0.502291559135607,0.0120214414025429,25,0.0803320508040958,0.0806312209340233,0.000858208479992697,25,0.089837753273104,0.0890101303876053,0.00498346518343329,25,1.08939703074316,1.08971740047142,0.00577547805583582,25,0.968596872394498,0.968419231433043,0.0021456002576486,25,2.57004000000037,2.57499999999709,0.143940520123152,25,2.57004000000037,2.57499999999709,0.143940520123152,25,2.50940000000039,2.51100000000042,0.145126094598059,25,0.0606399999999849,0.0599999999976717,0.00525896060672164,25,0,0,0,25
"pretrain","estimated_Z","fastica_only","ifeval_min30","balanced_moderate_dense_signed_cross","Cross",100,500,10,"2-2-2-2-2-2-2-2-2-2",1.39461778531915,1.40680925985154,0.112221510258977,25,0.568764338662704,0.568776528188644,2.12547328874416e-05,25,0.338435851795087,0.333960546102843,0.0419704248279767,25,0.407711640453336,0.408098516617043,0.0031287119440531,25,0.163586947767904,0.101423191153914,0.109219593301964,25,0.174576764976261,0.115395469640699,0.0994596177218761,25,0.0536171963480398,0.0476116666431614,0.0240047140266547,25,0.854420550689656,0.854914031162503,0.0393628340398076,25,0.244549640742141,0.242902461724103,0.016819520874257,25,0.888771290409641,0.89074835843117,0.0418782137840008,25,0.11915084276594,0.11935228644037,0.00171741844426643,25,0.175516258314862,0.171817533955644,0.00801471177634573,25,1.28435205455881,1.28530869012648,0.0280630869203857,25,0.93397555669652,0.93414574717499,0.00253686344532406,25,0.897680000000109,0.890999999999622,0.0772008851419039,25,0.897680000000109,0.890999999999622,0.0772008851419039,25,0.846639999999752,0.843000000000757,0.0747890811997967,25,0.0510400000003574,0.0489999999990687,0.00912633551807018,25,0,0,0,25
"pretrain","estimated_Z","fastica_only","ifeval_min30","balanced_moderate_dense_signed_cross","Cross",100,500,10,"3-3-3-3-3-3-3-3-3-3",1.36182048419753,1.35476748498399,0.0814961923808642,25,0.568745373992257,0.568776528188644,5.27464008870465e-05,25,0.342616477482051,0.336480256213656,0.0311683364190464,25,0.392519468044546,0.392790122044945,0.00505468607251146,25,0.485094106642683,0.458307886870173,0.0714067310863668,25,0.334327508824522,0.31698749912868,0.0540127550161782,25,0.223563819930336,0.223824119867185,0.0240193580588934,25,0.885330288449517,0.884065278506534,0.0147583973960836,25,0.253732281581533,0.254426143732982,0.00752403232694635,25,0.921003839793171,0.920050402930218,0.0146188359809929,25,0.123577654319859,0.123783348739983,0.00092669619190779,25,0.182638440786768,0.182644023038658,0.00589525507570821,25,1.30588643228382,1.30592316478963,0.0100927058520951,25,0.934022478731268,0.93397981054711,0.00314935274098584,25,1.20044000000024,1.08200000000215,0.236026142619911,25,1.20044000000024,1.08200000000215,0.236026142619911,25,1.09528000000078,0.978000000002794,0.220159699611879,25,0.105159999999451,0.101999999998952,0.0190999127402773,25,0,0,0,25
"pretrain","estimated_Z","fastica_only","ifeval_min30","balanced_moderate_dense_signed_cross","Cross",100,500,5,"2-2-2-2-2",1.37949206073588,1.40173771579541,0.160912027622778,25,0.745843276530558,0.745843276530558,0,25,0.284549801617439,0.277210407974295,0.0375889025645528,25,0.39968025548581,0.399173532668943,0.00420816134068897,25,0.111578608713943,0.0910459821854024,0.0795698839962435,25,0.111054629362435,0.085824784385672,0.090480649795532,25,0.048183022553453,0.0469590063727227,0.0167632582916435,25,0.525333635961724,0.530411093388952,0.0196190402721793,25,0.206110644591301,0.207225753029624,0.00835364028915614,25,0.564350303363665,0.571037828762994,0.0204701109684126,25,0.0817281547187452,0.0816323432177843,0.0012194736660369,25,0.133480151554653,0.131800211783067,0.00524576942490392,25,1.11630006322615,1.11738305811167,0.0105124819807542,25,0.964967631408917,0.965515107950592,0.00300269178821969,25,0.7336,0.742000000000019,0.0603690041881269,25,0.7336,0.742000000000019,0.0603690041881269,25,0.70828,0.717999999999989,0.0586419360753618,25,0.0253199999999998,0.0229999999999997,0.00887280489285141,25,0,0,0,25
"pretrain","estimated_Z","fastica_only","ifeval_min30","balanced_moderate_dense_signed_cross","Cross",100,500,5,"3-3-3-3-3",1.41790921431925,1.41319705234222,0.111227992650943,25,0.745835027331561,0.745843276530558,2.56608305256377e-05,25,0.28923138451687,0.281523671439278,0.0397187702251753,25,0.377919605756114,0.378543865483391,0.00617065898385604,25,0.316627386607798,0.308688606951684,0.0429901722651472,25,0.270380471993448,0.267946391850685,0.0177549146337995,25,0.16280426523234,0.156579226435018,0.0278793149362911,25,0.538826066951769,0.534434384138134,0.0178657495883127,25,0.202170007958517,0.201998831101194,0.00889176886173933,25,0.575553276097171,0.574237686522718,0.0184556771369811,25,0.0864986156498831,0.0864851581061519,0.00141460833346008,25,0.142820293583676,0.143919927385746,0.00771189400414731,25,1.12121107528962,1.11894806006531,0.0110422989921015,25,0.964481524385647,0.96516421180578,0.00377038109697618,25,0.914879999999976,0.899999999999636,0.06177399668699,25,0.914879999999976,0.899999999999636,0.06177399668699,25,0.860520000000033,0.846999999999753,0.0586288609249607,25,0.0543599999999424,0.0529999999998836,0.00694550214171505,25,0,0,0,25
"pretrain","estimated_Z","fastica_only","ifeval_min30","balanced_moderate_dense_signed_cross","Cross",200,1000,10,"2-2-2-2-2-2-2-2-2-2",1.41377056497547,1.41329582208231,0.0692708760326623,25,0.579328975000393,0.579328975000393,0,25,0.20030485555544,0.199003526343223,0.0195668373315176,25,0.398720172753295,0.398953316092714,0.00132476457496156,25,0.06658914925237,0.0698640357113136,0.014679952545713,25,0.055488541392737,0.0563541459939328,0.00401284941606201,25,0.0341196565644567,0.0358432510210164,0.00769282503610644,25,0.477415870907442,0.477773387672505,0.00616699671147309,25,0.143267741923386,0.142128070862994,0.0047795579641367,25,0.498467421951155,0.498572857137149,0.00647349607435726,25,0.0812955764097527,0.0814593096097521,0.000682481194004195,25,0.118644543416647,0.119121208859651,0.00277621395488054,25,1.08607279585171,1.0855342513809,0.0031106145058977,25,0.966687027734447,0.966496633719268,0.00126167632551014,25,5.37295999999973,5.33099999999831,0.336035771905673,25,5.37295999999973,5.33099999999831,0.336035771905673,25,5.29779999999941,5.2589999999982,0.337508148050288,25,0.0751600000003236,0.0740000000005239,0.00664379409720108,25,0,0,0,25
"pretrain","estimated_Z","fastica_only","ifeval_min30","balanced_moderate_dense_signed_cross","Cross",200,1000,10,"3-3-3-3-3-3-3-3-3-3",1.39828875005897,1.40721643664183,0.0864781798835519,25,0.579328975000393,0.579328975000393,0,25,0.197379891049539,0.192280402158395,0.0177740936594933,25,0.38324155956668,0.383618739726272,0.00319396406981216,25,0.23734944849992,0.228096617339012,0.0397798415370592,25,0.238864875760697,0.235984131972455,0.0346235210186621,25,0.106473024354339,0.103226777317766,0.0216319965487943,25,0.480853763005814,0.48121765880928,0.00722370526282596,25,0.138735663897723,0.139053635071702,0.00421802950720687,25,0.500476929351128,0.501307234635295,0.0077690467750583,25,0.0847506955229611,0.0847191697505069,0.00061386334964634,25,0.124425523214205,0.124525858059656,0.00350163968832714,25,1.08720123363732,1.08676009859591,0.00385736839002602,25,0.967066162338944,0.967075138624574,0.00153210109750799,25,4.88047999999952,4.86399999998685,0.202096330166049,25,4.88047999999952,4.86399999998685,0.202096330166049,25,4.77207999999984,4.76499999999942,0.200177404652932,25,0.108399999999674,0.105000000010477,0.0125033328885189,25,0,0,0,25
"pretrain","estimated_Z","fastica_only","ifeval_min30","balanced_moderate_dense_signed_cross","Cross",200,1000,5,"2-2-2-2-2",1.39535405323764,1.4078970419343,0.153466640006663,25,0.745360614325595,0.745360614325595,0,25,0.197369676009991,0.197349701482612,0.0226427499494745,25,0.392584569261378,0.392912313206298,0.0020308416857174,25,0.0643961089758832,0.069366742090636,0.0170199084450537,25,0.0439444271276127,0.0431020518814166,0.00372459870598632,25,0.0331977882339097,0.0354572319388581,0.00889618947131179,25,0.335260854770584,0.336082531459926,0.006882152435247,25,0.145243296672191,0.145128482625984,0.00666718620930746,25,0.365395477233186,0.365693006928846,0.00852349483100866,25,0.0564509873594525,0.056576290404047,0.000511729487035264,25,0.0937992239095577,0.0932598714623351,0.00321209283000866,25,1.04737564518091,1.04755297619953,0.00306367386162816,25,0.982136723978484,0.982105380271351,0.00169371038977401,25,3.55911999999998,3.48800000000028,0.186089207997962,25,3.55911999999998,3.48800000000028,0.186089207997962,25,3.52344000000001,3.44900000000007,0.186806959185105,25,0.0356799999999748,0.0350000000003092,0.00299610858727616,25,0,0,0,25
"pretrain","estimated_Z","fastica_only","ifeval_min30","balanced_moderate_dense_signed_cross","Cross",200,1000,5,"3-3-3-3-3",1.42583684921041,1.40116900168574,0.101876916739839,25,0.745360614325595,0.745360614325595,0,25,0.198805917867229,0.183410445873799,0.0400435227298666,25,0.370992804371479,0.371725440293949,0.00401398153090536,25,0.154127818937541,0.154981106902996,0.0318148176825533,25,0.162837116852935,0.162766267925504,0.0265537273270214,25,0.0626116770470154,0.0534700435241184,0.023535738348958,25,0.33605467024537,0.337555766011098,0.008542579840951,25,0.132253882933741,0.132302215012105,0.00467124784096651,25,0.361157803935316,0.363140873930871,0.009121630602636,25,0.0599092081280784,0.0598554287517175,0.000653030553205807,25,0.10237520278369,0.103495892240066,0.00488301163052143,25,1.04628367211038,1.04587585224498,0.00343261183294369,25,0.982642083802302,0.982559100415882,0.00116142369522782,25,4.57787999999957,4.59599999999773,0.261186446815021,25,4.57787999999957,4.59599999999773,0.261186446815021,25,4.50451999999947,4.52199999999721,0.260757090027918,25,0.0733600000001024,0.0730000000003201,0.00341418609118894,25,0,0,0,25
"pretrain","estimated_Z","fastica_only","ifeval_min30","balanced_moderate_dense_signed_cross","Cross",200,1500,10,"2-2-2-2-2-2-2-2-2-2",1.42452540713369,1.4128057714214,0.0435060537655531,25,0.583088680632177,0.583088680632177,0,25,0.203373854752692,0.198277910784943,0.0306238969205312,25,0.398750285880429,0.398799649382925,0.00197647801407834,25,0.0702784085528763,0.0677050749781503,0.0161287953662766,25,0.0520845726490531,0.0516320328000273,0.00402118452412029,25,0.036053233542717,0.0348133601631872,0.00840389668022582,25,0.464946755867752,0.465258589973469,0.00453155341364339,25,0.147155258826455,0.146909217762157,0.00500977967158021,25,0.487692876509771,0.487901500107951,0.00555481658521289,25,0.0784236466968463,0.0785302793823697,0.000382550273355482,25,0.10347037074815,0.103884724673412,0.00246383349066706,25,1.08356648127036,1.0836653054979,0.00293496314661062,25,0.969048525702234,0.968980283435029,0.00140760294086756,25,27.8747599999994,6.72899999999936,109.229755181177,25,27.8747599999994,6.72899999999936,109.229755181177,25,27.8041999999993,6.65699999999924,109.229377547892,25,0.0705600000001141,0.0729999999966822,0.00930089601309458,25,0,0,0,25
"pretrain","estimated_Z","fastica_only","ifeval_min30","balanced_moderate_dense_signed_cross","Cross",200,1500,10,"3-3-3-3-3-3-3-3-3-3",1.40329816190069,1.40770074403096,0.0731468838170933,25,0.583088680632177,0.583088680632177,0,25,0.204537585616484,0.203928274149088,0.021724351940241,25,0.383866313325737,0.383425481670419,0.00259473916471589,25,0.217718021422867,0.208361322155736,0.0462622062215999,25,0.217359662743085,0.213841145295588,0.0315559532416798,25,0.101262579215491,0.0995158526200127,0.0208254600884891,25,0.457942732310861,0.457502411464811,0.00601121194361826,25,0.137061903289934,0.136937361092236,0.00385249805787367,25,0.47802278628564,0.477652769224237,0.0065083724455482,25,0.0820142488310611,0.0821334253134034,0.000742855101886603,25,0.107463468799123,0.107931518012311,0.0031454757572896,25,1.07887620733036,1.07922962422996,0.0029149152102458,25,0.968695661480643,0.968663905094252,0.00143611050504046,25,6.28152000000293,6.30400000000373,0.216649317253801,25,6.28152000000293,6.30400000000373,0.216649317253801,25,6.1698000000004,6.1929999999993,0.217457275496946,25,0.111720000002533,0.110000000000582,0.0080183123739479,25,0,0,0,25
"pretrain","estimated_Z","fastica_only","ifeval_min30","balanced_moderate_dense_signed_cross","Cross",200,1500,5,"2-2-2-2-2",1.38926178975944,1.40893678407139,0.131841376159079,25,0.749289957829839,0.749289957829839,0,25,0.19138815304363,0.187455396430259,0.0162364764116268,25,0.391125546003245,0.391471349994982,0.00275466645925307,25,0.067826352653032,0.062618213005426,0.0219533638807934,25,0.041881380950243,0.0414535904721761,0.00463832767081339,25,0.0349767172459898,0.0325496910360645,0.0113051528996816,25,0.328137783511857,0.326037749221088,0.00506262769549908,25,0.149688695082623,0.150148980492349,0.00489461548001691,25,0.360683368438921,0.358408743612804,0.00614258501598168,25,0.0550322142324545,0.0549798548877617,0.000339478794647654,25,0.0800024484549216,0.0802573553474712,0.00152247119305303,25,1.04676529341325,1.04608265531562,0.00249565974904424,25,0.983128188103468,0.983285244574473,0.00103897717247065,25,4.56912000000015,4.49000000000069,0.257412010856687,25,4.56912000000015,4.49000000000069,0.257412010856687,25,4.53076000000005,4.45200000000023,0.258185701902046,25,0.0383600000001024,0.0389999999997599,0.00308058436015403,25,0,0,0,25
"pretrain","estimated_Z","fastica_only","ifeval_min30","balanced_moderate_dense_signed_cross","Cross",200,1500,5,"3-3-3-3-3",1.43316769437566,1.43897052625676,0.149510778904911,25,0.749289957829839,0.749289957829839,0,25,0.179997748197736,0.173920138269914,0.0234368542569137,25,0.370263713959151,0.370055596699338,0.00533355726985696,25,0.150296757225028,0.152847624178993,0.033251857715749,25,0.165084984243331,0.167520672774636,0.0246351272571518,25,0.0555695530401877,0.0538916459862214,0.0174139142185088,25,0.324143717525566,0.324928582445848,0.004766747527186,25,0.132194522215007,0.131200453629485,0.00476391371013323,25,0.350080846070224,0.350077419165302,0.00573209306744453,25,0.0583018928716179,0.0582099984681781,0.000466571497715954,25,0.0878252909771692,0.0879560647576786,0.00304943883099546,25,1.04325760485898,1.04391022728799,0.0019909344300402,25,0.983323254677948,0.983173835449379,0.00123544038440374,25,6.2535199999997,6.23699999999735,0.247603870459269,25,6.2535199999997,6.23699999999735,0.247603870459269,25,6.17347999999984,6.15999999999985,0.246858279180196,25,0.0800399999998626,0.0769999999974971,0.0101097312854449,25,0,0,0,25
"pretrain","estimated_Z","fastica_only","ifeval_min30","balanced_moderate_dense_signed_cross","Cross",200,2000,10,"2-2-2-2-2-2-2-2-2-2",1.41449025368024,1.41107277641665,0.0575188186377742,25,0.581019736017126,0.581019736017126,0,25,0.197517071868048,0.196573014525065,0.020681849056069,25,0.398492355971826,0.398238335963743,0.00180645112195265,25,0.0690035211223462,0.073099601449697,0.0159740868198196,25,0.050423792675573,0.0494140329338221,0.00386044020106752,25,0.0354719863656188,0.0375936541169258,0.00837911436449629,25,0.455628688004337,0.455557961900763,0.00414690936955543,25,0.148313998009729,0.148221217670104,0.00520129032582354,25,0.479179241649428,0.478999407155828,0.00502887264747545,25,0.0769285142032636,0.0769425424210155,0.000521747414849759,25,0.0937609240475146,0.0931299820949341,0.00283116946775192,25,1.08071385729468,1.08054670919781,0.00250564655865355,25,0.969919786640281,0.969961270045971,0.00110172054590404,25,8.7202399999983,8.7039999999979,0.419487512726002,25,8.7202399999983,8.7039999999979,0.419487512726002,25,8.63763999999879,8.62999999999738,0.420719114533397,25,0.082599999999511,0.0820000000021537,0.0059999999998177,25,0,0,0,25
"pretrain","estimated_Z","fastica_only","ifeval_min30","balanced_moderate_dense_signed_cross","Cross",200,2000,10,"3-3-3-3-3-3-3-3-3-3",1.41297844974108,1.41682372674751,0.08502435045963,25,0.581019736017126,0.581019736017126,0,25,0.194139784610064,0.191185614653524,0.0165018121692422,25,0.383010187022646,0.383074002210557,0.00236345086767326,25,0.216839428525236,0.19411075057403,0.0561801476458247,25,0.220365149073082,0.214880139841824,0.0327646240885478,25,0.095066310831834,0.095559742400635,0.0219573764656499,25,0.446333087094823,0.446217397754384,0.00573857723401201,25,0.136211869686651,0.135382587426198,0.00439364413065083,25,0.466664428414891,0.466990845394236,0.00656341609890215,25,0.0807043362251635,0.0806974029384416,0.000467594429488628,25,0.0971434652551097,0.0973629962778711,0.00247516493706362,25,1.074849552421,1.07500438119922,0.00318676287051903,25,0.969549470647847,0.969586722165832,0.00125777166391651,25,7.98543999999936,7.8579999999929,0.429579162279489,25,7.98543999999936,7.8579999999929,0.429579162279489,25,7.87184000000067,7.74499999999534,0.427947006065348,25,0.113599999998696,0.113000000012107,0.0038729833465581,25,0,0,0,25
"pretrain","estimated_Z","fastica_only","ifeval_min30","balanced_moderate_dense_signed_cross","Cross",200,2000,5,"2-2-2-2-2",1.44073332696257,1.41503684375502,0.103145946175717,25,0.74785852175892,0.74785852175892,0,25,0.197632340882731,0.198521530225557,0.0290513561320633,25,0.390665571104744,0.390673740746241,0.00181902553503865,25,0.0685714922615286,0.073473381909046,0.0228865031718773,25,0.0407119441396338,0.0403422209349687,0.00444078795666837,25,0.0352556801151388,0.0378133300721146,0.0117976391024095,25,0.32207715662274,0.32184936166869,0.0055494230448415,25,0.146771093209021,0.146894958090161,0.00613320168459247,25,0.353964813031698,0.354576552178606,0.00721944163846447,25,0.0543190870943431,0.0543942871584395,0.000325936759614194,25,0.0728619637981633,0.0727380910537843,0.00298108795170187,25,1.04467486791416,1.04481337006443,0.00268032135791388,25,0.983316088985452,0.983378870838899,0.00108566330531876,25,5.95464000000011,5.97800000000007,0.268292110704978,25,5.95464000000011,5.97800000000007,0.268292110704978,25,5.91152000000006,5.9380000000001,0.267828944166371,25,0.0431200000000536,0.0429999999996653,0.0027434771126154,25,0,0,0,25
"pretrain","estimated_Z","fastica_only","ifeval_min30","balanced_moderate_dense_signed_cross","Cross",200,2000,5,"3-3-3-3-3",1.44476037375583,1.43766206171435,0.127738687581375,25,0.74785852175892,0.74785852175892,0,25,0.181185518253501,0.178580916624947,0.0185013213300267,25,0.371894229657714,0.371477207973551,0.00410537723695432,25,0.148446619909502,0.140924517524496,0.0421116134150794,25,0.157535535776784,0.152427683164153,0.0406021878832841,25,0.0506515658798425,0.0459831938501858,0.0171665345803626,25,0.32152926454841,0.322739535120725,0.00619076605899305,25,0.134237468111713,0.134599595504568,0.00415996434577905,25,0.348439664297244,0.349381695801941,0.00676786238055315,25,0.0575225145772212,0.0575277226157904,0.000473339502204418,25,0.0818674050245709,0.0820301184939109,0.00318778240286287,25,1.04329468219964,1.04369026237235,0.00256420434741499,25,0.983885557022566,0.983959208234624,0.00112973582370048,25,7.95191999999981,7.96699999999691,0.325906290212651,25,7.95191999999981,7.96699999999691,0.325906290212651,25,7.87147999999987,7.88699999999881,0.32480919014142,25,0.0804399999999441,0.0800000000017462,0.00287344160608486,25,0,0,0,25
"pretrain","estimated_Z","fastica_only","ifeval_min30","balanced_moderate_dense_signed_cross","Cross",200,500,10,"2-2-2-2-2-2-2-2-2-2",1.38949741054854,1.39804933064424,0.0677222845801754,25,0.568776528188644,0.568776528188644,0,25,0.21020922806398,0.208235381976909,0.0197125203168742,25,0.40021372171021,0.399960151545099,0.00178430099596441,25,0.0705550866679062,0.07257453918977,0.0142727888452442,25,0.0719580766003142,0.0707373897789058,0.00481938315989792,25,0.0353426022554633,0.03609885939778,0.00806695182411461,25,0.547741259848729,0.547612106153586,0.0121009383074014,25,0.14799565863596,0.147613816630541,0.00565841744579142,25,0.567408321600526,0.566709312484654,0.0121754395160561,25,0.0893350133988007,0.0893777912468292,0.000982606066039822,25,0.160314923531568,0.1601129444499,0.00462733060756108,25,1.11446347269683,1.11441253187196,0.0066436453481098,25,0.962095344320968,0.962705867614388,0.00220869185932046,25,3.13235999999888,2.87499999999272,0.614464460594718,25,3.13235999999888,2.87499999999272,0.614464460594718,25,3.06827999999892,2.8179999999993,0.606023962672457,25,0.0640799999999581,0.0610000000015134,0.0106728627845141,25,0,0,0,25
"pretrain","estimated_Z","fastica_only","ifeval_min30","balanced_moderate_dense_signed_cross","Cross",200,500,10,"3-3-3-3-3-3-3-3-3-3",1.39392603480379,1.39504156733903,0.0537562198590266,25,0.568776528188644,0.568776528188644,0,25,0.212180646229017,0.21074976407037,0.0214118701592063,25,0.38364505868451,0.382601279090915,0.00308376783037203,25,0.278867630793204,0.275392554162873,0.0600624730627945,25,0.273021689497382,0.266863680633235,0.0400558970158874,25,0.117564405864037,0.116276008419194,0.0187294567717247,25,0.561182740295456,0.560743040254313,0.00933652237704964,25,0.149828792189295,0.146971421810647,0.00617905953562531,25,0.580862823294438,0.581303995278687,0.00986644453245827,25,0.0923113194428347,0.0924649032872406,0.000667988139824662,25,0.165090894760603,0.165022428076094,0.00334003302344022,25,1.12096457739496,1.12109964709345,0.00507816078001402,25,0.961770384763508,0.962085458648192,0.00209008864165936,25,3.44219999999681,3.41399999998976,0.192659674040117,25,3.44219999999681,3.41399999998976,0.192659674040117,25,3.3310400000005,3.30999999999767,0.183756968123033,25,0.111159999996307,0.103999999992084,0.0170677083023674,25,0,0,0,25
"pretrain","estimated_Z","fastica_only","ifeval_min30","balanced_moderate_dense_signed_cross","Cross",200,500,5,"2-2-2-2-2",1.40010464343,1.40531164817401,0.130149440351732,25,0.745843276530558,0.745843276530558,0,25,0.190294297067246,0.180759769845684,0.0286372202776919,25,0.395494480134732,0.395876610730778,0.00317721296101067,25,0.0629940474486139,0.0638428681009515,0.024323369397287,25,0.0524964059751136,0.0517294210990278,0.00493706313873995,25,0.0322138578935414,0.0330453752830289,0.0128180968655458,25,0.369585499894833,0.367810771583144,0.00692299728350466,25,0.143410842953205,0.143570137560531,0.00533812889938127,25,0.396458185445706,0.395348115511206,0.00752671445260422,25,0.0606947903357819,0.0606064035964863,0.000668833811708873,25,0.124711689036372,0.125305485250259,0.00339230417304948,25,1.05552338990802,1.05570613112125,0.00349160041861882,25,0.97915076667911,0.978608674548938,0.00214291947616548,25,2.41124000000002,2.39600000000019,0.121630684176802,25,2.41124000000002,2.39600000000019,0.121630684176802,25,2.37776000000002,2.36100000000033,0.122147206271754,25,0.0334799999999996,0.0330000000003565,0.00316385840394498,25,0,0,0,25
"pretrain","estimated_Z","fastica_only","ifeval_min30","balanced_moderate_dense_signed_cross","Cross",200,500,5,"3-3-3-3-3",1.38941222268131,1.40927319168091,0.177548676951783,25,0.745843276530558,0.745843276530558,0,25,0.192346764361332,0.183990410023332,0.0274531325977297,25,0.373201284143947,0.373973084367398,0.00581697795342516,25,0.190051635645935,0.184507618651649,0.0436907878207605,25,0.207143543118827,0.200514063106218,0.0434000961031752,25,0.0753676031921981,0.0685913852325631,0.0239496466621527,25,0.373058602425778,0.372672064423604,0.0111296281495958,25,0.132419238041175,0.132903885592398,0.00595496003897472,25,0.395886785480482,0.397035616775657,0.0118227135805887,25,0.0641584975771859,0.064338342762086,0.000782494311150961,25,0.133957748406981,0.13341096933449,0.00532647574479285,25,1.05546110559649,1.05635622141917,0.00489978143508046,25,0.979376473955065,0.97861415950486,0.0021397295735232,25,3.10939999999944,3.08799999999974,0.160636753785128,25,3.10939999999944,3.08799999999974,0.160636753785128,25,3.03723999999958,3.01500000000306,0.160595319565743,25,0.072159999999858,0.0709999999999127,0.0039966652765732,25,0,0,0,25
"pretrain","estimated_Z","fastica_only","ifeval_min30","balanced_moderate_dense_signed_cross","Cross",400,1000,10,"2-2-2-2-2-2-2-2-2-2",1.44213188972721,1.41818380552869,0.0644172134566233,25,0.579328975000393,0.579328975000393,0,25,0.148439187966883,0.146344142967805,0.0145152849380929,25,0.395974147566986,0.395691677801757,0.00107371523964933,25,0.0449462252912973,0.0443376771111807,0.00820305332793436,25,0.0364293080855902,0.0358832331277127,0.0019625531474046,25,0.022843610221216,0.022528286484958,0.00438761543545411,25,0.373787637061656,0.373543989333361,0.00405039460050186,25,0.11503267772852,0.114822619527891,0.00365545669295304,25,0.391097872908072,0.390727287085134,0.00464866803987961,25,0.0617872195477518,0.0617496803013858,0.000291514109202925,25,0.112789198004653,0.112696166599076,0.00204838049296225,25,1.05504854098444,1.0547886595608,0.00232570049251313,25,0.980717145758278,0.98073925208088,0.00116756281104168,25,19.8947600000005,19.8079999999973,0.834745633909894,25,19.8947600000005,19.8079999999973,0.834745633909894,25,19.7967600000006,19.6990000000005,0.834593078491438,25,0.0979999999998836,0.0990000000019791,0.00492442890011595,25,0,0,0,25
"pretrain","estimated_Z","fastica_only","ifeval_min30","balanced_moderate_dense_signed_cross","Cross",400,1000,10,"3-3-3-3-3-3-3-3-3-3",1.39126807779725,1.41138205705568,0.0753492541890269,25,0.579328975000393,0.579328975000393,0,25,0.137114176119964,0.139679562101997,0.0158047171962376,25,0.381099586929949,0.381412199399263,0.00222232303703507,25,0.0933236903292862,0.0947617366794372,0.0121972239503936,25,0.0993627903699411,0.101146428160383,0.0148799412884433,25,0.0325438602277212,0.031725795955499,0.00671198670088271,25,0.355846858799256,0.355407844672722,0.00347092231471361,25,0.0987727964195939,0.0993029126350222,0.00361329603822007,25,0.369311443810228,0.369067148405112,0.00410903250782116,25,0.063876091942235,0.063775607361085,0.000373717266140756,25,0.117294428280285,0.11741625097186,0.00182272766125155,25,1.04742128469223,1.04750084409458,0.00157717611351409,25,0.981032847132245,0.981115677460903,0.000998630784464769,25,17.6410800000007,17.596000000005,0.670643342869276,25,17.6410800000007,17.596000000005,0.670643342869276,25,17.5008799999981,17.4619999999995,0.668727169082084,25,0.140200000002515,0.14100000000326,0.00494974746848125,25,0,0,0,25
"pretrain","estimated_Z","fastica_only","ifeval_min30","balanced_moderate_dense_signed_cross","Cross",400,1000,5,"2-2-2-2-2",1.38879167262993,1.4161355723847,0.172596924431236,25,0.745360614325595,0.745360614325595,0,25,0.154070070428555,0.150439931958794,0.0204031272548224,25,0.390555012077865,0.390455133620236,0.00164199397369204,25,0.0500661294606477,0.05201879302551,0.0120675766763603,25,0.0270553063483427,0.0268191209055819,0.00268274959275032,25,0.0258238049099557,0.0269528187431322,0.00628563855035384,25,0.269856103529542,0.269923459566244,0.0045339104037767,25,0.119136203968365,0.118347229289804,0.00518754816009128,25,0.295005437279263,0.294517547874615,0.00587296093104669,25,0.0427488371521049,0.0427772448304025,0.000364403361407112,25,0.0906464519370307,0.0901622025793488,0.00225546684660648,25,1.03322503362489,1.03359864139876,0.00182332459995664,25,0.990492227798308,0.990634968277203,0.000993218348649724,25,13.4989199999999,13.4660000000003,0.536546978372226,25,13.4989199999999,13.4660000000003,0.536546978372226,25,13.4454400000002,13.4130000000005,0.536320339598218,25,0.0534799999997267,0.0529999999998836,0.00457456737485753,25,0,0,0,25
"pretrain","estimated_Z","fastica_only","ifeval_min30","balanced_moderate_dense_signed_cross","Cross",400,1000,5,"3-3-3-3-3",1.37537369749382,1.40397422823742,0.138130229997612,25,0.745360614325595,0.745360614325595,0,25,0.12993708400811,0.130672770957636,0.0185963439401514,25,0.369122751244791,0.370476224093751,0.00395957234089204,25,0.0689103424734577,0.0715805531302568,0.0129309781397688,25,0.0653207173919187,0.0654164281030595,0.0106203127325756,25,0.0252261679818707,0.025764653534323,0.0049761008206163,25,0.261980700235312,0.261734150361177,0.00619050647129448,25,0.10045825303451,0.0995921357966598,0.00451433524035553,25,0.280595713790106,0.28036596529344,0.00708187463875595,25,0.0448775938363101,0.0447802635543784,0.000381569982860775,25,0.0980178795546135,0.0975825717749586,0.00223364921011204,25,1.02910746765084,1.02904591423245,0.00237948625603939,25,0.990422632628867,0.99069734338632,0.00123923692950125,25,18.1608799999999,18.0080000000016,0.796226167618668,25,18.1608799999999,18.0080000000016,0.796226167618668,25,18.05448,17.9079999999994,0.790809612570102,25,0.106399999999849,0.104999999999563,0.0125664898308381,25,0,0,0,25
"pretrain","estimated_Z","fastica_only","ifeval_min30","balanced_moderate_dense_signed_cross","Cross",400,1500,10,"2-2-2-2-2-2-2-2-2-2",1.40176660037007,1.41526937401842,0.073132709928879,25,0.583088680632177,0.583088680632177,0,25,0.153572841902838,0.152090581816004,0.00961326110188179,25,0.396068876840076,0.396305006994495,0.00118765263720534,25,0.0512720193431525,0.0515174855950512,0.00792644461182216,25,0.033001725302959,0.0328567415684377,0.00189550577558225,25,0.026378958124358,0.0265605999515881,0.00417685356655054,25,0.369930115386441,0.370588682545385,0.00502512119949864,25,0.123708291706005,0.123117484625031,0.00476014691433559,25,0.390080507488229,0.39050465637572,0.00605734681471504,25,0.0588013375985239,0.058742684260549,0.00029220880405372,25,0.0967825072834364,0.096915366635041,0.00169998529602822,25,1.05695519557369,1.05700045724264,0.00243289256825064,25,0.982983663365601,0.982868438329152,0.000795533014281645,25,24.7467199999996,24.8279999999941,0.989465534180211,25,24.7467199999996,24.8279999999941,0.989465534180211,25,24.6322800000003,24.726999999999,0.989992951151637,25,0.114439999999304,0.11200000000099,0.0101697263155958,25,0,0,0,25
"pretrain","estimated_Z","fastica_only","ifeval_min30","balanced_moderate_dense_signed_cross","Cross",400,1500,10,"3-3-3-3-3-3-3-3-3-3",1.39354505046039,1.39831591717386,0.0760305789727675,25,0.583088680632177,0.583088680632177,0,25,0.141753956371198,0.136290737560899,0.0183124354204042,25,0.380702513774448,0.380757102330346,0.00247789092044142,25,0.0850972827473799,0.0812030041364501,0.0223227272500078,25,0.099099446498843,0.0853862530088405,0.0388786153823687,25,0.0296284288822102,0.0280775735253081,0.0102841791080064,25,0.33951281009611,0.341260242318077,0.00448549131429102,25,0.102565373693514,0.102649382009665,0.00394623954513604,25,0.354678321505868,0.356507018532372,0.0052198634391343,25,0.0607884359509293,0.0608140323091907,0.000303107513212817,25,0.0995666597678602,0.0995890301392369,0.00190110549720778,25,1.04425029617818,1.04430476994798,0.00189283162053409,25,0.982826051429936,0.98284477891181,0.000819848294870716,25,22.4643200000026,22.5959999999905,0.710086069901102,25,22.4643200000026,22.5959999999905,0.710086069901102,25,22.3159600000014,22.4510000000009,0.708640451852191,25,0.148360000001267,0.148000000001048,0.00480347096750388,25,0,0,0,25
"pretrain","estimated_Z","fastica_only","ifeval_min30","balanced_moderate_dense_signed_cross","Cross",400,1500,5,"2-2-2-2-2",1.41130003275238,1.4138688411298,0.143225603264257,25,0.749289957829839,0.749289957829839,0,25,0.150418224167756,0.146208217546421,0.0202475634248979,25,0.389625939066563,0.389541843763485,0.00165935393546519,25,0.043076958562448,0.0449644687589696,0.0135664273773626,25,0.0249859692041029,0.0249050170846399,0.00297109295267879,25,0.0221546346618466,0.0232684857760227,0.00709078005015617,25,0.267146631868995,0.267416371457281,0.00523640850761321,25,0.125312023845726,0.124725964844709,0.0062361772907093,25,0.295103275737952,0.294291367355259,0.00708139978509339,25,0.0411351934202791,0.0410995527982,0.000351297133885423,25,0.0772139902070006,0.0772841425978461,0.00193854549910105,25,1.03361568899083,1.03329560743114,0.00217072768661879,25,0.990819129081594,0.990514416071831,0.0010954356980225,25,17.01348,17.1790000000019,0.544723180462342,25,17.01348,17.1790000000019,0.544723180462342,25,16.9503200000001,17.1220000000012,0.546069494966845,25,0.0631599999999162,0.0619999999998981,0.0104470091413607,25,0,0,0,25
"pretrain","estimated_Z","fastica_only","ifeval_min30","balanced_moderate_dense_signed_cross","Cross",400,1500,5,"3-3-3-3-3",1.47674008835759,1.42337375440091,0.109534589465782,25,0.749289957829839,0.749289957829839,0,25,0.137386060118771,0.125539592782414,0.0277119164070688,25,0.369598935056151,0.369493103665322,0.00354697916110423,25,0.0692911369983342,0.0659758380400685,0.0151421679653448,25,0.0570206894732968,0.0560970409958191,0.00869912801876003,25,0.026659199559647,0.0267052888122279,0.00677105043083694,25,0.253232009153933,0.253868402499052,0.00530400112327656,25,0.102955732204962,0.103424962047921,0.00446084497134412,25,0.273378077714934,0.274708434923887,0.00619729292615456,25,0.0431142338948296,0.0432292492680873,0.000317904756016264,25,0.0844162233288147,0.0844651824927359,0.00248981640999401,25,1.02755684965942,1.02734543700173,0.00172074286217926,25,0.990777906071384,0.99052702770292,0.00107939007086992,25,23.0184800000001,23.1399999999994,0.767705679280314,25,23.0184800000001,23.1399999999994,0.767705679280314,25,22.9045599999998,23.038999999997,0.768664647293781,25,0.113920000000362,0.11200000000099,0.0089159033940087,25,0,0,0,25
"pretrain","estimated_Z","fastica_only","ifeval_min30","balanced_moderate_dense_signed_cross","Cross",400,2000,10,"2-2-2-2-2-2-2-2-2-2",1.40700414838692,1.41286326950289,0.058278035430435,25,0.581019736017126,0.581019736017126,0,25,0.152189557962976,0.146311226899668,0.0173167697136146,25,0.395865437867867,0.396047550439856,0.00123269779361039,25,0.0490629037677322,0.0469060035424897,0.00835607354980725,25,0.0296490547994795,0.0293942953397857,0.00176144149641173,25,0.0252671909680053,0.0241571719818336,0.00436499917554095,25,0.363413340438399,0.363457530622264,0.0054659582268603,25,0.126660161168092,0.126537051417723,0.00585956437434186,25,0.384877276122635,0.385757060085291,0.00670645727223009,25,0.0570227534750697,0.057052478371128,0.000264212083739319,25,0.0866384572659507,0.0867635643143384,0.00132882284441651,25,1.05578224283527,1.05594632691264,0.00230583900451669,25,0.983671019789892,0.983550355656135,0.0008716919077792,25,30.1419600000003,29.7509999999966,1.17513188905374,25,30.1419600000003,29.7509999999966,1.17513188905374,25,30.0157999999996,29.6169999999984,1.1768829239431,25,0.126160000000673,0.125999999996566,0.0057349803832514,25,0,0,0,25
"pretrain","estimated_Z","fastica_only","ifeval_min30","balanced_moderate_dense_signed_cross","Cross",400,2000,10,"3-3-3-3-3-3-3-3-3-3",1.42095978614299,1.41145850434757,0.0896698414889377,25,0.581019736017126,0.581019736017126,0,25,0.134851302148249,0.132806995027577,0.0124405565010331,25,0.380349902364388,0.380469289873142,0.00187155267378398,25,0.0770739975376138,0.0722844586519771,0.0119772370845774,25,0.0784679730897833,0.0765246203807379,0.0145426924917314,25,0.0282443491405649,0.0284464511345732,0.0052599451315378,25,0.332376404775067,0.331274222719038,0.00384123015994543,25,0.103841666130717,0.104030524061958,0.00350837716915545,25,0.348229357630649,0.347838900552256,0.00450251888649534,25,0.0591850549719034,0.0591789658181724,0.000270637118906268,25,0.0906984076587249,0.0907607671265127,0.001327174588889,25,1.043010228525,1.04277478304154,0.00151569948386731,25,0.983757676443606,0.983594039461409,0.000905794832759573,25,26.9004000000021,27.1940000000031,0.957344852529576,25,26.9004000000021,27.1940000000031,0.957344852529576,25,26.7436000000016,27.0310000000027,0.95634817578717,25,0.156800000000512,0.156000000002678,0.00648716681894163,25,0,0,0,25
"pretrain","estimated_Z","fastica_only","ifeval_min30","balanced_moderate_dense_signed_cross","Cross",400,2000,5,"2-2-2-2-2",1.38456387463139,1.40941842794816,0.173112088863268,25,0.74785852175892,0.74785852175892,0,25,0.153676329365837,0.144485530151812,0.0268448551107545,25,0.388796906812766,0.388872303042745,0.001422923577262,25,0.0493574161561839,0.045380264563926,0.0214857709171303,25,0.0239367102621995,0.0238086943988072,0.00324863994972514,25,0.0253917013674033,0.0234287361657212,0.0111186458490438,25,0.264724401331166,0.263806937776448,0.00613992166387148,25,0.126862567204886,0.127147781684889,0.00521157246185584,25,0.293568296226644,0.292119567765878,0.00743302239761958,25,0.0402585122654861,0.0402220849025039,0.000285507470632826,25,0.0696912259847318,0.069999871040639,0.00183226893625898,25,1.03371549743193,1.03317316631718,0.00213031038596877,25,0.991332963776435,0.991239334905952,0.000742670815348128,25,21.0239999999997,20.6359999999986,0.659432142073499,25,21.0239999999997,20.6359999999986,0.659432142073499,25,20.9559599999998,20.5720000000001,0.66033775953405,25,0.0680399999998917,0.0689999999995052,0.00574804314537875,25,0,0,0,25
"pretrain","estimated_Z","fastica_only","ifeval_min30","balanced_moderate_dense_signed_cross","Cross",400,2000,5,"3-3-3-3-3",1.44195858097148,1.42226518286264,0.116649994315124,25,0.74785852175892,0.74785852175892,0,25,0.140031437409586,0.135202682945872,0.0228633823643643,25,0.369382106546148,0.369343565790279,0.00288716238321696,25,0.0700442886951419,0.0705758293679978,0.0134134995430319,25,0.0581680987703807,0.0571930248957306,0.00981817892377133,25,0.0288110466361714,0.028482196807108,0.00594301701418166,25,0.246248481522504,0.246310441505858,0.00465039292699246,25,0.101883809512771,0.10261180951703,0.00473222422493242,25,0.266510290524675,0.26731495636701,0.00587629718813006,25,0.0421195520408921,0.042107383497214,0.000270415629834921,25,0.0766563908709583,0.0773468719859061,0.0019022575380762,25,1.02625104778869,1.0258892966982,0.00174488189771159,25,0.991264060271144,0.991075618943469,0.000743621997230462,25,28.1824000000005,28.4140000000007,0.916187526292449,25,28.1824000000005,28.4140000000007,0.916187526292449,25,28.0605600000001,28.3050000000003,0.915472422668548,25,0.121840000000375,0.120999999999185,0.00638148363144828,25,0,0,0,25
"pretrain","estimated_Z","fastica_only","ifeval_min30","balanced_moderate_dense_signed_cross","Cross",400,500,10,"2-2-2-2-2-2-2-2-2-2",1.41785193484178,1.41578577557206,0.0888869862888804,25,0.568776528188644,0.568776528188644,0,25,0.143464186526767,0.142076174297785,0.01103881990895,25,0.397091905283428,0.397301112033687,0.00108512360155193,25,0.0472595586225858,0.0456549527161461,0.00860981547096996,25,0.0493314619957581,0.0495534724742996,0.00277059186536622,25,0.023073131700054,0.021599005927102,0.00502801195032943,25,0.415501811658297,0.416475214198968,0.00504215229320149,25,0.106834512891819,0.105925784403697,0.00395896198368866,25,0.429034455747161,0.429808518843734,0.00502672342371329,25,0.0702436015144573,0.0703370237988816,0.000634485264825927,25,0.152722208801097,0.152802553494732,0.00206153711202579,25,1.06461493644296,1.06448325058451,0.00240122645890467,25,0.975741260307204,0.975627850540419,0.00143313235629352,25,12.6888800000001,12.7359999999971,0.664939115006886,25,12.6888800000001,12.7359999999971,0.664939115006886,25,12.6017200000002,12.6500000000015,0.666374739417223,25,0.087159999999858,0.0869999999995343,0.00483632091646202,25,0,0,0,25
"pretrain","estimated_Z","fastica_only","ifeval_min30","balanced_moderate_dense_signed_cross","Cross",400,500,10,"3-3-3-3-3-3-3-3-3-3",1.39046149161193,1.40412282554501,0.0721279921617047,25,0.568776528188644,0.568776528188644,0,25,0.136637119398604,0.133949575148848,0.015407784894131,25,0.38113024005683,0.380763449125238,0.00173855127708214,25,0.121810507498998,0.113168030870721,0.0302876083299769,25,0.150228091521216,0.137555142239614,0.038620415396872,25,0.0389310251287921,0.0349367128508216,0.012029782720333,25,0.412377153668363,0.413135232291916,0.00674595741105677,25,0.0974865644494804,0.0965787463734072,0.00342891058047639,25,0.42376054360173,0.424295428835461,0.00649707919501475,25,0.0718270363595019,0.0717912126595871,0.000683620134723602,25,0.15597580334983,0.157187377438177,0.00261270033497946,25,1.06327129891985,1.06353773099058,0.00284881790573724,25,0.976597687332767,0.976283758553027,0.00147922133596697,25,10.7614800000004,10.6940000000177,0.502120347461618,25,10.7614800000004,10.6940000000177,0.502120347461618,25,10.6227200000006,10.5580000000045,0.502805091463947,25,0.138759999999893,0.137999999991735,0.00446542271011278,25,0,0,0,25
"pretrain","estimated_Z","fastica_only","ifeval_min30","balanced_moderate_dense_signed_cross","Cross",400,500,5,"2-2-2-2-2",1.39987867025648,1.41651986728871,0.128401046929315,25,0.745843276530558,0.745843276530558,0,25,0.147242893531331,0.139738990059411,0.0218002564195363,25,0.393860127760569,0.393960698573365,0.00158887241219189,25,0.0470983011997884,0.0476956854252756,0.0127772736303333,25,0.0356019565498257,0.0360255158275995,0.00292000714947745,25,0.0239724364776145,0.0243844319247655,0.00689408435498207,25,0.297156338511517,0.297124436168234,0.00501395973276135,25,0.11096515307836,0.110482269407159,0.00535344295091622,25,0.317222987490275,0.317048298512973,0.00615579849489077,25,0.047694214892247,0.0476916933343212,0.000572278642641266,25,0.122139853945229,0.122305506263709,0.00236658621822593,25,1.03673210865712,1.03758296749481,0.002020386043988,25,0.987443999414839,0.987484908755546,0.0012701561576553,25,8.21708000000017,8.23999999999978,0.372727550184688,25,8.21708000000017,8.23999999999978,0.372727550184688,25,8.17104000000018,8.1929999999993,0.372798815269847,25,0.0460399999999936,0.0450000000000728,0.00382404672207941,25,0,0,0,25
"pretrain","estimated_Z","fastica_only","ifeval_min30","balanced_moderate_dense_signed_cross","Cross",400,500,5,"3-3-3-3-3",1.38642699526911,1.40387920519467,0.194106410987623,25,0.745843276530558,0.745843276530558,0,25,0.132073188958319,0.126091685389732,0.0194553396832212,25,0.370818750556437,0.371524614391956,0.00319290626322543,25,0.0803451588392822,0.0738402708339242,0.0201989392318395,25,0.086166648844494,0.0844478766808317,0.0172206880613759,25,0.0281677092089153,0.026970712363585,0.00657145995728812,25,0.294069800319228,0.294751271090079,0.00537936392588459,25,0.0957555809731334,0.0953355883129375,0.00410586706573901,25,0.30928099623578,0.308842877566228,0.00607316392694649,25,0.0498540240893266,0.0499339950193724,0.000391706241716792,25,0.128374525154897,0.128437035943672,0.0035308237438121,25,1.0339110316878,1.03342273571739,0.00262983238705286,25,0.987075833664573,0.987039779679659,0.00195145122806224,25,10.2877200000004,10.3820000000014,0.336196931375968,25,10.2877200000004,10.3820000000014,0.336196931375968,25,10.1850000000001,10.2790000000023,0.336824385498719,25,0.102720000000263,0.103000000002794,0.00438292139971464,25,0,0,0,25
"pretrain","estimated_Z","mixture_fastica_start","ifeval_min30","balanced_moderate_dense_signed_cross","Cross",100,1000,10,"2-2-2-2-2-2-2-2-2-2",1.41159240090937,1.40802369528579,0.046347559200209,25,0.579328975000393,0.579328975000393,0,25,0.311914693151085,0.305076475268865,0.0366025129967619,25,0.405120459941778,0.405083811282059,0.00214045520556807,25,0.0981512857973765,0.0982717922467778,0.0212479261682221,25,0.103033683334924,0.101880436201054,0.00984818283579702,25,0.0495071595552433,0.0505895900189757,0.011522281451964,25,0.730633134326008,0.728302930296749,0.0209821384318104,25,0.216451435944349,0.218383695520778,0.00840644105943583,25,0.762035978375825,0.760898809095317,0.0220711540462484,25,0.111642428722671,0.111792905319686,0.00110152143667897,25,0.134992971781253,0.134977299373385,0.00674829573879627,25,1.20524539629547,1.20577831813131,0.0145325089617227,25,0.938235119275692,0.938143556971844,0.00255350921300915,25,1.67344000000041,1.6710000000021,0.113869106140444,25,1.67344000000041,1.6710000000021,0.113869106140444,25,1.24000000000087,1.25700000000143,0.0937803284278635,25,0.433439999999537,0.422999999998865,0.0493424090745032,25,0,0,0,25
"pretrain","estimated_Z","mixture_fastica_start","ifeval_min30","balanced_moderate_dense_signed_cross","Cross",100,1000,10,"3-3-3-3-3-3-3-3-3-3",1.22137411952927,1.25560781245325,0.162783990187206,25,0.579240473691782,0.579291750379767,9.72666457841043e-05,25,0.330616631613,0.326427192404598,0.0236273066246721,25,0.390932335616382,0.391193544647525,0.00448205397127137,25,0.323202145049154,0.319285713772537,0.0337338798241387,25,0.276883554881355,0.277309217073914,0.00805661829224699,25,0.158558516033542,0.159674275702771,0.0208814965783903,25,0.791868092398129,0.796636593240753,0.0258162199674859,25,0.241796344404639,0.240934566680132,0.0101612409710246,25,0.827984475892296,0.831583147768896,0.0270261161749372,25,0.117337690630712,0.117288569361066,0.000977989452254384,25,0.145211045568691,0.145102583757395,0.00408584008073079,25,1.24813923395092,1.25003807387313,0.0171424347768522,25,0.938981508190446,0.938790560577362,0.00263345733413176,25,3.24255999999761,2.75899999999092,1.05543684004985,25,3.24255999999761,2.75899999999092,1.05543684004985,25,1.62075999999826,1.62600000000384,0.0954429498017752,25,1.62179999999935,1.10399999999208,1.02640959985236,25,0,0,0,25
"pretrain","estimated_Z","mixture_fastica_start","ifeval_min30","balanced_moderate_dense_signed_cross","Cross",100,1000,5,"2-2-2-2-2",1.39907052249039,1.4127720582075,0.168028280201542,25,0.745360614325595,0.745360614325595,0,25,0.278856959365553,0.28133875038351,0.0342890959265435,25,0.396505574125451,0.396671771564022,0.00286189116618671,25,0.0917353758911291,0.0870306795343311,0.0257407379732095,25,0.0826809673242034,0.08057708446965,0.00828939375897734,25,0.0470929927035341,0.0450311544395557,0.013307920393839,25,0.469831082754465,0.469887436960456,0.014135998368833,25,0.196285173961517,0.196926492756193,0.00712395875169583,25,0.509203435797818,0.507892933102177,0.0151908332997186,25,0.0775588951736822,0.0776173482276625,0.000866102734672758,25,0.101791802334717,0.101890310073588,0.00522756868412735,25,1.09164124793847,1.09276309609495,0.00647327188760067,25,0.966921875728539,0.967253821492648,0.0024501674459429,25,1.31143999999999,1.33000000000004,0.094074031131513,25,1.31143999999999,1.33000000000004,0.094074031131513,25,1.0904,1.11400000000003,0.0930774766883303,25,0.221039999999994,0.216000000000008,0.0285693308753819,25,0,0,0,25
"pretrain","estimated_Z","mixture_fastica_start","ifeval_min30","balanced_moderate_dense_signed_cross","Cross",100,1000,5,"3-3-3-3-3",1.39265548793938,1.403953899561,0.156171633943327,25,0.745356109752343,0.745360614325595,1.25762009352102e-05,25,0.274796001346614,0.265394872688409,0.0350698759055491,25,0.374693550623225,0.374865744723169,0.00442715790215226,25,0.291493795589572,0.288135439389074,0.0359192019609804,25,0.262061611820763,0.262231557739707,0.0119787346262369,25,0.132134643182476,0.131527005276429,0.0320946270167278,25,0.493015197295838,0.494093523332423,0.0124549416297447,25,0.195644354509018,0.195245694527434,0.00731970119566081,25,0.530440132085411,0.53237662568462,0.0134752837727817,25,0.0827194504355938,0.0827230790286382,0.00077411343543112,25,0.113197584573343,0.112941008660348,0.00714384750234428,25,1.10123038137143,1.10076671224343,0.00652476582250248,25,0.96676614034703,0.96670716958512,0.0018773791482385,25,2.12896000000008,2.10199999999895,0.294411627940672,25,2.12896000000008,2.10199999999895,0.294411627940672,25,1.41056000000011,1.42499999999927,0.0807852503040975,25,0.718399999999965,0.656999999999243,0.326500765695772,25,0,0,0,25
"pretrain","estimated_Z","mixture_fastica_start","ifeval_min30","balanced_moderate_dense_signed_cross","Cross",100,1500,10,"2-2-2-2-2-2-2-2-2-2",1.3995608848385,1.40884540275933,0.0536781593014129,25,0.583088680632177,0.583088680632177,0,25,0.2923088826102,0.290275235712113,0.0389909608125665,25,0.404444839752603,0.404909332283669,0.002391144299674,25,0.0964345648254898,0.100699735354821,0.0243762141262976,25,0.0966022191875656,0.0962413390663937,0.00853501277475609,25,0.0489866480064885,0.0521047752937635,0.0127830506925598,25,0.692752862298873,0.684684917473847,0.0250912927255322,25,0.208816585399054,0.205898239265521,0.00920727305878452,25,0.723553150471753,0.71522237237813,0.0263688969500321,25,0.108189223624205,0.107947424587048,0.00112284952764711,25,0.118572959846081,0.117785461492275,0.00469831597076129,25,1.18347086948309,1.18050497796954,0.0158687601219554,25,0.940123081449255,0.939963674915339,0.00157161712828616,25,2.01967999999993,2.00800000000163,0.183837047408822,25,2.01967999999993,2.00800000000163,0.183837047408822,25,1.58440000000031,1.5769999999975,0.180948197007034,25,0.43527999999962,0.424999999995634,0.0317969076078082,25,0,0,0,25
"pretrain","estimated_Z","mixture_fastica_start","ifeval_min30","balanced_moderate_dense_signed_cross","Cross",100,1500,10,"3-3-3-3-3-3-3-3-3-3",1.31824358147248,1.33483535004903,0.094266814194322,25,0.583064169329891,0.583070780310629,2.99871895823631e-05,25,0.325514058914968,0.323008658647285,0.0359340110030529,25,0.391640230704763,0.391556622627987,0.00446830615649275,25,0.312851170258586,0.309611049150818,0.0258695063220645,25,0.272853365366886,0.2720910338248,0.0105824518851043,25,0.155677381730695,0.156917732727712,0.0212158793907133,25,0.748190649734033,0.747573544067268,0.0204895360730482,25,0.229188049192569,0.228282498474416,0.00658749014993078,25,0.782520079579006,0.781235790255468,0.021001556692341,25,0.114550925294596,0.1145129347672,0.000929065881465074,25,0.127147677812544,0.127602730867586,0.00635052692249713,25,1.21997900286595,1.21837081117563,0.0137327791172033,25,0.940120739604502,0.940768985329916,0.00201127750118928,25,4.18083999999799,4.02699999998731,0.959287829591965,25,4.18083999999799,4.02699999998731,0.959287829591965,25,2.20119999999937,2.1929999999993,0.146714291509267,25,1.97963999999862,1.87099999999919,0.939622658306294,25,0,0,0,25
"pretrain","estimated_Z","mixture_fastica_start","ifeval_min30","balanced_moderate_dense_signed_cross","Cross",100,1500,5,"2-2-2-2-2",1.43459203452532,1.42118010486076,0.166510891626928,25,0.749289957829839,0.749289957829839,0,25,0.270681503497934,0.268308115053755,0.033544429142821,25,0.394157865421428,0.393900643905213,0.00253641678137491,25,0.0974329457508367,0.0996855344997883,0.0273254213861848,25,0.0761416665554592,0.0763836781275084,0.00690880714949448,25,0.0499272843047708,0.0511262103926791,0.0136430239188936,25,0.452905628226464,0.450738313808217,0.012857232984536,25,0.196344004053968,0.196373459793889,0.00630933968522239,25,0.493650311426539,0.493179158216034,0.013721849768426,25,0.0761894152642094,0.0761769012127644,0.000817290401892368,25,0.0896811851075491,0.090207568976413,0.00452585349848633,25,1.0854235580728,1.08395806131569,0.00693296988409309,25,0.967911214430536,0.967852293736669,0.00224729346405376,25,1.65280000000006,1.66599999999994,0.11414428004357,25,1.65280000000006,1.66599999999994,0.11414428004357,25,1.42092000000003,1.43399999999997,0.114035783857535,25,0.231880000000028,0.231999999999971,0.00788098978551115,25,0,0,0,25
"pretrain","estimated_Z","mixture_fastica_start","ifeval_min30","balanced_moderate_dense_signed_cross","Cross",100,1500,5,"3-3-3-3-3",1.33812014737178,1.40018691181384,0.171210487182161,25,0.749285852688678,0.749289957829839,1.03198477012886e-05,25,0.268985245133202,0.262203729043163,0.0340220767779375,25,0.376278088241339,0.376899914773464,0.00569561112716318,25,0.278946485677784,0.275101185853568,0.0341051849183471,25,0.25763240486577,0.256701161770935,0.011083034794264,25,0.144553548892652,0.143004507891822,0.0338377575518677,25,0.473450466745948,0.473108170565005,0.01727428746297,25,0.194116520429951,0.192341803659253,0.0081607647213792,25,0.511712620625848,0.510122984918295,0.0187405804861116,25,0.0809891435681298,0.0810131182571078,0.000810819702661732,25,0.0963444857984255,0.0948351685863284,0.0062541907401174,25,1.09376811394513,1.09319181802535,0.0080278883657452,25,0.967858116612233,0.96800747553614,0.00203371865417848,25,2.67192000000032,2.65599999999904,0.310694372870368,25,2.67192000000032,2.65599999999904,0.310694372870368,25,1.9932,2.01800000000003,0.154896201804035,25,0.678720000000321,0.561999999999898,0.309630225699178,25,0,0,0,25
"pretrain","estimated_Z","mixture_fastica_start","ifeval_min30","balanced_moderate_dense_signed_cross","Cross",100,2000,10,"2-2-2-2-2-2-2-2-2-2",1.41710637677169,1.40811636765153,0.0790885343080507,25,0.581019736017126,0.581019736017126,0,25,0.285244538960309,0.280575528733553,0.0264531771233387,25,0.403622652632218,0.403783107196608,0.00293839887893619,25,0.0918393135371234,0.0921564074406474,0.0213898827061579,25,0.0945377412653318,0.0921997085047638,0.00657085184420512,25,0.0465932586074976,0.046412714777512,0.0113066785870607,25,0.675101441617915,0.676533950091884,0.0190971617596627,25,0.206244290737961,0.206664677267766,0.00540872997242324,25,0.705913007744794,0.70721405377596,0.0194638324472197,25,0.106923556829504,0.107012079275146,0.00110763072969116,25,0.110656661669867,0.111623237515188,0.00485841071473747,25,1.1738283327432,1.17302442985708,0.0116037846921084,25,0.941228680663329,0.941343625777153,0.00155862558502764,25,2.38952000000078,2.41500000000087,0.164176003118996,25,2.38952000000078,2.41500000000087,0.164176003118996,25,1.95696000000084,1.99500000000262,0.167845534147734,25,0.432559999999939,0.430000000000291,0.0164774593504621,25,0,0,0,25
"pretrain","estimated_Z","mixture_fastica_start","ifeval_min30","balanced_moderate_dense_signed_cross","Cross",100,2000,10,"3-3-3-3-3-3-3-3-3-3",1.3016441563545,1.33773670464248,0.155604661385127,25,0.581001071105361,0.581007760749207,2.78411063974123e-05,25,0.324377560809007,0.318695377280695,0.0315203304905286,25,0.388437524141337,0.387626271266512,0.0045391138913619,25,0.300125090241632,0.293128679146441,0.0255802697292837,25,0.26888188262738,0.267377718802221,0.0118693149739226,25,0.155543391924882,0.159971043180858,0.0208338824612651,25,0.727830200978402,0.727983399930861,0.0167744918797643,25,0.226827083911731,0.227137685983202,0.00730522983479181,25,0.762367351716682,0.761361394564226,0.0178158535143456,25,0.113423062124458,0.113596267811647,0.000759451813948921,25,0.117578216644534,0.117905142436345,0.0073559344247366,25,1.2080844291291,1.20772097101144,0.0110488870631955,25,0.940884544943493,0.940566682536772,0.0013408495158207,25,4.78479999999923,4.6189999999915,0.827932112759627,25,4.78479999999923,4.6189999999915,0.827932112759627,25,2.79959999999963,2.80599999999686,0.167571626477061,25,1.9851999999996,1.77899999999499,0.856209913905846,25,0,0,0,25
"pretrain","estimated_Z","mixture_fastica_start","ifeval_min30","balanced_moderate_dense_signed_cross","Cross",100,2000,5,"2-2-2-2-2",1.41304648898215,1.41684220320611,0.180200853780425,25,0.74785852175892,0.74785852175892,0,25,0.272084110389745,0.277237778615234,0.0274358829760291,25,0.394025081791547,0.39380633331291,0.00342018768551245,25,0.0966233926568936,0.0914396203732351,0.0300452693687153,25,0.0779083394887597,0.0790674733944949,0.00854300379200407,25,0.0493040318745579,0.0474092715456707,0.0156285064474268,25,0.446503714712485,0.446255264832729,0.0115130656696508,25,0.194235214594827,0.192855436214645,0.00681004326167628,25,0.486939408592781,0.486010506509997,0.012693029402038,25,0.0753703767623475,0.0754114683580281,0.000425925605934574,25,0.0821988202063303,0.0813670709491905,0.00543384837195176,25,1.08313655886201,1.08437956998834,0.00518655045513337,25,0.968571574259923,0.968650764849346,0.00161139684450106,25,2.09364000000002,2.06899999999996,0.143344538321669,25,2.09364000000002,2.06899999999996,0.143344538321669,25,1.85496000000002,1.827,0.142423511635733,25,0.238680000000004,0.239000000000033,0.00744826601747476,25,0,0,0,25
"pretrain","estimated_Z","mixture_fastica_start","ifeval_min30","balanced_moderate_dense_signed_cross","Cross",100,2000,5,"3-3-3-3-3",1.37354993943499,1.40953448290279,0.109113705551573,25,0.747856131669686,0.74785852175892,9.86098113708608e-06,25,0.272755758248048,0.264183655307926,0.0357638119977418,25,0.373424002277432,0.37449703872464,0.0086277730146474,25,0.282766802069464,0.271299837871994,0.034312022393306,25,0.253724733489695,0.254793344960415,0.0100525658958606,25,0.145470893450917,0.153647076852207,0.0268111369816162,25,0.462895524876611,0.464977721079788,0.0110307371029252,25,0.191445911656813,0.191719296411093,0.00634790490461084,25,0.500939680725181,0.502291559135607,0.0120214414025429,25,0.0803320508040958,0.0806312209340233,0.000858208479992697,25,0.089837753273104,0.0890101303876053,0.00498346518343329,25,1.08939703074316,1.08971740047142,0.00577547805583582,25,0.968596872394498,0.968419231433043,0.0021456002576486,25,3.34436000000082,3.23999999999796,0.386348599065783,25,3.34436000000082,3.23999999999796,0.386348599065783,25,2.50940000000039,2.51100000000042,0.145126094598059,25,0.834960000000428,0.766999999999825,0.382157633270432,25,0,0,0,25
"pretrain","estimated_Z","mixture_fastica_start","ifeval_min30","balanced_moderate_dense_signed_cross","Cross",100,500,10,"2-2-2-2-2-2-2-2-2-2",1.35088037916032,1.34524691397298,0.0868581218107731,25,0.568756957897253,0.568776528188644,3.19418350916379e-05,25,0.338435851795087,0.333960546102843,0.0419704248279767,25,0.407703448023403,0.408086055517215,0.00312038816319498,25,0.0974705758610662,0.0923665817404752,0.0213553671080651,25,0.114977967147425,0.112581738715027,0.0107050447775243,25,0.0487796572308992,0.0464359871718245,0.0115043153139651,25,0.854420550689656,0.854914031162503,0.0393628340398076,25,0.244549640742141,0.242902461724103,0.016819520874257,25,0.888771290409641,0.89074835843117,0.0418782137840008,25,0.11915084276594,0.11935228644037,0.00171741844426643,25,0.175516258314862,0.171817533955644,0.00801471177634573,25,1.28435205455881,1.28530869012648,0.0280630869203857,25,0.93397555669652,0.93414574717499,0.00253686344532406,25,1.27311999999962,1.26399999999921,0.0813461328735217,25,1.27311999999962,1.26399999999921,0.0813461328735217,25,0.846639999999752,0.843000000000757,0.0747890811997967,25,0.426479999999865,0.421000000002095,0.0358063309117054,25,0,0,0,25
"pretrain","estimated_Z","mixture_fastica_start","ifeval_min30","balanced_moderate_dense_signed_cross","Cross",100,500,10,"3-3-3-3-3-3-3-3-3-3",1.17842104786483,1.18241391679341,0.122755919792867,25,0.568535717437905,0.568527525514273,0.000131062926244688,25,0.342616477482051,0.336480256213656,0.0311683364190464,25,0.392308296728962,0.392407366005408,0.00504391154901461,25,0.330751421152246,0.323598934703693,0.0433994853868875,25,0.283757167868194,0.283757223854962,0.0103729197366097,25,0.156036571511237,0.155687440619802,0.0229616384871375,25,0.885330288449517,0.884065278506534,0.0147583973960836,25,0.253732281581533,0.254426143732982,0.00752403232694635,25,0.921003839793171,0.920050402930218,0.0146188359809929,25,0.123577654319859,0.123783348739983,0.00092669619190779,25,0.182638440786768,0.182644023038658,0.00589525507570821,25,1.30588643228382,1.30592316478963,0.0100927058520951,25,0.934022478731268,0.93397981054711,0.00314935274098584,25,2.55584000000032,2.20999999999913,1.0399217390438,25,2.55584000000032,2.20999999999913,1.0399217390438,25,1.09528000000078,0.978000000002794,0.220159699611879,25,1.46055999999953,1.09700000000157,0.898407761914294,25,0,0,0,25
"pretrain","estimated_Z","mixture_fastica_start","ifeval_min30","balanced_moderate_dense_signed_cross","Cross",100,500,5,"2-2-2-2-2",1.38400252771255,1.40730177692128,0.126539165640517,25,0.745843276530558,0.745843276530558,0,25,0.284549801617439,0.277210407974295,0.0375889025645528,25,0.39968025548581,0.399173532668943,0.00420816134068897,25,0.0916831324976517,0.091182982241724,0.0288746554039129,25,0.0893099968965338,0.0870682817210384,0.00917243531862364,25,0.0465813989254453,0.0463306728086414,0.0153279815221018,25,0.525333635961724,0.530411093388952,0.0196190402721793,25,0.206110644591301,0.207225753029624,0.00835364028915614,25,0.564350303363665,0.571037828762994,0.0204701109684126,25,0.0817281547187452,0.0816323432177843,0.0012194736660369,25,0.133480151554653,0.131800211783067,0.00524576942490392,25,1.11630006322615,1.11738305811167,0.0105124819807542,25,0.964967631408917,0.965515107950592,0.00300269178821969,25,0.917399999999997,0.925000000000011,0.061810867437156,25,0.917399999999997,0.925000000000011,0.061810867437156,25,0.70828,0.717999999999989,0.0586419360753618,25,0.209119999999997,0.207999999999998,0.0121631958519699,25,0,0,0,25
"pretrain","estimated_Z","mixture_fastica_start","ifeval_min30","balanced_moderate_dense_signed_cross","Cross",100,500,5,"3-3-3-3-3",1.36628708651476,1.41532006378366,0.200189129482413,25,0.745823100973021,0.745843276530558,6.26375641668561e-05,25,0.28923138451687,0.281523671439278,0.0397187702251753,25,0.37791478222606,0.378543865483391,0.00617335792755444,25,0.286543502826193,0.280340355130188,0.027454947828325,25,0.266304114089293,0.267337164265524,0.0165192103359195,25,0.152433099188402,0.152771277693928,0.0343210968194144,25,0.538826066951769,0.534434384138134,0.0178657495883127,25,0.202170007958517,0.201998831101194,0.00889176886173933,25,0.575553276097171,0.574237686522718,0.0184556771369811,25,0.0864986156498831,0.0864851581061519,0.00141460833346008,25,0.142820293583676,0.143919927385746,0.00771189400414731,25,1.12121107528962,1.11894806006531,0.0110422989921015,25,0.964481524385647,0.96516421180578,0.00377038109697618,25,1.59708000000006,1.63199999999961,0.277436617385953,25,1.59708000000006,1.63199999999961,0.277436617385953,25,0.860520000000033,0.846999999999753,0.0586288609249607,25,0.736560000000027,0.710000000000946,0.274396926610416,25,0,0,0,25
"pretrain","estimated_Z","mixture_fastica_start","ifeval_min30","balanced_moderate_dense_signed_cross","Cross",200,1000,10,"2-2-2-2-2-2-2-2-2-2",1.39019553194636,1.40749008484295,0.0571226411672075,25,0.579328975000393,0.579328975000393,0,25,0.20030485555544,0.199003526343223,0.0195668373315176,25,0.398720172753295,0.398953316092714,0.00132476457496156,25,0.0670112755860842,0.0700282157827134,0.0145172498630461,25,0.0577576025578889,0.0577425941791184,0.00434927981815236,25,0.0342069794846851,0.0361389699761639,0.00766432499222852,25,0.477415870907442,0.477773387672505,0.00616699671147309,25,0.143267741923386,0.142128070862994,0.0047795579641367,25,0.498467421951155,0.498572857137149,0.00647349607435726,25,0.0812955764097527,0.0814593096097521,0.000682481194004195,25,0.118644543416647,0.119121208859651,0.00277621395488054,25,1.08607279585171,1.0855342513809,0.0031106145058977,25,0.966687027734447,0.966496633719268,0.00126167632551014,25,6.15503999999928,6.11299999999756,0.337839518114525,25,6.15503999999928,6.11299999999756,0.337839518114525,25,5.29779999999941,5.2589999999982,0.337508148050288,25,0.857239999999874,0.85399999999936,0.0192186541336301,25,0,0,0,25
"pretrain","estimated_Z","mixture_fastica_start","ifeval_min30","balanced_moderate_dense_signed_cross","Cross",200,1000,10,"3-3-3-3-3-3-3-3-3-3",1.41925045358379,1.41326878171251,0.0609166945785724,25,0.579328975000393,0.579328975000393,0,25,0.197379891049539,0.192280402158395,0.0177740936594933,25,0.38324155956668,0.383618739726272,0.00319396406981216,25,0.188645724120396,0.185574932279924,0.0212964514843164,25,0.193934036499228,0.193777027152828,0.0134613092005816,25,0.0799378501361038,0.0763258311851426,0.0182337634730832,25,0.480853763005814,0.48121765880928,0.00722370526282596,25,0.138735663897723,0.139053635071702,0.00421802950720687,25,0.500476929351128,0.501307234635295,0.0077690467750583,25,0.0847506955229611,0.0847191697505069,0.00061386334964634,25,0.124425523214205,0.124525858059656,0.00350163968832714,25,1.08720123363732,1.08676009859591,0.00385736839002602,25,0.967066162338944,0.967075138624574,0.00153210109750799,25,6.38239999999874,6.19000000000233,0.718142801492304,25,6.38239999999874,6.19000000000233,0.718142801492304,25,4.77207999999984,4.76499999999942,0.200177404652932,25,1.6103199999989,1.54699999999139,0.705836189683289,25,0,0,0,25
"pretrain","estimated_Z","mixture_fastica_start","ifeval_min30","balanced_moderate_dense_signed_cross","Cross",200,1000,5,"2-2-2-2-2",1.39489113954967,1.40612980252695,0.109314646778606,25,0.745360614325595,0.745360614325595,0,25,0.197369676009991,0.197349701482612,0.0226427499494745,25,0.392584569261378,0.392912313206298,0.0020308416857174,25,0.0645997258067238,0.0694801744809891,0.0170109377056168,25,0.0454184685547169,0.0438062192667853,0.00435794100774888,25,0.0332141117745279,0.0354278453861182,0.00893506458068657,25,0.335260854770584,0.336082531459926,0.006882152435247,25,0.145243296672191,0.145128482625984,0.00666718620930746,25,0.365395477233186,0.365693006928846,0.00852349483100866,25,0.0564509873594525,0.056576290404047,0.000511729487035264,25,0.0937992239095577,0.0932598714623351,0.00321209283000866,25,1.04737564518091,1.04755297619953,0.00306367386162816,25,0.982136723978484,0.982105380271351,0.00169371038977401,25,3.86520000000004,3.81999999999971,0.180182083829981,25,3.86520000000004,3.81999999999971,0.180182083829981,25,3.52344000000001,3.44900000000007,0.186806959185105,25,0.341760000000031,0.338999999999942,0.0193418372102039,25,0,0,0,25
"pretrain","estimated_Z","mixture_fastica_start","ifeval_min30","balanced_moderate_dense_signed_cross","Cross",200,1000,5,"3-3-3-3-3",1.37175113954836,1.40606502375237,0.151556172066991,25,0.745360614325595,0.745360614325595,0,25,0.198805917867229,0.183410445873799,0.0400435227298666,25,0.370992804371479,0.371725440293949,0.00401398153090536,25,0.137399645952361,0.131243336461444,0.0331800254230138,25,0.147813711266819,0.15350435188871,0.0249749760466259,25,0.0517625037997555,0.0418581064585935,0.0253965284257567,25,0.33605467024537,0.337555766011098,0.008542579840951,25,0.132253882933741,0.132302215012105,0.00467124784096651,25,0.361157803935316,0.363140873930871,0.009121630602636,25,0.0599092081280784,0.0598554287517175,0.000653030553205807,25,0.10237520278369,0.103495892240066,0.00488301163052143,25,1.04628367211038,1.04587585224498,0.00343261183294369,25,0.982642083802302,0.982559100415882,0.00116142369522782,25,5.11311999999962,5.13199999999779,0.267159802364872,25,5.11311999999962,5.13199999999779,0.267159802364872,25,4.50451999999947,4.52199999999721,0.260757090027918,25,0.608600000000151,0.495999999999185,0.192669838497121,25,0,0,0,25
"pretrain","estimated_Z","mixture_fastica_start","ifeval_min30","balanced_moderate_dense_signed_cross","Cross",200,1500,10,"2-2-2-2-2-2-2-2-2-2",1.4292320912102,1.41633149695662,0.059098821542664,25,0.583088680632177,0.583088680632177,0,25,0.203373854752692,0.198277910784943,0.0306238969205312,25,0.398750285880429,0.398799649382925,0.00197647801407834,25,0.0705685322104934,0.0682778175471244,0.0159976788993251,25,0.054933558564608,0.0538408664817558,0.00466922187741376,25,0.0360293967722853,0.0349701142862242,0.00838311433391057,25,0.464946755867752,0.465258589973469,0.00453155341364339,25,0.147155258826455,0.146909217762157,0.00500977967158021,25,0.487692876509771,0.487901500107951,0.00555481658521289,25,0.0784236466968463,0.0785302793823697,0.000382550273355482,25,0.10347037074815,0.103884724673412,0.00246383349066706,25,1.08356648127036,1.0836653054979,0.00293496314661062,25,0.969048525702234,0.968980283435029,0.00140760294086756,25,28.5822399999999,7.50499999999738,109.197819291137,25,28.5822399999999,7.50499999999738,109.197819291137,25,27.8041999999993,6.65699999999924,109.229377547892,25,0.778040000000619,0.847999999998137,0.126928615109173,25,0,0,0,25
"pretrain","estimated_Z","mixture_fastica_start","ifeval_min30","balanced_moderate_dense_signed_cross","Cross",200,1500,10,"3-3-3-3-3-3-3-3-3-3",1.40553781923398,1.40984867169588,0.0623452253948827,25,0.583088680632177,0.583088680632177,0,25,0.204537585616484,0.203928274149088,0.021724351940241,25,0.383866313325737,0.383425481670419,0.00259473916471589,25,0.162916085998885,0.160573289279839,0.0251807775803853,25,0.173021689891626,0.173025471405026,0.0154515718483965,25,0.0694878624703854,0.0667504123289911,0.0155015752064579,25,0.457942732310861,0.457502411464811,0.00601121194361826,25,0.137061903289934,0.136937361092236,0.00385249805787367,25,0.47802278628564,0.477652769224237,0.0065083724455482,25,0.0820142488310611,0.0821334253134034,0.000742855101886603,25,0.107463468799123,0.107931518012311,0.0031454757572896,25,1.07887620733036,1.07922962422996,0.0029149152102458,25,0.968695661480643,0.968663905094252,0.00143611050504046,25,7.70268000000156,7.3469999999943,0.857025462477093,25,7.70268000000156,7.3469999999943,0.857025462477093,25,6.1698000000004,6.1929999999993,0.217457275496946,25,1.53288000000117,1.3179999999993,0.794730107227804,25,0,0,0,25
"pretrain","estimated_Z","mixture_fastica_start","ifeval_min30","balanced_moderate_dense_signed_cross","Cross",200,1500,5,"2-2-2-2-2",1.43942055969421,1.41210372609441,0.101756247545361,25,0.749289957829839,0.749289957829839,0,25,0.19138815304363,0.187455396430259,0.0162364764116268,25,0.391125546003245,0.391471349994982,0.00275466645925307,25,0.067919459527834,0.0628349500081726,0.021919850840232,25,0.0437167745478422,0.0427448745897792,0.00504306769726379,25,0.0349564396072461,0.0326388288521673,0.011333590028579,25,0.328137783511857,0.326037749221088,0.00506262769549908,25,0.149688695082623,0.150148980492349,0.00489461548001691,25,0.360683368438921,0.358408743612804,0.00614258501598168,25,0.0550322142324545,0.0549798548877617,0.000339478794647654,25,0.0800024484549216,0.0802573553474712,0.00152247119305303,25,1.04676529341325,1.04608265531562,0.00249565974904424,25,0.983128188103468,0.983285244574473,0.00103897717247065,25,4.87948,4.80199999999968,0.258322008353999,25,4.87948,4.80199999999968,0.258322008353999,25,4.53076000000005,4.45200000000023,0.258185701902046,25,0.348719999999958,0.347999999999956,0.0124315458946844,25,0,0,0,25
"pretrain","estimated_Z","mixture_fastica_start","ifeval_min30","balanced_moderate_dense_signed_cross","Cross",200,1500,5,"3-3-3-3-3",1.43556426569096,1.41501053295782,0.143875728992587,25,0.749289957829839,0.749289957829839,0,25,0.179997748197736,0.173920138269914,0.0234368542569137,25,0.370263713959151,0.370055596699338,0.00533355726985696,25,0.132877274275923,0.128384386715089,0.0338059043902844,25,0.149271875592691,0.148791236127583,0.0262214412392639,25,0.0493276085487631,0.0447873945612689,0.0210174675727216,25,0.324143717525566,0.324928582445848,0.004766747527186,25,0.132194522215007,0.131200453629485,0.00476391371013323,25,0.350080846070224,0.350077419165302,0.00573209306744453,25,0.0583018928716179,0.0582099984681781,0.000466571497715954,25,0.0878252909771692,0.0879560647576786,0.00304943883099546,25,1.04325760485898,1.04391022728799,0.0019909344300402,25,0.983323254677948,0.983173835449379,0.00123544038440374,25,6.95075999999986,6.82100000000355,0.708770842138804,25,6.95075999999986,6.82100000000355,0.708770842138804,25,6.17347999999984,6.15999999999985,0.246858279180196,25,0.777280000000028,0.531000000002678,0.675092309736844,25,0,0,0,25
"pretrain","estimated_Z","mixture_fastica_start","ifeval_min30","balanced_moderate_dense_signed_cross","Cross",200,2000,10,"2-2-2-2-2-2-2-2-2-2",1.41020117490927,1.40513312007005,0.0669004311219194,25,0.581019736017126,0.581019736017126,0,25,0.197517071868048,0.196573014525065,0.020681849056069,25,0.398492355971826,0.398238335963743,0.00180645112195265,25,0.0693964777501647,0.0730618683379181,0.0158652333744887,25,0.0532149262273201,0.05286913963479,0.00432821693155863,25,0.0355363714802122,0.0373865894420464,0.00841305120256,25,0.455628688004337,0.455557961900763,0.00414690936955543,25,0.148313998009729,0.148221217670104,0.00520129032582354,25,0.479179241649428,0.478999407155828,0.00502887264747545,25,0.0769285142032636,0.0769425424210155,0.000521747414849759,25,0.0937609240475146,0.0931299820949341,0.00283116946775192,25,1.08071385729468,1.08054670919781,0.00250564655865355,25,0.969919786640281,0.969961270045971,0.00110172054590404,25,9.57399999999849,9.59100000000763,0.425316352848799,25,9.57399999999849,9.59100000000763,0.425316352848799,25,8.63763999999879,8.62999999999738,0.420719114533397,25,0.936359999999695,0.927999999999884,0.046746550674859,25,0,0,0,25
"pretrain","estimated_Z","mixture_fastica_start","ifeval_min30","balanced_moderate_dense_signed_cross","Cross",200,2000,10,"3-3-3-3-3-3-3-3-3-3",1.38131186111276,1.39959434013145,0.0780924911124668,25,0.581019736017126,0.581019736017126,0,25,0.194139784610064,0.191185614653524,0.0165018121692422,25,0.383010187022646,0.383074002210557,0.00236345086767326,25,0.153145115873247,0.153118190549232,0.0242528117853261,25,0.17116934474229,0.172662900452929,0.0145369682967744,25,0.0589589545088212,0.0580177905783838,0.0171189663235823,25,0.446333087094823,0.446217397754384,0.00573857723401201,25,0.136211869686651,0.135382587426198,0.00439364413065083,25,0.466664428414891,0.466990845394236,0.00656341609890215,25,0.0807043362251635,0.0806974029384416,0.000467594429488628,25,0.0971434652551097,0.0973629962778711,0.00247516493706362,25,1.074849552421,1.07500438119922,0.00318676287051903,25,0.969549470647847,0.969586722165832,0.00125777166391651,25,9.38892000000051,9.2899999999936,0.818481618610222,25,9.38892000000051,9.2899999999936,0.818481618610222,25,7.87184000000067,7.74499999999534,0.427947006065348,25,1.51707999999984,1.32399999999325,0.689909530301302,25,0,0,0,25
"pretrain","estimated_Z","mixture_fastica_start","ifeval_min30","balanced_moderate_dense_signed_cross","Cross",200,2000,5,"2-2-2-2-2",1.37513258276785,1.40738617915565,0.140200318015641,25,0.74785852175892,0.74785852175892,0,25,0.197632340882731,0.198521530225557,0.0290513561320633,25,0.390665571104744,0.390673740746241,0.00181902553503865,25,0.0686239391218217,0.0734564139166621,0.022922724371391,25,0.0423348018732419,0.041689352808295,0.00506435787683205,25,0.0352347011813008,0.0378257114111324,0.0118260381828789,25,0.32207715662274,0.32184936166869,0.0055494230448415,25,0.146771093209021,0.146894958090161,0.00613320168459247,25,0.353964813031698,0.354576552178606,0.00721944163846447,25,0.0543190870943431,0.0543942871584395,0.000325936759614194,25,0.0728619637981633,0.0727380910537843,0.00298108795170187,25,1.04467486791416,1.04481337006443,0.00268032135791388,25,0.983316088985452,0.983378870838899,0.00108566330531876,25,6.26699999999997,6.29599999999937,0.268180909089107,25,6.26699999999997,6.29599999999937,0.268180909089107,25,5.91152000000006,5.9380000000001,0.267828944166371,25,0.355479999999916,0.352999999999156,0.0157430407906306,25,0,0,0,25
"pretrain","estimated_Z","mixture_fastica_start","ifeval_min30","balanced_moderate_dense_signed_cross","Cross",200,2000,5,"3-3-3-3-3",1.38774681609936,1.40588567372153,0.100855249961819,25,0.74785852175892,0.74785852175892,0,25,0.181185518253501,0.178580916624947,0.0185013213300267,25,0.371894229657714,0.371477207973551,0.00410537723695432,25,0.123265086906999,0.122000858735808,0.0339983920093592,25,0.129075774228656,0.125122606259048,0.0275625192752738,25,0.0455306982357324,0.0392243814778395,0.0186913418940729,25,0.32152926454841,0.322739535120725,0.00619076605899305,25,0.134237468111713,0.134599595504568,0.00415996434577905,25,0.348439664297244,0.349381695801941,0.00676786238055315,25,0.0575225145772212,0.0575277226157904,0.000473339502204418,25,0.0818674050245709,0.0820301184939109,0.00318778240286287,25,1.04329468219964,1.04369026237235,0.00256420434741499,25,0.983885557022566,0.983959208234624,0.00112973582370048,25,8.48551999999923,8.38699999999881,0.379867972678972,25,8.48551999999923,8.38699999999881,0.379867972678972,25,7.87147999999987,7.88699999999881,0.32480919014142,25,0.614039999999368,0.531999999999243,0.1584501709271,25,0,0,0,25
"pretrain","estimated_Z","mixture_fastica_start","ifeval_min30","balanced_moderate_dense_signed_cross","Cross",200,500,10,"2-2-2-2-2-2-2-2-2-2",1.40768285747812,1.40958525882989,0.0891209727692407,25,0.568776528188644,0.568776528188644,0,25,0.21020922806398,0.208235381976909,0.0197125203168742,25,0.40021372171021,0.399960151545099,0.00178430099596441,25,0.0709333748900799,0.0736402612481213,0.0140402847050017,25,0.0735243315784436,0.0728788497499525,0.0050965561623838,25,0.035389073033909,0.036253773668165,0.00795134671587695,25,0.547741259848729,0.547612106153586,0.0121009383074014,25,0.14799565863596,0.147613816630541,0.00565841744579142,25,0.567408321600526,0.566709312484654,0.0121754395160561,25,0.0893350133988007,0.0893777912468292,0.000982606066039822,25,0.160314923531568,0.1601129444499,0.00462733060756108,25,1.11446347269683,1.11441253187196,0.0066436453481098,25,0.962095344320968,0.962705867614388,0.00220869185932046,25,3.76311999999947,3.48999999999796,0.696582868962622,25,3.76311999999947,3.48999999999796,0.696582868962622,25,3.06827999999892,2.8179999999993,0.606023962672457,25,0.69484000000055,0.639999999999418,0.107324538976739,25,0,0,0,25
"pretrain","estimated_Z","mixture_fastica_start","ifeval_min30","balanced_moderate_dense_signed_cross","Cross",200,500,10,"3-3-3-3-3-3-3-3-3-3",1.39753265032454,1.40633240176615,0.0684490405675223,25,0.568776528188644,0.568776528188644,0,25,0.212180646229017,0.21074976407037,0.0214118701592063,25,0.38364505868451,0.382601279090915,0.00308376783037203,25,0.210774026659052,0.211577936530062,0.0250586673497126,25,0.225409828188888,0.226994847486576,0.0141734399281308,25,0.0838696398838639,0.0831862593428811,0.0189799825354295,25,0.561182740295456,0.560743040254313,0.00933652237704964,25,0.149828792189295,0.146971421810647,0.00617905953562531,25,0.580862823294438,0.581303995278687,0.00986644453245827,25,0.0923113194428347,0.0924649032872406,0.000667988139824662,25,0.165090894760603,0.165022428076094,0.00334003302344022,25,1.12096457739496,1.12109964709345,0.00507816078001402,25,0.961770384763508,0.962085458648192,0.00209008864165936,25,4.96428000000131,4.8009999999922,0.846180512655321,25,4.96428000000131,4.8009999999922,0.846180512655321,25,3.3310400000005,3.30999999999767,0.183756968123033,25,1.63324000000081,1.36999999999534,0.771269423307979,25,0,0,0,25
"pretrain","estimated_Z","mixture_fastica_start","ifeval_min30","balanced_moderate_dense_signed_cross","Cross",200,500,5,"2-2-2-2-2",1.41948795508125,1.41510659475916,0.116819656214052,25,0.745843276530558,0.745843276530558,0,25,0.190294297067246,0.180759769845684,0.0286372202776919,25,0.395494480134732,0.395876610730778,0.00317721296101067,25,0.0632058203128533,0.0641281965971819,0.0242599125810071,25,0.0533232499798829,0.052840228427574,0.00512872691971555,25,0.0322657717248904,0.0331586302863926,0.0128046371388665,25,0.369585499894833,0.367810771583144,0.00692299728350466,25,0.143410842953205,0.143570137560531,0.00533812889938127,25,0.396458185445706,0.395348115511206,0.00752671445260422,25,0.0606947903357819,0.0606064035964863,0.000668833811708873,25,0.124711689036372,0.125305485250259,0.00339230417304948,25,1.05552338990802,1.05570613112125,0.00349160041861882,25,0.97915076667911,0.978608674548938,0.00214291947616548,25,2.70216,2.68299999999999,0.12169931525409,25,2.70216,2.68299999999999,0.12169931525409,25,2.37776000000002,2.36100000000033,0.122147206271754,25,0.324399999999987,0.32300000000032,0.0113871272350388,25,0,0,0,25
"pretrain","estimated_Z","mixture_fastica_start","ifeval_min30","balanced_moderate_dense_signed_cross","Cross",200,500,5,"3-3-3-3-3",1.40621337069393,1.41013854623326,0.136112523063747,25,0.745843276530558,0.745843276530558,0,25,0.192346764361332,0.183990410023332,0.0274531325977297,25,0.373201284143947,0.373973084367398,0.00581697795342516,25,0.166747877106873,0.168012242930042,0.0488845707617933,25,0.176730015715794,0.180371420656373,0.0309037132735862,25,0.0634929716468213,0.0667176260638709,0.0233219196682752,25,0.373058602425778,0.372672064423604,0.0111296281495958,25,0.132419238041175,0.132903885592398,0.00595496003897472,25,0.395886785480482,0.397035616775657,0.0118227135805887,25,0.0641584975771859,0.064338342762086,0.000782494311150961,25,0.133957748406981,0.13341096933449,0.00532647574479285,25,1.05546110559649,1.05635622141917,0.00489978143508046,25,0.979376473955065,0.97861415950486,0.0021397295735232,25,3.67355999999956,3.6730000000025,0.282585397122104,25,3.67355999999956,3.6730000000025,0.282585397122104,25,3.03723999999958,3.01500000000306,0.160595319565743,25,0.636319999999978,0.51299999999901,0.252953342206482,25,0,0,0,25
"pretrain","estimated_Z","mixture_fastica_start","ifeval_min30","balanced_moderate_dense_signed_cross","Cross",400,1000,10,"2-2-2-2-2-2-2-2-2-2",1.40709864271935,1.41310374655967,0.0537742909694282,25,0.579328975000393,0.579328975000393,0,25,0.148439187966883,0.146344142967805,0.0145152849380929,25,0.395974147566986,0.395691677801757,0.00107371523964933,25,0.0451410760105729,0.0444173565564148,0.00824086390701857,25,0.0376302619513875,0.0369518722683565,0.00207116566960459,25,0.0228581440309761,0.0224893082704188,0.00443414217053757,25,0.373787637061656,0.373543989333361,0.00405039460050186,25,0.11503267772852,0.114822619527891,0.00365545669295304,25,0.391097872908072,0.390727287085134,0.00464866803987961,25,0.0617872195477518,0.0617496803013858,0.000291514109202925,25,0.112789198004653,0.112696166599076,0.00204838049296225,25,1.05504854098444,1.0547886595608,0.00232570049251313,25,0.980717145758278,0.98073925208088,0.00116756281104168,25,21.1862400000007,21.0880000000034,0.837403341684824,25,21.1862400000007,21.0880000000034,0.837403341684824,25,19.7967600000006,19.6990000000005,0.834593078491438,25,1.38948000000004,1.38900000000285,0.0366766501565248,25,0,0,0,25
"pretrain","estimated_Z","mixture_fastica_start","ifeval_min30","balanced_moderate_dense_signed_cross","Cross",400,1000,10,"3-3-3-3-3-3-3-3-3-3",1.43883049348117,1.41703822477214,0.0884774211782339,25,0.579328975000393,0.579328975000393,0,25,0.137114176119964,0.139679562101997,0.0158047171962376,25,0.381099586929949,0.381412199399263,0.00222232303703507,25,0.0828024206395342,0.0818635864755827,0.0108390218346692,25,0.0846081315745603,0.085446473160791,0.0110013168139858,25,0.0295539826070013,0.0285299954710732,0.00458724411888006,25,0.355846858799256,0.355407844672722,0.00347092231471361,25,0.0987727964195939,0.0993029126350222,0.00361329603822007,25,0.369311443810228,0.369067148405112,0.00410903250782116,25,0.063876091942235,0.063775607361085,0.000373717266140756,25,0.117294428280285,0.11741625097186,0.00182272766125155,25,1.04742128469223,1.04750084409458,0.00157717611351409,25,0.981032847132245,0.981115677460903,0.000998630784464769,25,18.9428799999983,19.0660000000062,0.723608280310692,25,18.9428799999983,19.0660000000062,0.723608280310692,25,17.5008799999981,17.4619999999995,0.668727169082084,25,1.44200000000012,1.53300000001036,0.229531588240179,25,0,0,0,25
"pretrain","estimated_Z","mixture_fastica_start","ifeval_min30","balanced_moderate_dense_signed_cross","Cross",400,1000,5,"2-2-2-2-2",1.42587040339397,1.41389432975174,0.128505221196099,25,0.745360614325595,0.745360614325595,0,25,0.154070070428555,0.150439931958794,0.0204031272548224,25,0.390555012077865,0.390455133620236,0.00164199397369204,25,0.0501163306876566,0.0514807779377416,0.0120448737366403,25,0.0276577436740377,0.0272945458769037,0.00275892582573383,25,0.0258282538563738,0.0266475262440505,0.00628353727389192,25,0.269856103529542,0.269923459566244,0.0045339104037767,25,0.119136203968365,0.118347229289804,0.00518754816009128,25,0.295005437279263,0.294517547874615,0.00587296093104669,25,0.0427488371521049,0.0427772448304025,0.000364403361407112,25,0.0906464519370307,0.0901622025793488,0.00225546684660648,25,1.03322503362489,1.03359864139876,0.00182332459995664,25,0.990492227798308,0.990634968277203,0.000993218348649724,25,13.9904000000004,13.9589999999998,0.545098767808834,25,13.9904000000004,13.9589999999998,0.545098767808834,25,13.4454400000002,13.4130000000005,0.536320339598218,25,0.54496000000021,0.54700000000048,0.0211944961407474,25,0,0,0,25
"pretrain","estimated_Z","mixture_fastica_start","ifeval_min30","balanced_moderate_dense_signed_cross","Cross",400,1000,5,"3-3-3-3-3",1.42462678757107,1.40833389619507,0.138279788901412,25,0.745360614325595,0.745360614325595,0,25,0.12993708400811,0.130672770957636,0.0185963439401514,25,0.369122751244791,0.370476224093751,0.00395957234089204,25,0.0661176170925451,0.0655185752704231,0.012880232741132,25,0.0626158055312585,0.0616448516511355,0.0114839075486439,25,0.0253598958131593,0.0250391945883372,0.00536731596870552,25,0.261980700235312,0.261734150361177,0.00619050647129448,25,0.10045825303451,0.0995921357966598,0.00451433524035553,25,0.280595713790106,0.28036596529344,0.00708187463875595,25,0.0448775938363101,0.0447802635543784,0.000381569982860775,25,0.0980178795546135,0.0975825717749586,0.00223364921011204,25,1.02910746765084,1.02904591423245,0.00237948625603939,25,0.990422632628867,0.99069734338632,0.00123923692950125,25,18.83216,18.6569999999992,0.783807569921805,25,18.83216,18.6569999999992,0.783807569921805,25,18.05448,17.9079999999994,0.790809612570102,25,0.777679999999964,0.737999999997555,0.109437089995607,25,0,0,0,25
"pretrain","estimated_Z","mixture_fastica_start","ifeval_min30","balanced_moderate_dense_signed_cross","Cross",400,1500,10,"2-2-2-2-2-2-2-2-2-2",1.41047084270043,1.41467719930728,0.0566223963851408,25,0.583088680632177,0.583088680632177,0,25,0.153572841902838,0.152090581816004,0.00961326110188179,25,0.396068876840076,0.396305006994495,0.00118765263720534,25,0.0513579992626907,0.0515987699059759,0.00790911787463105,25,0.0345595310774483,0.0341295330223424,0.00210252859808804,25,0.0263457492391112,0.0265557795332592,0.00418653395771376,25,0.369930115386441,0.370588682545385,0.00502512119949864,25,0.123708291706005,0.123117484625031,0.00476014691433559,25,0.390080507488229,0.39050465637572,0.00605734681471504,25,0.0588013375985239,0.058742684260549,0.00029220880405372,25,0.0967825072834364,0.096915366635041,0.00169998529602822,25,1.05695519557369,1.05700045724264,0.00243289256825064,25,0.982983663365601,0.982868438329152,0.000795533014281645,25,26.0604799999995,26.1419999999998,0.99220987027069,25,26.0604799999995,26.1419999999998,0.99220987027069,25,24.6322800000003,24.726999999999,0.989992951151637,25,1.4281999999992,1.42500000000291,0.0264779782710213,25,0,0,0,25
"pretrain","estimated_Z","mixture_fastica_start","ifeval_min30","balanced_moderate_dense_signed_cross","Cross",400,1500,10,"3-3-3-3-3-3-3-3-3-3",1.40290573702506,1.41357698356918,0.0710143346699841,25,0.583088680632177,0.583088680632177,0,25,0.141753956371198,0.136290737560899,0.0183124354204042,25,0.380702513774448,0.380757102330346,0.00247789092044142,25,0.0710453528695771,0.0716356575778914,0.00848737577512343,25,0.0700363967188052,0.0706316291366339,0.0091164575496941,25,0.0256048100553718,0.025698642612857,0.00363364763953009,25,0.33951281009611,0.341260242318077,0.00448549131429102,25,0.102565373693514,0.102649382009665,0.00394623954513604,25,0.354678321505868,0.356507018532372,0.0052198634391343,25,0.0607884359509293,0.0608140323091907,0.000303107513212817,25,0.0995666597678602,0.0995890301392369,0.00190110549720778,25,1.04425029617818,1.04430476994798,0.00189283162053409,25,0.982826051429936,0.98284477891181,0.000819848294870716,25,23.7162400000013,23.7040000000125,0.833089194903177,25,23.7162400000013,23.7040000000125,0.833089194903177,25,22.3159600000014,22.4510000000009,0.708640451852191,25,1.40027999999991,1.2609999999986,0.279937421578322,25,0,0,0,25
"pretrain","estimated_Z","mixture_fastica_start","ifeval_min30","balanced_moderate_dense_signed_cross","Cross",400,1500,5,"2-2-2-2-2",1.38449449020342,1.40932447210176,0.180806521353938,25,0.749289957829839,0.749289957829839,0,25,0.150418224167756,0.146208217546421,0.0202475634248979,25,0.389625939066563,0.389541843763485,0.00165935393546519,25,0.043197128260713,0.0450297132198834,0.0134973242541173,25,0.0257873423624895,0.0255547237966194,0.00316294248235807,25,0.022169862590201,0.0233017866726931,0.0070946354305257,25,0.267146631868995,0.267416371457281,0.00523640850761321,25,0.125312023845726,0.124725964844709,0.0062361772907093,25,0.295103275737952,0.294291367355259,0.00708139978509339,25,0.0411351934202791,0.0410995527982,0.000351297133885423,25,0.0772139902070006,0.0772841425978461,0.00193854549910105,25,1.03361568899083,1.03329560743114,0.00217072768661879,25,0.990819129081594,0.990514416071831,0.0010954356980225,25,17.5134000000001,17.6840000000011,0.545533683652978,25,17.5134000000001,17.6840000000011,0.545533683652978,25,16.9503200000001,17.1220000000012,0.546069494966845,25,0.563080000000045,0.560999999999694,0.025294795248307,25,0,0,0,25
"pretrain","estimated_Z","mixture_fastica_start","ifeval_min30","balanced_moderate_dense_signed_cross","Cross",400,1500,5,"3-3-3-3-3",1.37672053986616,1.40342213636336,0.170239429554856,25,0.749289957829839,0.749289957829839,0,25,0.137386060118771,0.125539592782414,0.0277119164070688,25,0.369598935056151,0.369493103665322,0.00354697916110423,25,0.0677349150575155,0.0658018131285882,0.0151543758688086,25,0.0545708744528599,0.0558361718027722,0.00938246922799755,25,0.0259856557381575,0.0253045115381953,0.00666404709570218,25,0.253232009153933,0.253868402499052,0.00530400112327656,25,0.102955732204962,0.103424962047921,0.00446084497134412,25,0.273378077714934,0.274708434923887,0.00619729292615456,25,0.0431142338948296,0.0432292492680873,0.000317904756016264,25,0.0844162233288147,0.0844651824927359,0.00248981640999401,25,1.02755684965942,1.02734543700173,0.00172074286217926,25,0.990777906071384,0.99052702770292,0.00107939007086992,25,23.6716399999995,23.7879999999968,0.783983146076718,25,23.6716399999995,23.7879999999968,0.783983146076718,25,22.9045599999998,23.038999999997,0.768664647293781,25,0.767079999999696,0.753000000000611,0.0551935382688054,25,0,0,0,25
"pretrain","estimated_Z","mixture_fastica_start","ifeval_min30","balanced_moderate_dense_signed_cross","Cross",400,2000,10,"2-2-2-2-2-2-2-2-2-2",1.40301065725921,1.411220075665,0.0666646273135477,25,0.581019736017126,0.581019736017126,0,25,0.152189557962976,0.146311226899668,0.0173167697136146,25,0.395865437867867,0.396047550439856,0.00123269779361039,25,0.0491938408378728,0.0471899552853114,0.00837111826486698,25,0.0312126802809627,0.0313026231104288,0.0020414973723191,25,0.0252537734618808,0.0241861630998292,0.00439458186018465,25,0.363413340438399,0.363457530622264,0.0054659582268603,25,0.126660161168092,0.126537051417723,0.00585956437434186,25,0.384877276122635,0.385757060085291,0.00670645727223009,25,0.0570227534750697,0.057052478371128,0.000264212083739319,25,0.0866384572659507,0.0867635643143384,0.00132882284441651,25,1.05578224283527,1.05594632691264,0.00230583900451669,25,0.983671019789892,0.983550355656135,0.0008716919077792,25,31.4871199999988,31.1119999999937,1.17501302546084,25,31.4871199999988,31.1119999999937,1.17501302546084,25,30.0157999999996,29.6169999999984,1.1768829239431,25,1.47131999999925,1.47299999999814,0.0356156800676231,25,0,0,0,25
"pretrain","estimated_Z","mixture_fastica_start","ifeval_min30","balanced_moderate_dense_signed_cross","Cross",400,2000,10,"3-3-3-3-3-3-3-3-3-3",1.40874524508367,1.41045677395166,0.0696888302649825,25,0.581019736017126,0.581019736017126,0,25,0.134851302148249,0.132806995027577,0.0124405565010331,25,0.380349902364388,0.380469289873142,0.00187155267378398,25,0.0717015340811636,0.0709577984475243,0.00987910695062054,25,0.0672392768014273,0.0648648511533822,0.0126375278602109,25,0.0266477608561653,0.026298540009312,0.00544065723730871,25,0.332376404775067,0.331274222719038,0.00384123015994543,25,0.103841666130717,0.104030524061958,0.00350837716915545,25,0.348229357630649,0.347838900552256,0.00450251888649534,25,0.0591850549719034,0.0591789658181724,0.000270637118906268,25,0.0906984076587249,0.0907607671265127,0.001327174588889,25,1.043010228525,1.04277478304154,0.00151569948386731,25,0.983757676443606,0.983594039461409,0.000905794832759573,25,28.2003999999998,28.3390000000072,0.83612399399455,25,28.2003999999998,28.3390000000072,0.83612399399455,25,26.7436000000016,27.0310000000027,0.95634817578717,25,1.45679999999818,1.28900000000431,0.402822645012125,25,0,0,0,25
"pretrain","estimated_Z","mixture_fastica_start","ifeval_min30","balanced_moderate_dense_signed_cross","Cross",400,2000,5,"2-2-2-2-2",1.34041545312141,1.40803725504226,0.158160860883851,25,0.74785852175892,0.74785852175892,0,25,0.153676329365837,0.144485530151812,0.0268448551107545,25,0.388796906812766,0.388872303042745,0.001422923577262,25,0.0494120237406559,0.0453871805240401,0.0214299649696799,25,0.0246376509094124,0.024170748251615,0.00347063323711178,25,0.0254025609765169,0.0234365000115626,0.0111064183724322,25,0.264724401331166,0.263806937776448,0.00613992166387148,25,0.126862567204886,0.127147781684889,0.00521157246185584,25,0.293568296226644,0.292119567765878,0.00743302239761958,25,0.0402585122654861,0.0402220849025039,0.000285507470632826,25,0.0696912259847318,0.069999871040639,0.00183226893625898,25,1.03371549743193,1.03317316631718,0.00213031038596877,25,0.991332963776435,0.991239334905952,0.000742670815348128,25,21.5306799999998,21.1599999999999,0.665506556441289,25,21.5306799999998,21.1599999999999,0.665506556441289,25,20.9559599999998,20.5720000000001,0.66033775953405,25,0.574719999999943,0.570999999999913,0.02105057402242,25,0,0,0,25
"pretrain","estimated_Z","mixture_fastica_start","ifeval_min30","balanced_moderate_dense_signed_cross","Cross",400,2000,5,"3-3-3-3-3",1.38238286244117,1.41069421639301,0.127754031534617,25,0.74785852175892,0.74785852175892,0,25,0.140031437409586,0.135202682945872,0.0228633823643643,25,0.369382106546148,0.369343565790279,0.00288716238321696,25,0.0683816459043406,0.0647120361817948,0.01347027182173,25,0.0539664535653577,0.0524576694237428,0.00882953045178932,25,0.0286454393414361,0.0284060791989864,0.0058548475299055,25,0.246248481522504,0.246310441505858,0.00465039292699246,25,0.101883809512771,0.10261180951703,0.00473222422493242,25,0.266510290524675,0.26731495636701,0.00587629718813006,25,0.0421195520408921,0.042107383497214,0.000270415629834921,25,0.0766563908709583,0.0773468719859061,0.0019022575380762,25,1.02625104778869,1.0258892966982,0.00174488189771159,25,0.991264060271144,0.991075618943469,0.000743621997230462,25,28.8411600000002,29.0720000000001,0.912098938346401,25,28.8411600000002,29.0720000000001,0.912098938346401,25,28.0605600000001,28.3050000000003,0.915472422668548,25,0.780600000000122,0.766999999999825,0.0385940409904566,25,0,0,0,25
"pretrain","estimated_Z","mixture_fastica_start","ifeval_min30","balanced_moderate_dense_signed_cross","Cross",400,500,10,"2-2-2-2-2-2-2-2-2-2",1.4200223834124,1.4126379774498,0.0753699338944408,25,0.568776528188644,0.568776528188644,0,25,0.143464186526767,0.142076174297785,0.01103881990895,25,0.397091905283428,0.397301112033687,0.00108512360155193,25,0.0474088938098026,0.0453761876579673,0.00856617201226492,25,0.0498174263922524,0.0502937602528294,0.00277511218937643,25,0.0230941833985191,0.0217724644448375,0.00502773101235279,25,0.415501811658297,0.416475214198968,0.00504215229320149,25,0.106834512891819,0.105925784403697,0.00395896198368866,25,0.429034455747161,0.429808518843734,0.00502672342371329,25,0.0702436015144573,0.0703370237988816,0.000634485264825927,25,0.152722208801097,0.152802553494732,0.00206153711202579,25,1.06461493644296,1.06448325058451,0.00240122645890467,25,0.975741260307204,0.975627850540419,0.00143313235629352,25,13.9524399999998,13.976999999999,0.66754750642382,25,13.9524399999998,13.976999999999,0.66754750642382,25,12.6017200000002,12.6500000000015,0.666374739417223,25,1.35071999999956,1.34700000000157,0.0319302886509932,25,0,0,0,25
"pretrain","estimated_Z","mixture_fastica_start","ifeval_min30","balanced_moderate_dense_signed_cross","Cross",400,500,10,"3-3-3-3-3-3-3-3-3-3",1.41335488562625,1.41367785468729,0.0498798186602346,25,0.568776528188644,0.568776528188644,0,25,0.136637119398604,0.133949575148848,0.015407784894131,25,0.38113024005683,0.380763449125238,0.00173855127708214,25,0.0944794387603738,0.0919375330329166,0.0179264201324304,25,0.113138614439641,0.11129771960411,0.0163764864870775,25,0.0297693755356326,0.0273105404812471,0.00820105658990116,25,0.412377153668363,0.413135232291916,0.00674595741105677,25,0.0974865644494804,0.0965787463734072,0.00342891058047639,25,0.42376054360173,0.424295428835461,0.00649707919501475,25,0.0718270363595019,0.0717912126595871,0.000683620134723602,25,0.15597580334983,0.157187377438177,0.00261270033497946,25,1.06327129891985,1.06353773099058,0.00284881790573724,25,0.976597687332767,0.976283758553027,0.00147922133596697,25,11.9939999999991,12.002999999997,0.565901787710315,25,11.9939999999991,12.002999999997,0.565901787710315,25,10.6227200000006,10.5580000000045,0.502805091463947,25,1.37127999999851,1.21300000000338,0.255272651621966,25,0,0,0,25
"pretrain","estimated_Z","mixture_fastica_start","ifeval_min30","balanced_moderate_dense_signed_cross","Cross",400,500,5,"2-2-2-2-2",1.39408854309198,1.40637149534567,0.130866070022821,25,0.745843276530558,0.745843276530558,0,25,0.147242893531331,0.139738990059411,0.0218002564195363,25,0.393860127760569,0.393960698573365,0.00158887241219189,25,0.0472372670622853,0.0476104022390652,0.0127598923947071,25,0.0362232388561383,0.0363525607591325,0.00305652521102587,25,0.0239929903740788,0.0243103721969365,0.00688796627353087,25,0.297156338511517,0.297124436168234,0.00501395973276135,25,0.11096515307836,0.110482269407159,0.00535344295091622,25,0.317222987490275,0.317048298512973,0.00615579849489077,25,0.047694214892247,0.0476916933343212,0.000572278642641266,25,0.122139853945229,0.122305506263709,0.00236658621822593,25,1.03673210865712,1.03758296749481,0.002020386043988,25,0.987443999414839,0.987484908755546,0.0012701561576553,25,8.69448000000029,8.70399999999972,0.377788534323912,25,8.69448000000029,8.70399999999972,0.377788534323912,25,8.17104000000018,8.1929999999993,0.372798815269847,25,0.523440000000119,0.519000000000233,0.0193025904997022,25,0,0,0,25
"pretrain","estimated_Z","mixture_fastica_start","ifeval_min30","balanced_moderate_dense_signed_cross","Cross",400,500,5,"3-3-3-3-3",1.41278398993454,1.4154646754678,0.141129215201881,25,0.745843276530558,0.745843276530558,0,25,0.132073188958319,0.126091685389732,0.0194553396832212,25,0.370818750556437,0.371524614391956,0.00319290626322543,25,0.0795530055662669,0.0748896005492054,0.0238637673876889,25,0.0813659517290985,0.0780326873421259,0.0162707473644926,25,0.0285975982475349,0.0275690808690084,0.00627149979836563,25,0.294069800319228,0.294751271090079,0.00537936392588459,25,0.0957555809731334,0.0953355883129375,0.00410586706573901,25,0.30928099623578,0.308842877566228,0.00607316392694649,25,0.0498540240893266,0.0499339950193724,0.000391706241716792,25,0.128374525154897,0.128437035943672,0.0035308237438121,25,1.0339110316878,1.03342273571739,0.00262983238705286,25,0.987075833664573,0.987039779679659,0.00195145122806224,25,10.9618000000007,10.997000000003,0.366569911476054,25,10.9618000000007,10.997000000003,0.366569911476054,25,10.1850000000001,10.2790000000023,0.336824385498719,25,0.776800000000512,0.730000000003201,0.102456088154566,25,0,0,0,25
"pretrain","estimated_Z","mixture_identity_start","ifeval_min30","balanced_moderate_dense_signed_cross","Cross",100,1000,10,"2-2-2-2-2-2-2-2-2-2",1.37908149407544,1.39802420507207,0.150775945954064,25,0.579328975000393,0.579328975000393,0,25,0.311914693151085,0.305076475268865,0.0366025129967619,25,0.405120459941778,0.405083811282059,0.00214045520556807,25,0.0982433090252812,0.0983261232528784,0.0211618405144102,25,0.103299441165246,0.101887938521889,0.0100306126324838,25,0.0495157746942229,0.0505657631952168,0.0114821462711813,25,0.730633134326008,0.728302930296749,0.0209821384318104,25,0.216451435944349,0.218383695520778,0.00840644105943583,25,0.762035978375825,0.760898809095317,0.0220711540462484,25,0.111642428722671,0.111792905319686,0.00110152143667897,25,0.134992971781253,0.134977299373385,0.00674829573879627,25,1.20524539629547,1.20577831813131,0.0145325089617227,25,0.938235119275692,0.938143556971844,0.00255350921300915,25,1.73716000000088,1.73199999999997,0.116568177476154,25,1.73716000000088,1.73199999999997,0.116568177476154,25,1.24000000000087,1.25700000000143,0.0937803284278635,25,0.497160000000003,0.457999999998719,0.0782925496672998,25,0,0,0,25
"pretrain","estimated_Z","mixture_identity_start","ifeval_min30","balanced_moderate_dense_signed_cross","Cross",100,1000,10,"3-3-3-3-3-3-3-3-3-3",1.21733781912284,1.18481706742804,0.21030362994155,25,0.579240585997287,0.579293618511589,9.72926182325836e-05,25,0.330616631613,0.326427192404598,0.0236273066246721,25,0.390932461605261,0.391193156875681,0.0044820015396485,25,0.322483282157621,0.31526277230628,0.0269013060810606,25,0.276367576641162,0.275711485597458,0.00791060410355801,25,0.153905016494087,0.156946157813445,0.0229069148213476,25,0.791868092398129,0.796636593240753,0.0258162199674859,25,0.241796344404639,0.240934566680132,0.0101612409710246,25,0.827984475892296,0.831583147768896,0.0270261161749372,25,0.117337690630712,0.117288569361066,0.000977989452254384,25,0.145211045568691,0.145102583757395,0.00408584008073079,25,1.24813923395092,1.25003807387313,0.0171424347768522,25,0.938981508190446,0.938790560577362,0.00263345733413176,25,3.29351999999897,3.21099999999569,0.726855104772965,25,3.29351999999897,3.21099999999569,0.726855104772965,25,1.62075999999826,1.62600000000384,0.0954429498017752,25,1.67276000000071,1.54899999999907,0.713720783406604,25,0,0,0,25
"pretrain","estimated_Z","mixture_identity_start","ifeval_min30","balanced_moderate_dense_signed_cross","Cross",100,1000,5,"2-2-2-2-2",1.32059304052114,1.53824433473359,0.444330189037593,25,0.745360614325595,0.745360614325595,0,25,0.278856959365553,0.28133875038351,0.0342890959265435,25,0.396505574125451,0.396671771564022,0.00286189116618671,25,0.091709183143645,0.0870320505422625,0.0257429649209022,25,0.0827646700642455,0.0805882265196031,0.00835958488905304,25,0.0470728231685215,0.0450358142960269,0.0133218763461739,25,0.469831082754465,0.469887436960456,0.014135998368833,25,0.196285173961517,0.196926492756193,0.00712395875169583,25,0.509203435797818,0.507892933102177,0.0151908332997186,25,0.0775588951736822,0.0776173482276625,0.000866102734672758,25,0.101791802334717,0.101890310073588,0.00522756868412735,25,1.09164124793847,1.09276309609495,0.00647327188760067,25,0.966921875728539,0.967253821492648,0.0024501674459429,25,1.32519999999999,1.33299999999997,0.105108673920542,25,1.32519999999999,1.33299999999997,0.105108673920542,25,1.0904,1.11400000000003,0.0930774766883303,25,0.234799999999996,0.226999999999862,0.0338476980999757,25,0,0,0,25
"pretrain","estimated_Z","mixture_identity_start","ifeval_min30","balanced_moderate_dense_signed_cross","Cross",100,1000,5,"3-3-3-3-3",1.36569442451576,1.26585485014676,0.364641277780538,25,0.745356114478885,0.745360614325595,1.2582195900968e-05,25,0.274796001346614,0.265394872688409,0.0350698759055491,25,0.374693554455166,0.374865700090546,0.00442715202711284,25,0.292903071486318,0.289210685529942,0.0353064467683763,25,0.264426558363676,0.266057111408607,0.0144711631929916,25,0.139149564569275,0.143311297435705,0.0332489279274079,25,0.493015197295838,0.494093523332423,0.0124549416297447,25,0.195644354509018,0.195245694527434,0.00731970119566081,25,0.530440132085411,0.53237662568462,0.0134752837727817,25,0.0827194504355938,0.0827230790286382,0.00077411343543112,25,0.113197584573343,0.112941008660348,0.00714384750234428,25,1.10123038137143,1.10076671224343,0.00652476582250248,25,0.96676614034703,0.96670716958512,0.0018773791482385,25,2.18972000000016,2.09100000000035,0.353909771929253,25,2.18972000000016,2.09100000000035,0.353909771929253,25,1.41056000000011,1.42499999999927,0.0807852503040975,25,0.779160000000047,0.733000000000175,0.339347005291267,25,0,0,0,25
"pretrain","estimated_Z","mixture_identity_start","ifeval_min30","balanced_moderate_dense_signed_cross","Cross",100,1500,10,"2-2-2-2-2-2-2-2-2-2",1.42668395161441,1.40742913408973,0.186006253821774,25,0.583088680632177,0.583088680632177,0,25,0.2923088826102,0.290275235712113,0.0389909608125665,25,0.404444839752603,0.404909332283669,0.002391144299674,25,0.09646418635135,0.100723734354492,0.0243174670918181,25,0.096675957085335,0.0963279640472612,0.0085251037260115,25,0.048994569073401,0.0521162530095447,0.0127517392129104,25,0.692752862298873,0.684684917473847,0.0250912927255322,25,0.208816585399054,0.205898239265521,0.00920727305878452,25,0.723553150471753,0.71522237237813,0.0263688969500321,25,0.108189223624205,0.107947424587048,0.00112284952764711,25,0.118572959846081,0.117785461492275,0.00469831597076129,25,1.18347086948309,1.18050497796954,0.0158687601219554,25,0.940123081449255,0.939963674915339,0.00157161712828616,25,2.1493200000003,2.15699999999924,0.232922326108944,25,2.1493200000003,2.15699999999924,0.232922326108944,25,1.58440000000031,1.5769999999975,0.180948197007034,25,0.564919999999984,0.572000000000116,0.105726029591581,25,0,0,0,25
"pretrain","estimated_Z","mixture_identity_start","ifeval_min30","balanced_moderate_dense_signed_cross","Cross",100,1500,10,"3-3-3-3-3-3-3-3-3-3",1.28683473804187,1.27163535921432,0.174447483823755,25,0.58306213739509,0.583071015511502,3.33394539101134e-05,25,0.325514058914968,0.323008658647285,0.0359340110030529,25,0.391638035246976,0.391557501097758,0.00446757200552547,25,0.313090482667742,0.311539140912469,0.030283774377939,25,0.272388165958639,0.272655131181916,0.0110623662949004,25,0.148409171570891,0.149689774117906,0.0249000496683315,25,0.748190649734033,0.747573544067268,0.0204895360730482,25,0.229188049192569,0.228282498474416,0.00658749014993078,25,0.782520079579006,0.781235790255468,0.021001556692341,25,0.114550925294596,0.1145129347672,0.000929065881465074,25,0.127147677812544,0.127602730867586,0.00635052692249713,25,1.21997900286595,1.21837081117563,0.0137327791172033,25,0.940120739604502,0.940768985329916,0.00201127750118928,25,3.9644000000006,3.6189999999915,0.975372193916081,25,3.9644000000006,3.6189999999915,0.975372193916081,25,2.20119999999937,2.1929999999993,0.146714291509267,25,1.76320000000123,1.37399999999616,0.97285846007014,25,0,0,0,25
"pretrain","estimated_Z","mixture_identity_start","ifeval_min30","balanced_moderate_dense_signed_cross","Cross",100,1500,5,"2-2-2-2-2",1.39370430782278,1.53532547036236,0.362014392643936,25,0.749289957829839,0.749289957829839,0,25,0.270681503497934,0.268308115053755,0.033544429142821,25,0.394157865421428,0.393900643905213,0.00253641678137491,25,0.106571405847311,0.100253131917155,0.0503242509166262,25,0.0829431599922801,0.0764112569101252,0.0346560841415348,25,0.0552272704990648,0.0516367910703433,0.0283398025605875,25,0.452905628226464,0.450738313808217,0.012857232984536,25,0.196344004053968,0.196373459793889,0.00630933968522239,25,0.493650311426539,0.493179158216034,0.013721849768426,25,0.0761894152642094,0.0761769012127644,0.000817290401892368,25,0.0896811851075491,0.090207568976413,0.00452585349848633,25,1.0854235580728,1.08395806131569,0.00693296988409309,25,0.967911214430536,0.967852293736669,0.00224729346405376,25,1.66780000000003,1.67100000000005,0.124733382326753,25,1.66780000000003,1.67100000000005,0.124733382326753,25,1.42092000000003,1.43399999999997,0.114035783857535,25,0.246880000000001,0.238000000000056,0.0353757449862518,25,0,0,0,25
"pretrain","estimated_Z","mixture_identity_start","ifeval_min30","balanced_moderate_dense_signed_cross","Cross",100,1500,5,"3-3-3-3-3",1.20890281024457,1.26160302996797,0.513279741908768,25,0.749285858966126,0.749289957829839,1.03177932242513e-05,25,0.268985245133202,0.262203729043163,0.0340220767779375,25,0.376278092269284,0.376899914773464,0.00569562007033079,25,0.278215617301618,0.275279425226794,0.0341493584584639,25,0.257305841279809,0.258847466049819,0.0106934520572326,25,0.144667199971896,0.152372260207144,0.0357329787595864,25,0.473450466745948,0.473108170565005,0.01727428746297,25,0.194116520429951,0.192341803659253,0.0081607647213792,25,0.511712620625848,0.510122984918295,0.0187405804861116,25,0.0809891435681298,0.0810131182571078,0.000810819702661732,25,0.0963444857984255,0.0948351685863284,0.0062541907401174,25,1.09376811394513,1.09319181802535,0.0080278883657452,25,0.967858116612233,0.96800747553614,0.00203371865417848,25,2.73360000000001,2.63899999999921,0.393025338453718,25,2.73360000000001,2.63899999999921,0.393025338453718,25,1.9932,2.01800000000003,0.154896201804035,25,0.740400000000009,0.626000000000204,0.388008698356176,25,0,0,0,25
"pretrain","estimated_Z","mixture_identity_start","ifeval_min30","balanced_moderate_dense_signed_cross","Cross",100,2000,10,"2-2-2-2-2-2-2-2-2-2",1.37998198924011,1.38574897645816,0.165932026886362,25,0.581019736017126,0.581019736017126,0,25,0.285244538960309,0.280575528733553,0.0264531771233387,25,0.403622652632218,0.403783107196608,0.00293839887893619,25,0.0974902119218428,0.0922267969022241,0.0356164843425417,25,0.0994432228861841,0.0922154080459372,0.0252426298825451,25,0.0501177580627997,0.0464209080154814,0.0210164037965208,25,0.675101441617915,0.676533950091884,0.0190971617596627,25,0.206244290737961,0.206664677267766,0.00540872997242324,25,0.705913007744794,0.70721405377596,0.0194638324472197,25,0.106923556829504,0.107012079275146,0.00110763072969116,25,0.110656661669867,0.111623237515188,0.00485841071473747,25,1.1738283327432,1.17302442985708,0.0116037846921084,25,0.941228680663329,0.941343625777153,0.00155862558502764,25,2.5357600000003,2.55000000000291,0.22621160447695,25,2.5357600000003,2.55000000000291,0.22621160447695,25,1.95696000000084,1.99500000000262,0.167845534147734,25,0.578799999999465,0.580999999998312,0.154807138077801,25,0,0,0,25
"pretrain","estimated_Z","mixture_identity_start","ifeval_min30","balanced_moderate_dense_signed_cross","Cross",100,2000,10,"3-3-3-3-3-3-3-3-3-3",1.28453269488865,1.32034457453513,0.143682871873033,25,0.581001096068273,0.581007847032525,2.78324494378982e-05,25,0.324377560809007,0.318695377280695,0.0315203304905286,25,0.388437540510215,0.387626271266512,0.00453908808607425,25,0.302972354856647,0.306583898746539,0.0265741612197968,25,0.269401345334855,0.268637447944865,0.0110266497644158,25,0.159793565207088,0.16245421755279,0.0201561838238377,25,0.727830200978402,0.727983399930861,0.0167744918797643,25,0.226827083911731,0.227137685983202,0.00730522983479181,25,0.762367351716682,0.761361394564226,0.0178158535143456,25,0.113423062124458,0.113596267811647,0.000759451813948921,25,0.117578216644534,0.117905142436345,0.0073559344247366,25,1.2080844291291,1.20772097101144,0.0110488870631955,25,0.940884544943493,0.940566682536772,0.0013408495158207,25,4.92039999999863,4.88999999999942,0.864291135363126,25,4.92039999999863,4.88999999999942,0.864291135363126,25,2.79959999999963,2.80599999999686,0.167571626477061,25,2.120799999999,2.15400000000955,0.917916345136055,25,0,0,0,25
"pretrain","estimated_Z","mixture_identity_start","ifeval_min30","balanced_moderate_dense_signed_cross","Cross",100,2000,5,"2-2-2-2-2",1.34624320329385,1.26502911340897,0.274193094907506,25,0.74785852175892,0.74785852175892,0,25,0.272084110389745,0.277237778615234,0.0274358829760291,25,0.394025081791547,0.39380633331291,0.00342018768551245,25,0.0966187103820826,0.0914381408426659,0.0300429071052279,25,0.0779383467457215,0.0790539205030058,0.00857910365967058,25,0.0492990719572329,0.0474175230333868,0.015627674796486,25,0.446503714712485,0.446255264832729,0.0115130656696508,25,0.194235214594827,0.192855436214645,0.00681004326167628,25,0.486939408592781,0.486010506509997,0.012693029402038,25,0.0753703767623475,0.0754114683580281,0.000425925605934574,25,0.0821988202063303,0.0813670709491905,0.00543384837195176,25,1.08313655886201,1.08437956998834,0.00518655045513337,25,0.968571574259923,0.968650764849346,0.00161139684450106,25,2.10792,2.07499999999982,0.142088857175092,25,2.10792,2.07499999999982,0.142088857175092,25,1.85496000000002,1.827,0.142423511635733,25,0.252959999999985,0.251000000000204,0.0156404390389578,25,0,0,0,25
"pretrain","estimated_Z","mixture_identity_start","ifeval_min30","balanced_moderate_dense_signed_cross","Cross",100,2000,5,"3-3-3-3-3",1.32911777107829,1.26235829702178,0.333308246583421,25,0.74785613230459,0.74785852175892,9.8614688557105e-06,25,0.272755758248048,0.264183655307926,0.0357638119977418,25,0.373424002798512,0.37449703872464,0.00862777260658741,25,0.288977557223693,0.282044378013261,0.037392725324517,25,0.254330205229082,0.255481068185752,0.0103993027599624,25,0.144872323513139,0.144904746619696,0.0331987093094024,25,0.462895524876611,0.464977721079788,0.0110307371029252,25,0.191445911656813,0.191719296411093,0.00634790490461084,25,0.500939680725181,0.502291559135607,0.0120214414025429,25,0.0803320508040958,0.0806312209340233,0.000858208479992697,25,0.089837753273104,0.0890101303876053,0.00498346518343329,25,1.08939703074316,1.08971740047142,0.00577547805583582,25,0.968596872394498,0.968419231433043,0.0021456002576486,25,3.22164000000026,3.21900000000096,0.320709224479492,25,3.22164000000026,3.21900000000096,0.320709224479492,25,2.50940000000039,2.51100000000042,0.145126094598059,25,0.712239999999874,0.631000000001222,0.298338772762032,25,0,0,0,25
"pretrain","estimated_Z","mixture_identity_start","ifeval_min30","balanced_moderate_dense_signed_cross","Cross",100,500,10,"2-2-2-2-2-2-2-2-2-2",1.35017886179567,1.39548008155345,0.171625045180168,25,0.568757615801933,0.568776528188644,3.13501488729699e-05,25,0.338435851795087,0.333960546102843,0.0419704248279767,25,0.407704253940841,0.408086146404049,0.00311952593027538,25,0.0976397070227988,0.0923282450117606,0.0212627632511828,25,0.115155716481955,0.112947265241499,0.0108407217903353,25,0.0488627278679356,0.04641857370987,0.0114480514137921,25,0.854420550689656,0.854914031162503,0.0393628340398076,25,0.244549640742141,0.242902461724103,0.016819520874257,25,0.888771290409641,0.89074835843117,0.0418782137840008,25,0.11915084276594,0.11935228644037,0.00171741844426643,25,0.175516258314862,0.171817533955644,0.00801471177634573,25,1.28435205455881,1.28530869012648,0.0280630869203857,25,0.93397555669652,0.93414574717499,0.00253686344532406,25,1.32867999999915,1.30799999999726,0.104568048019648,25,1.32867999999915,1.30799999999726,0.104568048019648,25,0.846639999999752,0.843000000000757,0.0747890811997967,25,0.482039999999397,0.457999999998719,0.0856390098026826,25,0,0,0,25
"pretrain","estimated_Z","mixture_identity_start","ifeval_min30","balanced_moderate_dense_signed_cross","Cross",100,500,10,"3-3-3-3-3-3-3-3-3-3",1.13691804316043,1.10848304738515,0.163121471340626,25,0.56854038660607,0.568524474822278,0.000135171831017583,25,0.342616477482051,0.336480256213656,0.0311683364190464,25,0.392312313551841,0.392407790848332,0.00504667850252833,25,0.333447597891456,0.329494600256094,0.0385320325980883,25,0.284561665064717,0.28428770113856,0.00944352087176286,25,0.152445166302456,0.15422739362239,0.0226884694671678,25,0.885330288449517,0.884065278506534,0.0147583973960836,25,0.253732281581533,0.254426143732982,0.00752403232694635,25,0.921003839793171,0.920050402930218,0.0146188359809929,25,0.123577654319859,0.123783348739983,0.00092669619190779,25,0.182638440786768,0.182644023038658,0.00589525507570821,25,1.30588643228382,1.30592316478963,0.0100927058520951,25,0.934022478731268,0.93397981054711,0.00314935274098584,25,2.51415999999997,2.3179999999993,0.835221760972605,25,2.51415999999997,2.3179999999993,0.835221760972605,25,1.09528000000078,0.978000000002794,0.220159699611879,25,1.41887999999919,1.34399999999732,0.747656969026403,25,0,0,0,25
"pretrain","estimated_Z","mixture_identity_start","ifeval_min30","balanced_moderate_dense_signed_cross","Cross",100,500,5,"2-2-2-2-2",1.3424354428114,1.26886367485473,0.33275716053017,25,0.745843276530558,0.745843276530558,0,25,0.284549801617439,0.277210407974295,0.0375889025645528,25,0.39968025548581,0.399173532668943,0.00420816134068897,25,0.0916953993456385,0.0911834499388288,0.0288756971226313,25,0.089381101755924,0.0870939014019314,0.00919619700409624,25,0.0465797544690001,0.0463511595633968,0.0153315017228892,25,0.525333635961724,0.530411093388952,0.0196190402721793,25,0.206110644591301,0.207225753029624,0.00835364028915614,25,0.564350303363665,0.571037828762994,0.0204701109684126,25,0.0817281547187452,0.0816323432177843,0.0012194736660369,25,0.133480151554653,0.131800211783067,0.00524576942490392,25,1.11630006322615,1.11738305811167,0.0105124819807542,25,0.964967631408917,0.965515107950592,0.00300269178821969,25,0.933399999999996,0.937999999999988,0.0520264355880689,25,0.933399999999996,0.937999999999988,0.0520264355880689,25,0.70828,0.717999999999989,0.0586419360753618,25,0.225119999999996,0.216999999999999,0.0304169908658544,25,0,0,0,25
"pretrain","estimated_Z","mixture_identity_start","ifeval_min30","balanced_moderate_dense_signed_cross","Cross",100,500,5,"3-3-3-3-3",1.29454930145708,1.26189979320683,0.229208670320422,25,0.745822999587531,0.745843276530558,6.30880384155721e-05,25,0.28923138451687,0.281523671439278,0.0397187702251753,25,0.377914720234168,0.378543865483391,0.0061733964564638,25,0.290048182381752,0.287525372183792,0.0279987950708906,25,0.266288075574926,0.267533035280017,0.0178070521245232,25,0.147527621314969,0.14702121548466,0.0348028198258897,25,0.538826066951769,0.534434384138134,0.0178657495883127,25,0.202170007958517,0.201998831101194,0.00889176886173933,25,0.575553276097171,0.574237686522718,0.0184556771369811,25,0.0864986156498831,0.0864851581061519,0.00141460833346008,25,0.142820293583676,0.143919927385746,0.00771189400414731,25,1.12121107528962,1.11894806006531,0.0110422989921015,25,0.964481524385647,0.96516421180578,0.00377038109697618,25,1.55347999999976,1.43499999999949,0.361065797328231,25,1.55347999999976,1.43499999999949,0.361065797328231,25,0.860520000000033,0.846999999999753,0.0586288609249607,25,0.69295999999973,0.583000000000538,0.342996413975553,25,0,0,0,25
"pretrain","estimated_Z","mixture_identity_start","ifeval_min30","balanced_moderate_dense_signed_cross","Cross",200,1000,10,"2-2-2-2-2-2-2-2-2-2",1.38731907862719,1.4048190466825,0.131998353699627,25,0.579328975000393,0.579328975000393,0,25,0.20030485555544,0.199003526343223,0.0195668373315176,25,0.398720172753295,0.398953316092714,0.00132476457496156,25,0.072761018065444,0.0700267674723914,0.0334048035242292,25,0.0630297082307153,0.0578057118049925,0.026648443566235,25,0.0376774821072507,0.0361367933892915,0.0196525261313263,25,0.477415870907442,0.477773387672505,0.00616699671147309,25,0.143267741923386,0.142128070862994,0.0047795579641367,25,0.498467421951155,0.498572857137149,0.00647349607435726,25,0.0812955764097527,0.0814593096097521,0.000682481194004195,25,0.118644543416647,0.119121208859651,0.00277621395488054,25,1.08607279585171,1.0855342513809,0.0031106145058977,25,0.966687027734447,0.966496633719268,0.00126167632551014,25,6.51879999999859,6.48800000000483,0.423722590068164,25,6.51879999999859,6.48800000000483,0.423722590068164,25,5.29779999999941,5.2589999999982,0.337508148050288,25,1.22099999999919,1.18000000000029,0.289956318549413,25,0,0,0,25
"pretrain","estimated_Z","mixture_identity_start","ifeval_min30","balanced_moderate_dense_signed_cross","Cross",200,1000,10,"3-3-3-3-3-3-3-3-3-3",1.41656193127183,1.48078545421183,0.172645938431162,25,0.579328975000393,0.579328975000393,0,25,0.197379891049539,0.192280402158395,0.0177740936594933,25,0.38324155956668,0.383618739726272,0.00319396406981216,25,0.185607104615365,0.181551545205966,0.0244913366977388,25,0.193194279460977,0.194999290979426,0.014202140578943,25,0.0775299703779856,0.0733825299335146,0.019240838852682,25,0.480853763005814,0.48121765880928,0.00722370526282596,25,0.138735663897723,0.139053635071702,0.00421802950720687,25,0.500476929351128,0.501307234635295,0.0077690467750583,25,0.0847506955229611,0.0847191697505069,0.00061386334964634,25,0.124425523214205,0.124525858059656,0.00350163968832714,25,1.08720123363732,1.08676009859591,0.00385736839002602,25,0.967066162338944,0.967075138624574,0.00153210109750799,25,6.72539999999863,6.46399999999267,0.9397369312737,25,6.72539999999863,6.46399999999267,0.9397369312737,25,4.77207999999984,4.76499999999942,0.200177404652932,25,1.95331999999878,1.62199999998847,0.935940245601368,25,0,0,0,25
"pretrain","estimated_Z","mixture_identity_start","ifeval_min30","balanced_moderate_dense_signed_cross","Cross",200,1000,5,"2-2-2-2-2",1.42758412611472,1.54203976437174,0.25553095459604,25,0.745360614325595,0.745360614325595,0,25,0.197369676009991,0.197349701482612,0.0226427499494745,25,0.392584569261378,0.392912313206298,0.0020308416857174,25,0.0646018209007645,0.0694798920385064,0.0170087079791553,25,0.0454391804706114,0.0437940700876376,0.00437620920831369,25,0.0332135464843642,0.0354267380060881,0.00893429415411129,25,0.335260854770584,0.336082531459926,0.006882152435247,25,0.145243296672191,0.145128482625984,0.00666718620930746,25,0.365395477233186,0.365693006928846,0.00852349483100866,25,0.0564509873594525,0.056576290404047,0.000511729487035264,25,0.0937992239095577,0.0932598714623351,0.00321209283000866,25,1.04737564518091,1.04755297619953,0.00306367386162816,25,0.982136723978484,0.982105380271351,0.00169371038977401,25,3.87283999999998,3.80500000000029,0.217009346956867,25,3.87283999999998,3.80500000000029,0.217009346956867,25,3.52344000000001,3.44900000000007,0.186806959185105,25,0.349399999999969,0.336999999999989,0.0619314136767178,25,0,0,0,25
"pretrain","estimated_Z","mixture_identity_start","ifeval_min30","balanced_moderate_dense_signed_cross","Cross",200,1000,5,"3-3-3-3-3",1.34162739927467,1.26725345352949,0.388038565478626,25,0.745360614325595,0.745360614325595,0,25,0.198805917867229,0.183410445873799,0.0400435227298666,25,0.370992804371479,0.371725440293949,0.00401398153090536,25,0.137179386376548,0.133681492829446,0.0331823421012033,25,0.148643551325729,0.15492891932271,0.025074174521847,25,0.0530331215398052,0.043567596081461,0.0251344602887087,25,0.33605467024537,0.337555766011098,0.008542579840951,25,0.132253882933741,0.132302215012105,0.00467124784096651,25,0.361157803935316,0.363140873930871,0.009121630602636,25,0.0599092081280784,0.0598554287517175,0.000653030553205807,25,0.10237520278369,0.103495892240066,0.00488301163052143,25,1.04628367211038,1.04587585224498,0.00343261183294369,25,0.982642083802302,0.982559100415882,0.00116142369522782,25,5.18684000000023,5.1140000000014,0.407460190284149,25,5.18684000000023,5.1140000000014,0.407460190284149,25,4.50451999999947,4.52199999999721,0.260757090027918,25,0.682320000000764,0.530000000002474,0.284040302304512,25,0,0,0,25
"pretrain","estimated_Z","mixture_identity_start","ifeval_min30","balanced_moderate_dense_signed_cross","Cross",200,1500,10,"2-2-2-2-2-2-2-2-2-2",1.43147611476395,1.48091724661347,0.169392556826446,25,0.583088680632177,0.583088680632177,0,25,0.203373854752692,0.198277910784943,0.0306238969205312,25,0.398750285880429,0.398799649382925,0.00197647801407834,25,0.0776360953383837,0.0703168951188177,0.0383301057640604,25,0.0599279556242448,0.0543451910828007,0.0242554906700474,25,0.0400848871647947,0.0353629434730865,0.0217367523445959,25,0.464946755867752,0.465258589973469,0.00453155341364339,25,0.147155258826455,0.146909217762157,0.00500977967158021,25,0.487692876509771,0.487901500107951,0.00555481658521289,25,0.0784236466968463,0.0785302793823697,0.000382550273355482,25,0.10347037074815,0.103884724673412,0.00246383349066706,25,1.08356648127036,1.0836653054979,0.00293496314661062,25,0.969048525702234,0.968980283435029,0.00140760294086756,25,29.0284799999994,7.73900000000867,109.149878417293,25,29.0284799999994,7.73900000000867,109.149878417293,25,27.8041999999993,6.65699999999924,109.229377547892,25,1.22428000000014,1.13500000000204,0.561961632734816,25,0,0,0,25
"pretrain","estimated_Z","mixture_identity_start","ifeval_min30","balanced_moderate_dense_signed_cross","Cross",200,1500,10,"3-3-3-3-3-3-3-3-3-3",1.45794506637198,1.47497651685235,0.148798053552248,25,0.583088680632177,0.583088680632177,0,25,0.204537585616484,0.203928274149088,0.021724351940241,25,0.383866313325737,0.383425481670419,0.00259473916471589,25,0.162338244468048,0.161938624653592,0.025973613799188,25,0.172842828076239,0.173592706327452,0.0158366492017334,25,0.0657165227960157,0.0626517197904652,0.0154450192916732,25,0.457942732310861,0.457502411464811,0.00601121194361826,25,0.137061903289934,0.136937361092236,0.00385249805787367,25,0.47802278628564,0.477652769224237,0.0065083724455482,25,0.0820142488310611,0.0821334253134034,0.000742855101886603,25,0.107463468799123,0.107931518012311,0.0031454757572896,25,1.07887620733036,1.07922962422996,0.0029149152102458,25,0.968695661480643,0.968663905094252,0.00143611050504046,25,7.88907999999705,7.72800000000279,0.881778454792572,25,7.88907999999705,7.72800000000279,0.881778454792572,25,6.1698000000004,6.1929999999993,0.217457275496946,25,1.71927999999665,1.38499999999476,0.854680228701595,25,0,0,0,25
"pretrain","estimated_Z","mixture_identity_start","ifeval_min30","balanced_moderate_dense_signed_cross","Cross",200,1500,5,"2-2-2-2-2",1.43825495858675,1.54329075205846,0.361459579303138,25,0.749289957829839,0.749289957829839,0,25,0.19138815304363,0.187455396430259,0.0162364764116268,25,0.391125546003245,0.391471349994982,0.00275466645925307,25,0.0679190045578573,0.0628343026184582,0.0219196803641773,25,0.0437312971719473,0.0427739962698538,0.00504536648437008,25,0.0349558981066192,0.0326382160857727,0.0113337646977743,25,0.328137783511857,0.326037749221088,0.00506262769549908,25,0.149688695082623,0.150148980492349,0.00489461548001691,25,0.360683368438921,0.358408743612804,0.00614258501598168,25,0.0550322142324545,0.0549798548877617,0.000339478794647654,25,0.0800024484549216,0.0802573553474712,0.00152247119305303,25,1.04676529341325,1.04608265531562,0.00249565974904424,25,0.983128188103468,0.983285244574473,0.00103897717247065,25,4.88060000000005,4.80300000000079,0.253984743636183,25,4.88060000000005,4.80300000000079,0.253984743636183,25,4.53076000000005,4.45200000000023,0.258185701902046,25,0.349840000000004,0.344999999999345,0.0177779826377718,25,0,0,0,25
"pretrain","estimated_Z","mixture_identity_start","ifeval_min30","balanced_moderate_dense_signed_cross","Cross",200,1500,5,"3-3-3-3-3",1.4135429094846,1.54465426457993,0.376746175049032,25,0.749289957829839,0.749289957829839,0,25,0.179997748197736,0.173920138269914,0.0234368542569137,25,0.370263713959151,0.370055596699338,0.00533355726985696,25,0.13299410882381,0.130379554947539,0.0343532858100898,25,0.150733593558035,0.15307335309975,0.0266933083471237,25,0.0543704639318362,0.0468530166657962,0.0241328383568972,25,0.324143717525566,0.324928582445848,0.004766747527186,25,0.132194522215007,0.131200453629485,0.00476391371013323,25,0.350080846070224,0.350077419165302,0.00573209306744453,25,0.0583018928716179,0.0582099984681781,0.000466571497715954,25,0.0878252909771692,0.0879560647576786,0.00304943883099546,25,1.04325760485898,1.04391022728799,0.0019909344300402,25,0.983323254677948,0.983173835449379,0.00123544038440374,25,6.86579999999929,6.82999999999811,0.478554768721451,25,6.86579999999929,6.82999999999811,0.478554768721451,25,6.17347999999984,6.15999999999985,0.246858279180196,25,0.692319999999454,0.561999999998079,0.376784500742361,25,0,0,0,25
"pretrain","estimated_Z","mixture_identity_start","ifeval_min30","balanced_moderate_dense_signed_cross","Cross",200,2000,10,"2-2-2-2-2-2-2-2-2-2",1.4304175772677,1.41355686028997,0.128644822705061,25,0.581019736017126,0.581019736017126,0,25,0.197517071868048,0.196573014525065,0.020681849056069,25,0.398492355971826,0.398238335963743,0.00180645112195265,25,0.0693964666932269,0.073030055463065,0.0158629874397549,25,0.0532565207120369,0.0528707860197527,0.00433850638835743,25,0.0355340559747667,0.0373702497070626,0.00841344420590356,25,0.455628688004337,0.455557961900763,0.00414690936955543,25,0.148313998009729,0.148221217670104,0.00520129032582354,25,0.479179241649428,0.478999407155828,0.00502887264747545,25,0.0769285142032636,0.0769425424210155,0.000521747414849759,25,0.0937609240475146,0.0931299820949341,0.00283116946775192,25,1.08071385729468,1.08054670919781,0.00250564655865355,25,0.969919786640281,0.969961270045971,0.00110172054590404,25,10.1580799999996,10.2910000000047,0.55213199810689,25,10.1580799999996,10.2910000000047,0.55213199810689,25,8.63763999999879,8.62999999999738,0.420719114533397,25,1.52044000000082,1.46800000000076,0.405248388851918,25,0,0,0,25
"pretrain","estimated_Z","mixture_identity_start","ifeval_min30","balanced_moderate_dense_signed_cross","Cross",200,2000,10,"3-3-3-3-3-3-3-3-3-3",1.43163533078354,1.41196202120129,0.188569143031352,25,0.581019736017126,0.581019736017126,0,25,0.194139784610064,0.191185614653524,0.0165018121692422,25,0.383010187022646,0.383074002210557,0.00236345086767326,25,0.152289580899291,0.156036210950163,0.0232620616045498,25,0.171235811213769,0.17028812846704,0.0139194763061621,25,0.0615230905670551,0.061519636722746,0.0168833485594022,25,0.446333087094823,0.446217397754384,0.00573857723401201,25,0.136211869686651,0.135382587426198,0.00439364413065083,25,0.466664428414891,0.466990845394236,0.00656341609890215,25,0.0807043362251635,0.0806974029384416,0.000467594429488628,25,0.0971434652551097,0.0973629962778711,0.00247516493706362,25,1.074849552421,1.07500438119922,0.00318676287051903,25,0.969549470647847,0.969586722165832,0.00125777166391651,25,9.76980000000214,9.48700000000827,0.868841997526265,25,9.76980000000214,9.48700000000827,0.868841997526265,25,7.87184000000067,7.74499999999534,0.427947006065348,25,1.89796000000148,1.70500000000175,0.788097259226182,25,0,0,0,25
"pretrain","estimated_Z","mixture_identity_start","ifeval_min30","balanced_moderate_dense_signed_cross","Cross",200,2000,5,"2-2-2-2-2",1.34524526121796,1.26453328469358,0.324613526628775,25,0.74785852175892,0.74785852175892,0,25,0.197632340882731,0.198521530225557,0.0290513561320633,25,0.390665571104744,0.390673740746241,0.00181902553503865,25,0.0686262394793068,0.0734532564111063,0.0229193362219746,25,0.0423462061775454,0.0416887597159364,0.00506950740859537,25,0.0352350786922743,0.0378256342357927,0.0118251127765226,25,0.32207715662274,0.32184936166869,0.0055494230448415,25,0.146771093209021,0.146894958090161,0.00613320168459247,25,0.353964813031698,0.354576552178606,0.00721944163846447,25,0.0543190870943431,0.0543942871584395,0.000325936759614194,25,0.0728619637981633,0.0727380910537843,0.00298108795170187,25,1.04467486791416,1.04481337006443,0.00268032135791388,25,0.983316088985452,0.983378870838899,0.00108566330531876,25,6.27600000000006,6.30400000000009,0.270866356960998,25,6.27600000000006,6.30400000000009,0.270866356960998,25,5.91152000000006,5.9380000000001,0.267828944166371,25,0.364480000000003,0.361999999999171,0.0203779292373535,25,0,0,0,25
"pretrain","estimated_Z","mixture_identity_start","ifeval_min30","balanced_moderate_dense_signed_cross","Cross",200,2000,5,"3-3-3-3-3",1.46744791281247,1.54313705046813,0.278314838869733,25,0.74785852175892,0.74785852175892,0,25,0.181185518253501,0.178580916624947,0.0185013213300267,25,0.371894229657714,0.371477207973551,0.00410537723695432,25,0.11996283252318,0.112964163378282,0.0317553597619005,25,0.12814398330107,0.125185608193151,0.0264216918420736,25,0.0413288999521117,0.0390187539744842,0.0175896898746825,25,0.32152926454841,0.322739535120725,0.00619076605899305,25,0.134237468111713,0.134599595504568,0.00415996434577905,25,0.348439664297244,0.349381695801941,0.00676786238055315,25,0.0575225145772212,0.0575277226157904,0.000473339502204418,25,0.0818674050245709,0.0820301184939109,0.00318778240286287,25,1.04329468219964,1.04369026237235,0.00256420434741499,25,0.983885557022566,0.983959208234624,0.00112973582370048,25,8.5323599999999,8.48500000000058,0.37565031168248,25,8.5323599999999,8.48500000000058,0.37565031168248,25,7.87147999999987,7.88699999999881,0.32480919014142,25,0.660880000000034,0.641999999999825,0.179483824713056,25,0,0,0,25
"pretrain","estimated_Z","mixture_identity_start","ifeval_min30","balanced_moderate_dense_signed_cross","Cross",200,500,10,"2-2-2-2-2-2-2-2-2-2",1.45361298725858,1.47269581198159,0.131962892941811,25,0.568776528188644,0.568776528188644,0,25,0.21020922806398,0.208235381976909,0.0197125203168742,25,0.40021372171021,0.399960151545099,0.00178430099596441,25,0.0709544524800256,0.073645777815707,0.0140418755378838,25,0.073585669457426,0.0729030275531442,0.00512031058763114,25,0.0353939518381308,0.036268493244908,0.0079519260295056,25,0.547741259848729,0.547612106153586,0.0121009383074014,25,0.14799565863596,0.147613816630541,0.00565841744579142,25,0.567408321600526,0.566709312484654,0.0121754395160561,25,0.0893350133988007,0.0893777912468292,0.000982606066039822,25,0.160314923531568,0.1601129444499,0.00462733060756108,25,1.11446347269683,1.11441253187196,0.0066436453481098,25,0.962095344320968,0.962705867614388,0.00220869185932046,25,4.26639999999868,3.61299999999756,1.21287063063756,25,4.26639999999868,3.61299999999756,1.21287063063756,25,3.06827999999892,2.8179999999993,0.606023962672457,25,1.19811999999976,0.893000000003667,1.00440808937268,25,0,0,0,25
"pretrain","estimated_Z","mixture_identity_start","ifeval_min30","balanced_moderate_dense_signed_cross","Cross",200,500,10,"3-3-3-3-3-3-3-3-3-3",1.39503441166647,1.39809448586745,0.0794142649609535,25,0.568776528188644,0.568776528188644,0,25,0.212180646229017,0.21074976407037,0.0214118701592063,25,0.38364505868451,0.382601279090915,0.00308376783037203,25,0.210015904423828,0.208102106258894,0.0192168477020021,25,0.226024546559353,0.227841873205051,0.0144598990975273,25,0.0856576646762748,0.0860945066614876,0.0149656123344848,25,0.561182740295456,0.560743040254313,0.00933652237704964,25,0.149828792189295,0.146971421810647,0.00617905953562531,25,0.580862823294438,0.581303995278687,0.00986644453245827,25,0.0923113194428347,0.0924649032872406,0.000667988139824662,25,0.165090894760603,0.165022428076094,0.00334003302344022,25,1.12096457739496,1.12109964709345,0.00507816078001402,25,0.961770384763508,0.962085458648192,0.00209008864165936,25,4.98843999999808,4.51800000001094,0.920056840636705,25,4.98843999999808,4.51800000001094,0.920056840636705,25,3.3310400000005,3.30999999999767,0.183756968123033,25,1.65739999999758,1.25699999999779,0.817833978669023,25,0,0,0,25
"pretrain","estimated_Z","mixture_identity_start","ifeval_min30","balanced_moderate_dense_signed_cross","Cross",200,500,5,"2-2-2-2-2",1.32087466911579,1.26529016459384,0.287432087132331,25,0.745843276530558,0.745843276530558,0,25,0.190294297067246,0.180759769845684,0.0286372202776919,25,0.395494480134732,0.395876610730778,0.00317721296101067,25,0.070439908929807,0.0641229760326663,0.0553897267481347,25,0.0618055894129502,0.0528482684856584,0.0434714430399564,25,0.0366895518784542,0.0331533603702163,0.0319990720613171,25,0.369585499894833,0.367810771583144,0.00692299728350466,25,0.143410842953205,0.143570137560531,0.00533812889938127,25,0.396458185445706,0.395348115511206,0.00752671445260422,25,0.0606947903357819,0.0606064035964863,0.000668833811708873,25,0.124711689036372,0.125305485250259,0.00339230417304948,25,1.05552338990802,1.05570613112125,0.00349160041861882,25,0.97915076667911,0.978608674548938,0.00214291947616548,25,2.74272000000001,2.72400000000016,0.162322087221694,25,2.74272000000001,2.72400000000016,0.162322087221694,25,2.37776000000002,2.36100000000033,0.122147206271754,25,0.364959999999992,0.342999999999847,0.0694637075505928,25,0,0,0,25
"pretrain","estimated_Z","mixture_identity_start","ifeval_min30","balanced_moderate_dense_signed_cross","Cross",200,500,5,"3-3-3-3-3",1.46722174073067,1.27159306698382,0.274807802791782,25,0.745843276530558,0.745843276530558,0,25,0.192346764361332,0.183990410023332,0.0274531325977297,25,0.373201284143947,0.373973084367398,0.00581697795342516,25,0.162267071744382,0.157058361095118,0.0470507506301917,25,0.176658346463958,0.18000191572355,0.0308508560763383,25,0.06187572399917,0.0632530084614953,0.0236992961059417,25,0.373058602425778,0.372672064423604,0.0111296281495958,25,0.132419238041175,0.132903885592398,0.00595496003897472,25,0.395886785480482,0.397035616775657,0.0118227135805887,25,0.0641584975771859,0.064338342762086,0.000782494311150961,25,0.133957748406981,0.13341096933449,0.00532647574479285,25,1.05546110559649,1.05635622141917,0.00489978143508046,25,0.979376473955065,0.97861415950486,0.0021397295735232,25,3.72511999999915,3.69599999999991,0.296993451105631,25,3.72511999999915,3.69599999999991,0.296993451105631,25,3.03723999999958,3.01500000000306,0.160595319565743,25,0.687879999999568,0.588999999999942,0.262189708671406,25,0,0,0,25
"pretrain","estimated_Z","mixture_identity_start","ifeval_min30","balanced_moderate_dense_signed_cross","Cross",400,1000,10,"2-2-2-2-2-2-2-2-2-2",1.27772655367618,1.26441198791711,0.202208924139374,25,0.579328975000393,0.579328975000393,0,25,0.148439187966883,0.146344142967805,0.0145152849380929,25,0.395974147566986,0.395691677801757,0.00107371523964933,25,0.0523151370433025,0.0444186934766033,0.0377549009951539,25,0.0428674742181318,0.0369880613488517,0.0267979705661688,25,0.0270121512005237,0.0224892419641831,0.0217403976137284,25,0.373787637061656,0.373543989333361,0.00405039460050186,25,0.11503267772852,0.114822619527891,0.00365545669295304,25,0.391097872908072,0.390727287085134,0.00464866803987961,25,0.0617872195477518,0.0617496803013858,0.000291514109202925,25,0.112789198004653,0.112696166599076,0.00204838049296225,25,1.05504854098444,1.0547886595608,0.00232570049251313,25,0.980717145758278,0.98073925208088,0.00116756281104168,25,21.8272000000009,21.8790000000081,1.04840565463293,25,21.8272000000009,21.8790000000081,1.04840565463293,25,19.7967600000006,19.6990000000005,0.834593078491438,25,2.03044000000023,1.8269999999975,0.595113650211338,25,0,0,0,25
"pretrain","estimated_Z","mixture_identity_start","ifeval_min30","balanced_moderate_dense_signed_cross","Cross",400,1000,10,"3-3-3-3-3-3-3-3-3-3",1.36423493473609,1.40899340407658,0.170458164723406,25,0.579328975000393,0.579328975000393,0,25,0.137114176119964,0.139679562101997,0.0158047171962376,25,0.381099586929949,0.381412199399263,0.00222232303703507,25,0.083252510855757,0.0820292013231568,0.0105357417926249,25,0.0892113483738854,0.0870913366869646,0.0181182980979942,25,0.0304458154680567,0.0285633073516368,0.00661987378993922,25,0.355846858799256,0.355407844672722,0.00347092231471361,25,0.0987727964195939,0.0993029126350222,0.00361329603822007,25,0.369311443810228,0.369067148405112,0.00410903250782116,25,0.063876091942235,0.063775607361085,0.000373717266140756,25,0.117294428280285,0.11741625097186,0.00182272766125155,25,1.04742128469223,1.04750084409458,0.00157717611351409,25,0.981032847132245,0.981115677460903,0.000998630784464769,25,19.4368399999966,19.4079999999958,0.697299294902918,25,19.4368399999966,19.4079999999958,0.697299294902918,25,17.5008799999981,17.4619999999995,0.668727169082084,25,1.93595999999845,1.9719999999943,0.39545811830432,25,0,0,0,25
"pretrain","estimated_Z","mixture_identity_start","ifeval_min30","balanced_moderate_dense_signed_cross","Cross",400,1000,5,"2-2-2-2-2",1.40345016706277,1.26623631825404,0.276119945550494,25,0.745360614325595,0.745360614325595,0,25,0.154070070428555,0.150439931958794,0.0204031272548224,25,0.390555012077865,0.390455133620236,0.00164199397369204,25,0.0501161537519454,0.0514668446560708,0.0120443966835942,25,0.0276629342178021,0.0272951556824715,0.00276076241191963,25,0.0258279406944298,0.026638862434823,0.00628330333262276,25,0.269856103529542,0.269923459566244,0.0045339104037767,25,0.119136203968365,0.118347229289804,0.00518754816009128,25,0.295005437279263,0.294517547874615,0.00587296093104669,25,0.0427488371521049,0.0427772448304025,0.000364403361407112,25,0.0906464519370307,0.0901622025793488,0.00225546684660648,25,1.03322503362489,1.03359864139876,0.00182332459995664,25,0.990492227798308,0.990634968277203,0.000993218348649724,25,13.9880800000001,13.9580000000005,0.540017046027299,25,13.9880800000001,13.9580000000005,0.540017046027299,25,13.4454400000002,13.4130000000005,0.536320339598218,25,0.542639999999883,0.537000000000262,0.0377733150960472,25,0,0,0,25
"pretrain","estimated_Z","mixture_identity_start","ifeval_min30","balanced_moderate_dense_signed_cross","Cross",400,1000,5,"3-3-3-3-3",1.33049121497993,1.26567881608063,0.345585304255371,25,0.745360614325595,0.745360614325595,0,25,0.12993708400811,0.130672770957636,0.0185963439401514,25,0.369122751244791,0.370476224093751,0.00395957234089204,25,0.0664250956392852,0.0660380113731071,0.0127770795841657,25,0.0624938675096293,0.061227255567827,0.0112528394835057,25,0.0255017132404971,0.0252528225194987,0.00522508139469603,25,0.261980700235312,0.261734150361177,0.00619050647129448,25,0.10045825303451,0.0995921357966598,0.00451433524035553,25,0.280595713790106,0.28036596529344,0.00708187463875595,25,0.0448775938363101,0.0447802635543784,0.000381569982860775,25,0.0980178795546135,0.0975825717749586,0.00223364921011204,25,1.02910746765084,1.02904591423245,0.00237948625603939,25,0.990422632628867,0.99069734338632,0.00123923692950125,25,18.8366800000003,18.7210000000014,0.821698227250335,25,18.8366800000003,18.7210000000014,0.821698227250335,25,18.05448,17.9079999999994,0.790809612570102,25,0.782200000000303,0.757000000001426,0.0800921344447924,25,0,0,0,25
"pretrain","estimated_Z","mixture_identity_start","ifeval_min30","balanced_moderate_dense_signed_cross","Cross",400,1500,10,"2-2-2-2-2-2-2-2-2-2",1.41410568310064,1.41050925631697,0.180718086868575,25,0.583088680632177,0.583088680632177,0,25,0.153572841902838,0.152090581816004,0.00961326110188179,25,0.396068876840076,0.396305006994495,0.00118765263720534,25,0.0667582056181803,0.0539110406254571,0.0516850502976407,25,0.046471629294234,0.0343145346550848,0.0408816652080585,25,0.0353025706055428,0.0276219985864119,0.0301569615090682,25,0.369930115386441,0.370588682545385,0.00502512119949864,25,0.123708291706005,0.123117484625031,0.00476014691433559,25,0.390080507488229,0.39050465637572,0.00605734681471504,25,0.0588013375985239,0.058742684260549,0.00029220880405372,25,0.0967825072834364,0.096915366635041,0.00169998529602822,25,1.05695519557369,1.05700045724264,0.00243289256825064,25,0.982983663365601,0.982868438329152,0.000795533014281645,25,27.1678800000006,27.1569999999992,1.29559314987201,25,27.1678800000006,27.1569999999992,1.29559314987201,25,24.6322800000003,24.726999999999,0.989992951151637,25,2.53560000000027,2.2589999999982,0.937755920623421,25,0,0,0,25
"pretrain","estimated_Z","mixture_identity_start","ifeval_min30","balanced_moderate_dense_signed_cross","Cross",400,1500,10,"3-3-3-3-3-3-3-3-3-3",1.41501512359896,1.4159131490401,0.182448323249298,25,0.583088680632177,0.583088680632177,0,25,0.141753956371198,0.136290737560899,0.0183124354204042,25,0.380702513774448,0.380757102330346,0.00247789092044142,25,0.0710925646494691,0.0727872235190248,0.00835585090057593,25,0.0699458458595573,0.0705236050510581,0.00913456729693183,25,0.0256432506610634,0.0259989661484392,0.00375993550629067,25,0.33951281009611,0.341260242318077,0.00448549131429102,25,0.102565373693514,0.102649382009665,0.00394623954513604,25,0.354678321505868,0.356507018532372,0.0052198634391343,25,0.0607884359509293,0.0608140323091907,0.000303107513212817,25,0.0995666597678602,0.0995890301392369,0.00190110549720778,25,1.04425029617818,1.04430476994798,0.00189283162053409,25,0.982826051429936,0.98284477891181,0.000819848294870716,25,24.6730400000006,24.775999999998,0.954511021415867,25,24.6730400000006,24.775999999998,0.954511021415867,25,22.3159600000014,22.4510000000009,0.708640451852191,25,2.35707999999926,2.36000000000058,0.611697904743033,25,0,0,0,25
"pretrain","estimated_Z","mixture_identity_start","ifeval_min30","balanced_moderate_dense_signed_cross","Cross",400,1500,5,"2-2-2-2-2",1.30449847259382,1.26431199580038,0.435975973849188,25,0.749289957829839,0.749289957829839,0,25,0.150418224167756,0.146208217546421,0.0202475634248979,25,0.389625939066563,0.389541843763485,0.00165935393546519,25,0.0431969634913156,0.045030359724415,0.013498215950727,25,0.0257967592030537,0.0255614883635834,0.00316869813821619,25,0.0221692739004467,0.0233018081834307,0.00709536377069106,25,0.267146631868995,0.267416371457281,0.00523640850761321,25,0.125312023845726,0.124725964844709,0.0062361772907093,25,0.295103275737952,0.294291367355259,0.00708139978509339,25,0.0411351934202791,0.0410995527982,0.000351297133885423,25,0.0772139902070006,0.0772841425978461,0.00193854549910105,25,1.03361568899083,1.03329560743114,0.00217072768661879,25,0.990819129081594,0.990514416071831,0.0010954356980225,25,17.4968800000002,17.6640000000007,0.549623683381297,25,17.4968800000002,17.6640000000007,0.549623683381297,25,16.9503200000001,17.1220000000012,0.546069494966845,25,0.5465600000001,0.546000000000276,0.0179978702441761,25,0,0,0,25
"pretrain","estimated_Z","mixture_identity_start","ifeval_min30","balanced_moderate_dense_signed_cross","Cross",400,1500,5,"3-3-3-3-3",1.48739566992528,1.54570294339731,0.233585524590458,25,0.749289957829839,0.749289957829839,0,25,0.137386060118771,0.125539592782414,0.0277119164070688,25,0.369598935056151,0.369493103665322,0.00354697916110423,25,0.0676089639692258,0.0657242790963405,0.0151474079241127,25,0.0545372689804346,0.055097042658212,0.00941501929854396,25,0.02595713722727,0.0251446653803208,0.00674109678367486,25,0.253232009153933,0.253868402499052,0.00530400112327656,25,0.102955732204962,0.103424962047921,0.00446084497134412,25,0.273378077714934,0.274708434923887,0.00619729292615456,25,0.0431142338948296,0.0432292492680873,0.000317904756016264,25,0.0844162233288147,0.0844651824927359,0.00248981640999401,25,1.02755684965942,1.02734543700173,0.00172074286217926,25,0.990777906071384,0.99052702770292,0.00107939007086992,25,23.6973199999997,23.7710000000006,0.794785386125974,25,23.6973199999997,23.7710000000006,0.794785386125974,25,22.9045599999998,23.038999999997,0.768664647293781,25,0.79275999999998,0.761000000002241,0.0832707831914468,25,0,0,0,25
"pretrain","estimated_Z","mixture_identity_start","ifeval_min30","balanced_moderate_dense_signed_cross","Cross",400,2000,10,"2-2-2-2-2-2-2-2-2-2",1.441811708118,1.48303439669564,0.206744839769709,25,0.581019736017126,0.581019736017126,0,25,0.152189557962976,0.146311226899668,0.0173167697136146,25,0.395865437867867,0.396047550439856,0.00123269779361039,25,0.0630167476762129,0.0471869625716752,0.0493974282547368,25,0.0447318949276939,0.0314686203933738,0.0469041342251625,25,0.0324331868970823,0.0241828611042188,0.0261493269433112,25,0.363413340438399,0.363457530622264,0.0054659582268603,25,0.126660161168092,0.126537051417723,0.00585956437434186,25,0.384877276122635,0.385757060085291,0.00670645727223009,25,0.0570227534750697,0.057052478371128,0.000264212083739319,25,0.0866384572659507,0.0867635643143384,0.00132882284441651,25,1.05578224283527,1.05594632691264,0.00230583900451669,25,0.983671019789892,0.983550355656135,0.0008716919077792,25,32.2527999999994,32.1960000000036,1.23285292445466,25,32.2527999999994,32.1960000000036,1.23285292445466,25,30.0157999999996,29.6169999999984,1.1768829239431,25,2.23699999999983,1.98800000000483,0.761418358504442,25,0,0,0,25
"pretrain","estimated_Z","mixture_identity_start","ifeval_min30","balanced_moderate_dense_signed_cross","Cross",400,2000,10,"3-3-3-3-3-3-3-3-3-3",1.35072136620409,1.33965180616411,0.16452878145941,25,0.581019736017126,0.581019736017126,0,25,0.134851302148249,0.132806995027577,0.0124405565010331,25,0.380349902364388,0.380469289873142,0.00187155267378398,25,0.0715087928650897,0.0706250961082893,0.00994595797482088,25,0.0673633248018743,0.0654101902561934,0.0124492089627161,25,0.0261499470339316,0.0262802584758971,0.00430563756124725,25,0.332376404775067,0.331274222719038,0.00384123015994543,25,0.103841666130717,0.104030524061958,0.00350837716915545,25,0.348229357630649,0.347838900552256,0.00450251888649534,25,0.0591850549719034,0.0591789658181724,0.000270637118906268,25,0.0906984076587249,0.0907607671265127,0.001327174588889,25,1.043010228525,1.04277478304154,0.00151569948386731,25,0.983757676443606,0.983594039461409,0.000905794832759573,25,29.0118400000007,28.8129999999946,1.05798521886012,25,29.0118400000007,28.8129999999946,1.05798521886012,25,26.7436000000016,27.0310000000027,0.95634817578717,25,2.26823999999906,2.29299999999057,0.538824591123916,25,0,0,0,25
"pretrain","estimated_Z","mixture_identity_start","ifeval_min30","balanced_moderate_dense_signed_cross","Cross",400,2000,5,"2-2-2-2-2",1.41051048855085,1.26526892609705,0.433954049566173,25,0.74785852175892,0.74785852175892,0,25,0.153676329365837,0.144485530151812,0.0268448551107545,25,0.388796906812766,0.388872303042745,0.001422923577262,25,0.0494117024798906,0.0453869035773229,0.0214311442546097,25,0.0246411102763683,0.0241729758174292,0.00347368665387835,25,0.025402108668518,0.0234364574443341,0.0111073820647894,25,0.264724401331166,0.263806937776448,0.00613992166387148,25,0.126862567204886,0.127147781684889,0.00521157246185584,25,0.293568296226644,0.292119567765878,0.00743302239761958,25,0.0402585122654861,0.0402220849025039,0.000285507470632826,25,0.0696912259847318,0.069999871040639,0.00183226893625898,25,1.03371549743193,1.03317316631718,0.00213031038596877,25,0.991332963776435,0.991239334905952,0.000742670815348128,25,21.52504,21.1720000000005,0.658056385628644,25,21.52504,21.1720000000005,0.658056385628644,25,20.9559599999998,20.5720000000001,0.66033775953405,25,0.569080000000176,0.569000000001324,0.0221696489222671,25,0,0,0,25
"pretrain","estimated_Z","mixture_identity_start","ifeval_min30","balanced_moderate_dense_signed_cross","Cross",400,2000,5,"3-3-3-3-3",1.35883360270486,1.54624666883019,0.3718703625391,25,0.74785852175892,0.74785852175892,0,25,0.140031437409586,0.135202682945872,0.0228633823643643,25,0.369382106546148,0.369343565790279,0.00288716238321696,25,0.0679029552989658,0.0643899349154943,0.0132315587633026,25,0.0541225161573045,0.052649438760698,0.00894676094126906,25,0.0284571007689167,0.0284652987707129,0.00590171270455135,25,0.246248481522504,0.246310441505858,0.00465039292699246,25,0.101883809512771,0.10261180951703,0.00473222422493242,25,0.266510290524675,0.26731495636701,0.00587629718813006,25,0.0421195520408921,0.042107383497214,0.000270415629834921,25,0.0766563908709583,0.0773468719859061,0.0019022575380762,25,1.02625104778869,1.0258892966982,0.00174488189771159,25,0.991264060271144,0.991075618943469,0.000743621997230462,25,28.8838400000001,29.1090000000004,0.924630452307022,25,28.8838400000001,29.1090000000004,0.924630452307022,25,28.0605600000001,28.3050000000003,0.915472422668548,25,0.823279999999941,0.786000000000058,0.10174089639864,25,0,0,0,25
"pretrain","estimated_Z","mixture_identity_start","ifeval_min30","balanced_moderate_dense_signed_cross","Cross",400,500,10,"2-2-2-2-2-2-2-2-2-2",1.42667169823348,1.41399200518217,0.119646949359525,25,0.568776528188644,0.568776528188644,0,25,0.143464186526767,0.142076174297785,0.01103881990895,25,0.397091905283428,0.397301112033687,0.00108512360155193,25,0.0707764376401935,0.0487270373384386,0.065201096149244,25,0.0652282997503207,0.0504118549082381,0.0431791348998559,25,0.0366404704567124,0.0240342689911404,0.0378311473495279,25,0.415501811658297,0.416475214198968,0.00504215229320149,25,0.106834512891819,0.105925784403697,0.00395896198368866,25,0.429034455747161,0.429808518843734,0.00502672342371329,25,0.0702436015144573,0.0703370237988816,0.000634485264825927,25,0.152722208801097,0.152802553494732,0.00206153711202579,25,1.06461493644296,1.06448325058451,0.00240122645890467,25,0.975741260307204,0.975627850540419,0.00143313235629352,25,14.5704800000001,14.7030000000013,0.864200696212382,25,14.5704800000001,14.7030000000013,0.864200696212382,25,12.6017200000002,12.6500000000015,0.666374739417223,25,1.96875999999989,1.74599999999919,0.551703066271484,25,0,0,0,25
"pretrain","estimated_Z","mixture_identity_start","ifeval_min30","balanced_moderate_dense_signed_cross","Cross",400,500,10,"3-3-3-3-3-3-3-3-3-3",1.40177387453145,1.41146048030477,0.170239562822598,25,0.568776528188644,0.568776528188644,0,25,0.136637119398604,0.133949575148848,0.015407784894131,25,0.38113024005683,0.380763449125238,0.00173855127708214,25,0.0980446813247867,0.0919315231998993,0.0212189474006703,25,0.11859491540874,0.112522140000172,0.0233073912462528,25,0.0317726382694285,0.0273840579779451,0.0105996315770567,25,0.412377153668363,0.413135232291916,0.00674595741105677,25,0.0974865644494804,0.0965787463734072,0.00342891058047639,25,0.42376054360173,0.424295428835461,0.00649707919501475,25,0.0718270363595019,0.0717912126595871,0.000683620134723602,25,0.15597580334983,0.157187377438177,0.00261270033497946,25,1.06327129891985,1.06353773099058,0.00284881790573724,25,0.976597687332767,0.976283758553027,0.00147922133596697,25,12.6201599999995,12.5350000000035,0.650869077980276,25,12.6201599999995,12.5350000000035,0.650869077980276,25,10.6227200000006,10.5580000000045,0.502805091463947,25,1.9974399999989,1.90799999999581,0.520220872964576,25,0,0,0,25
"pretrain","estimated_Z","mixture_identity_start","ifeval_min30","balanced_moderate_dense_signed_cross","Cross",400,500,5,"2-2-2-2-2",1.36280745242008,1.26663060740678,0.302455015053895,25,0.745843276530558,0.745843276530558,0,25,0.147242893531331,0.139738990059411,0.0218002564195363,25,0.393860127760569,0.393960698573365,0.00158887241219189,25,0.047238112832887,0.0476111041521134,0.0127608042517119,25,0.036230022858101,0.0363556582069298,0.00305697865824641,25,0.023993034244967,0.0243105820702385,0.00688829322167175,25,0.297156338511517,0.297124436168234,0.00501395973276135,25,0.11096515307836,0.110482269407159,0.00535344295091622,25,0.317222987490275,0.317048298512973,0.00615579849489077,25,0.047694214892247,0.0476916933343212,0.000572278642641266,25,0.122139853945229,0.122305506263709,0.00236658621822593,25,1.03673210865712,1.03758296749481,0.002020386043988,25,0.987443999414839,0.987484908755546,0.0012701561576553,25,8.7160400000001,8.71599999999944,0.370978040679715,25,8.7160400000001,8.71599999999944,0.370978040679715,25,8.17104000000018,8.1929999999993,0.372798815269847,25,0.544999999999927,0.529999999999745,0.0624906659695844,25,0,0,0,25
"pretrain","estimated_Z","mixture_identity_start","ifeval_min30","balanced_moderate_dense_signed_cross","Cross",400,500,5,"3-3-3-3-3",1.42667542729957,1.5456441162471,0.372448417416051,25,0.745843276530558,0.745843276530558,0,25,0.132073188958319,0.126091685389732,0.0194553396832212,25,0.370818750556437,0.371524614391956,0.00319290626322543,25,0.0793534833244518,0.0754843735111248,0.0213137658905316,25,0.0857691485528442,0.0805525432020489,0.0243664008817317,25,0.0304359794716224,0.0271818719008158,0.0122549822139654,25,0.294069800319228,0.294751271090079,0.00537936392588459,25,0.0957555809731334,0.0953355883129375,0.00410586706573901,25,0.30928099623578,0.308842877566228,0.00607316392694649,25,0.0498540240893266,0.0499339950193724,0.000391706241716792,25,0.128374525154897,0.128437035943672,0.0035308237438121,25,1.0339110316878,1.03342273571739,0.00262983238705286,25,0.987075833664573,0.987039779679659,0.00195145122806224,25,10.9930800000003,10.994999999999,0.398389248515899,25,10.9930800000003,10.994999999999,0.398389248515899,25,10.1850000000001,10.2790000000023,0.336824385498719,25,0.808080000000191,0.738999999997759,0.165301724129172,25,0,0,0,25
"pretrain","oracle_Z","fastica_only","ifeval_min30","balanced_moderate_dense_signed_cross","Cross",100,1000,10,"2-2-2-2-2-2-2-2-2-2",1.39499133703741,1.39823525798214,0.0606795955783216,25,0.579328975000393,0.579328975000393,0,25,0.211701337395916,0.212237442843474,0.0421025149038451,25,0.398003857611513,0.397750136641803,0.00185067449734949,25,0.115860948198574,0.0986660858706649,0.05965645066075,25,0.104280937058221,0.0855995885832795,0.0623675849696188,25,0.0561881143752908,0.0507855579922943,0.0250609159693771,25,0.730633134326008,0.728302930296749,0.0209821384318104,25,0.216451435944349,0.218383695520778,0.00840644105943583,25,0.762035978375825,0.760898809095317,0.0220711540462484,25,0.111642428722671,0.111792905319686,0.00110152143667897,25,0.134992971781253,0.134977299373385,0.00674829573879627,25,1.20524539629547,1.20577831813131,0.0145325089617227,25,0.938235119275692,0.938143556971844,0.00255350921300915,25,0.0682400000008056,0.0650000000023283,0.0106273232756405,25,0.0682400000008056,0.0650000000023283,0.0106273232756405,25,0.0112000000002445,0.011000000002241,0.000408248290101475,25,0.0570400000005611,0.0539999999964493,0.0106084871681191,25,0,0,0,25
"pretrain","oracle_Z","fastica_only","ifeval_min30","balanced_moderate_dense_signed_cross","Cross",100,1000,10,"3-3-3-3-3-3-3-3-3-3",1.39819664012675,1.3731566382803,0.0941029515333592,25,0.579324883964758,0.579328975000393,1.87551764391873e-05,25,0.203097541121224,0.207285293047473,0.024858839980851,25,0.381345378998523,0.380904461098906,0.00428247960836217,25,0.394612239065731,0.375639998045031,0.0861864989811551,25,0.285021359668841,0.273342668002333,0.0421718327708887,25,0.221585238626218,0.219167999826734,0.0181070955299302,25,0.791868092398129,0.796636593240753,0.0258162199674859,25,0.241796344404639,0.240934566680132,0.0101612409710246,25,0.827984475892296,0.831583147768896,0.0270261161749372,25,0.117337690630712,0.117288569361066,0.000977989452254384,25,0.145211045568691,0.145102583757395,0.00408584008073079,25,1.24813923395092,1.25003807387313,0.0171424347768522,25,0.938981508190446,0.938790560577362,0.00263345733413176,25,0.102439999998314,0.0969999999942956,0.0151191930983621,25,0.102439999998314,0.0969999999942956,0.0151191930983621,25,0.0110800000000745,0.010999999998603,0.000276887460620815,25,0.0913599999982398,0.0859999999956926,0.0150772455476324,25,0,0,0,25
"pretrain","oracle_Z","fastica_only","ifeval_min30","balanced_moderate_dense_signed_cross","Cross",100,1000,5,"2-2-2-2-2",1.41504279657396,1.4033417882771,0.127534919279895,25,0.745360614325595,0.745360614325595,0,25,0.190017443047775,0.19012563324523,0.040937025690167,25,0.393968240831697,0.394066790688658,0.00307513868728048,25,0.0974601202040078,0.089803201390776,0.0354546048511179,25,0.0837208835437216,0.074302587445956,0.0464080157191841,25,0.0481944210087401,0.0457151814169757,0.0135337698681862,25,0.469831082754465,0.469887436960456,0.014135998368833,25,0.196285173961517,0.196926492756193,0.00712395875169583,25,0.509203435797818,0.507892933102177,0.0151908332997186,25,0.0775588951736822,0.0776173482276625,0.000866102734672758,25,0.101791802334717,0.101890310073588,0.00522756868412735,25,1.09164124793847,1.09276309609495,0.00647327188760067,25,0.966921875728539,0.967253821492648,0.0024501674459429,25,0.0354399999999987,0.0339999999999918,0.00544732350179946,25,0.0354399999999987,0.0339999999999918,0.00544732350179946,25,0.0110399999999845,0.0109999999999673,0.000200000000015166,25,0.0244000000000142,0.0230000000000246,0.00546198986938964,25,0,0,0,25
"pretrain","oracle_Z","fastica_only","ifeval_min30","balanced_moderate_dense_signed_cross","Cross",100,1000,5,"3-3-3-3-3",1.38158544535095,1.40988567098781,0.153840863741454,25,0.745360614325595,0.745360614325595,0,25,0.187307524618215,0.179196624305355,0.0455763759649866,25,0.370773718989902,0.370971369847331,0.00464500645083866,25,0.301437446887075,0.292749396399116,0.0360993738696835,25,0.270424779741509,0.265518264877072,0.021540930688684,25,0.146201724202073,0.148558256461507,0.0352004843005883,25,0.493015197295838,0.494093523332423,0.0124549416297447,25,0.195644354509018,0.195245694527434,0.00731970119566081,25,0.530440132085411,0.53237662568462,0.0134752837727817,25,0.0827194504355938,0.0827230790286382,0.00077411343543112,25,0.113197584573343,0.112941008660348,0.00714384750234428,25,1.10123038137143,1.10076671224343,0.00652476582250248,25,0.96676614034703,0.96670716958512,0.0018773791482385,25,0.063719999999812,0.0619999999998981,0.00595482997253187,25,0.063719999999812,0.0619999999998981,0.00595482997253187,25,0.0114399999999296,0.011000000000422,0.00266270539098454,25,0.0522799999998824,0.0510000000012951,0.00492036584014199,25,0,0,0,25
"pretrain","oracle_Z","fastica_only","ifeval_min30","balanced_moderate_dense_signed_cross","Cross",100,1500,10,"2-2-2-2-2-2-2-2-2-2",1.41688812318352,1.40557866275823,0.0642241426077862,25,0.583088680632177,0.583088680632177,0,25,0.203172310132765,0.203086126562004,0.0445329129260528,25,0.399808165791,0.399951158616657,0.00268511787829456,25,0.128782591469437,0.107790382451339,0.0733056488765241,25,0.115839959800456,0.0822717457183969,0.0766356484921466,25,0.0555327343129315,0.0555781675211331,0.022363564481441,25,0.692752862298873,0.684684917473847,0.0250912927255322,25,0.208816585399054,0.205898239265521,0.00920727305878452,25,0.723553150471753,0.71522237237813,0.0263688969500321,25,0.108189223624205,0.107947424587048,0.00112284952764711,25,0.118572959846081,0.117785461492275,0.00469831597076129,25,1.18347086948309,1.18050497796954,0.0158687601219554,25,0.940123081449255,0.939963674915339,0.00157161712828616,25,0.0725599999987753,0.0720000000001164,0.00714772691331763,25,0.0725599999987753,0.0720000000001164,0.00714772691331763,25,0.0160399999993388,0.0159999999959837,0.000454606056685485,25,0.0565199999994365,0.055000000000291,0.00712460525389039,25,0,0,0,25
"pretrain","oracle_Z","fastica_only","ifeval_min30","balanced_moderate_dense_signed_cross","Cross",100,1500,10,"3-3-3-3-3-3-3-3-3-3",1.40516107581585,1.40642794172267,0.0674906930804964,25,0.583088680632177,0.583088680632177,0,25,0.213866181121025,0.210607632363169,0.0446066028242235,25,0.382981604790517,0.38339374768409,0.00469485767735536,25,0.39543841373107,0.376921883860388,0.096338745295799,25,0.280715880670982,0.265960161508007,0.0417397273917932,25,0.214158006236583,0.212542153426383,0.0213205738343257,25,0.748190649734033,0.747573544067268,0.0204895360730482,25,0.229188049192569,0.228282498474416,0.00658749014993078,25,0.782520079579006,0.781235790255468,0.021001556692341,25,0.114550925294596,0.1145129347672,0.000929065881465074,25,0.127147677812544,0.127602730867586,0.00635052692249713,25,1.21997900286595,1.21837081117563,0.0137327791172033,25,0.940120739604502,0.940768985329916,0.00201127750118928,25,0.13112000000081,0.120999999999185,0.0343539420311431,25,0.13112000000081,0.120999999999185,0.0343539420311431,25,0.0157600000005914,0.0160000000032596,0.000522812905885414,25,0.115360000000219,0.104999999995925,0.0343909871897356,25,0,0,0,25
"pretrain","oracle_Z","fastica_only","ifeval_min30","balanced_moderate_dense_signed_cross","Cross",100,1500,5,"2-2-2-2-2",1.37953325267237,1.40909148102092,0.154129999564765,25,0.749289957829839,0.749289957829839,0,25,0.196518084132363,0.193099271182044,0.0414762192975011,25,0.393156920706234,0.393563627667956,0.00289165986005073,25,0.096791685990982,0.0987047699446171,0.0279020105042914,25,0.070585161064756,0.0711019915246767,0.0071042591814799,25,0.0495945569392225,0.0507990599086024,0.0138898069595197,25,0.452905628226464,0.450738313808217,0.012857232984536,25,0.196344004053968,0.196373459793889,0.00630933968522239,25,0.493650311426539,0.493179158216034,0.013721849768426,25,0.0761894152642094,0.0761769012127644,0.000817290401892368,25,0.0896811851075491,0.090207568976413,0.00452585349848633,25,1.0854235580728,1.08395806131569,0.00693296988409309,25,0.967911214430536,0.967852293736669,0.00224729346405376,25,0.0417599999999948,0.0419999999999163,0.00192093727120376,25,0.0417599999999948,0.0419999999999163,0.00192093727120376,25,0.015719999999983,0.015999999999849,0.000541602560329842,25,0.0260400000000118,0.0260000000000673,0.00196807858920505,25,0,0,0,25
"pretrain","oracle_Z","fastica_only","ifeval_min30","balanced_moderate_dense_signed_cross","Cross",100,1500,5,"3-3-3-3-3",1.38523321588014,1.39646945550628,0.113842750327257,25,0.749289957829839,0.749289957829839,0,25,0.181457588622361,0.174039863622706,0.0463691116219561,25,0.372713215854073,0.372581841178166,0.00629961347134377,25,0.304964695577071,0.292622618657634,0.0460935254179428,25,0.269498081981232,0.262304812390859,0.0213514208174006,25,0.159147108546744,0.164080855979451,0.0253268359236486,25,0.473450466745948,0.473108170565005,0.01727428746297,25,0.194116520429951,0.192341803659253,0.0081607647213792,25,0.511712620625848,0.510122984918295,0.0187405804861116,25,0.0809891435681298,0.0810131182571078,0.000810819702661732,25,0.0963444857984255,0.0948351685863284,0.0062541907401174,25,1.09376811394513,1.09319181802535,0.0080278883657452,25,0.967858116612233,0.96800747553614,0.00203371865417848,25,0.0762799999997514,0.0709999999999127,0.0127427103345714,25,0.0762799999997514,0.0709999999999127,0.0127427103345714,25,0.0157599999998638,0.0159999999996217,0.000435889894609792,25,0.0605199999998877,0.0559999999986758,0.0127544763385443,25,0,0,0,25
"pretrain","oracle_Z","fastica_only","ifeval_min30","balanced_moderate_dense_signed_cross","Cross",100,2000,10,"2-2-2-2-2-2-2-2-2-2",1.38991082327812,1.40131964281355,0.0621112344019366,25,0.581019736017126,0.581019736017126,0,25,0.199145641630888,0.202745967897124,0.0344989031394392,25,0.399905374117562,0.400106906913117,0.00328018036493886,25,0.102513896087391,0.0904373170210146,0.0562275984554092,25,0.0939659197160402,0.0787936501857736,0.051346222583077,25,0.0496856305929511,0.0466435867957548,0.0207120981206887,25,0.675101441617915,0.676533950091884,0.0190971617596627,25,0.206244290737961,0.206664677267766,0.00540872997242324,25,0.705913007744794,0.70721405377596,0.0194638324472197,25,0.106923556829504,0.107012079275146,0.00110763072969116,25,0.110656661669867,0.111623237515188,0.00485841071473747,25,1.1738283327432,1.17302442985708,0.0116037846921084,25,0.941228680663329,0.941343625777153,0.00155862558502764,25,0.0776799999992363,0.069999999999709,0.0258678049580348,25,0.0776799999992363,0.069999999999709,0.0258678049580348,25,0.0205999999988126,0.0209999999933643,0.000577350269097209,25,0.0570800000004238,0.0489999999990687,0.0256724885173354,25,0,0,0,25
"pretrain","oracle_Z","fastica_only","ifeval_min30","balanced_moderate_dense_signed_cross","Cross",100,2000,10,"3-3-3-3-3-3-3-3-3-3",1.3945417932259,1.41149756456303,0.0624815348008513,25,0.581017848169576,0.581019736017126,6.38020497209455e-06,25,0.217143464983284,0.219606671888767,0.0395625978497372,25,0.380221457836351,0.379305072040201,0.00509880963739728,25,0.404544170286943,0.381864228266841,0.0871565701204842,25,0.297113173334177,0.28316668990497,0.0448418466251967,25,0.217425913080493,0.215891692062715,0.0197807176391051,25,0.727830200978402,0.727983399930861,0.0167744918797643,25,0.226827083911731,0.227137685983202,0.00730522983479181,25,0.762367351716682,0.761361394564226,0.0178158535143456,25,0.113423062124458,0.113596267811647,0.000759451813948921,25,0.117578216644534,0.117905142436345,0.0073559344247366,25,1.2080844291291,1.20772097101144,0.0110488870631955,25,0.940884544943493,0.940566682536772,0.0013408495158207,25,0.128120000004419,0.131000000008498,0.0175221764268721,25,0.128120000004419,0.131000000008498,0.0175221764268721,25,0.0206800000026124,0.0209999999933643,0.000556776437071613,25,0.107440000001807,0.110000000000582,0.0173423374062385,25,0,0,0,25
"pretrain","oracle_Z","fastica_only","ifeval_min30","balanced_moderate_dense_signed_cross","Cross",100,2000,5,"2-2-2-2-2",1.39963475003787,1.40848630438621,0.151948740410648,25,0.74785852175892,0.74785852175892,0,25,0.195933220011297,0.20097754043449,0.0389827940824222,25,0.392950412368866,0.393229345275033,0.0034857112310034,25,0.109083548617682,0.100390890993156,0.0661790891810491,25,0.0771107198887725,0.0735993734455066,0.0288111614719232,25,0.0552545745532902,0.0516218544822902,0.0310384391053396,25,0.446503714712485,0.446255264832729,0.0115130656696508,25,0.194235214594827,0.192855436214645,0.00681004326167628,25,0.486939408592781,0.486010506509997,0.012693029402038,25,0.0753703767623475,0.0754114683580281,0.000425925605934574,25,0.0821988202063303,0.0813670709491905,0.00543384837195176,25,1.08313655886201,1.08437956998834,0.00518655045513337,25,0.968571574259923,0.968650764849346,0.00161139684450106,25,0.0554799999999977,0.0489999999999782,0.0116659047369955,25,0.0554799999999977,0.0489999999999782,0.0116659047369955,25,0.0201999999999862,0.0199999999999818,0.000408248290472774,25,0.0352800000000116,0.0289999999999964,0.0115813067771247,25,0,0,0,25
"pretrain","oracle_Z","fastica_only","ifeval_min30","balanced_moderate_dense_signed_cross","Cross",100,2000,5,"3-3-3-3-3",1.44079937951953,1.42747992568634,0.126643366458325,25,0.74785852175892,0.74785852175892,0,25,0.188596508658683,0.173413925866798,0.0492003463625132,25,0.370053328282903,0.370671189683579,0.00912938157491318,25,0.296696838472019,0.292246194807737,0.0358933643240066,25,0.265041812875077,0.261269886596558,0.0187052168356633,25,0.156903543563128,0.154113237273437,0.0300497497446361,25,0.462895524876611,0.464977721079788,0.0110307371029252,25,0.191445911656813,0.191719296411093,0.00634790490461084,25,0.500939680725181,0.502291559135607,0.0120214414025429,25,0.0803320508040958,0.0806312209340233,0.000858208479992697,25,0.089837753273104,0.0890101303876053,0.00498346518343329,25,1.08939703074316,1.08971740047142,0.00577547805583582,25,0.968596872394498,0.968419231433043,0.0021456002576486,25,0.0895600000000559,0.0799999999981083,0.0193069072267836,25,0.0895600000000559,0.0799999999981083,0.0193069072267836,25,0.0204000000001542,0.0200000000004366,0.000500000000405028,25,0.0691599999999016,0.059000000001106,0.0194308174470703,25,0,0,0,25
"pretrain","oracle_Z","fastica_only","ifeval_min30","balanced_moderate_dense_signed_cross","Cross",100,500,10,"2-2-2-2-2-2-2-2-2-2",1.41557369495432,1.42147292262941,0.0813929739720035,25,0.568776528188644,0.568776528188644,0,25,0.208656345665887,0.207428891727862,0.0451545196085339,25,0.396425698017117,0.39649660185375,0.00286451769534634,25,0.110335056586004,0.092049667251794,0.0565170090794467,25,0.104585618705557,0.0853295228884763,0.0658023832681457,25,0.0480877537206827,0.0469346441920156,0.0120386449410502,25,0.854420550689656,0.854914031162503,0.0393628340398076,25,0.244549640742141,0.242902461724103,0.016819520874257,25,0.888771290409641,0.89074835843117,0.0418782137840008,25,0.11915084276594,0.11935228644037,0.00171741844426643,25,0.175516258314862,0.171817533955644,0.00801471177634573,25,1.28435205455881,1.28530869012648,0.0280630869203857,25,0.93397555669652,0.93414574717499,0.00253686344532406,25,0.0606399999998394,0.0600000000013097,0.00879336871347948,25,0.0606399999998394,0.0600000000013097,0.00879336871347948,25,0.00644000000014785,0.00600000000122236,0.000506622804779416,25,0.0541999999996915,0.0540000000000873,0.00863133825074101,25,0,0,0,25
"pretrain","oracle_Z","fastica_only","ifeval_min30","balanced_moderate_dense_signed_cross","Cross",100,500,10,"3-3-3-3-3-3-3-3-3-3",1.43691096837632,1.44653984517563,0.0707633791771743,25,0.568775610438385,0.568776528188644,4.58875129731862e-06,25,0.203327844973693,0.202216446051044,0.0437846369475795,25,0.380395130869244,0.381367309857565,0.0046396999592608,25,0.388171427916487,0.371419979416682,0.0833793482601726,25,0.281811907847123,0.270584450794098,0.0270403729377626,25,0.217790953368627,0.222033906764038,0.0164976271916064,25,0.885330288449517,0.884065278506534,0.0147583973960836,25,0.253732281581533,0.254426143732982,0.00752403232694635,25,0.921003839793171,0.920050402930218,0.0146188359809929,25,0.123577654319859,0.123783348739983,0.00092669619190779,25,0.182638440786768,0.182644023038658,0.00589525507570821,25,1.30588643228382,1.30592316478963,0.0100927058520951,25,0.934022478731268,0.93397981054711,0.00314935274098584,25,0.122039999999688,0.108000000000175,0.0431310792814469,25,0.122039999999688,0.108000000000175,0.0431310792814469,25,0.00711999999912223,0.00699999999778811,0.0014809906599331,25,0.114920000000566,0.101999999998952,0.0419373739432078,25,0,0,0,25
"pretrain","oracle_Z","fastica_only","ifeval_min30","balanced_moderate_dense_signed_cross","Cross",100,500,5,"2-2-2-2-2",1.42285872046392,1.42832886573242,0.204706991979755,25,0.745843276530558,0.745843276530558,0,25,0.191552477988728,0.186710501315054,0.0454697438585487,25,0.394481897172128,0.394522277101973,0.00399085680554317,25,0.0915197249254844,0.0902623984569923,0.0296236359544961,25,0.0732391496244916,0.0743642306724681,0.00616976166009984,25,0.0469595738870267,0.0468399720013106,0.0152896905021571,25,0.525333635961724,0.530411093388952,0.0196190402721793,25,0.206110644591301,0.207225753029624,0.00835364028915614,25,0.564350303363665,0.571037828762994,0.0204701109684126,25,0.0817281547187452,0.0816323432177843,0.0012194736660369,25,0.133480151554653,0.131800211783067,0.00524576942490392,25,1.11630006322615,1.11738305811167,0.0105124819807542,25,0.964967631408917,0.965515107950592,0.00300269178821969,25,0.0279999999999979,0.02800000000002,0.00216024689946682,25,0.0279999999999979,0.02800000000002,0.00216024689946682,25,0.00644000000000176,0.00600000000002865,0.000506622805113774,25,0.0215599999999962,0.021000000000015,0.0023108440016561,25,0,0,0,25
"pretrain","oracle_Z","fastica_only","ifeval_min30","balanced_moderate_dense_signed_cross","Cross",100,500,5,"3-3-3-3-3",1.40333084091421,1.40985951002529,0.104153007848833,25,0.745843276530558,0.745843276530558,0,25,0.199561114754054,0.190582783572548,0.0486527399352484,25,0.372576030221793,0.37305541270057,0.0065236978427197,25,0.310188040735109,0.309472811443344,0.0397910054444525,25,0.265381889829112,0.266543721068934,0.0140337084315632,25,0.157437655106548,0.149087324552364,0.0334498869696583,25,0.538826066951769,0.534434384138134,0.0178657495883127,25,0.202170007958517,0.201998831101194,0.00889176886173933,25,0.575553276097171,0.574237686522718,0.0184556771369811,25,0.0864986156498831,0.0864851581061519,0.00141460833346008,25,0.142820293583676,0.143919927385746,0.00771189400414731,25,1.12121107528962,1.11894806006531,0.0110422989921015,25,0.964481524385647,0.96516421180578,0.00377038109697618,25,0.0580800000001909,0.0579999999990832,0.0071234355006023,25,0.0580800000001909,0.0579999999990832,0.0071234355006023,25,0.00636000000027707,0.00600000000122236,0.000489897948198505,25,0.0517199999999139,0.0510000000012951,0.00704461969643155,25,0,0,0,25
"pretrain","oracle_Z","fastica_only","ifeval_min30","balanced_moderate_dense_signed_cross","Cross",200,1000,10,"2-2-2-2-2-2-2-2-2-2",1.42129875026436,1.41484366939523,0.0706288376901728,25,0.579328975000393,0.579328975000393,0,25,0.144156736235086,0.139174489092405,0.0249837788202873,25,0.39907207877277,0.398947073882904,0.00130494095376599,25,0.0663677570872614,0.069704359357503,0.0149107465929563,25,0.0448778519267761,0.0444559074404142,0.00308533403720103,25,0.0342150506445829,0.0357814973038316,0.00765596988613695,25,0.477415870907442,0.477773387672505,0.00616699671147309,25,0.143267741923386,0.142128070862994,0.0047795579641367,25,0.498467421951155,0.498572857137149,0.00647349607435726,25,0.0812955764097527,0.0814593096097521,0.000682481194004195,25,0.118644543416647,0.119121208859651,0.00277621395488054,25,1.08607279585171,1.0855342513809,0.0031106145058977,25,0.966687027734447,0.966496633719268,0.00126167632551014,25,0.148999999999651,0.149000000004889,0.00460977222899369,25,0.148999999999651,0.149000000004889,0.00460977222899369,25,0.0741199999989476,0.0740000000005239,0.00101324560959474,25,0.0748800000007031,0.0749999999970896,0.00442831796620445,25,0,0,0,25
"pretrain","oracle_Z","fastica_only","ifeval_min30","balanced_moderate_dense_signed_cross","Cross",200,1000,10,"3-3-3-3-3-3-3-3-3-3",1.39804634185732,1.40010769577798,0.0597595573730073,25,0.579328975000393,0.579328975000393,0,25,0.14023238249296,0.136945933064897,0.0272710467848889,25,0.381066577699297,0.381385748640656,0.0032632318176801,25,0.227324494983713,0.209635728258474,0.0489694424019761,25,0.22774907221974,0.215794482668386,0.0332379970279732,25,0.101987352151259,0.096912260012046,0.0230314537500853,25,0.480853763005814,0.48121765880928,0.00722370526282596,25,0.138735663897723,0.139053635071702,0.00421802950720687,25,0.500476929351128,0.501307234635295,0.0077690467750583,25,0.0847506955229611,0.0847191697505069,0.00061386334964634,25,0.124425523214205,0.124525858059656,0.00350163968832714,25,1.08720123363732,1.08676009859591,0.00385736839002602,25,0.967066162338944,0.967075138624574,0.00153210109750799,25,0.161799999998766,0.157000000006519,0.0103400515782322,25,0.161799999998766,0.157000000006519,0.0103400515782322,25,0.0491199999983655,0.0489999999990687,0.000525991123316251,25,0.1126800000004,0.108000000007451,0.0103510063913637,25,0,0,0,25
"pretrain","oracle_Z","fastica_only","ifeval_min30","balanced_moderate_dense_signed_cross","Cross",200,1000,5,"2-2-2-2-2",1.39817182274212,1.40549231142697,0.120179035932007,25,0.745360614325595,0.745360614325595,0,25,0.13696686426672,0.138977439960704,0.0306046671802125,25,0.394406453166589,0.394515871099573,0.00232755520265152,25,0.0644073488541452,0.069173305150263,0.0169438896029147,25,0.0387882047216386,0.0377690705201423,0.00413114284559021,25,0.0332318237457876,0.0355008732245985,0.00880464170147716,25,0.335260854770584,0.336082531459926,0.006882152435247,25,0.145243296672191,0.145128482625984,0.00666718620930746,25,0.365395477233186,0.365693006928846,0.00852349483100866,25,0.0564509873594525,0.056576290404047,0.000511729487035264,25,0.0937992239095577,0.0932598714623351,0.00321209283000866,25,1.04737564518091,1.04755297619953,0.00306367386162816,25,0.982136723978484,0.982105380271351,0.00169371038977401,25,0.0854400000000351,0.0840000000002874,0.00391663120555259,25,0.0854400000000351,0.0840000000002874,0.00391663120555259,25,0.0496000000000095,0.0489999999999782,0.00261406452362834,25,0.0358400000000256,0.0349999999998545,0.00336253872347631,25,0,0,0,25
"pretrain","oracle_Z","fastica_only","ifeval_min30","balanced_moderate_dense_signed_cross","Cross",200,1000,5,"3-3-3-3-3",1.35530732828436,1.37177274721552,0.161613078967167,25,0.745360614325595,0.745360614325595,0,25,0.146034550437728,0.132678106785434,0.0508087813292737,25,0.371130481440132,0.371989242594736,0.00414296459107725,25,0.153331250786485,0.160609754647735,0.0349534386346749,25,0.164067642313711,0.169831364399636,0.0296776002184876,25,0.062355387245467,0.0544461841587533,0.0247472873430525,25,0.33605467024537,0.337555766011098,0.008542579840951,25,0.132253882933741,0.132302215012105,0.00467124784096651,25,0.361157803935316,0.363140873930871,0.009121630602636,25,0.0599092081280784,0.0598554287517175,0.000653030553205807,25,0.10237520278369,0.103495892240066,0.00488301163052143,25,1.04628367211038,1.04587585224498,0.00343261183294369,25,0.982642083802302,0.982559100415882,0.00116142369522782,25,0.130040000000445,0.127000000004045,0.00839384695259514,25,0.130040000000445,0.127000000004045,0.00839384695259514,25,0.0491200000002573,0.0489999999990687,0.000665832811992693,25,0.0809200000001874,0.0780000000013388,0.00819003459511313,25,0,0,0,25
"pretrain","oracle_Z","fastica_only","ifeval_min30","balanced_moderate_dense_signed_cross","Cross",200,1500,10,"2-2-2-2-2-2-2-2-2-2",1.39249623896135,1.40872193663759,0.0754702894424061,25,0.583088680632177,0.583088680632177,0,25,0.155821590107232,0.157770624521192,0.0402605363483401,25,0.400240604663574,0.400306907060867,0.00200079557132865,25,0.0700227657520659,0.0678976264609176,0.0164613627514593,25,0.0447387536378111,0.0445800106259217,0.00377899212640207,25,0.0360385019233853,0.0349084806774629,0.00845771714829317,25,0.464946755867752,0.465258589973469,0.00453155341364339,25,0.147155258826455,0.146909217762157,0.00500977967158021,25,0.487692876509771,0.487901500107951,0.00555481658521289,25,0.0784236466968463,0.0785302793823697,0.000382550273355482,25,0.10347037074815,0.103884724673412,0.00246383349066706,25,1.08356648127036,1.0836653054979,0.00293496314661062,25,0.969048525702234,0.968980283435029,0.00140760294086756,25,0.162359999999753,0.17099999999482,0.0250896392968477,25,0.162359999999753,0.17099999999482,0.0250896392968477,25,0.0896400000006543,0.101000000002387,0.0181104941963117,25,0.072719999999099,0.0720000000001164,0.0137735253287614,25,0,0,0,25
"pretrain","oracle_Z","fastica_only","ifeval_min30","balanced_moderate_dense_signed_cross","Cross",200,1500,10,"3-3-3-3-3-3-3-3-3-3",1.41111948699828,1.3954162859773,0.0831427438591681,25,0.583088680632177,0.583088680632177,0,25,0.15000804502579,0.154334495225007,0.0278241039753208,25,0.382773258839892,0.382397936226411,0.00276062967822593,25,0.208093105179931,0.207996613173554,0.0299734503130863,25,0.219480119969279,0.219116289175911,0.0301714143100178,25,0.0977596245678604,0.0969406085798879,0.0229440894864281,25,0.457942732310861,0.457502411464811,0.00601121194361826,25,0.137061903289934,0.136937361092236,0.00385249805787367,25,0.47802278628564,0.477652769224237,0.0065083724455482,25,0.0820142488310611,0.0821334253134034,0.000742855101886603,25,0.107463468799123,0.107931518012311,0.0031454757572896,25,1.07887620733036,1.07922962422996,0.0029149152102458,25,0.968695661480643,0.968663905094252,0.00143611050504046,25,0.188279999999795,0.180999999996857,0.0245959346238992,25,0.188279999999795,0.180999999996857,0.0245959346238992,25,0.0673200000001816,0.0670000000100117,0.00047609522795333,25,0.120959999999614,0.114000000001397,0.0244480401397842,25,0,0,0,25
"pretrain","oracle_Z","fastica_only","ifeval_min30","balanced_moderate_dense_signed_cross","Cross",200,1500,5,"2-2-2-2-2",1.43406903737392,1.41743690434334,0.119010336761225,25,0.749289957829839,0.749289957829839,0,25,0.13351927560888,0.125558710175205,0.034716402678649,25,0.393892662990037,0.394244344147633,0.00284770798668065,25,0.0677532179489842,0.0630683264831162,0.0219641888034594,25,0.0386943660300004,0.0384620518106938,0.00465972820259362,25,0.0349454736817736,0.0326941370209664,0.0112875729400951,25,0.328137783511857,0.326037749221088,0.00506262769549908,25,0.149688695082623,0.150148980492349,0.00489461548001691,25,0.360683368438921,0.358408743612804,0.00614258501598168,25,0.0550322142324545,0.0549798548877617,0.000339478794647654,25,0.0800024484549216,0.0802573553474712,0.00152247119305303,25,1.04676529341325,1.04608265531562,0.00249565974904424,25,0.983128188103468,0.983285244574473,0.00103897717247065,25,0.107439999999806,0.105999999999767,0.00533916348009185,25,0.107439999999806,0.105999999999767,0.00533916348009185,25,0.0677199999998993,0.0679999999993015,0.000541602560282263,25,0.0397199999999066,0.0389999999997599,0.00528772162647716,25,0,0,0,25
"pretrain","oracle_Z","fastica_only","ifeval_min30","balanced_moderate_dense_signed_cross","Cross",200,1500,5,"3-3-3-3-3",1.4451107232555,1.42743805275603,0.119772400815254,25,0.749289957829839,0.749289957829839,0,25,0.128604939456577,0.126415016175408,0.0258887591865281,25,0.37085621102235,0.370940432074613,0.00536666567726928,25,0.159937081551049,0.166500292632783,0.0326553702031436,25,0.179120903027461,0.170520968877589,0.0330267735911034,25,0.0582345680240783,0.0544619027909884,0.0202650279972711,25,0.324143717525566,0.324928582445848,0.004766747527186,25,0.132194522215007,0.131200453629485,0.00476391371013323,25,0.350080846070224,0.350077419165302,0.00573209306744453,25,0.0583018928716179,0.0582099984681781,0.000466571497715954,25,0.0878252909771692,0.0879560647576786,0.00304943883099546,25,1.04325760485898,1.04391022728799,0.0019909344300402,25,0.983323254677948,0.983173835449379,0.00123544038440374,25,0.156039999999775,0.149000000001251,0.0152383288673749,25,0.156039999999775,0.149000000001251,0.0152383288673749,25,0.0695200000000477,0.0670000000027358,0.00729223331127254,25,0.0865199999997276,0.0819999999985157,0.0116516093310912,25,0,0,0,25
"pretrain","oracle_Z","fastica_only","ifeval_min30","balanced_moderate_dense_signed_cross","Cross",200,2000,10,"2-2-2-2-2-2-2-2-2-2",1.41469309300244,1.41023190254532,0.0665135266353376,25,0.581019736017126,0.581019736017126,0,25,0.148928904578557,0.146623708016962,0.0296666697453959,25,0.400556254779184,0.400498556155786,0.00173502431671116,25,0.0689443747153133,0.0728729225369795,0.0161196556779677,25,0.0443375155815266,0.0435313355418893,0.00345984404940276,25,0.0355317131958504,0.0374496979268623,0.0083377833502103,25,0.455628688004337,0.455557961900763,0.00414690936955543,25,0.148313998009729,0.148221217670104,0.00520129032582354,25,0.479179241649428,0.478999407155828,0.00502887264747545,25,0.0769285142032636,0.0769425424210155,0.000521747414849759,25,0.0937609240475146,0.0931299820949341,0.00283116946775192,25,1.08071385729468,1.08054670919781,0.00250564655865355,25,0.969919786640281,0.969961270045971,0.00110172054590404,25,0.213440000000119,0.211999999999534,0.00469112637403606,25,0.213440000000119,0.211999999999534,0.00469112637403606,25,0.131120000000228,0.131000000001222,0.0011298967495807,25,0.0823199999998906,0.080999999998312,0.00427901857898647,25,0,0,0,25
"pretrain","oracle_Z","fastica_only","ifeval_min30","balanced_moderate_dense_signed_cross","Cross",200,2000,10,"3-3-3-3-3-3-3-3-3-3",1.40600807231079,1.42401185230884,0.0828732926845549,25,0.581019736017126,0.581019736017126,0,25,0.139756883341333,0.139342614537064,0.0225013200141047,25,0.382094577914807,0.382251918061203,0.00258065612732846,25,0.2172936747103,0.200414316172519,0.0539612423600225,25,0.221898769499693,0.214242633658123,0.0348232306265121,25,0.0976145927459172,0.0972140530059934,0.0243928246867694,25,0.446333087094823,0.446217397754384,0.00573857723401201,25,0.136211869686651,0.135382587426198,0.00439364413065083,25,0.466664428414891,0.466990845394236,0.00656341609890215,25,0.0807043362251635,0.0806974029384416,0.000467594429488628,25,0.0971434652551097,0.0973629962778711,0.00247516493706362,25,1.074849552421,1.07500438119922,0.00318676287051903,25,0.969549470647847,0.969586722165832,0.00125777166391651,25,0.213839999999036,0.205000000016298,0.0226010324245647,25,0.213839999999036,0.205000000016298,0.0226010324245647,25,0.0857599999988452,0.0859999999956926,0.000663324958498721,25,0.128080000000191,0.119000000006054,0.0224349429824606,25,0,0,0,25
"pretrain","oracle_Z","fastica_only","ifeval_min30","balanced_moderate_dense_signed_cross","Cross",200,2000,5,"2-2-2-2-2",1.39798435246198,1.40887326774279,0.114157160172058,25,0.74785852175892,0.74785852175892,0,25,0.140508672872221,0.132283935567868,0.0347199659258645,25,0.393276355483885,0.393092826745459,0.00201142384312926,25,0.068447045916474,0.073191570471438,0.0229561824898257,25,0.0387628031574438,0.0381821757209363,0.00375566410078842,25,0.0352328476962349,0.0378064227521445,0.0118202356659624,25,0.32207715662274,0.32184936166869,0.0055494230448415,25,0.146771093209021,0.146894958090161,0.00613320168459247,25,0.353964813031698,0.354576552178606,0.00721944163846447,25,0.0543190870943431,0.0543942871584395,0.000325936759614194,25,0.0728619637981633,0.0727380910537843,0.00298108795170187,25,1.04467486791416,1.04481337006443,0.00268032135791388,25,0.983316088985452,0.983378870838899,0.00108566330531876,25,0.130279999999839,0.128999999998996,0.00607261613048616,25,0.130279999999839,0.128999999998996,0.00607261613048616,25,0.0862399999998524,0.0860000000002401,0.000663324958027972,25,0.0440399999999863,0.0429999999996653,0.0058983048413321,25,0,0,0,25
"pretrain","oracle_Z","fastica_only","ifeval_min30","balanced_moderate_dense_signed_cross","Cross",200,2000,5,"3-3-3-3-3",1.43043548282578,1.41877837618904,0.114933399102075,25,0.74785852175892,0.74785852175892,0,25,0.128008216251297,0.126571959085092,0.0275792564383606,25,0.372777233056957,0.372597559842961,0.00448711121319327,25,0.1479747787255,0.145811722775529,0.0317515481355182,25,0.167875560554844,0.165132573233118,0.0356101366317858,25,0.0518987472262925,0.0503883832535932,0.0188859675144407,25,0.32152926454841,0.322739535120725,0.00619076605899305,25,0.134237468111713,0.134599595504568,0.00415996434577905,25,0.348439664297244,0.349381695801941,0.00676786238055315,25,0.0575225145772212,0.0575277226157904,0.000473339502204418,25,0.0818674050245709,0.0820301184939109,0.00318778240286287,25,1.04329468219964,1.04369026237235,0.00256420434741499,25,0.983885557022566,0.983959208234624,0.00112973582370048,25,0.172839999999123,0.172999999998865,0.00679264307865778,25,0.172839999999123,0.172999999998865,0.00679264307865778,25,0.0859199999998964,0.0859999999993306,0.000640312423949488,25,0.086919999999227,0.0859999999993306,0.00681248853214973,25,0,0,0,25
"pretrain","oracle_Z","fastica_only","ifeval_min30","balanced_moderate_dense_signed_cross","Cross",200,500,10,"2-2-2-2-2-2-2-2-2-2",1.4131229531032,1.41089760731287,0.0688594446729007,25,0.568776528188644,0.568776528188644,0,25,0.143695669443999,0.142883402844581,0.0275280731788393,25,0.396920755559462,0.396867005661016,0.00150874423251435,25,0.0683219026253318,0.0707831965109965,0.0153854692578921,25,0.0491320740982276,0.049700636699287,0.00321457126795472,25,0.0351613832247126,0.036648041133479,0.00798254169363949,25,0.547741259848729,0.547612106153586,0.0121009383074014,25,0.14799565863596,0.147613816630541,0.00565841744579142,25,0.567408321600526,0.566709312484654,0.0121754395160561,25,0.0893350133988007,0.0893777912468292,0.000982606066039822,25,0.160314923531568,0.1601129444499,0.00462733060756108,25,1.11446347269683,1.11441253187196,0.0066436453481098,25,0.962095344320968,0.962705867614388,0.00220869185932046,25,0.0954000000003725,0.088000000003376,0.0204613456698606,25,0.0954000000003725,0.088000000003376,0.0204613456698606,25,0.0358800000004703,0.0310000000026776,0.00740675367487883,25,0.0595199999999022,0.0570000000006985,0.0149753130177136,25,0,0,0,25
"pretrain","oracle_Z","fastica_only","ifeval_min30","balanced_moderate_dense_signed_cross","Cross",200,500,10,"3-3-3-3-3-3-3-3-3-3",1.4276984728711,1.42520819662045,0.0640842877069191,25,0.568776528188644,0.568776528188644,0,25,0.140675281399197,0.137797388092692,0.0228461565897123,25,0.378718091697476,0.378169936056765,0.00321639813455316,25,0.215051799967862,0.21283994777323,0.0325357191616803,25,0.226724236054615,0.219248899730803,0.0302466555605075,25,0.100671396432989,0.0986726949907287,0.0191827904739962,25,0.561182740295456,0.560743040254313,0.00933652237704964,25,0.149828792189295,0.146971421810647,0.00617905953562531,25,0.580862823294438,0.581303995278687,0.00986644453245827,25,0.0923113194428347,0.0924649032872406,0.000667988139824662,25,0.165090894760603,0.165022428076094,0.00334003302344022,25,1.12096457739496,1.12109964709345,0.00507816078001402,25,0.961770384763508,0.962085458648192,0.00209008864165936,25,0.135759999998263,0.134999999994761,0.00578993379369115,25,0.135759999998263,0.134999999994761,0.00578993379369115,25,0.0305199999990873,0.0309999999881256,0.000509901951605852,25,0.105239999999176,0.104000000006636,0.00591100668198284,25,0,0,0,25
"pretrain","oracle_Z","fastica_only","ifeval_min30","balanced_moderate_dense_signed_cross","Cross",200,500,5,"2-2-2-2-2",1.41670628830953,1.40908438094557,0.162803236676728,25,0.745843276530558,0.745843276530558,0,25,0.13384933304456,0.132763528375219,0.0377078739967945,25,0.395585082144771,0.395657822402031,0.0030833433910987,25,0.062591709598734,0.0637437494774607,0.02486120450697,25,0.0410380373443342,0.0404854659022393,0.00440517021337761,25,0.0322220488887674,0.0331408122448752,0.0128254767084513,25,0.369585499894833,0.367810771583144,0.00692299728350466,25,0.143410842953205,0.143570137560531,0.00533812889938127,25,0.396458185445706,0.395348115511206,0.00752671445260422,25,0.0606947903357819,0.0606064035964863,0.000668833811708873,25,0.124711689036372,0.125305485250259,0.00339230417304948,25,1.05552338990802,1.05570613112125,0.00349160041861882,25,0.97915076667911,0.978608674548938,0.00214291947616548,25,0.0638800000000265,0.0619999999994434,0.0102441853426559,25,0.0638800000000265,0.0619999999994434,0.0102441853426559,25,0.0302800000000389,0.0300000000002001,0.000458257569479786,25,0.0335999999999876,0.031999999999698,0.0102996763703512,25,0,0,0,25
"pretrain","oracle_Z","fastica_only","ifeval_min30","balanced_moderate_dense_signed_cross","Cross",200,500,5,"3-3-3-3-3",1.41701807589579,1.41677444702909,0.12053866160369,25,0.745843276530558,0.745843276530558,0,25,0.138870635636461,0.131761556295804,0.0349166504610061,25,0.372293100473801,0.373339191347141,0.00603407379673349,25,0.159793864137347,0.159847857416667,0.035033261543291,25,0.179339085748286,0.181532619402675,0.0331204780651614,25,0.0635996330405953,0.0619546626042693,0.0203127292202561,25,0.373058602425778,0.372672064423604,0.0111296281495958,25,0.132419238041175,0.132903885592398,0.00595496003897472,25,0.395886785480482,0.397035616775657,0.0118227135805887,25,0.0641584975771859,0.064338342762086,0.000782494311150961,25,0.133957748406981,0.13341096933449,0.00532647574479285,25,1.05546110559649,1.05635622141917,0.00489978143508046,25,0.979376473955065,0.97861415950486,0.0021397295735232,25,0.111200000000972,0.111000000000786,0.00643557819227841,25,0.111200000000972,0.111000000000786,0.00643557819227841,25,0.0307200000005832,0.0309999999990396,0.000541602560721671,25,0.0804800000003888,0.0800000000017462,0.00630555310817949,25,0,0,0,25
"pretrain","oracle_Z","fastica_only","ifeval_min30","balanced_moderate_dense_signed_cross","Cross",400,1000,10,"2-2-2-2-2-2-2-2-2-2",1.40783426152059,1.41470269402203,0.060061729832355,25,0.579328975000393,0.579328975000393,0,25,0.0968216432779631,0.0964055353154306,0.016303022479555,25,0.399020150318461,0.398822177169094,0.00109809866704528,25,0.044312700196434,0.0433608036933127,0.00835834008330323,25,0.0259021569498328,0.0253612254529499,0.00175410031476445,25,0.0228596650725215,0.0223588088093678,0.00432862850937434,25,0.373787637061656,0.373543989333361,0.00405039460050186,25,0.11503267772852,0.114822619527891,0.00365545669295304,25,0.391097872908072,0.390727287085134,0.00464866803987961,25,0.0617872195477518,0.0617496803013858,0.000291514109202925,25,0.112789198004653,0.112696166599076,0.00204838049296225,25,1.05504854098444,1.0547886595608,0.00232570049251313,25,0.980717145758278,0.98073925208088,0.00116756281104168,25,0.436400000001013,0.435000000004948,0.00636396103096552,25,0.436400000001013,0.435000000004948,0.00636396103096552,25,0.338120000000345,0.3379999999961,0.00210792156713178,25,0.0982800000006682,0.0980000000054133,0.00560892146577693,25,0,0,0,25
"pretrain","oracle_Z","fastica_only","ifeval_min30","balanced_moderate_dense_signed_cross","Cross",400,1000,10,"3-3-3-3-3-3-3-3-3-3",1.42014654831071,1.41726289465499,0.0716632179478033,25,0.579328975000393,0.579328975000393,0,25,0.101003865436408,0.0966644079895804,0.0218122439528426,25,0.3821329145644,0.382098394625513,0.00235345104501594,25,0.0803376810517696,0.0796008407613047,0.010893213254418,25,0.0799339097150998,0.0805298214940671,0.0144912054997799,25,0.0286859231059028,0.0283414883626646,0.0047299930496823,25,0.355846858799256,0.355407844672722,0.00347092231471361,25,0.0987727964195939,0.0993029126350222,0.00361329603822007,25,0.369311443810228,0.369067148405112,0.00410903250782116,25,0.063876091942235,0.063775607361085,0.000373717266140756,25,0.117294428280285,0.11741625097186,0.00182272766125155,25,1.04742128469223,1.04750084409458,0.00157717611351409,25,0.981032847132245,0.981115677460903,0.000998630784464769,25,0.375440000003437,0.369999999995343,0.0181316482051009,25,0.375440000003437,0.369999999995343,0.0181316482051009,25,0.221240000001853,0.221000000005006,0.00252124308180053,25,0.154200000001583,0.150000000008731,0.0175285481422226,25,0,0,0,25
"pretrain","oracle_Z","fastica_only","ifeval_min30","balanced_moderate_dense_signed_cross","Cross",400,1000,5,"2-2-2-2-2",1.37272752411945,1.4122412993188,0.185336067515418,25,0.745360614325595,0.745360614325595,0,25,0.0956665408638117,0.0899849739443957,0.0180409903460085,25,0.39431681236421,0.394190081083386,0.00177728026646575,25,0.0499873744144744,0.0518951146180893,0.0122075758590669,25,0.0217547642983025,0.0212130803991772,0.00262426030486322,25,0.0258205117035797,0.0269132459219544,0.00628085766750153,25,0.269856103529542,0.269923459566244,0.0045339104037767,25,0.119136203968365,0.118347229289804,0.00518754816009128,25,0.295005437279263,0.294517547874615,0.00587296093104669,25,0.0427488371521049,0.0427772448304025,0.000364403361407112,25,0.0906464519370307,0.0901622025793488,0.00225546684660648,25,1.03322503362489,1.03359864139876,0.00182332459995664,25,0.990492227798308,0.990634968277203,0.000993218348649724,25,0.28051999999996,0.277000000000044,0.0145060906746768,25,0.28051999999996,0.277000000000044,0.0145060906746768,25,0.22359999999986,0.222999999999956,0.00294392028863682,25,0.0569200000001001,0.0540000000000873,0.015085644390085,25,0,0,0,25
"pretrain","oracle_Z","fastica_only","ifeval_min30","balanced_moderate_dense_signed_cross","Cross",400,1000,5,"3-3-3-3-3",1.45771033355609,1.43074434561521,0.113467350755676,25,0.745360614325595,0.745360614325595,0,25,0.0925865572167642,0.0870860903363683,0.0186400929352441,25,0.371202050308812,0.372472655831008,0.00428342042205114,25,0.065750066495014,0.0647207870081155,0.0119501144270172,25,0.0630821907963641,0.0614000730640964,0.0111298409467643,25,0.0251103347756091,0.0256928942707841,0.00548821091250923,25,0.261980700235312,0.261734150361177,0.00619050647129448,25,0.10045825303451,0.0995921357966598,0.00451433524035553,25,0.280595713790106,0.28036596529344,0.00708187463875595,25,0.0448775938363101,0.0447802635543784,0.000381569982860775,25,0.0980178795546135,0.0975825717749586,0.00223364921011204,25,1.02910746765084,1.02904591423245,0.00237948625603939,25,0.990422632628867,0.99069734338632,0.00123923692950125,25,0.338080000000191,0.332999999998719,0.0177762013190812,25,0.338080000000191,0.332999999998719,0.0177762013190812,25,0.221920000000537,0.221999999997934,0.00160519988360768,25,0.116159999999654,0.110999999997148,0.0178808090792055,25,0,0,0,25
"pretrain","oracle_Z","fastica_only","ifeval_min30","balanced_moderate_dense_signed_cross","Cross",400,1500,10,"2-2-2-2-2-2-2-2-2-2",1.41276218485999,1.41161044007788,0.073133767358251,25,0.583088680632177,0.583088680632177,0,25,0.108460576360849,0.107103609927325,0.0185415715857046,25,0.400297808091569,0.400232811496323,0.00097371238170938,25,0.0510094768677805,0.0514159573479453,0.00807087396354892,25,0.0252296168011158,0.0248081695067088,0.00193652505431247,25,0.0263712022207665,0.0265751069901533,0.0041940227487787,25,0.369930115386441,0.370588682545385,0.00502512119949864,25,0.123708291706005,0.123117484625031,0.00476014691433559,25,0.390080507488229,0.39050465637572,0.00605734681471504,25,0.0588013375985239,0.058742684260549,0.00029220880405372,25,0.0967825072834364,0.096915366635041,0.00169998529602822,25,1.05695519557369,1.05700045724264,0.00243289256825064,25,0.982983663365601,0.982868438329152,0.000795533014281645,25,0.554639999998908,0.552999999999884,0.0161345385208213,25,0.554639999998908,0.552999999999884,0.0161345385208213,25,0.442879999999423,0.442999999999302,0.00083266640015998,25,0.111759999999485,0.110000000000582,0.0158384553108422,25,0,0,0,25
"pretrain","oracle_Z","fastica_only","ifeval_min30","balanced_moderate_dense_signed_cross","Cross",400,1500,10,"3-3-3-3-3-3-3-3-3-3",1.4073357085495,1.40807604335489,0.0571029127865989,25,0.583088680632177,0.583088680632177,0,25,0.109584381929329,0.107374968028182,0.0234747897698599,25,0.382440096450671,0.382832952271359,0.00256031005767595,25,0.0731935552691502,0.0708042133852429,0.00992060117307814,25,0.0797710258562301,0.0778181054073804,0.0106591634353801,25,0.0253396297137616,0.0249979829615085,0.00365340359794575,25,0.33951281009611,0.341260242318077,0.00448549131429102,25,0.102565373693514,0.102649382009665,0.00394623954513604,25,0.354678321505868,0.356507018532372,0.0052198634391343,25,0.0607884359509293,0.0608140323091907,0.000303107513212817,25,0.0995666597678602,0.0995890301392369,0.00190110549720778,25,1.04425029617818,1.04430476994798,0.00189283162053409,25,0.982826051429936,0.98284477891181,0.000819848294870716,25,0.445279999999329,0.444999999992433,0.00903935838470698,25,0.445279999999329,0.444999999992433,0.00903935838470698,25,0.287639999999665,0.288000000000466,0.0031342197334743,25,0.157639999999665,0.157999999995809,0.00727369690526391,25,0,0,0,25
"pretrain","oracle_Z","fastica_only","ifeval_min30","balanced_moderate_dense_signed_cross","Cross",400,1500,5,"2-2-2-2-2",1.36486068828789,1.41371392456244,0.123373281191748,25,0.749289957829839,0.749289957829839,0,25,0.0933130776294304,0.0882993497452007,0.0227142692103145,25,0.394083687836025,0.394247545485846,0.00175603670688688,25,0.0430605762180574,0.04498850895675,0.0137942801353945,25,0.0212448441392493,0.0204481925401579,0.00272801949271453,25,0.0222141883876562,0.0232237678917268,0.00714698741908851,25,0.267146631868995,0.267416371457281,0.00523640850761321,25,0.125312023845726,0.124725964844709,0.0062361772907093,25,0.295103275737952,0.294291367355259,0.00708139978509339,25,0.0411351934202791,0.0410995527982,0.000351297133885423,25,0.0772139902070006,0.0772841425978461,0.00193854549910105,25,1.03361568899083,1.03329560743114,0.00217072768661879,25,0.990819129081594,0.990514416071831,0.0010954356980225,25,0.35468000000008,0.350999999998749,0.0125390058086889,25,0.35468000000008,0.350999999998749,0.0125390058086889,25,0.290200000000259,0.289000000000669,0.00402077936081711,25,0.0644799999998213,0.0629999999982829,0.0119167948711088,25,0,0,0,25
"pretrain","oracle_Z","fastica_only","ifeval_min30","balanced_moderate_dense_signed_cross","Cross",400,1500,5,"3-3-3-3-3",1.43756561845274,1.41191632989774,0.119197760723142,25,0.749289957829839,0.749289957829839,0,25,0.104232155503513,0.102373216771322,0.0322733884741369,25,0.372029001244476,0.371682095871977,0.00363208737635434,25,0.0688178162778284,0.0670150554973532,0.0165925495312649,25,0.0610995586630442,0.0588499360080002,0.011549201796221,25,0.027311271063873,0.0265422841181861,0.00687111931624808,25,0.253232009153933,0.253868402499052,0.00530400112327656,25,0.102955732204962,0.103424962047921,0.00446084497134412,25,0.273378077714934,0.274708434923887,0.00619729292615456,25,0.0431142338948296,0.0432292492680873,0.000317904756016264,25,0.0844162233288147,0.0844651824927359,0.00248981640999401,25,1.02755684965942,1.02734543700173,0.00172074286217926,25,0.990777906071384,0.99052702770292,0.00107939007086992,25,0.410599999999977,0.407999999999447,0.0113834675442484,25,0.410599999999977,0.407999999999447,0.0113834675442484,25,0.289719999999797,0.290000000000873,0.00164620776310201,25,0.120880000000179,0.118000000002212,0.0113222494818044,25,0,0,0,25
"pretrain","oracle_Z","fastica_only","ifeval_min30","balanced_moderate_dense_signed_cross","Cross",400,2000,10,"2-2-2-2-2-2-2-2-2-2",1.42710391746359,1.41723877910233,0.0680664297626743,25,0.581019736017126,0.581019736017126,0,25,0.110743828057436,0.108337427671151,0.0186456320807478,25,0.400370946354902,0.400711640100698,0.00134255658712826,25,0.0488398792370058,0.0464314095737203,0.00844516043482878,25,0.0240054359466418,0.0237301187669639,0.00175053076689107,25,0.025246874193676,0.0240640899479958,0.00436620666348496,25,0.363413340438399,0.363457530622264,0.0054659582268603,25,0.126660161168092,0.126537051417723,0.00585956437434186,25,0.384877276122635,0.385757060085291,0.00670645727223009,25,0.0570227534750697,0.057052478371128,0.000264212083739319,25,0.0866384572659507,0.0867635643143384,0.00132882284441651,25,1.05578224283527,1.05594632691264,0.00230583900451669,25,0.983671019789892,0.983550355656135,0.0008716919077792,25,0.670640000000421,0.671000000002095,0.00758770935986759,25,0.670640000000421,0.671000000002095,0.00758770935986759,25,0.547720000000263,0.547999999995227,0.000936304793351898,25,0.122920000000158,0.122999999999593,0.00754939291143246,25,0,0,0,25
"pretrain","oracle_Z","fastica_only","ifeval_min30","balanced_moderate_dense_signed_cross","Cross",400,2000,10,"3-3-3-3-3-3-3-3-3-3",1.41964955892929,1.41279236883832,0.0811948150118589,25,0.581019736017126,0.581019736017126,0,25,0.0985450274803273,0.095038032882336,0.0156824134951597,25,0.382463581328669,0.382420137109887,0.00200995789896339,25,0.0793883438861754,0.0726391612399929,0.0203974991644224,25,0.0852031753635397,0.0738909939072381,0.0356123468150936,25,0.0280306493574294,0.026899951246825,0.0057060976146329,25,0.332376404775067,0.331274222719038,0.00384123015994543,25,0.103841666130717,0.104030524061958,0.00350837716915545,25,0.348229357630649,0.347838900552256,0.00450251888649534,25,0.0591850549719034,0.0591789658181724,0.000270637118906268,25,0.0906984076587249,0.0907607671265127,0.001327174588889,25,1.043010228525,1.04277478304154,0.00151569948386731,25,0.983757676443606,0.983594039461409,0.000905794832759573,25,0.526199999997043,0.519999999989523,0.0219469056278578,25,0.526199999997043,0.519999999989523,0.0219469056278578,25,0.353239999998477,0.350999999995111,0.00529370695628801,25,0.172959999998566,0.165999999997439,0.0224099680200499,25,0,0,0,25
"pretrain","oracle_Z","fastica_only","ifeval_min30","balanced_moderate_dense_signed_cross","Cross",400,2000,5,"2-2-2-2-2",1.41644799942197,1.41105611686333,0.140886647458895,25,0.74785852175892,0.74785852175892,0,25,0.100488610224944,0.096878877350659,0.0314014199664262,25,0.393453871361616,0.393485105244482,0.00168896188057666,25,0.049241289918299,0.0454350464306119,0.0216553683357626,25,0.0209565170940882,0.0206607422374351,0.00324165227968364,25,0.0253695870370864,0.0235235587649064,0.0111667312026329,25,0.264724401331166,0.263806937776448,0.00613992166387148,25,0.126862567204886,0.127147781684889,0.00521157246185584,25,0.293568296226644,0.292119567765878,0.00743302239761958,25,0.0402585122654861,0.0402220849025039,0.000285507470632826,25,0.0696912259847318,0.069999871040639,0.00183226893625898,25,1.03371549743193,1.03317316631718,0.00213031038596877,25,0.991332963776435,0.991239334905952,0.000742670815348128,25,0.424599999999918,0.423999999999069,0.0066583281182195,25,0.424599999999918,0.423999999999069,0.0066583281182195,25,0.356279999999897,0.358000000000175,0.00366878726573204,25,0.0683200000000215,0.0679999999993015,0.0053752519321055,25,0,0,0,25
"pretrain","oracle_Z","fastica_only","ifeval_min30","balanced_moderate_dense_signed_cross","Cross",400,2000,5,"3-3-3-3-3",1.43017133789536,1.41633542855351,0.117570141548518,25,0.74785852175892,0.74785852175892,0,25,0.0935219515966921,0.0875450214762231,0.0265933830381655,25,0.371886352303819,0.372517561231441,0.00307965706284483,25,0.0707108940038245,0.0699723190524768,0.0126413047888712,25,0.0637537387342709,0.0613641998318872,0.0121969315311838,25,0.0283080734833427,0.0293165687292239,0.00616647455765945,25,0.246248481522504,0.246310441505858,0.00465039292699246,25,0.101883809512771,0.10261180951703,0.00473222422493242,25,0.266510290524675,0.26731495636701,0.00587629718813006,25,0.0421195520408921,0.042107383497214,0.000270415629834921,25,0.0766563908709583,0.0773468719859061,0.0019022575380762,25,1.02625104778869,1.0258892966982,0.00174488189771159,25,0.991264060271144,0.991075618943469,0.000743621997230462,25,0.492360000000481,0.488000000001193,0.0172672136332842,25,0.492360000000481,0.488000000001193,0.0172672136332842,25,0.360600000000268,0.359000000000378,0.00490747728777724,25,0.131760000000213,0.129000000000815,0.0146807129706491,25,0,0,0,25
"pretrain","oracle_Z","fastica_only","ifeval_min30","balanced_moderate_dense_signed_cross","Cross",400,500,10,"2-2-2-2-2-2-2-2-2-2",1.42159370760034,1.41747357767376,0.0574136290872144,25,0.568776528188644,0.568776528188644,0,25,0.0976005579217708,0.0948902641636025,0.015814307106549,25,0.397477581323881,0.39753402867652,0.000983754478676892,25,0.0447803075698698,0.0425399348754833,0.00957048154175458,25,0.028032501108111,0.0283776259036338,0.00191541403274867,25,0.0230724733674087,0.0219363866560349,0.00502625179918927,25,0.415501811658297,0.416475214198968,0.00504215229320149,25,0.106834512891819,0.105925784403697,0.00395896198368866,25,0.429034455747161,0.429808518843734,0.00502672342371329,25,0.0702436015144573,0.0703370237988816,0.000634485264825927,25,0.152722208801097,0.152802553494732,0.00206153711202579,25,1.06461493644296,1.06448325058451,0.00240122645890467,25,0.975741260307204,0.975627850540419,0.00143313235629352,25,0.269199999998382,0.267999999996391,0.00898610037686323,25,0.269199999998382,0.267999999996391,0.00898610037686323,25,0.180679999999993,0.180000000000291,0.00162583311889054,25,0.0885199999983888,0.0869999999995343,0.00865120415464733,25,0,0,0,25
"pretrain","oracle_Z","fastica_only","ifeval_min30","balanced_moderate_dense_signed_cross","Cross",400,500,10,"3-3-3-3-3-3-3-3-3-3",1.39992913998182,1.4099949040163,0.0836895498977032,25,0.568776528188644,0.568776528188644,0,25,0.0977028281676083,0.0997883197058618,0.0196928017296129,25,0.380240073635733,0.379862304474049,0.00179199811319813,25,0.083698694038188,0.0760100025253602,0.0288190027750803,25,0.0913593817302567,0.0810103168471556,0.0391594388211116,25,0.0289665565322528,0.0274523072244489,0.00862400004431108,25,0.412377153668363,0.413135232291916,0.00674595741105677,25,0.0974865644494804,0.0965787463734072,0.00342891058047639,25,0.42376054360173,0.424295428835461,0.00649707919501475,25,0.0718270363595019,0.0717912126595871,0.000683620134723602,25,0.15597580334983,0.157187377438177,0.00261270033497946,25,1.06327129891985,1.06353773099058,0.00284881790573724,25,0.976597687332767,0.976283758553027,0.00147922133596697,25,0.259839999997057,0.25899999999092,0.00569122131144032,25,0.259839999997057,0.25899999999092,0.00569122131144032,25,0.11907999999763,0.119000000006054,0.000909212113424321,25,0.140759999999427,0.139999999999418,0.00559225655044492,25,0,0,0,25
"pretrain","oracle_Z","fastica_only","ifeval_min30","balanced_moderate_dense_signed_cross","Cross",400,500,5,"2-2-2-2-2",1.44492443321663,1.41654100799536,0.139338913446492,25,0.745843276530558,0.745843276530558,0,25,0.100061140378662,0.0994792521538118,0.0240176264097122,25,0.395966916845301,0.39624393413512,0.00140408048706949,25,0.0464081863525866,0.04649880415661,0.0133244601156043,25,0.0236450861050254,0.0243373852904507,0.00263709933111221,25,0.023971449569323,0.0240766021958258,0.00692761201591537,25,0.297156338511517,0.297124436168234,0.00501395973276135,25,0.11096515307836,0.110482269407159,0.00535344295091622,25,0.317222987490275,0.317048298512973,0.00615579849489077,25,0.047694214892247,0.0476916933343212,0.000572278642641266,25,0.122139853945229,0.122305506263709,0.00236658621822593,25,1.03673210865712,1.03758296749481,0.002020386043988,25,0.987443999414839,0.987484908755546,0.0012701561576553,25,0.167159999999967,0.164999999999054,0.0108231233941,25,0.167159999999967,0.164999999999054,0.0108231233941,25,0.120400000000009,0.119999999999891,0.00138443731045635,25,0.0467599999999584,0.043999999999869,0.010568348972401,25,0,0,0,25
"pretrain","oracle_Z","fastica_only","ifeval_min30","balanced_moderate_dense_signed_cross","Cross",400,500,5,"3-3-3-3-3",1.40875230326707,1.4139135157792,0.10435876036834,25,0.745843276530558,0.745843276530558,0,25,0.0918595142337658,0.0968643554313906,0.0223586232104429,25,0.371966705030726,0.372479597483392,0.00326089216248501,25,0.0702414361987737,0.0630686987666267,0.0182009426092376,25,0.0696605419258535,0.0706245313357565,0.0144142929408817,25,0.0265723370752341,0.0272702131299762,0.00570393658422624,25,0.294069800319228,0.294751271090079,0.00537936392588459,25,0.0957555809731334,0.0953355883129375,0.00410586706573901,25,0.30928099623578,0.308842877566228,0.00607316392694649,25,0.0498540240893266,0.0499339950193724,0.000391706241716792,25,0.128374525154897,0.128437035943672,0.0035308237438121,25,1.0339110316878,1.03342273571739,0.00262983238705286,25,0.987075833664573,0.987039779679659,0.00195145122806224,25,0.22847999999969,0.226999999998952,0.0101164881912632,25,0.22847999999969,0.226999999998952,0.0101164881912632,25,0.118999999999651,0.118999999998778,0.000816496580908418,25,0.10948000000004,0.108000000000175,0.0101698901993185,25,0,0,0,25
"pretrain","oracle_Z","mixture_fastica_start","ifeval_min30","balanced_moderate_dense_signed_cross","Cross",100,1000,10,"2-2-2-2-2-2-2-2-2-2",1.43695429185545,1.46658751233049,0.0767030675847482,25,0.579328975000393,0.579328975000393,0,25,0.211701337395916,0.212237442843474,0.0421025149038451,25,0.398003857611513,0.397750136641803,0.00185067449734949,25,0.0970441357353117,0.0979777173201638,0.0209326553497122,25,0.0915252684020796,0.0908976757554336,0.00936629842349714,25,0.0493521738385743,0.0505530157646949,0.0109889757146239,25,0.730633134326008,0.728302930296749,0.0209821384318104,25,0.216451435944349,0.218383695520778,0.00840644105943583,25,0.762035978375825,0.760898809095317,0.0220711540462484,25,0.111642428722671,0.111792905319686,0.00110152143667897,25,0.134992971781253,0.134977299373385,0.00674829573879627,25,1.20524539629547,1.20577831813131,0.0145325089617227,25,0.938235119275692,0.938143556971844,0.00255350921300915,25,0.463919999999489,0.456999999998516,0.0314747517870363,25,0.463919999999489,0.456999999998516,0.0314747517870363,25,0.0112000000002445,0.011000000002241,0.000408248290101475,25,0.452719999999244,0.445999999999913,0.0314464094406041,25,0,0,0,25
"pretrain","oracle_Z","mixture_fastica_start","ifeval_min30","balanced_moderate_dense_signed_cross","Cross",100,1000,10,"3-3-3-3-3-3-3-3-3-3",1.40355013036873,1.40042742048835,0.0604165521795423,25,0.579328975000393,0.579328975000393,0,25,0.203097541121224,0.207285293047473,0.024858839980851,25,0.38134955782987,0.380904461098906,0.00428216797197198,25,0.29964579848713,0.295770022556573,0.0247076791295827,25,0.268211690021137,0.266887027183288,0.00841418507946435,25,0.151543266014011,0.153162957798744,0.0273397600796276,25,0.791868092398129,0.796636593240753,0.0258162199674859,25,0.241796344404639,0.240934566680132,0.0101612409710246,25,0.827984475892296,0.831583147768896,0.0270261161749372,25,0.117337690630712,0.117288569361066,0.000977989452254384,25,0.145211045568691,0.145102583757395,0.00408584008073079,25,1.24813923395092,1.25003807387313,0.0171424347768522,25,0.938981508190446,0.938790560577362,0.00263345733413176,25,2.14712000000058,2.26999999998952,0.84964930608393,25,2.14712000000058,2.26999999998952,0.84964930608393,25,0.0110800000000745,0.010999999998603,0.000276887460620815,25,2.1360400000005,2.25899999999092,0.849683935352696,25,0,0,0,25
"pretrain","oracle_Z","mixture_fastica_start","ifeval_min30","balanced_moderate_dense_signed_cross","Cross",100,1000,5,"2-2-2-2-2",1.357855065395,1.39625873381659,0.16023170087187,25,0.745360614325595,0.745360614325595,0,25,0.190017443047775,0.19012563324523,0.040937025690167,25,0.393968240831697,0.394066790688658,0.00307513868728048,25,0.0917109609053009,0.0869536237905261,0.0257605421675847,25,0.0785870002583426,0.0782957026568346,0.00743986347629959,25,0.0471325269939195,0.0450228150871175,0.0131996781923313,25,0.469831082754465,0.469887436960456,0.014135998368833,25,0.196285173961517,0.196926492756193,0.00712395875169583,25,0.509203435797818,0.507892933102177,0.0151908332997186,25,0.0775588951736822,0.0776173482276625,0.000866102734672758,25,0.101791802334717,0.101890310073588,0.00522756868412735,25,1.09164124793847,1.09276309609495,0.00647327188760067,25,0.966921875728539,0.967253821492648,0.0024501674459429,25,0.22847999999999,0.226999999999975,0.0119237857523087,25,0.22847999999999,0.226999999999975,0.0119237857523087,25,0.0110399999999845,0.0109999999999673,0.000200000000015166,25,0.217440000000006,0.216000000000008,0.0117795019702303,25,0,0,0,25
"pretrain","oracle_Z","mixture_fastica_start","ifeval_min30","balanced_moderate_dense_signed_cross","Cross",100,1000,5,"3-3-3-3-3",1.40831169880374,1.41548931183821,0.151221151808649,25,0.745360614325595,0.745360614325595,0,25,0.187307524618215,0.179196624305355,0.0455763759649866,25,0.370773718989902,0.370971369847331,0.00464500645083866,25,0.279658045896042,0.273225841589954,0.0326415761926905,25,0.26329540105263,0.26195924575854,0.0131374651198088,25,0.132904748518022,0.132944032429565,0.0329094324284839,25,0.493015197295838,0.494093523332423,0.0124549416297447,25,0.195644354509018,0.195245694527434,0.00731970119566081,25,0.530440132085411,0.53237662568462,0.0134752837727817,25,0.0827194504355938,0.0827230790286382,0.00077411343543112,25,0.113197584573343,0.112941008660348,0.00714384750234428,25,1.10123038137143,1.10076671224343,0.00652476582250248,25,0.96676614034703,0.96670716958512,0.0018773791482385,25,0.690199999999531,0.485999999998967,0.395799191510022,25,0.690199999999531,0.485999999998967,0.395799191510022,25,0.0114399999999296,0.011000000000422,0.00266270539098454,25,0.678759999999602,0.475000000000364,0.396104918760887,25,0,0,0,25
"pretrain","oracle_Z","mixture_fastica_start","ifeval_min30","balanced_moderate_dense_signed_cross","Cross",100,1500,10,"2-2-2-2-2-2-2-2-2-2",1.41059741938257,1.41366444346183,0.0846550634800032,25,0.583088680632177,0.583088680632177,0,25,0.203172310132765,0.203086126562004,0.0445329129260528,25,0.399808165791,0.399951158616657,0.00268511787829456,25,0.0959261220610445,0.101175938068912,0.0240230497932199,25,0.0883137972651712,0.0871845268807471,0.00832157763848563,25,0.0489098504079765,0.0523156056827048,0.0124153596939842,25,0.692752862298873,0.684684917473847,0.0250912927255322,25,0.208816585399054,0.205898239265521,0.00920727305878452,25,0.723553150471753,0.71522237237813,0.0263688969500321,25,0.108189223624205,0.107947424587048,0.00112284952764711,25,0.118572959846081,0.117785461492275,0.00469831597076129,25,1.18347086948309,1.18050497796954,0.0158687601219554,25,0.940123081449255,0.939963674915339,0.00157161712828616,25,0.46567999999912,0.465999999993073,0.0205238073133671,25,0.46567999999912,0.465999999993073,0.0205238073133671,25,0.0160399999993388,0.0159999999959837,0.000454606056685485,25,0.449639999999781,0.450999999993655,0.0205869699883307,25,0,0,0,25
"pretrain","oracle_Z","mixture_fastica_start","ifeval_min30","balanced_moderate_dense_signed_cross","Cross",100,1500,10,"3-3-3-3-3-3-3-3-3-3",1.39932308073752,1.41249701857545,0.065861904676511,25,0.583088680632177,0.583088680632177,0,25,0.213866181121025,0.210607632363169,0.0446066028242235,25,0.382981604790517,0.38339374768409,0.00469485767735536,25,0.297270443120398,0.299335149972228,0.0249848717595282,25,0.269153285591995,0.269081906006567,0.00772270347923643,25,0.150424699910983,0.149728529391847,0.0245781687564047,25,0.748190649734033,0.747573544067268,0.0204895360730482,25,0.229188049192569,0.228282498474416,0.00658749014993078,25,0.782520079579006,0.781235790255468,0.021001556692341,25,0.114550925294596,0.1145129347672,0.000929065881465074,25,0.127147677812544,0.127602730867586,0.00635052692249713,25,1.21997900286595,1.21837081117563,0.0137327791172033,25,0.940120739604502,0.940768985329916,0.00201127750118928,25,2.17104000000108,2.00900000000547,0.917075582128049,25,2.17104000000108,2.00900000000547,0.917075582128049,25,0.0157600000005914,0.0160000000032596,0.000522812905885414,25,2.15528000000049,1.99300000000221,0.917243448238026,25,0,0,0,25
"pretrain","oracle_Z","mixture_fastica_start","ifeval_min30","balanced_moderate_dense_signed_cross","Cross",100,1500,5,"2-2-2-2-2",1.43535269013174,1.41593137577615,0.145086224085591,25,0.749289957829839,0.749289957829839,0,25,0.196518084132363,0.193099271182044,0.0414762192975011,25,0.393156920706234,0.393563627667956,0.00289165986005073,25,0.0974652626895454,0.0992073464735982,0.0273554482160544,25,0.0736731519701342,0.072392077823309,0.0078878341164975,25,0.0499512643489039,0.0510984087283694,0.0136863875501608,25,0.452905628226464,0.450738313808217,0.012857232984536,25,0.196344004053968,0.196373459793889,0.00630933968522239,25,0.493650311426539,0.493179158216034,0.013721849768426,25,0.0761894152642094,0.0761769012127644,0.000817290401892368,25,0.0896811851075491,0.090207568976413,0.00452585349848633,25,1.0854235580728,1.08395806131569,0.00693296988409309,25,0.967911214430536,0.967852293736669,0.00224729346405376,25,0.253639999999978,0.249000000000024,0.0163500254841343,25,0.253639999999978,0.249000000000024,0.0163500254841343,25,0.015719999999983,0.015999999999849,0.000541602560329842,25,0.237919999999995,0.232999999999947,0.0163679565004192,25,0,0,0,25
"pretrain","oracle_Z","mixture_fastica_start","ifeval_min30","balanced_moderate_dense_signed_cross","Cross",100,1500,5,"3-3-3-3-3",1.35866620201287,1.40187694362146,0.17451130574738,25,0.749289957829839,0.749289957829839,0,25,0.181457588622361,0.174039863622706,0.0463691116219561,25,0.372713215854073,0.372581841178166,0.00629961347134377,25,0.280038252760371,0.276392030715624,0.0378140543919892,25,0.260946357329455,0.262557388194935,0.0121292972771475,25,0.140596430572113,0.145368032411162,0.0378647572488236,25,0.473450466745948,0.473108170565005,0.01727428746297,25,0.194116520429951,0.192341803659253,0.0081607647213792,25,0.511712620625848,0.510122984918295,0.0187405804861116,25,0.0809891435681298,0.0810131182571078,0.000810819702661732,25,0.0963444857984255,0.0948351685863284,0.0062541907401174,25,1.09376811394513,1.09319181802535,0.0080278883657452,25,0.967858116612233,0.96800747553614,0.00203371865417848,25,0.801359999999913,0.70299999999952,0.364878504893434,25,0.801359999999913,0.70299999999952,0.364878504893434,25,0.0157599999998638,0.0159999999996217,0.000435889894609792,25,0.78560000000005,0.688000000000102,0.364948854864129,25,0,0,0,25
"pretrain","oracle_Z","mixture_fastica_start","ifeval_min30","balanced_moderate_dense_signed_cross","Cross",100,2000,10,"2-2-2-2-2-2-2-2-2-2",1.35873093156665,1.35199761151221,0.092107980709956,25,0.581019736017126,0.581019736017126,0,25,0.199145641630888,0.202745967897124,0.0344989031394392,25,0.399905374117562,0.400106906913117,0.00328018036493886,25,0.0907579858114854,0.0916331428496333,0.0213514621461798,25,0.0877531147154772,0.0852384564057478,0.00706788459166713,25,0.0462331238555624,0.0461953093370355,0.0111905740446103,25,0.675101441617915,0.676533950091884,0.0190971617596627,25,0.206244290737961,0.206664677267766,0.00540872997242324,25,0.705913007744794,0.70721405377596,0.0194638324472197,25,0.106923556829504,0.107012079275146,0.00110763072969116,25,0.110656661669867,0.111623237515188,0.00485841071473747,25,1.1738283327432,1.17302442985708,0.0116037846921084,25,0.941228680663329,0.941343625777153,0.00155862558502764,25,0.475799999998708,0.465999999993073,0.0295578528760441,25,0.475799999998708,0.465999999993073,0.0295578528760441,25,0.0205999999988126,0.0209999999933643,0.000577350269097209,25,0.455199999999895,0.445999999996275,0.0293513202422971,25,0,0,0,25
"pretrain","oracle_Z","mixture_fastica_start","ifeval_min30","balanced_moderate_dense_signed_cross","Cross",100,2000,10,"3-3-3-3-3-3-3-3-3-3",1.40802776945582,1.40160821346305,0.0773659566604402,25,0.581019736017126,0.581019736017126,0,25,0.217143464983284,0.219606671888767,0.0395625978497372,25,0.380222877537112,0.379305072040201,0.00510076971598158,25,0.301783529762118,0.298221584523779,0.0259385638170174,25,0.26983388699727,0.271319016848802,0.0102296932818772,25,0.155788442256878,0.15840592232651,0.013757613902184,25,0.727830200978402,0.727983399930861,0.0167744918797643,25,0.226827083911731,0.227137685983202,0.00730522983479181,25,0.762367351716682,0.761361394564226,0.0178158535143456,25,0.113423062124458,0.113596267811647,0.000759451813948921,25,0.117578216644534,0.117905142436345,0.0073559344247366,25,1.2080844291291,1.20772097101144,0.0110488870631955,25,0.940884544943493,0.940566682536772,0.0013408495158207,25,2.52196000000287,2.8410000000149,0.961515491294521,25,2.52196000000287,2.8410000000149,0.961515491294521,25,0.0206800000026124,0.0209999999933643,0.000556776437071613,25,2.50128000000026,2.82100000001083,0.961356529424344,25,0,0,0,25
"pretrain","oracle_Z","mixture_fastica_start","ifeval_min30","balanced_moderate_dense_signed_cross","Cross",100,2000,5,"2-2-2-2-2",1.41217890178601,1.41675254867336,0.143649063812026,25,0.74785852175892,0.74785852175892,0,25,0.195933220011297,0.20097754043449,0.0389827940824222,25,0.392950412368866,0.393229345275033,0.0034857112310034,25,0.0962476456649478,0.0914173004663129,0.0304144187942177,25,0.0763804487000908,0.0779452761835058,0.00914907310187179,25,0.0491337595988112,0.0475431940495068,0.015775565053536,25,0.446503714712485,0.446255264832729,0.0115130656696508,25,0.194235214594827,0.192855436214645,0.00681004326167628,25,0.486939408592781,0.486010506509997,0.012693029402038,25,0.0753703767623475,0.0754114683580281,0.000425925605934574,25,0.0821988202063303,0.0813670709491905,0.00543384837195176,25,1.08313655886201,1.08437956998834,0.00518655045513337,25,0.968571574259923,0.968650764849346,0.00161139684450106,25,0.285920000000042,0.266000000000076,0.087929384546163,25,0.285920000000042,0.266000000000076,0.087929384546163,25,0.0201999999999862,0.0199999999999818,0.000408248290472774,25,0.265720000000056,0.246000000000095,0.0879486213649739,25,0,0,0,25
"pretrain","oracle_Z","mixture_fastica_start","ifeval_min30","balanced_moderate_dense_signed_cross","Cross",100,2000,5,"3-3-3-3-3",1.4166523734137,1.40975928718872,0.119488912422842,25,0.74785852175892,0.74785852175892,0,25,0.188596508658683,0.173413925866798,0.0492003463625132,25,0.370053328282903,0.370671189683579,0.00912938157491318,25,0.281582438824562,0.284495992416978,0.0340021718954444,25,0.257924680310128,0.259628525682385,0.010078754595808,25,0.14332384793983,0.141280624759925,0.029269330320578,25,0.462895524876611,0.464977721079788,0.0110307371029252,25,0.191445911656813,0.191719296411093,0.00634790490461084,25,0.500939680725181,0.502291559135607,0.0120214414025429,25,0.0803320508040958,0.0806312209340233,0.000858208479992697,25,0.089837753273104,0.0890101303876053,0.00498346518343329,25,1.08939703074316,1.08971740047142,0.00577547805583582,25,0.968596872394498,0.968419231433043,0.0021456002576486,25,0.808160000000498,0.726000000002387,0.435304173347124,25,0.808160000000498,0.726000000002387,0.435304173347124,25,0.0204000000001542,0.0200000000004366,0.000500000000405028,25,0.787760000000344,0.705000000001746,0.435290159931477,25,0,0,0,25
"pretrain","oracle_Z","mixture_fastica_start","ifeval_min30","balanced_moderate_dense_signed_cross","Cross",100,500,10,"2-2-2-2-2-2-2-2-2-2",1.3865644484476,1.40319514996984,0.055165143720963,25,0.568776528188644,0.568776528188644,0,25,0.208656345665887,0.207428891727862,0.0451545196085339,25,0.396425698017117,0.39649660185375,0.00286451769534634,25,0.0945725645315541,0.0916275274615833,0.0234339338771087,25,0.0897355160027063,0.0882954591547879,0.00779348260081669,25,0.0483931925662138,0.0468086430940114,0.0121039778659052,25,0.854420550689656,0.854914031162503,0.0393628340398076,25,0.244549640742141,0.242902461724103,0.016819520874257,25,0.888771290409641,0.89074835843117,0.0418782137840008,25,0.11915084276594,0.11935228644037,0.00171741844426643,25,0.175516258314862,0.171817533955644,0.00801471177634573,25,1.28435205455881,1.28530869012648,0.0280630869203857,25,0.93397555669652,0.93414574717499,0.00253686344532406,25,0.460280000000348,0.440999999998894,0.0596926293604685,25,0.460280000000348,0.440999999998894,0.0596926293604685,25,0.00644000000014785,0.00600000000122236,0.000506622804779416,25,0.4538400000002,0.434000000001106,0.0597597132967679,25,0,0,0,25
"pretrain","oracle_Z","mixture_fastica_start","ifeval_min30","balanced_moderate_dense_signed_cross","Cross",100,500,10,"3-3-3-3-3-3-3-3-3-3",1.40203787643899,1.40147701317185,0.0883078026073151,25,0.568776528188644,0.568776528188644,0,25,0.203327844973693,0.202216446051044,0.0437846369475795,25,0.380395940878788,0.381367309857565,0.00464002683937592,25,0.29955323914926,0.296919264341755,0.0206607042560877,25,0.265925983310637,0.266090795571563,0.00915392054248362,25,0.151358040053312,0.153357601211673,0.0178698360700625,25,0.885330288449517,0.884065278506534,0.0147583973960836,25,0.253732281581533,0.254426143732982,0.00752403232694635,25,0.921003839793171,0.920050402930218,0.0146188359809929,25,0.123577654319859,0.123783348739983,0.00092669619190779,25,0.182638440786768,0.182644023038658,0.00589525507570821,25,1.30588643228382,1.30592316478963,0.0100927058520951,25,0.934022478731268,0.93397981054711,0.00314935274098584,25,2.04351999999955,1.82200000000739,1.01003890684168,25,2.04351999999955,1.82200000000739,1.01003890684168,25,0.00711999999912223,0.00699999999778811,0.0014809906599331,25,2.03640000000043,1.81500000000233,1.00956422116919,25,0,0,0,25
"pretrain","oracle_Z","mixture_fastica_start","ifeval_min30","balanced_moderate_dense_signed_cross","Cross",100,500,5,"2-2-2-2-2",1.44766768319881,1.42083772992939,0.104797845877839,25,0.745843276530558,0.745843276530558,0,25,0.191552477988728,0.186710501315054,0.0454697438585487,25,0.394481897172128,0.394522277101973,0.00399085680554317,25,0.0918544746615861,0.0903508482280232,0.0293982396186037,25,0.0774375003889668,0.0776195991133007,0.0100293152903188,25,0.0467613147290746,0.0463733496695709,0.0152562167010894,25,0.525333635961724,0.530411093388952,0.0196190402721793,25,0.206110644591301,0.207225753029624,0.00835364028915614,25,0.564350303363665,0.571037828762994,0.0204701109684126,25,0.0817281547187452,0.0816323432177843,0.0012194736660369,25,0.133480151554653,0.131800211783067,0.00524576942490392,25,1.11630006322615,1.11738305811167,0.0105124819807542,25,0.964967631408917,0.965515107950592,0.00300269178821969,25,0.219400000000004,0.215000000000032,0.0192115416698723,25,0.219400000000004,0.215000000000032,0.0192115416698723,25,0.00644000000000176,0.00600000000002865,0.000506622805113774,25,0.212960000000003,0.209000000000003,0.0192969773107939,25,0,0,0,25
"pretrain","oracle_Z","mixture_fastica_start","ifeval_min30","balanced_moderate_dense_signed_cross","Cross",100,500,5,"3-3-3-3-3",1.39582646704153,1.41121282779259,0.146897878446599,25,0.745843276530558,0.745843276530558,0,25,0.199561114754054,0.190582783572548,0.0486527399352484,25,0.372576030221793,0.37305541270057,0.0065236978427197,25,0.283230795501733,0.281476963792329,0.0287436014851318,25,0.261216396984884,0.263574290786552,0.0129196187011008,25,0.144454412705307,0.14719084246758,0.0354660987780484,25,0.538826066951769,0.534434384138134,0.0178657495883127,25,0.202170007958517,0.201998831101194,0.00889176886173933,25,0.575553276097171,0.574237686522718,0.0184556771369811,25,0.0864986156498831,0.0864851581061519,0.00141460833346008,25,0.142820293583676,0.143919927385746,0.00771189400414731,25,1.12121107528962,1.11894806006531,0.0110422989921015,25,0.964481524385647,0.96516421180578,0.00377038109697618,25,0.734840000000186,0.561999999999898,0.36693865063982,25,0.734840000000186,0.561999999999898,0.36693865063982,25,0.00636000000027707,0.00600000000122236,0.000489897948198505,25,0.728479999999909,0.555999999998676,0.366850346417616,25,0,0,0,25
"pretrain","oracle_Z","mixture_fastica_start","ifeval_min30","balanced_moderate_dense_signed_cross","Cross",200,1000,10,"2-2-2-2-2-2-2-2-2-2",1.43068984313582,1.41333846339234,0.078327413763697,25,0.579328975000393,0.579328975000393,0,25,0.144156736235086,0.139174489092405,0.0249837788202873,25,0.39907207877277,0.398947073882904,0.00130494095376599,25,0.0666574841960963,0.069718918587884,0.0147767914042795,25,0.0475420499156701,0.0469808891356994,0.00354406569484362,25,0.0343056043441874,0.0358270011965383,0.00762649676295007,25,0.477415870907442,0.477773387672505,0.00616699671147309,25,0.143267741923386,0.142128070862994,0.0047795579641367,25,0.498467421951155,0.498572857137149,0.00647349607435726,25,0.0812955764097527,0.0814593096097521,0.000682481194004195,25,0.118644543416647,0.119121208859651,0.00277621395488054,25,1.08607279585171,1.0855342513809,0.0031106145058977,25,0.966687027734447,0.966496633719268,0.00126167632551014,25,0.930959999998449,0.932999999997264,0.0180103673851902,25,0.930959999998449,0.932999999997264,0.0180103673851902,25,0.0741199999989476,0.0740000000005239,0.00101324560959474,25,0.856839999999502,0.859999999993306,0.0179040963662237,25,0,0,0,25
"pretrain","oracle_Z","mixture_fastica_start","ifeval_min30","balanced_moderate_dense_signed_cross","Cross",200,1000,10,"3-3-3-3-3-3-3-3-3-3",1.37446930801594,1.41058572948856,0.0892699273121148,25,0.579328975000393,0.579328975000393,0,25,0.14023238249296,0.136945933064897,0.0272710467848889,25,0.381066577699297,0.381385748640656,0.0032632318176801,25,0.165004784474262,0.168341032664575,0.0283291100060582,25,0.176114370246223,0.178016834451005,0.0183343219005146,25,0.0687907395653493,0.0689259844548945,0.0221902398261998,25,0.480853763005814,0.48121765880928,0.00722370526282596,25,0.138735663897723,0.139053635071702,0.00421802950720687,25,0.500476929351128,0.501307234635295,0.0077690467750583,25,0.0847506955229611,0.0847191697505069,0.00061386334964634,25,0.124425523214205,0.124525858059656,0.00350163968832714,25,1.08720123363732,1.08676009859591,0.00385736839002602,25,0.967066162338944,0.967075138624574,0.00153210109750799,25,1.75211999999767,1.45799999999872,0.737730603494763,25,1.75211999999767,1.45799999999872,0.737730603494763,25,0.0491199999983655,0.0489999999990687,0.000525991123316251,25,1.7029999999993,1.40899999999965,0.737721096800736,25,0,0,0,25
"pretrain","oracle_Z","mixture_fastica_start","ifeval_min30","balanced_moderate_dense_signed_cross","Cross",200,1000,5,"2-2-2-2-2",1.42957915639276,1.41706752118587,0.14066362934638,25,0.745360614325595,0.745360614325595,0,25,0.13696686426672,0.138977439960704,0.0306046671802125,25,0.394406453166589,0.394515871099573,0.00232755520265152,25,0.064588664197855,0.0692694833126314,0.0170298943080422,25,0.0404754855733935,0.0387070431236914,0.00502897286665708,25,0.0332641982440985,0.0354989932133573,0.00887493630288627,25,0.335260854770584,0.336082531459926,0.006882152435247,25,0.145243296672191,0.145128482625984,0.00666718620930746,25,0.365395477233186,0.365693006928846,0.00852349483100866,25,0.0564509873594525,0.056576290404047,0.000511729487035264,25,0.0937992239095577,0.0932598714623351,0.00321209283000866,25,1.04737564518091,1.04755297619953,0.00306367386162816,25,0.982136723978484,0.982105380271351,0.00169371038977401,25,0.394679999999971,0.391999999999825,0.0159679888109424,25,0.394679999999971,0.391999999999825,0.0159679888109424,25,0.0496000000000095,0.0489999999999782,0.00261406452362834,25,0.345079999999962,0.342000000000098,0.0159214739686236,25,0,0,0,25
"pretrain","oracle_Z","mixture_fastica_start","ifeval_min30","balanced_moderate_dense_signed_cross","Cross",200,1000,5,"3-3-3-3-3",1.45028106336811,1.42024328090512,0.146026698441783,25,0.745360614325595,0.745360614325595,0,25,0.146034550437728,0.132678106785434,0.0508087813292737,25,0.371130481440132,0.371989242594736,0.00414296459107725,25,0.138950211339966,0.136464934959685,0.030950618539273,25,0.148931450307362,0.14867004155325,0.0248437858525792,25,0.050776737946447,0.0449532235599261,0.0203831676516984,25,0.33605467024537,0.337555766011098,0.008542579840951,25,0.132253882933741,0.132302215012105,0.00467124784096651,25,0.361157803935316,0.363140873930871,0.009121630602636,25,0.0599092081280784,0.0598554287517175,0.000653030553205807,25,0.10237520278369,0.103495892240066,0.00488301163052143,25,1.04628367211038,1.04587585224498,0.00343261183294369,25,0.982642083802302,0.982559100415882,0.00116142369522782,25,0.66256000000023,0.611999999997352,0.125321280448453,25,0.66256000000023,0.611999999997352,0.125321280448453,25,0.0491200000002573,0.0489999999990687,0.000665832811992693,25,0.613439999999973,0.562999999998283,0.125302992781277,25,0,0,0,25
"pretrain","oracle_Z","mixture_fastica_start","ifeval_min30","balanced_moderate_dense_signed_cross","Cross",200,1500,10,"2-2-2-2-2-2-2-2-2-2",1.4167626861508,1.41250321030448,0.0875181551232772,25,0.583088680632177,0.583088680632177,0,25,0.155821590107232,0.157770624521192,0.0402605363483401,25,0.400240604663574,0.400306907060867,0.00200079557132865,25,0.0703470859554736,0.0680580112879186,0.0163371529423835,25,0.0480751805945329,0.0471114736844643,0.00464557699259206,25,0.0360655002988307,0.0349301250034723,0.00842843842985157,25,0.464946755867752,0.465258589973469,0.00453155341364339,25,0.147155258826455,0.146909217762157,0.00500977967158021,25,0.487692876509771,0.487901500107951,0.00555481658521289,25,0.0784236466968463,0.0785302793823697,0.000382550273355482,25,0.10347037074815,0.103884724673412,0.00246383349066706,25,1.08356648127036,1.0836653054979,0.00293496314661062,25,0.969048525702234,0.968980283435029,0.00140760294086756,25,0.923200000000943,0.964999999996508,0.141034570231517,25,0.923200000000943,0.964999999996508,0.141034570231517,25,0.0896400000006543,0.101000000002387,0.0181104941963117,25,0.833560000000289,0.863999999994121,0.135397587374678,25,0,0,0,25
"pretrain","oracle_Z","mixture_fastica_start","ifeval_min30","balanced_moderate_dense_signed_cross","Cross",200,1500,10,"3-3-3-3-3-3-3-3-3-3",1.40635407275548,1.4112481251696,0.0652574199541092,25,0.583088680632177,0.583088680632177,0,25,0.15000804502579,0.154334495225007,0.0278241039753208,25,0.382773258839892,0.382397936226411,0.00276062967822593,25,0.149168940061833,0.143112821054097,0.0204732993207784,25,0.164741307411234,0.164512673213526,0.016343085662957,25,0.0628114054753604,0.0617782267203525,0.0154059767708122,25,0.457942732310861,0.457502411464811,0.00601121194361826,25,0.137061903289934,0.136937361092236,0.00385249805787367,25,0.47802278628564,0.477652769224237,0.0065083724455482,25,0.0820142488310611,0.0821334253134034,0.000742855101886603,25,0.107463468799123,0.107931518012311,0.0031454757572896,25,1.07887620733036,1.07922962422996,0.0029149152102458,25,0.968695661480643,0.968663905094252,0.00143611050504046,25,1.77979999999865,1.5690000000177,0.904948893583437,25,1.77979999999865,1.5690000000177,0.904948893583437,25,0.0673200000001816,0.0670000000100117,0.00047609522795333,25,1.71247999999847,1.50200000000768,0.905084670073163,25,0,0,0,25
"pretrain","oracle_Z","mixture_fastica_start","ifeval_min30","balanced_moderate_dense_signed_cross","Cross",200,1500,5,"2-2-2-2-2",1.34832508056627,1.40156894805908,0.130062576047397,25,0.749289957829839,0.749289957829839,0,25,0.13351927560888,0.125558710175205,0.034716402678649,25,0.393892662990037,0.394244344147633,0.00284770798668065,25,0.0678154292224009,0.0630793317019333,0.0219364153592565,25,0.0410680185415825,0.0398609484338413,0.00563816862736716,25,0.0349258753668883,0.0327089168831776,0.0113158938432043,25,0.328137783511857,0.326037749221088,0.00506262769549908,25,0.149688695082623,0.150148980492349,0.00489461548001691,25,0.360683368438921,0.358408743612804,0.00614258501598168,25,0.0550322142324545,0.0549798548877617,0.000339478794647654,25,0.0800024484549216,0.0802573553474712,0.00152247119305303,25,1.04676529341325,1.04608265531562,0.00249565974904424,25,0.983128188103468,0.983285244574473,0.00103897717247065,25,0.431399999999812,0.416999999999462,0.0787813429689057,25,0.431399999999812,0.416999999999462,0.0787813429689057,25,0.0677199999998993,0.0679999999993015,0.000541602560282263,25,0.363679999999913,0.34900000000016,0.0787235246501313,25,0,0,0,25
"pretrain","oracle_Z","mixture_fastica_start","ifeval_min30","balanced_moderate_dense_signed_cross","Cross",200,1500,5,"3-3-3-3-3",1.37605600150966,1.40711141502044,0.143227314901642,25,0.749289957829839,0.749289957829839,0,25,0.128604939456577,0.126415016175408,0.0258887591865281,25,0.37085621102235,0.370940432074613,0.00536666567726928,25,0.141401930047763,0.142325919226115,0.0336434394853227,25,0.161028768049474,0.162493179215281,0.0274104815239469,25,0.0531405866937058,0.050311843876095,0.0238789972029791,25,0.324143717525566,0.324928582445848,0.004766747527186,25,0.132194522215007,0.131200453629485,0.00476391371013323,25,0.350080846070224,0.350077419165302,0.00573209306744453,25,0.0583018928716179,0.0582099984681781,0.000466571497715954,25,0.0878252909771692,0.0879560647576786,0.00304943883099546,25,1.04325760485898,1.04391022728799,0.0019909344300402,25,0.983323254677948,0.983173835449379,0.00123544038440374,25,0.727719999999972,0.621999999999389,0.178367719426206,25,0.727719999999972,0.621999999999389,0.178367719426206,25,0.0695200000000477,0.0670000000027358,0.00729223331127254,25,0.658199999999924,0.555000000000291,0.176458210350366,25,0,0,0,25
"pretrain","oracle_Z","mixture_fastica_start","ifeval_min30","balanced_moderate_dense_signed_cross","Cross",200,2000,10,"2-2-2-2-2-2-2-2-2-2",1.41218728383259,1.40962778237267,0.0461544693565218,25,0.581019736017126,0.581019736017126,0,25,0.148928904578557,0.146623708016962,0.0296666697453959,25,0.400556254779184,0.400498556155786,0.00173502431671116,25,0.069179525055389,0.0727923853772005,0.0160575303431336,25,0.0477541076603956,0.047227291246169,0.00431970049380562,25,0.0355539636385656,0.0374448783644888,0.00838938618367019,25,0.455628688004337,0.455557961900763,0.00414690936955543,25,0.148313998009729,0.148221217670104,0.00520129032582354,25,0.479179241649428,0.478999407155828,0.00502887264747545,25,0.0769285142032636,0.0769425424210155,0.000521747414849759,25,0.0937609240475146,0.0931299820949341,0.00283116946775192,25,1.08071385729468,1.08054670919781,0.00250564655865355,25,0.969919786640281,0.969961270045971,0.00110172054590404,25,1.05987999999983,1.05900000000111,0.0274989696775865,25,1.05987999999983,1.05900000000111,0.0274989696775865,25,0.131120000000228,0.131000000001222,0.0011298967495807,25,0.928759999999602,0.929000000003725,0.0273164785431695,25,0,0,0,25
"pretrain","oracle_Z","mixture_fastica_start","ifeval_min30","balanced_moderate_dense_signed_cross","Cross",200,2000,10,"3-3-3-3-3-3-3-3-3-3",1.40803484837311,1.41492418804704,0.0812371982313068,25,0.581019736017126,0.581019736017126,0,25,0.139756883341333,0.139342614537064,0.0225013200141047,25,0.382094577914807,0.382251918061203,0.00258065612732846,25,0.158565768269787,0.157804250612362,0.0324965505830121,25,0.170642879902197,0.169105796502552,0.0195973037581307,25,0.0627330021933064,0.0659886781221214,0.0172091822274323,25,0.446333087094823,0.446217397754384,0.00573857723401201,25,0.136211869686651,0.135382587426198,0.00439364413065083,25,0.466664428414891,0.466990845394236,0.00656341609890215,25,0.0807043362251635,0.0806974029384416,0.000467594429488628,25,0.0971434652551097,0.0973629962778711,0.00247516493706362,25,1.074849552421,1.07500438119922,0.00318676287051903,25,0.969549470647847,0.969586722165832,0.00125777166391651,25,1.64487999999896,1.43799999999464,0.804642794458118,25,1.64487999999896,1.43799999999464,0.804642794458118,25,0.0857599999988452,0.0859999999956926,0.000663324958498721,25,1.55912000000011,1.35199999999895,0.804645590723236,25,0,0,0,25
"pretrain","oracle_Z","mixture_fastica_start","ifeval_min30","balanced_moderate_dense_signed_cross","Cross",200,2000,5,"2-2-2-2-2",1.46262735982172,1.41747694889446,0.166355999463382,25,0.74785852175892,0.74785852175892,0,25,0.140508672872221,0.132283935567868,0.0347199659258645,25,0.393276355483885,0.393092826745459,0.00201142384312926,25,0.0685228187936016,0.0732229303493949,0.022953282602401,25,0.0407918541214879,0.0400003450088071,0.00457115237378221,25,0.0352242734803437,0.0378302466932179,0.0118619699501538,25,0.32207715662274,0.32184936166869,0.0055494230448415,25,0.146771093209021,0.146894958090161,0.00613320168459247,25,0.353964813031698,0.354576552178606,0.00721944163846447,25,0.0543190870943431,0.0543942871584395,0.000325936759614194,25,0.0728619637981633,0.0727380910537843,0.00298108795170187,25,1.04467486791416,1.04481337006443,0.00268032135791388,25,0.983316088985452,0.983378870838899,0.00108566330531876,25,0.448999999999833,0.444000000000415,0.0159190661367673,25,0.448999999999833,0.444000000000415,0.0159190661367673,25,0.0862399999998524,0.0860000000002401,0.000663324958027972,25,0.36275999999998,0.35700000000088,0.0156105733399028,25,0,0,0,25
"pretrain","oracle_Z","mixture_fastica_start","ifeval_min30","balanced_moderate_dense_signed_cross","Cross",200,2000,5,"3-3-3-3-3",1.40846740735339,1.41513362744177,0.0971004853461268,25,0.74785852175892,0.74785852175892,0,25,0.128008216251297,0.126571959085092,0.0275792564383606,25,0.372777233056957,0.372597559842961,0.00448711121319327,25,0.123772765541567,0.117341906391301,0.0352054895607232,25,0.140066849642674,0.144110512342405,0.0277861296573726,25,0.0427643419959909,0.0413771012945481,0.0184336844634684,25,0.32152926454841,0.322739535120725,0.00619076605899305,25,0.134237468111713,0.134599595504568,0.00415996434577905,25,0.348439664297244,0.349381695801941,0.00676786238055315,25,0.0575225145772212,0.0575277226157904,0.000473339502204418,25,0.0818674050245709,0.0820301184939109,0.00318778240286287,25,1.04329468219964,1.04369026237235,0.00256420434741499,25,0.983885557022566,0.983959208234624,0.00112973582370048,25,0.79403999999995,0.769000000000233,0.200782527460672,25,0.79403999999995,0.769000000000233,0.200782527460672,25,0.0859199999998964,0.0859999999993306,0.000640312423949488,25,0.708120000000054,0.684000000001106,0.200501729003695,25,0,0,0,25
"pretrain","oracle_Z","mixture_fastica_start","ifeval_min30","balanced_moderate_dense_signed_cross","Cross",200,500,10,"2-2-2-2-2-2-2-2-2-2",1.41643792308713,1.41432112160583,0.0814084139460956,25,0.568776528188644,0.568776528188644,0,25,0.143695669443999,0.142883402844581,0.0275280731788393,25,0.396920755559462,0.396867005661016,0.00150874423251435,25,0.0685906259535997,0.0710706196624874,0.0151939083718099,25,0.0508914382028713,0.0510880336770807,0.00358066802544673,25,0.0352235971644207,0.0367515213357777,0.00793233354189905,25,0.547741259848729,0.547612106153586,0.0121009383074014,25,0.14799565863596,0.147613816630541,0.00565841744579142,25,0.567408321600526,0.566709312484654,0.0121754395160561,25,0.0893350133988007,0.0893777912468292,0.000982606066039822,25,0.160314923531568,0.1601129444499,0.00462733060756108,25,1.11446347269683,1.11441253187196,0.0066436453481098,25,0.962095344320968,0.962705867614388,0.00220869185932046,25,0.723279999999795,0.644999999996799,0.131014795602636,25,0.723279999999795,0.644999999996799,0.131014795602636,25,0.0358800000004703,0.0310000000026776,0.00740675367487883,25,0.687399999999325,0.614999999997963,0.124710331034791,25,0,0,0,25
"pretrain","oracle_Z","mixture_fastica_start","ifeval_min30","balanced_moderate_dense_signed_cross","Cross",200,500,10,"3-3-3-3-3-3-3-3-3-3",1.41547517859384,1.40719665002039,0.0651644611877394,25,0.568776528188644,0.568776528188644,0,25,0.140675281399197,0.137797388092692,0.0228461565897123,25,0.378718091697476,0.378169936056765,0.00321639813455316,25,0.157500731720408,0.14971546047021,0.026595889071446,25,0.176767083944098,0.174203983785892,0.0157618512951836,25,0.0638599268630458,0.0607958560741995,0.0175202224041772,25,0.561182740295456,0.560743040254313,0.00933652237704964,25,0.149828792189295,0.146971421810647,0.00617905953562531,25,0.580862823294438,0.581303995278687,0.00986644453245827,25,0.0923113194428347,0.0924649032872406,0.000667988139824662,25,0.165090894760603,0.165022428076094,0.00334003302344022,25,1.12096457739496,1.12109964709345,0.00507816078001402,25,0.961770384763508,0.962085458648192,0.00209008864165936,25,1.38319999999949,1.29000000000815,0.51881395187975,25,1.38319999999949,1.29000000000815,0.51881395187975,25,0.0305199999990873,0.0309999999881256,0.000509901951605852,25,1.3526800000004,1.26000000000931,0.518766704149114,25,0,0,0,25
"pretrain","oracle_Z","mixture_fastica_start","ifeval_min30","balanced_moderate_dense_signed_cross","Cross",200,500,5,"2-2-2-2-2",1.383597415069,1.3981858716065,0.159338470529017,25,0.745843276530558,0.745843276530558,0,25,0.13384933304456,0.132763528375219,0.0377078739967945,25,0.395585082144771,0.395657822402031,0.0030833433910987,25,0.0628056112035115,0.0639649344071826,0.0247113080914522,25,0.0421098142936253,0.0409000782492795,0.00488450865952797,25,0.0322905069203426,0.0332626002531242,0.0127820457235097,25,0.369585499894833,0.367810771583144,0.00692299728350466,25,0.143410842953205,0.143570137560531,0.00533812889938127,25,0.396458185445706,0.395348115511206,0.00752671445260422,25,0.0606947903357819,0.0606064035964863,0.000668833811708873,25,0.124711689036372,0.125305485250259,0.00339230417304948,25,1.05552338990802,1.05570613112125,0.00349160041861882,25,0.97915076667911,0.978608674548938,0.00214291947616548,25,0.360920000000078,0.360999999999876,0.0139401099947202,25,0.360920000000078,0.360999999999876,0.0139401099947202,25,0.0302800000000389,0.0300000000002001,0.000458257569479786,25,0.330640000000039,0.330000000000382,0.0139190516918178,25,0,0,0,25
"pretrain","oracle_Z","mixture_fastica_start","ifeval_min30","balanced_moderate_dense_signed_cross","Cross",200,500,5,"3-3-3-3-3",1.41834142249891,1.41067498076665,0.127623474322414,25,0.745843276530558,0.745843276530558,0,25,0.138870635636461,0.131761556295804,0.0349166504610061,25,0.372293100473801,0.373339191347141,0.00603407379673349,25,0.142481600018185,0.137802629258065,0.0428795848308413,25,0.156229612282465,0.156154324052147,0.0282638512625808,25,0.0542612160627217,0.0458727485645873,0.023223788300732,25,0.373058602425778,0.372672064423604,0.0111296281495958,25,0.132419238041175,0.132903885592398,0.00595496003897472,25,0.395886785480482,0.397035616775657,0.0118227135805887,25,0.0641584975771859,0.064338342762086,0.000782494311150961,25,0.133957748406981,0.13341096933449,0.00532647574479285,25,1.05546110559649,1.05635622141917,0.00489978143508046,25,0.979376473955065,0.97861415950486,0.0021397295735232,25,0.655160000001051,0.578000000004977,0.159519768889775,25,0.655160000001051,0.578000000004977,0.159519768889775,25,0.0307200000005832,0.0309999999990396,0.000541602560721671,25,0.624440000000468,0.547000000002299,0.15955095319895,25,0,0,0,25
"pretrain","oracle_Z","mixture_fastica_start","ifeval_min30","balanced_moderate_dense_signed_cross","Cross",400,1000,10,"2-2-2-2-2-2-2-2-2-2",1.42508989059783,1.41784532066835,0.0642129702263528,25,0.579328975000393,0.579328975000393,0,25,0.0968216432779631,0.0964055353154306,0.016303022479555,25,0.399020150318461,0.398822177169094,0.00109809866704528,25,0.0444226305644719,0.0430633286650858,0.00836206116720061,25,0.0272437034477629,0.0265639195058151,0.001995159403889,25,0.0228831491708864,0.0222488995074019,0.00434711288026378,25,0.373787637061656,0.373543989333361,0.00405039460050186,25,0.11503267772852,0.114822619527891,0.00365545669295304,25,0.391097872908072,0.390727287085134,0.00464866803987961,25,0.0617872195477518,0.0617496803013858,0.000291514109202925,25,0.112789198004653,0.112696166599076,0.00204838049296225,25,1.05504854098444,1.0547886595608,0.00232570049251313,25,0.980717145758278,0.98073925208088,0.00116756281104168,25,1.73548000000097,1.73199999999633,0.0413502519138971,25,1.73548000000097,1.73199999999633,0.0413502519138971,25,0.338120000000345,0.3379999999961,0.00210792156713178,25,1.39736000000063,1.3949999999968,0.0415069070566914,25,0,0,0,25
"pretrain","oracle_Z","mixture_fastica_start","ifeval_min30","balanced_moderate_dense_signed_cross","Cross",400,1000,10,"3-3-3-3-3-3-3-3-3-3",1.41486992323138,1.41110635258372,0.0620533901261082,25,0.579328975000393,0.579328975000393,0,25,0.101003865436408,0.0966644079895804,0.0218122439528426,25,0.3821329145644,0.382098394625513,0.00235345104501594,25,0.0723938611916715,0.0740189510544095,0.00846035118121783,25,0.06713484827176,0.0664537692560048,0.00891963644736585,25,0.0278749053508076,0.0280782662073052,0.00426143473178101,25,0.355846858799256,0.355407844672722,0.00347092231471361,25,0.0987727964195939,0.0993029126350222,0.00361329603822007,25,0.369311443810228,0.369067148405112,0.00410903250782116,25,0.063876091942235,0.063775607361085,0.000373717266140756,25,0.117294428280285,0.11741625097186,0.00182272766125155,25,1.04742128469223,1.04750084409458,0.00157717611351409,25,0.981032847132245,0.981115677460903,0.000998630784464769,25,1.68364000000292,1.53900000000431,0.283368705634148,25,1.68364000000292,1.53900000000431,0.283368705634148,25,0.221240000001853,0.221000000005006,0.00252124308180053,25,1.46240000000107,1.3179999999993,0.283596250562427,25,0,0,0,25
"pretrain","oracle_Z","mixture_fastica_start","ifeval_min30","balanced_moderate_dense_signed_cross","Cross",400,1000,5,"2-2-2-2-2",1.41919628902946,1.41490214513142,0.135028237857869,25,0.745360614325595,0.745360614325595,0,25,0.0956665408638117,0.0899849739443957,0.0180409903460085,25,0.39431681236421,0.394190081083386,0.00177728026646575,25,0.0499979207820174,0.0516613919398243,0.0121752347570364,25,0.0223014630642812,0.0217576713929416,0.00284658509455154,25,0.0258174268203478,0.0267949351377335,0.00627371616412171,25,0.269856103529542,0.269923459566244,0.0045339104037767,25,0.119136203968365,0.118347229289804,0.00518754816009128,25,0.295005437279263,0.294517547874615,0.00587296093104669,25,0.0427488371521049,0.0427772448304025,0.000364403361407112,25,0.0906464519370307,0.0901622025793488,0.00225546684660648,25,1.03322503362489,1.03359864139876,0.00182332459995664,25,0.990492227798308,0.990634968277203,0.000993218348649724,25,0.776839999999684,0.774999999999636,0.0192195213261102,25,0.776839999999684,0.774999999999636,0.0192195213261102,25,0.22359999999986,0.222999999999956,0.00294392028863682,25,0.553239999999823,0.554999999999382,0.0182694645060269,25,0,0,0,25
"pretrain","oracle_Z","mixture_fastica_start","ifeval_min30","balanced_moderate_dense_signed_cross","Cross",400,1000,5,"3-3-3-3-3",1.43033096408154,1.41383518444821,0.127435716836071,25,0.745360614325595,0.745360614325595,0,25,0.0925865572167642,0.0870860903363683,0.0186400929352441,25,0.371202050308812,0.372472655831008,0.00428342042205114,25,0.0625453020117854,0.0642920145654485,0.0115043656771906,25,0.0595247173098134,0.0588469388988103,0.0111452967583336,25,0.0253076235022675,0.0256916889463516,0.00553663753240021,25,0.261980700235312,0.261734150361177,0.00619050647129448,25,0.10045825303451,0.0995921357966598,0.00451433524035553,25,0.280595713790106,0.28036596529344,0.00708187463875595,25,0.0448775938363101,0.0447802635543784,0.000381569982860775,25,0.0980178795546135,0.0975825717749586,0.00223364921011204,25,1.02910746765084,1.02904591423245,0.00237948625603939,25,0.990422632628867,0.99069734338632,0.00123923692950125,25,1.03352000000086,1.00099999999657,0.0915869896146083,25,1.03352000000086,1.00099999999657,0.0915869896146083,25,0.221920000000537,0.221999999997934,0.00160519988360768,25,0.811600000000326,0.778999999998632,0.0917224072952642,25,0,0,0,25
"pretrain","oracle_Z","mixture_fastica_start","ifeval_min30","balanced_moderate_dense_signed_cross","Cross",400,1500,10,"2-2-2-2-2-2-2-2-2-2",1.42189520910169,1.41325188929306,0.084307794991328,25,0.583088680632177,0.583088680632177,0,25,0.108460576360849,0.107103609927325,0.0185415715857046,25,0.400297808091569,0.400232811496323,0.00097371238170938,25,0.0510758030723034,0.0514406621724514,0.00804097244441135,25,0.0269600989025246,0.0262203386620893,0.00231109098391832,25,0.0263656389682331,0.0265873238993665,0.00420167839425388,25,0.369930115386441,0.370588682545385,0.00502512119949864,25,0.123708291706005,0.123117484625031,0.00476014691433559,25,0.390080507488229,0.39050465637572,0.00605734681471504,25,0.0588013375985239,0.058742684260549,0.00029220880405372,25,0.0967825072834364,0.096915366635041,0.00169998529602822,25,1.05695519557369,1.05700045724264,0.00243289256825064,25,0.982983663365601,0.982868438329152,0.000795533014281645,25,1.87123999999923,1.87099999999919,0.0440475879013565,25,1.87123999999923,1.87099999999919,0.0440475879013565,25,0.442879999999423,0.442999999999302,0.00083266640015998,25,1.42835999999981,1.42799999999988,0.0443169267884314,25,0,0,0,25
"pretrain","oracle_Z","mixture_fastica_start","ifeval_min30","balanced_moderate_dense_signed_cross","Cross",400,1500,10,"3-3-3-3-3-3-3-3-3-3",1.4057910659094,1.41055418065472,0.0698946127276973,25,0.583088680632177,0.583088680632177,0,25,0.109584381929329,0.107374968028182,0.0234747897698599,25,0.382440096450671,0.382832952271359,0.00256031005767595,25,0.0684326232909453,0.0684669624406362,0.00967948390712477,25,0.0652168163497333,0.0643154731800337,0.00925341258582176,25,0.025554658973147,0.026030298780371,0.0037100377525672,25,0.33951281009611,0.341260242318077,0.00448549131429102,25,0.102565373693514,0.102649382009665,0.00394623954513604,25,0.354678321505868,0.356507018532372,0.0052198634391343,25,0.0607884359509293,0.0608140323091907,0.000303107513212817,25,0.0995666597678602,0.0995890301392369,0.00190110549720778,25,1.04425029617818,1.04430476994798,0.00189283162053409,25,0.982826051429936,0.98284477891181,0.000819848294870716,25,1.81823999999964,1.66800000000512,0.26948334519039,25,1.81823999999964,1.66800000000512,0.26948334519039,25,0.287639999999665,0.288000000000466,0.0031342197334743,25,1.53059999999998,1.38199999999779,0.270061875628447,25,0,0,0,25
"pretrain","oracle_Z","mixture_fastica_start","ifeval_min30","balanced_moderate_dense_signed_cross","Cross",400,1500,5,"2-2-2-2-2",1.38411392968946,1.41069561435162,0.144170401502391,25,0.749289957829839,0.749289957829839,0,25,0.0933130776294304,0.0882993497452007,0.0227142692103145,25,0.394083687836025,0.394247545485846,0.00175603670688688,25,0.0431668409840558,0.045028789997281,0.013725898280991,25,0.0221232968102421,0.0214194628038835,0.00289630192378712,25,0.0222392235828986,0.0232487084194413,0.00714476573526636,25,0.267146631868995,0.267416371457281,0.00523640850761321,25,0.125312023845726,0.124725964844709,0.0062361772907093,25,0.295103275737952,0.294291367355259,0.00708139978509339,25,0.0411351934202791,0.0410995527982,0.000351297133885423,25,0.0772139902070006,0.0772841425978461,0.00193854549910105,25,1.03361568899083,1.03329560743114,0.00217072768661879,25,0.990819129081594,0.990514416071831,0.0010954356980225,25,0.862360000000262,0.852999999999156,0.024943068509679,25,0.862360000000262,0.852999999999156,0.024943068509679,25,0.290200000000259,0.289000000000669,0.00402077936081711,25,0.572160000000003,0.566999999999098,0.023945563263586,25,0,0,0,25
"pretrain","oracle_Z","mixture_fastica_start","ifeval_min30","balanced_moderate_dense_signed_cross","Cross",400,1500,5,"3-3-3-3-3",1.41576439719274,1.41008842811717,0.127296297751027,25,0.749289957829839,0.749289957829839,0,25,0.104232155503513,0.102373216771322,0.0322733884741369,25,0.372029001244476,0.371682095871977,0.00363208737635434,25,0.0665366283117968,0.0651669233658991,0.0161790297479458,25,0.0562093864893992,0.0561803218362107,0.0104702567505527,25,0.0267404275422492,0.0264048310796602,0.00650895554399384,25,0.253232009153933,0.253868402499052,0.00530400112327656,25,0.102955732204962,0.103424962047921,0.00446084497134412,25,0.273378077714934,0.274708434923887,0.00619729292615456,25,0.0431142338948296,0.0432292492680873,0.000317904756016264,25,0.0844162233288147,0.0844651824927359,0.00248981640999401,25,1.02755684965942,1.02734543700173,0.00172074286217926,25,0.990777906071384,0.99052702770292,0.00107939007086992,25,1.11072,1.10100000000239,0.05748225813279,25,1.11072,1.10100000000239,0.05748225813279,25,0.289719999999797,0.290000000000873,0.00164620776310201,25,0.821000000000204,0.811000000001513,0.0573795840583092,25,0,0,0,25
"pretrain","oracle_Z","mixture_fastica_start","ifeval_min30","balanced_moderate_dense_signed_cross","Cross",400,2000,10,"2-2-2-2-2-2-2-2-2-2",1.40580537202069,1.41286629448799,0.0563474223266148,25,0.581019736017126,0.581019736017126,0,25,0.110743828057436,0.108337427671151,0.0186456320807478,25,0.400370946354902,0.400711640100698,0.00134255658712826,25,0.0489545717658425,0.0466879307736886,0.00847511145843581,25,0.0257138983998564,0.0253208565463927,0.00190634491611496,25,0.0252591894802129,0.0241516282053327,0.00439576148156151,25,0.363413340438399,0.363457530622264,0.0054659582268603,25,0.126660161168092,0.126537051417723,0.00585956437434186,25,0.384877276122635,0.385757060085291,0.00670645727223009,25,0.0570227534750697,0.057052478371128,0.000264212083739319,25,0.0866384572659507,0.0867635643143384,0.00132882284441651,25,1.05578224283527,1.05594632691264,0.00230583900451669,25,0.983671019789892,0.983550355656135,0.0008716919077792,25,2.03160000000033,2.03500000000349,0.0418001196150937,25,2.03160000000033,2.03500000000349,0.0418001196150937,25,0.547720000000263,0.547999999995227,0.000936304793351898,25,1.48388000000006,1.48700000000099,0.0418163843485254,25,0,0,0,25
"pretrain","oracle_Z","mixture_fastica_start","ifeval_min30","balanced_moderate_dense_signed_cross","Cross",400,2000,10,"3-3-3-3-3-3-3-3-3-3",1.41135922425679,1.41447440633464,0.0548486020892686,25,0.581019736017126,0.581019736017126,0,25,0.0985450274803273,0.095038032882336,0.0156824134951597,25,0.382463581328669,0.382420137109887,0.00200995789896339,25,0.0689063095706179,0.068107540190383,0.00841736846249823,25,0.0636246692020656,0.0639921195058477,0.0108894459879046,25,0.0263512011626877,0.0253473447374026,0.0039645412466285,25,0.332376404775067,0.331274222719038,0.00384123015994543,25,0.103841666130717,0.104030524061958,0.00350837716915545,25,0.348229357630649,0.347838900552256,0.00450251888649534,25,0.0591850549719034,0.0591789658181724,0.000270637118906268,25,0.0906984076587249,0.0907607671265127,0.001327174588889,25,1.043010228525,1.04277478304154,0.00151569948386731,25,0.983757676443606,0.983594039461409,0.000905794832759573,25,1.86835999999836,1.70699999999488,0.274864797066249,25,1.86835999999836,1.70699999999488,0.274864797066249,25,0.353239999998477,0.350999999995111,0.00529370695628801,25,1.51511999999988,1.34900000000198,0.274392863123087,25,0,0,0,25
"pretrain","oracle_Z","mixture_fastica_start","ifeval_min30","balanced_moderate_dense_signed_cross","Cross",400,2000,5,"2-2-2-2-2",1.41189422051651,1.41536955064724,0.142685541830088,25,0.74785852175892,0.74785852175892,0,25,0.100488610224944,0.096878877350659,0.0314014199664262,25,0.393453871361616,0.393485105244482,0.00168896188057666,25,0.0492972689762445,0.0454299707311413,0.0215743086363349,25,0.0217424770803556,0.0210862711410703,0.00336880448495533,25,0.0253928515227761,0.0235305403695036,0.0111432680804327,25,0.264724401331166,0.263806937776448,0.00613992166387148,25,0.126862567204886,0.127147781684889,0.00521157246185584,25,0.293568296226644,0.292119567765878,0.00743302239761958,25,0.0402585122654861,0.0402220849025039,0.000285507470632826,25,0.0696912259847318,0.069999871040639,0.00183226893625898,25,1.03371549743193,1.03317316631718,0.00213031038596877,25,0.991332963776435,0.991239334905952,0.000742670815348128,25,0.948159999999989,0.94800000000032,0.0225696699137027,25,0.948159999999989,0.94800000000032,0.0225696699137027,25,0.356279999999897,0.358000000000175,0.00366878726573204,25,0.591880000000092,0.595999999999549,0.0235200623584655,25,0,0,0,25
"pretrain","oracle_Z","mixture_fastica_start","ifeval_min30","balanced_moderate_dense_signed_cross","Cross",400,2000,5,"3-3-3-3-3",1.29907166358753,1.27286012795009,0.130766227258236,25,0.74785852175892,0.74785852175892,0,25,0.0935219515966921,0.0875450214762231,0.0265933830381655,25,0.371886352303819,0.372517561231441,0.00307965706284483,25,0.0690832931445357,0.0690272692604767,0.0130559019661397,25,0.0579797735555325,0.0557801224726584,0.0103803398471506,25,0.0288539732266606,0.029777248653421,0.00617650829974719,25,0.246248481522504,0.246310441505858,0.00465039292699246,25,0.101883809512771,0.10261180951703,0.00473222422493242,25,0.266510290524675,0.26731495636701,0.00587629718813006,25,0.0421195520408921,0.042107383497214,0.000270415629834921,25,0.0766563908709583,0.0773468719859061,0.0019022575380762,25,1.02625104778869,1.0258892966982,0.00174488189771159,25,0.991264060271144,0.991075618943469,0.000743621997230462,25,1.22907999999981,1.20599999999831,0.0759626662686908,25,1.22907999999981,1.20599999999831,0.0759626662686908,25,0.360600000000268,0.359000000000378,0.00490747728777724,25,0.868479999999545,0.846999999997934,0.0765136806938894,25,0,0,0,25
"pretrain","oracle_Z","mixture_fastica_start","ifeval_min30","balanced_moderate_dense_signed_cross","Cross",400,500,10,"2-2-2-2-2-2-2-2-2-2",1.42084350943423,1.41118211870089,0.0913088502656234,25,0.568776528188644,0.568776528188644,0,25,0.0976005579217708,0.0948902641636025,0.015814307106549,25,0.397477581323881,0.39753402867652,0.000983754478676892,25,0.0448472413250414,0.0426065337458844,0.00952259884303884,25,0.0286140401485455,0.029152614567929,0.00200053658284546,25,0.0230872801257495,0.0219431280365972,0.00501120461135035,25,0.415501811658297,0.416475214198968,0.00504215229320149,25,0.106834512891819,0.105925784403697,0.00395896198368866,25,0.429034455747161,0.429808518843734,0.00502672342371329,25,0.0702436015144573,0.0703370237988816,0.000634485264825927,25,0.152722208801097,0.152802553494732,0.00206153711202579,25,1.06461493644296,1.06448325058451,0.00240122645890467,25,0.975741260307204,0.975627850540419,0.00143313235629352,25,1.555640000001,1.54400000000169,0.0456680778353991,25,1.555640000001,1.54400000000169,0.0456680778353991,25,0.180679999999993,0.180000000000291,0.00162583311889054,25,1.37496000000101,1.3640000000014,0.0450550404127146,25,0,0,0,25
"pretrain","oracle_Z","mixture_fastica_start","ifeval_min30","balanced_moderate_dense_signed_cross","Cross",400,500,10,"3-3-3-3-3-3-3-3-3-3",1.37907890002854,1.40987150316099,0.0791718951462182,25,0.568776528188644,0.568776528188644,0,25,0.0977028281676083,0.0997883197058618,0.0196928017296129,25,0.380240073635733,0.379862304474049,0.00179199811319813,25,0.068021753408154,0.0661046127182628,0.0104523842520118,25,0.0658216963950261,0.0662401877472514,0.00876906055725972,25,0.0262848365830748,0.026273935136582,0.00467752688916603,25,0.412377153668363,0.413135232291916,0.00674595741105677,25,0.0974865644494804,0.0965787463734072,0.00342891058047639,25,0.42376054360173,0.424295428835461,0.00649707919501475,25,0.0718270363595019,0.0717912126595871,0.000683620134723602,25,0.15597580334983,0.157187377438177,0.00261270033497946,25,1.06327129891985,1.06353773099058,0.00284881790573724,25,0.976597687332767,0.976283758553027,0.00147922133596697,25,1.43703999999678,1.34900000000198,0.206678187854771,25,1.43703999999678,1.34900000000198,0.206678187854771,25,0.11907999999763,0.119000000006054,0.000909212113424321,25,1.31795999999915,1.22999999999593,0.206788837546297,25,0,0,0,25
"pretrain","oracle_Z","mixture_fastica_start","ifeval_min30","balanced_moderate_dense_signed_cross","Cross",400,500,5,"2-2-2-2-2",1.43042550732314,1.41467972938356,0.124512525248131,25,0.745843276530558,0.745843276530558,0,25,0.100061140378662,0.0994792521538118,0.0240176264097122,25,0.395966916845301,0.39624393413512,0.00140408048706949,25,0.0464687812336496,0.0467307105315685,0.0133178747629095,25,0.0243462330165453,0.0250946053863054,0.00282584396922971,25,0.0239762588990175,0.0241608152310108,0.00692608720154448,25,0.297156338511517,0.297124436168234,0.00501395973276135,25,0.11096515307836,0.110482269407159,0.00535344295091622,25,0.317222987490275,0.317048298512973,0.00615579849489077,25,0.047694214892247,0.0476916933343212,0.000572278642641266,25,0.122139853945229,0.122305506263709,0.00236658621822593,25,1.03673210865712,1.03758296749481,0.002020386043988,25,0.987443999414839,0.987484908755546,0.0012701561576553,25,0.657800000000025,0.656000000000859,0.0201080415091053,25,0.657800000000025,0.656000000000859,0.0201080415091053,25,0.120400000000009,0.119999999999891,0.00138443731045635,25,0.537400000000016,0.536000000000058,0.0200540935139219,25,0,0,0,25
"pretrain","oracle_Z","mixture_fastica_start","ifeval_min30","balanced_moderate_dense_signed_cross","Cross",400,500,5,"3-3-3-3-3",1.39415110008535,1.40796999293569,0.133309631868556,25,0.745843276530558,0.745843276530558,0,25,0.0918595142337658,0.0968643554313906,0.0223586232104429,25,0.371966705030726,0.372479597483392,0.00326089216248501,25,0.0671366610467262,0.0641528710269122,0.01327430976949,25,0.0639326949758958,0.0649076539152169,0.0120156859200362,25,0.0269513179594265,0.0260118533187379,0.00400295996991825,25,0.294069800319228,0.294751271090079,0.00537936392588459,25,0.0957555809731334,0.0953355883129375,0.00410586706573901,25,0.30928099623578,0.308842877566228,0.00607316392694649,25,0.0498540240893266,0.0499339950193724,0.000391706241716792,25,0.128374525154897,0.128437035943672,0.0035308237438121,25,1.0339110316878,1.03342273571739,0.00262983238705286,25,0.987075833664573,0.987039779679659,0.00195145122806224,25,0.946519999999873,0.904999999998836,0.114828175985276,25,0.946519999999873,0.904999999998836,0.114828175985276,25,0.118999999999651,0.118999999998778,0.000816496580908418,25,0.827520000000222,0.784999999999854,0.115157906082974,25,0,0,0,25
"pretrain","oracle_Z","mixture_identity_start","ifeval_min30","balanced_moderate_dense_signed_cross","Cross",100,1000,10,"2-2-2-2-2-2-2-2-2-2",1.44363678577839,1.41318420060743,0.142056768641192,25,0.579328975000393,0.579328975000393,0,25,0.211701337395916,0.212237442843474,0.0421025149038451,25,0.398003857611513,0.397750136641803,0.00185067449734949,25,0.101067714599805,0.0980263150546756,0.0318687145651694,25,0.0958474859603576,0.0914880232176367,0.0222220664746019,25,0.0515369445245086,0.0505197975464761,0.0170493503497486,25,0.730633134326008,0.728302930296749,0.0209821384318104,25,0.216451435944349,0.218383695520778,0.00840644105943583,25,0.762035978375825,0.760898809095317,0.0220711540462484,25,0.111642428722671,0.111792905319686,0.00110152143667897,25,0.134992971781253,0.134977299373385,0.00674829573879627,25,1.20524539629547,1.20577831813131,0.0145325089617227,25,0.938235119275692,0.938143556971844,0.00255350921300915,25,0.662760000000562,0.633999999998196,0.150961440993224,25,0.662760000000562,0.633999999998196,0.150961440993224,25,0.0112000000002445,0.011000000002241,0.000408248290101475,25,0.651560000000318,0.622999999999593,0.150945652470715,25,0,0,0,25
"pretrain","oracle_Z","mixture_identity_start","ifeval_min30","balanced_moderate_dense_signed_cross","Cross",100,1000,10,"3-3-3-3-3-3-3-3-3-3",1.40795362345644,1.40512935457424,0.117981919577542,25,0.579328975000393,0.579328975000393,0,25,0.203097541121224,0.207285293047473,0.024858839980851,25,0.38134955782987,0.380904461098906,0.00428216797197198,25,0.293603758478385,0.288914460180418,0.0235981805281981,25,0.268616334150615,0.267901613508408,0.00907798221713731,25,0.150107185505637,0.149387820943069,0.0210735115817305,25,0.791868092398129,0.796636593240753,0.0258162199674859,25,0.241796344404639,0.240934566680132,0.0101612409710246,25,0.827984475892296,0.831583147768896,0.0270261161749372,25,0.117337690630712,0.117288569361066,0.000977989452254384,25,0.145211045568691,0.145102583757395,0.00408584008073079,25,1.24813923395092,1.25003807387313,0.0171424347768522,25,0.938981508190446,0.938790560577362,0.00263345733413176,25,2.23348000000231,2.65499999999884,0.901168922382368,25,2.23348000000231,2.65499999999884,0.901168922382368,25,0.0110800000000745,0.010999999998603,0.000276887460620815,25,2.22240000000224,2.64400000000023,0.901171182406014,25,0,0,0,25
"pretrain","oracle_Z","mixture_identity_start","ifeval_min30","balanced_moderate_dense_signed_cross","Cross",100,1000,5,"2-2-2-2-2",1.23845706164274,1.26202407779483,0.462480254503646,25,0.745360614325595,0.745360614325595,0,25,0.190017443047775,0.19012563324523,0.040937025690167,25,0.393968240831697,0.394066790688658,0.00307513868728048,25,0.0917394349320159,0.0869541810185716,0.0257088653691349,25,0.0786627835699359,0.0782162861523265,0.00750161391832423,25,0.0471421572124222,0.0450232468339947,0.0131800875854893,25,0.469831082754465,0.469887436960456,0.014135998368833,25,0.196285173961517,0.196926492756193,0.00712395875169583,25,0.509203435797818,0.507892933102177,0.0151908332997186,25,0.0775588951736822,0.0776173482276625,0.000866102734672758,25,0.101791802334717,0.101890310073588,0.00522756868412735,25,1.09164124793847,1.09276309609495,0.00647327188760067,25,0.966921875728539,0.967253821492648,0.0024501674459429,25,0.308319999999994,0.306999999999903,0.0743234597328781,25,0.308319999999994,0.306999999999903,0.0743234597328781,25,0.0110399999999845,0.0109999999999673,0.000200000000015166,25,0.29728000000001,0.295999999999935,0.0742784849962012,25,0,0,0,25
"pretrain","oracle_Z","mixture_identity_start","ifeval_min30","balanced_moderate_dense_signed_cross","Cross",100,1000,5,"3-3-3-3-3",1.28827576145062,1.26234227324885,0.398432886834382,25,0.745360614325595,0.745360614325595,0,25,0.187307524618215,0.179196624305355,0.0455763759649866,25,0.370773718989902,0.370971369847331,0.00464500645083866,25,0.281741704958914,0.273550003483156,0.0302241182486576,25,0.265292386130102,0.265924736066689,0.0149570884842453,25,0.139374845060679,0.140000172561273,0.0354897914708833,25,0.493015197295838,0.494093523332423,0.0124549416297447,25,0.195644354509018,0.195245694527434,0.00731970119566081,25,0.530440132085411,0.53237662568462,0.0134752837727817,25,0.0827194504355938,0.0827230790286382,0.00077411343543112,25,0.113197584573343,0.112941008660348,0.00714384750234428,25,1.10123038137143,1.10076671224343,0.00652476582250248,25,0.96676614034703,0.96670716958512,0.0018773791482385,25,0.782119999999923,0.820999999998094,0.297838367798934,25,0.782119999999923,0.820999999998094,0.297838367798934,25,0.0114399999999296,0.011000000000422,0.00266270539098454,25,0.770679999999993,0.809999999999491,0.298052948315883,25,0,0,0,25
"pretrain","oracle_Z","mixture_identity_start","ifeval_min30","balanced_moderate_dense_signed_cross","Cross",100,1500,10,"2-2-2-2-2-2-2-2-2-2",1.43405419081868,1.48457118339792,0.135807695330427,25,0.583088680632177,0.583088680632177,0,25,0.203172310132765,0.203086126562004,0.0445329129260528,25,0.399808165791,0.399951158616657,0.00268511787829456,25,0.100909015450932,0.102916787167768,0.0323409704813863,25,0.0926238552002273,0.0879393004273287,0.0214010556932863,25,0.051936585683718,0.0528652216404448,0.0184586512491186,25,0.692752862298873,0.684684917473847,0.0250912927255322,25,0.208816585399054,0.205898239265521,0.00920727305878452,25,0.723553150471753,0.71522237237813,0.0263688969500321,25,0.108189223624205,0.107947424587048,0.00112284952764711,25,0.118572959846081,0.117785461492275,0.00469831597076129,25,1.18347086948309,1.18050497796954,0.0158687601219554,25,0.940123081449255,0.939963674915339,0.00157161712828616,25,0.824199999999546,0.768000000003667,0.255208738095684,25,0.824199999999546,0.768000000003667,0.255208738095684,25,0.0160399999993388,0.0159999999959837,0.000454606056685485,25,0.808160000000207,0.752000000000407,0.255197420311179,25,0,0,0,25
"pretrain","oracle_Z","mixture_identity_start","ifeval_min30","balanced_moderate_dense_signed_cross","Cross",100,1500,10,"3-3-3-3-3-3-3-3-3-3",1.41118262095356,1.41034069676382,0.165030522394235,25,0.583088680632177,0.583088680632177,0,25,0.213866181121025,0.210607632363169,0.0446066028242235,25,0.382981604790517,0.38339374768409,0.00469485767735536,25,0.300541471533636,0.304594566051319,0.0307837843533776,25,0.268550990578074,0.270832989542311,0.00904226015481461,25,0.149160478399783,0.149229844686467,0.0191889060961409,25,0.748190649734033,0.747573544067268,0.0204895360730482,25,0.229188049192569,0.228282498474416,0.00658749014993078,25,0.782520079579006,0.781235790255468,0.021001556692341,25,0.114550925294596,0.1145129347672,0.000929065881465074,25,0.127147677812544,0.127602730867586,0.00635052692249713,25,1.21997900286595,1.21837081117563,0.0137327791172033,25,0.940120739604502,0.940768985329916,0.00201127750118928,25,2.23644000000029,2.31100000000151,0.914393062818756,25,2.23644000000029,2.31100000000151,0.914393062818756,25,0.0157600000005914,0.0160000000032596,0.000522812905885414,25,2.2206799999997,2.2960000000021,0.914519487671232,25,0,0,0,25
"pretrain","oracle_Z","mixture_identity_start","ifeval_min30","balanced_moderate_dense_signed_cross","Cross",100,1500,5,"2-2-2-2-2",1.39805672364578,1.26772473552775,0.397073679254974,25,0.749289957829839,0.749289957829839,0,25,0.196518084132363,0.193099271182044,0.0414762192975011,25,0.393156920706234,0.393563627667956,0.00289165986005073,25,0.0974678906255706,0.0992127401697794,0.027354588756107,25,0.0736961165847078,0.0724928493924667,0.0079028020557532,25,0.0499518611142579,0.0511015866588601,0.0136860183616088,25,0.452905628226464,0.450738313808217,0.012857232984536,25,0.196344004053968,0.196373459793889,0.00630933968522239,25,0.493650311426539,0.493179158216034,0.013721849768426,25,0.0761894152642094,0.0761769012127644,0.000817290401892368,25,0.0896811851075491,0.090207568976413,0.00452585349848633,25,1.0854235580728,1.08395806131569,0.00693296988409309,25,0.967911214430536,0.967852293736669,0.00224729346405376,25,0.293279999999995,0.263000000000147,0.0658429444460394,25,0.293279999999995,0.263000000000147,0.0658429444460394,25,0.015719999999983,0.015999999999849,0.000541602560329842,25,0.277560000000012,0.247000000000071,0.0657464067458809,25,0,0,0,25
"pretrain","oracle_Z","mixture_identity_start","ifeval_min30","balanced_moderate_dense_signed_cross","Cross",100,1500,5,"3-3-3-3-3",1.37209115626066,1.54001321154504,0.483998335612402,25,0.749289957829839,0.749289957829839,0,25,0.181457588622361,0.174039863622706,0.0463691116219561,25,0.372713215854073,0.372581841178166,0.00629961347134377,25,0.284177457601022,0.275832587346652,0.0454091046893696,25,0.260976419529241,0.260596305383384,0.014355921131907,25,0.141103330914113,0.153190448962867,0.0367868789794031,25,0.473450466745948,0.473108170565005,0.01727428746297,25,0.194116520429951,0.192341803659253,0.0081607647213792,25,0.511712620625848,0.510122984918295,0.0187405804861116,25,0.0809891435681298,0.0810131182571078,0.000810819702661732,25,0.0963444857984255,0.0948351685863284,0.0062541907401174,25,1.09376811394513,1.09319181802535,0.0080278883657452,25,0.967858116612233,0.96800747553614,0.00203371865417848,25,0.741279999999897,0.491000000001804,0.420678174697231,25,0.741279999999897,0.491000000001804,0.420678174697231,25,0.0157599999998638,0.0159999999996217,0.000435889894609792,25,0.725520000000033,0.475000000000364,0.420681205506889,25,0,0,0,25
"pretrain","oracle_Z","mixture_identity_start","ifeval_min30","balanced_moderate_dense_signed_cross","Cross",100,2000,10,"2-2-2-2-2-2-2-2-2-2",1.39523619737653,1.4012701092759,0.138227607690132,25,0.581019736017126,0.581019736017126,0,25,0.199145641630888,0.202745967897124,0.0344989031394392,25,0.399905374117562,0.400106906913117,0.00328018036493886,25,0.0966582093306215,0.0921803600829255,0.0356147335042046,25,0.0922637870633516,0.0853249272777544,0.0235540507794294,25,0.0496834569361766,0.0464017468341363,0.0204302145496646,25,0.675101441617915,0.676533950091884,0.0190971617596627,25,0.206244290737961,0.206664677267766,0.00540872997242324,25,0.705913007744794,0.70721405377596,0.0194638324472197,25,0.106923556829504,0.107012079275146,0.00110763072969116,25,0.110656661669867,0.111623237515188,0.00485841071473747,25,1.1738283327432,1.17302442985708,0.0116037846921084,25,0.941228680663329,0.941343625777153,0.00155862558502764,25,0.892679999998363,0.896999999997206,0.225229275775455,25,0.892679999998363,0.896999999997206,0.225229275775455,25,0.0205999999988126,0.0209999999933643,0.000577350269097209,25,0.872079999999551,0.877000000000407,0.225288688871403,25,0,0,0,25
"pretrain","oracle_Z","mixture_identity_start","ifeval_min30","balanced_moderate_dense_signed_cross","Cross",100,2000,10,"3-3-3-3-3-3-3-3-3-3",1.40479605697108,1.40854188070299,0.108049800182325,25,0.581019736017126,0.581019736017126,0,25,0.217143464983284,0.219606671888767,0.0395625978497372,25,0.380222877537112,0.379305072040201,0.00510076971598158,25,0.310194539929787,0.30959879546918,0.03002224885981,25,0.270604117653095,0.27120705834783,0.011405151215812,25,0.153576389750835,0.154642440739757,0.0165854953155503,25,0.727830200978402,0.727983399930861,0.0167744918797643,25,0.226827083911731,0.227137685983202,0.00730522983479181,25,0.762367351716682,0.761361394564226,0.0178158535143456,25,0.113423062124458,0.113596267811647,0.000759451813948921,25,0.117578216644534,0.117905142436345,0.0073559344247366,25,1.2080844291291,1.20772097101144,0.0110488870631955,25,0.940884544943493,0.940566682536772,0.0013408495158207,25,2.30628000000084,2.24000000000524,0.972503492712279,25,2.30628000000084,2.24000000000524,0.972503492712279,25,0.0206800000026124,0.0209999999933643,0.000556776437071613,25,2.28559999999823,2.21899999999732,0.972610490726097,25,0,0,0,25
"pretrain","oracle_Z","mixture_identity_start","ifeval_min30","balanced_moderate_dense_signed_cross","Cross",100,2000,5,"2-2-2-2-2",1.3730111885166,1.53946269280875,0.326569155761274,25,0.74785852175892,0.74785852175892,0,25,0.195933220011297,0.20097754043449,0.0389827940824222,25,0.392950412368866,0.393229345275033,0.0034857112310034,25,0.10495980652699,0.0914119441122952,0.05702598101012,25,0.0833339713425255,0.0779588897465537,0.0362245663128535,25,0.0540861390776773,0.0475412967256574,0.0313982679527465,25,0.446503714712485,0.446255264832729,0.0115130656696508,25,0.194235214594827,0.192855436214645,0.00681004326167628,25,0.486939408592781,0.486010506509997,0.012693029402038,25,0.0753703767623475,0.0754114683580281,0.000425925605934574,25,0.0821988202063303,0.0813670709491905,0.00543384837195176,25,1.08313655886201,1.08437956998834,0.00518655045513337,25,0.968571574259923,0.968650764849346,0.00161139684450106,25,0.331840000000038,0.307999999999993,0.0667661840554889,25,0.331840000000038,0.307999999999993,0.0667661840554889,25,0.0201999999999862,0.0199999999999818,0.000408248290472774,25,0.311640000000052,0.288000000000011,0.0668218277710373,25,0,0,0,25
"pretrain","oracle_Z","mixture_identity_start","ifeval_min30","balanced_moderate_dense_signed_cross","Cross",100,2000,5,"3-3-3-3-3",1.27859847666467,1.25806530759587,0.357480779725926,25,0.74785852175892,0.74785852175892,0,25,0.188596508658683,0.173413925866798,0.0492003463625132,25,0.370053328282903,0.370671189683579,0.00912938157491318,25,0.28019136823973,0.277870244715645,0.0372643792049546,25,0.25804547604984,0.258357830932227,0.0106358941473491,25,0.147515507700525,0.142509998528164,0.0330744376721234,25,0.462895524876611,0.464977721079788,0.0110307371029252,25,0.191445911656813,0.191719296411093,0.00634790490461084,25,0.500939680725181,0.502291559135607,0.0120214414025429,25,0.0803320508040958,0.0806312209340233,0.000858208479992697,25,0.089837753273104,0.0890101303876053,0.00498346518343329,25,1.08939703074316,1.08971740047142,0.00577547805583582,25,0.968596872394498,0.968419231433043,0.0021456002576486,25,0.721600000000326,0.699000000000524,0.264872296274528,25,0.721600000000326,0.699000000000524,0.264872296274528,25,0.0204000000001542,0.0200000000004366,0.000500000000405028,25,0.701200000000172,0.679000000000087,0.264744373563792,25,0,0,0,25
"pretrain","oracle_Z","mixture_identity_start","ifeval_min30","balanced_moderate_dense_signed_cross","Cross",100,500,10,"2-2-2-2-2-2-2-2-2-2",1.3954579063345,1.41176809356557,0.107077148229774,25,0.568776528188644,0.568776528188644,0,25,0.208656345665887,0.207428891727862,0.0451545196085339,25,0.396425698017117,0.39649660185375,0.00286451769534634,25,0.099865473873844,0.0914591931281123,0.0402239359414563,25,0.093536067079405,0.0885816214873287,0.0197643876995689,25,0.0513511658778786,0.046811273348151,0.0216618099057145,25,0.854420550689656,0.854914031162503,0.0393628340398076,25,0.244549640742141,0.242902461724103,0.016819520874257,25,0.888771290409641,0.89074835843117,0.0418782137840008,25,0.11915084276594,0.11935228644037,0.00171741844426643,25,0.175516258314862,0.171817533955644,0.00801471177634573,25,1.28435205455881,1.28530869012648,0.0280630869203857,25,0.93397555669652,0.93414574717499,0.00253686344532406,25,0.662360000000044,0.621999999999389,0.14256369336765,25,0.662360000000044,0.621999999999389,0.14256369336765,25,0.00644000000014785,0.00600000000122236,0.000506622804779416,25,0.655919999999896,0.614999999997963,0.142300128835908,25,0,0,0,25
"pretrain","oracle_Z","mixture_identity_start","ifeval_min30","balanced_moderate_dense_signed_cross","Cross",100,500,10,"3-3-3-3-3-3-3-3-3-3",1.39412989052889,1.40565276347012,0.0968559543281019,25,0.568776528188644,0.568776528188644,0,25,0.203327844973693,0.202216446051044,0.0437846369475795,25,0.380395940878788,0.381367309857565,0.00464002683937592,25,0.299298485766839,0.295406824712796,0.0211342200248842,25,0.266538635015174,0.266022207233318,0.00899995179013701,25,0.152046244479483,0.151138311913736,0.0192100124580128,25,0.885330288449517,0.884065278506534,0.0147583973960836,25,0.253732281581533,0.254426143732982,0.00752403232694635,25,0.921003839793171,0.920050402930218,0.0146188359809929,25,0.123577654319859,0.123783348739983,0.00092669619190779,25,0.182638440786768,0.182644023038658,0.00589525507570821,25,1.30588643228382,1.30592316478963,0.0100927058520951,25,0.934022478731268,0.93397981054711,0.00314935274098584,25,2.41955999999831,2.69800000000396,1.31616507576755,25,2.41955999999831,2.69800000000396,1.31616507576755,25,0.00711999999912223,0.00699999999778811,0.0014809906599331,25,2.41243999999919,2.69200000000274,1.31527722299747,25,0,0,0,25
"pretrain","oracle_Z","mixture_identity_start","ifeval_min30","balanced_moderate_dense_signed_cross","Cross",100,500,5,"2-2-2-2-2",1.4775712699952,1.53632020780472,0.300958535124723,25,0.745843276530558,0.745843276530558,0,25,0.191552477988728,0.186710501315054,0.0454697438585487,25,0.394481897172128,0.394522277101973,0.00399085680554317,25,0.100310482264064,0.0938813173371458,0.0473171979691457,25,0.0850695571226491,0.0779646882913222,0.0368093494702762,25,0.0517585348068172,0.0484165243743949,0.0272046556950809,25,0.525333635961724,0.530411093388952,0.0196190402721793,25,0.206110644591301,0.207225753029624,0.00835364028915614,25,0.564350303363665,0.571037828762994,0.0204701109684126,25,0.0817281547187452,0.0816323432177843,0.0012194736660369,25,0.133480151554653,0.131800211783067,0.00524576942490392,25,1.11630006322615,1.11738305811167,0.0105124819807542,25,0.964967631408917,0.965515107950592,0.00300269178821969,25,0.301600000000006,0.277999999999963,0.105790279956785,25,0.301600000000006,0.277999999999963,0.105790279956785,25,0.00644000000000176,0.00600000000002865,0.000506622805113774,25,0.295160000000004,0.271999999999991,0.105931849160994,25,0,0,0,25
"pretrain","oracle_Z","mixture_identity_start","ifeval_min30","balanced_moderate_dense_signed_cross","Cross",100,500,5,"3-3-3-3-3",1.39678426353649,1.42663973667357,0.266435098964865,25,0.745843276530558,0.745843276530558,0,25,0.199561114754054,0.190582783572548,0.0486527399352484,25,0.372576030221793,0.37305541270057,0.0065236978427197,25,0.289822842684594,0.28687697219022,0.0310244114439333,25,0.261556377077362,0.263229104319783,0.0121244799724645,25,0.147269434240259,0.149068345986951,0.0310777875273427,25,0.538826066951769,0.534434384138134,0.0178657495883127,25,0.202170007958517,0.201998831101194,0.00889176886173933,25,0.575553276097171,0.574237686522718,0.0184556771369811,25,0.0864986156498831,0.0864851581061519,0.00141460833346008,25,0.142820293583676,0.143919927385746,0.00771189400414731,25,1.12121107528962,1.11894806006531,0.0110422989921015,25,0.964481524385647,0.96516421180578,0.00377038109697618,25,0.736360000000204,0.701999999999316,0.29733046710099,25,0.736360000000204,0.701999999999316,0.29733046710099,25,0.00636000000027707,0.00600000000122236,0.000489897948198505,25,0.729999999999927,0.694999999999709,0.297266855423294,25,0,0,0,25
"pretrain","oracle_Z","mixture_identity_start","ifeval_min30","balanced_moderate_dense_signed_cross","Cross",200,1000,10,"2-2-2-2-2-2-2-2-2-2",1.39704645414932,1.41327766346959,0.191259262663633,25,0.579328975000393,0.579328975000393,0,25,0.144156736235086,0.139174489092405,0.0249837788202873,25,0.39907207877277,0.398947073882904,0.00130494095376599,25,0.0666627204296761,0.0697246861060587,0.0147876588109568,25,0.0475818047445726,0.0470180534505895,0.00354292492822289,25,0.0343065947955856,0.0358272960838647,0.00763131107288585,25,0.477415870907442,0.477773387672505,0.00616699671147309,25,0.143267741923386,0.142128070862994,0.0047795579641367,25,0.498467421951155,0.498572857137149,0.00647349607435726,25,0.0812955764097527,0.0814593096097521,0.000682481194004195,25,0.118644543416647,0.119121208859651,0.00277621395488054,25,1.08607279585171,1.0855342513809,0.0031106145058977,25,0.966687027734447,0.966496633719268,0.00126167632551014,25,1.60879999999888,1.5,0.510016503000166,25,1.60879999999888,1.5,0.510016503000166,25,0.0741199999989476,0.0740000000005239,0.00101324560959474,25,1.53467999999993,1.42599999999948,0.509919742049914,25,0,0,0,25
"pretrain","oracle_Z","mixture_identity_start","ifeval_min30","balanced_moderate_dense_signed_cross","Cross",200,1000,10,"3-3-3-3-3-3-3-3-3-3",1.39985055756872,1.41666237814452,0.153709268939462,25,0.579328975000393,0.579328975000393,0,25,0.14023238249296,0.136945933064897,0.0272710467848889,25,0.381066577699297,0.381385748640656,0.0032632318176801,25,0.165926233229179,0.166566262314023,0.0309180960398466,25,0.175828787576726,0.178225605604355,0.0181306382210172,25,0.0638658038707118,0.0641666812289498,0.0180675388581394,25,0.480853763005814,0.48121765880928,0.00722370526282596,25,0.138735663897723,0.139053635071702,0.00421802950720687,25,0.500476929351128,0.501307234635295,0.0077690467750583,25,0.0847506955229611,0.0847191697505069,0.00061386334964634,25,0.124425523214205,0.124525858059656,0.00350163968832714,25,1.08720123363732,1.08676009859591,0.00385736839002602,25,0.967066162338944,0.967075138624574,0.00153210109750799,25,2.54347999999765,2.18899999999849,1.05681842180046,25,2.54347999999765,2.18899999999849,1.05681842180046,25,0.0491199999983655,0.0489999999990687,0.000525991123316251,25,2.49435999999929,2.13999999999942,1.05652302703778,25,0,0,0,25
"pretrain","oracle_Z","mixture_identity_start","ifeval_min30","balanced_moderate_dense_signed_cross","Cross",200,1000,5,"2-2-2-2-2",1.45397253510705,1.51810949597369,0.217395486489164,25,0.745360614325595,0.745360614325595,0,25,0.13696686426672,0.138977439960704,0.0306046671802125,25,0.394406453166589,0.394515871099573,0.00232755520265152,25,0.0645896736145897,0.0692667548587961,0.017028987623425,25,0.0405044435413959,0.0387201414935481,0.00504809364642471,25,0.0332636192523957,0.035497002866902,0.00887396997093419,25,0.335260854770584,0.336082531459926,0.006882152435247,25,0.145243296672191,0.145128482625984,0.00666718620930746,25,0.365395477233186,0.365693006928846,0.00852349483100866,25,0.0564509873594525,0.056576290404047,0.000511729487035264,25,0.0937992239095577,0.0932598714623351,0.00321209283000866,25,1.04737564518091,1.04755297619953,0.00306367386162816,25,0.982136723978484,0.982105380271351,0.00169371038977401,25,0.416240000000053,0.397000000000389,0.0594189083261822,25,0.416240000000053,0.397000000000389,0.0594189083261822,25,0.0496000000000095,0.0489999999999782,0.00261406452362834,25,0.366640000000043,0.348000000000411,0.0595859882858949,25,0,0,0,25
"pretrain","oracle_Z","mixture_identity_start","ifeval_min30","balanced_moderate_dense_signed_cross","Cross",200,1000,5,"3-3-3-3-3",1.4380451231468,1.53204400562722,0.229115221175972,25,0.745360614325595,0.745360614325595,0,25,0.146034550437728,0.132678106785434,0.0508087813292737,25,0.371130481440132,0.371989242594736,0.00414296459107725,25,0.138694755767456,0.13801250235016,0.0291823545799137,25,0.149658452758385,0.150174167987192,0.0247105903340238,25,0.0537539293035512,0.0451234238112638,0.0233808612342535,25,0.33605467024537,0.337555766011098,0.008542579840951,25,0.132253882933741,0.132302215012105,0.00467124784096651,25,0.361157803935316,0.363140873930871,0.009121630602636,25,0.0599092081280784,0.0598554287517175,0.000653030553205807,25,0.10237520278369,0.103495892240066,0.00488301163052143,25,1.04628367211038,1.04587585224498,0.00343261183294369,25,0.982642083802302,0.982559100415882,0.00116142369522782,25,0.813080000000773,0.812999999998283,0.248962835245844,25,0.813080000000773,0.812999999998283,0.248962835245844,25,0.0491200000002573,0.0489999999990687,0.000665832811992693,25,0.763960000000516,0.763999999999214,0.248909535106357,25,0,0,0,25
"pretrain","oracle_Z","mixture_identity_start","ifeval_min30","balanced_moderate_dense_signed_cross","Cross",200,1500,10,"2-2-2-2-2-2-2-2-2-2",1.38880677042169,1.41658378652205,0.129016552509461,25,0.583088680632177,0.583088680632177,0,25,0.155821590107232,0.157770624521192,0.0402605363483401,25,0.400240604663574,0.400306907060867,0.00200079557132865,25,0.0703461888116181,0.0680707107615944,0.0163431093851539,25,0.0481546165644447,0.047157480117883,0.00466985680004441,25,0.03606218229593,0.0349318488300122,0.00843217844687895,25,0.464946755867752,0.465258589973469,0.00453155341364339,25,0.147155258826455,0.146909217762157,0.00500977967158021,25,0.487692876509771,0.487901500107951,0.00555481658521289,25,0.0784236466968463,0.0785302793823697,0.000382550273355482,25,0.10347037074815,0.103884724673412,0.00246383349066706,25,1.08356648127036,1.0836653054979,0.00293496314661062,25,0.969048525702234,0.968980283435029,0.00140760294086756,25,1.85432000000117,1.57499999999709,1.14263787351892,25,1.85432000000117,1.57499999999709,1.14263787351892,25,0.0896400000006543,0.101000000002387,0.0181104941963117,25,1.76468000000052,1.47299999999814,1.1446812773285,25,0,0,0,25
"pretrain","oracle_Z","mixture_identity_start","ifeval_min30","balanced_moderate_dense_signed_cross","Cross",200,1500,10,"3-3-3-3-3-3-3-3-3-3",1.40314222626947,1.46662093084129,0.169023836081045,25,0.583088680632177,0.583088680632177,0,25,0.15000804502579,0.154334495225007,0.0278241039753208,25,0.382773258839892,0.382397936226411,0.00276062967822593,25,0.148709642213487,0.1426639249589,0.0221861294183586,25,0.164814001079129,0.166964123738641,0.0159795886507106,25,0.0618194995029237,0.058803698256434,0.0168068978641357,25,0.457942732310861,0.457502411464811,0.00601121194361826,25,0.137061903289934,0.136937361092236,0.00385249805787367,25,0.47802278628564,0.477652769224237,0.0065083724455482,25,0.0820142488310611,0.0821334253134034,0.000742855101886603,25,0.107463468799123,0.107931518012311,0.0031454757572896,25,1.07887620733036,1.07922962422996,0.0029149152102458,25,0.968695661480643,0.968663905094252,0.00143611050504046,25,2.27216000000248,2.08099999999104,0.832427258084624,25,2.27216000000248,2.08099999999104,0.832427258084624,25,0.0673200000001816,0.0670000000100117,0.00047609522795333,25,2.2048400000023,2.01399999999558,0.832444476628046,25,0,0,0,25
"pretrain","oracle_Z","mixture_identity_start","ifeval_min30","balanced_moderate_dense_signed_cross","Cross",200,1500,5,"2-2-2-2-2",1.51964168718813,1.54509150160271,0.282213801579402,25,0.749289957829839,0.749289957829839,0,25,0.13351927560888,0.125558710175205,0.034716402678649,25,0.393892662990037,0.394244344147633,0.00284770798668065,25,0.0678150149082931,0.0630890197809105,0.0219338247888529,25,0.0410728273617508,0.0398955792301346,0.00563772046412709,25,0.0349257145629608,0.0327108789550928,0.0113149758751411,25,0.328137783511857,0.326037749221088,0.00506262769549908,25,0.149688695082623,0.150148980492349,0.00489461548001691,25,0.360683368438921,0.358408743612804,0.00614258501598168,25,0.0550322142324545,0.0549798548877617,0.000339478794647654,25,0.0800024484549216,0.0802573553474712,0.00152247119305303,25,1.04676529341325,1.04608265531562,0.00249565974904424,25,0.983128188103468,0.983285244574473,0.00103897717247065,25,0.45875999999982,0.432999999999993,0.0619201636520676,25,0.45875999999982,0.432999999999993,0.0619201636520676,25,0.0677199999998993,0.0679999999993015,0.000541602560282263,25,0.391039999999921,0.365999999999985,0.0620171212920849,25,0,0,0,25
"pretrain","oracle_Z","mixture_identity_start","ifeval_min30","balanced_moderate_dense_signed_cross","Cross",200,1500,5,"3-3-3-3-3",1.40768298348176,1.5449167284533,0.352799979476854,25,0.749289957829839,0.749289957829839,0,25,0.128604939456577,0.126415016175408,0.0258887591865281,25,0.37085621102235,0.370940432074613,0.00536666567726928,25,0.13892174435969,0.140078244894902,0.0328710499093791,25,0.161027450402323,0.158013851680774,0.0276529427191902,25,0.0523764787202361,0.0471839584950249,0.0259288373767326,25,0.324143717525566,0.324928582445848,0.004766747527186,25,0.132194522215007,0.131200453629485,0.00476391371013323,25,0.350080846070224,0.350077419165302,0.00573209306744453,25,0.0583018928716179,0.0582099984681781,0.000466571497715954,25,0.0878252909771692,0.0879560647576786,0.00304943883099546,25,1.04325760485898,1.04391022728799,0.0019909344300402,25,0.983323254677948,0.983173835449379,0.00123544038440374,25,0.818840000000637,0.77100000000064,0.246445173077683,25,0.818840000000637,0.77100000000064,0.246445173077683,25,0.0695200000000477,0.0670000000027358,0.00729223331127254,25,0.749320000000589,0.704000000001543,0.243405649071625,25,0,0,0,25
"pretrain","oracle_Z","mixture_identity_start","ifeval_min30","balanced_moderate_dense_signed_cross","Cross",200,2000,10,"2-2-2-2-2-2-2-2-2-2",1.45122730171047,1.46977065922119,0.124322654602083,25,0.581019736017126,0.581019736017126,0,25,0.148928904578557,0.146623708016962,0.0296666697453959,25,0.400556254779184,0.400498556155786,0.00173502431671116,25,0.0748787661619559,0.0731499032200804,0.0302344882159476,25,0.0520460169888286,0.047230247237374,0.0233867624197564,25,0.0388732303623112,0.0376323912726766,0.0172155476068537,25,0.455628688004337,0.455557961900763,0.00414690936955543,25,0.148313998009729,0.148221217670104,0.00520129032582354,25,0.479179241649428,0.478999407155828,0.00502887264747545,25,0.0769285142032636,0.0769425424210155,0.000521747414849759,25,0.0937609240475146,0.0931299820949341,0.00283116946775192,25,1.08071385729468,1.08054670919781,0.00250564655865355,25,0.969919786640281,0.969961270045971,0.00110172054590404,25,2.24032000000036,2.24999999999272,0.580136889018476,25,2.24032000000036,2.24999999999272,0.580136889018476,25,0.131120000000228,0.131000000001222,0.0011298967495807,25,2.10920000000013,2.11799999999494,0.579808732830887,25,0,0,0,25
"pretrain","oracle_Z","mixture_identity_start","ifeval_min30","balanced_moderate_dense_signed_cross","Cross",200,2000,10,"3-3-3-3-3-3-3-3-3-3",1.41379836581952,1.40603569566561,0.159123997315075,25,0.581019736017126,0.581019736017126,0,25,0.139756883341333,0.139342614537064,0.0225013200141047,25,0.382094577914807,0.382251918061203,0.00258065612732846,25,0.154695092691814,0.156785728346464,0.0287022003310675,25,0.169719199986226,0.169611968652166,0.0189354401280761,25,0.06318958641567,0.0623764887551216,0.0174385220009904,25,0.446333087094823,0.446217397754384,0.00573857723401201,25,0.136211869686651,0.135382587426198,0.00439364413065083,25,0.466664428414891,0.466990845394236,0.00656341609890215,25,0.0807043362251635,0.0806974029384416,0.000467594429488628,25,0.0971434652551097,0.0973629962778711,0.00247516493706362,25,1.074849552421,1.07500438119922,0.00318676287051903,25,0.969549470647847,0.969586722165832,0.00125777166391651,25,2.44227999999828,2.27200000001176,0.801427659454398,25,2.44227999999828,2.27200000001176,0.801427659454398,25,0.0857599999988452,0.0859999999956926,0.000663324958498721,25,2.35651999999944,2.18500000001222,0.801262135634056,25,0,0,0,25
"pretrain","oracle_Z","mixture_identity_start","ifeval_min30","balanced_moderate_dense_signed_cross","Cross",200,2000,5,"2-2-2-2-2",1.39467938035775,1.40293078285291,0.334854728694583,25,0.74785852175892,0.74785852175892,0,25,0.140508672872221,0.132283935567868,0.0347199659258645,25,0.393276355483885,0.393092826745459,0.00201142384312926,25,0.0685229082136901,0.0732225673618944,0.0229510791885146,25,0.0408302804454839,0.0400093045212105,0.00457540204434435,25,0.0352223675232286,0.0378301739526319,0.0118617374237356,25,0.32207715662274,0.32184936166869,0.0055494230448415,25,0.146771093209021,0.146894958090161,0.00613320168459247,25,0.353964813031698,0.354576552178606,0.00721944163846447,25,0.0543190870943431,0.0543942871584395,0.000325936759614194,25,0.0728619637981633,0.0727380910537843,0.00298108795170187,25,1.04467486791416,1.04481337006443,0.00268032135791388,25,0.983316088985452,0.983378870838899,0.00108566330531876,25,0.537199999999939,0.492000000000189,0.102116763233838,25,0.537199999999939,0.492000000000189,0.102116763233838,25,0.0862399999998524,0.0860000000002401,0.000663324958027972,25,0.450960000000086,0.405999999999949,0.102264558865706,25,0,0,0,25
"pretrain","oracle_Z","mixture_identity_start","ifeval_min30","balanced_moderate_dense_signed_cross","Cross",200,2000,5,"3-3-3-3-3",1.4929070582331,1.54344755930936,0.294633696496857,25,0.74785852175892,0.74785852175892,0,25,0.128008216251297,0.126571959085092,0.0275792564383606,25,0.372777233056957,0.372597559842961,0.00448711121319327,25,0.124255147233667,0.118113542556972,0.0370326072177256,25,0.140790874886953,0.144487129734363,0.0288496433355156,25,0.044872261979114,0.0395006994183414,0.0222339531873259,25,0.32152926454841,0.322739535120725,0.00619076605899305,25,0.134237468111713,0.134599595504568,0.00415996434577905,25,0.348439664297244,0.349381695801941,0.00676786238055315,25,0.0575225145772212,0.0575277226157904,0.000473339502204418,25,0.0818674050245709,0.0820301184939109,0.00318778240286287,25,1.04329468219964,1.04369026237235,0.00256420434741499,25,0.983885557022566,0.983959208234624,0.00112973582370048,25,0.798279999999941,0.777999999998428,0.249793334578656,25,0.798279999999941,0.777999999998428,0.249793334578656,25,0.0859199999998964,0.0859999999993306,0.000640312423949488,25,0.712360000000044,0.691999999999098,0.249722325794019,25,0,0,0,25
"pretrain","oracle_Z","mixture_identity_start","ifeval_min30","balanced_moderate_dense_signed_cross","Cross",200,500,10,"2-2-2-2-2-2-2-2-2-2",1.42572549933661,1.41854492285882,0.133872918512442,25,0.568776528188644,0.568776528188644,0,25,0.143695669443999,0.142883402844581,0.0275280731788393,25,0.396920755559462,0.396867005661016,0.00150874423251435,25,0.0834500031343673,0.0722800474300455,0.0490530180292546,25,0.0605414286056529,0.0512780747719695,0.0329870211776973,25,0.0435671806924945,0.0371088915117972,0.0274942535402307,25,0.547741259848729,0.547612106153586,0.0121009383074014,25,0.14799565863596,0.147613816630541,0.00565841744579142,25,0.567408321600526,0.566709312484654,0.0121754395160561,25,0.0893350133988007,0.0893777912468292,0.000982606066039822,25,0.160314923531568,0.1601129444499,0.00462733060756108,25,1.11446347269683,1.11441253187196,0.0066436453481098,25,0.962095344320968,0.962705867614388,0.00220869185932046,25,1.09828000000067,1.04200000000128,0.327340867193188,25,1.09828000000067,1.04200000000128,0.327340867193188,25,0.0358800000004703,0.0310000000026776,0.00740675367487883,25,1.0624000000002,1.0109999999986,0.323275037701862,25,0,0,0,25
"pretrain","oracle_Z","mixture_identity_start","ifeval_min30","balanced_moderate_dense_signed_cross","Cross",200,500,10,"3-3-3-3-3-3-3-3-3-3",1.40769998001709,1.40962527077868,0.107203435899525,25,0.568776528188644,0.568776528188644,0,25,0.140675281399197,0.137797388092692,0.0228461565897123,25,0.378718091697476,0.378169936056765,0.00321639813455316,25,0.155511711666233,0.153316520732627,0.0260678006253514,25,0.175595466171784,0.171597795846796,0.0160724201146701,25,0.0619055379072035,0.0603946366241718,0.0168921521480702,25,0.561182740295456,0.560743040254313,0.00933652237704964,25,0.149828792189295,0.146971421810647,0.00617905953562531,25,0.580862823294438,0.581303995278687,0.00986644453245827,25,0.0923113194428347,0.0924649032872406,0.000667988139824662,25,0.165090894760603,0.165022428076094,0.00334003302344022,25,1.12096457739496,1.12109964709345,0.00507816078001402,25,0.961770384763508,0.962085458648192,0.00209008864165936,25,2.02159999999916,1.9210000000021,0.639303592461536,25,2.02159999999916,1.9210000000021,0.639303592461536,25,0.0305199999990873,0.0309999999881256,0.000509901951605852,25,1.99108000000007,1.88999999999942,0.639280775559695,25,0,0,0,25
"pretrain","oracle_Z","mixture_identity_start","ifeval_min30","balanced_moderate_dense_signed_cross","Cross",200,500,5,"2-2-2-2-2",1.36567449692239,1.36834125144102,0.254023701986779,25,0.745843276530558,0.745843276530558,0,25,0.13384933304456,0.132763528375219,0.0377078739967945,25,0.395585082144771,0.395657822402031,0.0030833433910987,25,0.0959335904377395,0.0667431973133659,0.0875488084053906,25,0.0646473407203113,0.0428062349871601,0.0629244292127224,25,0.0510923211649896,0.0344185864495121,0.0496452397616755,25,0.369585499894833,0.367810771583144,0.00692299728350466,25,0.143410842953205,0.143570137560531,0.00533812889938127,25,0.396458185445706,0.395348115511206,0.00752671445260422,25,0.0606947903357819,0.0606064035964863,0.000668833811708873,25,0.124711689036372,0.125305485250259,0.00339230417304948,25,1.05552338990802,1.05570613112125,0.00349160041861882,25,0.97915076667911,0.978608674548938,0.00214291947616548,25,0.480880000000016,0.431999999999789,0.167144976991049,25,0.480880000000016,0.431999999999789,0.167144976991049,25,0.0302800000000389,0.0300000000002001,0.000458257569479786,25,0.450599999999977,0.402000000000044,0.167188765571495,25,0,0,0,25
"pretrain","oracle_Z","mixture_identity_start","ifeval_min30","balanced_moderate_dense_signed_cross","Cross",200,500,5,"3-3-3-3-3",1.45092222353228,1.54406915868601,0.361859945388443,25,0.745843276530558,0.745843276530558,0,25,0.138870635636461,0.131761556295804,0.0349166504610061,25,0.372293100473801,0.373339191347141,0.00603407379673349,25,0.138602075835737,0.139230899993084,0.0397704965754676,25,0.155725782109784,0.153400988857589,0.0276096496928066,25,0.0517729813077174,0.0448797838940896,0.0232530808968525,25,0.373058602425778,0.372672064423604,0.0111296281495958,25,0.132419238041175,0.132903885592398,0.00595496003897472,25,0.395886785480482,0.397035616775657,0.0118227135805887,25,0.0641584975771859,0.064338342762086,0.000782494311150961,25,0.133957748406981,0.13341096933449,0.00532647574479285,25,1.05546110559649,1.05635622141917,0.00489978143508046,25,0.979376473955065,0.97861415950486,0.0021397295735232,25,0.76168000000107,0.659999999999854,0.267335108057165,25,0.76168000000107,0.659999999999854,0.267335108057165,25,0.0307200000005832,0.0309999999990396,0.000541602560721671,25,0.730960000000487,0.629000000000815,0.267444461524254,25,0,0,0,25
"pretrain","oracle_Z","mixture_identity_start","ifeval_min30","balanced_moderate_dense_signed_cross","Cross",400,1000,10,"2-2-2-2-2-2-2-2-2-2",1.36199726437178,1.34568739819164,0.194271310633939,25,0.579328975000393,0.579328975000393,0,25,0.0968216432779631,0.0964055353154306,0.016303022479555,25,0.399020150318461,0.398822177169094,0.00109809866704528,25,0.0596638405574899,0.0468286940646352,0.0524211424990075,25,0.0385919760511575,0.0269605611235462,0.0385943501767061,25,0.0315238699348101,0.024189728780862,0.029737618889586,25,0.373787637061656,0.373543989333361,0.00405039460050186,25,0.11503267772852,0.114822619527891,0.00365545669295304,25,0.391097872908072,0.390727287085134,0.00464866803987961,25,0.0617872195477518,0.0617496803013858,0.000291514109202925,25,0.112789198004653,0.112696166599076,0.00204838049296225,25,1.05504854098444,1.0547886595608,0.00232570049251313,25,0.980717145758278,0.98073925208088,0.00116756281104168,25,2.87384000000107,2.61500000000524,0.941165796587351,25,2.87384000000107,2.61500000000524,0.941165796587351,25,0.338120000000345,0.3379999999961,0.00210792156713178,25,2.53572000000073,2.2780000000057,0.941440187513754,25,0,0,0,25
"pretrain","oracle_Z","mixture_identity_start","ifeval_min30","balanced_moderate_dense_signed_cross","Cross",400,1000,10,"3-3-3-3-3-3-3-3-3-3",1.37933600063927,1.41738755217901,0.195264937527523,25,0.579328975000393,0.579328975000393,0,25,0.101003865436408,0.0966644079895804,0.0218122439528426,25,0.3821329145644,0.382098394625513,0.00235345104501594,25,0.0750776438605186,0.075025520628128,0.0108712655926477,25,0.0713132174051188,0.0713644332697281,0.0162928055861834,25,0.0299519532402911,0.0282661935379389,0.00895090101643839,25,0.355846858799256,0.355407844672722,0.00347092231471361,25,0.0987727964195939,0.0993029126350222,0.00361329603822007,25,0.369311443810228,0.369067148405112,0.00410903250782116,25,0.063876091942235,0.063775607361085,0.000373717266140756,25,0.117294428280285,0.11741625097186,0.00182272766125155,25,1.04742128469223,1.04750084409458,0.00157717611351409,25,0.981032847132245,0.981115677460903,0.000998630784464769,25,2.96152000000118,2.53399999999965,0.921943468983336,25,2.96152000000118,2.53399999999965,0.921943468983336,25,0.221240000001853,0.221000000005006,0.00252124308180053,25,2.74027999999933,2.31200000000536,0.922160394581158,25,0,0,0,25
"pretrain","oracle_Z","mixture_identity_start","ifeval_min30","balanced_moderate_dense_signed_cross","Cross",400,1000,5,"2-2-2-2-2",1.32307396945914,1.26414273910676,0.37239411619769,25,0.745360614325595,0.745360614325595,0,25,0.0956665408638117,0.0899849739443957,0.0180409903460085,25,0.39431681236421,0.394190081083386,0.00177728026646575,25,0.0499980761135257,0.0516565647116084,0.0121748064449778,25,0.0223115048447853,0.0217584103850239,0.00285881461887081,25,0.0258171091881236,0.0267921497084139,0.00627379873217277,25,0.269856103529542,0.269923459566244,0.0045339104037767,25,0.119136203968365,0.118347229289804,0.00518754816009128,25,0.295005437279263,0.294517547874615,0.00587296093104669,25,0.0427488371521049,0.0427772448304025,0.000364403361407112,25,0.0906464519370307,0.0901622025793488,0.00225546684660648,25,1.03322503362489,1.03359864139876,0.00182332459995664,25,0.990492227798308,0.990634968277203,0.000993218348649724,25,0.914360000000088,0.789000000000669,0.291232564570919,25,0.914360000000088,0.789000000000669,0.291232564570919,25,0.22359999999986,0.222999999999956,0.00294392028863682,25,0.690760000000228,0.566000000000713,0.291604223791716,25,0,0,0,25
"pretrain","oracle_Z","mixture_identity_start","ifeval_min30","balanced_moderate_dense_signed_cross","Cross",400,1000,5,"3-3-3-3-3",1.27348428415156,1.26394612299767,0.393389648633527,25,0.745360614325595,0.745360614325595,0,25,0.0925865572167642,0.0870860903363683,0.0186400929352441,25,0.371202050308812,0.372472655831008,0.00428342042205114,25,0.062590523129327,0.0638533811318068,0.0116769805910969,25,0.0595486697442458,0.0595845697637311,0.0110869987257089,25,0.025344278082429,0.0253479912704441,0.00553633917314928,25,0.261980700235312,0.261734150361177,0.00619050647129448,25,0.10045825303451,0.0995921357966598,0.00451433524035553,25,0.280595713790106,0.28036596529344,0.00708187463875595,25,0.0448775938363101,0.0447802635543784,0.000381569982860775,25,0.0980178795546135,0.0975825717749586,0.00223364921011204,25,1.02910746765084,1.02904591423245,0.00237948625603939,25,0.990422632628867,0.99069734338632,0.00123923692950125,25,1.29884000000078,1.23099999999977,0.370310756886712,25,1.29884000000078,1.23099999999977,0.370310756886712,25,0.221920000000537,0.221999999997934,0.00160519988360768,25,1.07692000000025,1.00799999999799,0.370708883985825,25,0,0,0,25
"pretrain","oracle_Z","mixture_identity_start","ifeval_min30","balanced_moderate_dense_signed_cross","Cross",400,1500,10,"2-2-2-2-2-2-2-2-2-2",1.3974450569835,1.41476340516012,0.179386844522962,25,0.583088680632177,0.583088680632177,0,25,0.108460576360849,0.107103609927325,0.0185415715857046,25,0.400297808091569,0.400232811496323,0.00097371238170938,25,0.0581268175767403,0.0514425410777667,0.0367692606880736,25,0.0327707166953227,0.0262362828801677,0.0294755594618331,25,0.0304509692736012,0.026587751926445,0.0211837872736718,25,0.369930115386441,0.370588682545385,0.00502512119949864,25,0.123708291706005,0.123117484625031,0.00476014691433559,25,0.390080507488229,0.39050465637572,0.00605734681471504,25,0.0588013375985239,0.058742684260549,0.00029220880405372,25,0.0967825072834364,0.096915366635041,0.00169998529602822,25,1.05695519557369,1.05700045724264,0.00243289256825064,25,0.982983663365601,0.982868438329152,0.000795533014281645,25,3.63891999999934,3.22799999999552,1.42814830345748,25,3.63891999999934,3.22799999999552,1.42814830345748,25,0.442879999999423,0.442999999999302,0.00083266640015998,25,3.19603999999992,2.78600000000006,1.42815578865389,25,0,0,0,25
"pretrain","oracle_Z","mixture_identity_start","ifeval_min30","balanced_moderate_dense_signed_cross","Cross",400,1500,10,"3-3-3-3-3-3-3-3-3-3",1.40531281081062,1.41369067285039,0.145383046133218,25,0.583088680632177,0.583088680632177,0,25,0.109584381929329,0.107374968028182,0.0234747897698599,25,0.382440096450671,0.382832952271359,0.00256031005767595,25,0.0703940875881316,0.0680598680497443,0.0147298259060847,25,0.0684704195141999,0.0643660980425235,0.0203873788096912,25,0.0257232796130116,0.0255404091355414,0.0039830613594362,25,0.33951281009611,0.341260242318077,0.00448549131429102,25,0.102565373693514,0.102649382009665,0.00394623954513604,25,0.354678321505868,0.356507018532372,0.0052198634391343,25,0.0607884359509293,0.0608140323091907,0.000303107513212817,25,0.0995666597678602,0.0995890301392369,0.00190110549720778,25,1.04425029617818,1.04430476994798,0.00189283162053409,25,0.982826051429936,0.98284477891181,0.000819848294870716,25,3.49836000000068,3.42199999999139,1.2226863143632,25,3.49836000000068,3.42199999999139,1.2226863143632,25,0.287639999999665,0.288000000000466,0.0031342197334743,25,3.21072000000102,3.13399999999092,1.22410615416652,25,0,0,0,25
"pretrain","oracle_Z","mixture_identity_start","ifeval_min30","balanced_moderate_dense_signed_cross","Cross",400,1500,5,"2-2-2-2-2",1.39122530538639,1.54632892724432,0.334562367540171,25,0.749289957829839,0.749289957829839,0,25,0.0933130776294304,0.0882993497452007,0.0227142692103145,25,0.394083687836025,0.394247545485846,0.00175603670688688,25,0.0431686622758139,0.0450287480968266,0.0137250826127406,25,0.0221444013583501,0.0214171179153242,0.00292662307775479,25,0.0222388908620766,0.023248668774246,0.00714480216912936,25,0.267146631868995,0.267416371457281,0.00523640850761321,25,0.125312023845726,0.124725964844709,0.0062361772907093,25,0.295103275737952,0.294291367355259,0.00708139978509339,25,0.0411351934202791,0.0410995527982,0.000351297133885423,25,0.0772139902070006,0.0772841425978461,0.00193854549910105,25,1.03361568899083,1.03329560743114,0.00217072768661879,25,0.990819129081594,0.990514416071831,0.0010954356980225,25,0.899159999999902,0.854000000001179,0.0879785390501561,25,0.899159999999902,0.854000000001179,0.0879785390501561,25,0.290200000000259,0.289000000000669,0.00402077936081711,25,0.608959999999643,0.567999999999302,0.0887540984971653,25,0,0,0,25
"pretrain","oracle_Z","mixture_identity_start","ifeval_min30","balanced_moderate_dense_signed_cross","Cross",400,1500,5,"3-3-3-3-3",1.42580052915235,1.5466335012376,0.378199522876934,25,0.749289957829839,0.749289957829839,0,25,0.104232155503513,0.102373216771322,0.0322733884741369,25,0.372029001244476,0.371682095871977,0.00363208737635434,25,0.0665791378015631,0.0654780742583067,0.0161404051841843,25,0.0562810303503256,0.055878455531794,0.010397306411104,25,0.026719132633203,0.0267835010370226,0.0065549906943905,25,0.253232009153933,0.253868402499052,0.00530400112327656,25,0.102955732204962,0.103424962047921,0.00446084497134412,25,0.273378077714934,0.274708434923887,0.00619729292615456,25,0.0431142338948296,0.0432292492680873,0.000317904756016264,25,0.0844162233288147,0.0844651824927359,0.00248981640999401,25,1.02755684965942,1.02734543700173,0.00172074286217926,25,0.990777906071384,0.99052702770292,0.00107939007086992,25,1.29403999999937,1.13100000000122,0.398639820723608,25,1.29403999999937,1.13100000000122,0.398639820723608,25,0.289719999999797,0.290000000000873,0.00164620776310201,25,1.00431999999957,0.840000000000146,0.398645803523323,25,0,0,0,25
"pretrain","oracle_Z","mixture_identity_start","ifeval_min30","balanced_moderate_dense_signed_cross","Cross",400,2000,10,"2-2-2-2-2-2-2-2-2-2",1.41219938996759,1.41567817153722,0.194857287935639,25,0.581019736017126,0.581019736017126,0,25,0.110743828057436,0.108337427671151,0.0186456320807478,25,0.400370946354902,0.400711640100698,0.00134255658712826,25,0.0566500117905247,0.0467142249113923,0.0404184541297787,25,0.0311217894310127,0.0253856551055362,0.0270655767657853,25,0.0295421210406402,0.0241620190252177,0.0224016473683068,25,0.363413340438399,0.363457530622264,0.0054659582268603,25,0.126660161168092,0.126537051417723,0.00585956437434186,25,0.384877276122635,0.385757060085291,0.00670645727223009,25,0.0570227534750697,0.057052478371128,0.000264212083739319,25,0.0866384572659507,0.0867635643143384,0.00132882284441651,25,1.05578224283527,1.05594632691264,0.00230583900451669,25,0.983671019789892,0.983550355656135,0.0008716919077792,25,3.45704000000173,3.34500000000844,0.843605035941897,25,3.45704000000173,3.34500000000844,0.843605035941897,25,0.547720000000263,0.547999999995227,0.000936304793351898,25,2.90932000000146,2.79700000000594,0.843507148753923,25,0,0,0,25
"pretrain","oracle_Z","mixture_identity_start","ifeval_min30","balanced_moderate_dense_signed_cross","Cross",400,2000,10,"3-3-3-3-3-3-3-3-3-3",1.37630435827282,1.34043643636624,0.164790459889144,25,0.581019736017126,0.581019736017126,0,25,0.0985450274803273,0.095038032882336,0.0156824134951597,25,0.382463581328669,0.382420137109887,0.00200995789896339,25,0.0685701617274957,0.0677654323119695,0.00802593686478652,25,0.0638727898733791,0.0645194750355748,0.0109952322472325,25,0.0260980161581578,0.0254130808248204,0.00344988391414913,25,0.332376404775067,0.331274222719038,0.00384123015994543,25,0.103841666130717,0.104030524061958,0.00350837716915545,25,0.348229357630649,0.347838900552256,0.00450251888649534,25,0.0591850549719034,0.0591789658181724,0.000270637118906268,25,0.0906984076587249,0.0907607671265127,0.001327174588889,25,1.043010228525,1.04277478304154,0.00151569948386731,25,0.983757676443606,0.983594039461409,0.000905794832759573,25,3.45928000000131,3.15099999999802,1.13208732436966,25,3.45928000000131,3.15099999999802,1.13208732436966,25,0.353239999998477,0.350999999995111,0.00529370695628801,25,3.10604000000283,2.80400000000373,1.13223692602964,25,0,0,0,25
"pretrain","oracle_Z","mixture_identity_start","ifeval_min30","balanced_moderate_dense_signed_cross","Cross",400,2000,5,"2-2-2-2-2",1.4046695242806,1.54690763901215,0.373679190616666,25,0.74785852175892,0.74785852175892,0,25,0.100488610224944,0.096878877350659,0.0314014199664262,25,0.393453871361616,0.393485105244482,0.00168896188057666,25,0.0492977311921008,0.0454288125793067,0.0215737996586102,25,0.0217485178232529,0.0210899485676181,0.00337467287320455,25,0.0253929785336772,0.0235307316916712,0.0111431453577684,25,0.264724401331166,0.263806937776448,0.00613992166387148,25,0.126862567204886,0.127147781684889,0.00521157246185584,25,0.293568296226644,0.292119567765878,0.00743302239761958,25,0.0402585122654861,0.0402220849025039,0.000285507470632826,25,0.0696912259847318,0.069999871040639,0.00183226893625898,25,1.03371549743193,1.03317316631718,0.00213031038596877,25,0.991332963776435,0.991239334905952,0.000742670815348128,25,0.9773199999996,0.94800000000032,0.0857864208365189,25,0.9773199999996,0.94800000000032,0.0857864208365189,25,0.356279999999897,0.358000000000175,0.00366878726573204,25,0.621039999999703,0.59099999999853,0.0857522983170067,25,0,0,0,25
"pretrain","oracle_Z","mixture_identity_start","ifeval_min30","balanced_moderate_dense_signed_cross","Cross",400,2000,5,"3-3-3-3-3",1.3322222355712,1.54654014715468,0.383702437857967,25,0.74785852175892,0.74785852175892,0,25,0.0935219515966921,0.0875450214762231,0.0265933830381655,25,0.371886352303819,0.372517561231441,0.00307965706284483,25,0.0691616917230179,0.069500192598722,0.0131297334380511,25,0.057903562152876,0.0559339351252022,0.010401467677869,25,0.0289238209227903,0.0303384152042686,0.00619412741239077,25,0.246248481522504,0.246310441505858,0.00465039292699246,25,0.101883809512771,0.10261180951703,0.00473222422493242,25,0.266510290524675,0.26731495636701,0.00587629718813006,25,0.0421195520408921,0.042107383497214,0.000270415629834921,25,0.0766563908709583,0.0773468719859061,0.0019022575380762,25,1.02625104778869,1.0258892966982,0.00174488189771159,25,0.991264060271144,0.991075618943469,0.000743621997230462,25,1.30144000000058,1.21700000000055,0.21546462973522,25,1.30144000000058,1.21700000000055,0.21546462973522,25,0.360600000000268,0.359000000000378,0.00490747728777724,25,0.940840000000317,0.858000000000175,0.215043150709007,25,0,0,0,25
"pretrain","oracle_Z","mixture_identity_start","ifeval_min30","balanced_moderate_dense_signed_cross","Cross",400,500,10,"2-2-2-2-2-2-2-2-2-2",1.37759380597182,1.40772622555356,0.120707638088494,25,0.568776528188644,0.568776528188644,0,25,0.0976005579217708,0.0948902641636025,0.015814307106549,25,0.397477581323881,0.39753402867652,0.000983754478676892,25,0.0591658865127921,0.0452981073983376,0.0519635582521273,25,0.0398284158458131,0.0291997615430802,0.0390076461041963,25,0.0313244470352665,0.0233860473648587,0.0296973187423065,25,0.415501811658297,0.416475214198968,0.00504215229320149,25,0.106834512891819,0.105925784403697,0.00395896198368866,25,0.429034455747161,0.429808518843734,0.00502672342371329,25,0.0702436015144573,0.0703370237988816,0.000634485264825927,25,0.152722208801097,0.152802553494732,0.00206153711202579,25,1.06461493644296,1.06448325058451,0.00240122645890467,25,0.975741260307204,0.975627850540419,0.00143313235629352,25,2.55215999999928,2.32100000000355,0.836792222318825,25,2.55215999999928,2.32100000000355,0.836792222318825,25,0.180679999999993,0.180000000000291,0.00162583311889054,25,2.37147999999928,2.13999999999942,0.836674673932598,25,0,0,0,25
"pretrain","oracle_Z","mixture_identity_start","ifeval_min30","balanced_moderate_dense_signed_cross","Cross",400,500,10,"3-3-3-3-3-3-3-3-3-3",1.42642035776022,1.41522790475262,0.137327035168331,25,0.568776528188644,0.568776528188644,0,25,0.0977028281676083,0.0997883197058618,0.0196928017296129,25,0.380240073635733,0.379862304474049,0.00179199811319813,25,0.0679883924701282,0.0667237399845678,0.0100533148143715,25,0.0672743338438538,0.066593276596861,0.0108032424052347,25,0.0272043740685202,0.0262564929800885,0.00784878410048836,25,0.412377153668363,0.413135232291916,0.00674595741105677,25,0.0974865644494804,0.0965787463734072,0.00342891058047639,25,0.42376054360173,0.424295428835461,0.00649707919501475,25,0.0718270363595019,0.0717912126595871,0.000683620134723602,25,0.15597580334983,0.157187377438177,0.00261270033497946,25,1.06327129891985,1.06353773099058,0.00284881790573724,25,0.976597687332767,0.976283758553027,0.00147922133596697,25,2.29239999999874,2.04799999999523,0.750177923340064,25,2.29239999999874,2.04799999999523,0.750177923340064,25,0.11907999999763,0.119000000006054,0.000909212113424321,25,2.17332000000111,1.92799999999988,0.750317528339943,25,0,0,0,25
"pretrain","oracle_Z","mixture_identity_start","ifeval_min30","balanced_moderate_dense_signed_cross","Cross",400,500,5,"2-2-2-2-2",1.1972087867513,1.26384189158525,0.453753622304865,25,0.745843276530558,0.745843276530558,0,25,0.100061140378662,0.0994792521538118,0.0240176264097122,25,0.395966916845301,0.39624393413512,0.00140408048706949,25,0.0464716883693337,0.0467323184461208,0.0133155128838339,25,0.0243603871443406,0.0250952138119015,0.0028341506753635,25,0.0239771764351146,0.0241612526146174,0.00692565123986922,25,0.297156338511517,0.297124436168234,0.00501395973276135,25,0.11096515307836,0.110482269407159,0.00535344295091622,25,0.317222987490275,0.317048298512973,0.00615579849489077,25,0.047694214892247,0.0476916933343212,0.000572278642641266,25,0.122139853945229,0.122305506263709,0.00236658621822593,25,1.03673210865712,1.03758296749481,0.002020386043988,25,0.987443999414839,0.987484908755546,0.0012701561576553,25,0.86955999999991,0.811000000000604,0.251599562797678,25,0.86955999999991,0.811000000000604,0.251599562797678,25,0.120400000000009,0.119999999999891,0.00138443731045635,25,0.749159999999902,0.686000000000604,0.251796491900353,25,0,0,0,25
"pretrain","oracle_Z","mixture_identity_start","ifeval_min30","balanced_moderate_dense_signed_cross","Cross",400,500,5,"3-3-3-3-3",1.44163392555179,1.5463777851568,0.264920004288717,25,0.745843276530558,0.745843276530558,0,25,0.0918595142337658,0.0968643554313906,0.0223586232104429,25,0.371966705030726,0.372479597483392,0.00326089216248501,25,0.0675153737804937,0.0635634855414704,0.0142054727450457,25,0.0664382810265822,0.0643071301058152,0.0177191502046049,25,0.0290712091768708,0.0267997262438504,0.0128132206916939,25,0.294069800319228,0.294751271090079,0.00537936392588459,25,0.0957555809731334,0.0953355883129375,0.00410586706573901,25,0.30928099623578,0.308842877566228,0.00607316392694649,25,0.0498540240893266,0.0499339950193724,0.000391706241716792,25,0.128374525154897,0.128437035943672,0.0035308237438121,25,1.0339110316878,1.03342273571739,0.00262983238705286,25,0.987075833664573,0.987039779679659,0.00195145122806224,25,1.05631999999983,1.06899999999951,0.207028927124158,25,1.05631999999983,1.06899999999951,0.207028927124158,25,0.118999999999651,0.118999999998778,0.000816496580908418,25,0.937320000000182,0.950000000000728,0.207215009108111,25,0,0,0,25
"refined","estimated_Z","fastica_only","ifeval_min30","balanced_moderate_dense_signed_cross","Cross",100,1000,10,"2-2-2-2-2-2-2-2-2-2",0.135829630797991,0.134789832149287,0.0068053135363949,25,0.171348034084226,0.171399352028176,0.00194160533397493,25,0.276033499036111,0.266149253027054,0.0330096385283595,25,0.0960510775310478,0.0960589635553153,0.00116725910633391,25,0.0984685871573423,0.0983160213675283,0.0203208316148865,25,0.0620427057503349,0.0608873361512699,0.00477052937488443,25,0.0496900711547057,0.0499950526277055,0.0113503740095487,25,0.730633134326008,0.728302930296749,0.0209821384318104,25,0.216451435944349,0.218383695520778,0.00840644105943583,25,0.762035978375825,0.760898809095317,0.0220711540462484,25,0.111642428722671,0.111792905319686,0.00110152143667897,25,0.134992971781253,0.134977299373385,0.00674829573879627,25,1.20524539629547,1.20577831813131,0.0145325089617227,25,0.938235119275692,0.938143556971844,0.00255350921300915,25,7.22120000000039,6.19499999999971,2.64761943388237,25,7.22120000000039,6.19499999999971,2.64761943388237,25,1.24000000000087,1.25700000000143,0.0937803284278635,25,0.0479199999998673,0.0469999999986612,0.0072567210225968,25,5.93327999999965,4.92599999999948,2.6263287195882,25
"refined","estimated_Z","fastica_only","ifeval_min30","balanced_moderate_dense_signed_cross","Cross",100,1000,10,"3-3-3-3-3-3-3-3-3-3",0.373710032485602,0.341834218372755,0.165353256884971,25,0.228515250841499,0.210750509712095,0.0625680190189776,25,0.257835172847169,0.259695244258051,0.0174319567984937,25,0.106333077141818,0.105563266130334,0.00426508904793374,25,0.751795753242408,0.749829612020108,0.31100866545793,25,0.300991884802249,0.29587465940806,0.0290935586763838,25,0.17150293388987,0.176034992042956,0.0217694033720769,25,0.791868092398129,0.796636593240753,0.0258162199674859,25,0.241796344404639,0.240934566680132,0.0101612409710246,25,0.827984475892296,0.831583147768896,0.0270261161749372,25,0.117337690630712,0.117288569361066,0.000977989452254384,25,0.145211045568691,0.145102583757395,0.00408584008073079,25,1.24813923395092,1.25003807387313,0.0171424347768522,25,0.938981508190446,0.938790560577362,0.00263345733413176,25,29.2269999999984,29.1130000000121,8.56160003542957,25,29.2269999999984,29.1130000000121,8.56160003542957,25,1.62075999999826,1.62600000000384,0.0954429498017752,25,0.0945999999990454,0.0979999999981374,0.00865544144855835,25,27.5116400000011,27.3360000000102,8.53842910454469,25
"refined","estimated_Z","fastica_only","ifeval_min30","balanced_moderate_dense_signed_cross","Cross",100,1000,5,"2-2-2-2-2",0.126523415009347,0.111032956977403,0.0732415246431048,25,0.184086123660263,0.177380577322305,0.0298320653537294,25,0.274897101555841,0.270198730554207,0.0413927892464653,25,0.0747231074799868,0.0747813693358938,0.0012838876457088,25,0.102045819953346,0.0886473419062513,0.0543852554865996,25,0.072512796606023,0.0633014001133291,0.0404971037127256,25,0.0519204757708897,0.044930805329763,0.0318358892378495,25,0.469831082754465,0.469887436960456,0.014135998368833,25,0.196285173961517,0.196926492756193,0.00712395875169583,25,0.509203435797818,0.507892933102177,0.0151908332997186,25,0.0775588951736822,0.0776173482276625,0.000866102734672758,25,0.101791802334717,0.101890310073588,0.00522756868412735,25,1.09164124793847,1.09276309609495,0.00647327188760067,25,0.966921875728539,0.967253821492648,0.0024501674459429,25,4.44472,4.52199999999993,0.393539654926936,25,4.44472,4.52199999999993,0.393539654926936,25,1.0904,1.11400000000003,0.0930774766883303,25,0.025319999999997,0.0240000000000009,0.00405914605140614,25,3.32900000000001,3.38,0.368109132368837,25
"refined","estimated_Z","fastica_only","ifeval_min30","balanced_moderate_dense_signed_cross","Cross",100,1000,5,"3-3-3-3-3",0.222969684685197,0.150461225858365,0.133225295236772,25,0.214176468286682,0.183270213802216,0.059310373801171,25,0.250410989058688,0.241734262722832,0.0353939868144874,25,0.0811992026057396,0.0811784062006547,0.0021394826891826,25,0.394369911649923,0.337480935926606,0.158675556220725,25,0.282083145287803,0.280873557205845,0.0228719139344607,25,0.157256932275964,0.150465497205574,0.0348207933775702,25,0.493015197295838,0.494093523332423,0.0124549416297447,25,0.195644354509018,0.195245694527434,0.00731970119566081,25,0.530440132085411,0.53237662568462,0.0134752837727817,25,0.0827194504355938,0.0827230790286382,0.00077411343543112,25,0.113197584573343,0.112941008660348,0.00714384750234428,25,1.10123038137143,1.10076671224343,0.00652476582250248,25,0.96676614034703,0.96670716958512,0.0018773791482385,25,7.9904000000003,6.99799999999959,2.54109707278805,25,7.9904000000003,6.99799999999959,2.54109707278805,25,1.41056000000011,1.42499999999927,0.0807852503040975,25,0.0550800000000163,0.0540000000000873,0.00593660958244709,25,6.52476000000017,5.50500000000102,2.5235710028976,25
"refined","estimated_Z","fastica_only","ifeval_min30","balanced_moderate_dense_signed_cross","Cross",100,1500,10,"2-2-2-2-2-2-2-2-2-2",0.152135645431059,0.126706615215553,0.0685734687363068,25,0.179205189783305,0.173157950690128,0.0229164658685847,25,0.263071284981855,0.258526799457684,0.0357240495352713,25,0.0941635724608712,0.0942369231555482,0.000941185674145284,25,0.144746453566676,0.103376160202605,0.146093885944706,25,0.0984434510395966,0.0655837000377663,0.0843256197739484,25,0.0574482366368685,0.0529967090387517,0.0311850079109713,25,0.692752862298873,0.684684917473847,0.0250912927255322,25,0.208816585399054,0.205898239265521,0.00920727305878452,25,0.723553150471753,0.71522237237813,0.0263688969500321,25,0.108189223624205,0.107947424587048,0.00112284952764711,25,0.118572959846081,0.117785461492275,0.00469831597076129,25,1.18347086948309,1.18050497796954,0.0158687601219554,25,0.940123081449255,0.939963674915339,0.00157161712828616,25,7.22224000000104,6.53699999999662,1.83476965584224,25,7.22224000000104,6.53699999999662,1.83476965584224,25,1.58440000000031,1.5769999999975,0.180948197007034,25,0.051359999999404,0.0500000000029104,0.00777753174219212,25,5.58648000000132,4.86299999999756,1.83528606126383,25
"refined","estimated_Z","fastica_only","ifeval_min30","balanced_moderate_dense_signed_cross","Cross",100,1500,10,"3-3-3-3-3-3-3-3-3-3",0.391996165193841,0.369659865587805,0.158526045791376,25,0.238799868972135,0.210324331770335,0.0669539576111355,25,0.273036057714719,0.266290178664535,0.0381701295192504,25,0.105066845838655,0.104179257381231,0.0046393317730103,25,0.767187320104537,0.810753996488468,0.317293980450512,25,0.331244873134309,0.303735035715614,0.109026904481505,25,0.169371550136263,0.169152840937613,0.0360455679046009,25,0.748190649734033,0.747573544067268,0.0204895360730482,25,0.229188049192569,0.228282498474416,0.00658749014993078,25,0.782520079579006,0.781235790255468,0.021001556692341,25,0.114550925294596,0.1145129347672,0.000929065881465074,25,0.127147677812544,0.127602730867586,0.00635052692249713,25,1.21997900286595,1.21837081117563,0.0137327791172033,25,0.940120739604502,0.940768985329916,0.00201127750118928,25,29.570639999999,27.4949999999953,11.4238083801632,25,29.570639999999,27.4949999999953,11.4238083801632,25,2.20119999999937,2.1929999999993,0.146714291509267,25,0.0995599999994738,0.100999999995111,0.0120487897057132,25,27.2698800000001,25.166000000012,11.4155910028076,25
"refined","estimated_Z","fastica_only","ifeval_min30","balanced_moderate_dense_signed_cross","Cross",100,1500,5,"2-2-2-2-2",0.113588808537664,0.0988038446381542,0.0677663339185261,25,0.188986908219857,0.181348327559388,0.0384018284419715,25,0.263766249502562,0.262109881213923,0.0353207383703974,25,0.0738735696529247,0.0737054901416185,0.00146662203632044,25,0.10769244924737,0.100862306575211,0.0484884764476405,25,0.0691603225323853,0.0646137772860889,0.0305779143760158,25,0.0544505012202995,0.0516286032995676,0.0255351910656434,25,0.452905628226464,0.450738313808217,0.012857232984536,25,0.196344004053968,0.196373459793889,0.00630933968522239,25,0.493650311426539,0.493179158216034,0.013721849768426,25,0.0761894152642094,0.0761769012127644,0.000817290401892368,25,0.0896811851075491,0.090207568976413,0.00452585349848633,25,1.0854235580728,1.08395806131569,0.00693296988409309,25,0.967911214430536,0.967852293736669,0.00224729346405376,25,5.55348000000002,5.39799999999991,1.30846847879494,25,5.55348000000002,5.39799999999991,1.30846847879494,25,1.42092000000003,1.43399999999997,0.114035783857535,25,0.0287599999999748,0.02800000000002,0.00534072404580051,25,4.10380000000001,3.93299999999999,1.30385211329094,25
"refined","estimated_Z","fastica_only","ifeval_min30","balanced_moderate_dense_signed_cross","Cross",100,1500,5,"3-3-3-3-3",0.153220486140433,0.136962333442037,0.0754470427765428,25,0.192108443103189,0.186696584880623,0.0328498731213739,25,0.246811040954412,0.244328906286454,0.028572441838574,25,0.0796306958330879,0.0795533005612859,0.00176955920859684,25,0.397832387925164,0.329748910935806,0.157130800347697,25,0.275891546824215,0.275173953506284,0.0214488924277242,25,0.148652965199121,0.147068664412131,0.0312995085226643,25,0.473450466745948,0.473108170565005,0.01727428746297,25,0.194116520429951,0.192341803659253,0.0081607647213792,25,0.511712620625848,0.510122984918295,0.0187405804861116,25,0.0809891435681298,0.0810131182571078,0.000810819702661732,25,0.0963444857984255,0.0948351685863284,0.0062541907401174,25,1.09376811394513,1.09319181802535,0.0080278883657452,25,0.967858116612233,0.96800747553614,0.00203371865417848,25,9.25279999999977,9.02199999999903,4.36792349597191,25,9.25279999999977,9.02199999999903,4.36792349597191,25,1.9932,2.01800000000003,0.154896201804035,25,0.0584799999997631,0.0580000000009022,0.00617872694568725,25,7.20112000000001,7.10199999999895,4.33489654163318,25
"refined","estimated_Z","fastica_only","ifeval_min30","balanced_moderate_dense_signed_cross","Cross",100,2000,10,"2-2-2-2-2-2-2-2-2-2",0.137403863096522,0.121392752476218,0.0466850680222304,25,0.175374188101968,0.172813079385685,0.00997127817060423,25,0.260739064587486,0.255955635986438,0.0243414823056262,25,0.0932706248052712,0.0930395289374928,0.000860189718483943,25,0.106666393057957,0.0938563757100885,0.0463092578291746,25,0.0881943301649616,0.0690259508224944,0.0591634200658458,25,0.0498379366879495,0.0472211087718396,0.0137977354833796,25,0.675101441617915,0.676533950091884,0.0190971617596627,25,0.206244290737961,0.206664677267766,0.00540872997242324,25,0.705913007744794,0.70721405377596,0.0194638324472197,25,0.106923556829504,0.107012079275146,0.00110763072969116,25,0.110656661669867,0.111623237515188,0.00485841071473747,25,1.1738283327432,1.17302442985708,0.0116037846921084,25,0.941228680663329,0.941343625777153,0.00155862558502764,25,7.55564000000042,7.06900000001042,1.39828576239925,25,7.55564000000042,7.06900000001042,1.39828576239925,25,1.95696000000084,1.99500000000262,0.167845534147734,25,0.0516400000004796,0.0529999999998836,0.00543813693531541,25,5.54703999999911,4.92299999999523,1.38991616893479,25
"refined","estimated_Z","fastica_only","ifeval_min30","balanced_moderate_dense_signed_cross","Cross",100,2000,10,"3-3-3-3-3-3-3-3-3-3",0.452021170043252,0.444600989860553,0.166172603849801,25,0.267408924808453,0.260039418670206,0.0733680777144622,25,0.268701351361665,0.27523167318555,0.024733514238609,25,0.106786919994045,0.106242265650907,0.00566000248460356,25,0.90489001865367,0.886470090973998,0.403388584748375,25,0.329537614182581,0.315852207279699,0.0536210824816137,25,0.18943338540186,0.188575238029022,0.0239222796723777,25,0.727830200978402,0.727983399930861,0.0167744918797643,25,0.226827083911731,0.227137685983202,0.00730522983479181,25,0.762367351716682,0.761361394564226,0.0178158535143456,25,0.113423062124458,0.113596267811647,0.000759451813948921,25,0.117578216644534,0.117905142436345,0.0073559344247366,25,1.2080844291291,1.20772097101144,0.0110488870631955,25,0.940884544943493,0.940566682536772,0.0013408495158207,25,31.1994000000018,28.9110000000073,12.6966417541548,25,31.1994000000018,28.9110000000073,12.6966417541548,25,2.79959999999963,2.80599999999686,0.167571626477061,25,0.105280000001076,0.105999999999767,0.0106047159355388,25,28.2945200000011,26.125,12.6614535142415,25
"refined","estimated_Z","fastica_only","ifeval_min30","balanced_moderate_dense_signed_cross","Cross",100,2000,5,"2-2-2-2-2",0.116734422109479,0.100642919557644,0.0756351651617829,25,0.19034425550094,0.18308845543849,0.0353807615818409,25,0.267792139727724,0.263037725917666,0.031997265517178,25,0.0735027462586022,0.0734336859055756,0.0012871574509084,25,0.114690153793717,0.101304151664359,0.0794469302389653,25,0.082292478345108,0.0655594023184727,0.0851210050506717,25,0.0527212178410854,0.0515854572148338,0.020786071674386,25,0.446503714712485,0.446255264832729,0.0115130656696508,25,0.194235214594827,0.192855436214645,0.00681004326167628,25,0.486939408592781,0.486010506509997,0.012693029402038,25,0.0753703767623475,0.0754114683580281,0.000425925605934574,25,0.0821988202063303,0.0813670709491905,0.00543384837195176,25,1.08313655886201,1.08437956998834,0.00518655045513337,25,0.968571574259923,0.968650764849346,0.00161139684450106,25,5.9185200000001,6.30600000000027,0.981961350223743,25,5.9185200000001,6.30600000000027,0.981961350223743,25,1.85496000000002,1.827,0.142423511635733,25,0.0316400000000158,0.0309999999999491,0.00489795875855437,25,4.03192000000006,4.45899999999983,0.944617908645227,25
"refined","estimated_Z","fastica_only","ifeval_min30","balanced_moderate_dense_signed_cross","Cross",100,2000,5,"3-3-3-3-3",0.186210850648769,0.126366806834434,0.147727454168488,25,0.215125398512173,0.18848714623018,0.0804368743090319,25,0.251241062495408,0.246329801241816,0.03362892505888,25,0.0800220216020032,0.0795242627194926,0.00337007470463226,25,0.408600712159111,0.323900012054818,0.222888891747649,25,0.274802397953388,0.27407141194042,0.018195052750906,25,0.167104680658916,0.170950195171263,0.0317607074617396,25,0.462895524876611,0.464977721079788,0.0110307371029252,25,0.191445911656813,0.191719296411093,0.00634790490461084,25,0.500939680725181,0.502291559135607,0.0120214414025429,25,0.0803320508040958,0.0806312209340233,0.000858208479992697,25,0.089837753273104,0.0890101303876053,0.00498346518343329,25,1.08939703074316,1.08971740047142,0.00577547805583582,25,0.968596872394498,0.968419231433043,0.0021456002576486,25,10.5309199999998,9.38199999999779,5.4134095226571,25,10.5309199999998,9.38199999999779,5.4134095226571,25,2.50940000000039,2.51100000000042,0.145126094598059,25,0.0606399999999849,0.0599999999976717,0.00525896060672164,25,7.96087999999945,6.90100000000166,5.41797395496347,25
"refined","estimated_Z","fastica_only","ifeval_min30","balanced_moderate_dense_signed_cross","Cross",100,500,10,"2-2-2-2-2-2-2-2-2-2",0.170674217676497,0.158132694629057,0.0381058432438581,25,0.168817741053464,0.166161221871709,0.00855675726503573,25,0.27115011428465,0.269025093989163,0.0326686024311174,25,0.0998631952934021,0.0994275110656317,0.00180521212207783,25,0.146267445611452,0.0936211939919767,0.217265943090683,25,0.0728109312069376,0.0526437835055408,0.0618834347364121,25,0.0529949500610341,0.0477219842869551,0.025253403918317,25,0.854420550689656,0.854914031162503,0.0393628340398076,25,0.244549640742141,0.242902461724103,0.016819520874257,25,0.888771290409641,0.89074835843117,0.0418782137840008,25,0.11915084276594,0.11935228644037,0.00171741844426643,25,0.175516258314862,0.171817533955644,0.00801471177634573,25,1.28435205455881,1.28530869012648,0.0280630869203857,25,0.93397555669652,0.93414574717499,0.00253686344532406,25,6.47540000000023,5.18699999999808,2.59284602319507,25,6.47540000000023,5.18699999999808,2.59284602319507,25,0.846639999999752,0.843000000000757,0.0747890811997967,25,0.0510400000003574,0.0489999999990687,0.00912633551807018,25,5.57772000000012,4.31700000000274,2.56933108220813,25
"refined","estimated_Z","fastica_only","ifeval_min30","balanced_moderate_dense_signed_cross","Cross",100,500,10,"3-3-3-3-3-3-3-3-3-3",0.360958476832669,0.300128674033427,0.179130750937922,25,0.221367145466303,0.200427028763687,0.0760752468302577,25,0.26028125567267,0.257029222891712,0.0246708892779793,25,0.110901090389292,0.10915518551661,0.00540984713035948,25,0.618450002763582,0.48349887176387,0.314703843459062,25,0.270878665917471,0.269861455733481,0.0157500878062755,25,0.1867710778866,0.18647521206728,0.032860616675463,25,0.885330288449517,0.884065278506534,0.0147583973960836,25,0.253732281581533,0.254426143732982,0.00752403232694635,25,0.921003839793171,0.920050402930218,0.0146188359809929,25,0.123577654319859,0.123783348739983,0.00092669619190779,25,0.182638440786768,0.182644023038658,0.00589525507570821,25,1.30588643228382,1.30592316478963,0.0100927058520951,25,0.934022478731268,0.93397981054711,0.00314935274098584,25,128.47388,36.8079999999973,412.984814883702,25,128.47388,36.8079999999973,412.984814883702,25,1.09528000000078,0.978000000002794,0.220159699611879,25,0.105159999999451,0.101999999998952,0.0190999127402773,25,127.27344,35.7479999999996,412.881690569776,25
"refined","estimated_Z","fastica_only","ifeval_min30","balanced_moderate_dense_signed_cross","Cross",100,500,5,"2-2-2-2-2",0.157434415491578,0.132818867584521,0.0874834843344888,25,0.193943033270905,0.176960129780994,0.0573657368501938,25,0.269430847281473,0.260537156192522,0.0346999241963669,25,0.0770134422975451,0.0766306991620922,0.00220777896158489,25,0.117391630406048,0.0946746339220081,0.0873612501873831,25,0.0824489082148271,0.0563677406123901,0.102264183910438,25,0.0531409346961189,0.0486743557024012,0.0288473496066342,25,0.525333635961724,0.530411093388952,0.0196190402721793,25,0.206110644591301,0.207225753029624,0.00835364028915614,25,0.564350303363665,0.571037828762994,0.0204701109684126,25,0.0817281547187452,0.0816323432177843,0.0012194736660369,25,0.133480151554653,0.131800211783067,0.00524576942490392,25,1.11630006322615,1.11738305811167,0.0105124819807542,25,0.964967631408917,0.965515107950592,0.00300269178821969,25,3.61956,3.60000000000002,0.188771705153781,25,3.61956,3.60000000000002,0.188771705153781,25,0.70828,0.717999999999989,0.0586419360753618,25,0.0253199999999998,0.0229999999999997,0.00887280489285141,25,2.88596,2.84699999999998,0.171883555544643,25
"refined","estimated_Z","fastica_only","ifeval_min30","balanced_moderate_dense_signed_cross","Cross",100,500,5,"3-3-3-3-3",0.205996313437522,0.156605966337132,0.134745067363272,25,0.206027160329057,0.17986671698792,0.0769210262806652,25,0.258120394779122,0.248001625400969,0.0342727308601503,25,0.0841121535991578,0.0832741563354915,0.00399217082170236,25,0.323809037411106,0.30498252057472,0.0675453359525974,25,0.262147623579695,0.260580796818317,0.01762229713621,25,0.164774355700684,0.164562044006055,0.0360566910615103,25,0.538826066951769,0.534434384138134,0.0178657495883127,25,0.202170007958517,0.201998831101194,0.00889176886173933,25,0.575553276097171,0.574237686522718,0.0184556771369811,25,0.0864986156498831,0.0864851581061519,0.00141460833346008,25,0.142820293583676,0.143919927385746,0.00771189400414731,25,1.12121107528962,1.11894806006531,0.0110422989921015,25,0.964481524385647,0.96516421180578,0.00377038109697618,25,7.68175999999978,7.01400000000103,3.29416169507976,25,7.68175999999978,7.01400000000103,3.29416169507976,25,0.860520000000033,0.846999999999753,0.0586288609249607,25,0.0543599999999424,0.0529999999998836,0.00694550214171505,25,6.7668799999998,6.09799999999996,3.27856373940346,25
"refined","estimated_Z","fastica_only","ifeval_min30","balanced_moderate_dense_signed_cross","Cross",200,1000,10,"2-2-2-2-2-2-2-2-2-2",0.116829359781527,0.117222487365369,0.00212699787101496,25,0.135723150802505,0.136106517734117,0.00175934212944464,25,0.202604820914305,0.200236507883424,0.0214882371755135,25,0.0703246161061007,0.0703281397123874,0.000579517047925508,25,0.0665443051072411,0.0704780040916158,0.0147003378504725,25,0.0267571650253571,0.0266895052768368,0.0027905764738998,25,0.0341587371346742,0.0362443418413734,0.00771275938492413,25,0.477415870907442,0.477773387672505,0.00616699671147309,25,0.143267741923386,0.142128070862994,0.0047795579641367,25,0.498467421951155,0.498572857137149,0.00647349607435726,25,0.0812955764097527,0.0814593096097521,0.000682481194004195,25,0.118644543416647,0.119121208859651,0.00277621395488054,25,1.08607279585171,1.0855342513809,0.0031106145058977,25,0.966687027734447,0.966496633719268,0.00126167632551014,25,13.4812,13.4219999999987,0.32465263487821,25,13.4812,13.4219999999987,0.32465263487821,25,5.29779999999941,5.2589999999982,0.337508148050288,25,0.0751600000003236,0.0740000000005239,0.00664379409720108,25,8.10824000000022,8.11399999999412,0.138759167864744,25
"refined","estimated_Z","fastica_only","ifeval_min30","balanced_moderate_dense_signed_cross","Cross",200,1000,10,"3-3-3-3-3-3-3-3-3-3",0.168179685894736,0.133183830073629,0.0702644411979434,25,0.142340166609119,0.132550314232007,0.0214770867504738,25,0.187173267100536,0.185323489582169,0.0177213560562136,25,0.0751217919814356,0.0748914171960982,0.00103986916695239,25,0.204530835450921,0.190451801341142,0.064679724474817,25,0.173948105325627,0.17403852085636,0.0268788715985229,25,0.0827513337403766,0.0832168655544508,0.0203125246921135,25,0.480853763005814,0.48121765880928,0.00722370526282596,25,0.138735663897723,0.139053635071702,0.00421802950720687,25,0.500476929351128,0.501307234635295,0.0077690467750583,25,0.0847506955229611,0.0847191697505069,0.00061386334964634,25,0.124425523214205,0.124525858059656,0.00350163968832714,25,1.08720123363732,1.08676009859591,0.00385736839002602,25,0.967066162338944,0.967075138624574,0.00153210109750799,25,17.8168399999995,16.2530000000115,7.01843946139611,25,17.8168399999995,16.2530000000115,7.01843946139611,25,4.77207999999984,4.76499999999942,0.200177404652932,25,0.108399999999674,0.105000000010477,0.0125033328885189,25,12.93636,11.2510000000038,6.9293907132344,25
"refined","estimated_Z","fastica_only","ifeval_min30","balanced_moderate_dense_signed_cross","Cross",200,1000,5,"2-2-2-2-2",0.0971943801648468,0.0971510551036867,0.00272829642169304,25,0.143094505291099,0.14297415417356,0.00328273178371595,25,0.204873803564269,0.19897517980305,0.0287899808087924,25,0.0542097577152444,0.0541533254888923,0.000697777204372299,25,0.0648734461613518,0.0692557128665157,0.0162582939794462,25,0.0288061700930413,0.0286004491599563,0.00241043545826255,25,0.0332001572149181,0.0355422394092503,0.00886419485787977,25,0.335260854770584,0.336082531459926,0.006882152435247,25,0.145243296672191,0.145128482625984,0.00666718620930746,25,0.365395477233186,0.365693006928846,0.00852349483100866,25,0.0564509873594525,0.056576290404047,0.000511729487035264,25,0.0937992239095577,0.0932598714623351,0.00321209283000866,25,1.04737564518091,1.04755297619953,0.00306367386162816,25,0.982136723978484,0.982105380271351,0.00169371038977401,25,7.1766,7.20499999999993,0.183953119027639,25,7.1766,7.20499999999993,0.183953119027639,25,3.52344000000001,3.44900000000007,0.186806959185105,25,0.0356799999999748,0.0350000000003092,0.00299610858727616,25,3.61748000000001,3.60399999999981,0.0909794482286591,25
"refined","estimated_Z","fastica_only","ifeval_min30","balanced_moderate_dense_signed_cross","Cross",200,1000,5,"3-3-3-3-3",0.110191077531744,0.110271150762537,0.00407086923708252,25,0.140125718696566,0.140010095861109,0.00418821034553616,25,0.195399559999649,0.17902758395945,0.0383446000423982,25,0.0586217202793129,0.0586683835295466,0.000880331829634331,25,0.162066336632137,0.158758757132912,0.0421564144492565,25,0.14672718705084,0.145530364352614,0.0277248604779956,25,0.0640089861688415,0.0671021030000083,0.0303147020437041,25,0.33605467024537,0.337555766011098,0.008542579840951,25,0.132253882933741,0.132302215012105,0.00467124784096651,25,0.361157803935316,0.363140873930871,0.009121630602636,25,0.0599092081280784,0.0598554287517175,0.000653030553205807,25,0.10237520278369,0.103495892240066,0.00488301163052143,25,1.04628367211038,1.04587585224498,0.00343261183294369,25,0.982642083802302,0.982559100415882,0.00116142369522782,25,9.69055999999982,9.23499999999694,1.82317104884149,25,9.69055999999982,9.23499999999694,1.82317104884149,25,4.50451999999947,4.52199999999721,0.260757090027918,25,0.0733600000001024,0.0730000000003201,0.00341418609118894,25,5.11268000000026,4.64199999999983,1.79914344712575,25
"refined","estimated_Z","fastica_only","ifeval_min30","balanced_moderate_dense_signed_cross","Cross",200,1500,10,"2-2-2-2-2-2-2-2-2-2",0.10358982546027,0.103707926432941,0.0021360265912911,25,0.13790197589543,0.138295426874945,0.00158105284340973,25,0.203112837291268,0.194191713788165,0.0318301020145656,25,0.0679182750920659,0.0679903625846847,0.000632696600170094,25,0.0703592195734851,0.0686577989642725,0.0159263778996229,25,0.0306745886971108,0.030605894488815,0.00226533728767617,25,0.0360009666832454,0.0351914846614131,0.00840416931213763,25,0.464946755867752,0.465258589973469,0.00453155341364339,25,0.147155258826455,0.146909217762157,0.00500977967158021,25,0.487692876509771,0.487901500107951,0.00555481658521289,25,0.0784236466968463,0.0785302793823697,0.000382550273355482,25,0.10347037074815,0.103884724673412,0.00246383349066706,25,1.08356648127036,1.0836653054979,0.00293496314661062,25,0.969048525702234,0.968980283435029,0.00140760294086756,25,71.6317999999996,16.2800000000061,205.964859585521,25,71.6317999999996,16.2800000000061,205.964859585521,25,27.8041999999993,6.65699999999924,109.229377547892,25,0.0705600000001141,0.0729999999966822,0.00930089601309458,25,43.7570400000003,9.39299999999639,179.333038069649,25
"refined","estimated_Z","fastica_only","ifeval_min30","balanced_moderate_dense_signed_cross","Cross",200,1500,10,"3-3-3-3-3-3-3-3-3-3",0.136740223097202,0.113753443169436,0.0693836928623162,25,0.139570351051202,0.132757987269254,0.019111423373674,25,0.197799948523058,0.196490102490517,0.0215504609145188,25,0.0722577125225241,0.0719858570239762,0.00104769540026442,25,0.168604797589945,0.169201885245374,0.0275959551341279,25,0.167140062907569,0.166964036877654,0.0236667731818695,25,0.0682255619069776,0.0697238931921785,0.0129535828134362,25,0.457942732310861,0.457502411464811,0.00601121194361826,25,0.137061903289934,0.136937361092236,0.00385249805787367,25,0.47802278628564,0.477652769224237,0.0065083724455482,25,0.0820142488310611,0.0821334253134034,0.000742855101886603,25,0.107463468799123,0.107931518012311,0.0031454757572896,25,1.07887620733036,1.07922962422996,0.0029149152102458,25,0.968695661480643,0.968663905094252,0.00143611050504046,25,21.1150000000023,17.1999999999825,9.86214675328362,25,21.1150000000023,17.1999999999825,9.86214675328362,25,6.1698000000004,6.1929999999993,0.217457275496946,25,0.111720000002533,0.110000000000582,0.0080183123739479,25,14.8334799999994,11.0589999999938,9.80890847699177,25
"refined","estimated_Z","fastica_only","ifeval_min30","balanced_moderate_dense_signed_cross","Cross",200,1500,5,"2-2-2-2-2",0.0838553451603919,0.0836970364188592,0.00229825177392213,25,0.146973050230797,0.146065333372969,0.00380812724588802,25,0.19623497609183,0.195006883274548,0.0159123123497048,25,0.0530158501356908,0.0529630969434489,0.00047108011470536,25,0.0685284343766982,0.0637007709396946,0.0210326781315895,25,0.0317555662933966,0.0321072495358032,0.0032996860214395,25,0.0350308754272332,0.0327742772503006,0.0113236291898108,25,0.328137783511857,0.326037749221088,0.00506262769549908,25,0.149688695082623,0.150148980492349,0.00489461548001691,25,0.360683368438921,0.358408743612804,0.00614258501598168,25,0.0550322142324545,0.0549798548877617,0.000339478794647654,25,0.0800024484549216,0.0802573553474712,0.00152247119305303,25,1.04676529341325,1.04608265531562,0.00249565974904424,25,0.983128188103468,0.983285244574473,0.00103897717247065,25,8.71040000000012,8.65700000000015,0.270274551767848,25,8.71040000000012,8.65700000000015,0.270274551767848,25,4.53076000000005,4.45200000000023,0.258185701902046,25,0.0383600000001024,0.0389999999997599,0.00308058436015403,25,4.14127999999997,4.15999999999985,0.0833954035504464,25
"refined","estimated_Z","fastica_only","ifeval_min30","balanced_moderate_dense_signed_cross","Cross",200,1500,5,"3-3-3-3-3",0.0964941161728846,0.0957004394212817,0.00611178795675155,25,0.143499039995223,0.143957159036987,0.00591250126383106,25,0.17814071439412,0.169232273323437,0.024668711604221,25,0.0572035616750798,0.0572290203609526,0.000947071905960256,25,0.155949934554857,0.159684683225529,0.0364717345017372,25,0.160197745377624,0.16004882727995,0.0305099957768673,25,0.0583252127154359,0.060942203274649,0.0232503037661075,25,0.324143717525566,0.324928582445848,0.004766747527186,25,0.132194522215007,0.131200453629485,0.00476391371013323,25,0.350080846070224,0.350077419165302,0.00573209306744453,25,0.0583018928716179,0.0582099984681781,0.000466571497715954,25,0.0878252909771692,0.0879560647576786,0.00304943883099546,25,1.04325760485898,1.04391022728799,0.0019909344300402,25,0.983323254677948,0.983173835449379,0.00123544038440374,25,30.44832,12.4960000000028,90.3496112838529,25,30.44832,12.4960000000028,90.3496112838529,25,6.17347999999984,6.15999999999985,0.246858279180196,25,0.0800399999998626,0.0769999999974971,0.0101097312854449,25,24.1948000000003,6.38000000000102,90.2823409024896,25
"refined","estimated_Z","fastica_only","ifeval_min30","balanced_moderate_dense_signed_cross","Cross",200,2000,10,"2-2-2-2-2-2-2-2-2-2",0.0942131184336028,0.0939397515955658,0.00176613940631938,25,0.136993327184713,0.137091962980413,0.00150215717563869,25,0.198453851622592,0.194038069126985,0.021436837281547,25,0.0664171627580507,0.0664666646759608,0.000456464617517192,25,0.069568319421547,0.0732965529768226,0.0154911890274867,25,0.0326034360235825,0.0323063774006803,0.00188581510487877,25,0.0355284344021655,0.0375672589672279,0.00836554174252937,25,0.455628688004337,0.455557961900763,0.00414690936955543,25,0.148313998009729,0.148221217670104,0.00520129032582354,25,0.479179241649428,0.478999407155828,0.00502887264747545,25,0.0769285142032636,0.0769425424210155,0.000521747414849759,25,0.0937609240475146,0.0931299820949341,0.00283116946775192,25,1.08071385729468,1.08054670919781,0.00250564655865355,25,0.969919786640281,0.969961270045971,0.00110172054590404,25,20.4529599999991,20.497000000003,1.14734993499605,25,20.4529599999991,20.497000000003,1.14734993499605,25,8.63763999999879,8.62999999999738,0.420719114533397,25,0.082599999999511,0.0820000000021537,0.0059999999998177,25,11.7327200000008,12.0610000000015,0.924927182720185,25
"refined","estimated_Z","fastica_only","ifeval_min30","balanced_moderate_dense_signed_cross","Cross",200,2000,10,"3-3-3-3-3-3-3-3-3-3",0.144907801365736,0.105048706472285,0.0822519527677539,25,0.145174457346606,0.133965870614948,0.0298148505295995,25,0.189270023836193,0.186636274014042,0.0188606532107209,25,0.0711375256370614,0.0705310914819892,0.00157061739182807,25,0.307215096533536,0.183361231309698,0.342540928158363,25,0.185951244056492,0.176518850781693,0.0341509091978124,25,0.0741390972245761,0.0741972525988265,0.0220513119547103,25,0.446333087094823,0.446217397754384,0.00573857723401201,25,0.136211869686651,0.135382587426198,0.00439364413065083,25,0.466664428414891,0.466990845394236,0.00656341609890215,25,0.0807043362251635,0.0806974029384416,0.000467594429488628,25,0.0971434652551097,0.0973629962778711,0.00247516493706362,25,1.074849552421,1.07500438119922,0.00318676287051903,25,0.969549470647847,0.969586722165832,0.00125777166391651,25,23.9212799999997,21.3439999999973,9.81512254771708,25,23.9212799999997,21.3439999999973,9.81512254771708,25,7.87184000000067,7.74499999999534,0.427947006065348,25,0.113599999998696,0.113000000012107,0.0038729833465581,25,15.9358400000003,13.4969999999885,9.72146751044865,25
"refined","estimated_Z","fastica_only","ifeval_min30","balanced_moderate_dense_signed_cross","Cross",200,2000,5,"2-2-2-2-2",0.0775626695400033,0.0768463404267244,0.0043632528862923,25,0.147105960388706,0.147072297039384,0.00206062016281641,25,0.20405949121109,0.204685267764922,0.0318627913124058,25,0.0525552359975529,0.0526784442970724,0.000523193697582957,25,0.0692125960653752,0.0733463017319881,0.0219747165505293,25,0.0337643459895757,0.0334448251427028,0.00322638206369902,25,0.0352326138748606,0.0378101117095435,0.0118418596878665,25,0.32207715662274,0.32184936166869,0.0055494230448415,25,0.146771093209021,0.146894958090161,0.00613320168459247,25,0.353964813031698,0.354576552178606,0.00721944163846447,25,0.0543190870943431,0.0543942871584395,0.000325936759614194,25,0.0728619637981633,0.0727380910537843,0.00298108795170187,25,1.04467486791416,1.04481337006443,0.00268032135791388,25,0.983316088985452,0.983378870838899,0.00108566330531876,25,10.5664400000001,10.5950000000012,0.582132006793435,25,10.5664400000001,10.5950000000012,0.582132006793435,25,5.91152000000006,5.9380000000001,0.267828944166371,25,0.0431200000000536,0.0429999999996653,0.0027434771126154,25,4.61180000000004,4.6909999999998,0.510232871670809,25
"refined","estimated_Z","fastica_only","ifeval_min30","balanced_moderate_dense_signed_cross","Cross",200,2000,5,"3-3-3-3-3",0.108361356462641,0.0912583097832571,0.0442614261405693,25,0.146113020268855,0.140990659440878,0.0138519572107629,25,0.180331114172536,0.177950263729531,0.017634777530059,25,0.0566935519788351,0.0565380015816872,0.00101273952820745,25,0.15589625165459,0.165644079104933,0.0394667674934022,25,0.155718315784078,0.161391593920723,0.0367872432090681,25,0.0529400225002698,0.0566093488873071,0.0165315775612435,25,0.32152926454841,0.322739535120725,0.00619076605899305,25,0.134237468111713,0.134599595504568,0.00415996434577905,25,0.348439664297244,0.349381695801941,0.00676786238055315,25,0.0575225145772212,0.0575277226157904,0.000473339502204418,25,0.0818674050245709,0.0820301184939109,0.00318778240286287,25,1.04329468219964,1.04369026237235,0.00256420434741499,25,0.983885557022566,0.983959208234624,0.00112973582370048,25,14.13288,12.9390000000021,3.29787858984156,25,14.13288,12.9390000000021,3.29787858984156,25,7.87147999999987,7.88699999999881,0.32480919014142,25,0.0804399999999441,0.0800000000017462,0.00287344160608486,25,6.1809600000002,4.92199999999866,3.22395266559543,25
"refined","estimated_Z","fastica_only","ifeval_min30","balanced_moderate_dense_signed_cross","Cross",200,500,10,"2-2-2-2-2-2-2-2-2-2",0.145336741089717,0.14518693576403,0.00308660592233418,25,0.130511915960448,0.130210165134499,0.00180827718397498,25,0.197671886503562,0.197661471035206,0.0187612792682384,25,0.0759069235638914,0.0759228103983174,0.000860459248896146,25,0.0688086919419487,0.0714389887414371,0.0157551829978523,25,0.0206017749415072,0.0208856419473606,0.00237588961492786,25,0.0354233802735933,0.0368968586637556,0.00815738400734816,25,0.547741259848729,0.547612106153586,0.0121009383074014,25,0.14799565863596,0.147613816630541,0.00565841744579142,25,0.567408321600526,0.566709312484654,0.0121754395160561,25,0.0893350133988007,0.0893777912468292,0.000982606066039822,25,0.160314923531568,0.1601129444499,0.00462733060756108,25,1.11446347269683,1.11441253187196,0.0066436453481098,25,0.962095344320968,0.962705867614388,0.00220869185932046,25,7.90767999999807,6.64399999999296,2.33315010090116,25,7.90767999999807,6.64399999999296,2.33315010090116,25,3.06827999999892,2.8179999999993,0.606023962672457,25,0.0640799999999581,0.0610000000015134,0.0106728627845141,25,4.77531999999919,3.69400000000314,1.75129051749433,25
"refined","estimated_Z","fastica_only","ifeval_min30","balanced_moderate_dense_signed_cross","Cross",200,500,10,"3-3-3-3-3-3-3-3-3-3",0.211450848290948,0.169716361546582,0.11086008710818,25,0.145875992401151,0.126336256973705,0.0540325181890234,25,0.183118716919296,0.181515045783545,0.01419456839589,25,0.0828384056662065,0.0824245111290709,0.00219937922740628,25,0.183855483657258,0.183625891664134,0.042022424314459,25,0.154805503116106,0.15191594112076,0.0358155466378098,25,0.0777561367340494,0.0825037269680081,0.0186672122268355,25,0.561182740295456,0.560743040254313,0.00933652237704964,25,0.149828792189295,0.146971421810647,0.00617905953562531,25,0.580862823294438,0.581303995278687,0.00986644453245827,25,0.0923113194428347,0.0924649032872406,0.000667988139824662,25,0.165090894760603,0.165022428076094,0.00334003302344022,25,1.12096457739496,1.12109964709345,0.00507816078001402,25,0.961770384763508,0.962085458648192,0.00209008864165936,25,20.6098799999995,18.6300000000047,10.3313481103231,25,20.6098799999995,18.6300000000047,10.3313481103231,25,3.3310400000005,3.30999999999767,0.183756968123033,25,0.111159999996307,0.103999999992084,0.0170677083023674,25,17.1676800000027,14.8439999999973,10.2964767344632,25
"refined","estimated_Z","fastica_only","ifeval_min30","balanced_moderate_dense_signed_cross","Cross",200,500,5,"2-2-2-2-2",0.123417166729968,0.124000808247732,0.00376172930832156,25,0.141800632978605,0.141513945673509,0.00399989851984253,25,0.193785558297921,0.18403043406434,0.0310610617318655,25,0.0577184576956514,0.0574957239413509,0.000912791521124583,25,0.0626154207553312,0.0645918952845974,0.0242558147995405,25,0.0238019095185195,0.0238215921737841,0.00334193906597797,25,0.0321738495803996,0.0333699445342075,0.012742187863982,25,0.369585499894833,0.367810771583144,0.00692299728350466,25,0.143410842953205,0.143570137560531,0.00533812889938127,25,0.396458185445706,0.395348115511206,0.00752671445260422,25,0.0606947903357819,0.0606064035964863,0.000668833811708873,25,0.124711689036372,0.125305485250259,0.00339230417304948,25,1.05552338990802,1.05570613112125,0.00349160041861882,25,0.97915076667911,0.978608674548938,0.00214291947616548,25,5.47400000000001,5.4670000000001,0.137407847907791,25,5.47400000000001,5.4670000000001,0.137407847907791,25,2.37776000000002,2.36100000000033,0.122147206271754,25,0.0334799999999996,0.0330000000003565,0.00316385840394498,25,3.06276,3.06500000000005,0.0673246364020636,25
"refined","estimated_Z","fastica_only","ifeval_min30","balanced_moderate_dense_signed_cross","Cross",200,500,5,"3-3-3-3-3",0.173050293940714,0.141388044219296,0.0898957603215861,25,0.156121417843767,0.140859878929746,0.0475334106406692,25,0.18709782037783,0.181223090441392,0.0298911235044346,25,0.0630994469623488,0.0630432706163715,0.0015543382367309,25,0.167160071680152,0.167928488354406,0.0606841620892394,25,0.14542755400027,0.137523228508788,0.0456314681653608,25,0.0656127857883304,0.0680855737311467,0.0246876315645214,25,0.373058602425778,0.372672064423604,0.0111296281495958,25,0.132419238041175,0.132903885592398,0.00595496003897472,25,0.395886785480482,0.397035616775657,0.0118227135805887,25,0.0641584975771859,0.064338342762086,0.000782494311150961,25,0.133957748406981,0.13341096933449,0.00532647574479285,25,1.05546110559649,1.05635622141917,0.00489978143508046,25,0.979376473955065,0.97861415950486,0.0021397295735232,25,8.53707999999911,7.67599999999948,1.90224610482824,25,8.53707999999911,7.67599999999948,1.90224610482824,25,3.03723999999958,3.01500000000306,0.160595319565743,25,0.072159999999858,0.0709999999999127,0.0039966652765732,25,5.42767999999967,4.43899999999849,1.87767819216575,25
"refined","estimated_Z","fastica_only","ifeval_min30","balanced_moderate_dense_signed_cross","Cross",400,1000,10,"2-2-2-2-2-2-2-2-2-2",0.11426848737326,0.114697136658398,0.00173471160645299,25,0.0935665142416048,0.0937659147182231,0.00139545533261996,25,0.145254944195457,0.14396960189561,0.012159072863843,25,0.059288779268676,0.0594079037006352,0.000510138398720514,25,0.0443582756953929,0.0431793516564991,0.00840738564734959,25,0.0110805174625997,0.0110697103606944,0.00175225077562429,25,0.0228970577725719,0.0222437172146407,0.00435681011565821,25,0.373787637061656,0.373543989333361,0.00405039460050186,25,0.11503267772852,0.114822619527891,0.00365545669295304,25,0.391097872908072,0.390727287085134,0.00464866803987961,25,0.0617872195477518,0.0617496803013858,0.000291514109202925,25,0.112789198004653,0.112696166599076,0.00204838049296225,25,1.05504854098444,1.0547886595608,0.00232570049251313,25,0.980717145758278,0.98073925208088,0.00116756281104168,25,28.4920799999998,28.487000000001,0.914808264062256,25,28.4920799999998,28.487000000001,0.914808264062256,25,19.7967600000006,19.6990000000005,0.834593078491438,25,0.0979999999998836,0.0990000000019791,0.00492442890011595,25,8.59731999999931,8.50399999999354,0.512952541664625,25
"refined","estimated_Z","fastica_only","ifeval_min30","balanced_moderate_dense_signed_cross","Cross",400,1000,10,"3-3-3-3-3-3-3-3-3-3",0.132483211882498,0.132181386656936,0.00304063655960492,25,0.0926764132815627,0.0930260843950101,0.00213347825566155,25,0.135628984941042,0.137131854209209,0.0152922110326314,25,0.0631374926393304,0.0631289155645326,0.00062596478789993,25,0.0752963752335106,0.0741683953782596,0.00943140535458264,25,0.0463591994734335,0.0464749068411285,0.00958210729925161,25,0.0318999732498399,0.0309064355260636,0.0046391568934519,25,0.355846858799256,0.355407844672722,0.00347092231471361,25,0.0987727964195939,0.0993029126350222,0.00361329603822007,25,0.369311443810228,0.369067148405112,0.00410903250782116,25,0.063876091942235,0.063775607361085,0.000373717266140756,25,0.117294428280285,0.11741625097186,0.00182272766125155,25,1.04742128469223,1.04750084409458,0.00157717611351409,25,0.981032847132245,0.981115677460903,0.000998630784464769,25,23.1480000000022,23.1560000000027,1.13044622458004,25,23.1480000000022,23.1560000000027,1.13044622458004,25,17.5008799999981,17.4619999999995,0.668727169082084,25,0.140200000002515,0.14100000000326,0.00494974746848125,25,5.50692000000156,5.59500000000116,1.02590955254162,25
"refined","estimated_Z","fastica_only","ifeval_min30","balanced_moderate_dense_signed_cross","Cross",400,1000,5,"2-2-2-2-2",0.0942344579608453,0.0935838193505635,0.00230765094630575,25,0.0996524076841036,0.09921541528128,0.00231895766463457,25,0.147970057604522,0.146064405530064,0.0166279603653995,25,0.0437689947999589,0.0437543568650182,0.000512906671640774,25,0.0500637081160136,0.051943561350314,0.0121100629738928,25,0.0127105241081519,0.0125844139028139,0.00213837456476494,25,0.0258736106331943,0.026962448642921,0.0062957374428836,25,0.269856103529542,0.269923459566244,0.0045339104037767,25,0.119136203968365,0.118347229289804,0.00518754816009128,25,0.295005437279263,0.294517547874615,0.00587296093104669,25,0.0427488371521049,0.0427772448304025,0.000364403361407112,25,0.0906464519370307,0.0901622025793488,0.00225546684660648,25,1.03322503362489,1.03359864139876,0.00182332459995664,25,0.990492227798308,0.990634968277203,0.000993218348649724,25,17.3859599999999,17.3239999999996,0.577873074299532,25,17.3859599999999,17.3239999999996,0.577873074299532,25,13.4454400000002,13.4130000000005,0.536320339598218,25,0.0534799999997267,0.0529999999998836,0.00457456737485753,25,3.88704000000002,3.871000000001,0.0788281252684827,25
"refined","estimated_Z","fastica_only","ifeval_min30","balanced_moderate_dense_signed_cross","Cross",400,1000,5,"3-3-3-3-3",0.107506496595525,0.106778894372471,0.00355133031333168,25,0.0992546602929299,0.0987720887986141,0.00383216105307017,25,0.128101794602242,0.127789641834981,0.014949043045264,25,0.047021334208575,0.0468757518881519,0.000603361870271214,25,0.0647655179148731,0.0636669009849565,0.0116078760885666,25,0.0440519632915043,0.04510518988929,0.0104330358382325,25,0.0270299173631986,0.02774115842737,0.00523444175000144,25,0.261980700235312,0.261734150361177,0.00619050647129448,25,0.10045825303451,0.0995921357966598,0.00451433524035553,25,0.280595713790106,0.28036596529344,0.00708187463875595,25,0.0448775938363101,0.0447802635543784,0.000381569982860775,25,0.0980178795546135,0.0975825717749586,0.00223364921011204,25,1.02910746765084,1.02904591423245,0.00237948625603939,25,0.990422632628867,0.99069734338632,0.00123923692950125,25,22.3317199999998,22.1249999999964,0.944030080735581,25,22.3317199999998,22.1249999999964,0.944030080735581,25,18.05448,17.9079999999994,0.790809612570102,25,0.106399999999849,0.104999999999563,0.0125664898308381,25,4.17083999999988,3.98099999999977,0.410065206196476,25
"refined","estimated_Z","fastica_only","ifeval_min30","balanced_moderate_dense_signed_cross","Cross",400,1500,10,"2-2-2-2-2-2-2-2-2-2",0.0993903464515066,0.0996287295689421,0.00172335480211949,25,0.0951165919888979,0.0952700555924464,0.00121805578225119,25,0.149054229562081,0.149047347355131,0.00916986810153107,25,0.0560071770480077,0.0561115002408977,0.000447960037364865,25,0.0509670812900611,0.0513425383639951,0.00791181528885542,25,0.0138531532400643,0.0136675473958446,0.0013033352279869,25,0.026329223131044,0.0265208076891436,0.00411782896518866,25,0.369930115386441,0.370588682545385,0.00502512119949864,25,0.123708291706005,0.123117484625031,0.00476014691433559,25,0.390080507488229,0.39050465637572,0.00605734681471504,25,0.0588013375985239,0.058742684260549,0.00029220880405372,25,0.0967825072834364,0.096915366635041,0.00169998529602822,25,1.05695519557369,1.05700045724264,0.00243289256825064,25,0.982983663365601,0.982868438329152,0.000795533014281645,25,35.0178399999987,35.1359999999986,1.04857890658312,25,35.0178399999987,35.1359999999986,1.04857890658312,25,24.6322800000003,24.726999999999,0.989992951151637,25,0.114439999999304,0.11200000000099,0.0101697263155958,25,10.2711199999991,10.288999999997,0.196219120714747,25
"refined","estimated_Z","fastica_only","ifeval_min30","balanced_moderate_dense_signed_cross","Cross",400,1500,10,"3-3-3-3-3-3-3-3-3-3",0.129587159992443,0.116039575338019,0.03965460683272,25,0.100066590034283,0.0938949265772771,0.0168434918933639,25,0.141878699621912,0.134936017224305,0.0166928297426576,25,0.0596900913573394,0.0595816464087949,0.000653314323844172,25,0.0746973902444523,0.0737803584051906,0.0164546387061929,25,0.0584337850505035,0.0507225834468679,0.0287785297579861,25,0.030901673441764,0.0293233348853698,0.0075436341875133,25,0.33951281009611,0.341260242318077,0.00448549131429102,25,0.102565373693514,0.102649382009665,0.00394623954513604,25,0.354678321505868,0.356507018532372,0.0052198634391343,25,0.0607884359509293,0.0608140323091907,0.000303107513212817,25,0.0995666597678602,0.0995890301392369,0.00190110549720778,25,1.04425029617818,1.04430476994798,0.00189283162053409,25,0.982826051429936,0.98284477891181,0.000819848294870716,25,29.141720000002,28.4170000000013,2.6643425786996,25,29.141720000002,28.4170000000013,2.6643425786996,25,22.3159600000014,22.4510000000009,0.708640451852191,25,0.148360000001267,0.148000000001048,0.00480347096750388,25,6.67739999999932,6.41400000000431,2.4941289895824,25
"refined","estimated_Z","fastica_only","ifeval_min30","balanced_moderate_dense_signed_cross","Cross",400,1500,5,"2-2-2-2-2",0.0804075928474717,0.080527611910785,0.00163103833389651,25,0.101823184442393,0.101870629531944,0.00233096476910951,25,0.143679180056105,0.145684749012462,0.0156271440632148,25,0.0418692396263676,0.0418382670148615,0.00040139547693073,25,0.043234212891256,0.0450257105593454,0.0134636028662556,25,0.0152075451126694,0.0149655816863282,0.00248777493621317,25,0.0221781987436528,0.023234967178344,0.00715556422072329,25,0.267146631868995,0.267416371457281,0.00523640850761321,25,0.125312023845726,0.124725964844709,0.0062361772907093,25,0.295103275737952,0.294291367355259,0.00708139978509339,25,0.0411351934202791,0.0410995527982,0.000351297133885423,25,0.0772139902070006,0.0772841425978461,0.00193854549910105,25,1.03361568899083,1.03329560743114,0.00217072768661879,25,0.990819129081594,0.990514416071831,0.0010954356980225,25,21.54172,21.6729999999989,0.584684496116856,25,21.54172,21.6729999999989,0.584684496116856,25,16.9503200000001,17.1220000000012,0.546069494966845,25,0.0631599999999162,0.0619999999998981,0.0104470091413607,25,4.52824000000001,4.50200000000041,0.157200848173944,25
"refined","estimated_Z","fastica_only","ifeval_min30","balanced_moderate_dense_signed_cross","Cross",400,1500,5,"3-3-3-3-3",0.092191500871259,0.092073639504949,0.0041443211406211,25,0.0992797348117412,0.0983406453182368,0.00321866302321178,25,0.13728574486895,0.128599947328614,0.0249744598979406,25,0.0448084945608588,0.0448039827055172,0.000476611657526665,25,0.0680676381814105,0.0665377209322024,0.0144285293346407,25,0.045033285748564,0.0447512499065814,0.00869587818928188,25,0.0275309246132961,0.0268434604575025,0.00673833147348393,25,0.253232009153933,0.253868402499052,0.00530400112327656,25,0.102955732204962,0.103424962047921,0.00446084497134412,25,0.273378077714934,0.274708434923887,0.00619729292615456,25,0.0431142338948296,0.0432292492680873,0.000317904756016264,25,0.0844162233288147,0.0844651824927359,0.00248981640999401,25,1.02755684965942,1.02734543700173,0.00172074286217926,25,0.990777906071384,0.99052702770292,0.00107939007086992,25,27.8262400000001,27.8410000000003,0.791319324503369,25,27.8262400000001,27.8410000000003,0.791319324503369,25,22.9045599999998,23.038999999997,0.768664647293781,25,0.113920000000362,0.11200000000099,0.0089159033940087,25,4.80775999999998,4.75,0.407254965183639,25
"refined","estimated_Z","fastica_only","ifeval_min30","balanced_moderate_dense_signed_cross","Cross",400,2000,10,"2-2-2-2-2-2-2-2-2-2",0.0898026888060239,0.0896615246547252,0.00134932517183299,25,0.0950542824170987,0.0950855005511131,0.00126309266991289,25,0.148643266685315,0.145995660607031,0.01330838116159,25,0.054082855072082,0.0540626423422954,0.000336415099349265,25,0.0489305720283373,0.0471181527911765,0.00842727477356167,25,0.0147641226887406,0.0147281794212193,0.00157547853846313,25,0.0252490818563592,0.0243604032318496,0.00442387677930395,25,0.363413340438399,0.363457530622264,0.0054659582268603,25,0.126660161168092,0.126537051417723,0.00585956437434186,25,0.384877276122635,0.385757060085291,0.00670645727223009,25,0.0570227534750697,0.057052478371128,0.000264212083739319,25,0.0866384572659507,0.0867635643143384,0.00132882284441651,25,1.05578224283527,1.05594632691264,0.00230583900451669,25,0.983671019789892,0.983550355656135,0.0008716919077792,25,41.8516000000003,41.5360000000073,1.17589473026721,25,41.8516000000003,41.5360000000073,1.17589473026721,25,30.0157999999996,29.6169999999984,1.1768829239431,25,0.126160000000673,0.125999999996566,0.0057349803832514,25,11.7096400000001,11.6580000000031,0.214852251558231,25
"refined","estimated_Z","fastica_only","ifeval_min30","balanced_moderate_dense_signed_cross","Cross",400,2000,10,"3-3-3-3-3-3-3-3-3-3",0.104656126635912,0.106122992190604,0.00564789000307072,25,0.0938298407338685,0.0936458375868093,0.00175406258244528,25,0.134560894178387,0.132135126793694,0.00981730923063321,25,0.057573035591192,0.0575937425348753,0.000382348679106716,25,0.0713650786875522,0.0702284342933874,0.00870401413222111,25,0.0514359900503692,0.0507280329189856,0.0102451217762568,25,0.0292681705115945,0.0303620808942415,0.00488168558130866,25,0.332376404775067,0.331274222719038,0.00384123015994543,25,0.103841666130717,0.104030524061958,0.00350837716915545,25,0.348229357630649,0.347838900552256,0.00450251888649534,25,0.0591850549719034,0.0591789658181724,0.000270637118906268,25,0.0906984076587249,0.0907607671265127,0.001327174588889,25,1.043010228525,1.04277478304154,0.00151569948386731,25,0.983757676443606,0.983594039461409,0.000905794832759573,25,34.0836800000013,33.5720000000001,2.67575311392328,25,34.0836800000013,33.5720000000001,2.67575311392328,25,26.7436000000016,27.0310000000027,0.95634817578717,25,0.156800000000512,0.156000000002678,0.00648716681894163,25,7.18327999999921,6.11500000000524,2.26288181897954,25
"refined","estimated_Z","fastica_only","ifeval_min30","balanced_moderate_dense_signed_cross","Cross",400,2000,5,"2-2-2-2-2",0.0724616494538104,0.0721121406387076,0.00160827538520948,25,0.102479461671962,0.102341621050425,0.00200705918069259,25,0.147646967177712,0.140214243707306,0.0236315906410877,25,0.0408096490381316,0.0407807182142625,0.000426487680209816,25,0.0494938695116259,0.0456093548204956,0.0211052414263396,25,0.0166655675950773,0.0166745131418431,0.00273249193203271,25,0.0253722768414961,0.0235319296608983,0.0111465903228477,25,0.264724401331166,0.263806937776448,0.00613992166387148,25,0.126862567204886,0.127147781684889,0.00521157246185584,25,0.293568296226644,0.292119567765878,0.00743302239761958,25,0.0402585122654861,0.0402220849025039,0.000285507470632826,25,0.0696912259847318,0.069999871040639,0.00183226893625898,25,1.03371549743193,1.03317316631718,0.00213031038596877,25,0.991332963776435,0.991239334905952,0.000742670815348128,25,26.1306399999996,25.848,0.639833303811597,25,26.1306399999996,25.848,0.639833303811597,25,20.9559599999998,20.5720000000001,0.66033775953405,25,0.0680399999998917,0.0689999999995052,0.00574804314537875,25,5.1066399999999,5.13999999999942,0.0925107561315363,25
"refined","estimated_Z","fastica_only","ifeval_min30","balanced_moderate_dense_signed_cross","Cross",400,2000,5,"3-3-3-3-3",0.0829723779173103,0.0818677788083835,0.0041310735875827,25,0.0995638076914957,0.0992307614542722,0.00347345715275727,25,0.134548650196224,0.130156277522563,0.0200496685771088,25,0.0435833225927092,0.0435460361216475,0.000460060794984117,25,0.0716868530691734,0.0714574779463633,0.0117289025917174,25,0.0507297975202423,0.0503977995054931,0.00848266051635589,25,0.0292031201481719,0.0301331914366608,0.00604313554102516,25,0.246248481522504,0.246310441505858,0.00465039292699246,25,0.101883809512771,0.10261180951703,0.00473222422493242,25,0.266510290524675,0.26731495636701,0.00587629718813006,25,0.0421195520408921,0.042107383497214,0.000270415629834921,25,0.0766563908709583,0.0773468719859061,0.0019022575380762,25,1.02625104778869,1.0258892966982,0.00174488189771159,25,0.991264060271144,0.991075618943469,0.000743621997230462,25,34.1206400000007,34.1460000000043,1.11931626748982,25,34.1206400000007,34.1460000000043,1.11931626748982,25,28.0605600000001,28.3050000000003,0.915472422668548,25,0.121840000000375,0.120999999999185,0.00638148363144828,25,5.93824000000022,5.82400000000052,0.677264182821954,25
"refined","estimated_Z","fastica_only","ifeval_min30","balanced_moderate_dense_signed_cross","Cross",400,500,10,"2-2-2-2-2-2-2-2-2-2",0.143321039348599,0.14373190532098,0.00170727120110808,25,0.0903164872790424,0.0897516173328942,0.0020418119150024,25,0.1458847301017,0.143302707282681,0.0111927101129717,25,0.066537806233737,0.0665146898811571,0.000668514751631158,25,0.0451293814203389,0.0430332634661304,0.00983402794424187,25,0.0103464094694988,0.010254790001693,0.00114142405963614,25,0.0231529020377333,0.0220920039175399,0.00505100108891434,25,0.415501811658297,0.416475214198968,0.00504215229320149,25,0.106834512891819,0.105925784403697,0.00395896198368866,25,0.429034455747161,0.429808518843734,0.00502672342371329,25,0.0702436015144573,0.0703370237988816,0.000634485264825927,25,0.152722208801097,0.152802553494732,0.00206153711202579,25,1.06461493644296,1.06448325058451,0.00240122645890467,25,0.975741260307204,0.975627850540419,0.00143313235629352,25,19.5967600000012,19.7989999999991,0.70944727781482,25,19.5967600000012,19.7989999999991,0.70944727781482,25,12.6017200000002,12.6500000000015,0.666374739417223,25,0.087159999999858,0.0869999999995343,0.00483632091646202,25,6.90788000000117,6.84399999999732,0.328211735519768,25
"refined","estimated_Z","fastica_only","ifeval_min30","balanced_moderate_dense_signed_cross","Cross",400,500,10,"3-3-3-3-3-3-3-3-3-3",0.18616091828451,0.169883538325878,0.0464946158209871,25,0.0992702053884748,0.0910725373655547,0.0260163472229544,25,0.134332088322959,0.133282619379977,0.0151862898978934,25,0.0728624713355234,0.0728853612262211,0.000783898925718216,25,0.0725011953269869,0.0691557335489318,0.0171198819435644,25,0.0454400190017227,0.0393131653499597,0.0237493343802514,25,0.0349947418498253,0.0311145797146426,0.0087654003255475,25,0.412377153668363,0.413135232291916,0.00674595741105677,25,0.0974865644494804,0.0965787463734072,0.00342891058047639,25,0.42376054360173,0.424295428835461,0.00649707919501475,25,0.0718270363595019,0.0717912126595871,0.000683620134723602,25,0.15597580334983,0.157187377438177,0.00261270033497946,25,1.06327129891985,1.06353773099058,0.00284881790573724,25,0.976597687332767,0.976283758553027,0.00147922133596697,25,16.3282799999998,15.6159999999945,1.92759361035297,25,16.3282799999998,15.6159999999945,1.92759361035297,25,10.6227200000006,10.5580000000045,0.502805091463947,25,0.138759999999893,0.137999999991735,0.00446542271011278,25,5.56679999999935,4.64800000000105,1.72528314101464,25
"refined","estimated_Z","fastica_only","ifeval_min30","balanced_moderate_dense_signed_cross","Cross",400,500,5,"2-2-2-2-2",0.121598982351498,0.121990646065019,0.00247550309652768,25,0.0976336058627954,0.0979016580906746,0.0024696530152624,25,0.148961361879114,0.142233219916128,0.0203509209867202,25,0.0486339789937172,0.0485973654790511,0.000656430036725539,25,0.0464080800882403,0.0470293591760315,0.013313579331636,25,0.00999626244315005,0.0102444955487897,0.00200639893848284,25,0.0239635422943028,0.0243451121288668,0.00687276449201666,25,0.297156338511517,0.297124436168234,0.00501395973276135,25,0.11096515307836,0.110482269407159,0.00535344295091622,25,0.317222987490275,0.317048298512973,0.00615579849489077,25,0.047694214892247,0.0476916933343212,0.000572278642641266,25,0.122139853945229,0.122305506263709,0.00236658621822593,25,1.03673210865712,1.03758296749481,0.002020386043988,25,0.987443999414839,0.987484908755546,0.0012701561576553,25,11.4627600000002,11.487000000001,0.380812758014562,25,11.4627600000002,11.487000000001,0.380812758014562,25,8.17104000000018,8.1929999999993,0.372798815269847,25,0.0460399999999936,0.0450000000000728,0.00382404672207941,25,3.24568000000007,3.2489999999998,0.0538947430955537,25
"refined","estimated_Z","fastica_only","ifeval_min30","balanced_moderate_dense_signed_cross","Cross",400,500,5,"3-3-3-3-3",0.139302389115124,0.138816892090833,0.00387347021384837,25,0.0975983672824111,0.0965414979862425,0.00411172655829645,25,0.131613109651341,0.125958429210066,0.0185702463802176,25,0.0531175349010073,0.0531166607983408,0.00058885156939812,25,0.0685356359146774,0.0654871472418175,0.0197965440899276,25,0.0405364763248611,0.0378453439917586,0.0147611789379671,25,0.031181234671059,0.0300761139921783,0.00937568511305887,25,0.294069800319228,0.294751271090079,0.00537936392588459,25,0.0957555809731334,0.0953355883129375,0.00410586706573901,25,0.30928099623578,0.308842877566228,0.00607316392694649,25,0.0498540240893266,0.0499339950193724,0.000391706241716792,25,0.128374525154897,0.128437035943672,0.0035308237438121,25,1.0339110316878,1.03342273571739,0.00262983238705286,25,0.987075833664573,0.987039779679659,0.00195145122806224,25,13.7124000000008,13.7610000000022,0.356343116485646,25,13.7124000000008,13.7610000000022,0.356343116485646,25,10.1850000000001,10.2790000000023,0.336824385498719,25,0.102720000000263,0.103000000002794,0.00438292139971464,25,3.42468000000037,3.41300000000047,0.0720784988748465,25
"refined","estimated_Z","mixture_fastica_start","ifeval_min30","balanced_moderate_dense_signed_cross","Cross",100,1000,10,"2-2-2-2-2-2-2-2-2-2",0.13883876260088,0.139053834424456,0.00636979610770457,25,0.171132051432684,0.171365905544369,0.00190266923875755,25,0.276055960059213,0.266083694141167,0.0327529133503155,25,0.0961042728592705,0.0960726639840778,0.00110595047260852,25,0.0984058833591216,0.0986108787506048,0.0204075132171914,25,0.0640915616638453,0.063150492416452,0.00432914662230653,25,0.0495097542074977,0.049984088693187,0.0114323461623473,25,0.730633134326008,0.728302930296749,0.0209821384318104,25,0.216451435944349,0.218383695520778,0.00840644105943583,25,0.762035978375825,0.760898809095317,0.0220711540462484,25,0.111642428722671,0.111792905319686,0.00110152143667897,25,0.134992971781253,0.134977299373385,0.00674829573879627,25,1.20524539629547,1.20577831813131,0.0145325089617227,25,0.938235119275692,0.938143556971844,0.00255350921300915,25,5.91540000000023,5.78100000000632,0.475514721117114,25,5.91540000000023,5.78100000000632,0.475514721117114,25,1.24000000000087,1.25700000000143,0.0937803284278635,25,0.433439999999537,0.422999999998865,0.0493424090745032,25,4.24195999999982,4.12099999999919,0.459669308669575,25
"refined","estimated_Z","mixture_fastica_start","ifeval_min30","balanced_moderate_dense_signed_cross","Cross",100,1000,10,"3-3-3-3-3-3-3-3-3-3",0.16960325597107,0.169563024763708,0.00715969704370408,25,0.171616149215262,0.171016471561843,0.00365853531714014,25,0.257617729997412,0.260966929840874,0.0170301744321587,25,0.10221761764059,0.10229181909955,0.00149978909949507,25,0.335366627898706,0.326605574484052,0.0342002482661357,25,0.277505242670105,0.276987891524708,0.0113962205645164,25,0.157088418560907,0.153642007677594,0.0273935558388224,25,0.791868092398129,0.796636593240753,0.0258162199674859,25,0.241796344404639,0.240934566680132,0.0101612409710246,25,0.827984475892296,0.831583147768896,0.0270261161749372,25,0.117337690630712,0.117288569361066,0.000977989452254384,25,0.145211045568691,0.145102583757395,0.00408584008073079,25,1.24813923395092,1.25003807387313,0.0171424347768522,25,0.938981508190446,0.938790560577362,0.00263345733413176,25,8.23655999999901,7.52399999999034,2.15957526843045,25,8.23655999999901,7.52399999999034,2.15957526843045,25,1.62075999999826,1.62600000000384,0.0954429498017752,25,1.62179999999935,1.10399999999208,1.02640959985236,25,4.9940000000014,4.33599999999569,1.72164746681994,25
"refined","estimated_Z","mixture_fastica_start","ifeval_min30","balanced_moderate_dense_signed_cross","Cross",100,1000,5,"2-2-2-2-2",0.114085164452276,0.112600769898743,0.00635720550441171,25,0.178078128032335,0.178198494318866,0.00358293739691782,25,0.275124741346499,0.269724491312685,0.0414237919319721,25,0.0745810194751335,0.0747424801881234,0.00106114442594965,25,0.0944683851027981,0.0896723250876626,0.0234457771714812,25,0.0656145021884608,0.064229602690588,0.0051321301733709,25,0.0472756531052096,0.0450798505955441,0.0132520192527139,25,0.469831082754465,0.469887436960456,0.014135998368833,25,0.196285173961517,0.196926492756193,0.00712395875169583,25,0.509203435797818,0.507892933102177,0.0151908332997186,25,0.0775588951736822,0.0776173482276625,0.000866102734672758,25,0.101791802334717,0.101890310073588,0.00522756868412735,25,1.09164124793847,1.09276309609495,0.00647327188760067,25,0.966921875728539,0.967253821492648,0.0024501674459429,25,4.57279999999999,4.721,0.508430837643285,25,4.57279999999999,4.721,0.508430837643285,25,1.0904,1.11400000000003,0.0930774766883303,25,0.221039999999994,0.216000000000008,0.0285693308753819,25,3.26136,3.39800000000002,0.471161851172177,25
"refined","estimated_Z","mixture_fastica_start","ifeval_min30","balanced_moderate_dense_signed_cross","Cross",100,1000,5,"3-3-3-3-3",0.156093265687419,0.154699063431866,0.0153289063233667,25,0.187349706320182,0.186925685085261,0.00565799267966075,25,0.254459864509657,0.245198327428222,0.0390571991345296,25,0.0804122105764637,0.0800208181264156,0.00126006610384345,25,0.302862394399349,0.302470020039171,0.0357386792793616,25,0.255470197762,0.257265670622247,0.0150504967889435,25,0.13382941623295,0.14222182294892,0.0331605638582035,25,0.493015197295838,0.494093523332423,0.0124549416297447,25,0.195644354509018,0.195245694527434,0.00731970119566081,25,0.530440132085411,0.53237662568462,0.0134752837727817,25,0.0827194504355938,0.0827230790286382,0.00077411343543112,25,0.113197584573343,0.112941008660348,0.00714384750234428,25,1.10123038137143,1.10076671224343,0.00652476582250248,25,0.96676614034703,0.96670716958512,0.0018773791482385,25,4.19872000000025,3.875,0.803736146588722,25,4.19872000000025,3.875,0.803736146588722,25,1.41056000000011,1.42499999999927,0.0807852503040975,25,0.718399999999965,0.656999999999243,0.326500765695772,25,2.06976000000017,1.73499999999876,0.801140555707942,25
"refined","estimated_Z","mixture_fastica_start","ifeval_min30","balanced_moderate_dense_signed_cross","Cross",100,1500,10,"2-2-2-2-2-2-2-2-2-2",0.12939295201586,0.129481798574819,0.0066025566759604,25,0.171946165921883,0.171911919578847,0.00259157439173447,25,0.263058295319272,0.260286045786827,0.0355658959074911,25,0.0937855283779319,0.093850872446475,0.00083949356165969,25,0.097824330373974,0.1035576286315,0.0226114536043951,25,0.0681526205893749,0.0682583382617564,0.00469703824827746,25,0.0489396021751238,0.0530053016176263,0.0126660197242912,25,0.692752862298873,0.684684917473847,0.0250912927255322,25,0.208816585399054,0.205898239265521,0.00920727305878452,25,0.723553150471753,0.71522237237813,0.0263688969500321,25,0.108189223624205,0.107947424587048,0.00112284952764711,25,0.118572959846081,0.117785461492275,0.00469831597076129,25,1.18347086948309,1.18050497796954,0.0158687601219554,25,0.940123081449255,0.939963674915339,0.00157161712828616,25,6.68503999999928,6.66599999999744,0.450135024187389,25,6.68503999999928,6.66599999999744,0.450135024187389,25,1.58440000000031,1.5769999999975,0.180948197007034,25,0.43527999999962,0.424999999995634,0.0317969076078082,25,4.66535999999935,4.61699999999837,0.381423198909607,25
"refined","estimated_Z","mixture_fastica_start","ifeval_min30","balanced_moderate_dense_signed_cross","Cross",100,1500,10,"3-3-3-3-3-3-3-3-3-3",0.165145453512183,0.163946094699491,0.0106932015478805,25,0.173968713197517,0.173943894079774,0.00279051061085983,25,0.272542804162487,0.270188129654028,0.0395540966917574,25,0.100564568539835,0.100533546045093,0.0010722071707204,25,0.333256974323825,0.326497495707078,0.03197841645236,25,0.279657213781029,0.278814828440546,0.0143232003593379,25,0.15359175272402,0.155137940030106,0.0229508756522754,25,0.748190649734033,0.747573544067268,0.0204895360730482,25,0.229188049192569,0.228282498474416,0.00658749014993078,25,0.782520079579006,0.781235790255468,0.021001556692341,25,0.114550925294596,0.1145129347672,0.000929065881465074,25,0.127147677812544,0.127602730867586,0.00635052692249713,25,1.21997900286595,1.21837081117563,0.0137327791172033,25,0.940120739604502,0.940768985329916,0.00201127750118928,25,8.64851999999897,8.11800000000221,1.83567018007136,25,8.64851999999897,8.11800000000221,1.83567018007136,25,2.20119999999937,2.1929999999993,0.146714291509267,25,1.97963999999862,1.87099999999919,0.939622658306294,25,4.46768000000098,4.48599999998987,1.37102327113662,25
"refined","estimated_Z","mixture_fastica_start","ifeval_min30","balanced_moderate_dense_signed_cross","Cross",100,1500,5,"2-2-2-2-2",0.113657508270124,0.107294494671023,0.0176837510663122,25,0.182917994349638,0.182302023533271,0.0032347634460002,25,0.264969423960902,0.257448294060693,0.0359848043448346,25,0.074083236039185,0.0738412281186971,0.00116897622887538,25,0.0988736221604069,0.100460518513956,0.0254549146215368,25,0.0650623677600349,0.0658806408280216,0.00568389118156949,25,0.049746718082646,0.0511262103926791,0.0138467663469563,25,0.452905628226464,0.450738313808217,0.012857232984536,25,0.196344004053968,0.196373459793889,0.00630933968522239,25,0.493650311426539,0.493179158216034,0.013721849768426,25,0.0761894152642094,0.0761769012127644,0.000817290401892368,25,0.0896811851075491,0.090207568976413,0.00452585349848633,25,1.0854235580728,1.08395806131569,0.00693296988409309,25,0.967911214430536,0.967852293736669,0.00224729346405376,25,4.81044000000008,5.48900000000003,1.02585350968508,25,4.81044000000008,5.48900000000003,1.02585350968508,25,1.42092000000003,1.43399999999997,0.114035783857535,25,0.231880000000028,0.231999999999971,0.00788098978551115,25,3.15764000000002,3.91100000000006,1.02272409443274,25
"refined","estimated_Z","mixture_fastica_start","ifeval_min30","balanced_moderate_dense_signed_cross","Cross",100,1500,5,"3-3-3-3-3",0.15069781401563,0.154084917621028,0.0171825700780028,25,0.190660268565315,0.19059086892698,0.00709422151608394,25,0.253042181744564,0.255206818193635,0.0318432157411175,25,0.0792728696948925,0.0791863539654156,0.00131842692004234,25,0.285488551949631,0.281688118366889,0.0331169858846324,25,0.247450279656767,0.246291582618174,0.011750972953416,25,0.144553548892652,0.143004507891822,0.0338377575518677,25,0.473450466745948,0.473108170565005,0.01727428746297,25,0.194116520429951,0.192341803659253,0.0081607647213792,25,0.511712620625848,0.510122984918295,0.0187405804861116,25,0.0809891435681298,0.0810131182571078,0.000810819702661732,25,0.0963444857984255,0.0948351685863284,0.0062541907401174,25,1.09376811394513,1.09319181802535,0.0080278883657452,25,0.967858116612233,0.96800747553614,0.00203371865417848,25,4.66656000000046,4.61700000000019,0.325656398678091,25,4.66656000000046,4.61700000000019,0.325656398678091,25,1.9932,2.01800000000003,0.154896201804035,25,0.678720000000321,0.561999999999898,0.309630225699178,25,1.99464000000014,1.99200000000019,0.038017408293086,25
"refined","estimated_Z","mixture_fastica_start","ifeval_min30","balanced_moderate_dense_signed_cross","Cross",100,2000,10,"2-2-2-2-2-2-2-2-2-2",0.125555133950738,0.125468390189613,0.00680678541219329,25,0.171805866122502,0.171888847591396,0.00236459961050063,25,0.260628398357587,0.255107478267985,0.0242896328876474,25,0.0930110077092996,0.0928677877540755,0.000723641824962763,25,0.0938639419554868,0.0943405538753229,0.0193397930021392,25,0.0711419798137246,0.0711901628086971,0.00358668862056264,25,0.0464807174378653,0.0469380082682117,0.0111534807238664,25,0.675101441617915,0.676533950091884,0.0190971617596627,25,0.206244290737961,0.206664677267766,0.00540872997242324,25,0.705913007744794,0.70721405377596,0.0194638324472197,25,0.106923556829504,0.107012079275146,0.00110763072969116,25,0.110656661669867,0.111623237515188,0.00485841071473747,25,1.1738283327432,1.17302442985708,0.0116037846921084,25,0.941228680663329,0.941343625777153,0.00155862558502764,25,7.3508400000009,7.31900000000314,0.209443445030137,25,7.3508400000009,7.31900000000314,0.209443445030137,25,1.95696000000084,1.99500000000262,0.167845534147734,25,0.432559999999939,0.430000000000291,0.0164774593504621,25,4.96132000000012,4.87700000000041,0.158080601803672,25
"refined","estimated_Z","mixture_fastica_start","ifeval_min30","balanced_moderate_dense_signed_cross","Cross",100,2000,10,"3-3-3-3-3-3-3-3-3-3",0.167196565074638,0.166250739230342,0.0137446675398725,25,0.176428744143066,0.17647086542918,0.00320167397109721,25,0.269442700360025,0.263741210485096,0.0254849048784606,25,0.0999559792679506,0.0999281667302446,0.00119167687137465,25,0.325835907704636,0.328529639893193,0.0336556748817711,25,0.273746052937337,0.275654541677018,0.0156026633401456,25,0.15656694556335,0.154918401475538,0.0192349463521978,25,0.727830200978402,0.727983399930861,0.0167744918797643,25,0.226827083911731,0.227137685983202,0.00730522983479181,25,0.762367351716682,0.761361394564226,0.0178158535143456,25,0.113423062124458,0.113596267811647,0.000759451813948921,25,0.117578216644534,0.117905142436345,0.0073559344247366,25,1.2080844291291,1.20772097101144,0.0110488870631955,25,0.940884544943493,0.940566682536772,0.0013408495158207,25,8.91667999999889,8.62799999999697,1.3144284474033,25,8.91667999999889,8.62799999999697,1.3144284474033,25,2.79959999999963,2.80599999999686,0.167571626477061,25,1.9851999999996,1.77899999999499,0.856209913905846,25,4.13187999999966,3.78399999999965,1.13847948012685,25
"refined","estimated_Z","mixture_fastica_start","ifeval_min30","balanced_moderate_dense_signed_cross","Cross",100,2000,5,"2-2-2-2-2",0.117875349973707,0.11616313962632,0.0166120180429163,25,0.185072263172024,0.184495411511568,0.00425714388706739,25,0.268749606407474,0.262153529205424,0.0329125734277694,25,0.0737447642750332,0.0737411592122841,0.00110095046039439,25,0.0992976012775549,0.0941220410562442,0.026752023399828,25,0.0674599160547402,0.0685286106774493,0.00700082369246131,25,0.0495045974994847,0.0474106996457072,0.0157542734204928,25,0.446503714712485,0.446255264832729,0.0115130656696508,25,0.194235214594827,0.192855436214645,0.00681004326167628,25,0.486939408592781,0.486010506509997,0.012693029402038,25,0.0753703767623475,0.0754114683580281,0.000425925605934574,25,0.0821988202063303,0.0813670709491905,0.00543384837195176,25,1.08313655886201,1.08437956998834,0.00518655045513337,25,0.968571574259923,0.968650764849346,0.00161139684450106,25,5.30936,4.45499999999993,1.18633342277795,25,5.30936,4.45499999999993,1.18633342277795,25,1.85496000000002,1.827,0.142423511635733,25,0.238680000000004,0.239000000000033,0.00744826601747476,25,3.21571999999997,2.2529999999997,1.17511987048132,25
"refined","estimated_Z","mixture_fastica_start","ifeval_min30","balanced_moderate_dense_signed_cross","Cross",100,2000,5,"3-3-3-3-3",0.146048699067071,0.145892180814945,0.0123730499728527,25,0.193417348679514,0.193007976121881,0.00901971564972492,25,0.257368574801078,0.246231638784681,0.0378797386158355,25,0.0786672518979946,0.0782470647784637,0.00121496974399739,25,0.289242228668068,0.280241245487049,0.0334217386772676,25,0.243236109818047,0.244178540735063,0.0105132542335129,25,0.145470893450917,0.153647076852207,0.0268111369816162,25,0.462895524876611,0.464977721079788,0.0110307371029252,25,0.191445911656813,0.191719296411093,0.00634790490461084,25,0.500939680725181,0.502291559135607,0.0120214414025429,25,0.0803320508040958,0.0806312209340233,0.000858208479992697,25,0.089837753273104,0.0890101303876053,0.00498346518343329,25,1.08939703074316,1.08971740047142,0.00577547805583582,25,0.968596872394498,0.968419231433043,0.0021456002576486,25,5.62904000000111,5.60299999999916,0.393730288395942,25,5.62904000000111,5.60299999999916,0.393730288395942,25,2.50940000000039,2.51100000000042,0.145126094598059,25,0.834960000000428,0.766999999999825,0.382157633270432,25,2.2846800000003,2.27000000000044,0.0854277082294368,25
"refined","estimated_Z","mixture_fastica_start","ifeval_min30","balanced_moderate_dense_signed_cross","Cross",100,500,10,"2-2-2-2-2-2-2-2-2-2",0.158165617790789,0.15733704805307,0.00431867833176863,25,0.166148717904574,0.166067066611922,0.00253984084258816,25,0.271119996085938,0.268093131394642,0.0327012292780384,25,0.0995871201956405,0.0996111676988532,0.00140204895413975,25,0.0955411247543581,0.0931499408578898,0.0232782940474098,25,0.0551726898270938,0.0548137072590133,0.00352912185863638,25,0.0485475900449305,0.0475459188559992,0.0122673045030333,25,0.854420550689656,0.854914031162503,0.0393628340398076,25,0.244549640742141,0.242902461724103,0.016819520874257,25,0.888771290409641,0.89074835843117,0.0418782137840008,25,0.11915084276594,0.11935228644037,0.00171741844426643,25,0.175516258314862,0.171817533955644,0.00801471177634573,25,1.28435205455881,1.28530869012648,0.0280630869203857,25,0.93397555669652,0.93414574717499,0.00253686344532406,25,5.52759999999937,5.4890000000014,0.650347214955737,25,5.52759999999937,5.4890000000014,0.650347214955737,25,0.846639999999752,0.843000000000757,0.0747890811997967,25,0.426479999999865,0.421000000002095,0.0358063309117054,25,4.25447999999975,4.32400000000052,0.632898103963321,25
"refined","estimated_Z","mixture_fastica_start","ifeval_min30","balanced_moderate_dense_signed_cross","Cross",100,500,10,"3-3-3-3-3-3-3-3-3-3",0.192700537710082,0.189120749202549,0.0127096410047678,25,0.167012639144823,0.166160361147725,0.00408394806305852,25,0.262163799666503,0.258160655005946,0.0260033695299847,25,0.107252311701884,0.106865684231032,0.00160339434499405,25,0.374266472286189,0.333865664141482,0.122557461949362,25,0.258944434371541,0.25914968394484,0.0113517884359896,25,0.173708590337613,0.179495354431626,0.0213534594928488,25,0.885330288449517,0.884065278506534,0.0147583973960836,25,0.253732281581533,0.254426143732982,0.00752403232694635,25,0.921003839793171,0.920050402930218,0.0146188359809929,25,0.123577654319859,0.123783348739983,0.00092669619190779,25,0.182638440786768,0.182644023038658,0.00589525507570821,25,1.30588643228382,1.30592316478963,0.0100927058520951,25,0.934022478731268,0.93397981054711,0.00314935274098584,25,11.3233200000011,9.22099999999773,6.59603074280531,25,11.3233200000011,9.22099999999773,6.59603074280531,25,1.09528000000078,0.978000000002794,0.220159699611879,25,1.46055999999953,1.09700000000157,0.898407761914294,25,8.7674800000008,6.26699999999983,5.92105137144944,25
"refined","estimated_Z","mixture_fastica_start","ifeval_min30","balanced_moderate_dense_signed_cross","Cross",100,500,5,"2-2-2-2-2",0.133493263742413,0.133615135961029,0.00369650480613338,25,0.177644542020843,0.177106169691954,0.00521776117144971,25,0.268769595709542,0.260411891000844,0.0341026627839227,25,0.0766474142365247,0.0765875724212056,0.00139334375874808,25,0.0928692186269948,0.0914321484811091,0.0267743330523584,25,0.0569010976564857,0.0567979039365369,0.00485371554756987,25,0.04673398752799,0.046226930316916,0.0152737105424896,25,0.525333635961724,0.530411093388952,0.0196190402721793,25,0.206110644591301,0.207225753029624,0.00835364028915614,25,0.564350303363665,0.571037828762994,0.0204701109684126,25,0.0817281547187452,0.0816323432177843,0.0012194736660369,25,0.133480151554653,0.131800211783067,0.00524576942490392,25,1.11630006322615,1.11738305811167,0.0105124819807542,25,0.964967631408917,0.965515107950592,0.00300269178821969,25,3.78884,3.78900000000002,0.0746556985991908,25,3.78884,3.78900000000002,0.0746556985991908,25,0.70828,0.717999999999989,0.0586419360753618,25,0.209119999999997,0.207999999999998,0.0121631958519699,25,2.87144,2.87699999999995,0.0407656718330522,25
"refined","estimated_Z","mixture_fastica_start","ifeval_min30","balanced_moderate_dense_signed_cross","Cross",100,500,5,"3-3-3-3-3",0.157023780290693,0.157629121545413,0.00939800270752623,25,0.179748780690421,0.179665650542847,0.00738302433646525,25,0.257763010938356,0.250300185803372,0.0338347528369548,25,0.0830703056908746,0.0829097340497982,0.0014027155537633,25,0.317552215985271,0.316551844656404,0.0330844531096188,25,0.25766648390457,0.261098075589441,0.0179208417179716,25,0.156093894490425,0.154999309649973,0.0391495493229986,25,0.538826066951769,0.534434384138134,0.0178657495883127,25,0.202170007958517,0.201998831101194,0.00889176886173933,25,0.575553276097171,0.574237686522718,0.0184556771369811,25,0.0864986156498831,0.0864851581061519,0.00141460833346008,25,0.142820293583676,0.143919927385746,0.00771189400414731,25,1.12121107528962,1.11894806006531,0.0110422989921015,25,0.964481524385647,0.96516421180578,0.00377038109697618,25,5.05368000000024,4.87299999999959,1.05073560423159,25,5.05368000000024,4.87299999999959,1.05073560423159,25,0.860520000000033,0.846999999999753,0.0586288609249607,25,0.736560000000027,0.710000000000946,0.274396926610416,25,3.45660000000018,3.1190000000006,0.980223868987602,25
"refined","estimated_Z","mixture_fastica_start","ifeval_min30","balanced_moderate_dense_signed_cross","Cross",200,1000,10,"2-2-2-2-2-2-2-2-2-2",0.116937659524416,0.117178954148933,0.00207206599505864,25,0.135517625653629,0.135836223929727,0.00170008361114538,25,0.202486794753006,0.200142550525824,0.0214939909875932,25,0.0702718057731779,0.0702705072601947,0.000578195064967073,25,0.0666840815558393,0.0705795261702994,0.0147093717608975,25,0.0274548295614977,0.0276098900675857,0.00287022905899004,25,0.0342120940595331,0.0362534964826139,0.00772863310181529,25,0.477415870907442,0.477773387672505,0.00616699671147309,25,0.143267741923386,0.142128070862994,0.0047795579641367,25,0.498467421951155,0.498572857137149,0.00647349607435726,25,0.0812955764097527,0.0814593096097521,0.000682481194004195,25,0.118644543416647,0.119121208859651,0.00277621395488054,25,1.08607279585171,1.0855342513809,0.0031106145058977,25,0.966687027734447,0.966496633719268,0.00126167632551014,25,14.0203599999991,13.9519999999975,0.37796537319297,25,14.0203599999991,13.9519999999975,0.37796537319297,25,5.29779999999941,5.2589999999982,0.337508148050288,25,0.857239999999874,0.85399999999936,0.0192186541336301,25,7.86531999999977,7.8469999999943,0.132237702640959,25
"refined","estimated_Z","mixture_fastica_start","ifeval_min30","balanced_moderate_dense_signed_cross","Cross",200,1000,10,"3-3-3-3-3-3-3-3-3-3",0.131545958965504,0.131084758136068,0.00350937604947169,25,0.131532202319051,0.130873887345762,0.00267730407193572,25,0.186791113390942,0.185280629818317,0.0180608961596238,25,0.0746122145297629,0.0745637368176847,0.000654012572292048,25,0.184631131249795,0.187582452264458,0.03098818354108,25,0.164301703159863,0.16643488054578,0.0197383986343854,25,0.0726957120252197,0.0701898260410072,0.0200541229155022,25,0.480853763005814,0.48121765880928,0.00722370526282596,25,0.138735663897723,0.139053635071702,0.00421802950720687,25,0.500476929351128,0.501307234635295,0.0077690467750583,25,0.0847506955229611,0.0847191697505069,0.00061386334964634,25,0.124425523214205,0.124525858059656,0.00350163968832714,25,1.08720123363732,1.08676009859591,0.00385736839002602,25,0.967066162338944,0.967075138624574,0.00153210109750799,25,13.6189199999982,13.3429999999935,2.30211149310146,25,13.6189199999982,13.3429999999935,2.30211149310146,25,4.77207999999984,4.76499999999942,0.200177404652932,25,1.6103199999989,1.54699999999139,0.705836189683289,25,7.23651999999944,7.10199999999895,2.19665228472752,25
"refined","estimated_Z","mixture_fastica_start","ifeval_min30","balanced_moderate_dense_signed_cross","Cross",200,1000,5,"2-2-2-2-2",0.097461295872563,0.0970211536160451,0.00287660267157678,25,0.142967912208987,0.142832497645054,0.00333214245841797,25,0.20483892534354,0.199099127268156,0.0287906131815199,25,0.0541864706475871,0.054137900570413,0.00070079394606477,25,0.0649134319303438,0.0692969158958394,0.0162404226701348,25,0.0292066900228282,0.0287475878498228,0.00249494127681359,25,0.0332013578143755,0.035551499876846,0.00887107679475509,25,0.335260854770584,0.336082531459926,0.006882152435247,25,0.145243296672191,0.145128482625984,0.00666718620930746,25,0.365395477233186,0.365693006928846,0.00852349483100866,25,0.0564509873594525,0.056576290404047,0.000511729487035264,25,0.0937992239095577,0.0932598714623351,0.00321209283000866,25,1.04737564518091,1.04755297619953,0.00306367386162816,25,0.982136723978484,0.982105380271351,0.00169371038977401,25,7.51376000000006,7.47299999999996,0.176712874460217,25,7.51376000000006,7.47299999999996,0.176712874460217,25,3.52344000000001,3.44900000000007,0.186806959185105,25,0.341760000000031,0.338999999999942,0.0193418372102039,25,3.64856000000002,3.654,0.0512543331502105,25
"refined","estimated_Z","mixture_fastica_start","ifeval_min30","balanced_moderate_dense_signed_cross","Cross",200,1000,5,"3-3-3-3-3",0.121221503740931,0.119357300984622,0.00894518321840556,25,0.143568264070528,0.144250601188432,0.00571656248506977,25,0.198693802081135,0.185167215089432,0.0399236981503994,25,0.0590526072251949,0.0592745276326142,0.0010616582674043,25,0.146577082592349,0.146700759199126,0.0354424467294593,25,0.141721362138514,0.144337732269257,0.0251618481382025,25,0.054993099393384,0.0519448241680592,0.0267189838930746,25,0.33605467024537,0.337555766011098,0.008542579840951,25,0.132253882933741,0.132302215012105,0.00467124784096651,25,0.361157803935316,0.363140873930871,0.009121630602636,25,0.0599092081280784,0.0598554287517175,0.000653030553205807,25,0.10237520278369,0.103495892240066,0.00488301163052143,25,1.04628367211038,1.04587585224498,0.00343261183294369,25,0.982642083802302,0.982559100415882,0.00116142369522782,25,7.75451999999947,7.3489999999947,1.03765449130927,25,7.75451999999947,7.3489999999947,1.03765449130927,25,4.50451999999947,4.52199999999721,0.260757090027918,25,0.608600000000151,0.495999999999185,0.192669838497121,25,2.64139999999985,1.96800000000076,0.97363267371933,25
"refined","estimated_Z","mixture_fastica_start","ifeval_min30","balanced_moderate_dense_signed_cross","Cross",200,1500,10,"2-2-2-2-2-2-2-2-2-2",0.104003214683499,0.104163702696804,0.00258011161057113,25,0.137707101758159,0.138111146951739,0.00157156713246134,25,0.203051997520458,0.194122297885972,0.0317318442129067,25,0.0678655619455594,0.0679557971780706,0.000628319228299066,25,0.0704358725985761,0.0687264928272802,0.0158908750070038,25,0.0314901546407819,0.0312442008842129,0.00237969149516228,25,0.0360137942633687,0.035210097481103,0.00840043946205185,25,0.464946755867752,0.465258589973469,0.00453155341364339,25,0.147155258826455,0.146909217762157,0.00500977967158021,25,0.487692876509771,0.487901500107951,0.00555481658521289,25,0.0784236466968463,0.0785302793823697,0.000382550273355482,25,0.10347037074815,0.103884724673412,0.00246383349066706,25,1.08356648127036,1.0836653054979,0.00293496314661062,25,0.969048525702234,0.968980283435029,0.00140760294086756,25,46.5246399999992,16.7519999999931,118.567521895008,25,46.5246399999992,16.7519999999931,118.567521895008,25,27.8041999999993,6.65699999999924,109.229377547892,25,0.778040000000619,0.847999999998137,0.126928615109173,25,17.9423999999993,9.15000000000146,52.315807676394,25
"refined","estimated_Z","mixture_fastica_start","ifeval_min30","balanced_moderate_dense_signed_cross","Cross",200,1500,10,"3-3-3-3-3-3-3-3-3-3",0.115318994957204,0.115624700262659,0.00382764986963047,25,0.133461683735553,0.132756380580014,0.00217268593474241,25,0.198101780123468,0.196460090971628,0.022055970590797,25,0.0720211842907168,0.0720098428487523,0.000706891378496311,25,0.163256322080332,0.163228452210413,0.0248172363803411,25,0.159509173218954,0.161557424439122,0.0172946988236459,25,0.0658246603986047,0.0610140018774594,0.0139324433932036,25,0.457942732310861,0.457502411464811,0.00601121194361826,25,0.137061903289934,0.136937361092236,0.00385249805787367,25,0.47802278628564,0.477652769224237,0.0065083724455482,25,0.0820142488310611,0.0821334253134034,0.000742855101886603,25,0.107463468799123,0.107931518012311,0.0031454757572896,25,1.07887620733036,1.07922962422996,0.0029149152102458,25,0.968695661480643,0.968663905094252,0.00143611050504046,25,14.6920000000019,14.1320000000123,2.74423119167387,25,14.6920000000019,14.1320000000123,2.74423119167387,25,6.1698000000004,6.1929999999993,0.217457275496946,25,1.53288000000117,1.3179999999993,0.794730107227804,25,6.9893200000003,6.11299999999756,2.4568060519044,25
"refined","estimated_Z","mixture_fastica_start","ifeval_min30","balanced_moderate_dense_signed_cross","Cross",200,1500,5,"2-2-2-2-2",0.0846790423024889,0.0845308297925679,0.00276923058441632,25,0.146861005683533,0.146041677739136,0.00382632730020782,25,0.196239570442447,0.19500304035088,0.0159217890682791,25,0.0529946972625791,0.0529075794102485,0.000474083938935134,25,0.0685671866989194,0.0637466084367002,0.0209828654593458,25,0.0322597786088772,0.032379974674093,0.00346007201487226,25,0.035025868799797,0.032788699060812,0.0113205150808975,25,0.328137783511857,0.326037749221088,0.00506262769549908,25,0.149688695082623,0.150148980492349,0.00489461548001691,25,0.360683368438921,0.358408743612804,0.00614258501598168,25,0.0550322142324545,0.0549798548877617,0.000339478794647654,25,0.0800024484549216,0.0802573553474712,0.00152247119305303,25,1.04676529341325,1.04608265531562,0.00249565974904424,25,0.983128188103468,0.983285244574473,0.00103897717247065,25,9.10004000000001,9.02400000000034,0.252068026532485,25,9.10004000000001,9.02400000000034,0.252068026532485,25,4.53076000000005,4.45200000000023,0.258185701902046,25,0.348719999999958,0.347999999999956,0.0124315458946844,25,4.22056,4.1899999999996,0.135279057260709,25
"refined","estimated_Z","mixture_fastica_start","ifeval_min30","balanced_moderate_dense_signed_cross","Cross",200,1500,5,"3-3-3-3-3",0.115425093365862,0.116120572713939,0.0143398499704889,25,0.149457692165256,0.148716255131489,0.00829968784021331,25,0.1833752602967,0.170745415062586,0.0295118880836851,25,0.0577670738474561,0.0575147427461598,0.00105928033203342,25,0.143368262571946,0.135327518049227,0.0353600389198375,25,0.145688883031176,0.142461016451639,0.028562947489933,25,0.0520073686296393,0.0449626002756251,0.0229724096094217,25,0.324143717525566,0.324928582445848,0.004766747527186,25,0.132194522215007,0.131200453629485,0.00476391371013323,25,0.350080846070224,0.350077419165302,0.00573209306744453,25,0.0583018928716179,0.0582099984681781,0.000466571497715954,25,0.0878252909771692,0.0879560647576786,0.00304943883099546,25,1.04325760485898,1.04391022728799,0.0019909344300402,25,0.983323254677948,0.983173835449379,0.00123544038440374,25,10.3717599999998,9.01800000000003,3.86804382386338,25,10.3717599999998,9.01800000000003,3.86804382386338,25,6.17347999999984,6.15999999999985,0.246858279180196,25,0.777280000000028,0.531000000002678,0.675092309736844,25,3.42099999999991,2.17499999999927,3.23351691918653,25
"refined","estimated_Z","mixture_fastica_start","ifeval_min30","balanced_moderate_dense_signed_cross","Cross",200,2000,10,"2-2-2-2-2-2-2-2-2-2",0.0948659466334365,0.0949057183804213,0.00174730913085051,25,0.13681028667904,0.136986683024786,0.00147533589461643,25,0.198436751237679,0.193945214966328,0.0214490309672717,25,0.0663643474810877,0.0664188905786593,0.000460096176164049,25,0.0696694076708126,0.0733719193742093,0.0154549853814694,25,0.0334196478255195,0.0332693938572726,0.00192108364232341,25,0.0355477470858771,0.0375768832035272,0.00837236899714268,25,0.455628688004337,0.455557961900763,0.00414690936955543,25,0.148313998009729,0.148221217670104,0.00520129032582354,25,0.479179241649428,0.478999407155828,0.00502887264747545,25,0.0769285142032636,0.0769425424210155,0.000521747414849759,25,0.0937609240475146,0.0931299820949341,0.00283116946775192,25,1.08071385729468,1.08054670919781,0.00250564655865355,25,0.969919786640281,0.969961270045971,0.00110172054590404,25,21.032759999999,21.3099999999977,1.07505020347967,25,21.032759999999,21.3099999999977,1.07505020347967,25,8.63763999999879,8.62999999999738,0.420719114533397,25,0.936359999999695,0.927999999999884,0.046746550674859,25,11.4587600000005,11.9550000000017,0.845640254482052,25
"refined","estimated_Z","mixture_fastica_start","ifeval_min30","balanced_moderate_dense_signed_cross","Cross",200,2000,10,"3-3-3-3-3-3-3-3-3-3",0.107685876579644,0.106460664911876,0.00506433405095609,25,0.132992106881476,0.133610085037773,0.00262615731784725,25,0.189337529617334,0.185570483751769,0.0191963978462529,25,0.0705643992657515,0.0705446636522936,0.00063250057365079,25,0.172749775556861,0.168319376362627,0.027910869981228,25,0.17411695529651,0.171685987249737,0.0210348814626143,25,0.0642653287647545,0.0618593964831591,0.0180860354261149,25,0.446333087094823,0.446217397754384,0.00573857723401201,25,0.136211869686651,0.135382587426198,0.00439364413065083,25,0.466664428414891,0.466990845394236,0.00656341609890215,25,0.0807043362251635,0.0806974029384416,0.000467594429488628,25,0.0971434652551097,0.0973629962778711,0.00247516493706362,25,1.074849552421,1.07500438119922,0.00318676287051903,25,0.969549470647847,0.969586722165832,0.00125777166391651,25,17.6580800000025,16.2060000000056,4.20279372283197,25,17.6580800000025,16.2060000000056,4.20279372283197,25,7.87184000000067,7.74499999999534,0.427947006065348,25,1.51707999999984,1.32399999999325,0.689909530301302,25,8.26916000000201,6.7439999999915,3.85935650594946,25
"refined","estimated_Z","mixture_fastica_start","ifeval_min30","balanced_moderate_dense_signed_cross","Cross",200,2000,5,"2-2-2-2-2",0.0798351772221335,0.0774391302300772,0.00693307594906243,25,0.147289732845914,0.147283594049909,0.00214252948529955,25,0.204707630227692,0.204781439724515,0.0331965512572729,25,0.0525954666201375,0.0526700652473754,0.000550449086537155,25,0.0692675887480706,0.0733592796719016,0.0219697806114749,25,0.0343446578096137,0.0340742818763688,0.00346818132605803,25,0.0352296528947608,0.0378108335481342,0.011832133453522,25,0.32207715662274,0.32184936166869,0.0055494230448415,25,0.146771093209021,0.146894958090161,0.00613320168459247,25,0.353964813031698,0.354576552178606,0.00721944163846447,25,0.0543190870943431,0.0543942871584395,0.000325936759614194,25,0.0728619637981633,0.0727380910537843,0.00298108795170187,25,1.04467486791416,1.04481337006443,0.00268032135791388,25,0.983316088985452,0.983378870838899,0.00108566330531876,25,10.7339999999999,11.0080000000016,0.852251772267564,25,10.7339999999999,11.0080000000016,0.852251772267564,25,5.91152000000006,5.9380000000001,0.267828944166371,25,0.355479999999916,0.352999999999156,0.0157430407906306,25,4.46699999999997,4.71099999999933,0.812847412905155,25
"refined","estimated_Z","mixture_fastica_start","ifeval_min30","balanced_moderate_dense_signed_cross","Cross",200,2000,5,"3-3-3-3-3",0.114896678961182,0.113999938674203,0.00898380169801111,25,0.148433357542764,0.148012972980037,0.00555673140738586,25,0.186160591660698,0.182089251977899,0.0223830351354833,25,0.0569078968487987,0.0568571338850255,0.000715517505808374,25,0.129644629699597,0.129131232109395,0.0332330213199597,25,0.124106509967599,0.117955793224672,0.029158917774798,25,0.0452171006401436,0.0392243814778395,0.0185507857133989,25,0.32152926454841,0.322739535120725,0.00619076605899305,25,0.134237468111713,0.134599595504568,0.00415996434577905,25,0.348439664297244,0.349381695801941,0.00676786238055315,25,0.0575225145772212,0.0575277226157904,0.000473339502204418,25,0.0818674050245709,0.0820301184939109,0.00318778240286287,25,1.04329468219964,1.04369026237235,0.00256420434741499,25,0.983885557022566,0.983959208234624,0.00112973582370048,25,11.0140799999995,10.7679999999964,0.736494451213555,25,11.0140799999995,10.7679999999964,0.736494451213555,25,7.87147999999987,7.88699999999881,0.32480919014142,25,0.614039999999368,0.531999999999243,0.1584501709271,25,2.52856000000029,2.36300000000119,0.595652518951885,25
"refined","estimated_Z","mixture_fastica_start","ifeval_min30","balanced_moderate_dense_signed_cross","Cross",200,500,10,"2-2-2-2-2-2-2-2-2-2",0.145254856995266,0.145353309552254,0.00309415738882025,25,0.130305576731164,0.129829692176784,0.00177836118428318,25,0.197554476078957,0.197474139004182,0.0187320851682806,25,0.0758687267541961,0.0758500903109408,0.000831622345259733,25,0.0686503230914386,0.0714640206330253,0.0156444656750244,25,0.0213449278019295,0.0216225647071593,0.0025432599234451,25,0.0353298206522435,0.036894733777161,0.00810670007525987,25,0.547741259848729,0.547612106153586,0.0121009383074014,25,0.14799565863596,0.147613816630541,0.00565841744579142,25,0.567408321600526,0.566709312484654,0.0121754395160561,25,0.0893350133988007,0.0893777912468292,0.000982606066039822,25,0.160314923531568,0.1601129444499,0.00462733060756108,25,1.11446347269683,1.11441253187196,0.0066436453481098,25,0.962095344320968,0.962705867614388,0.00220869185932046,25,19.6367999999988,7.12399999999616,55.361584348567,25,19.6367999999988,7.12399999999616,55.361584348567,25,3.06827999999892,2.8179999999993,0.606023962672457,25,0.69484000000055,0.639999999999418,0.107324538976739,25,15.8736799999993,3.68299999999726,55.4217582683913,25
"refined","estimated_Z","mixture_fastica_start","ifeval_min30","balanced_moderate_dense_signed_cross","Cross",200,500,10,"3-3-3-3-3-3-3-3-3-3",0.168220754418268,0.168646708583644,0.00332793822019931,25,0.126103086957028,0.126151759524313,0.00325339353291066,25,0.182796962533168,0.180846837417912,0.0140767944890978,25,0.0820471033879691,0.0820041519477236,0.000573764663659243,25,0.192023713024481,0.17410121769359,0.0888558933657926,25,0.146740459741364,0.145136197165487,0.0198831138875672,25,0.0756661814055848,0.075380493545041,0.0167081242603936,25,0.561182740295456,0.560743040254313,0.00933652237704964,25,0.149828792189295,0.146971421810647,0.00617905953562531,25,0.580862823294438,0.581303995278687,0.00986644453245827,25,0.0923113194428347,0.0924649032872406,0.000667988139824662,25,0.165090894760603,0.165022428076094,0.00334003302344022,25,1.12096457739496,1.12109964709345,0.00507816078001402,25,0.961770384763508,0.962085458648192,0.00209008864165936,25,12.6715600000019,12.7670000000071,2.53455423562459,25,12.6715600000019,12.7670000000071,2.53455423562459,25,3.3310400000005,3.30999999999767,0.183756968123033,25,1.63324000000081,1.36999999999534,0.771269423307979,25,7.70728000000061,7.06699999999546,2.46044771535447,25
"refined","estimated_Z","mixture_fastica_start","ifeval_min30","balanced_moderate_dense_signed_cross","Cross",200,500,5,"2-2-2-2-2",0.123411909235005,0.12404156141288,0.00375560285306939,25,0.141677864949164,0.141488281207609,0.00402206977837632,25,0.193739532245262,0.183826698892586,0.0310145670527318,25,0.0577052294611038,0.057448900340327,0.000909966062633058,25,0.06266880131982,0.0646028441155306,0.0242410367793778,25,0.0240273412842596,0.0241749185561202,0.00333682519941383,25,0.0321938095126226,0.0333714591641509,0.0127424088568708,25,0.369585499894833,0.367810771583144,0.00692299728350466,25,0.143410842953205,0.143570137560531,0.00533812889938127,25,0.396458185445706,0.395348115511206,0.00752671445260422,25,0.0606947903357819,0.0606064035964863,0.000668833811708873,25,0.124711689036372,0.125305485250259,0.00339230417304948,25,1.05552338990802,1.05570613112125,0.00349160041861882,25,0.97915076667911,0.978608674548938,0.00214291947616548,25,5.79131999999998,5.79199999999992,0.146261671898914,25,5.79131999999998,5.79199999999992,0.146261671898914,25,2.37776000000002,2.36100000000033,0.122147206271754,25,0.324399999999987,0.32300000000032,0.0113871272350388,25,3.08915999999997,3.10200000000032,0.056420799947047,25
"refined","estimated_Z","mixture_fastica_start","ifeval_min30","balanced_moderate_dense_signed_cross","Cross",200,500,5,"3-3-3-3-3",0.139484871139413,0.139010295661253,0.00430366707068259,25,0.137913627464873,0.136491398743204,0.00683755432524591,25,0.186831359012054,0.181547934354848,0.02973796270287,25,0.0625850802680055,0.0626864787916591,0.0010687296291504,25,0.150506239635929,0.160721076666423,0.0420567985292074,25,0.134064097138296,0.141986274068197,0.0331414279173352,25,0.0595579442018902,0.0614928351524139,0.023219476889649,25,0.373058602425778,0.372672064423604,0.0111296281495958,25,0.132419238041175,0.132903885592398,0.00595496003897472,25,0.395886785480482,0.397035616775657,0.0118227135805887,25,0.0641584975771859,0.064338342762086,0.000782494311150961,25,0.133957748406981,0.13341096933449,0.00532647574479285,25,1.05546110559649,1.05635622141917,0.00489978143508046,25,0.979376473955065,0.97861415950486,0.0021397295735232,25,7.75555999999939,7.22299999999814,0.966536302129428,25,7.75555999999939,7.22299999999814,0.966536302129428,25,3.03723999999958,3.01500000000306,0.160595319565743,25,0.636319999999978,0.51299999999901,0.252953342206482,25,4.08199999999983,3.55299999999988,0.887630178246339,25
"refined","estimated_Z","mixture_fastica_start","ifeval_min30","balanced_moderate_dense_signed_cross","Cross",400,1000,10,"2-2-2-2-2-2-2-2-2-2",0.114051295935854,0.114376031716138,0.00171343092829119,25,0.0932240255954948,0.0935277992882504,0.0013579443837731,25,0.145216488963431,0.143887499071989,0.0121324942054003,25,0.0592137330876501,0.0593202802150703,0.000500069176481506,25,0.0443072826701118,0.0430747147838665,0.00843476895383229,25,0.0113286556781425,0.0114260234779931,0.00184061905742387,25,0.0228717613107009,0.0222213103463169,0.00437437834947377,25,0.373787637061656,0.373543989333361,0.00405039460050186,25,0.11503267772852,0.114822619527891,0.00365545669295304,25,0.391097872908072,0.390727287085134,0.00464866803987961,25,0.0617872195477518,0.0617496803013858,0.000291514109202925,25,0.112789198004653,0.112696166599076,0.00204838049296225,25,1.05504854098444,1.0547886595608,0.00232570049251313,25,0.980717145758278,0.98073925208088,0.00116756281104168,25,29.4324000000002,29.4769999999917,0.941168245673829,25,29.4324000000002,29.4769999999917,0.941168245673829,25,19.7967600000006,19.6990000000005,0.834593078491438,25,1.38948000000004,1.38900000000285,0.0366766501565248,25,8.24615999999951,8.21800000000076,0.363247239034946,25
"refined","estimated_Z","mixture_fastica_start","ifeval_min30","balanced_moderate_dense_signed_cross","Cross",400,1000,10,"3-3-3-3-3-3-3-3-3-3",0.126800614770318,0.126551961029776,0.00217724742566126,25,0.0903725080404105,0.090385074069378,0.00189122217218044,25,0.135487509899307,0.136820808658538,0.015341600849278,25,0.0626121711741005,0.0625840919728656,0.000577490304413282,25,0.0737736591882902,0.074997369051091,0.00937634046648935,25,0.0460488532884338,0.0451906488838655,0.00863847110592876,25,0.0315231676678272,0.0315339314178251,0.0044729353752775,25,0.355846858799256,0.355407844672722,0.00347092231471361,25,0.0987727964195939,0.0993029126350222,0.00361329603822007,25,0.369311443810228,0.369067148405112,0.00410903250782116,25,0.063876091942235,0.063775607361085,0.000373717266140756,25,0.117294428280285,0.11741625097186,0.00182272766125155,25,1.04742128469223,1.04750084409458,0.00157717611351409,25,0.981032847132245,0.981115677460903,0.000998630784464769,25,24.0116399999999,23.8549999999814,1.26732200854291,25,24.0116399999999,23.8549999999814,1.26732200854291,25,17.5008799999981,17.4619999999995,0.668727169082084,25,1.44200000000012,1.53300000001036,0.229531588240179,25,5.06876000000164,4.54800000000978,1.21494393835013,25
"refined","estimated_Z","mixture_fastica_start","ifeval_min30","balanced_moderate_dense_signed_cross","Cross",400,1000,5,"2-2-2-2-2",0.0943354172139693,0.0936380367176554,0.00227737322049958,25,0.0995087501004754,0.0991000160752795,0.00231793070210619,25,0.147960996972106,0.146168473212846,0.0166202185289629,25,0.0437442935917061,0.0437392947434823,0.00052040323380467,25,0.0500810291008852,0.0519652723434241,0.0120838090685581,25,0.0128546881342798,0.0126346700387777,0.00220287912861111,25,0.0258814321167152,0.0269697379737613,0.00628557223266853,25,0.269856103529542,0.269923459566244,0.0045339104037767,25,0.119136203968365,0.118347229289804,0.00518754816009128,25,0.295005437279263,0.294517547874615,0.00587296093104669,25,0.0427488371521049,0.0427772448304025,0.000364403361407112,25,0.0906464519370307,0.0901622025793488,0.00225546684660648,25,1.03322503362489,1.03359864139876,0.00182332459995664,25,0.990492227798308,0.990634968277203,0.000993218348649724,25,17.9080000000002,17.8410000000003,0.525522597040423,25,17.9080000000002,17.8410000000003,0.525522597040423,25,13.4454400000002,13.4130000000005,0.536320339598218,25,0.54496000000021,0.54700000000048,0.0211944961407474,25,3.91759999999984,3.89600000000064,0.109626639098396,25
"refined","estimated_Z","mixture_fastica_start","ifeval_min30","balanced_moderate_dense_signed_cross","Cross",400,1000,5,"3-3-3-3-3",0.105210791371283,0.105064566017836,0.00242436961282653,25,0.0981501163545603,0.0978723753278562,0.00380449472538352,25,0.12881855408455,0.127402351842868,0.0160696664550986,25,0.0467801651773508,0.0468615133570623,0.000513262521264559,25,0.0643406610549838,0.0643228543945363,0.0118882587918238,25,0.0458340420542395,0.0472969782332061,0.0113684531597095,25,0.0263910025580396,0.0257404825688746,0.00578380693144791,25,0.261980700235312,0.261734150361177,0.00619050647129448,25,0.10045825303451,0.0995921357966598,0.00451433524035553,25,0.280595713790106,0.28036596529344,0.00708187463875595,25,0.0448775938363101,0.0447802635543784,0.000381569982860775,25,0.0980178795546135,0.0975825717749586,0.00223364921011204,25,1.02910746765084,1.02904591423245,0.00237948625603939,25,0.990422632628867,0.99069734338632,0.00123923692950125,25,22.6466000000003,22.6000000000022,1.18765199027305,25,22.6466000000003,22.6000000000022,1.18765199027305,25,18.05448,17.9079999999994,0.790809612570102,25,0.777679999999964,0.737999999997555,0.109437089995607,25,3.81444000000032,4.01800000000003,0.821895729396488,25
"refined","estimated_Z","mixture_fastica_start","ifeval_min30","balanced_moderate_dense_signed_cross","Cross",400,1500,10,"2-2-2-2-2-2-2-2-2-2",0.0994550137895119,0.0994319332033314,0.00185415601354458,25,0.0948216625435381,0.0950178227603495,0.00122962726923828,25,0.149017243366208,0.149054558342686,0.00914984075120412,25,0.0559259816251996,0.0559825600466932,0.000440756844453129,25,0.0510060828799023,0.0513482435522093,0.00795325702468111,25,0.0142746398725145,0.0141049812712333,0.00129746722918236,25,0.0263448184333026,0.0265226765127925,0.00414536152652679,25,0.369930115386441,0.370588682545385,0.00502512119949864,25,0.123708291706005,0.123117484625031,0.00476014691433559,25,0.390080507488229,0.39050465637572,0.00605734681471504,25,0.0588013375985239,0.058742684260549,0.00029220880405372,25,0.0967825072834364,0.096915366635041,0.00169998529602822,25,1.05695519557369,1.05700045724264,0.00243289256825064,25,0.982983663365601,0.982868438329152,0.000795533014281645,25,35.8684399999995,35.9779999999955,1.04234783381653,25,35.8684399999995,35.9779999999955,1.04234783381653,25,24.6322800000003,24.726999999999,0.989992951151637,25,1.4281999999992,1.42500000000291,0.0264779782710213,25,9.80796000000002,9.79699999999866,0.139553000683985,25
"refined","estimated_Z","mixture_fastica_start","ifeval_min30","balanced_moderate_dense_signed_cross","Cross",400,1500,10,"3-3-3-3-3-3-3-3-3-3",0.107942485044526,0.107776627360486,0.00231921476557534,25,0.0917506107898318,0.0910932151453845,0.00209146394443735,25,0.141495721915919,0.134719684967839,0.0165610376442585,25,0.0588526251470506,0.0587937725823619,0.000354469355217236,25,0.0686826456901944,0.069574157769411,0.00818027127633684,25,0.0469935362818639,0.0458690702762854,0.00794819963604837,25,0.0280578236930494,0.0286239175144639,0.00391002764966065,25,0.33951281009611,0.341260242318077,0.00448549131429102,25,0.102565373693514,0.102649382009665,0.00394623954513604,25,0.354678321505868,0.356507018532372,0.0052198634391343,25,0.0607884359509293,0.0608140323091907,0.000303107513212817,25,0.0995666597678602,0.0995890301392369,0.00190110549720778,25,1.04425029617818,1.04430476994798,0.00189283162053409,25,0.982826051429936,0.98284477891181,0.000819848294870716,25,29.4968400000007,29.4599999999919,1.09612973228354,25,29.4968400000007,29.4599999999919,1.09612973228354,25,22.3159600000014,22.4510000000009,0.708640451852191,25,1.40027999999991,1.2609999999986,0.279937421578322,25,5.7805999999994,5.27999999999884,0.903679192707185,25
"refined","estimated_Z","mixture_fastica_start","ifeval_min30","balanced_moderate_dense_signed_cross","Cross",400,1500,5,"2-2-2-2-2",0.0804415578981956,0.0802361638624472,0.00181096035230942,25,0.101649367062945,0.101653946300568,0.0023264297382969,25,0.14368358775953,0.145775692928332,0.0156361882696911,25,0.0418328623987786,0.0417899432165238,0.000404501521615403,25,0.0432469405113747,0.0450495727145991,0.0134238673852151,25,0.0154419139744054,0.0151463099577193,0.00250308469172587,25,0.0221750911971991,0.0232432571409093,0.00714397822225737,25,0.267146631868995,0.267416371457281,0.00523640850761321,25,0.125312023845726,0.124725964844709,0.0062361772907093,25,0.295103275737952,0.294291367355259,0.00708139978509339,25,0.0411351934202791,0.0410995527982,0.000351297133885423,25,0.0772139902070006,0.0772841425978461,0.00193854549910105,25,1.03361568899083,1.03329560743114,0.00217072768661879,25,0.990819129081594,0.990514416071831,0.0010954356980225,25,22.02528,22.2089999999989,0.550669026427456,25,22.02528,22.2089999999989,0.550669026427456,25,16.9503200000001,17.1220000000012,0.546069494966845,25,0.563080000000045,0.560999999999694,0.025294795248307,25,4.51187999999987,4.51200000000063,0.0659414639407143,25
"refined","estimated_Z","mixture_fastica_start","ifeval_min30","balanced_moderate_dense_signed_cross","Cross",400,1500,5,"3-3-3-3-3",0.0967645508069688,0.0968840266304131,0.00715306626695815,25,0.100583576392735,0.100538306517365,0.00323549313589278,25,0.140111290299294,0.130564885939085,0.0293979489490165,25,0.0448385371793365,0.0447977801653071,0.000460521054215301,25,0.0685691563790382,0.0688305036104032,0.0146289733816078,25,0.0477921037252038,0.0465802180551536,0.00828846950847423,25,0.0265789974827483,0.0279161860945446,0.00674613772078166,25,0.253232009153933,0.253868402499052,0.00530400112327656,25,0.102955732204962,0.103424962047921,0.00446084497134412,25,0.273378077714934,0.274708434923887,0.00619729292615456,25,0.0431142338948296,0.0432292492680873,0.000317904756016264,25,0.0844162233288147,0.0844651824927359,0.00248981640999401,25,1.02755684965942,1.02734543700173,0.00172074286217926,25,0.990777906071384,0.99052702770292,0.00107939007086992,25,27.1454799999997,27.2829999999994,1.65353225752218,25,27.1454799999997,27.2829999999994,1.65353225752218,25,22.9045599999998,23.038999999997,0.768664647293781,25,0.767079999999696,0.753000000000611,0.0551935382688054,25,3.4738400000002,3.44800000000032,1.2752671837698,25
"refined","estimated_Z","mixture_fastica_start","ifeval_min30","balanced_moderate_dense_signed_cross","Cross",400,2000,10,"2-2-2-2-2-2-2-2-2-2",0.0900803748692077,0.0898741798785503,0.00165316582215975,25,0.0947947870185273,0.09488995576493,0.00121986560077504,25,0.148624351217159,0.14581453397795,0.0133348115742827,25,0.0540096361547636,0.0539748756391869,0.00032469548779526,25,0.048953480718672,0.0470774791432506,0.00844050487627065,25,0.0152194776998413,0.0151846587233467,0.00158821114890669,25,0.0252502304780572,0.0243322458244547,0.0044355675328911,25,0.363413340438399,0.363457530622264,0.0054659582268603,25,0.126660161168092,0.126537051417723,0.00585956437434186,25,0.384877276122635,0.385757060085291,0.00670645727223009,25,0.0570227534750697,0.057052478371128,0.000264212083739319,25,0.0866384572659507,0.0867635643143384,0.00132882284441651,25,1.05578224283527,1.05594632691264,0.00230583900451669,25,0.983671019789892,0.983550355656135,0.0008716919077792,25,42.8467599999995,42.5059999999939,1.20630127801269,25,42.8467599999995,42.5059999999939,1.20630127801269,25,30.0157999999996,29.6169999999984,1.1768829239431,25,1.47131999999925,1.47299999999814,0.0356156800676231,25,11.3596400000007,11.3839999999982,0.12731420449734,25
"refined","estimated_Z","mixture_fastica_start","ifeval_min30","balanced_moderate_dense_signed_cross","Cross",400,2000,10,"3-3-3-3-3-3-3-3-3-3",0.0968001925474687,0.0964447903897054,0.00251637746283163,25,0.091401239527336,0.0911461632022732,0.00164571873970491,25,0.134419228563447,0.131792317814227,0.00989953007608095,25,0.0569280104292906,0.0569237506380518,0.000281535700017875,25,0.0690959579589957,0.0699390946422104,0.00789594956625182,25,0.0516168109187372,0.0499905106462161,0.00953917837479029,25,0.0272500111594039,0.0273759736872109,0.00453823808714236,25,0.332376404775067,0.331274222719038,0.00384123015994543,25,0.103841666130717,0.104030524061958,0.00350837716915545,25,0.348229357630649,0.347838900552256,0.00450251888649534,25,0.0591850549719034,0.0591789658181724,0.000270637118906268,25,0.0906984076587249,0.0907607671265127,0.001327174588889,25,1.043010228525,1.04277478304154,0.00151569948386731,25,0.983757676443606,0.983594039461409,0.000905794832759573,25,35.3290000000002,35.4020000000019,2.33419372232457,25,35.3290000000002,35.4020000000019,2.33419372232457,25,26.7436000000016,27.0310000000027,0.95634817578717,25,1.45679999999818,1.28900000000431,0.402822645012125,25,7.12860000000044,6.15700000000652,2.10504710952951,25
"refined","estimated_Z","mixture_fastica_start","ifeval_min30","balanced_moderate_dense_signed_cross","Cross",400,2000,5,"2-2-2-2-2",0.0727365276635911,0.0720952053051518,0.00212520498498839,25,0.102339875481355,0.102200887009578,0.00200186354178064,25,0.147629903422901,0.140152454330371,0.0236479537008536,25,0.0407799951246601,0.0407229829221141,0.000425951042667909,25,0.049516512996084,0.0456252537599143,0.0210852965671026,25,0.0169683711635611,0.0168255231811447,0.00273853700732847,25,0.0253741373251821,0.023534606882791,0.0111456678710774,25,0.264724401331166,0.263806937776448,0.00613992166387148,25,0.126862567204886,0.127147781684889,0.00521157246185584,25,0.293568296226644,0.292119567765878,0.00743302239761958,25,0.0402585122654861,0.0402220849025039,0.000285507470632826,25,0.0696912259847318,0.069999871040639,0.00183226893625898,25,1.03371549743193,1.03317316631718,0.00213031038596877,25,0.991332963776435,0.991239334905952,0.000742670815348128,25,26.6380399999997,26.368999999997,0.680153811035644,25,26.6380399999997,26.368999999997,0.680153811035644,25,20.9559599999998,20.5720000000001,0.66033775953405,25,0.574719999999943,0.570999999999913,0.02105057402242,25,5.1073599999999,5.14600000000064,0.295798901282593,25
"refined","estimated_Z","mixture_fastica_start","ifeval_min30","balanced_moderate_dense_signed_cross","Cross",400,2000,5,"3-3-3-3-3",0.0959590938231943,0.0954178958152775,0.00619796688214979,25,0.104321832319393,0.103453517142786,0.00437835496646335,25,0.142797561980642,0.136317979673758,0.0241149073214703,25,0.0437884235704993,0.0437693616927633,0.000382896992358247,25,0.0713912341500413,0.0691997325793968,0.0130381945821628,25,0.0504525507513912,0.0495423174373673,0.00759052911993993,25,0.0287709389556848,0.0284060791989864,0.00586378523866961,25,0.246248481522504,0.246310441505858,0.00465039292699246,25,0.101883809512771,0.10261180951703,0.00473222422493242,25,0.266510290524675,0.26731495636701,0.00587629718813006,25,0.0421195520408921,0.042107383497214,0.000270415629834921,25,0.0766563908709583,0.0773468719859061,0.0019022575380762,25,1.02625104778869,1.0258892966982,0.00174488189771159,25,0.991264060271144,0.991075618943469,0.000743621997230462,25,31.7354000000002,31.9430000000029,1.1598250945723,25,31.7354000000002,31.9430000000029,1.1598250945723,25,28.0605600000001,28.3050000000003,0.915472422668548,25,0.780600000000122,0.766999999999825,0.0385940409904566,25,2.89423999999999,2.66800000000148,0.745300905674647,25
"refined","estimated_Z","mixture_fastica_start","ifeval_min30","balanced_moderate_dense_signed_cross","Cross",400,500,10,"2-2-2-2-2-2-2-2-2-2",0.142995582262365,0.143390524004792,0.00165289455617198,25,0.0900460514912464,0.0895987378525918,0.00204230651832274,25,0.145828750332348,0.143342939448576,0.0111360185581466,25,0.0664969886233765,0.0664672482363211,0.000654112182440572,25,0.0452142992870299,0.0430227317339463,0.0097183000776464,25,0.0103081472909842,0.0104079207628311,0.00113924739993977,25,0.0232041046541969,0.022091898388938,0.00499086942908394,25,0.415501811658297,0.416475214198968,0.00504215229320149,25,0.106834512891819,0.105925784403697,0.00395896198368866,25,0.429034455747161,0.429808518843734,0.00502672342371329,25,0.0702436015144573,0.0703370237988816,0.000634485264825927,25,0.152722208801097,0.152802553494732,0.00206153711202579,25,1.06461493644296,1.06448325058451,0.00240122645890467,25,0.975741260307204,0.975627850540419,0.00143313235629352,25,20.5276799999995,20.5319999999992,0.658749871600917,25,20.5276799999995,20.5319999999992,0.658749871600917,25,12.6017200000002,12.6500000000015,0.666374739417223,25,1.35071999999956,1.34700000000157,0.0319302886509932,25,6.57523999999976,6.53199999999924,0.155106758931996,25
"refined","estimated_Z","mixture_fastica_start","ifeval_min30","balanced_moderate_dense_signed_cross","Cross",400,500,10,"3-3-3-3-3-3-3-3-3-3",0.163847036266233,0.163847635061623,0.00183271479164309,25,0.0874729921293973,0.0873033358267209,0.00157672282861218,25,0.134162933708782,0.132758803083858,0.0153779246290231,25,0.0721459731512187,0.0721482206830687,0.000637159353230972,25,0.0677333657299368,0.0652877438006024,0.0120804129505833,25,0.0383776750953811,0.0359592296130576,0.0103132330385653,25,0.0317025950038734,0.0301584618337747,0.00585915987858899,25,0.412377153668363,0.413135232291916,0.00674595741105677,25,0.0974865644494804,0.0965787463734072,0.00342891058047639,25,0.42376054360173,0.424295428835461,0.00649707919501475,25,0.0718270363595019,0.0717912126595871,0.000683620134723602,25,0.15597580334983,0.157187377438177,0.00261270033497946,25,1.06327129891985,1.06353773099058,0.00284881790573724,25,0.976597687332767,0.976283758553027,0.00147922133596697,25,16.1799199999974,15.99099999998,1.23090603215709,25,16.1799199999974,15.99099999998,1.23090603215709,25,10.6227200000006,10.5580000000045,0.502805091463947,25,1.37127999999851,1.21300000000338,0.255272651621966,25,4.1859199999983,3.78199999999197,0.964895759482899,25
"refined","estimated_Z","mixture_fastica_start","ifeval_min30","balanced_moderate_dense_signed_cross","Cross",400,500,5,"2-2-2-2-2",0.12148656449891,0.121940167224968,0.00256879353026592,25,0.0974320191302241,0.0977899265755095,0.00247401555462518,25,0.148961619196115,0.142193271226444,0.0203935232343316,25,0.048604887869672,0.0485335218521148,0.00065837546811911,25,0.0464013559736913,0.0470288178773648,0.0133058228203263,25,0.0100467108993394,0.0101549066827628,0.00204304647633463,25,0.0239617636817771,0.0243381736250353,0.00686984520731717,25,0.297156338511517,0.297124436168234,0.00501395973276135,25,0.11096515307836,0.110482269407159,0.00535344295091622,25,0.317222987490275,0.317048298512973,0.00615579849489077,25,0.047694214892247,0.0476916933343212,0.000572278642641266,25,0.122139853945229,0.122305506263709,0.00236658621822593,25,1.03673210865712,1.03758296749481,0.002020386043988,25,0.987443999414839,0.987484908755546,0.0012701561576553,25,11.9663600000003,12.0010000000011,0.382102939882218,25,11.9663600000003,12.0010000000011,0.382102939882218,25,8.17104000000018,8.1929999999993,0.372798815269847,25,0.523440000000119,0.519000000000233,0.0193025904997022,25,3.27188000000006,3.26100000000042,0.0646389459484739,25
"refined","estimated_Z","mixture_fastica_start","ifeval_min30","balanced_moderate_dense_signed_cross","Cross",400,500,5,"3-3-3-3-3",0.13683252695244,0.137364633854143,0.0032436167384319,25,0.0959123592690052,0.0954716440554638,0.00348491468863277,25,0.131516944176455,0.125904956937048,0.0186027439498523,25,0.0528329926564336,0.0528019522325241,0.000505894772233492,25,0.0690505325586169,0.0661392100690106,0.0231636937135993,25,0.0403442231051465,0.0389251381976237,0.0150989353369951,25,0.0307985171043116,0.0303058358564588,0.00725821031628186,25,0.294069800319228,0.294751271090079,0.00537936392588459,25,0.0957555809731334,0.0953355883129375,0.00410586706573901,25,0.30928099623578,0.308842877566228,0.00607316392694649,25,0.0498540240893266,0.0499339950193724,0.000391706241716792,25,0.128374525154897,0.128437035943672,0.0035308237438121,25,1.0339110316878,1.03342273571739,0.00262983238705286,25,0.987075833664573,0.987039779679659,0.00195145122806224,25,14.5498400000006,14.4660000000003,0.496923089286621,25,14.5498400000006,14.4660000000003,0.496923089286621,25,10.1850000000001,10.2790000000023,0.336824385498719,25,0.776800000000512,0.730000000003201,0.102456088154566,25,3.58803999999989,3.46299999999974,0.333229085365591,25
"refined","estimated_Z","mixture_identity_start","ifeval_min30","balanced_moderate_dense_signed_cross","Cross",100,1000,10,"2-2-2-2-2-2-2-2-2-2",0.138425780998532,0.139099912718067,0.00651775055384231,25,0.171073681354474,0.17135251518786,0.0018844307436134,25,0.276053682639603,0.266153306136779,0.0327435944721345,25,0.0960816960199085,0.0960750960881479,0.00113307040707223,25,0.0983884070580308,0.0986171050372706,0.0204020247519688,25,0.0639461304273233,0.06320608902151,0.00415551973569677,25,0.0495171981420384,0.0499833583724185,0.0113944537061235,25,0.730633134326008,0.728302930296749,0.0209821384318104,25,0.216451435944349,0.218383695520778,0.00840644105943583,25,0.762035978375825,0.760898809095317,0.0220711540462484,25,0.111642428722671,0.111792905319686,0.00110152143667897,25,0.134992971781253,0.134977299373385,0.00674829573879627,25,1.20524539629547,1.20577831813131,0.0145325089617227,25,0.938235119275692,0.938143556971844,0.00255350921300915,25,6.25716000000102,6.04100000000108,0.499098994856573,25,6.25716000000102,6.04100000000108,0.499098994856573,25,1.24000000000087,1.25700000000143,0.0937803284278635,25,0.497160000000003,0.457999999998719,0.0782925496672998,25,4.52000000000015,4.29300000000512,0.489065094508552,25
"refined","estimated_Z","mixture_identity_start","ifeval_min30","balanced_moderate_dense_signed_cross","Cross",100,1000,10,"3-3-3-3-3-3-3-3-3-3",0.169750853627483,0.170192534662322,0.00776011910453409,25,0.171611773280064,0.172299546809742,0.00368692005526042,25,0.257787596204606,0.260991053991866,0.0171422173963272,25,0.102231395856271,0.102356429200642,0.00151612451104031,25,0.343910102704438,0.337626185038759,0.0396185446905713,25,0.276744272920393,0.278628641356373,0.0126186011434666,25,0.154620308909859,0.15362476930671,0.022122023242942,25,0.791868092398129,0.796636593240753,0.0258162199674859,25,0.241796344404639,0.240934566680132,0.0101612409710246,25,0.827984475892296,0.831583147768896,0.0270261161749372,25,0.117337690630712,0.117288569361066,0.000977989452254384,25,0.145211045568691,0.145102583757395,0.00408584008073079,25,1.24813923395092,1.25003807387313,0.0171424347768522,25,0.938981508190446,0.938790560577362,0.00263345733413176,25,8.13335999999836,7.55199999999604,1.55793990256436,25,8.13335999999836,7.55199999999604,1.55793990256436,25,1.62075999999826,1.62600000000384,0.0954429498017752,25,1.67276000000071,1.54899999999907,0.713720783406604,25,4.83983999999939,4.01900000000023,1.67062470052366,25
"refined","estimated_Z","mixture_identity_start","ifeval_min30","balanced_moderate_dense_signed_cross","Cross",100,1000,5,"2-2-2-2-2",0.114132372401114,0.112589091521763,0.00638240854542132,25,0.178086239951175,0.178198095246292,0.00357674935600749,25,0.275123768933767,0.269718469553251,0.0414244692739568,25,0.0745826110963597,0.0747429499577261,0.00106104372537512,25,0.0944674495648823,0.0896737048343082,0.0234355543407116,25,0.0656341122551853,0.0642298330854334,0.00513558790928396,25,0.0472749306160722,0.0450803332206408,0.0132458210395245,25,0.469831082754465,0.469887436960456,0.014135998368833,25,0.196285173961517,0.196926492756193,0.00712395875169583,25,0.509203435797818,0.507892933102177,0.0151908332997186,25,0.0775588951736822,0.0776173482276625,0.000866102734672758,25,0.101791802334717,0.101890310073588,0.00522756868412735,25,1.09164124793847,1.09276309609495,0.00647327188760067,25,0.966921875728539,0.967253821492648,0.0024501674459429,25,4.58723999999999,4.70900000000006,0.529060273818913,25,4.58723999999999,4.70900000000006,0.529060273818913,25,1.0904,1.11400000000003,0.0930774766883303,25,0.234799999999996,0.226999999999862,0.0338476980999757,25,3.26204,3.39800000000002,0.488009006064437,25
"refined","estimated_Z","mixture_identity_start","ifeval_min30","balanced_moderate_dense_signed_cross","Cross",100,1000,5,"3-3-3-3-3",0.156149731321215,0.154733152188243,0.0153077952057035,25,0.187400231273487,0.186906475786906,0.0056715434630062,25,0.25443191176546,0.245165559047385,0.0390710424867475,25,0.080412806721511,0.0800217046067155,0.00125869986157587,25,0.2988066414862,0.295981424340403,0.0335337016655061,25,0.257295467510653,0.257303604959064,0.0166467058839065,25,0.1388859797138,0.143311297435705,0.0335637195924014,25,0.493015197295838,0.494093523332423,0.0124549416297447,25,0.195644354509018,0.195245694527434,0.00731970119566081,25,0.530440132085411,0.53237662568462,0.0134752837727817,25,0.0827194504355938,0.0827230790286382,0.00077411343543112,25,0.113197584573343,0.112941008660348,0.00714384750234428,25,1.10123038137143,1.10076671224343,0.00652476582250248,25,0.96676614034703,0.96670716958512,0.0018773791482385,25,4.28652000000016,4.03599999999824,0.920721461681066,25,4.28652000000016,4.03599999999824,0.920721461681066,25,1.41056000000011,1.42499999999927,0.0807852503040975,25,0.779160000000047,0.733000000000175,0.339347005291267,25,2.0968,1.73899999999958,0.870873938447115,25
"refined","estimated_Z","mixture_identity_start","ifeval_min30","balanced_moderate_dense_signed_cross","Cross",100,1500,10,"2-2-2-2-2-2-2-2-2-2",0.129427394554073,0.129356547150125,0.00659627188933012,25,0.171949208255119,0.171913363988243,0.00259063639282349,25,0.263056494187147,0.260286682291625,0.0355634367871319,25,0.093787749893433,0.0938540261910047,0.00083975746163447,25,0.0978286417691513,0.103561169050791,0.0225999273168354,25,0.0681763150276589,0.0683227016838751,0.00469945349716051,25,0.0489406554217154,0.0530056841664535,0.0126593073086272,25,0.692752862298873,0.684684917473847,0.0250912927255322,25,0.208816585399054,0.205898239265521,0.00920727305878452,25,0.723553150471753,0.71522237237813,0.0263688969500321,25,0.108189223624205,0.107947424587048,0.00112284952764711,25,0.118572959846081,0.117785461492275,0.00469831597076129,25,1.18347086948309,1.18050497796954,0.0158687601219554,25,0.940123081449255,0.939963674915339,0.00157161712828616,25,7.01168000000005,6.90399999999499,0.551772954514872,25,7.01168000000005,6.90399999999499,0.551772954514872,25,1.58440000000031,1.5769999999975,0.180948197007034,25,0.564919999999984,0.572000000000116,0.105726029591581,25,4.86235999999975,4.72499999999854,0.455369253097698,25
"refined","estimated_Z","mixture_identity_start","ifeval_min30","balanced_moderate_dense_signed_cross","Cross",100,1500,10,"3-3-3-3-3-3-3-3-3-3",0.182215841595029,0.168905109644816,0.0567633414133334,25,0.178827268450133,0.174088196734189,0.0167854094333468,25,0.272631504039346,0.270291384184706,0.0395885903670994,25,0.100699236324174,0.100574045215912,0.00111153074715136,25,0.333155332352083,0.33368763186739,0.0329252469972542,25,0.279403355037951,0.280800571724638,0.0143546548932087,25,0.151486265219374,0.146780800251306,0.0301311436043825,25,0.748190649734033,0.747573544067268,0.0204895360730482,25,0.229188049192569,0.228282498474416,0.00658749014993078,25,0.782520079579006,0.781235790255468,0.021001556692341,25,0.114550925294596,0.1145129347672,0.000929065881465074,25,0.127147677812544,0.127602730867586,0.00635052692249713,25,1.21997900286595,1.21837081117563,0.0137327791172033,25,0.940120739604502,0.940768985329916,0.00201127750118928,25,8.25944000000134,7.77300000000105,1.63694550611891,25,8.25944000000134,7.77300000000105,1.63694550611891,25,2.20119999999937,2.1929999999993,0.146714291509267,25,1.76320000000123,1.37399999999616,0.97285846007014,25,4.29504000000074,4.34799999999814,1.15729902790945,25
"refined","estimated_Z","mixture_identity_start","ifeval_min30","balanced_moderate_dense_signed_cross","Cross",100,1500,5,"2-2-2-2-2",0.129307633637878,0.110587547854666,0.0769764836423178,25,0.188334231725958,0.182881741815926,0.0268930390694022,25,0.264988533784499,0.257443988299783,0.0359839223487119,25,0.0742260432827077,0.0739252481660299,0.00120655542525078,25,0.107894080187685,0.101053255695263,0.0489882221338115,25,0.0722257733249278,0.0670376677380148,0.0356477931851669,25,0.0550362926293834,0.0516168364713381,0.0284775451175869,25,0.452905628226464,0.450738313808217,0.012857232984536,25,0.196344004053968,0.196373459793889,0.00630933968522239,25,0.493650311426539,0.493179158216034,0.013721849768426,25,0.0761894152642094,0.0761769012127644,0.000817290401892368,25,0.0896811851075491,0.090207568976413,0.00452585349848633,25,1.0854235580728,1.08395806131569,0.00693296988409309,25,0.967911214430536,0.967852293736669,0.00224729346405376,25,4.76356000000002,5.47499999999991,1.0489490407069,25,4.76356000000002,5.47499999999991,1.0489490407069,25,1.42092000000003,1.43399999999997,0.114035783857535,25,0.246880000000001,0.238000000000056,0.0353757449862518,25,3.09575999999999,3.92900000000009,1.02134818091909,25
"refined","estimated_Z","mixture_identity_start","ifeval_min30","balanced_moderate_dense_signed_cross","Cross",100,1500,5,"3-3-3-3-3",0.148777257792159,0.153795587247212,0.0181963264775222,25,0.190238074260751,0.190055595187947,0.00683550657415869,25,0.252787701453583,0.255133766816069,0.031787782375688,25,0.0792073180406471,0.0790512324332465,0.00132366943503136,25,0.285429065014675,0.282424851110374,0.0337277115839796,25,0.247803933502648,0.247999920183639,0.0121403633368971,25,0.144629703213572,0.152372260207144,0.0357196141049161,25,0.473450466745948,0.473108170565005,0.01727428746297,25,0.194116520429951,0.192341803659253,0.0081607647213792,25,0.511712620625848,0.510122984918295,0.0187405804861116,25,0.0809891435681298,0.0810131182571078,0.000810819702661732,25,0.0963444857984255,0.0948351685863284,0.0062541907401174,25,1.09376811394513,1.09319181802535,0.0080278883657452,25,0.967858116612233,0.96800747553614,0.00203371865417848,25,4.87020000000004,4.68299999999908,0.644720029677235,25,4.87020000000004,4.68299999999908,0.644720029677235,25,1.9932,2.01800000000003,0.154896201804035,25,0.740400000000009,0.626000000000204,0.388008698356176,25,2.13660000000004,2.01299999999901,0.431530512633045,25
"refined","estimated_Z","mixture_identity_start","ifeval_min30","balanced_moderate_dense_signed_cross","Cross",100,2000,10,"2-2-2-2-2-2-2-2-2-2",0.134374884055402,0.125525480798895,0.0445618480762268,25,0.173739634213137,0.171963027135818,0.00981931287012434,25,0.260648814603181,0.255114695669037,0.0242919336010279,25,0.0930753822882481,0.0928882459412683,0.000771250474597932,25,0.0995014472552578,0.0943433014402125,0.0342886293491909,25,0.0766837460861465,0.0712064690583438,0.0283715668997619,25,0.0500764467527025,0.0469381893349137,0.021261320583491,25,0.675101441617915,0.676533950091884,0.0190971617596627,25,0.206244290737961,0.206664677267766,0.00540872997242324,25,0.705913007744794,0.70721405377596,0.0194638324472197,25,0.106923556829504,0.107012079275146,0.00110763072969116,25,0.110656661669867,0.111623237515188,0.00485841071473747,25,1.1738283327432,1.17302442985708,0.0116037846921084,25,0.941228680663329,0.941343625777153,0.00155862558502764,25,7.53752000000153,7.5199999999968,0.296700904390925,25,7.53752000000153,7.5199999999968,0.296700904390925,25,1.95696000000084,1.99500000000262,0.167845534147734,25,0.578799999999465,0.580999999998312,0.154807138077801,25,5.00176000000123,4.92199999999866,0.242732754279492,25
"refined","estimated_Z","mixture_identity_start","ifeval_min30","balanced_moderate_dense_signed_cross","Cross",100,2000,10,"3-3-3-3-3-3-3-3-3-3",0.167226027967789,0.166416516596519,0.0137322707284432,25,0.176444054106793,0.176475529233899,0.00321019200929042,25,0.269458221258123,0.263764137229919,0.0254926254603127,25,0.0999575358581665,0.0999239878159053,0.00119191741711704,25,0.325898818667061,0.323005487499342,0.0296550379263288,25,0.274416760448192,0.272140562241261,0.0161973244680072,25,0.15220238940099,0.153944477023247,0.0227167098021728,25,0.727830200978402,0.727983399930861,0.0167744918797643,25,0.226827083911731,0.227137685983202,0.00730522983479181,25,0.762367351716682,0.761361394564226,0.0178158535143456,25,0.113423062124458,0.113596267811647,0.000759451813948921,25,0.117578216644534,0.117905142436345,0.0073559344247366,25,1.2080844291291,1.20772097101144,0.0110488870631955,25,0.940884544943493,0.940566682536772,0.0013408495158207,25,9.0736400000006,9.06799999998475,1.28317200977193,25,9.0736400000006,9.06799999998475,1.28317200977193,25,2.79959999999963,2.80599999999686,0.167571626477061,25,2.120799999999,2.15400000000955,0.917916345136055,25,4.15324000000197,3.76799999999639,1.12438135879164,25
"refined","estimated_Z","mixture_identity_start","ifeval_min30","balanced_moderate_dense_signed_cross","Cross",100,2000,5,"2-2-2-2-2",0.117912711918894,0.116174479059709,0.0166263326201129,25,0.18507726009283,0.184493892001344,0.00426010168410438,25,0.26874902814394,0.262154056677159,0.032912337163342,25,0.0737458670826929,0.0737411688309483,0.00110045987959375,25,0.0992980264487068,0.0941187466830642,0.0267511882941892,25,0.0674712887800236,0.0686406378002224,0.00700515190551651,25,0.0495042250995682,0.0474074406369532,0.0157541061815424,25,0.446503714712485,0.446255264832729,0.0115130656696508,25,0.194235214594827,0.192855436214645,0.00681004326167628,25,0.486939408592781,0.486010506509997,0.012693029402038,25,0.0753703767623475,0.0754114683580281,0.000425925605934574,25,0.0821988202063303,0.0813670709491905,0.00543384837195176,25,1.08313655886201,1.08437956998834,0.00518655045513337,25,0.968571574259923,0.968650764849346,0.00161139684450106,25,5.39364000000001,4.52399999999989,1.2041178956675,25,5.39364000000001,4.52399999999989,1.2041178956675,25,1.85496000000002,1.827,0.142423511635733,25,0.252959999999985,0.251000000000204,0.0156404390389578,25,3.28572000000001,2.40200000000004,1.19422930238154,25
"refined","estimated_Z","mixture_identity_start","ifeval_min30","balanced_moderate_dense_signed_cross","Cross",100,2000,5,"3-3-3-3-3",0.146071581811213,0.145987400284126,0.0124018633053808,25,0.193429242895424,0.193164450293304,0.0090294786926222,25,0.25735048215296,0.246228172466413,0.0378791831001702,25,0.0786685275693618,0.0782478951466098,0.00121536959010875,25,0.295132274539977,0.288487101595819,0.0364901527027229,25,0.243872780049131,0.244838532225928,0.0108906038981836,25,0.144872323513139,0.144904746619696,0.0331987093094024,25,0.462895524876611,0.464977721079788,0.0110307371029252,25,0.191445911656813,0.191719296411093,0.00634790490461084,25,0.500939680725181,0.502291559135607,0.0120214414025429,25,0.0803320508040958,0.0806312209340233,0.000858208479992697,25,0.089837753273104,0.0890101303876053,0.00498346518343329,25,1.08939703074316,1.08971740047142,0.00577547805583582,25,0.968596872394498,0.968419231433043,0.0021456002576486,25,5.50376000000011,5.46899999999914,0.306998409332931,25,5.50376000000011,5.46899999999914,0.306998409332931,25,2.50940000000039,2.51100000000042,0.145126094598059,25,0.712239999999874,0.631000000001222,0.298338772762032,25,2.28211999999985,2.25500000000102,0.0741447458242293,25
"refined","estimated_Z","mixture_identity_start","ifeval_min30","balanced_moderate_dense_signed_cross","Cross",100,500,10,"2-2-2-2-2-2-2-2-2-2",0.158190503524759,0.157349647051729,0.00432363940310859,25,0.166150727827559,0.166079383827261,0.00254048053366976,25,0.271120338672173,0.268084102070154,0.0327147658706079,25,0.0995884091040748,0.0996138025880793,0.00140160525712464,25,0.0954873625602083,0.0931487800418474,0.0232173779721592,25,0.0552402464439615,0.0548211486840579,0.00354664022632597,25,0.0485148588049662,0.0475471878953125,0.0122341628153687,25,0.854420550689656,0.854914031162503,0.0393628340398076,25,0.244549640742141,0.242902461724103,0.016819520874257,25,0.888771290409641,0.89074835843117,0.0418782137840008,25,0.11915084276594,0.11935228644037,0.00171741844426643,25,0.175516258314862,0.171817533955644,0.00801471177634573,25,1.28435205455881,1.28530869012648,0.0280630869203857,25,0.93397555669652,0.93414574717499,0.00253686344532406,25,5.60111999999906,5.62000000000262,0.628449435781165,25,5.60111999999906,5.62000000000262,0.628449435781165,25,0.846639999999752,0.843000000000757,0.0747890811997967,25,0.482039999999397,0.457999999998719,0.0856390098026826,25,4.27243999999992,4.4310000000005,0.615394323448644,25
"refined","estimated_Z","mixture_identity_start","ifeval_min30","balanced_moderate_dense_signed_cross","Cross",100,500,10,"3-3-3-3-3-3-3-3-3-3",0.206127126637981,0.189940310486642,0.0492511314253294,25,0.172037112837051,0.167814567103928,0.0181011944521117,25,0.262053777133241,0.257740250176964,0.0259502646011611,25,0.107320378483633,0.107859073332278,0.00155557580468613,25,0.374498637296049,0.33257272852109,0.124225500041936,25,0.260851356270098,0.260771094790447,0.0113382566369951,25,0.173620966657019,0.163186949310948,0.0231127993329469,25,0.885330288449517,0.884065278506534,0.0147583973960836,25,0.253732281581533,0.254426143732982,0.00752403232694635,25,0.921003839793171,0.920050402930218,0.0146188359809929,25,0.123577654319859,0.123783348739983,0.00092669619190779,25,0.182638440786768,0.182644023038658,0.00589525507570821,25,1.30588643228382,1.30592316478963,0.0100927058520951,25,0.934022478731268,0.93397981054711,0.00314935274098584,25,12.5631200000006,10.5910000000003,8.17752750591528,25,12.5631200000006,10.5910000000003,8.17752750591528,25,1.09528000000078,0.978000000002794,0.220159699611879,25,1.41887999999919,1.34399999999732,0.747656969026403,25,10.0489600000007,8.10199999999895,7.67285862352837,25
"refined","estimated_Z","mixture_identity_start","ifeval_min30","balanced_moderate_dense_signed_cross","Cross",100,500,5,"2-2-2-2-2",0.133529215325304,0.133790415788464,0.00370532646713667,25,0.177649187047591,0.177107004829282,0.00521874145515728,25,0.268770148472393,0.260414091741517,0.0341030010203493,25,0.0766495009466916,0.0765921755120075,0.00139366276277523,25,0.0928739896979539,0.0914354928669314,0.0267745676231108,25,0.056916099296882,0.0568207163556724,0.00485405914318188,25,0.0467350133575008,0.0462271963875589,0.0152752237735985,25,0.525333635961724,0.530411093388952,0.0196190402721793,25,0.206110644591301,0.207225753029624,0.00835364028915614,25,0.564350303363665,0.571037828762994,0.0204701109684126,25,0.0817281547187452,0.0816323432177843,0.0012194736660369,25,0.133480151554653,0.131800211783067,0.00524576942490392,25,1.11630006322615,1.11738305811167,0.0105124819807542,25,0.964967631408917,0.965515107950592,0.00300269178821969,25,3.81448,3.81299999999999,0.0655801799326611,25,3.81448,3.81299999999999,0.0655801799326611,25,0.70828,0.717999999999989,0.0586419360753618,25,0.225119999999996,0.216999999999999,0.0304169908658544,25,2.88108,2.87400000000002,0.0353269491087639,25
"refined","estimated_Z","mixture_identity_start","ifeval_min30","balanced_moderate_dense_signed_cross","Cross",100,500,5,"3-3-3-3-3",0.156434762800157,0.157503164627001,0.00851208287660152,25,0.179639189443394,0.179252596636286,0.00724235941745592,25,0.257823165273559,0.250217922811012,0.0336893405800149,25,0.0830410179386905,0.0828565293312145,0.00138314302876065,25,0.317328755312982,0.322750273599604,0.0310707804185577,25,0.260007413898192,0.262733182800413,0.0172332804911818,25,0.161698849867575,0.159950691170231,0.0416473101770435,25,0.538826066951769,0.534434384138134,0.0178657495883127,25,0.202170007958517,0.201998831101194,0.00889176886173933,25,0.575553276097171,0.574237686522718,0.0184556771369811,25,0.0864986156498831,0.0864851581061519,0.00141460833346008,25,0.142820293583676,0.143919927385746,0.00771189400414731,25,1.12121107528962,1.11894806006531,0.0110422989921015,25,0.964481524385647,0.96516421180578,0.00377038109697618,25,5.36343999999954,5.05799999999726,1.43357458473598,25,5.36343999999954,5.05799999999726,1.43357458473598,25,0.860520000000033,0.846999999999753,0.0586288609249607,25,0.69295999999973,0.583000000000538,0.342996413975553,25,3.80995999999977,3.78999999999905,1.27624104567568,25
"refined","estimated_Z","mixture_identity_start","ifeval_min30","balanced_moderate_dense_signed_cross","Cross",200,1000,10,"2-2-2-2-2-2-2-2-2-2",0.125781522769434,0.117401868976808,0.0435959737953142,25,0.137782028701656,0.135835513494054,0.0115285147000677,25,0.202522624902806,0.200141106595229,0.0215295654878424,25,0.070317276969269,0.0702717143980763,0.000619853658283727,25,0.0719924609095349,0.0705793750389422,0.0315941157488713,25,0.0326278145219039,0.0276135091399105,0.0261145975245021,25,0.0373221722512022,0.0362528622731739,0.0180478279030414,25,0.477415870907442,0.477773387672505,0.00616699671147309,25,0.143267741923386,0.142128070862994,0.0047795579641367,25,0.498467421951155,0.498572857137149,0.00647349607435726,25,0.0812955764097527,0.0814593096097521,0.000682481194004195,25,0.118644543416647,0.119121208859651,0.00277621395488054,25,1.08607279585171,1.0855342513809,0.0031106145058977,25,0.966687027734447,0.966496633719268,0.00126167632551014,25,14.4062799999982,14.3389999999927,0.440328146575842,25,14.4062799999982,14.3389999999927,0.440328146575842,25,5.29779999999941,5.2589999999982,0.337508148050288,25,1.22099999999919,1.18000000000029,0.289956318549413,25,7.88747999999963,7.89400000000023,0.111114850491796,25
"refined","estimated_Z","mixture_identity_start","ifeval_min30","balanced_moderate_dense_signed_cross","Cross",200,1000,10,"3-3-3-3-3-3-3-3-3-3",0.131178153653142,0.131438378877785,0.00280439152066617,25,0.131461266961973,0.131101331176623,0.00262903260264237,25,0.186791131644946,0.185379584054594,0.0180421195651858,25,0.0745833346699526,0.0745173841247449,0.000664774256848177,25,0.185683592349907,0.187592228850668,0.032799312659151,25,0.164164053142688,0.166540254325832,0.0197942705865246,25,0.0728709461996333,0.0720702011457855,0.0193772036540535,25,0.480853763005814,0.48121765880928,0.00722370526282596,25,0.138735663897723,0.139053635071702,0.00421802950720687,25,0.500476929351128,0.501307234635295,0.0077690467750583,25,0.0847506955229611,0.0847191697505069,0.00061386334964634,25,0.124425523214205,0.124525858059656,0.00350163968832714,25,1.08720123363732,1.08676009859591,0.00385736839002602,25,0.967066162338944,0.967075138624574,0.00153210109750799,25,15.3684399999975,14.6909999999916,3.62405785549751,25,15.3684399999975,14.6909999999916,3.62405785549751,25,4.77207999999984,4.76499999999942,0.200177404652932,25,1.95331999999878,1.62199999998847,0.935940245601368,25,8.64303999999887,8.47399999998743,3.2035449567625,25
"refined","estimated_Z","mixture_identity_start","ifeval_min30","balanced_moderate_dense_signed_cross","Cross",200,1000,5,"2-2-2-2-2",0.0974644719895209,0.0970194229915658,0.00288106169472656,25,0.142968393108003,0.142834676654503,0.00333263183054095,25,0.204839318924055,0.199100430155827,0.0287906352397514,25,0.0541869230786169,0.0541379101418949,0.000700544778466562,25,0.0649136844040322,0.0692968418858303,0.0162403207962771,25,0.0292091788597966,0.0287476460117379,0.00249745428619802,25,0.033201324646084,0.0355515117591301,0.00887113653129939,25,0.335260854770584,0.336082531459926,0.006882152435247,25,0.145243296672191,0.145128482625984,0.00666718620930746,25,0.365395477233186,0.365693006928846,0.00852349483100866,25,0.0564509873594525,0.056576290404047,0.000511729487035264,25,0.0937992239095577,0.0932598714623351,0.00321209283000866,25,1.04737564518091,1.04755297619953,0.00306367386162816,25,0.982136723978484,0.982105380271351,0.00169371038977401,25,7.55243999999995,7.48900000000003,0.219479892776802,25,7.55243999999995,7.48900000000003,0.219479892776802,25,3.52344000000001,3.44900000000007,0.186806959185105,25,0.349399999999969,0.336999999999989,0.0619314136767178,25,3.67959999999997,3.68499999999995,0.0526743137908371,25
"refined","estimated_Z","mixture_identity_start","ifeval_min30","balanced_moderate_dense_signed_cross","Cross",200,1000,5,"3-3-3-3-3",0.121208177176789,0.119370754231416,0.00897784664470693,25,0.143553723918911,0.144499418969377,0.00575836662651921,25,0.19866253145562,0.185169704144881,0.0399397535845145,25,0.059049496147063,0.0592753599269991,0.00106677018990573,25,0.145863418981309,0.149433519174684,0.0352023440996569,25,0.142154281304312,0.146959317169085,0.0255768225789949,25,0.0544464674589055,0.0464416690149181,0.0252658583223289,25,0.33605467024537,0.337555766011098,0.008542579840951,25,0.132253882933741,0.132302215012105,0.00467124784096651,25,0.361157803935316,0.363140873930871,0.009121630602636,25,0.0599092081280784,0.0598554287517175,0.000653030553205807,25,0.10237520278369,0.103495892240066,0.00488301163052143,25,1.04628367211038,1.04587585224498,0.00343261183294369,25,0.982642083802302,0.982559100415882,0.00116142369522782,25,7.89396000000022,7.55900000000111,1.34672734434285,25,7.89396000000022,7.55900000000111,1.34672734434285,25,4.50451999999947,4.52199999999721,0.260757090027918,25,0.682320000000764,0.530000000002474,0.284040302304512,25,2.70712,1.86900000000242,1.11102135143035,25
"refined","estimated_Z","mixture_identity_start","ifeval_min30","balanced_moderate_dense_signed_cross","Cross",200,1500,10,"2-2-2-2-2-2-2-2-2-2",0.113406574042726,0.104166686110743,0.0473297073676626,25,0.140332355997248,0.138159924625002,0.0130043874840466,25,0.2030818693278,0.194123875826007,0.0317491587053295,25,0.0679234672077348,0.067957042051171,0.000731951564509387,25,0.0773447529469593,0.0687273840463881,0.0377183925784585,25,0.0368314724067917,0.0314809044964842,0.0262425657138647,25,0.0399682907437832,0.0352503662884449,0.0213259018963083,25,0.464946755867752,0.465258589973469,0.00453155341364339,25,0.147155258826455,0.146909217762157,0.00500977967158021,25,0.487692876509771,0.487901500107951,0.00555481658521289,25,0.0784236466968463,0.0785302793823697,0.000382550273355482,25,0.10347037074815,0.103884724673412,0.00246383349066706,25,1.08356648127036,1.0836653054979,0.00293496314661062,25,0.969048525702234,0.968980283435029,0.00140760294086756,25,77.0977599999993,17.0489999999991,225.699511672096,25,77.0977599999993,17.0489999999991,225.699511672096,25,27.8041999999993,6.65699999999924,109.229377547892,25,1.22428000000014,1.13500000000204,0.561961632734816,25,48.0692799999999,9.1929999999993,202.248755672422,25
"refined","estimated_Z","mixture_identity_start","ifeval_min30","balanced_moderate_dense_signed_cross","Cross",200,1500,10,"3-3-3-3-3-3-3-3-3-3",0.114779924610715,0.114929543125565,0.00386625845393975,25,0.133355763544738,0.132670173817621,0.0021734730514836,25,0.198088147206746,0.196531139610288,0.0220588856362479,25,0.0719852199547797,0.0720091143730489,0.000727361923125198,25,0.163693739695315,0.167210903746777,0.0232515838206268,25,0.158592360407443,0.159501797542888,0.0168153274403111,25,0.0667583769168442,0.0659858353463787,0.0125577279167976,25,0.457942732310861,0.457502411464811,0.00601121194361826,25,0.137061903289934,0.136937361092236,0.00385249805787367,25,0.47802278628564,0.477652769224237,0.0065083724455482,25,0.0820142488310611,0.0821334253134034,0.000742855101886603,25,0.107463468799123,0.107931518012311,0.0031454757572896,25,1.07887620733036,1.07922962422996,0.0029149152102458,25,0.968695661480643,0.968663905094252,0.00143611050504046,25,16.0150799999962,15.3009999999776,3.5050555264317,25,16.0150799999962,15.3009999999776,3.5050555264317,25,6.1698000000004,6.1929999999993,0.217457275496946,25,1.71927999999665,1.38499999999476,0.854680228701595,25,8.12599999999919,7.15699999999197,3.16372922092652,25
"refined","estimated_Z","mixture_identity_start","ifeval_min30","balanced_moderate_dense_signed_cross","Cross",200,1500,5,"2-2-2-2-2",0.084686831609645,0.0845335862112372,0.00277344611728588,25,0.146861712970117,0.146041640130711,0.003826755172867,25,0.196238802247146,0.195002682879685,0.0159216232688085,25,0.0529953337964507,0.052907555346541,0.000474106916369639,25,0.0685670219322231,0.063746650721701,0.020982415877652,25,0.0322626280802818,0.0323924150580345,0.00346027055782686,25,0.0350256992660406,0.0327886261681949,0.0113203900770494,25,0.328137783511857,0.326037749221088,0.00506262769549908,25,0.149688695082623,0.150148980492349,0.00489461548001691,25,0.360683368438921,0.358408743612804,0.00614258501598168,25,0.0550322142324545,0.0549798548877617,0.000339478794647654,25,0.0800024484549216,0.0802573553474712,0.00152247119305303,25,1.04676529341325,1.04608265531562,0.00249565974904424,25,0.983128188103468,0.983285244574473,0.00103897717247065,25,9.14268000000011,9.13600000000133,0.254229673064696,25,9.14268000000011,9.13600000000133,0.254229673064696,25,4.53076000000005,4.45200000000023,0.258185701902046,25,0.349840000000004,0.344999999999345,0.0177779826377718,25,4.26208000000006,4.23400000000038,0.075130397753855,25
"refined","estimated_Z","mixture_identity_start","ifeval_min30","balanced_moderate_dense_signed_cross","Cross",200,1500,5,"3-3-3-3-3",0.115429535415698,0.116125083987228,0.0143428445356004,25,0.149471426538826,0.148713379891631,0.00831245143456479,25,0.183371094198791,0.170740091716734,0.0295138201223162,25,0.0577668136173627,0.057513910176918,0.00105934419922044,25,0.142933778670955,0.135327592912113,0.0344732957105453,25,0.147277347710098,0.148238710742081,0.0286256284650027,25,0.0540572401092556,0.0451835838605589,0.0242423754616251,25,0.324143717525566,0.324928582445848,0.004766747527186,25,0.132194522215007,0.131200453629485,0.00476391371013323,25,0.350080846070224,0.350077419165302,0.00573209306744453,25,0.0583018928716179,0.0582099984681781,0.000466571497715954,25,0.0878252909771692,0.0879560647576786,0.00304943883099546,25,1.04325760485898,1.04391022728799,0.0019909344300402,25,0.983323254677948,0.983173835449379,0.00123544038440374,25,50.2925599999995,8.98499999999694,203.383591572279,25,50.2925599999995,8.98499999999694,203.383591572279,25,6.17347999999984,6.15999999999985,0.246858279180196,25,0.692319999999454,0.561999999998079,0.376784500742361,25,43.4267600000002,2.10800000000017,202.978520873367,25
"refined","estimated_Z","mixture_identity_start","ifeval_min30","balanced_moderate_dense_signed_cross","Cross",200,2000,10,"2-2-2-2-2-2-2-2-2-2",0.0948810759485814,0.0949142923579505,0.00174984021764169,25,0.136811814004037,0.136989459389866,0.00147624499242123,25,0.198436359470857,0.193943012875722,0.0214496036872983,25,0.0663658033239893,0.0664215086901726,0.00045977447988096,25,0.0696690072392902,0.0733726200757584,0.0154540882150047,25,0.0334265264268605,0.0332790079289505,0.00191805119682595,25,0.0355472894199267,0.0375773527511513,0.00837217047615548,25,0.455628688004337,0.455557961900763,0.00414690936955543,25,0.148313998009729,0.148221217670104,0.00520129032582354,25,0.479179241649428,0.478999407155828,0.00502887264747545,25,0.0769285142032636,0.0769425424210155,0.000521747414849759,25,0.0937609240475146,0.0931299820949341,0.00283116946775192,25,1.08071385729468,1.08054670919781,0.00250564655865355,25,0.969919786640281,0.969961270045971,0.00110172054590404,25,21.63348,21.4419999999955,1.28553721325879,25,21.63348,21.4419999999955,1.28553721325879,25,8.63763999999879,8.62999999999738,0.420719114533397,25,1.52044000000082,1.46800000000076,0.405248388851918,25,11.4754000000004,11.4719999999943,0.971601684506586,25
"refined","estimated_Z","mixture_identity_start","ifeval_min30","balanced_moderate_dense_signed_cross","Cross",200,2000,10,"3-3-3-3-3-3-3-3-3-3",0.107640069466948,0.106431422623055,0.00508595929908061,25,0.132979886608832,0.133616513741023,0.00260286439710468,25,0.189376972578183,0.18557090379244,0.0191984258594112,25,0.070561617914439,0.0705586332640414,0.000631239252402029,25,0.170643231427986,0.164810823106598,0.024569315654109,25,0.17535518039473,0.17616818091483,0.020293350085255,25,0.0634985992356851,0.0575100947603888,0.0184517199680037,25,0.446333087094823,0.446217397754384,0.00573857723401201,25,0.136211869686651,0.135382587426198,0.00439364413065083,25,0.466664428414891,0.466990845394236,0.00656341609890215,25,0.0807043362251635,0.0806974029384416,0.000467594429488628,25,0.0971434652551097,0.0973629962778711,0.00247516493706362,25,1.074849552421,1.07500438119922,0.00318676287051903,25,0.969549470647847,0.969586722165832,0.00125777166391651,25,17.8815200000029,16.7719999999972,3.47425193531002,25,17.8815200000029,16.7719999999972,3.47425193531002,25,7.87184000000067,7.74499999999534,0.427947006065348,25,1.89796000000148,1.70500000000175,0.788097259226182,25,8.11172000000079,6.90499999999884,3.24756614662236,25
"refined","estimated_Z","mixture_identity_start","ifeval_min30","balanced_moderate_dense_signed_cross","Cross",200,2000,5,"2-2-2-2-2",0.0798455485311308,0.077461816364648,0.0069327213964841,25,0.147290803095822,0.147284810619814,0.0021422931883684,25,0.204707610271895,0.204783116973406,0.0331965069096277,25,0.0525961389725774,0.0526711783474175,0.000550107833414109,25,0.0692680746243576,0.0733595999232694,0.0219692201898626,25,0.0343450882379973,0.0340755475435011,0.00346714261935665,25,0.0352297853705864,0.0378108469631706,0.0118319065868976,25,0.32207715662274,0.32184936166869,0.0055494230448415,25,0.146771093209021,0.146894958090161,0.00613320168459247,25,0.353964813031698,0.354576552178606,0.00721944163846447,25,0.0543190870943431,0.0543942871584395,0.000325936759614194,25,0.0728619637981633,0.0727380910537843,0.00298108795170187,25,1.04467486791416,1.04481337006443,0.00268032135791388,25,0.983316088985452,0.983378870838899,0.00108566330531876,25,10.7888000000002,11.0120000000006,0.858167912862583,25,10.7888000000002,11.0120000000006,0.858167912862583,25,5.91152000000006,5.9380000000001,0.267828944166371,25,0.364480000000003,0.361999999999171,0.0203779292373535,25,4.5128000000001,4.77200000000084,0.795144798134338,25
"refined","estimated_Z","mixture_identity_start","ifeval_min30","balanced_moderate_dense_signed_cross","Cross",200,2000,5,"3-3-3-3-3",0.114914089447529,0.114000875480286,0.00897878192765993,25,0.148370692217315,0.148025519573639,0.00539252832013712,25,0.18616422515209,0.182095251267723,0.0223830861030147,25,0.056908464016843,0.0568569747404698,0.000715206248284487,25,0.12728254786629,0.125901479065166,0.031841459610263,25,0.123175304521287,0.118728852815595,0.0281239637130943,25,0.0419592378712786,0.0390187539744842,0.0178027996357851,25,0.32152926454841,0.322739535120725,0.00619076605899305,25,0.134237468111713,0.134599595504568,0.00415996434577905,25,0.348439664297244,0.349381695801941,0.00676786238055315,25,0.0575225145772212,0.0575277226157904,0.000473339502204418,25,0.0818674050245709,0.0820301184939109,0.00318778240286287,25,1.04329468219964,1.04369026237235,0.00256420434741499,25,0.983885557022566,0.983959208234624,0.00112973582370048,25,11.0988799999999,10.8949999999968,0.756121645857036,25,11.0988799999999,10.8949999999968,0.756121645857036,25,7.87147999999987,7.88699999999881,0.32480919014142,25,0.660880000000034,0.641999999999825,0.179483824713056,25,2.56652000000002,2.39000000000306,0.595446899395528,25
"refined","estimated_Z","mixture_identity_start","ifeval_min30","balanced_moderate_dense_signed_cross","Cross",200,500,10,"2-2-2-2-2-2-2-2-2-2",0.145257936961247,0.145358148806949,0.00309832112329904,25,0.130304138584045,0.129827490672062,0.00177852252277307,25,0.19755378116468,0.197464539200105,0.0187314260720594,25,0.0758690232106855,0.0758504419995152,0.00083179286785003,25,0.0686506823365959,0.0714668083569253,0.0156441360579908,25,0.0213532548587006,0.0216383252555067,0.00254715394641249,25,0.035329845812579,0.0368950006826906,0.00810666517689904,25,0.547741259848729,0.547612106153586,0.0121009383074014,25,0.14799565863596,0.147613816630541,0.00565841744579142,25,0.567408321600526,0.566709312484654,0.0121754395160561,25,0.0893350133988007,0.0893777912468292,0.000982606066039822,25,0.160314923531568,0.1601129444499,0.00462733060756108,25,1.11446347269683,1.11441253187196,0.0066436453481098,25,0.962095344320968,0.962705867614388,0.00220869185932046,25,9.68551999999909,7.22100000000501,5.48077213325438,25,9.68551999999909,7.22100000000501,5.48077213325438,25,3.06827999999892,2.8179999999993,0.606023962672457,25,1.19811999999976,0.893000000003667,1.00440808937268,25,5.4191200000004,3.62599999999657,4.43693981741192,25
"refined","estimated_Z","mixture_identity_start","ifeval_min30","balanced_moderate_dense_signed_cross","Cross",200,500,10,"3-3-3-3-3-3-3-3-3-3",0.168480568933331,0.16918966001548,0.00311994095795206,25,0.126139813669639,0.126564745210067,0.00326458531826527,25,0.182878782917585,0.181350399426038,0.0140897463168635,25,0.0820855581470806,0.0820072694058946,0.000599871121316797,25,0.185172227310783,0.175389966658483,0.0539391069021462,25,0.14687337936198,0.145718516158144,0.0192249978843533,25,0.0730899853469962,0.0748836833194081,0.0172191708312859,25,0.561182740295456,0.560743040254313,0.00933652237704964,25,0.149828792189295,0.146971421810647,0.00617905953562531,25,0.580862823294438,0.581303995278687,0.00986644453245827,25,0.0923113194428347,0.0924649032872406,0.000667988139824662,25,0.165090894760603,0.165022428076094,0.00334003302344022,25,1.12096457739496,1.12109964709345,0.00507816078001402,25,0.961770384763508,0.962085458648192,0.00209008864165936,25,11.7917999999964,11.6410000000033,2.72745861563219,25,11.7917999999964,11.6410000000033,2.72745861563219,25,3.3310400000005,3.30999999999767,0.183756968123033,25,1.65739999999758,1.25699999999779,0.817833978669023,25,6.80335999999836,6.06599999999162,2.69374557818716,25
"refined","estimated_Z","mixture_identity_start","ifeval_min30","balanced_moderate_dense_signed_cross","Cross",200,500,5,"2-2-2-2-2",0.136374163666611,0.124045581655972,0.0659997635750352,25,0.147417167650679,0.141489300293817,0.0309929903839996,25,0.193861056169523,0.183821968581775,0.0312530356547827,25,0.0578039379124232,0.0576541436531163,0.000938183763735819,25,0.0695096510707227,0.0646028032822272,0.0535181773490172,25,0.0324345654179662,0.0241798196073891,0.0438008341518221,25,0.0362765106769025,0.033371379880919,0.0303600684652114,25,0.369585499894833,0.367810771583144,0.00692299728350466,25,0.143410842953205,0.143570137560531,0.00533812889938127,25,0.396458185445706,0.395348115511206,0.00752671445260422,25,0.0606947903357819,0.0606064035964863,0.000668833811708873,25,0.124711689036372,0.125305485250259,0.00339230417304948,25,1.05552338990802,1.05570613112125,0.00349160041861882,25,0.97915076667911,0.978608674548938,0.00214291947616548,25,5.86008000000002,5.83699999999999,0.214111715388611,25,5.86008000000002,5.83699999999999,0.214111715388611,25,2.37776000000002,2.36100000000033,0.122147206271754,25,0.364959999999992,0.342999999999847,0.0694637075505928,25,3.11736000000001,3.11599999999999,0.0980700769857642,25
"refined","estimated_Z","mixture_identity_start","ifeval_min30","balanced_moderate_dense_signed_cross","Cross",200,500,5,"3-3-3-3-3",0.139515887859014,0.138994115638399,0.004452047864888,25,0.137917798300182,0.136474870926574,0.00682333783476174,25,0.186779838224665,0.181707278375148,0.0297639890493599,25,0.0625847513683669,0.0626875344911069,0.00107910523791624,25,0.145969945033376,0.155935606194524,0.0429258802973665,25,0.132480258020226,0.139206840973549,0.0315439660509214,25,0.0579260724287523,0.058582928248726,0.0227524172906373,25,0.373058602425778,0.372672064423604,0.0111296281495958,25,0.132419238041175,0.132903885592398,0.00595496003897472,25,0.395886785480482,0.397035616775657,0.0118227135805887,25,0.0641584975771859,0.064338342762086,0.000782494311150961,25,0.133957748406981,0.13341096933449,0.00532647574479285,25,1.05546110559649,1.05635622141917,0.00489978143508046,25,0.979376473955065,0.97861415950486,0.0021397295735232,25,8.05595999999874,7.48099999999977,1.72804278689249,25,8.05595999999874,7.48099999999977,1.72804278689249,25,3.03723999999958,3.01500000000306,0.160595319565743,25,0.687879999999568,0.588999999999942,0.262189708671406,25,4.33083999999959,3.53900000000067,1.74897238114248,25
"refined","estimated_Z","mixture_identity_start","ifeval_min30","balanced_moderate_dense_signed_cross","Cross",400,1000,10,"2-2-2-2-2-2-2-2-2-2",0.122800434417304,0.114379720420974,0.0441556850960241,25,0.0964805327344253,0.0935302424609721,0.0164635425491417,25,0.145215874159661,0.143889222437144,0.0121321927729056,25,0.0592461737045817,0.0593207274265556,0.000531222996460458,25,0.0510002913640722,0.043073248800916,0.03547536500754,25,0.0166325490254083,0.0114255145279104,0.0270705599552974,25,0.0266439889207555,0.022220938844109,0.0198666483510538,25,0.373787637061656,0.373543989333361,0.00405039460050186,25,0.11503267772852,0.114822619527891,0.00365545669295304,25,0.391097872908072,0.390727287085134,0.00464866803987961,25,0.0617872195477518,0.0617496803013858,0.000291514109202925,25,0.112789198004653,0.112696166599076,0.00204838049296225,25,1.05504854098444,1.0547886595608,0.00232570049251313,25,0.980717145758278,0.98073925208088,0.00116756281104168,25,29.9702000000008,29.9370000000126,1.1048681293862,25,29.9702000000008,29.9370000000126,1.1048681293862,25,19.7967600000006,19.6990000000005,0.834593078491438,25,2.03044000000023,1.8269999999975,0.595113650211338,25,8.14299999999988,8.07799999999406,0.362601824779111,25
"refined","estimated_Z","mixture_identity_start","ifeval_min30","balanced_moderate_dense_signed_cross","Cross",400,1000,10,"3-3-3-3-3-3-3-3-3-3",0.144580889559179,0.127403169020247,0.0606540712365505,25,0.0976272120171161,0.0905597655254555,0.0253406181329243,25,0.135489818511897,0.136474799642559,0.0153694844965867,25,0.0626573569753129,0.0626292277651381,0.000556169718787972,25,0.0758576016276171,0.0757462455935043,0.0116919324241659,25,0.0522682466640168,0.0455248102777408,0.0217151713040268,25,0.032035186904824,0.0312832736476489,0.00545787308664873,25,0.355846858799256,0.355407844672722,0.00347092231471361,25,0.0987727964195939,0.0993029126350222,0.00361329603822007,25,0.369311443810228,0.369067148405112,0.00410903250782116,25,0.063876091942235,0.063775607361085,0.000373717266140756,25,0.117294428280285,0.11741625097186,0.00182272766125155,25,1.04742128469223,1.04750084409458,0.00157717611351409,25,0.981032847132245,0.981115677460903,0.000998630784464769,25,24.489119999996,24.3839999999909,1.13928421681175,25,24.489119999996,24.3839999999909,1.13928421681175,25,17.5008799999981,17.4619999999995,0.668727169082084,25,1.93595999999845,1.9719999999943,0.39545811830432,25,5.05227999999945,4.61999999999534,0.94969510545857,25
"refined","estimated_Z","mixture_identity_start","ifeval_min30","balanced_moderate_dense_signed_cross","Cross",400,1000,5,"2-2-2-2-2",0.094338099426145,0.0936682585506525,0.00227843985569674,25,0.0995093587302935,0.0990975586906288,0.00231820638542004,25,0.14796078896595,0.146168985900658,0.0166198160271447,25,0.0437448209923672,0.0437389774918694,0.000520400389468176,25,0.0500811691522798,0.0519652628820477,0.0120835347228711,25,0.0128553541264544,0.0126350769721764,0.00220452122231789,25,0.0258814953538797,0.0269697326621831,0.00628543796674398,25,0.269856103529542,0.269923459566244,0.0045339104037767,25,0.119136203968365,0.118347229289804,0.00518754816009128,25,0.295005437279263,0.294517547874615,0.00587296093104669,25,0.0427488371521049,0.0427772448304025,0.000364403361407112,25,0.0906464519370307,0.0901622025793488,0.00225546684660648,25,1.03322503362489,1.03359864139876,0.00182332459995664,25,0.990492227798308,0.990634968277203,0.000993218348649724,25,17.9418799999999,17.902,0.583932667351284,25,17.9418799999999,17.902,0.583932667351284,25,13.4454400000002,13.4130000000005,0.536320339598218,25,0.542639999999883,0.537000000000262,0.0377733150960472,25,3.95379999999983,3.92799999999988,0.09218098140777,25
"refined","estimated_Z","mixture_identity_start","ifeval_min30","balanced_moderate_dense_signed_cross","Cross",400,1000,5,"3-3-3-3-3",0.10518841973351,0.10507486928586,0.00246116918874403,25,0.0981457346037182,0.0975339247481482,0.00382902274574694,25,0.12882283855612,0.127416217873595,0.0160550894764038,25,0.0467794816704996,0.0468620581212395,0.000523185884956138,25,0.0643652882754807,0.064644520532941,0.0120650981929338,25,0.0459517774432298,0.047617707209588,0.0113780337575178,25,0.0263463096125982,0.0250669824876901,0.00555385477199227,25,0.261980700235312,0.261734150361177,0.00619050647129448,25,0.10045825303451,0.0995921357966598,0.00451433524035553,25,0.280595713790106,0.28036596529344,0.00708187463875595,25,0.0448775938363101,0.0447802635543784,0.000381569982860775,25,0.0980178795546135,0.0975825717749586,0.00223364921011204,25,1.02910746765084,1.02904591423245,0.00237948625603939,25,0.990422632628867,0.99069734338632,0.00123923692950125,25,22.6889200000004,22.6959999999999,1.26054382840624,25,22.6889200000004,22.6959999999999,1.26054382840624,25,18.05448,17.9079999999994,0.790809612570102,25,0.782200000000303,0.757000000001426,0.0800921344447924,25,3.85224000000002,4.07500000000073,0.78537656997564,25
"refined","estimated_Z","mixture_identity_start","ifeval_min30","balanced_moderate_dense_signed_cross","Cross",400,1500,10,"2-2-2-2-2-2-2-2-2-2",0.11852556245272,0.0994305125459763,0.0665101067178314,25,0.100959617679936,0.095084130637224,0.0214302828191464,25,0.14897624420465,0.149056697704857,0.00917915145438029,25,0.0559805988616852,0.0559833483192122,0.000504973372261396,25,0.0656366074204806,0.0541604082474212,0.0491654430745942,25,0.0264957130200287,0.0141280677415541,0.0421749496316957,25,0.0347385663240632,0.0279352599483629,0.0282687731817236,25,0.369930115386441,0.370588682545385,0.00502512119949864,25,0.123708291706005,0.123117484625031,0.00476014691433559,25,0.390080507488229,0.39050465637572,0.00605734681471504,25,0.0588013375985239,0.058742684260549,0.00029220880405372,25,0.0967825072834364,0.096915366635041,0.00169998529602822,25,1.05695519557369,1.05700045724264,0.00243289256825064,25,0.982983663365601,0.982868438329152,0.000795533014281645,25,36.9414400000006,36.6169999999984,1.36660479778462,25,36.9414400000006,36.6169999999984,1.36660479778462,25,24.6322800000003,24.726999999999,0.989992951151637,25,2.53560000000027,2.2589999999982,0.937755920623421,25,9.77356,9.78199999999924,0.27614339270285,25
"refined","estimated_Z","mixture_identity_start","ifeval_min30","balanced_moderate_dense_signed_cross","Cross",400,1500,10,"3-3-3-3-3-3-3-3-3-3",0.107951116519997,0.107391989773856,0.00239918911134144,25,0.0917446498744078,0.0911695500531158,0.00198826457722271,25,0.141437665589036,0.134723587954039,0.0165258244058596,25,0.0588545356311897,0.0588021348096074,0.000349137075138877,25,0.068569925510727,0.0699550347018625,0.00834514013685715,25,0.0469599124676723,0.0466882131906728,0.00772581603619434,25,0.0282055393411751,0.027967427367939,0.00397244885186429,25,0.33951281009611,0.341260242318077,0.00448549131429102,25,0.102565373693514,0.102649382009665,0.00394623954513604,25,0.354678321505868,0.356507018532372,0.0052198634391343,25,0.0607884359509293,0.0608140323091907,0.000303107513212817,25,0.0995666597678602,0.0995890301392369,0.00190110549720778,25,1.04425029617818,1.04430476994798,0.00189283162053409,25,0.982826051429936,0.98284477891181,0.000819848294870716,25,30.4828399999987,30.5749999999971,1.17516979907969,25,30.4828399999987,30.5749999999971,1.17516979907969,25,22.3159600000014,22.4510000000009,0.708640451852191,25,2.35707999999926,2.36000000000058,0.611697904743033,25,5.80979999999807,5.32700000000477,0.982332428456587,25
"refined","estimated_Z","mixture_identity_start","ifeval_min30","balanced_moderate_dense_signed_cross","Cross",400,1500,5,"2-2-2-2-2",0.0804438103265798,0.080233285259314,0.00181397615271075,25,0.101649260182232,0.1016537149662,0.00232622964522332,25,0.143682859849591,0.145778542183329,0.0156359017481155,25,0.0418333374926167,0.0417900907560726,0.000404493386417327,25,0.0432469610099505,0.0450497019139596,0.0134239983369374,25,0.0154436270744994,0.0151485225301213,0.00250310706743933,25,0.0221750344424007,0.0232433178651535,0.00714408811815826,25,0.267146631868995,0.267416371457281,0.00523640850761321,25,0.125312023845726,0.124725964844709,0.0062361772907093,25,0.295103275737952,0.294291367355259,0.00708139978509339,25,0.0411351934202791,0.0410995527982,0.000351297133885423,25,0.0772139902070006,0.0772841425978461,0.00193854549910105,25,1.03361568899083,1.03329560743114,0.00217072768661879,25,0.990819129081594,0.990514416071831,0.0010954356980225,25,22.0524800000001,22.228000000001,0.536930094767383,25,22.0524800000001,22.228000000001,0.536930094767383,25,16.9503200000001,17.1220000000012,0.546069494966845,25,0.5465600000001,0.546000000000276,0.0179978702441761,25,4.55559999999998,4.55299999999988,0.0630575134301961,25
"refined","estimated_Z","mixture_identity_start","ifeval_min30","balanced_moderate_dense_signed_cross","Cross",400,1500,5,"3-3-3-3-3",0.0964884523354171,0.096913683207094,0.00750783123881471,25,0.100494080269562,0.100545068752818,0.00324808686519705,25,0.14012898874814,0.130570493898103,0.0294032821147096,25,0.0448233731602436,0.0447971465927993,0.000481747188282821,25,0.0686889729580106,0.0684708405208478,0.0142915098801926,25,0.0476477174670203,0.0463518796087769,0.00830170323445684,25,0.0267113093007364,0.026398490790807,0.00700874149056744,25,0.253232009153933,0.253868402499052,0.00530400112327656,25,0.102955732204962,0.103424962047921,0.00446084497134412,25,0.273378077714934,0.274708434923887,0.00619729292615456,25,0.0431142338948296,0.0432292492680873,0.000317904756016264,25,0.0844162233288147,0.0844651824927359,0.00248981640999401,25,1.02755684965942,1.02734543700173,0.00172074286217926,25,0.990777906071384,0.99052702770292,0.00107939007086992,25,27.57056,27.4640000000036,2.23443975230208,25,27.57056,27.4640000000036,2.23443975230208,25,22.9045599999998,23.038999999997,0.768664647293781,25,0.79275999999998,0.761000000002241,0.0832707831914468,25,3.87324000000022,3.48600000000079,1.97412985641805,25
"refined","estimated_Z","mixture_identity_start","ifeval_min30","balanced_moderate_dense_signed_cross","Cross",400,2000,10,"2-2-2-2-2-2-2-2-2-2",0.110723744823026,0.0901362645681656,0.0713844425401435,25,0.101369477433857,0.0949246448545626,0.0226646052758409,25,0.148601770460659,0.14581674636453,0.013324503015264,25,0.0540559710811134,0.0540598015105735,0.000320456653311989,25,0.0637576456665054,0.047075765998529,0.0524989393756628,25,0.0274238459316649,0.0156154580622187,0.0418658128005888,25,0.0336505797808082,0.0243312727022777,0.0297386207631646,25,0.363413340438399,0.363457530622264,0.0054659582268603,25,0.126660161168092,0.126537051417723,0.00585956437434186,25,0.384877276122635,0.385757060085291,0.00670645727223009,25,0.0570227534750697,0.057052478371128,0.000264212083739319,25,0.0866384572659507,0.0867635643143384,0.00132882284441651,25,1.05578224283527,1.05594632691264,0.00230583900451669,25,0.983671019789892,0.983550355656135,0.0008716919077792,25,43.7384799999979,43.5509999999995,1.37443976829559,25,43.7384799999979,43.5509999999995,1.37443976829559,25,30.0157999999996,29.6169999999984,1.1768829239431,25,2.23699999999983,1.98800000000483,0.761418358504442,25,11.4856799999985,11.2969999999987,0.423544637553838,25
"refined","estimated_Z","mixture_identity_start","ifeval_min30","balanced_moderate_dense_signed_cross","Cross",400,2000,10,"3-3-3-3-3-3-3-3-3-3",0.0972252961925013,0.0977954724049125,0.00229592221820521,25,0.0914843860719714,0.0911955819064575,0.00161422302558789,25,0.134392148153313,0.131847051734801,0.0099119190308087,25,0.0569513500101137,0.0569586420480698,0.00029335832285484,25,0.0692179594278331,0.0692682311035407,0.00825417098505555,25,0.0517197541945189,0.0500072479308487,0.00953294846081496,25,0.0273302939120881,0.0276376445038475,0.00471207781072265,25,0.332376404775067,0.331274222719038,0.00384123015994543,25,0.103841666130717,0.104030524061958,0.00350837716915545,25,0.348229357630649,0.347838900552256,0.00450251888649534,25,0.0591850549719034,0.0591789658181724,0.000270637118906268,25,0.0906984076587249,0.0907607671265127,0.001327174588889,25,1.043010228525,1.04277478304154,0.00151569948386731,25,0.983757676443606,0.983594039461409,0.000905794832759573,25,35.72848,35.1800000000076,1.83229185084018,25,35.72848,35.1800000000076,1.83229185084018,25,26.7436000000016,27.0310000000027,0.95634817578717,25,2.26823999999906,2.29299999999057,0.538824591123916,25,6.71663999999932,6.11999999999534,1.16326522771093,25
"refined","estimated_Z","mixture_identity_start","ifeval_min30","balanced_moderate_dense_signed_cross","Cross",400,2000,5,"2-2-2-2-2",0.0727385036491823,0.0720931351915974,0.00212609860092692,25,0.102340541951486,0.102202634037,0.00200197271105363,25,0.147629280975789,0.140149660312126,0.0236478427321863,25,0.0407805245026292,0.0407240521255908,0.000426019556455042,25,0.0495167680554485,0.0456253704075366,0.0210852311970712,25,0.0169690423566097,0.0168243925170322,0.00273923310025571,25,0.0253742418936192,0.0235346505915548,0.0111456302394639,25,0.264724401331166,0.263806937776448,0.00613992166387148,25,0.126862567204886,0.127147781684889,0.00521157246185584,25,0.293568296226644,0.292119567765878,0.00743302239761958,25,0.0402585122654861,0.0402220849025039,0.000285507470632826,25,0.0696912259847318,0.069999871040639,0.00183226893625898,25,1.03371549743193,1.03317316631718,0.00213031038596877,25,0.991332963776435,0.991239334905952,0.000742670815348128,25,26.6990399999997,26.4449999999979,0.704289682351556,25,26.6990399999997,26.4449999999979,0.704289682351556,25,20.9559599999998,20.5720000000001,0.66033775953405,25,0.569080000000176,0.569000000001324,0.0221696489222671,25,5.17399999999972,5.246000000001,0.303448924861952,25
"refined","estimated_Z","mixture_identity_start","ifeval_min30","balanced_moderate_dense_signed_cross","Cross",400,2000,5,"3-3-3-3-3",0.0958682543142418,0.0954249501994003,0.00644428511399594,25,0.104301428012699,0.10345488778317,0.00440572349483926,25,0.1427891543269,0.1363183172513,0.0241189840448203,25,0.0437838481797977,0.0437696233975378,0.000386901619914711,25,0.0710446090070304,0.0690075794408411,0.0131261106068101,25,0.0505501125970016,0.0494862616275163,0.00752969832770037,25,0.0287097476159788,0.0284652987707129,0.00601569195766122,25,0.246248481522504,0.246310441505858,0.00465039292699246,25,0.101883809512771,0.10261180951703,0.00473222422493242,25,0.266510290524675,0.26731495636701,0.00587629718813006,25,0.0421195520408921,0.042107383497214,0.000270415629834921,25,0.0766563908709583,0.0773468719859061,0.0019022575380762,25,1.02625104778869,1.0258892966982,0.00174488189771159,25,0.991264060271144,0.991075618943469,0.000743621997230462,25,31.8374399999996,31.9680000000008,1.36936545767242,25,31.8374399999996,31.9680000000008,1.36936545767242,25,28.0605600000001,28.3050000000003,0.915472422668548,25,0.823279999999941,0.786000000000058,0.10174089639864,25,2.95359999999957,2.65599999999904,1.05044700802397,25
"refined","estimated_Z","mixture_identity_start","ifeval_min30","balanced_moderate_dense_signed_cross","Cross",400,500,10,"2-2-2-2-2-2-2-2-2-2",0.168670735612372,0.143870423417903,0.0712726340341706,25,0.101673861951081,0.090286633389591,0.0319682810103423,25,0.145806718021816,0.143342600965728,0.0111382742202008,25,0.0666718711945872,0.0664669345587218,0.000967685770713847,25,0.067659808711316,0.0479854428215883,0.0628925098740127,25,0.0268014283774495,0.0106918212885577,0.0452612286179351,25,0.0356368719795958,0.0246693582219354,0.0347871297395628,25,0.415501811658297,0.416475214198968,0.00504215229320149,25,0.106834512891819,0.105925784403697,0.00395896198368866,25,0.429034455747161,0.429808518843734,0.00502672342371329,25,0.0702436015144573,0.0703370237988816,0.000634485264825927,25,0.152722208801097,0.152802553494732,0.00206153711202579,25,1.06461493644296,1.06448325058451,0.00240122645890467,25,0.975741260307204,0.975627850540419,0.00143313235629352,25,21.1187999999998,21.0840000000098,0.899555538401073,25,21.1187999999998,21.0840000000098,0.899555538401073,25,12.6017200000002,12.6500000000015,0.666374739417223,25,1.96875999999989,1.74599999999919,0.551703066271484,25,6.54831999999966,6.48399999999674,0.376247449603692,25
"refined","estimated_Z","mixture_identity_start","ifeval_min30","balanced_moderate_dense_signed_cross","Cross",400,500,10,"3-3-3-3-3-3-3-3-3-3",0.179341144219314,0.163969640861478,0.054182966601241,25,0.0950417338675202,0.0870460787368391,0.0268125046585838,25,0.134156778077081,0.132817565749374,0.015444885591722,25,0.0721895661816362,0.0721484458077774,0.000676829947409203,25,0.0710982240264467,0.0654544283092768,0.0175354420980002,25,0.0453583186741109,0.0369751706312108,0.0269694451453431,25,0.0318932763280326,0.0313911519154682,0.00628217226917272,25,0.412377153668363,0.413135232291916,0.00674595741105677,25,0.0974865644494804,0.0965787463734072,0.00342891058047639,25,0.42376054360173,0.424295428835461,0.00649707919501475,25,0.0718270363595019,0.0717912126595871,0.000683620134723602,25,0.15597580334983,0.157187377438177,0.00261270033497946,25,1.06327129891985,1.06353773099058,0.00284881790573724,25,0.976597687332767,0.976283758553027,0.00147922133596697,25,16.7541999999993,16.4149999999936,1.2588142899891,25,16.7541999999993,16.4149999999936,1.2588142899891,25,10.6227200000006,10.5580000000045,0.502805091463947,25,1.9974399999989,1.90799999999581,0.520220872964576,25,4.1340399999998,3.76900000000023,0.818012758664003,25
"refined","estimated_Z","mixture_identity_start","ifeval_min30","balanced_moderate_dense_signed_cross","Cross",400,500,5,"2-2-2-2-2",0.121487352707334,0.121940634886663,0.00256820170301765,25,0.0974317440691784,0.0977894449870205,0.00247297433875066,25,0.148960109232331,0.142178339724657,0.0203934214520926,25,0.0486051177281332,0.0485330927580251,0.000658369606632843,25,0.0464013171725807,0.0470286759960112,0.0133058436199119,25,0.0100467322255601,0.0101549225055579,0.00204282247822505,25,0.0239617859568943,0.0243382030589331,0.00686986323001727,25,0.297156338511517,0.297124436168234,0.00501395973276135,25,0.11096515307836,0.110482269407159,0.00535344295091622,25,0.317222987490275,0.317048298512973,0.00615579849489077,25,0.047694214892247,0.0476916933343212,0.000572278642641266,25,0.122139853945229,0.122305506263709,0.00236658621822593,25,1.03673210865712,1.03758296749481,0.002020386043988,25,0.987443999414839,0.987484908755546,0.0012701561576553,25,11.9942800000001,12.0050000000001,0.369625206571676,25,11.9942800000001,12.0050000000001,0.369625206571676,25,8.17104000000018,8.1929999999993,0.372798815269847,25,0.544999999999927,0.529999999999745,0.0624906659695844,25,3.27823999999997,3.27499999999964,0.072579427755683,25
"refined","estimated_Z","mixture_identity_start","ifeval_min30","balanced_moderate_dense_signed_cross","Cross",400,500,5,"3-3-3-3-3",0.150476393445564,0.137366409196752,0.068518196241854,25,0.103526074464083,0.0954722060320255,0.0397137261626372,25,0.131611144684673,0.125919480641845,0.0185555474555462,25,0.0528678369958145,0.0528299667105176,0.000499707834918183,25,0.0692083617610687,0.0665119249354522,0.0211079557720233,25,0.0448359735671837,0.0395213887276085,0.0257931664621079,25,0.0319101502610151,0.030004141123783,0.0108252060325685,25,0.294069800319228,0.294751271090079,0.00537936392588459,25,0.0957555809731334,0.0953355883129375,0.00410586706573901,25,0.30928099623578,0.308842877566228,0.00607316392694649,25,0.0498540240893266,0.0499339950193724,0.000391706241716792,25,0.128374525154897,0.128437035943672,0.0035308237438121,25,1.0339110316878,1.03342273571739,0.00262983238705286,25,0.987075833664573,0.987039779679659,0.00195145122806224,25,14.6455200000003,14.4850000000006,1.0075275480102,25,14.6455200000003,14.4850000000006,1.0075275480102,25,10.1850000000001,10.2790000000023,0.336824385498719,25,0.808080000000191,0.738999999997759,0.165301724129172,25,3.65243999999992,3.46999999999753,0.956169139500476,25
"refined","oracle_Z","fastica_only","ifeval_min30","balanced_moderate_dense_signed_cross","Cross",100,1000,10,"2-2-2-2-2-2-2-2-2-2",0.134032808045579,0.133969913843678,0.00533270413677127,25,0.171353413359517,0.171466583793464,0.00200708562004792,25,0.276086402090376,0.266070271884853,0.0329927851846662,25,0.0959946443500338,0.0959818376647785,0.00116770874997748,25,0.0983229920782053,0.0983262151387899,0.0205154002370246,25,0.0608889470251383,0.0602649986438908,0.00369170313350391,25,0.0496937875395016,0.0499459482251419,0.0113649812927344,25,0.730633134326008,0.728302930296749,0.0209821384318104,25,0.216451435944349,0.218383695520778,0.00840644105943583,25,0.762035978375825,0.760898809095317,0.0220711540462484,25,0.111642428722671,0.111792905319686,0.00110152143667897,25,0.134992971781253,0.134977299373385,0.00674829573879627,25,1.20524539629547,1.20577831813131,0.0145325089617227,25,0.938235119275692,0.938143556971844,0.00255350921300915,25,5.83044000000184,5.48900000000503,2.14578864833721,25,5.83044000000184,5.48900000000503,2.14578864833721,25,0.0112000000002445,0.011000000002241,0.000408248290101475,25,0.0570400000005611,0.0539999999964493,0.0106084871681191,25,5.76220000000103,5.41500000000087,2.1405513113832,25
"refined","oracle_Z","fastica_only","ifeval_min30","balanced_moderate_dense_signed_cross","Cross",100,1000,10,"3-3-3-3-3-3-3-3-3-3",0.349126544293593,0.339622356545456,0.114388437726187,25,0.225135920507531,0.212520865433634,0.0456842033997104,25,0.257764614788395,0.260520932622111,0.0186316709494567,25,0.105803976505269,0.105832154741967,0.00257076414181395,25,0.789481092536596,0.743642935653756,0.357158046349876,25,0.30106767092777,0.294025998467214,0.0266300788624848,25,0.169097647854221,0.167041216452618,0.0269931414539301,25,0.791868092398129,0.796636593240753,0.0258162199674859,25,0.241796344404639,0.240934566680132,0.0101612409710246,25,0.827984475892296,0.831583147768896,0.0270261161749372,25,0.117337690630712,0.117288569361066,0.000977989452254384,25,0.145211045568691,0.145102583757395,0.00408584008073079,25,1.24813923395092,1.25003807387313,0.0171424347768522,25,0.938981508190446,0.938790560577362,0.00263345733413176,25,26.6881199999963,23.4759999999951,10.6245936483867,25,26.6881199999963,23.4759999999951,10.6245936483867,25,0.0110800000000745,0.010999999998603,0.000276887460620815,25,0.0913599999982398,0.0859999999956926,0.0150772455476324,25,26.585679999998,23.3809999999939,10.627050381456,25
"refined","oracle_Z","fastica_only","ifeval_min30","balanced_moderate_dense_signed_cross","Cross",100,1000,5,"2-2-2-2-2",0.123124011353247,0.110393941534868,0.063081904917309,25,0.187538540799356,0.178429354557015,0.0471789872514247,25,0.274149925103294,0.270093460682593,0.0415187756836297,25,0.0747001018745134,0.0747652645538611,0.00133949112289319,25,0.101781686671782,0.0914307335912732,0.0410274470389243,25,0.0714594677700326,0.0631717601333002,0.0365595182298275,25,0.0516685831890014,0.0452256863263773,0.0239021544583069,25,0.469831082754465,0.469887436960456,0.014135998368833,25,0.196285173961517,0.196926492756193,0.00712395875169583,25,0.509203435797818,0.507892933102177,0.0151908332997186,25,0.0775588951736822,0.0776173482276625,0.000866102734672758,25,0.101791802334717,0.101890310073588,0.00522756868412735,25,1.09164124793847,1.09276309609495,0.00647327188760067,25,0.966921875728539,0.967253821492648,0.0024501674459429,25,3.51579999999998,3.47499999999991,0.220730793803979,25,3.51579999999998,3.47499999999991,0.220730793803979,25,0.0110399999999845,0.0109999999999673,0.000200000000015166,25,0.0244000000000142,0.0230000000000246,0.00546198986938964,25,3.48035999999998,3.43900000000008,0.216176023955793,25
"refined","oracle_Z","fastica_only","ifeval_min30","balanced_moderate_dense_signed_cross","Cross",100,1000,5,"3-3-3-3-3",0.195146561829044,0.144983860026943,0.105705291673389,25,0.206163246106327,0.18261047339663,0.0530024779370882,25,0.249756315616322,0.241514003710908,0.0347538814440182,25,0.0810061818985211,0.0802845989236756,0.00180991947186582,25,0.38710612276236,0.338182468462221,0.151520154767155,25,0.277738592932701,0.27568852303507,0.0191729462008257,25,0.159088089855676,0.158449736895011,0.0357954108317687,25,0.493015197295838,0.494093523332423,0.0124549416297447,25,0.195644354509018,0.195245694527434,0.00731970119566081,25,0.530440132085411,0.53237662568462,0.0134752837727817,25,0.0827194504355938,0.0827230790286382,0.00077411343543112,25,0.113197584573343,0.112941008660348,0.00714384750234428,25,1.10123038137143,1.10076671224343,0.00652476582250248,25,0.96676614034703,0.96670716958512,0.0018773791482385,25,6.62743999999977,5.49799999999959,2.62102910895729,25,6.62743999999977,5.49799999999959,2.62102910895729,25,0.0114399999999296,0.011000000000422,0.00266270539098454,25,0.0522799999998824,0.0510000000012951,0.00492036584014199,25,6.56371999999996,5.43599999999969,2.62152578854388,25
"refined","oracle_Z","fastica_only","ifeval_min30","balanced_moderate_dense_signed_cross","Cross",100,1500,10,"2-2-2-2-2-2-2-2-2-2",0.125808702942743,0.125885742633352,0.00692526557872344,25,0.172258244619235,0.173012365974309,0.00290170313067164,25,0.263209464216371,0.25966292808314,0.0357995702023188,25,0.0937691934408958,0.0938724890634752,0.000870499723935824,25,0.0977116375202211,0.103350856802791,0.0225786090182717,25,0.0661780328364245,0.0651160542839941,0.00604164364754806,25,0.0489516431381534,0.0529972622611447,0.0126972742960403,25,0.692752862298873,0.684684917473847,0.0250912927255322,25,0.208816585399054,0.205898239265521,0.00920727305878452,25,0.723553150471753,0.71522237237813,0.0263688969500321,25,0.108189223624205,0.107947424587048,0.00112284952764711,25,0.118572959846081,0.117785461492275,0.00469831597076129,25,1.18347086948309,1.18050497796954,0.0158687601219554,25,0.940123081449255,0.939963674915339,0.00157161712828616,25,6.58215999999869,5.30500000000757,2.61853586125119,25,6.58215999999869,5.30500000000757,2.61853586125119,25,0.0160399999993388,0.0159999999959837,0.000454606056685485,25,0.0565199999994365,0.055000000000291,0.00712460525389039,25,6.50959999999992,5.21399999999994,2.61590468735531,25
"refined","oracle_Z","fastica_only","ifeval_min30","balanced_moderate_dense_signed_cross","Cross",100,1500,10,"3-3-3-3-3-3-3-3-3-3",0.36926179100448,0.372064219150937,0.183948551594334,25,0.235380762682826,0.222108965615416,0.0731515600756593,25,0.272471551975772,0.267681365044067,0.0398515080004335,25,0.105083677474511,0.103792334658101,0.00567288763753265,25,0.774749380279197,0.707604733991903,0.392681867271473,25,0.312181407140493,0.299383410702199,0.0516867425645164,25,0.181536504177091,0.177318150529857,0.0354916719180425,25,0.748190649734033,0.747573544067268,0.0204895360730482,25,0.229188049192569,0.228282498474416,0.00658749014993078,25,0.782520079579006,0.781235790255468,0.021001556692341,25,0.114550925294596,0.1145129347672,0.000929065881465074,25,0.127147677812544,0.127602730867586,0.00635052692249713,25,1.21997900286595,1.21837081117563,0.0137327791172033,25,0.940120739604502,0.940768985329916,0.00201127750118928,25,25.5111199999991,24.8179999999993,11.309401274749,25,25.5111199999991,24.8179999999993,11.309401274749,25,0.0157600000005914,0.0160000000032596,0.000522812905885414,25,0.115360000000219,0.104999999995925,0.0343909871897356,25,25.3799999999983,24.7259999999951,11.3165410277759,25
"refined","oracle_Z","fastica_only","ifeval_min30","balanced_moderate_dense_signed_cross","Cross",100,1500,5,"2-2-2-2-2",0.098635448388778,0.098160686136518,0.00591684147949115,25,0.181077791176469,0.181328928159461,0.00317359276755016,25,0.263513510674365,0.261942614192168,0.0340058427745458,25,0.0735909585111564,0.0736721531295815,0.000949902603746788,25,0.0987937165196118,0.100215956859257,0.0256698643145249,25,0.0631436656282432,0.0645047958258091,0.00523373057511771,25,0.049807694704545,0.0510768963079738,0.0139161765633485,25,0.452905628226464,0.450738313808217,0.012857232984536,25,0.196344004053968,0.196373459793889,0.00630933968522239,25,0.493650311426539,0.493179158216034,0.013721849768426,25,0.0761894152642094,0.0761769012127644,0.000817290401892368,25,0.0896811851075491,0.090207568976413,0.00452585349848633,25,1.0854235580728,1.08395806131569,0.00693296988409309,25,0.967911214430536,0.967852293736669,0.00224729346405376,25,4.04640000000001,4.01900000000001,0.0862032481986422,25,4.04640000000001,4.01900000000001,0.0862032481986422,25,0.015719999999983,0.015999999999849,0.000541602560329842,25,0.0260400000000118,0.0260000000000673,0.00196807858920505,25,4.00464000000002,3.97700000000009,0.0858549552054509,25
"refined","oracle_Z","fastica_only","ifeval_min30","balanced_moderate_dense_signed_cross","Cross",100,1500,5,"3-3-3-3-3",0.185314388734995,0.137631644673369,0.118543906648468,25,0.209574745222385,0.184912229825496,0.0599098517736589,25,0.247520066736717,0.246567868390347,0.029594238629959,25,0.080233826697956,0.0792232054499411,0.00297162346120593,25,0.421160872443386,0.345009245224445,0.173395091538878,25,0.288551688403955,0.287604041985089,0.0165143488659182,25,0.158898831252774,0.164604503227241,0.0375361191670473,25,0.473450466745948,0.473108170565005,0.01727428746297,25,0.194116520429951,0.192341803659253,0.0081607647213792,25,0.511712620625848,0.510122984918295,0.0187405804861116,25,0.0809891435681298,0.0810131182571078,0.000810819702661732,25,0.0963444857984255,0.0948351685863284,0.0062541907401174,25,1.09376811394513,1.09319181802535,0.0080278883657452,25,0.967858116612233,0.96800747553614,0.00203371865417848,25,8.09875999999953,7.13700000000063,4.04110231743764,25,8.09875999999953,7.13700000000063,4.04110231743764,25,0.0157599999998638,0.0159999999996217,0.000435889894609792,25,0.0605199999998877,0.0559999999986758,0.0127544763385443,25,8.02247999999978,7.06600000000071,4.04426216097152,25
"refined","oracle_Z","fastica_only","ifeval_min30","balanced_moderate_dense_signed_cross","Cross",100,2000,10,"2-2-2-2-2-2-2-2-2-2",0.129059355396014,0.119564248446956,0.0411538533454298,25,0.174385433728593,0.172369362780814,0.0113598412536249,25,0.26078064826984,0.25532651419959,0.0245708782161939,25,0.0930812728827311,0.0929143565159395,0.000814932785528024,25,0.101179128705196,0.0937237716653869,0.0489515348707852,25,0.0791000145995522,0.067622778533504,0.0541239672872306,25,0.0465352458764956,0.0472411285137709,0.0111207118288476,25,0.675101441617915,0.676533950091884,0.0190971617596627,25,0.206244290737961,0.206664677267766,0.00540872997242324,25,0.705913007744794,0.70721405377596,0.0194638324472197,25,0.106923556829504,0.107012079275146,0.00110763072969116,25,0.110656661669867,0.111623237515188,0.00485841071473747,25,1.1738283327432,1.17302442985708,0.0116037846921084,25,0.941228680663329,0.941343625777153,0.00155862558502764,25,5.63503999999986,5.19000000000233,1.14519305068515,25,5.63503999999986,5.19000000000233,1.14519305068515,25,0.0205999999988126,0.0209999999933643,0.000577350269097209,25,0.0570800000004238,0.0489999999990687,0.0256724885173354,25,5.55736000000063,5.12399999999616,1.14491130952078,25
"refined","oracle_Z","fastica_only","ifeval_min30","balanced_moderate_dense_signed_cross","Cross",100,2000,10,"3-3-3-3-3-3-3-3-3-3",0.345084390105285,0.308901672654616,0.154729376388057,25,0.223757095684492,0.203434062599253,0.0606370602561938,25,0.267907751141233,0.272270603461251,0.0250709596168128,25,0.103648360271655,0.102667562635778,0.00448735297241573,25,0.83321872134186,0.804394106614086,0.314930220822871,25,0.30456069274354,0.302367679179208,0.0216854543797228,25,0.17698865644277,0.176003987257513,0.0241981170301143,25,0.727830200978402,0.727983399930861,0.0167744918797643,25,0.226827083911731,0.227137685983202,0.00730522983479181,25,0.762367351716682,0.761361394564226,0.0178158535143456,25,0.113423062124458,0.113596267811647,0.000759451813948921,25,0.117578216644534,0.117905142436345,0.0073559344247366,25,1.2080844291291,1.20772097101144,0.0110488870631955,25,0.940884544943493,0.940566682536772,0.0013408495158207,25,33.655440000004,31.7440000000061,14.5594619809011,25,33.655440000004,31.7440000000061,14.5594619809011,25,0.0206800000026124,0.0209999999933643,0.000556776437071613,25,0.107440000001807,0.110000000000582,0.0173423374062385,25,33.5273199999996,31.6129999999976,14.5579736133396,25
"refined","oracle_Z","fastica_only","ifeval_min30","balanced_moderate_dense_signed_cross","Cross",100,2000,5,"2-2-2-2-2",0.110810040988329,0.0957305283227142,0.0769914326498177,25,0.188769371803409,0.182515315480593,0.0330726942299463,25,0.267358112713705,0.265633248371696,0.0301755483733556,25,0.0732224687095014,0.0730254268110048,0.00106734398391949,25,0.114021385359769,0.101330304996068,0.0747729257111299,25,0.0844205435280333,0.0671464923131731,0.0905805252392905,25,0.0514895358487339,0.0515977691598551,0.0169358356823485,25,0.446503714712485,0.446255264832729,0.0115130656696508,25,0.194235214594827,0.192855436214645,0.00681004326167628,25,0.486939408592781,0.486010506509997,0.012693029402038,25,0.0753703767623475,0.0754114683580281,0.000425925605934574,25,0.0821988202063303,0.0813670709491905,0.00543384837195176,25,1.08313655886201,1.08437956998834,0.00518655045513337,25,0.968571574259923,0.968650764849346,0.00161139684450106,25,4.62252000000008,4.59899999999993,0.120520095143306,25,4.62252000000008,4.59899999999993,0.120520095143306,25,0.0201999999999862,0.0199999999999818,0.000408248290472774,25,0.0352800000000116,0.0289999999999964,0.0115813067771247,25,4.56704000000008,4.54199999999992,0.120671551466536,25
"refined","oracle_Z","fastica_only","ifeval_min30","balanced_moderate_dense_signed_cross","Cross",100,2000,5,"3-3-3-3-3",0.163349588510436,0.125415732655206,0.0987757088197809,25,0.200593462327285,0.185725302486974,0.0520418767039442,25,0.25158553840671,0.244844282969717,0.0326974862678568,25,0.0792743139533808,0.0788827185561077,0.00223991179516994,25,0.399405505732182,0.343055572759022,0.189947931808155,25,0.285937923734628,0.282621058516523,0.0189519438015117,25,0.16515236832455,0.172684407932184,0.036383988158733,25,0.462895524876611,0.464977721079788,0.0110307371029252,25,0.191445911656813,0.191719296411093,0.00634790490461084,25,0.500939680725181,0.502291559135607,0.0120214414025429,25,0.0803320508040958,0.0806312209340233,0.000858208479992697,25,0.089837753273104,0.0890101303876053,0.00498346518343329,25,1.08939703074316,1.08971740047142,0.00577547805583582,25,0.968596872394498,0.968419231433043,0.0021456002576486,25,9.68103999999985,7.56499999999869,4.91441281233131,25,9.68103999999985,7.56499999999869,4.91441281233131,25,0.0204000000001542,0.0200000000004366,0.000500000000405028,25,0.0691599999999016,0.059000000001106,0.0194308174470703,25,9.59147999999979,7.43799999999828,4.9219183939469,25
"refined","oracle_Z","fastica_only","ifeval_min30","balanced_moderate_dense_signed_cross","Cross",100,500,10,"2-2-2-2-2-2-2-2-2-2",0.162362684815955,0.156561495184311,0.0278836285932088,25,0.167904044257881,0.16660979656604,0.00739243853724912,25,0.271380632945882,0.268221749933373,0.0326856002756051,25,0.0995837894654182,0.0993856420457277,0.00134252219689504,25,0.0976854065689135,0.0936483560285188,0.0253303741912969,25,0.0563544550976315,0.0525255645146526,0.0178127794515762,25,0.0498458709210105,0.0476951911234662,0.0134702624074562,25,0.854420550689656,0.854914031162503,0.0393628340398076,25,0.244549640742141,0.242902461724103,0.016819520874257,25,0.888771290409641,0.89074835843117,0.0418782137840008,25,0.11915084276594,0.11935228644037,0.00171741844426643,25,0.175516258314862,0.171817533955644,0.00801471177634573,25,1.28435205455881,1.28530869012648,0.0280630869203857,25,0.93397555669652,0.93414574717499,0.00253686344532406,25,4.26492000000027,3.88200000000506,1.0438480860103,25,4.26492000000027,3.88200000000506,1.0438480860103,25,0.00644000000014785,0.00600000000122236,0.000506622804779416,25,0.0541999999996915,0.0540000000000873,0.00863133825074101,25,4.20428000000044,3.83000000000175,1.04012397177745,25
"refined","oracle_Z","fastica_only","ifeval_min30","balanced_moderate_dense_signed_cross","Cross",100,500,10,"3-3-3-3-3-3-3-3-3-3",0.322365703046781,0.339238338111849,0.108982504808202,25,0.210742517860013,0.207350058510667,0.0419167500838115,25,0.262497572241069,0.258893516537908,0.0262755078762279,25,0.109552298143212,0.109814910018394,0.00274865775259484,25,0.498640629126997,0.431550138631501,0.26420021913089,25,0.264771748496829,0.262450113312486,0.0162490784217314,25,0.185967492507,0.187174991430491,0.0287253636090707,25,0.885330288449517,0.884065278506534,0.0147583973960836,25,0.253732281581533,0.254426143732982,0.00752403232694635,25,0.921003839793171,0.920050402930218,0.0146188359809929,25,0.123577654319859,0.123783348739983,0.00092669619190779,25,0.182638440786768,0.182644023038658,0.00589525507570821,25,1.30588643228382,1.30592316478963,0.0100927058520951,25,0.934022478731268,0.93397981054711,0.00314935274098584,25,32.6798800000007,25.9670000000042,19.4892862861446,25,32.6798800000007,25.9670000000042,19.4892862861446,25,0.00711999999912223,0.00699999999778811,0.0014809906599331,25,0.114920000000566,0.101999999998952,0.0419373739432078,25,32.557840000001,25.8859999999986,19.4626834452493,25
"refined","oracle_Z","fastica_only","ifeval_min30","balanced_moderate_dense_signed_cross","Cross",100,500,5,"2-2-2-2-2",0.13158963169089,0.131283885208038,0.00396329341326186,25,0.177907933477379,0.176912402308656,0.00545026912997095,25,0.268850339741717,0.260629029812884,0.034081047850675,25,0.0765892429556928,0.0765193491204004,0.00142841387007134,25,0.0926018244689182,0.0908940188137388,0.0268196765755685,25,0.0551360089191598,0.0551200650690595,0.00433594194393855,25,0.0466990991443102,0.0461824613516177,0.0152366308338829,25,0.525333635961724,0.530411093388952,0.0196190402721793,25,0.206110644591301,0.207225753029624,0.00835364028915614,25,0.564350303363665,0.571037828762994,0.0204701109684126,25,0.0817281547187452,0.0816323432177843,0.0012194736660369,25,0.133480151554653,0.131800211783067,0.00524576942490392,25,1.11630006322615,1.11738305811167,0.0105124819807542,25,0.964967631408917,0.965515107950592,0.00300269178821969,25,2.92116,2.91700000000003,0.0321321230753972,25,2.92116,2.91700000000003,0.0321321230753972,25,0.00644000000000176,0.00600000000002865,0.000506622805113774,25,0.0215599999999962,0.021000000000015,0.0023108440016561,25,2.89316,2.888,0.0314055196847039,25
"refined","oracle_Z","fastica_only","ifeval_min30","balanced_moderate_dense_signed_cross","Cross",100,500,5,"3-3-3-3-3",0.177577468627622,0.158673065055626,0.0582636150465875,25,0.186291664788768,0.181346797039317,0.0194334153790658,25,0.257444458517723,0.246841437240006,0.0342713021821826,25,0.0836507318569477,0.0829486153000302,0.00236371859616916,25,0.361471274721475,0.306113048923724,0.234037074314457,25,0.263092700197674,0.260983940929212,0.0218999357028635,25,0.163670889399825,0.159519512519908,0.0350541107788031,25,0.538826066951769,0.534434384138134,0.0178657495883127,25,0.202170007958517,0.201998831101194,0.00889176886173933,25,0.575553276097171,0.574237686522718,0.0184556771369811,25,0.0864986156498831,0.0864851581061519,0.00141460833346008,25,0.142820293583676,0.143919927385746,0.00771189400414731,25,1.12121107528962,1.11894806006531,0.0110422989921015,25,0.964481524385647,0.96516421180578,0.00377038109697618,25,7.49168000000005,6.79299999999967,3.42206748813237,25,7.49168000000005,6.79299999999967,3.42206748813237,25,0.00636000000027707,0.00600000000122236,0.000489897948198505,25,0.0517199999999139,0.0510000000012951,0.00704461969643155,25,7.43359999999986,6.73799999999937,3.42033895737459,25
"refined","oracle_Z","fastica_only","ifeval_min30","balanced_moderate_dense_signed_cross","Cross",200,1000,10,"2-2-2-2-2-2-2-2-2-2",0.116491967856998,0.11664933814503,0.00215993091722258,25,0.135715063626557,0.136105390033461,0.00175535798460455,25,0.202532129510865,0.200206645330592,0.0214591427509811,25,0.0702893515709171,0.0702523552283022,0.000579084093016342,25,0.0664608286548588,0.0704612057813973,0.014673478486014,25,0.0264200661109551,0.0263467944194069,0.00274732465073267,25,0.0341252666030535,0.0362449041093565,0.0076915870078064,25,0.477415870907442,0.477773387672505,0.00616699671147309,25,0.143267741923386,0.142128070862994,0.0047795579641367,25,0.498467421951155,0.498572857137149,0.00647349607435726,25,0.0812955764097527,0.0814593096097521,0.000682481194004195,25,0.118644543416647,0.119121208859651,0.00277621395488054,25,1.08607279585171,1.0855342513809,0.0031106145058977,25,0.966687027734447,0.966496633719268,0.00126167632551014,25,8.26616000000038,8.26299999999901,0.0865913198106614,25,8.26616000000038,8.26299999999901,0.0865913198106614,25,0.0741199999989476,0.0740000000005239,0.00101324560959474,25,0.0748800000007031,0.0749999999970896,0.00442831796620445,25,8.11716000000073,8.1160000000018,0.0870280989103026,25
"refined","oracle_Z","fastica_only","ifeval_min30","balanced_moderate_dense_signed_cross","Cross",200,1000,10,"3-3-3-3-3-3-3-3-3-3",0.165295436230595,0.13216186176463,0.0949764099103981,25,0.143684225098218,0.132124372409438,0.0339131266745959,25,0.187406870348486,0.185284483539528,0.0185297554195806,25,0.0751476842080535,0.0746572889765357,0.00181180105324315,25,0.187471937312242,0.189246636495848,0.033829458327387,25,0.171487445121495,0.170074836427113,0.0248803360386014,25,0.0775101202910904,0.0739267861655863,0.0217167849732089,25,0.480853763005814,0.48121765880928,0.00722370526282596,25,0.138735663897723,0.139053635071702,0.00421802950720687,25,0.500476929351128,0.501307234635295,0.0077690467750583,25,0.0847506955229611,0.0847191697505069,0.00061386334964634,25,0.124425523214205,0.124525858059656,0.00350163968832714,25,1.08720123363732,1.08676009859591,0.00385736839002602,25,0.967066162338944,0.967075138624574,0.00153210109750799,25,14.252759999999,10.8029999999999,8.46371550738778,25,14.252759999999,10.8029999999999,8.46371550738778,25,0.0491199999983655,0.0489999999990687,0.000525991123316251,25,0.1126800000004,0.108000000007451,0.0103510063913637,25,14.0909600000002,10.6469999999972,8.46184812102678,25
"refined","oracle_Z","fastica_only","ifeval_min30","balanced_moderate_dense_signed_cross","Cross",200,1000,5,"2-2-2-2-2",0.0971292017529915,0.0972765155402927,0.00273514614960286,25,0.143075538224882,0.142940764418279,0.00328047742419662,25,0.204818416530382,0.198862870727606,0.0287597003240454,25,0.0542025597537693,0.0541372455741604,0.000701786217031938,25,0.0648595587053327,0.0692478463841596,0.0162575495805568,25,0.0287371520453613,0.0284483454958481,0.0023989685976559,25,0.0331957025675909,0.0355403452728332,0.00886283766637582,25,0.335260854770584,0.336082531459926,0.006882152435247,25,0.145243296672191,0.145128482625984,0.00666718620930746,25,0.365395477233186,0.365693006928846,0.00852349483100866,25,0.0564509873594525,0.056576290404047,0.000511729487035264,25,0.0937992239095577,0.0932598714623351,0.00321209283000866,25,1.04737564518091,1.04755297619953,0.00306367386162816,25,0.982136723978484,0.982105380271351,0.00169371038977401,25,3.80428,3.78800000000047,0.0592674165682177,25,3.80428,3.78800000000047,0.0592674165682177,25,0.0496000000000095,0.0489999999999782,0.00261406452362834,25,0.0358400000000256,0.0349999999998545,0.00336253872347631,25,3.71883999999996,3.69800000000032,0.059793171293514,25
"refined","oracle_Z","fastica_only","ifeval_min30","balanced_moderate_dense_signed_cross","Cross",200,1000,5,"3-3-3-3-3",0.110385269910314,0.110704619637988,0.0047145701343976,25,0.140059875316155,0.13980298114662,0.00427923142496305,25,0.195302616864566,0.178877298604301,0.0383948266241764,25,0.058630690505971,0.0585440400138339,0.000891283906802755,25,0.15694210576042,0.163429677975842,0.0367082959678311,25,0.145478526486535,0.145866199359311,0.0259654690218005,25,0.0604813527198909,0.0575925109221151,0.0238005917481573,25,0.33605467024537,0.337555766011098,0.008542579840951,25,0.132253882933741,0.132302215012105,0.00467124784096651,25,0.361157803935316,0.363140873930871,0.009121630602636,25,0.0599092081280784,0.0598554287517175,0.000653030553205807,25,0.10237520278369,0.103495892240066,0.00488301163052143,25,1.04628367211038,1.04587585224498,0.00343261183294369,25,0.982642083802302,0.982559100415882,0.00116142369522782,25,5.6031600000005,5.0280000000057,2.2251600069816,25,5.6031600000005,5.0280000000057,2.2251600069816,25,0.0491200000002573,0.0489999999990687,0.000665832811992693,25,0.0809200000001874,0.0780000000013388,0.00819003459511313,25,5.47312000000005,4.89600000000064,2.22176589525855,25
"refined","oracle_Z","fastica_only","ifeval_min30","balanced_moderate_dense_signed_cross","Cross",200,1500,10,"2-2-2-2-2-2-2-2-2-2",0.103328286617972,0.103408084538332,0.00210506433928329,25,0.137880536259131,0.138287507622496,0.00158061848863061,25,0.203065128752688,0.19424850663467,0.031816254259598,25,0.0678956597815065,0.0679596462655333,0.000632130459218749,25,0.0703439219025713,0.0686283150935899,0.0159425356116772,25,0.0304693375276681,0.0304425413532928,0.00223423745936076,25,0.0360007655108249,0.0351943374882434,0.00840710473150125,25,0.464946755867752,0.465258589973469,0.00453155341364339,25,0.147155258826455,0.146909217762157,0.00500977967158021,25,0.487692876509771,0.487901500107951,0.00555481658521289,25,0.0784236466968463,0.0785302793823697,0.000382550273355482,25,0.10347037074815,0.103884724673412,0.00246383349066706,25,1.08356648127036,1.0836653054979,0.00293496314661062,25,0.969048525702234,0.968980283435029,0.00140760294086756,25,9.6340399999998,9.44999999999709,9.04999685303966,25,9.6340399999998,9.44999999999709,9.04999685303966,25,0.0896400000006543,0.101000000002387,0.0181104941963117,25,0.072719999999099,0.0720000000001164,0.0137735253287614,25,9.47168000000005,9.27300000000105,9.04685255913244,25
"refined","oracle_Z","fastica_only","ifeval_min30","balanced_moderate_dense_signed_cross","Cross",200,1500,10,"3-3-3-3-3-3-3-3-3-3",0.144162581694784,0.114431099046759,0.07414407929668,25,0.142038874967775,0.133652242451898,0.0221604550658986,25,0.197903146625607,0.19654568653051,0.0215183768586575,25,0.072230786093634,0.0718216129534404,0.00107937064313487,25,0.171376098372842,0.174686278705466,0.0293483278031862,25,0.165982979504491,0.164277217377597,0.0253813142135375,25,0.0678514363035928,0.0690173205487986,0.0140918117397602,25,0.457942732310861,0.457502411464811,0.00601121194361826,25,0.137061903289934,0.136937361092236,0.00385249805787367,25,0.47802278628564,0.477652769224237,0.0065083724455482,25,0.0820142488310611,0.0821334253134034,0.000742855101886603,25,0.107463468799123,0.107931518012311,0.0031454757572896,25,1.07887620733036,1.07922962422996,0.0029149152102458,25,0.968695661480643,0.968663905094252,0.00143611050504046,25,14.9371199999994,13.4219999999914,5.77237855596454,25,14.9371199999994,13.4219999999914,5.77237855596454,25,0.0673200000001816,0.0670000000100117,0.00047609522795333,25,0.120959999999614,0.114000000001397,0.0244480401397842,25,14.7488399999996,13.2329999999929,5.77366910118701,25
"refined","oracle_Z","fastica_only","ifeval_min30","balanced_moderate_dense_signed_cross","Cross",200,1500,5,"2-2-2-2-2",0.0838266914541003,0.0836146575525273,0.00235790934099417,25,0.146960844796088,0.146073670013835,0.0038036175613183,25,0.196207477359352,0.194945552635972,0.015913024346882,25,0.0530115946114983,0.0529538002285924,0.000473918269966936,25,0.0685271777536867,0.063717755385808,0.0210308113036865,25,0.0317357102414463,0.0320646528045783,0.0033064328539851,25,0.0350300887847815,0.0327814852585238,0.0113237361169542,25,0.328137783511857,0.326037749221088,0.00506262769549908,25,0.149688695082623,0.150148980492349,0.00489461548001691,25,0.360683368438921,0.358408743612804,0.00614258501598168,25,0.0550322142324545,0.0549798548877617,0.000339478794647654,25,0.0800024484549216,0.0802573553474712,0.00152247119305303,25,1.04676529341325,1.04608265531562,0.00249565974904424,25,0.983128188103468,0.983285244574473,0.00103897717247065,25,4.41543999999973,4.39599999999973,0.103040881854613,25,4.41543999999973,4.39599999999973,0.103040881854613,25,0.0677199999998993,0.0679999999993015,0.000541602560282263,25,0.0397199999999066,0.0389999999997599,0.00528772162647716,25,4.30799999999992,4.28899999999976,0.103007685797313,25
"refined","oracle_Z","fastica_only","ifeval_min30","balanced_moderate_dense_signed_cross","Cross",200,1500,5,"3-3-3-3-3",0.109912742380519,0.096794590822458,0.0702080387006621,25,0.153237891105908,0.143685784058997,0.0521154765320175,25,0.178101202872141,0.16896133998291,0.0246579190415265,25,0.0574258687540663,0.0572330471567834,0.00186995678429492,25,0.15797147259386,0.157167959826051,0.0402162959171502,25,0.164268419678739,0.159925086024069,0.0375076956388571,25,0.0606920404774866,0.0631701736757402,0.0211634032247049,25,0.324143717525566,0.324928582445848,0.004766747527186,25,0.132194522215007,0.131200453629485,0.00476391371013323,25,0.350080846070224,0.350077419165302,0.00573209306744453,25,0.0583018928716179,0.0582099984681781,0.000466571497715954,25,0.0878252909771692,0.0879560647576786,0.00304943883099546,25,1.04325760485898,1.04391022728799,0.0019909344300402,25,0.983323254677948,0.983173835449379,0.00123544038440374,25,13.0858400000003,6.79300000000148,30.3591768644998,25,13.0858400000003,6.79300000000148,30.3591768644998,25,0.0695200000000477,0.0670000000027358,0.00729223331127254,25,0.0865199999997276,0.0819999999985157,0.0116516093310912,25,12.9298000000005,6.62700000000041,30.3485372093945,25
"refined","oracle_Z","fastica_only","ifeval_min30","balanced_moderate_dense_signed_cross","Cross",200,2000,10,"2-2-2-2-2-2-2-2-2-2",0.0940222961843781,0.0935529339846281,0.00180336614555874,25,0.136973780013493,0.13704278004449,0.00151397642470276,25,0.198403327710534,0.194050266248035,0.0214219626124368,25,0.0664016360875862,0.0664513971379852,0.000457791477799172,25,0.0695723789452391,0.0732836868414213,0.0154976303175915,25,0.0324753844534556,0.032159043754755,0.00188291134929382,25,0.0355357838753166,0.0375626429107819,0.00836609113141184,25,0.455628688004337,0.455557961900763,0.00414690936955543,25,0.148313998009729,0.148221217670104,0.00520129032582354,25,0.479179241649428,0.478999407155828,0.00502887264747545,25,0.0769285142032636,0.0769425424210155,0.000521747414849759,25,0.0937609240475146,0.0931299820949341,0.00283116946775192,25,1.08071385729468,1.08054670919781,0.00250564655865355,25,0.969919786640281,0.969961270045971,0.00110172054590404,25,11.6508799999996,11.4310000000041,0.806803637820874,25,11.6508799999996,11.4310000000041,0.806803637820874,25,0.131120000000228,0.131000000001222,0.0011298967495807,25,0.0823199999998906,0.080999999998312,0.00427901857898647,25,11.4374399999995,11.2189999999973,0.803928483552416,25
"refined","oracle_Z","fastica_only","ifeval_min30","balanced_moderate_dense_signed_cross","Cross",200,2000,10,"3-3-3-3-3-3-3-3-3-3",0.13952337542945,0.104539852057872,0.0712184573494296,25,0.144874424921458,0.133238738109015,0.030393005300156,25,0.189538742476859,0.18561934170827,0.0192877915775595,25,0.0709130890721751,0.0705901183053758,0.00105409541481783,25,0.241242496900969,0.178111482939709,0.184376977003986,25,0.18166554475871,0.175182110301562,0.0276544118792881,25,0.0756338531864553,0.0759107431115163,0.0151453546250842,25,0.446333087094823,0.446217397754384,0.00573857723401201,25,0.136211869686651,0.135382587426198,0.00439364413065083,25,0.466664428414891,0.466990845394236,0.00656341609890215,25,0.0807043362251635,0.0806974029384416,0.000467594429488628,25,0.0971434652551097,0.0973629962778711,0.00247516493706362,25,1.074849552421,1.07500438119922,0.00318676287051903,25,0.969549470647847,0.969586722165832,0.00125777166391651,25,18.2380399999989,14.4650000000111,7.20349144790803,25,18.2380399999989,14.4650000000111,7.20349144790803,25,0.0857599999988452,0.0859999999956926,0.000663324958498721,25,0.128080000000191,0.119000000006054,0.0224349429824606,25,18.0241999999998,14.2560000000085,7.2056529313241,25
"refined","oracle_Z","fastica_only","ifeval_min30","balanced_moderate_dense_signed_cross","Cross",200,2000,5,"2-2-2-2-2",0.0769261585933111,0.0767507118062138,0.00339324126052153,25,0.146946867301116,0.146993103330341,0.00200691709430208,25,0.203951090753899,0.204618083769507,0.0319282563699377,25,0.0525097329452467,0.0526399039103361,0.000492048502579819,25,0.0692084924220508,0.0733445508241764,0.0219671851058629,25,0.0337458688055738,0.0335063325810778,0.00321421776274113,25,0.0352317124076038,0.037810066732565,0.0118403298945822,25,0.32207715662274,0.32184936166869,0.0055494230448415,25,0.146771093209021,0.146894958090161,0.00613320168459247,25,0.353964813031698,0.354576552178606,0.00721944163846447,25,0.0543190870943431,0.0543942871584395,0.000325936759614194,25,0.0728619637981633,0.0727380910537843,0.00298108795170187,25,1.04467486791416,1.04481337006443,0.00268032135791388,25,0.983316088985452,0.983378870838899,0.00108566330531876,25,4.9951999999999,4.96299999999883,0.0946929247622508,25,4.9951999999999,4.96299999999883,0.0946929247622508,25,0.0862399999998524,0.0860000000002401,0.000663324958027972,25,0.0440399999999863,0.0429999999996653,0.0058983048413321,25,4.86492000000006,4.83399999999983,0.0933416305837322,25
"refined","oracle_Z","fastica_only","ifeval_min30","balanced_moderate_dense_signed_cross","Cross",200,2000,5,"3-3-3-3-3",0.0890592321011732,0.0879344516602176,0.00538878283460846,25,0.140207850823644,0.139421080232505,0.00434987659731363,25,0.178581084479345,0.175381794625828,0.017757884204256,25,0.0561038801176623,0.0560477830380087,0.000556285960383816,25,0.175139171850897,0.161977437210055,0.119579171604101,25,0.157031531476352,0.158691017018971,0.042626628469565,25,0.0551598048183231,0.0508787674203684,0.0259208934121102,25,0.32152926454841,0.322739535120725,0.00619076605899305,25,0.134237468111713,0.134599595504568,0.00415996434577905,25,0.348439664297244,0.349381695801941,0.00676786238055315,25,0.0575225145772212,0.0575277226157904,0.000473339502204418,25,0.0818674050245709,0.0820301184939109,0.00318778240286287,25,1.04329468219964,1.04369026237235,0.00256420434741499,25,0.983885557022566,0.983959208234624,0.00112973582370048,25,7.95383999999918,6.7390000000014,3.35179042552852,25,7.95383999999918,6.7390000000014,3.35179042552852,25,0.0859199999998964,0.0859999999993306,0.000640312423949488,25,0.086919999999227,0.0859999999993306,0.00681248853214973,25,7.78100000000006,6.5560000000005,3.35268370115644,25
"refined","oracle_Z","fastica_only","ifeval_min30","balanced_moderate_dense_signed_cross","Cross",200,500,10,"2-2-2-2-2-2-2-2-2-2",0.144796858798478,0.144588110909583,0.00314669942985224,25,0.13061898720819,0.130302812248321,0.00181771632244899,25,0.197588144240107,0.197578898883275,0.0187406068470076,25,0.0758174345533213,0.0757022213785397,0.000851850205797189,25,0.0687911019507179,0.0714325809581956,0.015626758932048,25,0.0196612373043014,0.0200019653539437,0.00225017120222047,25,0.0354194663097779,0.0368936302801837,0.0080612282652804,25,0.547741259848729,0.547612106153586,0.0121009383074014,25,0.14799565863596,0.147613816630541,0.00565841744579142,25,0.567408321600526,0.566709312484654,0.0121754395160561,25,0.0893350133988007,0.0893777912468292,0.000982606066039822,25,0.160314923531568,0.1601129444499,0.00462733060756108,25,1.11446347269683,1.11441253187196,0.0066436453481098,25,0.962095344320968,0.962705867614388,0.00220869185932046,25,12.0408800000005,3.75800000000163,36.564874512433,25,12.0408800000005,3.75800000000163,36.564874512433,25,0.0358800000004703,0.0310000000026776,0.00740675367487883,25,0.0595199999999022,0.0570000000006985,0.0149753130177136,25,11.9454800000001,3.67299999999523,36.561731193194,25
"refined","oracle_Z","fastica_only","ifeval_min30","balanced_moderate_dense_signed_cross","Cross",200,500,10,"3-3-3-3-3-3-3-3-3-3",0.189931632366466,0.169621008853196,0.0651035838089813,25,0.136233808323375,0.126517526662509,0.0322499023971142,25,0.183119363198564,0.180936296221051,0.0143475129687247,25,0.0824092561797267,0.0823536885075775,0.000956694311510621,25,0.191723735561683,0.183459136625462,0.0551761977464927,25,0.150670101584344,0.145569890544874,0.0262306539467926,25,0.0778538044887854,0.0770568289374472,0.0204327364709768,25,0.561182740295456,0.560743040254313,0.00933652237704964,25,0.149828792189295,0.146971421810647,0.00617905953562531,25,0.580862823294438,0.581303995278687,0.00986644453245827,25,0.0923113194428347,0.0924649032872406,0.000667988139824662,25,0.165090894760603,0.165022428076094,0.00334003302344022,25,1.12096457739496,1.12109964709345,0.00507816078001402,25,0.961770384763508,0.962085458648192,0.00209008864165936,25,10.5523599999986,9.02399999999034,5.57844941030374,25,10.5523599999986,9.02399999999034,5.57844941030374,25,0.0305199999990873,0.0309999999881256,0.000509901951605852,25,0.105239999999176,0.104000000006636,0.00591100668198284,25,10.4166000000003,8.88799999999173,5.57960461562134,25
"refined","oracle_Z","fastica_only","ifeval_min30","balanced_moderate_dense_signed_cross","Cross",200,500,5,"2-2-2-2-2",0.123256251277501,0.123878813492704,0.00374874991630954,25,0.141813290048338,0.141505932333478,0.00400780727107003,25,0.193778556751026,0.18417337210617,0.0309984087319984,25,0.0576982994178048,0.0574742260892952,0.000916461184634667,25,0.062578510440448,0.0645834488727151,0.0242635560121133,25,0.0235098132067349,0.0234893273764379,0.00329120335036848,25,0.0321634568492146,0.0333698603191661,0.0127372673255126,25,0.369585499894833,0.367810771583144,0.00692299728350466,25,0.143410842953205,0.143570137560531,0.00533812889938127,25,0.396458185445706,0.395348115511206,0.00752671445260422,25,0.0606947903357819,0.0606064035964863,0.000668833811708873,25,0.124711689036372,0.125305485250259,0.00339230417304948,25,1.05552338990802,1.05570613112125,0.00349160041861882,25,0.97915076667911,0.978608674548938,0.00214291947616548,25,3.19120000000003,3.17000000000053,0.0727220736778963,25,3.19120000000003,3.17000000000053,0.0727220736778963,25,0.0302800000000389,0.0300000000002001,0.000458257569479786,25,0.0335999999999876,0.031999999999698,0.0102996763703512,25,3.12732,3.10799999999972,0.0719251462749049,25
"refined","oracle_Z","fastica_only","ifeval_min30","balanced_moderate_dense_signed_cross","Cross",200,500,5,"3-3-3-3-3",0.157264019626496,0.141185420293741,0.0636914671701879,25,0.146796955625022,0.138678945477992,0.0357379178288766,25,0.186935244727125,0.181516220186438,0.0298928425088467,25,0.062918106764144,0.0628652535708864,0.00112269355626987,25,0.151397515742404,0.161426236886578,0.0400733122835119,25,0.135346002696395,0.13220202741616,0.0342613113618451,25,0.0603205556477762,0.0583391316060397,0.0205831538194628,25,0.373058602425778,0.372672064423604,0.0111296281495958,25,0.132419238041175,0.132903885592398,0.00595496003897472,25,0.395886785480482,0.397035616775657,0.0118227135805887,25,0.0641584975771859,0.064338342762086,0.000782494311150961,25,0.133957748406981,0.13341096933449,0.00532647574479285,25,1.05546110559649,1.05635622141917,0.00489978143508046,25,0.979376473955065,0.97861415950486,0.0021397295735232,25,5.31720000000161,4.62500000000364,2.04900951681563,25,5.31720000000161,4.62500000000364,2.04900951681563,25,0.0307200000005832,0.0309999999990396,0.000541602560721671,25,0.0804800000003888,0.0800000000017462,0.00630555310817949,25,5.20600000000064,4.51400000000285,2.04888250029134,25
"refined","oracle_Z","fastica_only","ifeval_min30","balanced_moderate_dense_signed_cross","Cross",400,1000,10,"2-2-2-2-2-2-2-2-2-2",0.114091536495207,0.11438559440358,0.00169582864785072,25,0.0935536302444566,0.0937489659404992,0.00140244658566964,25,0.145246345420669,0.143869351675552,0.0121436270808805,25,0.0592593515756664,0.059381770390698,0.000511343895079446,25,0.0443740918382694,0.043185544381355,0.00856875512389422,25,0.0107978908129057,0.01087307643236,0.00171804784779972,25,0.0229036545794599,0.0222477084403874,0.00443785576566026,25,0.373787637061656,0.373543989333361,0.00405039460050186,25,0.11503267772852,0.114822619527891,0.00365545669295304,25,0.391097872908072,0.390727287085134,0.00464866803987961,25,0.0617872195477518,0.0617496803013858,0.000291514109202925,25,0.112789198004653,0.112696166599076,0.00204838049296225,25,1.05504854098444,1.0547886595608,0.00232570049251313,25,0.980717145758278,0.98073925208088,0.00116756281104168,25,9.00128000000142,8.93600000000151,0.381980313629243,25,9.00128000000142,8.93600000000151,0.381980313629243,25,0.338120000000345,0.3379999999961,0.00210792156713178,25,0.0982800000006682,0.0980000000054133,0.00560892146577693,25,8.56488000000041,8.50200000000041,0.379531544583348,25
"refined","oracle_Z","fastica_only","ifeval_min30","balanced_moderate_dense_signed_cross","Cross",400,1000,10,"3-3-3-3-3-3-3-3-3-3",0.132197853131736,0.131686211619923,0.00291508707508988,25,0.0925552539549235,0.0925786034608989,0.00196188352060925,25,0.135654226165872,0.13684005865315,0.0152878399068377,25,0.063097699042595,0.0631075664368775,0.000592823539302216,25,0.0750430615281282,0.0738174425577478,0.00985496321756086,25,0.0453520550223243,0.044941730344537,0.00963034618248685,25,0.0322938075948467,0.0321651880604367,0.0048279385824708,25,0.355846858799256,0.355407844672722,0.00347092231471361,25,0.0987727964195939,0.0993029126350222,0.00361329603822007,25,0.369311443810228,0.369067148405112,0.00410903250782116,25,0.063876091942235,0.063775607361085,0.000373717266140756,25,0.117294428280285,0.11741625097186,0.00182272766125155,25,1.04742128469223,1.04750084409458,0.00157717611351409,25,0.981032847132245,0.981115677460903,0.000998630784464769,25,5.86624000000302,6.14000000001397,0.837242611198483,25,5.86624000000302,6.14000000001397,0.837242611198483,25,0.221240000001853,0.221000000005006,0.00252124308180053,25,0.154200000001583,0.150000000008731,0.0175285481422226,25,5.49079999999958,5.76499999999942,0.839355010310764,25
"refined","oracle_Z","fastica_only","ifeval_min30","balanced_moderate_dense_signed_cross","Cross",400,1000,5,"2-2-2-2-2",0.0942634755010218,0.0935256473747409,0.00227923842622315,25,0.0996360636097779,0.0991741647046566,0.00231903727688153,25,0.147904363796894,0.146026095641508,0.0165928595940371,25,0.0437673493896597,0.0437475513662305,0.000512511692245684,25,0.0500831986212535,0.0519392872329931,0.0120971570125346,25,0.012639197204518,0.0125075003773104,0.0021718921208159,25,0.0258839065451543,0.0269611599451696,0.00628766326105613,25,0.269856103529542,0.269923459566244,0.0045339104037767,25,0.119136203968365,0.118347229289804,0.00518754816009128,25,0.295005437279263,0.294517547874615,0.00587296093104669,25,0.0427488371521049,0.0427772448304025,0.000364403361407112,25,0.0906464519370307,0.0901622025793488,0.00225546684660648,25,1.03322503362489,1.03359864139876,0.00182332459995664,25,0.990492227798308,0.990634968277203,0.000993218348649724,25,4.29511999999999,4.29399999999987,0.0608292144725412,25,4.29511999999999,4.29399999999987,0.0608292144725412,25,0.22359999999986,0.222999999999956,0.00294392028863682,25,0.0569200000001001,0.0540000000000873,0.015085644390085,25,4.01460000000003,4.02099999999973,0.0566642156332278,25
"refined","oracle_Z","fastica_only","ifeval_min30","balanced_moderate_dense_signed_cross","Cross",400,1000,5,"3-3-3-3-3",0.108394972762282,0.108331927668992,0.0033951854298009,25,0.099474050753517,0.0996177260262768,0.00392311121660419,25,0.12800770767274,0.127289926363829,0.0146865923555408,25,0.0470902412378657,0.0469472840911219,0.000590325593031705,25,0.0651212170885384,0.0656825510914011,0.0120878677203144,25,0.0445201557117476,0.044863869626724,0.0108135772951914,25,0.0273095895153955,0.0278844615562065,0.00506003372336477,25,0.261980700235312,0.261734150361177,0.00619050647129448,25,0.10045825303451,0.0995921357966598,0.00451433524035553,25,0.280595713790106,0.28036596529344,0.00708187463875595,25,0.0448775938363101,0.0447802635543784,0.000381569982860775,25,0.0980178795546135,0.0975825717749586,0.00223364921011204,25,1.02910746765084,1.02904591423245,0.00237948625603939,25,0.990422632628867,0.99069734338632,0.00123923692950125,25,4.53188000000024,4.47100000000137,0.284412452845194,25,4.53188000000024,4.47100000000137,0.284412452845194,25,0.221920000000537,0.221999999997934,0.00160519988360768,25,0.116159999999654,0.110999999997148,0.0178808090792055,25,4.19380000000005,4.13900000000285,0.283842679431416,25
"refined","oracle_Z","fastica_only","ifeval_min30","balanced_moderate_dense_signed_cross","Cross",400,1500,10,"2-2-2-2-2-2-2-2-2-2",0.0992450051634127,0.0994976752639605,0.00171096295829004,25,0.095084342700821,0.095193061484455,0.00121960228017104,25,0.149029248729574,0.149021502943335,0.00919601438496486,25,0.0559898337024941,0.0560936117113348,0.000446222625138658,25,0.0509243738628635,0.0513457206830572,0.0079169113672362,25,0.0136959678568149,0.0135469337021133,0.00129234460991987,25,0.026307826476042,0.0265230135232235,0.00411929261101129,25,0.369930115386441,0.370588682545385,0.00502512119949864,25,0.123708291706005,0.123117484625031,0.00476014691433559,25,0.390080507488229,0.39050465637572,0.00605734681471504,25,0.0588013375985239,0.058742684260549,0.00029220880405372,25,0.0967825072834364,0.096915366635041,0.00169998529602822,25,1.05695519557369,1.05700045724264,0.00243289256825064,25,0.982983663365601,0.982868438329152,0.000795533014281645,25,10.6919199999989,10.6810000000041,0.0984077063374877,25,10.6919199999989,10.6810000000041,0.0984077063374877,25,0.442879999999423,0.442999999999302,0.00083266640015998,25,0.111759999999485,0.110000000000582,0.0158384553108422,25,10.13728,10.1260000000038,0.0982855194483795,25
"refined","oracle_Z","fastica_only","ifeval_min30","balanced_moderate_dense_signed_cross","Cross",400,1500,10,"3-3-3-3-3-3-3-3-3-3",0.114352172185975,0.115098394295066,0.00391129505792103,25,0.0940160289823711,0.0935001431258847,0.0020361073169984,25,0.141886026171059,0.135291798242837,0.0166073746134174,25,0.0594245269639297,0.0593695417614559,0.000395535898733864,25,0.0689328003508769,0.0699653869901192,0.0084799393751414,25,0.0476884542868267,0.0490451716237993,0.00730840434645108,25,0.0284761427867115,0.029193455170917,0.00399503536792136,25,0.33951281009611,0.341260242318077,0.00448549131429102,25,0.102565373693514,0.102649382009665,0.00394623954513604,25,0.354678321505868,0.356507018532372,0.0052198634391343,25,0.0607884359509293,0.0608140323091907,0.000303107513212817,25,0.0995666597678602,0.0995890301392369,0.00190110549720778,25,1.04425029617818,1.04430476994798,0.00189283162053409,25,0.982826051429936,0.98284477891181,0.000819848294870716,25,6.99280000000144,7.1759999999922,1.19350823904295,25,6.99280000000144,7.1759999999922,1.19350823904295,25,0.287639999999665,0.288000000000466,0.0031342197334743,25,0.157639999999665,0.157999999995809,0.00727369690526391,25,6.54752000000211,6.72599999999511,1.19491422704611,25
"refined","oracle_Z","fastica_only","ifeval_min30","balanced_moderate_dense_signed_cross","Cross",400,1500,5,"2-2-2-2-2",0.0804251673151901,0.0806109116921976,0.00160718688324586,25,0.101799986925241,0.101906386354874,0.00233727776631143,25,0.14364469406104,0.145688589649505,0.0156038404185516,25,0.0418664316321854,0.0418412162410552,0.000403768948738865,25,0.0432251320531689,0.045029309690475,0.0134552450095436,25,0.0151848636970535,0.0149294979274601,0.00248517170059838,25,0.0221740556092551,0.0232366457600221,0.007150885690857,25,0.267146631868995,0.267416371457281,0.00523640850761321,25,0.125312023845726,0.124725964844709,0.0062361772907093,25,0.295103275737952,0.294291367355259,0.00708139978509339,25,0.0411351934202791,0.0410995527982,0.000351297133885423,25,0.0772139902070006,0.0772841425978461,0.00193854549910105,25,1.03361568899083,1.03329560743114,0.00217072768661879,25,0.990819129081594,0.990514416071831,0.0010954356980225,25,4.99144000000015,4.97900000000118,0.0870354716959314,25,4.99144000000015,4.97900000000118,0.0870354716959314,25,0.290200000000259,0.289000000000669,0.00402077936081711,25,0.0644799999998213,0.0629999999982829,0.0119167948711088,25,4.63676000000007,4.62299999999959,0.0793716364116542,25
"refined","oracle_Z","fastica_only","ifeval_min30","balanced_moderate_dense_signed_cross","Cross",400,1500,5,"3-3-3-3-3",0.0934269551387615,0.0931485356947277,0.00546362532900514,25,0.0995459417249291,0.0984815596434552,0.00345545334794525,25,0.137491634179141,0.129223807305881,0.0249001173841039,25,0.0448826359394227,0.0447871873907178,0.000554569835607062,25,0.0686824735648645,0.0646664013481485,0.0146135652840098,25,0.0458743228033843,0.044509961966536,0.00934703844910006,25,0.0279533427776306,0.027776434665924,0.00697047013957747,25,0.253232009153933,0.253868402499052,0.00530400112327656,25,0.102955732204962,0.103424962047921,0.00446084497134412,25,0.273378077714934,0.274708434923887,0.00619729292615456,25,0.0431142338948296,0.0432292492680873,0.000317904756016264,25,0.0844162233288147,0.0844651824927359,0.00248981640999401,25,1.02755684965942,1.02734543700173,0.00172074286217926,25,0.990777906071384,0.99052702770292,0.00107939007086992,25,5.37175999999992,5.25,0.355300727084719,25,5.37175999999992,5.25,0.355300727084719,25,0.289719999999797,0.290000000000873,0.00164620776310201,25,0.120880000000179,0.118000000002212,0.0113222494818044,25,4.96115999999995,4.83499999999913,0.355330559713974,25
"refined","oracle_Z","fastica_only","ifeval_min30","balanced_moderate_dense_signed_cross","Cross",400,2000,10,"2-2-2-2-2-2-2-2-2-2",0.0896895456595554,0.089589739379483,0.00129617167885647,25,0.0950381745952996,0.0951019833843794,0.00126068231385596,25,0.148632574053904,0.146059434340079,0.0132774290869499,25,0.0540726075855027,0.0540497704529914,0.000333161959463088,25,0.0489292309941905,0.0471252076307253,0.00842578285772618,25,0.0146647898265314,0.0146381022969515,0.00158533417677996,25,0.0252503301158813,0.0243658247758139,0.00442208074828694,25,0.363413340438399,0.363457530622264,0.0054659582268603,25,0.126660161168092,0.126537051417723,0.00585956437434186,25,0.384877276122635,0.385757060085291,0.00670645727223009,25,0.0570227534750697,0.057052478371128,0.000264212083739319,25,0.0866384572659507,0.0867635643143384,0.00132882284441651,25,1.05578224283527,1.05594632691264,0.00230583900451669,25,0.983671019789892,0.983550355656135,0.0008716919077792,25,12.285560000001,12.2739999999976,0.135324634368594,25,12.285560000001,12.2739999999976,0.135324634368594,25,0.547720000000263,0.547999999995227,0.000936304793351898,25,0.122920000000158,0.122999999999593,0.00754939291143246,25,11.6149200000006,11.5939999999973,0.134206284005993,25
"refined","oracle_Z","fastica_only","ifeval_min30","balanced_moderate_dense_signed_cross","Cross",400,2000,10,"3-3-3-3-3-3-3-3-3-3",0.114004856082641,0.104434915402341,0.033957357566608,25,0.098189973404563,0.0934300413025389,0.0159882613799245,25,0.134556948314273,0.131994542223396,0.00987487630114677,25,0.0576733258644552,0.05761263692619,0.0005791043531135,25,0.0779947585104779,0.0705678908875092,0.0259873354117657,25,0.0593102216257098,0.0500374183227955,0.029364825428462,25,0.0296505129347711,0.0300618372305362,0.00503823457074886,25,0.332376404775067,0.331274222719038,0.00384123015994543,25,0.103841666130717,0.104030524061958,0.00350837716915545,25,0.348229357630649,0.347838900552256,0.00450251888649534,25,0.0591850549719034,0.0591789658181724,0.000270637118906268,25,0.0906984076587249,0.0907607671265127,0.001327174588889,25,1.043010228525,1.04277478304154,0.00151569948386731,25,0.983757676443606,0.983594039461409,0.000905794832759573,25,8.61795999999624,8.25999999999476,2.52067513244786,25,8.61795999999624,8.25999999999476,2.52067513244786,25,0.353239999998477,0.350999999995111,0.00529370695628801,25,0.172959999998566,0.165999999997439,0.0224099680200499,25,8.09175999999919,7.65600000000268,2.51665227832653,25
"refined","oracle_Z","fastica_only","ifeval_min30","balanced_moderate_dense_signed_cross","Cross",400,2000,5,"2-2-2-2-2",0.0725101099232521,0.0720446255033722,0.00161039513693473,25,0.102488087646511,0.102401593495434,0.00200846843281094,25,0.147624852352592,0.140142338380168,0.0236099950844251,25,0.0408105015406209,0.040784773569198,0.000429339859801444,25,0.0494909880200834,0.0456109533775204,0.0211059230366738,25,0.0166558932105409,0.0166027752896012,0.00273274351139812,25,0.0253709135250589,0.0235318662064062,0.0111470444975575,25,0.264724401331166,0.263806937776448,0.00613992166387148,25,0.126862567204886,0.127147781684889,0.00521157246185584,25,0.293568296226644,0.292119567765878,0.00743302239761958,25,0.0402585122654861,0.0402220849025039,0.000285507470632826,25,0.0696912259847318,0.069999871040639,0.00183226893625898,25,1.03371549743193,1.03317316631718,0.00213031038596877,25,0.991332963776435,0.991239334905952,0.000742670815348128,25,5.73679999999993,5.7400000000016,0.0884967042700579,25,5.73679999999993,5.7400000000016,0.0884967042700579,25,0.356279999999897,0.358000000000175,0.00366878726573204,25,0.0683200000000215,0.0679999999993015,0.0053752519321055,25,5.31220000000001,5.32200000000012,0.0866280362622852,25
"refined","oracle_Z","fastica_only","ifeval_min30","balanced_moderate_dense_signed_cross","Cross",400,2000,5,"3-3-3-3-3",0.085014917448402,0.083731994220892,0.00654290601239849,25,0.100073962548225,0.100120503277316,0.00381148115418301,25,0.134498069608196,0.13008799864986,0.0200647046462624,25,0.043685288174678,0.04367422511401,0.00049750596484342,25,0.0721645231366621,0.0711130336435913,0.0117351352494735,25,0.0509500799513989,0.0500723991234078,0.00852912969118569,25,0.0293345781621156,0.0310205998823772,0.00635522222204255,25,0.246248481522504,0.246310441505858,0.00465039292699246,25,0.101883809512771,0.10261180951703,0.00473222422493242,25,0.266510290524675,0.26731495636701,0.00587629718813006,25,0.0421195520408921,0.042107383497214,0.000270415629834921,25,0.0766563908709583,0.0773468719859061,0.0019022575380762,25,1.02625104778869,1.0258892966982,0.00174488189771159,25,0.991264060271144,0.991075618943469,0.000743621997230462,25,6.40351999999984,6.14999999999782,0.796171051554336,25,6.40351999999984,6.14999999999782,0.796171051554336,25,0.360600000000268,0.359000000000378,0.00490747728777724,25,0.131760000000213,0.129000000000815,0.0146807129706491,25,5.91115999999936,5.66100000000006,0.793414597378261,25
"refined","oracle_Z","fastica_only","ifeval_min30","balanced_moderate_dense_signed_cross","Cross",400,500,10,"2-2-2-2-2-2-2-2-2-2",0.143075579118957,0.143355081180223,0.00164164810330469,25,0.0904246303091781,0.0898892874613356,0.00203489096271907,25,0.146043226714236,0.143454805340673,0.0111180981905047,25,0.0664575253404255,0.066515067384782,0.000649839523236793,25,0.0452167582476361,0.0430333593971896,0.00980418575329099,25,0.0110057833091801,0.0108984272164572,0.00107282350157268,25,0.0231514585223003,0.0220499280316894,0.00503501229855861,25,0.415501811658297,0.416475214198968,0.00504215229320149,25,0.106834512891819,0.105925784403697,0.00395896198368866,25,0.429034455747161,0.429808518843734,0.00502672342371329,25,0.0702436015144573,0.0703370237988816,0.000634485264825927,25,0.152722208801097,0.152802553494732,0.00206153711202579,25,1.06461493644296,1.06448325058451,0.00240122645890467,25,0.975741260307204,0.975627850540419,0.00143313235629352,25,7.20087999999814,7.11099999999715,0.251107101982489,25,7.20087999999814,7.11099999999715,0.251107101982489,25,0.180679999999993,0.180000000000291,0.00162583311889054,25,0.0885199999983888,0.0869999999995343,0.00865120415464733,25,6.93167999999976,6.84399999999732,0.247652094681572,25
"refined","oracle_Z","fastica_only","ifeval_min30","balanced_moderate_dense_signed_cross","Cross",400,500,10,"3-3-3-3-3-3-3-3-3-3",0.178108858065923,0.168276612985901,0.036126361345744,25,0.0946928029923197,0.0892545349189223,0.0182423563940912,25,0.134335775235595,0.132902649563491,0.0152577273763054,25,0.072637941334288,0.0724934059561099,0.000863334715022433,25,0.0712601926348566,0.0690105217198966,0.0177638978453143,25,0.0440276433833585,0.0374036805353953,0.0269118009704737,25,0.0365976647382387,0.033708734320694,0.0119041220578413,25,0.412377153668363,0.413135232291916,0.00674595741105677,25,0.0974865644494804,0.0965787463734072,0.00342891058047639,25,0.42376054360173,0.424295428835461,0.00649707919501475,25,0.0718270363595019,0.0717912126595871,0.000683620134723602,25,0.15597580334983,0.157187377438177,0.00261270033497946,25,1.06327129891985,1.06353773099058,0.00284881790573724,25,0.976597687332767,0.976283758553027,0.00147922133596697,25,5.22083999999682,5.08399999998801,1.06299391186945,25,5.22083999999682,5.08399999998801,1.06299391186945,25,0.11907999999763,0.119000000006054,0.000909212113424321,25,0.140759999999427,0.139999999999418,0.00559225655044492,25,4.96099999999977,4.82499999999709,1.05993561125256,25
"refined","oracle_Z","fastica_only","ifeval_min30","balanced_moderate_dense_signed_cross","Cross",400,500,5,"2-2-2-2-2",0.121562151478711,0.122066897641556,0.00247626084624773,25,0.0976481087716577,0.0979067038907775,0.00245891033816812,25,0.148957448616717,0.142339053912633,0.0202855935108627,25,0.0486247188720432,0.0485950973729738,0.00065163854505858,25,0.046428668611479,0.0470520338059966,0.013320063207338,25,0.00994998177900448,0.0100887797919922,0.0019471221741311,25,0.0239647474554199,0.0243456686891277,0.00687294430137598,25,0.297156338511517,0.297124436168234,0.00501395973276135,25,0.11096515307836,0.110482269407159,0.00535344295091622,25,0.317222987490275,0.317048298512973,0.00615579849489077,25,0.047694214892247,0.0476916933343212,0.000572278642641266,25,0.122139853945229,0.122305506263709,0.00236658621822593,25,1.03673210865712,1.03758296749481,0.002020386043988,25,0.987443999414839,0.987484908755546,0.0012701561576553,25,3.5269999999999,3.52600000000075,0.0949675383133387,25,3.5269999999999,3.52600000000075,0.0949675383133387,25,0.120400000000009,0.119999999999891,0.00138443731045635,25,0.0467599999999584,0.043999999999869,0.010568348972401,25,3.35983999999993,3.36799999999948,0.0938281585309912,25
"refined","oracle_Z","fastica_only","ifeval_min30","balanced_moderate_dense_signed_cross","Cross",400,500,5,"3-3-3-3-3",0.138934771651412,0.139320493747025,0.00393319271747241,25,0.0972166291320563,0.0960549053665121,0.00377786605848396,25,0.13127295173672,0.12593344632301,0.0183376081455862,25,0.0530577337829201,0.052979402253193,0.000574082514612756,25,0.06819764139317,0.0663446187451723,0.0206447531347175,25,0.0391146928022149,0.0392986946245004,0.0136018697251368,25,0.0303191898775367,0.0306691123093438,0.00639295887489038,25,0.294069800319228,0.294751271090079,0.00537936392588459,25,0.0957555809731334,0.0953355883129375,0.00410586706573901,25,0.30928099623578,0.308842877566228,0.00607316392694649,25,0.0498540240893266,0.0499339950193724,0.000391706241716792,25,0.128374525154897,0.128437035943672,0.0035308237438121,25,1.0339110316878,1.03342273571739,0.00262983238705286,25,0.987075833664573,0.987039779679659,0.00195145122806224,25,3.8168799999998,3.75699999999779,0.235916885081941,25,3.8168799999998,3.75699999999779,0.235916885081941,25,0.118999999999651,0.118999999998778,0.000816496580908418,25,0.10948000000004,0.108000000000175,0.0101698901993185,25,3.58840000000011,3.52400000000125,0.235654938416677,25
"refined","oracle_Z","mixture_fastica_start","ifeval_min30","balanced_moderate_dense_signed_cross","Cross",100,1000,10,"2-2-2-2-2-2-2-2-2-2",0.136291839806657,0.136362772882733,0.00617510742450829,25,0.170820422863561,0.171021720762542,0.00192915176418849,25,0.27586086693373,0.266251406866577,0.0326436032835752,25,0.095889935002065,0.0958758884075102,0.00111259284204584,25,0.0983387562844998,0.0984767992038415,0.0205054171499453,25,0.0629762493025833,0.0624067954852608,0.00420349782661075,25,0.0495496265836642,0.0499627568383405,0.0114159852640633,25,0.730633134326008,0.728302930296749,0.0209821384318104,25,0.216451435944349,0.218383695520778,0.00840644105943583,25,0.762035978375825,0.760898809095317,0.0220711540462484,25,0.111642428722671,0.111792905319686,0.00110152143667897,25,0.134992971781253,0.134977299373385,0.00674829573879627,25,1.20524539629547,1.20577831813131,0.0145325089617227,25,0.938235119275692,0.938143556971844,0.00255350921300915,25,5.12223999999958,4.85299999999916,0.495580154969548,25,5.12223999999958,4.85299999999916,0.495580154969548,25,0.0112000000002445,0.011000000002241,0.000408248290101475,25,0.452719999999244,0.445999999999913,0.0314464094406041,25,4.65832000000009,4.39800000000105,0.490264360659859,25
"refined","oracle_Z","mixture_fastica_start","ifeval_min30","balanced_moderate_dense_signed_cross","Cross",100,1000,10,"3-3-3-3-3-3-3-3-3-3",0.163064799044859,0.164250663662247,0.00690179197412446,25,0.170752325571928,0.170568792320066,0.00334850970186558,25,0.258201502039562,0.260448523525223,0.0166287310771085,25,0.101818249739867,0.101991164375659,0.00141307099949737,25,0.336939613036774,0.342073435215241,0.0284418413495649,25,0.276011024969796,0.276677091358528,0.0129492852483599,25,0.153147661829871,0.15733239033133,0.0250147739704989,25,0.791868092398129,0.796636593240753,0.0258162199674859,25,0.241796344404639,0.240934566680132,0.0101612409710246,25,0.827984475892296,0.831583147768896,0.0270261161749372,25,0.117337690630712,0.117288569361066,0.000977989452254384,25,0.145211045568691,0.145102583757395,0.00408584008073079,25,1.24813923395092,1.25003807387313,0.0171424347768522,25,0.938981508190446,0.938790560577362,0.00263345733413176,25,8.01856000000029,8.17899999998917,2.04086356476855,25,8.01856000000029,8.17899999998917,2.04086356476855,25,0.0110800000000745,0.010999999998603,0.000276887460620815,25,2.1360400000005,2.25899999999092,0.849683935352696,25,5.87143999999971,5.96300000000338,1.91952874164464,25
"refined","oracle_Z","mixture_fastica_start","ifeval_min30","balanced_moderate_dense_signed_cross","Cross",100,1000,5,"2-2-2-2-2",0.112270305621328,0.111369606470869,0.00630825909389021,25,0.177799403894976,0.17727091363195,0.00347990902588843,25,0.274379331325886,0.269635147514329,0.0411270219265266,25,0.0744509006387255,0.0746632766885694,0.00100692762300332,25,0.0943830811535202,0.0887647588364997,0.0234239768424687,25,0.065331442586315,0.0642059960718303,0.00512236163834567,25,0.0472600334291104,0.0449418243470315,0.0132201549383012,25,0.469831082754465,0.469887436960456,0.014135998368833,25,0.196285173961517,0.196926492756193,0.00712395875169583,25,0.509203435797818,0.507892933102177,0.0151908332997186,25,0.0775588951736822,0.0776173482276625,0.000866102734672758,25,0.101791802334717,0.101890310073588,0.00522756868412735,25,1.09164124793847,1.09276309609495,0.00647327188760067,25,0.966921875728539,0.967253821492648,0.0024501674459429,25,3.65399999999999,3.66699999999992,0.0457930125673844,25,3.65399999999999,3.66699999999992,0.0457930125673844,25,0.0110399999999845,0.0109999999999673,0.000200000000015166,25,0.217440000000006,0.216000000000008,0.0117795019702303,25,3.42552,3.43499999999995,0.043029176148258,25
"refined","oracle_Z","mixture_fastica_start","ifeval_min30","balanced_moderate_dense_signed_cross","Cross",100,1000,5,"3-3-3-3-3",0.129210307575483,0.127640346303733,0.0128330033283514,25,0.180933142129551,0.180468804489388,0.00460421414168118,25,0.250705034933435,0.240962880230014,0.0348283959427041,25,0.0793950564058417,0.0792612952433462,0.00126313781288561,25,0.308437215338975,0.306427249432008,0.0258296408201016,25,0.269085049448159,0.272164301520179,0.012670008761238,25,0.13732302827475,0.13076122753899,0.0343751081225912,25,0.493015197295838,0.494093523332423,0.0124549416297447,25,0.195644354509018,0.195245694527434,0.00731970119566081,25,0.530440132085411,0.53237662568462,0.0134752837727817,25,0.0827194504355938,0.0827230790286382,0.00077411343543112,25,0.113197584573343,0.112941008660348,0.00714384750234428,25,1.10123038137143,1.10076671224343,0.00652476582250248,25,0.96676614034703,0.96670716958512,0.0018773791482385,25,4.11211999999978,4.08399999999892,0.88201281736703,25,4.11211999999978,4.08399999999892,0.88201281736703,25,0.0114399999999296,0.011000000000422,0.00266270539098454,25,0.678759999999602,0.475000000000364,0.396104918760887,25,3.42192000000025,3.5630000000001,0.68974439226885,25
"refined","oracle_Z","mixture_fastica_start","ifeval_min30","balanced_moderate_dense_signed_cross","Cross",100,1500,10,"2-2-2-2-2-2-2-2-2-2",0.127754181613482,0.127478544208386,0.00716108718553017,25,0.17177042281472,0.171766612865372,0.00259811931445257,25,0.263009042284458,0.260163961358598,0.0355262577991988,25,0.093635821823756,0.0936864756568525,0.000829132322845529,25,0.0978160834850814,0.10349920701737,0.022586252922229,25,0.0676573485564814,0.0673880726861138,0.00457089304598386,25,0.0489645966942549,0.0529981066838286,0.0126550672265351,25,0.692752862298873,0.684684917473847,0.0250912927255322,25,0.208816585399054,0.205898239265521,0.00920727305878452,25,0.723553150471753,0.71522237237813,0.0263688969500321,25,0.108189223624205,0.107947424587048,0.00112284952764711,25,0.118572959846081,0.117785461492275,0.00469831597076129,25,1.18347086948309,1.18050497796954,0.0158687601219554,25,0.940123081449255,0.939963674915339,0.00157161712828616,25,5.40143999999855,5.33699999999953,0.348801648503631,25,5.40143999999855,5.33699999999953,0.348801648503631,25,0.0160399999993388,0.0159999999959837,0.000454606056685485,25,0.449639999999781,0.450999999993655,0.0205869699883307,25,4.93575999999943,4.87800000000425,0.345791155660941,25
"refined","oracle_Z","mixture_fastica_start","ifeval_min30","balanced_moderate_dense_signed_cross","Cross",100,1500,10,"3-3-3-3-3-3-3-3-3-3",0.164191879075351,0.154009953323423,0.0433172795559668,25,0.174372337543761,0.172189432857463,0.0103506963060415,25,0.27153207519716,0.268273824098912,0.0379925369407237,25,0.0999914265090262,0.0999963941529833,0.00111305153205959,25,0.361025265518101,0.337510692676793,0.0826290120375722,25,0.281325287507869,0.280712455987019,0.0130119044404948,25,0.150097292582174,0.150590413190354,0.0262569965770682,25,0.748190649734033,0.747573544067268,0.0204895360730482,25,0.229188049192569,0.228282498474416,0.00658749014993078,25,0.782520079579006,0.781235790255468,0.021001556692341,25,0.114550925294596,0.1145129347672,0.000929065881465074,25,0.127147677812544,0.127602730867586,0.00635052692249713,25,1.21997900286595,1.21837081117563,0.0137327791172033,25,0.940120739604502,0.940768985329916,0.00201127750118928,25,7.42027999999933,7.35599999998522,1.42128253466308,25,7.42027999999933,7.35599999998522,1.42128253466308,25,0.0157600000005914,0.0160000000032596,0.000522812905885414,25,2.15528000000049,1.99300000000221,0.917243448238026,25,5.24923999999824,5.40200000000186,0.803601439355323,25
"refined","oracle_Z","mixture_fastica_start","ifeval_min30","balanced_moderate_dense_signed_cross","Cross",100,1500,5,"2-2-2-2-2",0.10187565451594,0.100948361322224,0.00778461332582317,25,0.180815429965606,0.180858802738193,0.00316727653382323,25,0.263336806516916,0.261409772069271,0.0339061713952604,25,0.0735363973858619,0.0735672272093989,0.000950583689117036,25,0.0989902071475103,0.10041432144441,0.0255321516685595,25,0.0645307331532632,0.0655350097943061,0.00549026953916762,25,0.0498500011008925,0.0511494039998211,0.0138730250216057,25,0.452905628226464,0.450738313808217,0.012857232984536,25,0.196344004053968,0.196373459793889,0.00630933968522239,25,0.493650311426539,0.493179158216034,0.013721849768426,25,0.0761894152642094,0.0761769012127644,0.000817290401892368,25,0.0896811851075491,0.090207568976413,0.00452585349848633,25,1.0854235580728,1.08395806131569,0.00693296988409309,25,0.967911214430536,0.967852293736669,0.00224729346405376,25,4.27519999999999,4.24199999999996,0.121215716802683,25,4.27519999999999,4.24199999999996,0.121215716802683,25,0.015719999999983,0.015999999999849,0.000541602560329842,25,0.237919999999995,0.232999999999947,0.0163679565004192,25,4.02156000000001,3.99500000000012,0.112288720122133,25
"refined","oracle_Z","mixture_fastica_start","ifeval_min30","balanced_moderate_dense_signed_cross","Cross",100,1500,5,"3-3-3-3-3",0.119072091071435,0.113706965241065,0.0133101663744571,25,0.183228251694692,0.181368211080949,0.00561365335078709,25,0.246750505646533,0.243721311036759,0.0298125547466069,25,0.0783470117775662,0.0781335042819988,0.00120932223468582,25,0.303703660697919,0.302753135474832,0.028933406677054,25,0.272649066987915,0.272164417172515,0.0130143377557246,25,0.149639158970928,0.171118799610952,0.0352358904628061,25,0.473450466745948,0.473108170565005,0.01727428746297,25,0.194116520429951,0.192341803659253,0.0081607647213792,25,0.511712620625848,0.510122984918295,0.0187405804861116,25,0.0809891435681298,0.0810131182571078,0.000810819702661732,25,0.0963444857984255,0.0948351685863284,0.0062541907401174,25,1.09376811394513,1.09319181802535,0.0080278883657452,25,0.967858116612233,0.96800747553614,0.00203371865417848,25,4.82072,4.29199999999946,1.51080669732006,25,4.82072,4.29199999999946,1.51080669732006,25,0.0157599999998638,0.0159999999996217,0.000435889894609792,25,0.78560000000005,0.688000000000102,0.364948854864129,25,4.01936000000009,3.18599999999969,1.42698402467136,25
"refined","oracle_Z","mixture_fastica_start","ifeval_min30","balanced_moderate_dense_signed_cross","Cross",100,2000,10,"2-2-2-2-2-2-2-2-2-2",0.123811011766189,0.12364227760453,0.0069008117435896,25,0.171648055916363,0.171709136745274,0.00235614539095841,25,0.26053113571908,0.255329230611315,0.0242735217276838,25,0.0928693701772164,0.0927203489737806,0.000729326840350049,25,0.0937427791185237,0.0942674714667259,0.019373071606058,25,0.0705382641928829,0.0709143738776221,0.00332166325122428,25,0.0464625212001222,0.0469785070466169,0.0111648667304075,25,0.675101441617915,0.676533950091884,0.0190971617596627,25,0.206244290737961,0.206664677267766,0.00540872997242324,25,0.705913007744794,0.70721405377596,0.0194638324472197,25,0.106923556829504,0.107012079275146,0.00110763072969116,25,0.110656661669867,0.111623237515188,0.00485841071473747,25,1.1738283327432,1.17302442985708,0.0116037846921084,25,0.941228680663329,0.941343625777153,0.00155862558502764,25,5.80463999999949,5.6929999999993,0.467959745418686,25,5.80463999999949,5.6929999999993,0.467959745418686,25,0.0205999999988126,0.0209999999933643,0.000577350269097209,25,0.455199999999895,0.445999999996275,0.0293513202422971,25,5.32884000000078,5.19999999999709,0.460837975865991,25
"refined","oracle_Z","mixture_fastica_start","ifeval_min30","balanced_moderate_dense_signed_cross","Cross",100,2000,10,"3-3-3-3-3-3-3-3-3-3",0.149084667177417,0.147315251529709,0.0123637559050811,25,0.173521790835181,0.173860980371679,0.00328731623953901,25,0.268691783079756,0.274297147597483,0.025363497648208,25,0.0989934323901506,0.0989909841550238,0.00128215786484988,25,0.329947896834775,0.326198551638167,0.0258327877751759,25,0.283822984679947,0.285269932875324,0.0140938933843821,25,0.154946798723989,0.156615813039967,0.0200442487909764,25,0.727830200978402,0.727983399930861,0.0167744918797643,25,0.226827083911731,0.227137685983202,0.00730522983479181,25,0.762367351716682,0.761361394564226,0.0178158535143456,25,0.113423062124458,0.113596267811647,0.000759451813948921,25,0.117578216644534,0.117905142436345,0.0073559344247366,25,1.2080844291291,1.20772097101144,0.0110488870631955,25,0.940884544943493,0.940566682536772,0.0013408495158207,25,8.322080000001,8.0619999999908,1.44398323282174,25,8.322080000001,8.0619999999908,1.44398323282174,25,0.0206800000026124,0.0209999999933643,0.000556776437071613,25,2.50128000000026,2.82100000001083,0.961356529424344,25,5.80011999999813,5.18399999999383,1.22025903397591,25
"refined","oracle_Z","mixture_fastica_start","ifeval_min30","balanced_moderate_dense_signed_cross","Cross",100,2000,5,"2-2-2-2-2",0.100909943953786,0.0983881875391328,0.0111786077244568,25,0.182142097176238,0.182453855605671,0.00373314644754368,25,0.267236724781502,0.265566061334952,0.0301409395834898,25,0.0730551418578352,0.0728814808700269,0.000934931949533939,25,0.0993037070501956,0.0941955096663935,0.0267674078150432,25,0.06841832674544,0.069910552033324,0.00633408433625008,25,0.0495508882596529,0.0474244096063067,0.0157624139934639,25,0.446503714712485,0.446255264832729,0.0115130656696508,25,0.194235214594827,0.192855436214645,0.00681004326167628,25,0.486939408592781,0.486010506509997,0.012693029402038,25,0.0753703767623475,0.0754114683580281,0.000425925605934574,25,0.0821988202063303,0.0813670709491905,0.00543384837195176,25,1.08313655886201,1.08437956998834,0.00518655045513337,25,0.968571574259923,0.968650764849346,0.00161139684450106,25,4.78756000000001,4.82900000000018,0.247027508589755,25,4.78756000000001,4.82900000000018,0.247027508589755,25,0.0201999999999862,0.0199999999999818,0.000408248290472774,25,0.265720000000056,0.246000000000095,0.0879486213649739,25,4.50163999999997,4.5619999999999,0.235076384749076,25
"refined","oracle_Z","mixture_fastica_start","ifeval_min30","balanced_moderate_dense_signed_cross","Cross",100,2000,5,"3-3-3-3-3",0.114875328026201,0.113618995277881,0.0108840779470646,25,0.185978381123765,0.184966023777852,0.00667074360180319,25,0.252166748714957,0.245900377461007,0.0347874369948055,25,0.0778906660710422,0.0777837223652392,0.00117019524707716,25,0.303086350112216,0.305363764171463,0.0409316484622464,25,0.266708582071883,0.266550481057859,0.00933046390652907,25,0.146807683808952,0.156767589253202,0.035536853739154,25,0.462895524876611,0.464977721079788,0.0110307371029252,25,0.191445911656813,0.191719296411093,0.00634790490461084,25,0.500939680725181,0.502291559135607,0.0120214414025429,25,0.0803320508040958,0.0806312209340233,0.000858208479992697,25,0.089837753273104,0.0890101303876053,0.00498346518343329,25,1.08939703074316,1.08971740047142,0.00577547805583582,25,0.968596872394498,0.968419231433043,0.0021456002576486,25,5.05732000000055,4.3650000000016,1.67603827820166,25,5.05732000000055,4.3650000000016,1.67603827820166,25,0.0204000000001542,0.0200000000004366,0.000500000000405028,25,0.787760000000344,0.705000000001746,0.435290159931477,25,4.24916000000005,3.54299999999785,1.65142331742389,25
"refined","oracle_Z","mixture_fastica_start","ifeval_min30","balanced_moderate_dense_signed_cross","Cross",100,500,10,"2-2-2-2-2-2-2-2-2-2",0.156362539910715,0.15610325086297,0.00410831536167448,25,0.166030256616347,0.166008152250445,0.00244540553018979,25,0.271142472477202,0.26802344527693,0.0326156861334373,25,0.0994044248453409,0.0992385699475282,0.00134490445325755,25,0.0952986709498669,0.0931670803708213,0.0233168672111915,25,0.0541536991207484,0.053501139920901,0.00329862663941984,25,0.0484653678641604,0.0475400710747266,0.0122717303693433,25,0.854420550689656,0.854914031162503,0.0393628340398076,25,0.244549640742141,0.242902461724103,0.016819520874257,25,0.888771290409641,0.89074835843117,0.0418782137840008,25,0.11915084276594,0.11935228644037,0.00171741844426643,25,0.175516258314862,0.171817533955644,0.00801471177634573,25,1.28435205455881,1.28530869012648,0.0280630869203857,25,0.93397555669652,0.93414574717499,0.00253686344532406,25,4.29900000000023,4.16600000000108,0.505322256915145,25,4.29900000000023,4.16600000000108,0.505322256915145,25,0.00644000000014785,0.00600000000122236,0.000506622804779416,25,0.4538400000002,0.434000000001106,0.0597597132967679,25,3.83871999999988,3.71299999999974,0.475892890610277,25
"refined","oracle_Z","mixture_fastica_start","ifeval_min30","balanced_moderate_dense_signed_cross","Cross",100,500,10,"3-3-3-3-3-3-3-3-3-3",0.18809829069119,0.187906022192774,0.00915593805152672,25,0.166676192177348,0.166036096055761,0.00398841375591851,25,0.262187036801644,0.258088497408278,0.0259704594253042,25,0.106965131944268,0.106924703738657,0.00147625362803912,25,0.3435280869522,0.32337872481472,0.0955427922542407,25,0.257096095718678,0.257415877169269,0.00981683117356628,25,0.170387839132372,0.172314796305477,0.0220346566668463,25,0.885330288449517,0.884065278506534,0.0147583973960836,25,0.253732281581533,0.254426143732982,0.00752403232694635,25,0.921003839793171,0.920050402930218,0.0146188359809929,25,0.123577654319859,0.123783348739983,0.00092669619190779,25,0.182638440786768,0.182644023038658,0.00589525507570821,25,1.30588643228382,1.30592316478963,0.0100927058520951,25,0.934022478731268,0.93397981054711,0.00314935274098584,25,10.0730799999999,7.95900000000256,5.27702573994094,25,10.0730799999999,7.95900000000256,5.27702573994094,25,0.00711999999912223,0.00699999999778811,0.0014809906599331,25,2.03640000000043,1.81500000000233,1.00956422116919,25,8.02956000000035,6.37699999999313,4.8372000000004,25
"refined","oracle_Z","mixture_fastica_start","ifeval_min30","balanced_moderate_dense_signed_cross","Cross",100,500,5,"2-2-2-2-2",0.132835240207687,0.132489566033755,0.00452114397157896,25,0.177557170928213,0.177016345102011,0.00517083579417805,25,0.268750555865801,0.260527764929134,0.0340803919605512,25,0.0765694364730454,0.0764580578286138,0.00140083863779994,25,0.0928278982007053,0.0914834178833163,0.0267802105160883,25,0.0564127953304865,0.0561416424737729,0.00498597865534127,25,0.0467407719257775,0.0461753130572308,0.0152440818043047,25,0.525333635961724,0.530411093388952,0.0196190402721793,25,0.206110644591301,0.207225753029624,0.00835364028915614,25,0.564350303363665,0.571037828762994,0.0204701109684126,25,0.0817281547187452,0.0816323432177843,0.0012194736660369,25,0.133480151554653,0.131800211783067,0.00524576942490392,25,1.11630006322615,1.11738305811167,0.0105124819807542,25,0.964967631408917,0.965515107950592,0.00300269178821969,25,3.14200000000001,3.10900000000004,0.174938798822141,25,3.14200000000001,3.10900000000004,0.174938798822141,25,0.00644000000000176,0.00600000000002865,0.000506622805113774,25,0.212960000000003,0.209000000000003,0.0192969773107939,25,2.9226,2.899,0.1568034863558,25
"refined","oracle_Z","mixture_fastica_start","ifeval_min30","balanced_moderate_dense_signed_cross","Cross",100,500,5,"3-3-3-3-3",0.153046734723667,0.153142535032671,0.00937714403912867,25,0.178918604723119,0.178840287115658,0.00735951492659639,25,0.257587263942363,0.249343941678373,0.0337935164219406,25,0.0828657529262254,0.0827500070132346,0.00141195533744308,25,0.318709839729187,0.32097228869485,0.0325739503652345,25,0.258469198373736,0.258518283716912,0.0155639915560178,25,0.159801702489735,0.153430143895749,0.0343478046924353,25,0.538826066951769,0.534434384138134,0.0178657495883127,25,0.202170007958517,0.201998831101194,0.00889176886173933,25,0.575553276097171,0.574237686522718,0.0184556771369811,25,0.0864986156498831,0.0864851581061519,0.00141460833346008,25,0.142820293583676,0.143919927385746,0.00771189400414731,25,1.12121107528962,1.11894806006531,0.0110422989921015,25,0.964481524385647,0.96516421180578,0.00377038109697618,25,4.98939999999995,4.51699999999983,1.54529104594123,25,4.98939999999995,4.51699999999983,1.54529104594123,25,0.00636000000027707,0.00600000000122236,0.000489897948198505,25,0.728479999999909,0.555999999998676,0.366850346417616,25,4.25455999999977,3.83799999999974,1.46397743265834,25
"refined","oracle_Z","mixture_fastica_start","ifeval_min30","balanced_moderate_dense_signed_cross","Cross",200,1000,10,"2-2-2-2-2-2-2-2-2-2",0.116497880792182,0.116887623536127,0.00214421675600602,25,0.135490884475839,0.135822589480482,0.00168875211111977,25,0.202418917898243,0.200081143778308,0.0214474149850507,25,0.0702224121377041,0.0702152749831876,0.00057542685678018,25,0.0666689266292067,0.0705875995354944,0.0147200277443865,25,0.027076100715556,0.0271762584248055,0.00284932063217317,25,0.0342153764385428,0.0362594692321158,0.00772438841832553,25,0.477415870907442,0.477773387672505,0.00616699671147309,25,0.143267741923386,0.142128070862994,0.0047795579641367,25,0.498467421951155,0.498572857137149,0.00647349607435726,25,0.0812955764097527,0.0814593096097521,0.000682481194004195,25,0.118644543416647,0.119121208859651,0.00277621395488054,25,1.08607279585171,1.0855342513809,0.0031106145058977,25,0.966687027734447,0.966496633719268,0.00126167632551014,25,8.86583999999857,8.86099999998987,0.128326627528887,25,8.86583999999857,8.86099999998987,0.128326627528887,25,0.0741199999989476,0.0740000000005239,0.00101324560959474,25,0.856839999999502,0.859999999993306,0.0179040963662237,25,7.93488000000012,7.94499999999971,0.13359338805945,25
"refined","oracle_Z","mixture_fastica_start","ifeval_min30","balanced_moderate_dense_signed_cross","Cross",200,1000,10,"3-3-3-3-3-3-3-3-3-3",0.130993117418622,0.131039922861444,0.00300654578378162,25,0.131436526943805,0.130844343174009,0.00257320239174809,25,0.186786791535511,0.185393243338711,0.0180570714836286,25,0.0745714527889645,0.0745270521404382,0.000640473208661025,25,0.179888240659101,0.180276064626618,0.0356094796846609,25,0.162414173756081,0.1649988166056,0.020309962568492,25,0.072071952419932,0.069083415959876,0.0195242123441307,25,0.480853763005814,0.48121765880928,0.00722370526282596,25,0.138735663897723,0.139053635071702,0.00421802950720687,25,0.500476929351128,0.501307234635295,0.0077690467750583,25,0.0847506955229611,0.0847191697505069,0.00061386334964634,25,0.124425523214205,0.124525858059656,0.00350163968832714,25,1.08720123363732,1.08676009859591,0.00385736839002602,25,0.967066162338944,0.967075138624574,0.00153210109750799,25,9.56719999999797,9.57799999999406,2.81033275016437,25,9.56719999999797,9.57799999999406,2.81033275016437,25,0.0491199999983655,0.0489999999990687,0.000525991123316251,25,1.7029999999993,1.40899999999965,0.737721096800736,25,7.81508000000031,7.53000000001339,2.64638885905591,25
"refined","oracle_Z","mixture_fastica_start","ifeval_min30","balanced_moderate_dense_signed_cross","Cross",200,1000,5,"2-2-2-2-2",0.0974042774215321,0.0966816764049362,0.00298675043421169,25,0.142929811294744,0.14277278887751,0.00333707626130268,25,0.204769981810473,0.199021776931504,0.0287554370333544,25,0.054175808367181,0.0541262728438087,0.000699487526960181,25,0.0649066527631747,0.0692850761632427,0.0162422041753427,25,0.0291398311320509,0.0286482266877257,0.00252607268315382,25,0.03319943715614,0.035548113412007,0.00887266579977318,25,0.335260854770584,0.336082531459926,0.006882152435247,25,0.145243296672191,0.145128482625984,0.00666718620930746,25,0.365395477233186,0.365693006928846,0.00852349483100866,25,0.0564509873594525,0.056576290404047,0.000511729487035264,25,0.0937992239095577,0.0932598714623351,0.00321209283000866,25,1.04737564518091,1.04755297619953,0.00306367386162816,25,0.982136723978484,0.982105380271351,0.00169371038977401,25,4.13443999999998,4.12199999999984,0.0703598370283234,25,4.13443999999998,4.12199999999984,0.0703598370283234,25,0.0496000000000095,0.0489999999999782,0.00261406452362834,25,0.345079999999962,0.342000000000098,0.0159214739686236,25,3.73976000000001,3.74000000000024,0.0677890600810309,25
"refined","oracle_Z","mixture_fastica_start","ifeval_min30","balanced_moderate_dense_signed_cross","Cross",200,1000,5,"3-3-3-3-3",0.107992738355298,0.107921529248345,0.00345612505121173,25,0.139360113793858,0.139191456551458,0.00416426342424941,25,0.195312553962277,0.178935240869154,0.0383837306947528,25,0.0584049900327251,0.058480020687313,0.000836264044273917,25,0.159767449747969,0.163743510308247,0.0359420280350771,25,0.148250395085993,0.150068047767448,0.0251679342687955,25,0.0608862483785157,0.057955639335947,0.025094682812625,25,0.33605467024537,0.337555766011098,0.008542579840951,25,0.132253882933741,0.132302215012105,0.00467124784096651,25,0.361157803935316,0.363140873930871,0.009121630602636,25,0.0599092081280784,0.0598554287517175,0.000653030553205807,25,0.10237520278369,0.103495892240066,0.00488301163052143,25,1.04628367211038,1.04587585224498,0.00343261183294369,25,0.982642083802302,0.982559100415882,0.00116142369522782,25,5.37088000000076,4.67700000000332,1.33671538730924,25,5.37088000000076,4.67700000000332,1.33671538730924,25,0.0491200000002573,0.0489999999990687,0.000665832811992693,25,0.613439999999973,0.562999999998283,0.125302992781277,25,4.70832000000053,3.99799999999959,1.3612129003209,25
"refined","oracle_Z","mixture_fastica_start","ifeval_min30","balanced_moderate_dense_signed_cross","Cross",200,1500,10,"2-2-2-2-2-2-2-2-2-2",0.103797497564739,0.103625851798841,0.00273235572444285,25,0.137666014358882,0.13807167908289,0.00157534742783521,25,0.203004982753252,0.194168149199687,0.0317029183183147,25,0.0678342195702353,0.0679224205665417,0.00062593474520208,25,0.0704273783727489,0.0687116385376817,0.0159046302128961,25,0.03133180169293,0.0311220007980436,0.00237750618027503,25,0.0360142938265164,0.0352095054506733,0.00840279006651879,25,0.464946755867752,0.465258589973469,0.00453155341364339,25,0.147155258826455,0.146909217762157,0.00500977967158021,25,0.487692876509771,0.487901500107951,0.00555481658521289,25,0.0784236466968463,0.0785302793823697,0.000382550273355482,25,0.10347037074815,0.103884724673412,0.00246383349066706,25,1.08356648127036,1.0836653054979,0.00293496314661062,25,0.969048525702234,0.968980283435029,0.00140760294086756,25,13.3410800000001,10.1989999999932,23.1830389939148,25,13.3410800000001,10.1989999999932,23.1830389939148,25,0.0896400000006543,0.101000000002387,0.0181104941963117,25,0.833560000000289,0.863999999994121,0.135397587374678,25,12.4178799999991,9.21100000000297,23.1181821486897,25
"refined","oracle_Z","mixture_fastica_start","ifeval_min30","balanced_moderate_dense_signed_cross","Cross",200,1500,10,"3-3-3-3-3-3-3-3-3-3",0.11359306823786,0.113481725302695,0.00383971744024101,25,0.133109518023268,0.132456070535449,0.0024957085151368,25,0.197707570548209,0.196437552872119,0.0216145919706045,25,0.0718997369089737,0.0718683964612029,0.000738233503089892,25,0.167174516515411,0.167752684938651,0.0211894407951036,25,0.160500511621434,0.160932811749624,0.0177154570703768,25,0.0661239236810068,0.0682265374888806,0.0148032307024185,25,0.457942732310861,0.457502411464811,0.00601121194361826,25,0.137061903289934,0.136937361092236,0.00385249805787367,25,0.47802278628564,0.477652769224237,0.0065083724455482,25,0.0820142488310611,0.0821334253134034,0.000742855101886603,25,0.107463468799123,0.107931518012311,0.0031454757572896,25,1.07887620733036,1.07922962422996,0.0029149152102458,25,0.968695661480643,0.968663905094252,0.00143611050504046,25,11.5486399999988,11.497000000003,4.41649753651357,25,11.5486399999988,11.497000000003,4.41649753651357,25,0.0673200000001816,0.0670000000100117,0.00047609522795333,25,1.71247999999847,1.50200000000768,0.905084670073163,25,9.7688400000002,8.83699999999953,4.34390279280581,25
"refined","oracle_Z","mixture_fastica_start","ifeval_min30","balanced_moderate_dense_signed_cross","Cross",200,1500,5,"2-2-2-2-2",0.0850870101481926,0.0844534304222339,0.00343238429329476,25,0.146881811313273,0.146065045816989,0.00383004229319385,25,0.196219681157201,0.194859558046849,0.0159261659028609,25,0.053001084739689,0.0529279261347861,0.000477699379827752,25,0.0685552514515263,0.0637288246029737,0.020966124374422,25,0.0324066390976774,0.0325497110218201,0.00369241306149458,25,0.0350131903652194,0.0327794373424795,0.0113172579480929,25,0.328137783511857,0.326037749221088,0.00506262769549908,25,0.149688695082623,0.150148980492349,0.00489461548001691,25,0.360683368438921,0.358408743612804,0.00614258501598168,25,0.0550322142324545,0.0549798548877617,0.000339478794647654,25,0.0800024484549216,0.0802573553474712,0.00152247119305303,25,1.04676529341325,1.04608265531562,0.00249565974904424,25,0.983128188103468,0.983285244574473,0.00103897717247065,25,4.76823999999986,4.7450000000008,0.123175782251608,25,4.76823999999986,4.7450000000008,0.123175782251608,25,0.0677199999998993,0.0679999999993015,0.000541602560282263,25,0.363679999999913,0.34900000000016,0.0787235246501313,25,4.33684000000005,4.32799999999952,0.0820450486012873,25
"refined","oracle_Z","mixture_fastica_start","ifeval_min30","balanced_moderate_dense_signed_cross","Cross",200,1500,5,"3-3-3-3-3",0.0948703447725223,0.0942070917091166,0.00533577779477299,25,0.142856321704165,0.142822683885612,0.00573341684362554,25,0.177890254045427,0.167890826494698,0.0245473045446102,25,0.0570225742882446,0.0568648463291671,0.000826531108328595,25,0.152371882763894,0.148888347801216,0.0379732454538289,25,0.160882863490248,0.161680537453763,0.0330987503478232,25,0.0592262407671324,0.0531107330390145,0.0256068839402148,25,0.324143717525566,0.324928582445848,0.004766747527186,25,0.132194522215007,0.131200453629485,0.00476391371013323,25,0.350080846070224,0.350077419165302,0.00573209306744453,25,0.0583018928716179,0.0582099984681781,0.000466571497715954,25,0.0878252909771692,0.0879560647576786,0.00304943883099546,25,1.04325760485898,1.04391022728799,0.0019909344300402,25,0.983323254677948,0.983173835449379,0.00123544038440374,25,6.46060000000012,6.06199999999808,1.90140675991922,25,6.46060000000012,6.06199999999808,1.90140675991922,25,0.0695200000000477,0.0670000000027358,0.00729223331127254,25,0.658199999999924,0.555000000000291,0.176458210350366,25,5.73288000000015,5.49499999999898,1.86657954380016,25
"refined","oracle_Z","mixture_fastica_start","ifeval_min30","balanced_moderate_dense_signed_cross","Cross",200,2000,10,"2-2-2-2-2-2-2-2-2-2",0.0947506966755569,0.0946155119944191,0.00189422072207998,25,0.136784935303897,0.136952434322529,0.00150459505297703,25,0.198386286290739,0.193987249284701,0.0214269386593734,25,0.0663415251060447,0.0663823113973208,0.000456357717403799,25,0.069680897214402,0.0733836421027431,0.0154549590314063,25,0.0333742047166341,0.033081592836788,0.00193307269182373,25,0.0355558063274577,0.0375800398901447,0.00837130943436474,25,0.455628688004337,0.455557961900763,0.00414690936955543,25,0.148313998009729,0.148221217670104,0.00520129032582354,25,0.479179241649428,0.478999407155828,0.00502887264747545,25,0.0769285142032636,0.0769425424210155,0.000521747414849759,25,0.0937609240475146,0.0931299820949341,0.00283116946775192,25,1.08071385729468,1.08054670919781,0.00250564655865355,25,0.969919786640281,0.969961270045971,0.00110172054590404,25,12.4432400000005,12.5449999999983,0.852609537437606,25,12.4432400000005,12.5449999999983,0.852609537437606,25,0.131120000000228,0.131000000001222,0.0011298967495807,25,0.928759999999602,0.929000000003725,0.0273164785431695,25,11.3833600000007,11.5209999999934,0.839962344393049,25
"refined","oracle_Z","mixture_fastica_start","ifeval_min30","balanced_moderate_dense_signed_cross","Cross",200,2000,10,"3-3-3-3-3-3-3-3-3-3",0.105308187592815,0.104368263972282,0.00430930667807446,25,0.132481620714895,0.132617020334865,0.00250455599857519,25,0.188945208562527,0.185305877340231,0.0189646499708996,25,0.0704350843351169,0.0704396738050579,0.000519562737878633,25,0.182654761610285,0.166357491119719,0.0588305514251292,25,0.174049960579259,0.171019658260786,0.0198063795599269,25,0.068786414219651,0.0685791755925445,0.0185033547209917,25,0.446333087094823,0.446217397754384,0.00573857723401201,25,0.136211869686651,0.135382587426198,0.00439364413065083,25,0.466664428414891,0.466990845394236,0.00656341609890215,25,0.0807043362251635,0.0806974029384416,0.000467594429488628,25,0.0971434652551097,0.0973629962778711,0.00247516493706362,25,1.074849552421,1.07500438119922,0.00318676287051903,25,0.969549470647847,0.969586722165832,0.00125777166391651,25,11.2933599999989,10.5260000000126,3.37225233684215,25,11.2933599999989,10.5260000000126,3.37225233684215,25,0.0857599999988452,0.0859999999956926,0.000663324958498721,25,1.55912000000011,1.35199999999895,0.804645590723236,25,9.64847999999998,8.4829999999929,3.28347834011408,25
"refined","oracle_Z","mixture_fastica_start","ifeval_min30","balanced_moderate_dense_signed_cross","Cross",200,2000,5,"2-2-2-2-2",0.0780545765593026,0.0768906151449682,0.00434808361784864,25,0.146852308269391,0.146890364781263,0.00200775489028961,25,0.203961040208984,0.204731731225833,0.0319561610212204,25,0.052494046656906,0.052605695133725,0.000481366359530967,25,0.069263873538448,0.0733600050437734,0.0219442728820967,25,0.0342354469856539,0.0339778959573642,0.00338934683623246,25,0.0352372709901611,0.0378109846346288,0.0118372255815278,25,0.32207715662274,0.32184936166869,0.0055494230448415,25,0.146771093209021,0.146894958090161,0.00613320168459247,25,0.353964813031698,0.354576552178606,0.00721944163846447,25,0.0543190870943431,0.0543942871584395,0.000325936759614194,25,0.0728619637981633,0.0727380910537843,0.00298108795170187,25,1.04467486791416,1.04481337006443,0.00268032135791388,25,0.983316088985452,0.983378870838899,0.00108566330531876,25,5.38095999999998,5.34700000000066,0.123245851857114,25,5.38095999999998,5.34700000000066,0.123245851857114,25,0.0862399999998524,0.0860000000002401,0.000663324958027972,25,0.36275999999998,0.35700000000088,0.0156105733399028,25,4.93196000000014,4.90700000000015,0.123868707374606,25
"refined","oracle_Z","mixture_fastica_start","ifeval_min30","balanced_moderate_dense_signed_cross","Cross",200,2000,5,"3-3-3-3-3",0.0871668254733734,0.0870387476403654,0.00349443841811082,25,0.140298679421098,0.139493346088978,0.004372754189553,25,0.178742372942648,0.175136202655622,0.0179331394133484,25,0.0560154034894084,0.0559825224828267,0.000517681447425752,25,0.147799277727533,0.150377434811859,0.0429418487491344,25,0.150782235560884,0.15175715429732,0.0352819269465177,25,0.0504617626404352,0.0482343291184789,0.0231020513376271,25,0.32152926454841,0.322739535120725,0.00619076605899305,25,0.134237468111713,0.134599595504568,0.00415996434577905,25,0.348439664297244,0.349381695801941,0.00676786238055315,25,0.0575225145772212,0.0575277226157904,0.000473339502204418,25,0.0818674050245709,0.0820301184939109,0.00318778240286287,25,1.04329468219964,1.04369026237235,0.00256420434741499,25,0.983885557022566,0.983959208234624,0.00112973582370048,25,6.15852000000014,5.67900000000009,1.88542301000655,25,6.15852000000014,5.67900000000009,1.88542301000655,25,0.0859199999998964,0.0859999999993306,0.000640312423949488,25,0.708120000000054,0.684000000001106,0.200501729003695,25,5.36448000000019,5.04400000000169,1.8493212295322,25
"refined","oracle_Z","mixture_fastica_start","ifeval_min30","balanced_moderate_dense_signed_cross","Cross",200,500,10,"2-2-2-2-2-2-2-2-2-2",0.144420890162313,0.144459972380688,0.00315965110794987,25,0.1303998296859,0.12998482631097,0.00180207843017648,25,0.197504377043844,0.197389583823333,0.0187293795087054,25,0.0757599287271079,0.0757515840186381,0.00084476102371646,25,0.0687581708893254,0.0714520286126319,0.0155987594840313,25,0.0200976534992519,0.0204196370649802,0.00230967019055453,25,0.0353952502463823,0.0368900135378198,0.00805220084045539,25,0.547741259848729,0.547612106153586,0.0121009383074014,25,0.14799565863596,0.147613816630541,0.00565841744579142,25,0.567408321600526,0.566709312484654,0.0121754395160561,25,0.0893350133988007,0.0893777912468292,0.000982606066039822,25,0.160314923531568,0.1601129444499,0.00462733060756108,25,1.11446347269683,1.11441253187196,0.0066436453481098,25,0.962095344320968,0.962705867614388,0.00220869185932046,25,5.60228000000003,4.27699999999459,2.11055165616504,25,5.60228000000003,4.27699999999459,2.11055165616504,25,0.0358800000004703,0.0310000000026776,0.00740675367487883,25,0.687399999999325,0.614999999997963,0.124710331034791,25,4.87900000000023,3.65799999999581,1.98305935782849,25
"refined","oracle_Z","mixture_fastica_start","ifeval_min30","balanced_moderate_dense_signed_cross","Cross",200,500,10,"3-3-3-3-3-3-3-3-3-3",0.167606717256548,0.168270745437718,0.00293611017092651,25,0.126135443421291,0.126141113407362,0.00321805177455825,25,0.182753913334937,0.181304113523753,0.0140149315914766,25,0.082014090555008,0.0819394443610662,0.000567357533719379,25,0.167799152263477,0.162281203668546,0.02959873367605,25,0.142710226917419,0.142759799851802,0.0196457441365753,25,0.0733049709101947,0.075037516367088,0.016802236317918,25,0.561182740295456,0.560743040254313,0.00933652237704964,25,0.149828792189295,0.146971421810647,0.00617905953562531,25,0.580862823294438,0.581303995278687,0.00986644453245827,25,0.0923113194428347,0.0924649032872406,0.000667988139824662,25,0.165090894760603,0.165022428076094,0.00334003302344022,25,1.12096457739496,1.12109964709345,0.00507816078001402,25,0.961770384763508,0.962085458648192,0.00209008864165936,25,8.11143999999622,7.56199999997625,2.7636451032403,25,8.11143999999622,7.56199999997625,2.7636451032403,25,0.0305199999990873,0.0309999999881256,0.000509901951605852,25,1.3526800000004,1.26000000000931,0.518766704149114,25,6.72823999999673,6.06600000000617,2.76441525281416,25
"refined","oracle_Z","mixture_fastica_start","ifeval_min30","balanced_moderate_dense_signed_cross","Cross",200,500,5,"2-2-2-2-2",0.123136511017001,0.123963487500956,0.00378853326598745,25,0.141655153531455,0.141408131899347,0.00402091392344669,25,0.193702424967755,0.183769587686372,0.030957012526639,25,0.0576744200300191,0.0574336463908085,0.000916475664536448,25,0.0626251379343191,0.0645978539721054,0.0242436302603755,25,0.0237258860630435,0.0237932920960562,0.0033032068004052,25,0.0321800639284881,0.0333725288720672,0.0127344307773488,25,0.369585499894833,0.367810771583144,0.00692299728350466,25,0.143410842953205,0.143570137560531,0.00533812889938127,25,0.396458185445706,0.395348115511206,0.00752671445260422,25,0.0606947903357819,0.0606064035964863,0.000668833811708873,25,0.124711689036372,0.125305485250259,0.00339230417304948,25,1.05552338990802,1.05570613112125,0.00349160041861882,25,0.97915076667911,0.978608674548938,0.00214291947616548,25,3.51176000000005,3.50500000000056,0.0672026041162111,25,3.51176000000005,3.50500000000056,0.0672026041162111,25,0.0302800000000389,0.0300000000002001,0.000458257569479786,25,0.330640000000039,0.330000000000382,0.0139190516918178,25,3.15083999999997,3.14899999999989,0.0647872672675907,25
"refined","oracle_Z","mixture_fastica_start","ifeval_min30","balanced_moderate_dense_signed_cross","Cross",200,500,5,"3-3-3-3-3",0.139016664236784,0.137743845225379,0.00424272346459033,25,0.13781161117114,0.136331005485915,0.00680840085772498,25,0.186625723803525,0.181760381766498,0.0296142319496185,25,0.0625618408526928,0.0626470783344848,0.00108044607482275,25,0.144580500523203,0.154126879413431,0.0402035482786445,25,0.131038379971683,0.139741156355348,0.031486835068876,25,0.0584304103477085,0.0619690338761382,0.0208081372310405,25,0.373058602425778,0.372672064423604,0.0111296281495958,25,0.132419238041175,0.132903885592398,0.00595496003897472,25,0.395886785480482,0.397035616775657,0.0118227135805887,25,0.0641584975771859,0.064338342762086,0.000782494311150961,25,0.133957748406981,0.13341096933449,0.00532647574479285,25,1.05546110559649,1.05635622141917,0.00489978143508046,25,0.979376473955065,0.97861415950486,0.0021397295735232,25,4.53768000000171,4.16399999999703,0.676963177235489,25,4.53768000000171,4.16399999999703,0.676963177235489,25,0.0307200000005832,0.0309999999990396,0.000541602560721671,25,0.624440000000468,0.547000000002299,0.15955095319895,25,3.88252000000066,3.57099999999991,0.635606017907094,25
"refined","oracle_Z","mixture_fastica_start","ifeval_min30","balanced_moderate_dense_signed_cross","Cross",400,1000,10,"2-2-2-2-2-2-2-2-2-2",0.113775607896188,0.11411909183857,0.00171388907491124,25,0.0931867431073257,0.0935068164457033,0.00135902209672731,25,0.145176499430558,0.143857890782478,0.012111058004576,25,0.0591738846765903,0.0592658855790641,0.000499077174528674,25,0.0443842656902542,0.0430057584102711,0.00846708039093921,25,0.0110901250870499,0.0111829934394856,0.00179578027642825,25,0.0229119961666721,0.0221944424064827,0.00438820434367222,25,0.373787637061656,0.373543989333361,0.00405039460050186,25,0.11503267772852,0.114822619527891,0.00365545669295304,25,0.391097872908072,0.390727287085134,0.00464866803987961,25,0.0617872195477518,0.0617496803013858,0.000291514109202925,25,0.112789198004653,0.112696166599076,0.00204838049296225,25,1.05504854098444,1.0547886595608,0.00232570049251313,25,0.980717145758278,0.98073925208088,0.00116756281104168,25,10.0446400000012,10.0050000000047,0.429266028626222,25,10.0446400000012,10.0050000000047,0.429266028626222,25,0.338120000000345,0.3379999999961,0.00210792156713178,25,1.39736000000063,1.3949999999968,0.0415069070566914,25,8.30916000000027,8.28399999999965,0.404893162863346,25
"refined","oracle_Z","mixture_fastica_start","ifeval_min30","balanced_moderate_dense_signed_cross","Cross",400,1000,10,"3-3-3-3-3-3-3-3-3-3",0.126784481637366,0.126303256668096,0.00246869458812062,25,0.0904014999092922,0.0904113663100534,0.00192303357276548,25,0.135465710943341,0.136325404823292,0.0153958910277617,25,0.0625929825510492,0.0626258113989835,0.00057565881962438,25,0.0736812052343898,0.0738782488777244,0.00899864336643156,25,0.0449452788938444,0.0436514005632407,0.00798492000110298,25,0.0316308822343101,0.0315799431261893,0.00436341312193078,25,0.355846858799256,0.355407844672722,0.00347092231471361,25,0.0987727964195939,0.0993029126350222,0.00361329603822007,25,0.369311443810228,0.369067148405112,0.00410903250782116,25,0.063876091942235,0.063775607361085,0.000373717266140756,25,0.117294428280285,0.11741625097186,0.00182272766125155,25,1.04742128469223,1.04750084409458,0.00157717611351409,25,0.981032847132245,0.981115677460903,0.000998630784464769,25,6.68796000000497,6.25500000000466,0.915348907975306,25,6.68796000000497,6.25500000000466,0.915348907975306,25,0.221240000001853,0.221000000005006,0.00252124308180053,25,1.46240000000107,1.3179999999993,0.283596250562427,25,5.00432000000204,4.69799999998941,0.756049806559999,25
"refined","oracle_Z","mixture_fastica_start","ifeval_min30","balanced_moderate_dense_signed_cross","Cross",400,1000,5,"2-2-2-2-2",0.0943527752165657,0.0937778257600261,0.00232531708962875,25,0.0994952264146837,0.0990497851772083,0.00228925656636501,25,0.147879892051347,0.146139490494842,0.0165656792735844,25,0.0437385843318047,0.043725189294596,0.000520409738021935,25,0.0500822188916197,0.0519650240001961,0.0120836793495011,25,0.0128134046797883,0.0127476538927081,0.00220021516706869,25,0.0258812948646627,0.0269713803844946,0.0062843568477972,25,0.269856103529542,0.269923459566244,0.0045339104037767,25,0.119136203968365,0.118347229289804,0.00518754816009128,25,0.295005437279263,0.294517547874615,0.00587296093104669,25,0.0427488371521049,0.0427772448304025,0.000364403361407112,25,0.0906464519370307,0.0901622025793488,0.00225546684660648,25,1.03322503362489,1.03359864139876,0.00182332459995664,25,0.990492227798308,0.990634968277203,0.000993218348649724,25,4.83711999999974,4.8169999999991,0.0961328594532204,25,4.83711999999974,4.8169999999991,0.0961328594532204,25,0.22359999999986,0.222999999999956,0.00294392028863682,25,0.553239999999823,0.554999999999382,0.0182694645060269,25,4.06028000000006,4.05900000000111,0.0903140446813155,25
"refined","oracle_Z","mixture_fastica_start","ifeval_min30","balanced_moderate_dense_signed_cross","Cross",400,1000,5,"3-3-3-3-3",0.104047958901544,0.103434670661816,0.00290582983330968,25,0.0974916750648055,0.0964188532420934,0.00371702675445108,25,0.127866559709291,0.126760656010688,0.0147321963600706,25,0.0467308647115795,0.0466571091590123,0.000542795509967165,25,0.0640508239071946,0.0630696684327166,0.0118541007327671,25,0.0444468672751321,0.0439163848273353,0.0107875789196808,25,0.026511518690647,0.0260664345464534,0.00511083480255291,25,0.261980700235312,0.261734150361177,0.00619050647129448,25,0.10045825303451,0.0995921357966598,0.00451433524035553,25,0.280595713790106,0.28036596529344,0.00708187463875595,25,0.0448775938363101,0.0447802635543784,0.000381569982860775,25,0.0980178795546135,0.0975825717749586,0.00223364921011204,25,1.02910746765084,1.02904591423245,0.00237948625603939,25,0.990422632628867,0.99069734338632,0.00123923692950125,25,5.38716000000044,5.16600000000108,0.554889529545784,25,5.38716000000044,5.16600000000108,0.554889529545784,25,0.221920000000537,0.221999999997934,0.00160519988360768,25,0.811600000000326,0.778999999998632,0.0917224072952642,25,4.35363999999958,4.13200000000143,0.558657235401473,25
"refined","oracle_Z","mixture_fastica_start","ifeval_min30","balanced_moderate_dense_signed_cross","Cross",400,1500,10,"2-2-2-2-2-2-2-2-2-2",0.0993516134721091,0.0991994852954346,0.00192997859435408,25,0.0947866375942786,0.0949587434110635,0.00123090873260232,25,0.148990890884909,0.149017530752233,0.00917725669762207,25,0.0559034656225378,0.0559621020779248,0.000442770652187995,25,0.0509145632238787,0.0513472207096692,0.0079348393868493,25,0.0141877414558632,0.0138906831135783,0.00128026974747003,25,0.0262983627811058,0.026522775694618,0.00413472241442253,25,0.369930115386441,0.370588682545385,0.00502512119949864,25,0.123708291706005,0.123117484625031,0.00476014691433559,25,0.390080507488229,0.39050465637572,0.00605734681471504,25,0.0588013375985239,0.058742684260549,0.00029220880405372,25,0.0967825072834364,0.096915366635041,0.00169998529602822,25,1.05695519557369,1.05700045724264,0.00243289256825064,25,0.982983663365601,0.982868438329152,0.000795533014281645,25,11.8232399999996,11.7910000000047,0.168123040260715,25,11.8232399999996,11.7910000000047,0.168123040260715,25,0.442879999999423,0.442999999999302,0.00083266640015998,25,1.42835999999981,1.42799999999988,0.0443169267884314,25,9.95200000000041,9.92699999999604,0.170189355327173,25
"refined","oracle_Z","mixture_fastica_start","ifeval_min30","balanced_moderate_dense_signed_cross","Cross",400,1500,10,"3-3-3-3-3-3-3-3-3-3",0.108420712196446,0.107207850201863,0.0030143530679333,25,0.091864600755347,0.0912385717615864,0.00206378518240055,25,0.141542392302051,0.135399453199604,0.0165076580947334,25,0.0588603026244957,0.0588101848013735,0.000355676313419308,25,0.0689479467063616,0.0703709871770647,0.00829297621915022,25,0.0474467890680708,0.0466914451308104,0.00826310982091202,25,0.028273311562934,0.0285470703701762,0.00394182274933812,25,0.33951281009611,0.341260242318077,0.00448549131429102,25,0.102565373693514,0.102649382009665,0.00394623954513604,25,0.354678321505868,0.356507018532372,0.0052198634391343,25,0.0607884359509293,0.0608140323091907,0.000303107513212817,25,0.0995666597678602,0.0995890301392369,0.00190110549720778,25,1.04425029617818,1.04430476994798,0.00189283162053409,25,0.982826051429936,0.98284477891181,0.000819848294870716,25,7.79159999999974,7.38899999998102,1.29690641528248,25,7.79159999999974,7.38899999998102,1.29690641528248,25,0.287639999999665,0.288000000000466,0.0031342197334743,25,1.53059999999998,1.38199999999779,0.270061875628447,25,5.9733600000001,5.45999999999185,1.23257872906016,25
"refined","oracle_Z","mixture_fastica_start","ifeval_min30","balanced_moderate_dense_signed_cross","Cross",400,1500,5,"2-2-2-2-2",0.0805362759664474,0.0802995242465209,0.0018392450226778,25,0.101627788661018,0.10168577695206,0.00232862908787426,25,0.143642428091958,0.145815045080274,0.0156091308972172,25,0.0418288233000751,0.0417973581275,0.000403668522154913,25,0.0432461695481889,0.0450522117241698,0.0134199003793732,25,0.0154593355435516,0.015161870595987,0.0025003805341147,25,0.0221734204694236,0.0232444164164524,0.00714299309174508,25,0.267146631868995,0.267416371457281,0.00523640850761321,25,0.125312023845726,0.124725964844709,0.0062361772907093,25,0.295103275737952,0.294291367355259,0.00708139978509339,25,0.0411351934202791,0.0410995527982,0.000351297133885423,25,0.0772139902070006,0.0772841425978461,0.00193854549910105,25,1.03361568899083,1.03329560743114,0.00217072768661879,25,0.990819129081594,0.990514416071831,0.0010954356980225,25,5.55964000000051,5.58800000000156,0.109237463048816,25,5.55964000000051,5.58800000000156,0.109237463048816,25,0.290200000000259,0.289000000000669,0.00402077936081711,25,0.572160000000003,0.566999999999098,0.023945563263586,25,4.69728000000025,4.70000000000073,0.100278994144591,25
"refined","oracle_Z","mixture_fastica_start","ifeval_min30","balanced_moderate_dense_signed_cross","Cross",400,1500,5,"3-3-3-3-3",0.088475348231578,0.0878547426079132,0.00346774107696936,25,0.0976608847030083,0.0972311803453081,0.00295350866255171,25,0.137457285817156,0.129566712465464,0.0247900920959687,25,0.0445391455249592,0.044453460491104,0.000439418128560838,25,0.0677924135859475,0.0660628103167378,0.0144163377349275,25,0.0454400980103513,0.0424607155799206,0.00934785969398404,25,0.0275010337529937,0.0269731180357559,0.00665240007252692,25,0.253232009153933,0.253868402499052,0.00530400112327656,25,0.102955732204962,0.103424962047921,0.00446084497134412,25,0.273378077714934,0.274708434923887,0.00619729292615456,25,0.0431142338948296,0.0432292492680873,0.000317904756016264,25,0.0844162233288147,0.0844651824927359,0.00248981640999401,25,1.02755684965942,1.02734543700173,0.00172074286217926,25,0.990777906071384,0.99052702770292,0.00107939007086992,25,6.18815999999977,6.02300000000469,0.466541502261801,25,6.18815999999977,6.02300000000469,0.466541502261801,25,0.289719999999797,0.290000000000873,0.00164620776310201,25,0.821000000000204,0.811000000001513,0.0573795840583092,25,5.07743999999977,4.90699999999924,0.45847774209862,25
"refined","oracle_Z","mixture_fastica_start","ifeval_min30","balanced_moderate_dense_signed_cross","Cross",400,2000,10,"2-2-2-2-2-2-2-2-2-2",0.0901179944270006,0.089803292906028,0.00174941457915904,25,0.0947800379461914,0.0948572411183452,0.00121618609797885,25,0.148622632518887,0.145891154732087,0.013298931166398,25,0.0539951176643367,0.0539497666442939,0.000324766179846016,25,0.0489765516473982,0.0471184829643221,0.00843497397478905,25,0.0151819644328111,0.0151756979338348,0.00160603193283222,25,0.0252625324378224,0.0243556789110771,0.00443237585725588,25,0.363413340438399,0.363457530622264,0.0054659582268603,25,0.126660161168092,0.126537051417723,0.00585956437434186,25,0.384877276122635,0.385757060085291,0.00670645727223009,25,0.0570227534750697,0.057052478371128,0.000264212083739319,25,0.0866384572659507,0.0867635643143384,0.00132882284441651,25,1.05578224283527,1.05594632691264,0.00230583900451669,25,0.983671019789892,0.983550355656135,0.0008716919077792,25,13.5666399999999,13.5339999999997,0.179567276159146,25,13.5666399999999,13.5339999999997,0.179567276159146,25,0.547720000000263,0.547999999995227,0.000936304793351898,25,1.48388000000006,1.48700000000099,0.0418163843485254,25,11.5350399999996,11.4860000000044,0.194607185547895,25
"refined","oracle_Z","mixture_fastica_start","ifeval_min30","balanced_moderate_dense_signed_cross","Cross",400,2000,10,"3-3-3-3-3-3-3-3-3-3",0.0971003265655146,0.0969108307816262,0.00264989156495985,25,0.091429803258084,0.0911446617750966,0.00170250556504221,25,0.13442232551181,0.131778747976423,0.00989525717785872,25,0.0569300091234854,0.0569799696919015,0.000286766363450486,25,0.0693601185545668,0.0699135843051593,0.00832310826615186,25,0.0516110417924601,0.0507415068281466,0.0094883347795389,25,0.027368672459602,0.0277881192333582,0.00464188342229969,25,0.332376404775067,0.331274222719038,0.00384123015994543,25,0.103841666130717,0.104030524061958,0.00350837716915545,25,0.348229357630649,0.347838900552256,0.00450251888649534,25,0.0591850549719034,0.0591789658181724,0.000270637118906268,25,0.0906984076587249,0.0907607671265127,0.001327174588889,25,1.043010228525,1.04277478304154,0.00151569948386731,25,0.983757676443606,0.983594039461409,0.000905794832759573,25,9.05419999999867,8.27799999999115,1.53576994804993,25,9.05419999999867,8.27799999999115,1.53576994804993,25,0.353239999998477,0.350999999995111,0.00529370695628801,25,1.51511999999988,1.34900000000198,0.274392863123087,25,7.18584000000032,6.42299999999523,1.51432131883187,25
"refined","oracle_Z","mixture_fastica_start","ifeval_min30","balanced_moderate_dense_signed_cross","Cross",400,2000,5,"2-2-2-2-2",0.0728278503856118,0.0721721258282811,0.00225325331246036,25,0.102320850183181,0.102164991619758,0.0020252327233333,25,0.147599223068278,0.140065052899496,0.0236145475210435,25,0.0407756129958137,0.040725622024791,0.000425037427182844,25,0.0495193805639548,0.0456228241976093,0.0210815780027086,25,0.0169674968289716,0.0168192369978327,0.00276919942483533,25,0.0253747242420085,0.0235343214608036,0.0111454043461642,25,0.264724401331166,0.263806937776448,0.00613992166387148,25,0.126862567204886,0.127147781684889,0.00521157246185584,25,0.293568296226644,0.292119567765878,0.00743302239761958,25,0.0402585122654861,0.0402220849025039,0.000285507470632826,25,0.0696912259847318,0.069999871040639,0.00183226893625898,25,1.03371549743193,1.03317316631718,0.00213031038596877,25,0.991332963776435,0.991239334905952,0.000742670815348128,25,6.28784,6.29599999999846,0.0816760266746815,25,6.28784,6.29599999999846,0.0816760266746815,25,0.356279999999897,0.358000000000175,0.00366878726573204,25,0.591880000000092,0.595999999999549,0.0235200623584655,25,5.33968000000001,5.34500000000116,0.070845324475217,25
"refined","oracle_Z","mixture_fastica_start","ifeval_min30","balanced_moderate_dense_signed_cross","Cross",400,2000,5,"3-3-3-3-3",0.078417693089057,0.0784880427149132,0.00187143247287214,25,0.0977886792654754,0.0980122848050255,0.00303223700425463,25,0.134314167313829,0.130038028271462,0.0199673191478233,25,0.0432551795555587,0.0432582606769891,0.000420428850528773,25,0.0716003230401094,0.0701948922088993,0.0120472626318011,25,0.0509637394885164,0.0501780899963754,0.00813192227652726,25,0.0289093828219013,0.0293765075802889,0.00645784879789705,25,0.246248481522504,0.246310441505858,0.00465039292699246,25,0.101883809512771,0.10261180951703,0.00473222422493242,25,0.266510290524675,0.26731495636701,0.00587629718813006,25,0.0421195520408921,0.042107383497214,0.000270415629834921,25,0.0766563908709583,0.0773468719859061,0.0019022575380762,25,1.02625104778869,1.0258892966982,0.00174488189771159,25,0.991264060271144,0.991075618943469,0.000743621997230462,25,7.35748000000007,6.93999999999869,0.815493977087614,25,7.35748000000007,6.93999999999869,0.815493977087614,25,0.360600000000268,0.359000000000378,0.00490747728777724,25,0.868479999999545,0.846999999997934,0.0765136806938894,25,6.12840000000026,5.76900000000023,0.809522235642687,25
"refined","oracle_Z","mixture_fastica_start","ifeval_min30","balanced_moderate_dense_signed_cross","Cross",400,500,10,"2-2-2-2-2-2-2-2-2-2",0.142637497844993,0.14296291266508,0.0016181112693068,25,0.0901549814985094,0.0896269444728285,0.00203083116109507,25,0.145957172939859,0.143373282766567,0.011066618187467,25,0.0664042685031333,0.0664583845550674,0.000641219715129529,25,0.0452428743026895,0.0428347044613525,0.00977607057357765,25,0.0109180455868542,0.010850612080084,0.00109124032132404,25,0.023173357963681,0.0219506205935124,0.00501899848868549,25,0.415501811658297,0.416475214198968,0.00504215229320149,25,0.106834512891819,0.105925784403697,0.00395896198368866,25,0.429034455747161,0.429808518843734,0.00502672342371329,25,0.0702436015144573,0.0703370237988816,0.000634485264825927,25,0.152722208801097,0.152802553494732,0.00206153711202579,25,1.06461493644296,1.06448325058451,0.00240122645890467,25,0.975741260307204,0.975627850540419,0.00143313235629352,25,8.27720000000118,8.16100000000006,0.331988077094708,25,8.27720000000118,8.16100000000006,0.331988077094708,25,0.180679999999993,0.180000000000291,0.00162583311889054,25,1.37496000000101,1.3640000000014,0.0450550404127146,25,6.72156000000017,6.59300000000076,0.297087961161894,25
"refined","oracle_Z","mixture_fastica_start","ifeval_min30","balanced_moderate_dense_signed_cross","Cross",400,500,10,"3-3-3-3-3-3-3-3-3-3",0.163436959594482,0.163456362662847,0.00189154465464314,25,0.0874703023848612,0.0871403261527521,0.00160752723633822,25,0.134083461423055,0.132599074708261,0.0151990661009643,25,0.0720719447528583,0.0720523498734355,0.000641968838394829,25,0.0657111913893562,0.0629431287835125,0.0116712743995964,25,0.0345442338167975,0.0318295481512893,0.00826204111927572,25,0.0319415856130346,0.0304544693101446,0.0057885165065083,25,0.412377153668363,0.413135232291916,0.00674595741105677,25,0.0974865644494804,0.0965787463734072,0.00342891058047639,25,0.42376054360173,0.424295428835461,0.00649707919501475,25,0.0718270363595019,0.0717912126595871,0.000683620134723602,25,0.15597580334983,0.157187377438177,0.00261270033497946,25,1.06327129891985,1.06353773099058,0.00284881790573724,25,0.976597687332767,0.976283758553027,0.00147922133596697,25,5.39907999999705,5.23200000000361,0.434678705101197,25,5.39907999999705,5.23200000000361,0.434678705101197,25,0.11907999999763,0.119000000006054,0.000909212113424321,25,1.31795999999915,1.22999999999593,0.206788837546297,25,3.96204000000027,3.88300000000163,0.347178085903946,25
"refined","oracle_Z","mixture_fastica_start","ifeval_min30","balanced_moderate_dense_signed_cross","Cross",400,500,5,"2-2-2-2-2",0.121411532181525,0.122011201583534,0.00258734226905792,25,0.0974310672925841,0.0978376341164953,0.00248253866704456,25,0.148949920879795,0.142309954843056,0.0203176177570735,25,0.0485914496440315,0.0485163467787494,0.000659441278516774,25,0.0464457013483045,0.0470549021371274,0.0133087217067525,25,0.00998035913090019,0.010023617401433,0.0019594179252173,25,0.0239763175252481,0.0243361465332414,0.00686805282787173,25,0.297156338511517,0.297124436168234,0.00501395973276135,25,0.11096515307836,0.110482269407159,0.00535344295091622,25,0.317222987490275,0.317048298512973,0.00615579849489077,25,0.047694214892247,0.0476916933343212,0.000572278642641266,25,0.122139853945229,0.122305506263709,0.00236658621822593,25,1.03673210865712,1.03758296749481,0.002020386043988,25,0.987443999414839,0.987484908755546,0.0012701561576553,25,4.04735999999994,4.04599999999937,0.0529275290690331,25,4.04735999999994,4.04599999999937,0.0529275290690331,25,0.120400000000009,0.119999999999891,0.00138443731045635,25,0.537400000000016,0.536000000000058,0.0200540935139219,25,3.38955999999991,3.39099999999962,0.0538246226182676,25
"refined","oracle_Z","mixture_fastica_start","ifeval_min30","balanced_moderate_dense_signed_cross","Cross",400,500,5,"3-3-3-3-3",0.136530837917477,0.13691904514839,0.0033564603098043,25,0.0957289070227135,0.0951152507779997,0.00341880067837006,25,0.131155547398161,0.125811421134619,0.0182983841035014,25,0.0528167921946012,0.0528022365709649,0.00050577358466783,25,0.0659282048416413,0.0668180171061583,0.0143960929824005,25,0.0369069153981639,0.0369753990407679,0.00950365027311001,25,0.0298161328490837,0.0308317451886536,0.00455926735001986,25,0.294069800319228,0.294751271090079,0.00537936392588459,25,0.0957555809731334,0.0953355883129375,0.00410586706573901,25,0.30928099623578,0.308842877566228,0.00607316392694649,25,0.0498540240893266,0.0499339950193724,0.000391706241716792,25,0.128374525154897,0.128437035943672,0.0035308237438121,25,1.0339110316878,1.03342273571739,0.00262983238705286,25,0.987075833664573,0.987039779679659,0.00195145122806224,25,4.5620799999997,4.43699999999808,0.437687285627366,25,4.5620799999997,4.43699999999808,0.437687285627366,25,0.118999999999651,0.118999999998778,0.000816496580908418,25,0.827520000000222,0.784999999999854,0.115157906082974,25,3.61555999999982,3.52899999999863,0.397376299410595,25
"refined","oracle_Z","mixture_identity_start","ifeval_min30","balanced_moderate_dense_signed_cross","Cross",100,1000,10,"2-2-2-2-2-2-2-2-2-2",0.143535506461222,0.136705837755762,0.0367691440742306,25,0.172273691625248,0.171177389004822,0.00761642769008005,25,0.275825099568933,0.266230938989702,0.0325550530954574,25,0.0959558983275281,0.0958814758813677,0.00122463867418775,25,0.101928166465941,0.0985273463817573,0.0299973998851789,25,0.0670886690325051,0.0623239182233633,0.021334373358354,25,0.0512740408652416,0.049979405530103,0.0156836450811352,25,0.730633134326008,0.728302930296749,0.0209821384318104,25,0.216451435944349,0.218383695520778,0.00840644105943583,25,0.762035978375825,0.760898809095317,0.0220711540462484,25,0.111642428722671,0.111792905319686,0.00110152143667897,25,0.134992971781253,0.134977299373385,0.00674829573879627,25,1.20524539629547,1.20577831813131,0.0145325089617227,25,0.938235119275692,0.938143556971844,0.00255350921300915,25,5.47904000000082,5.15100000000166,0.884911458846955,25,5.47904000000082,5.15100000000166,0.884911458846955,25,0.0112000000002445,0.011000000002241,0.000408248290101475,25,0.651560000000318,0.622999999999593,0.150945652470715,25,4.81628000000026,4.57800000000134,0.900287524441934,25
"refined","oracle_Z","mixture_identity_start","ifeval_min30","balanced_moderate_dense_signed_cross","Cross",100,1000,10,"3-3-3-3-3-3-3-3-3-3",0.171349371941387,0.164802308713954,0.0425079112364222,25,0.173329500831089,0.170926352593299,0.0134324932505573,25,0.258221292573334,0.261185823057529,0.0166099475660628,25,0.101874807044837,0.101984700619267,0.00146045501657725,25,0.338146572001964,0.335445576415049,0.0285925348219724,25,0.275793192238973,0.275775783978441,0.0121346625266986,25,0.153958023292519,0.154776751077143,0.0268889745116915,25,0.791868092398129,0.796636593240753,0.0258162199674859,25,0.241796344404639,0.240934566680132,0.0101612409710246,25,0.827984475892296,0.831583147768896,0.0270261161749372,25,0.117337690630712,0.117288569361066,0.000977989452254384,25,0.145211045568691,0.145102583757395,0.00408584008073079,25,1.24813923395092,1.25003807387313,0.0171424347768522,25,0.938981508190446,0.938790560577362,0.00263345733413176,25,7.78192000000097,7.61900000000605,2.00726773085659,25,7.78192000000097,7.61900000000605,2.00726773085659,25,0.0110800000000745,0.010999999998603,0.000276887460620815,25,2.22240000000224,2.64400000000023,0.901171182406014,25,5.54843999999866,5.04799999999523,1.88857580997088,25
"refined","oracle_Z","mixture_identity_start","ifeval_min30","balanced_moderate_dense_signed_cross","Cross",100,1000,5,"2-2-2-2-2",0.112302495834026,0.111514361298701,0.00633147357981022,25,0.17780699492856,0.177268099838238,0.00347416413918387,25,0.274378861651952,0.269634916347983,0.0411277121799785,25,0.0744525178883251,0.0746610332543966,0.00100636939034204,25,0.0943855220793001,0.0887650679035639,0.0234184999937806,25,0.065341650473036,0.0642027688100523,0.00512457258353005,25,0.047260819239482,0.0449418967939934,0.013217536913483,25,0.469831082754465,0.469887436960456,0.014135998368833,25,0.196285173961517,0.196926492756193,0.00712395875169583,25,0.509203435797818,0.507892933102177,0.0151908332997186,25,0.0775588951736822,0.0776173482276625,0.000866102734672758,25,0.101791802334717,0.101890310073588,0.00522756868412735,25,1.09164124793847,1.09276309609495,0.00647327188760067,25,0.966921875728539,0.967253821492648,0.0024501674459429,25,3.74468,3.73099999999988,0.108122507678434,25,3.74468,3.73099999999988,0.108122507678434,25,0.0110399999999845,0.0109999999999673,0.000200000000015166,25,0.29728000000001,0.295999999999935,0.0742784849962012,25,3.43636,3.42999999999995,0.0708348313567188,25
"refined","oracle_Z","mixture_identity_start","ifeval_min30","balanced_moderate_dense_signed_cross","Cross",100,1000,5,"3-3-3-3-3",0.129404983442012,0.126945349620477,0.0127361003850038,25,0.180938293333516,0.180537805142413,0.0046396921950264,25,0.25073670866604,0.241001045524478,0.0348039301253245,25,0.0793954539033665,0.0792597689691912,0.00126531373589264,25,0.31097740123895,0.319033690525664,0.033609161251956,25,0.269058203900776,0.27124752375402,0.0153050395403948,25,0.135731537447675,0.124218453523201,0.034990732946146,25,0.493015197295838,0.494093523332423,0.0124549416297447,25,0.195644354509018,0.195245694527434,0.00731970119566081,25,0.530440132085411,0.53237662568462,0.0134752837727817,25,0.0827194504355938,0.0827230790286382,0.00077411343543112,25,0.113197584573343,0.112941008660348,0.00714384750234428,25,1.10123038137143,1.10076671224343,0.00652476582250248,25,0.96676614034703,0.96670716958512,0.0018773791482385,25,4.26467999999993,4.20000000000073,0.928668972239225,25,4.26467999999993,4.20000000000073,0.928668972239225,25,0.0114399999999296,0.011000000000422,0.00266270539098454,25,0.770679999999993,0.809999999999491,0.298052948315883,25,3.48256000000001,3.57700000000114,0.84058630728788,25
"refined","oracle_Z","mixture_identity_start","ifeval_min30","balanced_moderate_dense_signed_cross","Cross",100,1500,10,"2-2-2-2-2-2-2-2-2-2",0.13781942763011,0.12754141759005,0.0485044694380254,25,0.174190233273225,0.172393854054542,0.0123185791403627,25,0.263072895582613,0.260172106459118,0.0355940119542547,25,0.0936996333595939,0.0936864559897685,0.000934039509188859,25,0.102685702393841,0.10495256116868,0.0310340483473585,25,0.0720891248871911,0.0681629867221315,0.0223140053737444,25,0.0519495361843121,0.0537290791841334,0.0183854270412087,25,0.692752862298873,0.684684917473847,0.0250912927255322,25,0.208816585399054,0.205898239265521,0.00920727305878452,25,0.723553150471753,0.71522237237813,0.0263688969500321,25,0.108189223624205,0.107947424587048,0.00112284952764711,25,0.118572959846081,0.117785461492275,0.00469831597076129,25,1.18347086948309,1.18050497796954,0.0158687601219554,25,0.940123081449255,0.939963674915339,0.00157161712828616,25,5.70183999999805,5.66300000000774,0.372986447474079,25,5.70183999999805,5.66300000000774,0.372986447474079,25,0.0160399999993388,0.0159999999959837,0.000454606056685485,25,0.808160000000207,0.752000000000407,0.255197420311179,25,4.8776399999985,4.8859999999986,0.360216818966243,25
"refined","oracle_Z","mixture_identity_start","ifeval_min30","balanced_moderate_dense_signed_cross","Cross",100,1500,10,"3-3-3-3-3-3-3-3-3-3",0.155130270555913,0.152107745134943,0.0094155174346185,25,0.17222480056855,0.172123455344143,0.00281162179321839,25,0.271695970570511,0.268411502033242,0.0380153202467364,25,0.0999172658032249,0.0997836130765185,0.00110887800726472,25,0.356891092465852,0.326002041956736,0.0859932340215878,25,0.280762757254376,0.281170617290647,0.0124474900956274,25,0.15000933164402,0.153892588591848,0.0255130958464478,25,0.748190649734033,0.747573544067268,0.0204895360730482,25,0.229188049192569,0.228282498474416,0.00658749014993078,25,0.782520079579006,0.781235790255468,0.021001556692341,25,0.114550925294596,0.1145129347672,0.000929065881465074,25,0.127147677812544,0.127602730867586,0.00635052692249713,25,1.21997900286595,1.21837081117563,0.0137327791172033,25,0.940120739604502,0.940768985329916,0.00201127750118928,25,8.02467999999993,7.79799999999523,1.5243677027981,25,8.02467999999993,7.79799999999523,1.5243677027981,25,0.0157600000005914,0.0160000000032596,0.000522812905885414,25,2.2206799999997,2.2960000000021,0.914519487671232,25,5.78823999999964,5.35899999999674,1.51185948641662,25
"refined","oracle_Z","mixture_identity_start","ifeval_min30","balanced_moderate_dense_signed_cross","Cross",100,1500,5,"2-2-2-2-2",0.101896505379504,0.100970150542648,0.00780581638395375,25,0.180819076715354,0.180860402515064,0.00316853860926658,25,0.263336913252784,0.261411806494045,0.0339061773868696,25,0.0735377077980068,0.0735693097566101,0.000950797098790002,25,0.0989921684022004,0.100414891787412,0.0255315691661208,25,0.0645367244665054,0.0655333658041774,0.00549244595411956,25,0.0498506421248509,0.0511498696327702,0.0138726821805655,25,0.452905628226464,0.450738313808217,0.012857232984536,25,0.196344004053968,0.196373459793889,0.00630933968522239,25,0.493650311426539,0.493179158216034,0.013721849768426,25,0.0761894152642094,0.0761769012127644,0.000817290401892368,25,0.0896811851075491,0.090207568976413,0.00452585349848633,25,1.0854235580728,1.08395806131569,0.00693296988409309,25,0.967911214430536,0.967852293736669,0.00224729346405376,25,4.30679999999997,4.27500000000009,0.130020831664233,25,4.30679999999997,4.27500000000009,0.130020831664233,25,0.015719999999983,0.015999999999849,0.000541602560329842,25,0.277560000000012,0.247000000000071,0.0657464067458809,25,4.01351999999997,3.9849999999999,0.102047015308323,25
"refined","oracle_Z","mixture_identity_start","ifeval_min30","balanced_moderate_dense_signed_cross","Cross",100,1500,5,"3-3-3-3-3",0.133925086995216,0.113580371896995,0.0760103227146244,25,0.188251369996833,0.182178846685622,0.0279491011759663,25,0.246748940782066,0.243801775582918,0.0298312734043751,25,0.0784396458713957,0.0781356866326455,0.00143356000046444,25,0.308924684869176,0.31028397425301,0.0403913947062108,25,0.271717785751972,0.271507771849754,0.0143747451089247,25,0.140761504122281,0.149112961186397,0.036423695368917,25,0.473450466745948,0.473108170565005,0.01727428746297,25,0.194116520429951,0.192341803659253,0.0081607647213792,25,0.511712620625848,0.510122984918295,0.0187405804861116,25,0.0809891435681298,0.0810131182571078,0.000810819702661732,25,0.0963444857984255,0.0948351685863284,0.0062541907401174,25,1.09376811394513,1.09319181802535,0.0080278883657452,25,0.967858116612233,0.96800747553614,0.00203371865417848,25,4.73811999999984,4.42599999999948,1.26866154272902,25,4.73811999999984,4.42599999999948,1.26866154272902,25,0.0157599999998638,0.0159999999996217,0.000435889894609792,25,0.725520000000033,0.475000000000364,0.420681205506889,25,3.99683999999994,3.11700000000019,1.30498938948443,25
"refined","oracle_Z","mixture_identity_start","ifeval_min30","balanced_moderate_dense_signed_cross","Cross",100,2000,10,"2-2-2-2-2-2-2-2-2-2",0.132965503902437,0.123631404619109,0.0468196601795268,25,0.173878609815364,0.171727211720223,0.0118223522775867,25,0.260558991981024,0.255334027710351,0.0242627375439776,25,0.0929373211565555,0.092722228677743,0.000833666992223244,25,0.0983646910433421,0.0945560427220884,0.029913539621406,25,0.0759739397383056,0.0709183754284205,0.0277044885963627,25,0.0490006188701817,0.0470285876426425,0.0168269873415589,25,0.675101441617915,0.676533950091884,0.0190971617596627,25,0.206244290737961,0.206664677267766,0.00540872997242324,25,0.705913007744794,0.70721405377596,0.0194638324472197,25,0.106923556829504,0.107012079275146,0.00110763072969116,25,0.110656661669867,0.111623237515188,0.00485841071473747,25,1.1738283327432,1.17302442985708,0.0116037846921084,25,0.941228680663329,0.941343625777153,0.00155862558502764,25,6.14883999999874,6.05499999999302,0.470658906923746,25,6.14883999999874,6.05499999999302,0.470658906923746,25,0.0205999999988126,0.0209999999933643,0.000577350269097209,25,0.872079999999551,0.877000000000407,0.225288688871403,25,5.25616000000038,5.11699999999837,0.367634066248258,25
"refined","oracle_Z","mixture_identity_start","ifeval_min30","balanced_moderate_dense_signed_cross","Cross",100,2000,10,"3-3-3-3-3-3-3-3-3-3",0.156971556593119,0.147182859638503,0.0479388523232167,25,0.175483874977163,0.173758491622587,0.0112005368521009,25,0.268670145638724,0.274450283571899,0.0252636279794341,25,0.0990258848990287,0.0991035455040848,0.00126595435422503,25,0.339496815522388,0.333068817052192,0.0439541362802722,25,0.284130863860802,0.286105750075971,0.0152539760802,25,0.15507656067176,0.149561917267811,0.0204850003831088,25,0.727830200978402,0.727983399930861,0.0167744918797643,25,0.226827083911731,0.227137685983202,0.00730522983479181,25,0.762367351716682,0.761361394564226,0.0178158535143456,25,0.113423062124458,0.113596267811647,0.000759451813948921,25,0.117578216644534,0.117905142436345,0.0073559344247366,25,1.2080844291291,1.20772097101144,0.0110488870631955,25,0.940884544943493,0.940566682536772,0.0013408495158207,25,8.18680000000109,8.19499999999243,1.40152220817566,25,8.18680000000109,8.19499999999243,1.40152220817566,25,0.0206800000026124,0.0209999999933643,0.000556776437071613,25,2.28559999999823,2.21899999999732,0.972610490726097,25,5.88052000000025,5.14400000000023,1.44030772522283,25
"refined","oracle_Z","mixture_identity_start","ifeval_min30","balanced_moderate_dense_signed_cross","Cross",100,2000,5,"2-2-2-2-2",0.116327701802642,0.0983924871663186,0.0790819964618271,25,0.187340553837447,0.182461187690382,0.0265776335121243,25,0.267241060752091,0.265563072927142,0.0301422480604648,25,0.0731519927281721,0.0729975673942023,0.000894049699719548,25,0.107802583775023,0.0941936866750887,0.0537048226391818,25,0.0750507389596937,0.0699221583672002,0.0341908684031335,25,0.0543107903216983,0.0474239475933804,0.0305235936593879,25,0.446503714712485,0.446255264832729,0.0115130656696508,25,0.194235214594827,0.192855436214645,0.00681004326167628,25,0.486939408592781,0.486010506509997,0.012693029402038,25,0.0753703767623475,0.0754114683580281,0.000425925605934574,25,0.0821988202063303,0.0813670709491905,0.00543384837195176,25,1.08313655886201,1.08437956998834,0.00518655045513337,25,0.968571574259923,0.968650764849346,0.00161139684450106,25,4.87856,4.88100000000009,0.241432889225898,25,4.87856,4.88100000000009,0.241432889225898,25,0.0201999999999862,0.0199999999999818,0.000408248290472774,25,0.311640000000052,0.288000000000011,0.0668218277710373,25,4.54671999999996,4.56899999999996,0.218956525365141,25
"refined","oracle_Z","mixture_identity_start","ifeval_min30","balanced_moderate_dense_signed_cross","Cross",100,2000,5,"3-3-3-3-3",0.11475933471611,0.113718319367317,0.0110853688584548,25,0.185937052748786,0.184875555773428,0.00662576301424761,25,0.252157280817007,0.245891077799982,0.0347812553197557,25,0.0778822121843774,0.0777805923878997,0.00116543972035579,25,0.303041262210134,0.307824476770623,0.0358068820361032,25,0.267080331043637,0.267650253588144,0.0100398533625487,25,0.150896133995183,0.149575870064686,0.0247355013176241,25,0.462895524876611,0.464977721079788,0.0110307371029252,25,0.191445911656813,0.191719296411093,0.00634790490461084,25,0.500939680725181,0.502291559135607,0.0120214414025429,25,0.0803320508040958,0.0806312209340233,0.000858208479992697,25,0.089837753273104,0.0890101303876053,0.00498346518343329,25,1.08939703074316,1.08971740047142,0.00577547805583582,25,0.968596872394498,0.968419231433043,0.0021456002576486,25,5.09848000000049,4.5460000000021,1.99108902613565,25,5.09848000000049,4.5460000000021,1.99108902613565,25,0.0204000000001542,0.0200000000004366,0.000500000000405028,25,0.701200000000172,0.679000000000087,0.264744373563792,25,4.37688000000017,3.55100000000311,1.97803836582243,25
"refined","oracle_Z","mixture_identity_start","ifeval_min30","balanced_moderate_dense_signed_cross","Cross",100,500,10,"2-2-2-2-2-2-2-2-2-2",0.164746641512625,0.156100295297581,0.0419559762055283,25,0.168779916898981,0.166064227153908,0.0140917691393009,25,0.271108164904228,0.268027750859852,0.0325117265657636,25,0.0995109105594049,0.0992403449398199,0.00148148066347628,25,0.0992533289043354,0.0931674234019708,0.0346157823077525,25,0.0582610908706323,0.0535279297643132,0.0211975731412912,25,0.0508148039579131,0.0475430024659017,0.0192253528917977,25,0.854420550689656,0.854914031162503,0.0393628340398076,25,0.244549640742141,0.242902461724103,0.016819520874257,25,0.888771290409641,0.89074835843117,0.0418782137840008,25,0.11915084276594,0.11935228644037,0.00171741844426643,25,0.175516258314862,0.171817533955644,0.00801471177634573,25,1.28435205455881,1.28530869012648,0.0280630869203857,25,0.93397555669652,0.93414574717499,0.00253686344532406,25,4.41520000000033,4.30500000000393,0.477697603092041,25,4.41520000000033,4.30500000000393,0.477697603092041,25,0.00644000000014785,0.00600000000122236,0.000506622804779416,25,0.655919999999896,0.614999999997963,0.142300128835908,25,3.75284000000029,3.60900000000038,0.424659636257654,25
"refined","oracle_Z","mixture_identity_start","ifeval_min30","balanced_moderate_dense_signed_cross","Cross",100,500,10,"3-3-3-3-3-3-3-3-3-3",0.19463938934813,0.187788389911833,0.0355663283382722,25,0.168747927683053,0.1672272556336,0.0111165053401684,25,0.262129518525858,0.258110012782987,0.0260185065442856,25,0.107006403315485,0.107180255807491,0.00146944688358933,25,0.348950068706847,0.331271761585199,0.0831125974389616,25,0.257855231655224,0.259322727841488,0.0108521641401069,25,0.168267348542842,0.173520025145538,0.0246833401645785,25,0.885330288449517,0.884065278506534,0.0147583973960836,25,0.253732281581533,0.254426143732982,0.00752403232694635,25,0.921003839793171,0.920050402930218,0.0146188359809929,25,0.123577654319859,0.123783348739983,0.00092669619190779,25,0.182638440786768,0.182644023038658,0.00589525507570821,25,1.30588643228382,1.30592316478963,0.0100927058520951,25,0.934022478731268,0.93397981054711,0.00314935274098584,25,12.1947599999991,8.9320000000007,8.81248841266496,25,12.1947599999991,8.9320000000007,8.81248841266496,25,0.00711999999912223,0.00699999999778811,0.0014809906599331,25,2.41243999999919,2.69200000000274,1.31527722299747,25,9.77520000000077,7.0480000000025,8.06768486514851,25
"refined","oracle_Z","mixture_identity_start","ifeval_min30","balanced_moderate_dense_signed_cross","Cross",100,500,5,"2-2-2-2-2",0.146378930729541,0.13249465514341,0.0689831539129176,25,0.184012167148119,0.177023063759563,0.0327941861263434,25,0.268586369231659,0.260530438621348,0.0342997173217928,25,0.0767044764418763,0.0764584906053091,0.00172738319786015,25,0.101893060379558,0.0942945978464465,0.0481412916870732,25,0.0645134737878564,0.0569997969752671,0.0402531037018095,25,0.052166459931544,0.0479551531691573,0.0287397780616816,25,0.525333635961724,0.530411093388952,0.0196190402721793,25,0.206110644591301,0.207225753029624,0.00835364028915614,25,0.564350303363665,0.571037828762994,0.0204701109684126,25,0.0817281547187452,0.0816323432177843,0.0012194736660369,25,0.133480151554653,0.131800211783067,0.00524576942490392,25,1.11630006322615,1.11738305811167,0.0105124819807542,25,0.964967631408917,0.965515107950592,0.00300269178821969,25,3.33708000000001,3.18200000000004,0.508401327692993,25,3.33708000000001,3.18200000000004,0.508401327692993,25,0.00644000000000176,0.00600000000002865,0.000506622805113774,25,0.295160000000004,0.271999999999991,0.105931849160994,25,3.03548000000001,2.90500000000003,0.501333232491129,25
"refined","oracle_Z","mixture_identity_start","ifeval_min30","balanced_moderate_dense_signed_cross","Cross",100,500,5,"3-3-3-3-3",0.152920937821654,0.153274710135925,0.00856639729523565,25,0.178793061596405,0.179416737513376,0.00718535579077413,25,0.25767183491369,0.249348030763805,0.0338634412025535,25,0.0828568662454739,0.0827562105865429,0.00138552301503274,25,0.314692428602691,0.317932680552785,0.0345589597122983,25,0.258245356613226,0.258274957459696,0.0168962273790565,25,0.148727258099988,0.145772764280163,0.041803468778395,25,0.538826066951769,0.534434384138134,0.0178657495883127,25,0.202170007958517,0.201998831101194,0.00889176886173933,25,0.575553276097171,0.574237686522718,0.0184556771369811,25,0.0864986156498831,0.0864851581061519,0.00141460833346008,25,0.142820293583676,0.143919927385746,0.00771189400414731,25,1.12121107528962,1.11894806006531,0.0110422989921015,25,0.964481524385647,0.96516421180578,0.00377038109697618,25,5.5748000000001,5.17900000000009,1.69956109530276,25,5.5748000000001,5.17900000000009,1.69956109530276,25,0.00636000000027707,0.00600000000122236,0.000489897948198505,25,0.729999999999927,0.694999999999709,0.297266855423294,25,4.8384399999999,4.67499999999927,1.61495936687816,25
"refined","oracle_Z","mixture_identity_start","ifeval_min30","balanced_moderate_dense_signed_cross","Cross",200,1000,10,"2-2-2-2-2-2-2-2-2-2",0.116504439174416,0.116894700452552,0.00214920554165702,25,0.135492421592849,0.135823815371422,0.0016887138819383,25,0.202417878391315,0.200082074264956,0.0214463767846419,25,0.0702235658777273,0.0702157453879144,0.000575917506056093,25,0.0666706336135709,0.0705876104178485,0.0147241938636497,25,0.0270812787809167,0.0271844722824032,0.00285174742438192,25,0.0342161406910566,0.0362593906115157,0.00772639945868188,25,0.477415870907442,0.477773387672505,0.00616699671147309,25,0.143267741923386,0.142128070862994,0.0047795579641367,25,0.498467421951155,0.498572857137149,0.00647349607435726,25,0.0812955764097527,0.0814593096097521,0.000682481194004195,25,0.118644543416647,0.119121208859651,0.00277621395488054,25,1.08607279585171,1.0855342513809,0.0031106145058977,25,0.966687027734447,0.966496633719268,0.00126167632551014,25,9.47659999999945,9.38900000000285,0.449809496711932,25,9.47659999999945,9.38900000000285,0.449809496711932,25,0.0741199999989476,0.0740000000005239,0.00101324560959474,25,1.53467999999993,1.42599999999948,0.509919742049914,25,7.86780000000057,7.88300000000163,0.131150041300376,25
"refined","oracle_Z","mixture_identity_start","ifeval_min30","balanced_moderate_dense_signed_cross","Cross",200,1000,10,"3-3-3-3-3-3-3-3-3-3",0.131274474543155,0.131320265978715,0.00333293680095997,25,0.131510280072013,0.131370552555946,0.00263941135075147,25,0.186774896761718,0.185390277093605,0.0179922099709227,25,0.0745952836255371,0.074578363813563,0.000660081596228284,25,0.181379842699814,0.186999149943688,0.0324686001088274,25,0.163800727814443,0.165767693462171,0.0219979940062568,25,0.0772236197613865,0.0786266518155337,0.0200527103906211,25,0.480853763005814,0.48121765880928,0.00722370526282596,25,0.138735663897723,0.139053635071702,0.00421802950720687,25,0.500476929351128,0.501307234635295,0.0077690467750583,25,0.0847506955229611,0.0847191697505069,0.00061386334964634,25,0.124425523214205,0.124525858059656,0.00350163968832714,25,1.08720123363732,1.08676009859591,0.00385736839002602,25,0.967066162338944,0.967075138624574,0.00153210109750799,25,10.2725999999995,9.97299999999814,3.22577596607784,25,10.2725999999995,9.97299999999814,3.22577596607784,25,0.0491199999983655,0.0489999999990687,0.000525991123316251,25,2.49435999999929,2.13999999999942,1.05652302703778,25,7.72912000000186,7.90099999999802,2.714023217785,25
"refined","oracle_Z","mixture_identity_start","ifeval_min30","balanced_moderate_dense_signed_cross","Cross",200,1000,5,"2-2-2-2-2",0.0974115242168226,0.0966829698128619,0.00298590035833191,25,0.142930128571747,0.142772884280431,0.00333736231381807,25,0.204770029162457,0.199022784091186,0.0287556065521719,25,0.0541765503924642,0.0541290771588262,0.000699573256504851,25,0.0649072265771092,0.0692850840262908,0.0162423288961334,25,0.0291447416812805,0.0286491662533928,0.00253038894515824,25,0.0331995077310811,0.0355487561653825,0.00887264993614249,25,0.335260854770584,0.336082531459926,0.006882152435247,25,0.145243296672191,0.145128482625984,0.00666718620930746,25,0.365395477233186,0.365693006928846,0.00852349483100866,25,0.0564509873594525,0.056576290404047,0.000511729487035264,25,0.0937992239095577,0.0932598714623351,0.00321209283000866,25,1.04737564518091,1.04755297619953,0.00306367386162816,25,0.982136723978484,0.982105380271351,0.00169371038977401,25,4.14400000000003,4.12800000000016,0.0744664353921764,25,4.14400000000003,4.12800000000016,0.0744664353921764,25,0.0496000000000095,0.0489999999999782,0.00261406452362834,25,0.366640000000043,0.348000000000411,0.0595859882858949,25,3.72775999999998,3.72199999999975,0.0576312126080679,25
"refined","oracle_Z","mixture_identity_start","ifeval_min30","balanced_moderate_dense_signed_cross","Cross",200,1000,5,"3-3-3-3-3",0.107981795969106,0.107870056736424,0.0034346701591986,25,0.139345626922254,0.139206022010274,0.00418394702379322,25,0.195317309122838,0.178775126822962,0.0384147363677563,25,0.0584031580998122,0.0584805191016499,0.00083177748653765,25,0.159738203269256,0.156926611388004,0.036913868405751,25,0.14765054977255,0.1499062299136,0.0253465334701549,25,0.0618969002617392,0.0609655122927163,0.0287644314093065,25,0.33605467024537,0.337555766011098,0.008542579840951,25,0.132253882933741,0.132302215012105,0.00467124784096651,25,0.361157803935316,0.363140873930871,0.009121630602636,25,0.0599092081280784,0.0598554287517175,0.000653030553205807,25,0.10237520278369,0.103495892240066,0.00488301163052143,25,1.04628367211038,1.04587585224498,0.00343261183294369,25,0.982642083802302,0.982559100415882,0.00116142369522782,25,5.55616000000053,5.0689999999995,1.97707788752491,25,5.55616000000053,5.0689999999995,1.97707788752491,25,0.0491200000002573,0.0489999999990687,0.000665832811992693,25,0.763960000000516,0.763999999999214,0.248909535106357,25,4.74307999999975,3.9320000000007,1.95107961395746,25
"refined","oracle_Z","mixture_identity_start","ifeval_min30","balanced_moderate_dense_signed_cross","Cross",200,1500,10,"2-2-2-2-2-2-2-2-2-2",0.103824129379673,0.103646778812352,0.00273101910062423,25,0.137668120839937,0.138071542103616,0.0015751628491365,25,0.203003265550766,0.194167334808476,0.0317019964314588,25,0.0678361742811179,0.0679235302922055,0.000626166891467003,25,0.0704267357514181,0.0687116267782794,0.0159056469078958,25,0.0313390110715439,0.0311250962636151,0.00237826346657887,25,0.0360140586241257,0.0352096262773529,0.00840311558628795,25,0.464946755867752,0.465258589973469,0.00453155341364339,25,0.147155258826455,0.146909217762157,0.00500977967158021,25,0.487692876509771,0.487901500107951,0.00555481658521289,25,0.0784236466968463,0.0785302793823697,0.000382550273355482,25,0.10347037074815,0.103884724673412,0.00246383349066706,25,1.08356648127036,1.0836653054979,0.00293496314661062,25,0.969048525702234,0.968980283435029,0.00140760294086756,25,71.7408800000019,10.698000000004,218.853509781909,25,71.7408800000019,10.698000000004,218.853509781909,25,0.0896400000006543,0.101000000002387,0.0181104941963117,25,1.76468000000052,1.47299999999814,1.1446812773285,25,69.8865600000008,8.94499999999971,218.062060278163,25
"refined","oracle_Z","mixture_identity_start","ifeval_min30","balanced_moderate_dense_signed_cross","Cross",200,1500,10,"3-3-3-3-3-3-3-3-3-3",0.113496973457153,0.1128493282406,0.00375827189870428,25,0.133093532290131,0.132363117563793,0.00249582741454643,25,0.19769209453672,0.196542985821418,0.0216278227418675,25,0.0719061407134034,0.0718115418825212,0.000756137217010605,25,0.164489529705625,0.164112685131718,0.0252629425080415,25,0.159372100121909,0.161697770495851,0.0180233753598938,25,0.0656834026809495,0.0676708479418859,0.013197631333606,25,0.457942732310861,0.457502411464811,0.00601121194361826,25,0.137061903289934,0.136937361092236,0.00385249805787367,25,0.47802278628564,0.477652769224237,0.0065083724455482,25,0.0820142488310611,0.0821334253134034,0.000742855101886603,25,0.107463468799123,0.107931518012311,0.0031454757572896,25,1.07887620733036,1.07922962422996,0.0029149152102458,25,0.968695661480643,0.968663905094252,0.00143611050504046,25,11.8528400000022,11.3610000000044,3.74637710195026,25,11.8528400000022,11.3610000000044,3.74637710195026,25,0.0673200000001816,0.0670000000100117,0.00047609522795333,25,2.2048400000023,2.01399999999558,0.832444476628046,25,9.5806799999997,9.03499999998894,3.53742029026823,25
"refined","oracle_Z","mixture_identity_start","ifeval_min30","balanced_moderate_dense_signed_cross","Cross",200,1500,5,"2-2-2-2-2",0.085090280094724,0.0844593090269559,0.00343276631219506,25,0.14688233210199,0.146066836745904,0.00383039453348354,25,0.196218990166189,0.194857410763411,0.0159262406458245,25,0.0530015810422958,0.0529282734249852,0.000477669500273226,25,0.0685548873192569,0.0637303586266349,0.0209654332592142,25,0.0324073843457684,0.0325503989732946,0.00369238121273013,25,0.0350129879623946,0.0327796854931378,0.0113169846088267,25,0.328137783511857,0.326037749221088,0.00506262769549908,25,0.149688695082623,0.150148980492349,0.00489461548001691,25,0.360683368438921,0.358408743612804,0.00614258501598168,25,0.0550322142324545,0.0549798548877617,0.000339478794647654,25,0.0800024484549216,0.0802573553474712,0.00152247119305303,25,1.04676529341325,1.04608265531562,0.00249565974904424,25,0.983128188103468,0.983285244574473,0.00103897717247065,25,4.79603999999963,4.78600000000006,0.0995692723688369,25,4.79603999999963,4.78600000000006,0.0995692723688369,25,0.0677199999998993,0.0679999999993015,0.000541602560282263,25,0.391039999999921,0.365999999999985,0.0620171212920849,25,4.33727999999981,4.34599999999955,0.0901431824008005,25
"refined","oracle_Z","mixture_identity_start","ifeval_min30","balanced_moderate_dense_signed_cross","Cross",200,1500,5,"3-3-3-3-3",0.0945495891757221,0.094209606418675,0.0056302152285819,25,0.142755558532759,0.142828414943985,0.00572498871768322,25,0.177903515253633,0.167821388257404,0.0245495382123066,25,0.0569993543618193,0.0568696460202988,0.000807780641960593,25,0.155368376225028,0.154837651433498,0.0383849923084643,25,0.160778479996738,0.161067938169318,0.0321745990051012,25,0.0605194789930854,0.0587385269525858,0.0239486525421838,25,0.324143717525566,0.324928582445848,0.004766747527186,25,0.132194522215007,0.131200453629485,0.00476391371013323,25,0.350080846070224,0.350077419165302,0.00573209306744453,25,0.0583018928716179,0.0582099984681781,0.000466571497715954,25,0.0878252909771692,0.0879560647576786,0.00304943883099546,25,1.04325760485898,1.04391022728799,0.0019909344300402,25,0.983323254677948,0.983173835449379,0.00123544038440374,25,6.87980000000025,6.41200000000026,2.23677818897323,25,6.87980000000025,6.41200000000026,2.23677818897323,25,0.0695200000000477,0.0670000000027358,0.00729223331127254,25,0.749320000000589,0.704000000001543,0.243405649071625,25,6.06095999999961,5.54100000000108,2.24634919517593,25
"refined","oracle_Z","mixture_identity_start","ifeval_min30","balanced_moderate_dense_signed_cross","Cross",200,2000,10,"2-2-2-2-2-2-2-2-2-2",0.104195699105521,0.0946399326992456,0.0473511003053497,25,0.139433359363985,0.136956473023343,0.0130525127773932,25,0.198389715263957,0.193988091950164,0.0214246939185788,25,0.0663985332851064,0.0663850274233544,0.000594996626467871,25,0.0753359968945163,0.073534219467485,0.0299469514301541,25,0.0380928401129938,0.0330817248935805,0.0248177329866973,25,0.0388650855951791,0.0378737551986501,0.0172481699343975,25,0.455628688004337,0.455557961900763,0.00414690936955543,25,0.148313998009729,0.148221217670104,0.00520129032582354,25,0.479179241649428,0.478999407155828,0.00502887264747545,25,0.0769285142032636,0.0769425424210155,0.000521747414849759,25,0.0937609240475146,0.0931299820949341,0.00283116946775192,25,1.08071385729468,1.08054670919781,0.00250564655865355,25,0.969919786640281,0.969961270045971,0.00110172054590404,25,13.3807600000006,13.1460000000079,1.01571408706578,25,13.3807600000006,13.1460000000079,1.01571408706578,25,0.131120000000228,0.131000000001222,0.0011298967495807,25,2.10920000000013,2.11799999999494,0.579808732830887,25,11.1404400000002,10.7880000000005,0.994888062380496,25
"refined","oracle_Z","mixture_identity_start","ifeval_min30","balanced_moderate_dense_signed_cross","Cross",200,2000,10,"3-3-3-3-3-3-3-3-3-3",0.105157147427228,0.104590099512098,0.0043758338828081,25,0.132453443215966,0.13249658155841,0.00245272524044066,25,0.188933142229376,0.185299402515667,0.0189795252250212,25,0.0704254861345352,0.0704412298508583,0.000511228166261452,25,0.175469679300859,0.171145883272434,0.0245905917656686,25,0.17551301144416,0.17262175962632,0.0211179705479831,25,0.0668498908601788,0.0679994741027126,0.0164851754693732,25,0.446333087094823,0.446217397754384,0.00573857723401201,25,0.136211869686651,0.135382587426198,0.00439364413065083,25,0.466664428414891,0.466990845394236,0.00656341609890215,25,0.0807043362251635,0.0806974029384416,0.000467594429488628,25,0.0971434652551097,0.0973629962778711,0.00247516493706362,25,1.074849552421,1.07500438119922,0.00318676287051903,25,0.969549470647847,0.969586722165832,0.00125777166391651,25,13.7780799999973,13.3199999999924,4.51405987739372,25,13.7780799999973,13.3199999999924,4.51405987739372,25,0.0857599999988452,0.0859999999956926,0.000663324958498721,25,2.35651999999944,2.18500000001222,0.801262135634056,25,11.335799999999,11.0520000000106,4.29512956731135,25
"refined","oracle_Z","mixture_identity_start","ifeval_min30","balanced_moderate_dense_signed_cross","Cross",200,2000,5,"2-2-2-2-2",0.0780661601353693,0.0768924662718522,0.00435278869276387,25,0.146853599111365,0.146890533435881,0.00200740612643462,25,0.20396063844869,0.204730665094226,0.0319562018316973,25,0.052494816138289,0.0526064919353247,0.000481270663578985,25,0.0692637316728453,0.0733599823035687,0.0219437710964436,25,0.0342434677101043,0.0339781566399256,0.00339060151450594,25,0.0352365880148511,0.037810984095903,0.0118371716853694,25,0.32207715662274,0.32184936166869,0.0055494230448415,25,0.146771093209021,0.146894958090161,0.00613320168459247,25,0.353964813031698,0.354576552178606,0.00721944163846447,25,0.0543190870943431,0.0543942871584395,0.000325936759614194,25,0.0728619637981633,0.0727380910537843,0.00298108795170187,25,1.04467486791416,1.04481337006443,0.00268032135791388,25,0.983316088985452,0.983378870838899,0.00108566330531876,25,5.43656000000006,5.38400000000001,0.157524093395492,25,5.43656000000006,5.38400000000001,0.157524093395492,25,0.0862399999998524,0.0860000000002401,0.000663324958027972,25,0.450960000000086,0.405999999999949,0.102264558865706,25,4.89936000000012,4.88100000000031,0.109084019605808,25
"refined","oracle_Z","mixture_identity_start","ifeval_min30","balanced_moderate_dense_signed_cross","Cross",200,2000,5,"3-3-3-3-3",0.0870860710412517,0.0866893007163151,0.00350102126425327,25,0.140267140048949,0.139512543013146,0.00440793535479374,25,0.17872586439717,0.1751445145289,0.0179277421375242,25,0.0560095455245873,0.055982652643901,0.000517350007809599,25,0.144804985362916,0.141562324645065,0.0420984056126411,25,0.1498018988284,0.151743940717528,0.036663830509783,25,0.0475847500224727,0.0417156129677194,0.0219444289181468,25,0.32152926454841,0.322739535120725,0.00619076605899305,25,0.134237468111713,0.134599595504568,0.00415996434577905,25,0.348439664297244,0.349381695801941,0.00676786238055315,25,0.0575225145772212,0.0575277226157904,0.000473339502204418,25,0.0818674050245709,0.0820301184939109,0.00318778240286287,25,1.04329468219964,1.04369026237235,0.00256420434741499,25,0.983885557022566,0.983959208234624,0.00112973582370048,25,6.98075999999986,5.74299999999857,3.80907412503338,25,6.98075999999986,5.74299999999857,3.80907412503338,25,0.0859199999998964,0.0859999999993306,0.000640312423949488,25,0.712360000000044,0.691999999999098,0.249722325794019,25,6.18247999999992,5.11300000000119,3.76734888128677,25
"refined","oracle_Z","mixture_identity_start","ifeval_min30","balanced_moderate_dense_signed_cross","Cross",200,500,10,"2-2-2-2-2-2-2-2-2-2",0.162145123609094,0.14446492658121,0.0616799759079361,25,0.136980517010683,0.129990269964669,0.0233185798325518,25,0.197546943306419,0.19737650723298,0.0187036486243692,25,0.0759082152359534,0.0757752353432906,0.000999468452829469,25,0.0834697732408945,0.072496911417598,0.0486361328588817,25,0.030752903794271,0.0204538118669999,0.0364398772498934,25,0.043507211949701,0.0372867521861984,0.0267267647942618,25,0.547741259848729,0.547612106153586,0.0121009383074014,25,0.14799565863596,0.147613816630541,0.00565841744579142,25,0.567408321600526,0.566709312484654,0.0121754395160561,25,0.0893350133988007,0.0893777912468292,0.000982606066039822,25,0.160314923531568,0.1601129444499,0.00462733060756108,25,1.11446347269683,1.11441253187196,0.0066436453481098,25,0.962095344320968,0.962705867614388,0.00220869185932046,25,5.89028000000078,4.7390000000014,1.89623612981201,25,5.89028000000078,4.7390000000014,1.89623612981201,25,0.0358800000004703,0.0310000000026776,0.00740675367487883,25,1.0624000000002,1.0109999999986,0.323275037701862,25,4.79200000000012,3.84100000000035,1.72145696528664,25
"refined","oracle_Z","mixture_identity_start","ifeval_min30","balanced_moderate_dense_signed_cross","Cross",200,500,10,"3-3-3-3-3-3-3-3-3-3",0.167607963217499,0.168184190019748,0.00308299217138683,25,0.126114073530426,0.126122161004058,0.00323216994587603,25,0.182715757148348,0.180983270953536,0.0140261192039076,25,0.0820116507701034,0.0818692322959736,0.00058128186804262,25,0.16859309332986,0.159463217746759,0.0292820955355473,25,0.141793699729259,0.140075926247032,0.0189553285932435,25,0.070816526133806,0.0679851842875735,0.017955429567733,25,0.561182740295456,0.560743040254313,0.00933652237704964,25,0.149828792189295,0.146971421810647,0.00617905953562531,25,0.580862823294438,0.581303995278687,0.00986644453245827,25,0.0923113194428347,0.0924649032872406,0.000667988139824662,25,0.165090894760603,0.165022428076094,0.00334003302344022,25,1.12096457739496,1.12109964709345,0.00507816078001402,25,0.961770384763508,0.962085458648192,0.00209008864165936,25,9.27455999999831,8.59100000000035,3.41459690251295,25,9.27455999999831,8.59100000000035,3.41459690251295,25,0.0305199999990873,0.0309999999881256,0.000509901951605852,25,1.99108000000007,1.88999999999942,0.639280775559695,25,7.25295999999915,5.56500000000233,3.45268369629604,25
"refined","oracle_Z","mixture_identity_start","ifeval_min30","balanced_moderate_dense_signed_cross","Cross",200,500,5,"2-2-2-2-2",0.164667365983095,0.124049384760116,0.114621607940895,25,0.160529804889749,0.142221220674041,0.0515278212232421,25,0.193958080872471,0.183758229430484,0.031021905012316,25,0.0579673317214851,0.0578619994361866,0.00124240796674965,25,0.0948854161500055,0.0659409378879801,0.0851447719461404,25,0.0476630887836428,0.0242635765980866,0.0662037175547254,25,0.0505432022539802,0.0339125309737191,0.0484460523135093,25,0.369585499894833,0.367810771583144,0.00692299728350466,25,0.143410842953205,0.143570137560531,0.00533812889938127,25,0.396458185445706,0.395348115511206,0.00752671445260422,25,0.0606947903357819,0.0606064035964863,0.000668833811708873,25,0.124711689036372,0.125305485250259,0.00339230417304948,25,1.05552338990802,1.05570613112125,0.00349160041861882,25,0.97915076667911,0.978608674548938,0.00214291947616548,25,3.63460000000006,3.58500000000004,0.195793896738417,25,3.63460000000006,3.58500000000004,0.195793896738417,25,0.0302800000000389,0.0300000000002001,0.000458257569479786,25,0.450599999999977,0.402000000000044,0.167188765571495,25,3.15372000000005,3.16600000000017,0.0792619707047578,25
"refined","oracle_Z","mixture_identity_start","ifeval_min30","balanced_moderate_dense_signed_cross","Cross",200,500,5,"3-3-3-3-3",0.138812500442716,0.137624384689236,0.0041382212672263,25,0.137774928271874,0.136318733852458,0.00679241052811009,25,0.186675663700663,0.181755917776529,0.0295907588611586,25,0.0625423378563317,0.0626466572646911,0.0010804665529467,25,0.143745734503514,0.150258524173879,0.0382368744509241,25,0.13085120215329,0.138533970562674,0.0309783261573209,25,0.0599365176736962,0.0596523754923678,0.023641379239136,25,0.373058602425778,0.372672064423604,0.0111296281495958,25,0.132419238041175,0.132903885592398,0.00595496003897472,25,0.395886785480482,0.397035616775657,0.0118227135805887,25,0.0641584975771859,0.064338342762086,0.000782494311150961,25,0.133957748406981,0.13341096933449,0.00532647574479285,25,1.05546110559649,1.05635622141917,0.00489978143508046,25,0.979376473955065,0.97861415950486,0.0021397295735232,25,5.33772000000055,4.77199999999721,1.58058919710262,25,5.33772000000055,4.77199999999721,1.58058919710262,25,0.0307200000005832,0.0309999999990396,0.000541602560721671,25,0.730960000000487,0.629000000000815,0.267444461524254,25,4.57603999999948,3.93000000000029,1.53583624018523,25
"refined","oracle_Z","mixture_identity_start","ifeval_min30","balanced_moderate_dense_signed_cross","Cross",400,1000,10,"2-2-2-2-2-2-2-2-2-2",0.132759302754217,0.114418024094064,0.0656477902953274,25,0.100448297592842,0.0937417805447822,0.0247081913698589,25,0.145195739121023,0.143617585336391,0.0120794191215295,25,0.0592418510713778,0.0592896111841753,0.000533006326880486,25,0.0591126193847538,0.0471370046599984,0.0507453245938115,25,0.0228098747103884,0.0112938399803621,0.0405849083247081,25,0.0312328162383695,0.0243569512899632,0.0286920037921371,25,0.373787637061656,0.373543989333361,0.00405039460050186,25,0.11503267772852,0.114822619527891,0.00365545669295304,25,0.391097872908072,0.390727287085134,0.00464866803987961,25,0.0617872195477518,0.0617496803013858,0.000291514109202925,25,0.112789198004653,0.112696166599076,0.00204838049296225,25,1.05504854098444,1.0547886595608,0.00232570049251313,25,0.980717145758278,0.98073925208088,0.00116756281104168,25,11.0352000000008,10.8150000000023,0.995776455837136,25,11.0352000000008,10.8150000000023,0.995776455837136,25,0.338120000000345,0.3379999999961,0.00210792156713178,25,2.53572000000073,2.2780000000057,0.941440187513754,25,8.1613599999997,8.14899999999761,0.308776332210167,25
"refined","oracle_Z","mixture_identity_start","ifeval_min30","balanced_moderate_dense_signed_cross","Cross",400,1000,10,"3-3-3-3-3-3-3-3-3-3",0.144253042775183,0.12641297961861,0.0608922786338346,25,0.0973509735200912,0.0907222629411754,0.0238649082230458,25,0.135513356748239,0.136344458318449,0.0154159940636472,25,0.0626350335506458,0.0625984481612032,0.000569061951384412,25,0.0763407594946863,0.0746276139627554,0.0152623811586597,25,0.0508997244008359,0.0455163281115956,0.020948465714606,25,0.0331538883700712,0.0318646086564962,0.00697295949717729,25,0.355846858799256,0.355407844672722,0.00347092231471361,25,0.0987727964195939,0.0993029126350222,0.00361329603822007,25,0.369311443810228,0.369067148405112,0.00410903250782116,25,0.063876091942235,0.063775607361085,0.000373717266140756,25,0.117294428280285,0.11741625097186,0.00182272766125155,25,1.04742128469223,1.04750084409458,0.00157717611351409,25,0.981032847132245,0.981115677460903,0.000998630784464769,25,7.98056000000273,7.64599999999336,1.09271176742507,25,7.98056000000273,7.64599999999336,1.09271176742507,25,0.221240000001853,0.221000000005006,0.00252124308180053,25,2.74027999999933,2.31200000000536,0.922160394581158,25,5.01904000000155,4.68100000001141,0.894206327793877,25
"refined","oracle_Z","mixture_identity_start","ifeval_min30","balanced_moderate_dense_signed_cross","Cross",400,1000,5,"2-2-2-2-2",0.0943597683854995,0.093784607788086,0.00233203751688174,25,0.0994972463347692,0.0990462632916802,0.00229064611387362,25,0.147879460133807,0.146145789845714,0.0165652927024747,25,0.0437394479803123,0.043724832663481,0.00052095251094907,25,0.0500824554141143,0.0519650034256747,0.0120835813980546,25,0.0128138430696273,0.0127484332930889,0.00220005821856835,25,0.0258813536165899,0.0269713843188531,0.0062843584037844,25,0.269856103529542,0.269923459566244,0.0045339104037767,25,0.119136203968365,0.118347229289804,0.00518754816009128,25,0.295005437279263,0.294517547874615,0.00587296093104669,25,0.0427488371521049,0.0427772448304025,0.000364403361407112,25,0.0906464519370307,0.0901622025793488,0.00225546684660648,25,1.03322503362489,1.03359864139876,0.00182332459995664,25,0.990492227798308,0.990634968277203,0.000993218348649724,25,4.97692000000006,4.87599999999838,0.302074069283026,25,4.97692000000006,4.87599999999838,0.302074069283026,25,0.22359999999986,0.222999999999956,0.00294392028863682,25,0.690760000000228,0.566000000000713,0.291604223791716,25,4.06255999999998,4.0689999999995,0.0630284856236215,25
"refined","oracle_Z","mixture_identity_start","ifeval_min30","balanced_moderate_dense_signed_cross","Cross",400,1000,5,"3-3-3-3-3",0.104022718157063,0.103659400943482,0.002893021347659,25,0.0974911896052904,0.0964354654589867,0.00373253627854828,25,0.12786198876794,0.126762174602337,0.0147380021233335,25,0.0467275935189147,0.0466603004703419,0.000535972957192134,25,0.0641673812522272,0.0638016209593558,0.0116456546407358,25,0.0446718595256495,0.0440325542592213,0.011209042378445,25,0.0267415979413421,0.0264919201871916,0.00561819835641416,25,0.261980700235312,0.261734150361177,0.00619050647129448,25,0.10045825303451,0.0995921357966598,0.00451433524035553,25,0.280595713790106,0.28036596529344,0.00708187463875595,25,0.0448775938363101,0.0447802635543784,0.000381569982860775,25,0.0980178795546135,0.0975825717749586,0.00223364921011204,25,1.02910746765084,1.02904591423245,0.00237948625603939,25,0.990422632628867,0.99069734338632,0.00123923692950125,25,5.75848000000115,5.54199999999764,0.670878039089552,25,5.75848000000115,5.54199999999764,0.670878039089552,25,0.221920000000537,0.221999999997934,0.00160519988360768,25,1.07692000000025,1.00799999999799,0.370708883985825,25,4.45964000000036,4.17400000000271,0.619590649810786,25
"refined","oracle_Z","mixture_identity_start","ifeval_min30","balanced_moderate_dense_signed_cross","Cross",400,1500,10,"2-2-2-2-2-2-2-2-2-2",0.108867594337596,0.0992023915051685,0.0478953810983169,25,0.0977633243411199,0.0949595139379169,0.0150916108886288,25,0.149003867245611,0.149016939550869,0.00916673899304806,25,0.0559294439864895,0.0560233593967557,0.00046254399385093,25,0.0577645025595552,0.0513473273725993,0.0358107652371596,25,0.0202287627316689,0.0138933622108771,0.0305232738382361,25,0.0302549271902769,0.0265228279100846,0.0205413542927855,25,0.369930115386441,0.370588682545385,0.00502512119949864,25,0.123708291706005,0.123117484625031,0.00476014691433559,25,0.390080507488229,0.39050465637572,0.00605734681471504,25,0.0588013375985239,0.058742684260549,0.00029220880405372,25,0.0967825072834364,0.096915366635041,0.00169998529602822,25,1.05695519557369,1.05700045724264,0.00243289256825064,25,0.982983663365601,0.982868438329152,0.000795533014281645,25,13.5553199999986,13.0190000000002,1.62586935002015,25,13.5553199999986,13.0190000000002,1.62586935002015,25,0.442879999999423,0.442999999999302,0.00083266640015998,25,3.19603999999992,2.78600000000006,1.42815578865389,25,9.91639999999927,9.83400000000256,0.311754443967709,25
"refined","oracle_Z","mixture_identity_start","ifeval_min30","balanced_moderate_dense_signed_cross","Cross",400,1500,10,"3-3-3-3-3-3-3-3-3-3",0.117507212682347,0.107736181824264,0.0461273653276348,25,0.095431771781471,0.0914254948802099,0.0174753854042231,25,0.141563353215939,0.135220677391515,0.0164956199071754,25,0.0588830857624344,0.0588692604484694,0.000356956074042348,25,0.0708046430664369,0.070013729959152,0.0150536260245345,25,0.0506416592789764,0.0463944274299288,0.0217883498078415,25,0.0283808843066071,0.0275561011776874,0.00448197730101972,25,0.33951281009611,0.341260242318077,0.00448549131429102,25,0.102565373693514,0.102649382009665,0.00394623954513604,25,0.354678321505868,0.356507018532372,0.0052198634391343,25,0.0607884359509293,0.0608140323091907,0.000303107513212817,25,0.0995666597678602,0.0995890301392369,0.00190110549720778,25,1.04425029617818,1.04430476994798,0.00189283162053409,25,0.982826051429936,0.98284477891181,0.000819848294870716,25,9.29960000000021,9.02699999998731,1.42011616308861,25,9.29960000000021,9.02699999998731,1.42011616308861,25,0.287639999999665,0.288000000000466,0.0031342197334743,25,3.21072000000102,3.13399999999092,1.22410615416652,25,5.80123999999952,5.39999999999418,0.754586381183397,25
"refined","oracle_Z","mixture_identity_start","ifeval_min30","balanced_moderate_dense_signed_cross","Cross",400,1500,5,"2-2-2-2-2",0.080545790516499,0.0802960954105166,0.00184296553624335,25,0.10162894312379,0.101708477357148,0.00232882947850119,25,0.143641558293704,0.145814887885822,0.0156093347460937,25,0.0418295215725083,0.0418024684852503,0.000403590196132201,25,0.0432463342622552,0.0450522248661249,0.013419681559765,25,0.0154632374002994,0.0151616683799156,0.00250331309746058,25,0.0221732946617331,0.0232444128347069,0.00714297335249425,25,0.267146631868995,0.267416371457281,0.00523640850761321,25,0.125312023845726,0.124725964844709,0.0062361772907093,25,0.295103275737952,0.294291367355259,0.00708139978509339,25,0.0411351934202791,0.0410995527982,0.000351297133885423,25,0.0772139902070006,0.0772841425978461,0.00193854549910105,25,1.03361568899083,1.03329560743114,0.00217072768661879,25,0.990819129081594,0.990514416071831,0.0010954356980225,25,5.61299999999974,5.59599999999773,0.100368902886843,25,5.61299999999974,5.59599999999773,0.100368902886843,25,0.290200000000259,0.289000000000669,0.00402077936081711,25,0.608959999999643,0.567999999999302,0.0887540984971653,25,4.71383999999984,4.71500000000015,0.0856235364837099,25
"refined","oracle_Z","mixture_identity_start","ifeval_min30","balanced_moderate_dense_signed_cross","Cross",400,1500,5,"3-3-3-3-3",0.0885037013062932,0.087853066032205,0.00348972620721771,25,0.0976641295394561,0.0972280419450925,0.00297274952777357,25,0.137457820705699,0.12956793042854,0.0247966844534339,25,0.0445411330759764,0.044454409983616,0.000432574227118318,25,0.0677755059510732,0.0664426464828534,0.0145419540719096,25,0.0456697054855707,0.0436920993283377,0.00912333620582308,25,0.0273827912515717,0.0269282768276104,0.006963879182185,25,0.253232009153933,0.253868402499052,0.00530400112327656,25,0.102955732204962,0.103424962047921,0.00446084497134412,25,0.273378077714934,0.274708434923887,0.00619729292615456,25,0.0431142338948296,0.0432292492680873,0.000317904756016264,25,0.0844162233288147,0.0844651824927359,0.00248981640999401,25,1.02755684965942,1.02734543700173,0.00172074286217926,25,0.990777906071384,0.99052702770292,0.00107939007086992,25,6.36231999999945,6.09199999999691,0.666166878492035,25,6.36231999999945,6.09199999999691,0.666166878492035,25,0.289719999999797,0.290000000000873,0.00164620776310201,25,1.00431999999957,0.840000000000146,0.398645803523323,25,5.06828000000009,4.92199999999866,0.411864411346182,25
"refined","oracle_Z","mixture_identity_start","ifeval_min30","balanced_moderate_dense_signed_cross","Cross",400,2000,10,"2-2-2-2-2-2-2-2-2-2",0.100479501171579,0.0898088789303255,0.0521361368341701,25,0.0979451040895902,0.0948576414826562,0.0159948648406203,25,0.148629009657843,0.145895610974634,0.0132983530669427,25,0.0540185140100358,0.0539517769489489,0.000341427890441121,25,0.0565929115431618,0.0471212000109193,0.0400945281773434,25,0.0207149997231683,0.0151857444352051,0.0277723655654809,25,0.0294876635521263,0.0243566547851607,0.0221512169954289,25,0.363413340438399,0.363457530622264,0.0054659582268603,25,0.126660161168092,0.126537051417723,0.00585956437434186,25,0.384877276122635,0.385757060085291,0.00670645727223009,25,0.0570227534750697,0.057052478371128,0.000264212083739319,25,0.0866384572659507,0.0867635643143384,0.00132882284441651,25,1.05578224283527,1.05594632691264,0.00230583900451669,25,0.983671019789892,0.983550355656135,0.0008716919077792,25,14.9548400000014,14.6650000000081,1.01461350112685,25,14.9548400000014,14.6650000000081,1.01461350112685,25,0.547720000000263,0.547999999995227,0.000936304793351898,25,2.90932000000146,2.79700000000594,0.843507148753923,25,11.4977999999997,11.4709999999977,0.303800098750606,25
"refined","oracle_Z","mixture_identity_start","ifeval_min30","balanced_moderate_dense_signed_cross","Cross",400,2000,10,"3-3-3-3-3-3-3-3-3-3",0.0974761599562609,0.0979208509858009,0.00246309122503643,25,0.0914971382608805,0.091270464494026,0.00155448200785749,25,0.134442243844379,0.131804192026445,0.00990926571192427,25,0.0569554859347353,0.056991241578215,0.000286443137839961,25,0.0692615562170747,0.0694295904002731,0.00813432658479387,25,0.0514175329154919,0.05065723177848,0.00926151982076844,25,0.0271874728033574,0.0272281581042904,0.00460435280975608,25,0.332376404775067,0.331274222719038,0.00384123015994543,25,0.103841666130717,0.104030524061958,0.00350837716915545,25,0.348229357630649,0.347838900552256,0.00450251888649534,25,0.0591850549719034,0.0591789658181724,0.000270637118906268,25,0.0906984076587249,0.0907607671265127,0.001327174588889,25,1.043010228525,1.04277478304154,0.00151569948386731,25,0.983757676443606,0.983594039461409,0.000905794832759573,25,10.2686800000007,9.98699999999371,1.83730624193915,25,10.2686800000007,9.98699999999371,1.83730624193915,25,0.353239999998477,0.350999999995111,0.00529370695628801,25,3.10604000000283,2.80400000000373,1.13223692602964,25,6.80939999999944,6.11399999998685,1.45262259953132,25
"refined","oracle_Z","mixture_identity_start","ifeval_min30","balanced_moderate_dense_signed_cross","Cross",400,2000,5,"2-2-2-2-2",0.072835425034553,0.0721729650926492,0.0022562968210481,25,0.10232252717947,0.102165033897445,0.00202533557146082,25,0.147598742968838,0.140063786607947,0.0236142542846907,25,0.040776495440169,0.0407270652117656,0.00042501011814762,25,0.0495193273631776,0.0456227612363104,0.0210814943374247,25,0.0169691708379222,0.0168190857472773,0.00277147474496095,25,0.0253746355377397,0.0235345451659733,0.0111454002751797,25,0.264724401331166,0.263806937776448,0.00613992166387148,25,0.126862567204886,0.127147781684889,0.00521157246185584,25,0.293568296226644,0.292119567765878,0.00743302239761958,25,0.0402585122654861,0.0402220849025039,0.000285507470632826,25,0.0696912259847318,0.069999871040639,0.00183226893625898,25,1.03371549743193,1.03317316631718,0.00213031038596877,25,0.991332963776435,0.991239334905952,0.000742670815348128,25,6.38987999999961,6.38500000000022,0.105023537044007,25,6.38987999999961,6.38500000000022,0.105023537044007,25,0.356279999999897,0.358000000000175,0.00366878726573204,25,0.621039999999703,0.59099999999853,0.0857522983170067,25,5.41256000000001,5.41399999999885,0.0886026147092632,25
"refined","oracle_Z","mixture_identity_start","ifeval_min30","balanced_moderate_dense_signed_cross","Cross",400,2000,5,"3-3-3-3-3",0.0784585214279257,0.0786020870151977,0.00191010319209745,25,0.0978146263854361,0.0980129379965183,0.00301207869905496,25,0.134311765143839,0.130078022658641,0.0199675973889136,25,0.0432602586271404,0.0432464012793833,0.000427883071012178,25,0.071616748362412,0.0698262526919428,0.0119860285940684,25,0.0509744665243351,0.0503830539611987,0.00808916906555576,25,0.0290924543210308,0.0293361141967009,0.00675294358574465,25,0.246248481522504,0.246310441505858,0.00465039292699246,25,0.101883809512771,0.10261180951703,0.00473222422493242,25,0.266510290524675,0.26731495636701,0.00587629718813006,25,0.0421195520408921,0.042107383497214,0.000270415629834921,25,0.0766563908709583,0.0773468719859061,0.0019022575380762,25,1.02625104778869,1.0258892966982,0.00174488189771159,25,0.991264060271144,0.991075618943469,0.000743621997230462,25,7.45612000000037,7.03999999999724,1.08182197087507,25,7.45612000000037,7.03999999999724,1.08182197087507,25,0.360600000000268,0.359000000000378,0.00490747728777724,25,0.940840000000317,0.858000000000175,0.215043150709007,25,6.15467999999979,5.79299999999785,1.0687177176408,25
"refined","oracle_Z","mixture_identity_start","ifeval_min30","balanced_moderate_dense_signed_cross","Cross",400,500,10,"2-2-2-2-2-2-2-2-2-2",0.16007619069664,0.143286652237288,0.0600342674106632,25,0.098478465364503,0.0900989714918237,0.028597955708451,25,0.145909600291191,0.143372062096365,0.0109818653605227,25,0.0665157966138238,0.0666269039813939,0.000641525775266498,25,0.0590681173703083,0.0458423805780635,0.0502637781257114,25,0.022090588778018,0.0108447944033971,0.0389236785973162,25,0.0309843963539349,0.0233994777070273,0.0282403809494936,25,0.415501811658297,0.416475214198968,0.00504215229320149,25,0.106834512891819,0.105925784403697,0.00395896198368866,25,0.429034455747161,0.429808518843734,0.00502672342371329,25,0.0702436015144573,0.0703370237988816,0.000634485264825927,25,0.152722208801097,0.152802553494732,0.00206153711202579,25,1.06461493644296,1.06448325058451,0.00240122645890467,25,0.975741260307204,0.975627850540419,0.00143313235629352,25,9.2721199999997,8.94299999999203,0.980971173548361,25,9.2721199999997,8.94299999999203,0.980971173548361,25,0.180679999999993,0.180000000000291,0.00162583311889054,25,2.37147999999928,2.13999999999942,0.836674673932598,25,6.71996000000043,6.54699999999866,0.416681981051535,25
"refined","oracle_Z","mixture_identity_start","ifeval_min30","balanced_moderate_dense_signed_cross","Cross",400,500,10,"3-3-3-3-3-3-3-3-3-3",0.171723490674689,0.163638402975382,0.041160250219808,25,0.0914652486587833,0.0873049387892812,0.019960161388922,25,0.134097444992386,0.132312933503082,0.0152256960324034,25,0.0720979839937427,0.0720535337760124,0.000677774220022642,25,0.0658391749149429,0.0634419348225755,0.0118313070170394,25,0.0356524649455068,0.0326179859955396,0.0110343026249769,25,0.0329921011527776,0.0308315619048997,0.00826219454864085,25,0.412377153668363,0.413135232291916,0.00674595741105677,25,0.0974865644494804,0.0965787463734072,0.00342891058047639,25,0.42376054360173,0.424295428835461,0.00649707919501475,25,0.0718270363595019,0.0717912126595871,0.000683620134723602,25,0.15597580334983,0.157187377438177,0.00261270033497946,25,1.06327129891985,1.06353773099058,0.00284881790573724,25,0.976597687332767,0.976283758553027,0.00147922133596697,25,6.21823999999673,6.02000000000407,0.808251316113692,25,6.21823999999673,6.02000000000407,0.808251316113692,25,0.11907999999763,0.119000000006054,0.000909212113424321,25,2.17332000000111,1.92799999999988,0.750317528339943,25,3.92583999999799,3.79399999999441,0.379032285342111,25
"refined","oracle_Z","mixture_identity_start","ifeval_min30","balanced_moderate_dense_signed_cross","Cross",400,500,5,"2-2-2-2-2",0.121412812267944,0.122012229338847,0.00258816078235065,25,0.097431732063569,0.0978343327949201,0.00248197116960217,25,0.148950224171799,0.142311377812172,0.0203174399797397,25,0.0485918814007953,0.0485169195853531,0.000659516154197482,25,0.0464451051313946,0.0470549395295701,0.0133088102074884,25,0.00998093952602544,0.0100301669643111,0.0019599505908153,25,0.02397607792716,0.0243362406068262,0.00686809982396863,25,0.297156338511517,0.297124436168234,0.00501395973276135,25,0.11096515307836,0.110482269407159,0.00535344295091622,25,0.317222987490275,0.317048298512973,0.00615579849489077,25,0.047694214892247,0.0476916933343212,0.000572278642641266,25,0.122139853945229,0.122305506263709,0.00236658621822593,25,1.03673210865712,1.03758296749481,0.002020386043988,25,0.987443999414839,0.987484908755546,0.0012701561576553,25,4.23583999999988,4.16300000000047,0.257916116854595,25,4.23583999999988,4.16300000000047,0.257916116854595,25,0.120400000000009,0.119999999999891,0.00138443731045635,25,0.749159999999902,0.686000000000604,0.251796491900353,25,3.36627999999997,3.36100000000079,0.0721402107011332,25
"refined","oracle_Z","mixture_identity_start","ifeval_min30","balanced_moderate_dense_signed_cross","Cross",400,500,5,"3-3-3-3-3",0.150950102105384,0.137240266582918,0.0720618685727435,25,0.104095712588848,0.0951382701943208,0.0418825232037184,25,0.131214456839426,0.125807402874514,0.0184224502148489,25,0.0528451494575138,0.052802144586733,0.000536721921120611,25,0.0673255627224676,0.0659589858201382,0.0173743686764005,25,0.0399713058684355,0.0379845883078752,0.016934787035868,25,0.0319064992954447,0.0297946899716429,0.0125575020167129,25,0.294069800319228,0.294751271090079,0.00537936392588459,25,0.0957555809731334,0.0953355883129375,0.00410586706573901,25,0.30928099623578,0.308842877566228,0.00607316392694649,25,0.0498540240893266,0.0499339950193724,0.000391706241716792,25,0.128374525154897,0.128437035943672,0.0035308237438121,25,1.0339110316878,1.03342273571739,0.00262983238705286,25,0.987075833664573,0.987039779679659,0.00195145122806224,25,4.5798000000001,4.57500000000437,0.210187019896607,25,4.5798000000001,4.57500000000437,0.210187019896607,25,0.118999999999651,0.118999999998778,0.000816496580908418,25,0.937320000000182,0.950000000000728,0.207215009108111,25,3.52348000000027,3.5099999999984,0.0596092274739293,25
